{"nodes": [{"asin": "B00GYSMMDA", "name": "VicTsing MP3 Player Wireless FM Transmitter Modulator Car Kit with USB SD MMC LCD Remote Red", "imUrl": "http://ecx.images-amazon.com/images/I/41eq0n-7IrL._SY300_.jpg", "price": 12.59, "numReviews": 7, "groups": [0], "averageRating": 4.0, "salesRankCategory": "Cell Phones & Accessories", "salesRank": 97527}, {"asin": "B004BO2H20", "name": "Griffin Technology iTrip DualConnect for iPhone and iPod touch", "imUrl": "http://ecx.images-amazon.com/images/I/41Evv-r9lqL._SY300_.jpg", "price": 12.95, "numReviews": 46, "groups": [1], "averageRating": 2.9782608695652173, "salesRankCategory": "Cell Phones & Accessories", "salesRank": 46061}, {"asin": "B003VZU41G", "name": "1 W Fail-Safe Long Range FM Transmitter - TX-01S : Toggle from 0.1 W to 1.0 W Power Levels", "imUrl": "http://ecx.images-amazon.com/images/I/41FuXjtzciL._SX300_.jpg", "price": 179.95, "numReviews": 13, "groups": [2], "averageRating": 4.769230769230769, "salesRankCategory": "Cell Phones & Accessories", "salesRank": 246038}, {"asin": "B002DW3YBA", "name": "Monster MON129392 AI 1000 FM-CH V2 iPod/iPhone iCarPlay Wireless 1000 FM Transmitter - Deluxe Car Kit - Retail Packaging - Black", "imUrl": "http://ecx.images-amazon.com/images/I/41rOlUobwaL._SY300_.jpg", "price": 15.99, "numReviews": 75, "groups": [3], "averageRating": 2.1733333333333333, "brand": "Monster"}, {"asin": "B003U4P2DI", "name": "GSI Super Quality Mini FM Transmitter/Modulator + Car Charger Cigarette Lighter Port Kit + Full Function Remote Control - LCD Display, For Apple iPhone 3G/3GS/4G, iPod Nano, Touch, Video, Classic", "imUrl": "http://ecx.images-amazon.com/images/I/31CVKfJZwNL._SY300_.jpg", "price": 4.0, "numReviews": 9, "groups": [4], "averageRating": 3.4444444444444446}, {"asin": "B00HB742Y0", "name": "White 30 Pin to 8 Pin 3.5mm audio adapter Converter FM Radio Transmitter for iPhone 5,iPhone 5c,iPone 5s,iPod Touch,iPod Nano", "imUrl": "http://ecx.images-amazon.com/images/I/31Y0yPXpIgL._SY300_.jpg", "price": 10.99, "numReviews": 2, "groups": [5], "averageRating": 3.0}, {"asin": "B00F365T9I", "name": "Generic Green LCD Car Kit Mp3 Player Wireless Fm Transmitter Modulator with Remote USB Tf", "imUrl": "http://ecx.images-amazon.com/images/I/41FSSjMl4pL._SY300_.jpg", "price": 9.4, "numReviews": 3, "groups": [6], "averageRating": 3.6666666666666665, "brand": "Generic"}, {"asin": "B000FCP52G", "name": "Maxell P-4A Digital iPod FM Transmitter", "imUrl": "http://ecx.images-amazon.com/images/I/41aDhth9pFL._SY300_.jpg", "price": 13.0, "numReviews": 1, "groups": [7], "averageRating": 1.0, "brand": "Maxell"}, {"asin": "B003FNQHOW", "name": "Whole House FM Transmitter 2.0", "imUrl": "http://ecx.images-amazon.com/images/I/41OatDuP-2L._SY300_.jpg", "price": 99.99, "numReviews": 71, "groups": [8], "averageRating": 3.464788732394366}, {"asin": "B0083IRH1Q", "name": "Supersonic-IQ-207-WIRELESS FM TRANSMITTER WITH 1.4\" DISPLAY-USB and SD Card-SD/MMC card, USB Flash-Plays MP3/WMA(RED)", "imUrl": "http://ecx.images-amazon.com/images/I/41QU0Sn-RHL._SY300_.jpg", "price": 12.99, "numReviews": 1, "groups": [9], "averageRating": 2.0, "brand": "Supersonic"}, {"asin": "B00448A5P4", "name": "Belkin TuneCast Universal Adapter -F8M066-P", "imUrl": "http://ecx.images-amazon.com/images/I/41NoT7qXiRL._SY300_.jpg", "price": 19.9, "numReviews": 54, "groups": [10], "averageRating": 1.8333333333333333}, {"asin": "B001MQ0ROU", "name": "August CR100 FM Transmitter with 3.5mm In / USB Port / Card Reader - In Car MP3 Player for Smartphones and Tablets - Apple / Android / Blackberry Compatible", "imUrl": "http://ecx.images-amazon.com/images/I/41HqfjcxCBL._SY300_.jpg", "price": 8.95, "numReviews": 117, "groups": [11], "averageRating": 2.948717948717949}, {"asin": "B000EF1820", "name": "Belkin TuneBase FM Transmitter for iPod with Dock Connector (Black)", "imUrl": "http://ecx.images-amazon.com/images/I/41J9TXB4P1L._SY300_.jpg", "price": 49.99, "numReviews": 156, "groups": [12], "averageRating": 2.891025641025641}, {"asin": "B000MQCTPQ", "name": "Belkin TuneCast Auto for Samsung T9 (F8M025)", "imUrl": "http://ecx.images-amazon.com/images/I/41bFQ5g%2BUsL._SY300_.jpg", "price": 10.04, "numReviews": 9, "groups": [13], "averageRating": 2.5555555555555554}, {"asin": "B00290WT12", "name": "BELKIN USB Car Charger for MP3 Player - iPod...", "imUrl": "http://ecx.images-amazon.com/images/I/51s0qdWWcmL._SY300_.jpg", "price": 0.25, "numReviews": 2, "groups": [14], "averageRating": 1.0, "salesRankCategory": "Cell Phones & Accessories", "salesRank": 467464}, {"asin": "B0000E6I1N", "name": "C. Crane FMT Digital FM Transmitter with AC Adapter", "imUrl": "http://ecx.images-amazon.com/images/I/41QTSTVC3TL._SX300_.jpg", "price": 49.95, "numReviews": 196, "groups": [15], "averageRating": 3.3010204081632653}, {"asin": "B0077QHF1C", "name": "SainSonic Multi-Function Car MP3 Player (Blue Display)", "imUrl": "http://ecx.images-amazon.com/images/I/315HCcNp1cL._SY300_.jpg", "price": 13.2, "numReviews": 379, "groups": [16], "averageRating": 3.1029023746701845, "brand": "SainSonic"}, {"asin": "B00F4WLITG", "name": "E-PRANCE New 0.8\" LCD Car FM Transmitter w/ 3.5mm Plug for iPhone iPad iPod Smart Phones MP3 Player", "imUrl": "http://ecx.images-amazon.com/images/I/4123pbCAbQL._SY300_.jpg", "price": 7.99, "numReviews": 4, "groups": [17], "averageRating": 2.5}, {"asin": "B008M0KUM8", "name": "FlyPower Blue LCD Car Kit MP3 Player Wireless FM Transmitter USB SD MMC With Remote", "imUrl": "http://ecx.images-amazon.com/images/I/418yWYAIRtL._SY300_.jpg", "price": 13.66, "numReviews": 15, "groups": [18], "averageRating": 2.6666666666666665}, {"asin": "B00009Q989", "name": "Griffin iTrip FM Transmitter for 1G & 2G iPod", "imUrl": "http://ecx.images-amazon.com/images/I/31D0894DX5L._SX300_.jpg", "price": 11.99, "numReviews": 46, "groups": [19], "averageRating": 2.847826086956522}, {"asin": "B004BJCXSS", "name": "ATC Wireless FM Transmitter + Car Adapter Charger for iPod Touch, iPhone, Nano, Classic, + MORE! Charge your iPod / iPhone while using FM transmitter! 4GB, 8GB, 16GB, 32GB, 64GB, 120GB, 160GB", "imUrl": "http://ecx.images-amazon.com/images/I/41Oogm6f7VL._SY300_.jpg", "price": 11.99, "numReviews": 7, "groups": [20], "averageRating": 3.857142857142857}, {"asin": "B003II9MPA", "name": "Griffin iTrip Auto for iPhone and iPod 4th Gen 1 Amp Rating", "imUrl": "http://ecx.images-amazon.com/images/I/31R%2BrHkdJFL._SX300_.jpg", "price": 19.99, "numReviews": 160, "groups": [21], "averageRating": 2.99375}, {"asin": "B008UOQC64", "name": "Wireless FM Transmitter Car Audio for Apple All iPhone iPod, MP3 Cell Phones Black---Support Hands free", "imUrl": "http://ecx.images-amazon.com/images/I/41U8l2It5KL._SY300_.jpg", "price": 7.99, "numReviews": 1, "groups": [22], "averageRating": 1.0}, {"asin": "B0010K7F8E", "name": "Griffin Technology RoadTrip FM Transmitter & Auto Charger and Cradle for iPod", "imUrl": "http://ecx.images-amazon.com/images/I/31FKqY9qhrL._SY300_.jpg", "price": 14.49, "numReviews": 8, "groups": [23], "averageRating": 3.5}, {"asin": "B0040GY35S", "name": "(GRIFFIN) iTrip Auto Universal Plus FM Transmitter and Car Charger", "imUrl": "http://ecx.images-amazon.com/images/I/31Fd%2Bu14oRL._SX300_.jpg", "price": 37.68, "numReviews": 4, "groups": [24], "averageRating": 3.0}, {"asin": "B008CK5F1O", "name": "BestDealUSA Car MP3 Player Bluetooth FM Transmitter Extend USB/SD/MMC Kits", "imUrl": "http://ecx.images-amazon.com/images/I/41%2BZsrBJ1eL._SY300_.jpg", "price": 2.52, "numReviews": 3, "groups": [25], "averageRating": 2.6666666666666665}, {"asin": "B008O16GQY", "name": "Ebest - 4 in 1 Car MP3 Player with FM Transmitters Car Charger Card Reader, Round Design -- 4GB(T853-N)", "imUrl": "http://ecx.images-amazon.com/images/I/41V7PlTKTaL._SX342_.jpg", "price": 13.2, "numReviews": 1, "groups": [26], "averageRating": 3.0}, {"asin": "B000EF3D4Q", "name": "DLO TransPod All-in-One Car Solution for iPod (Black)", "imUrl": "http://ecx.images-amazon.com/images/I/31YrZUqMOXL._SY300_.jpg", "price": 49.99, "numReviews": 156, "groups": [27], "averageRating": 3.5705128205128207}, {"asin": "B00HA8TQ4Q", "name": "Wmicro FM Transmitter Car Charger Car Cigar Lighter for iPhone 5/5S/5C, iPad 4, iPad Air, iPad Mini 2, iPod Touch 5 iPod nano 7", "imUrl": "http://ecx.images-amazon.com/images/I/41MFRNF-yZL._SY300_.jpg", "price": 12.99, "numReviews": 3, "groups": [28], "averageRating": 3.6666666666666665}, {"asin": "B008MTR8FQ", "name": "Car Kit FM Transmitter Modulator USB MP3 Player Handsfree Bluetooth w/ Remote", "imUrl": "http://ecx.images-amazon.com/images/I/414ecRUVC9L._SY300_.jpg", "price": 8.79, "numReviews": 1, "groups": [29], "averageRating": 2.0}, {"asin": "B004P3NGCC", "name": "GSI Super Quality In-Car Wireless Hands-Free FM Modulator-Transmitter for MP3/MP4/CD/DVD Players - SD/Memory Card/Flash Slot/USB Port - LCD Display - Cigarette Lighter Plug - Includes Remote Control", "imUrl": "http://ecx.images-amazon.com/images/I/41hL24i9VLL._SX300_.jpg", "price": 9.99, "numReviews": 22, "groups": [30], "averageRating": 2.590909090909091}, {"asin": "B0091PDD9A", "name": "Car Kit MP3 Player Wireless FM Transmitter Modulator USB SD MMC LCD Remote Red", "imUrl": "http://ecx.images-amazon.com/images/I/31nN66feQeL._SY300_.jpg", "price": 14.89, "numReviews": 3, "groups": [31], "averageRating": 1.6666666666666667}, {"asin": "B00CM2VPMQ", "name": "Signstek 0.5 W 05B Dual Mode Long Range Stereo Broadcast Home FM Transmitter with Antenna and Free Audio Cable*Fashion Black*", "imUrl": "http://ecx.images-amazon.com/images/I/41tvhIjVQIL._SX300_.jpg", "price": 54.9, "numReviews": 8, "groups": [32], "averageRating": 3.75, "salesRankCategory": "Cell Phones & Accessories", "salesRank": 91217}, {"asin": "B000WW1YVU", "name": "Belkin TuneBase FM Transmitter with ClearScan for iPod", "imUrl": "http://ecx.images-amazon.com/images/I/41lob3jyJGL._SY300_.jpg", "price": 53.48, "numReviews": 254, "groups": [33], "averageRating": 2.838582677165354}, {"asin": "B0002D6PNQ", "name": "Sonnett Podfreq FM Transmitter for iPod", "imUrl": "http://ecx.images-amazon.com/images/I/31RKN7T62HL._SY300_.jpg", "price": 7.99, "numReviews": 17, "groups": [34], "averageRating": 3.6470588235294117}, {"asin": "B005M0C6NM", "name": "BestDealUSA Car FM Transmitter Modulator Player MP3 Player - Blue", "imUrl": "http://ecx.images-amazon.com/images/I/41jwk0FadsL._SY300_.jpg", "price": 4.15, "numReviews": 19, "groups": [35], "averageRating": 2.5789473684210527}, {"asin": "B000Q9GKM2", "name": "i.Sound Wireless FM Transmitter (Black)", "imUrl": "http://ecx.images-amazon.com/images/I/31M792oiPGL._SY300_.jpg", "price": 24.0, "numReviews": 8, "groups": [36], "averageRating": 2.875}, {"asin": "B004XW58VM", "name": "Naxa NA-3030 MP3/WMA FM Modulator/Transmitter with LCD Screen, USB & SD Inputs & Built-In 4GB Flash Memory", "imUrl": "http://ecx.images-amazon.com/images/I/21WZFAFJM9L._SY300_.jpg", "price": 9.54, "numReviews": 5, "groups": [37], "averageRating": 4.2}, {"asin": "B00008SB1D", "name": "Belkin TuneCast Mobile FM Transmitter", "imUrl": "http://ecx.images-amazon.com/images/I/41M5DQCV7QL._SY300_.jpg", "price": 35.0, "numReviews": 123, "groups": [38], "averageRating": 2.2601626016260163}, {"asin": "B0036ZC9KA", "name": "New Black All Channel FM Transmitter + DC Auto Car Charger for iPod Touch 2nd 3rd Gen / iPhone 3G / iPhone 3Gs 16GB / 32GB", "imUrl": "http://ecx.images-amazon.com/images/I/51mZIbT2q-L._SY300_.jpg", "price": 6.99, "numReviews": 40, "groups": [39], "averageRating": 3.1}, {"asin": "B003CE7J3W", "name": "Belkin TuneBase II FM Transmitter and Charger for Apple iPod", "imUrl": "http://ecx.images-amazon.com/images/I/411oSak5vrL._SY300_.jpg", "price": 53.48, "numReviews": 3, "groups": [40], "averageRating": 3.6666666666666665}, {"asin": "B007ZD8RGO", "name": "Fail-Safe 100mW/500mW Long Range FM Transmitter - Premium Grade Bundle Includes CZH-05B with Phihong Premium Grade PSM15U-120E Power Supply and Choseal 3.5 mm Audio Cable", "imUrl": "http://ecx.images-amazon.com/images/I/41EForxhplL._SX300_.jpg", "price": 84.99, "numReviews": 23, "groups": [41], "averageRating": 4.695652173913044}, {"asin": "B003U4LEY4", "name": "GSI Super Quality Mini FM Transmitter/Modulator - LCD Display, For Apple iPhone 3G/3GS/4G, iPod Nano, Touch, Video, Classic", "imUrl": "http://ecx.images-amazon.com/images/I/316ZFESXsYL._SX300_.jpg", "price": 11.99, "numReviews": 16, "groups": [42], "averageRating": 3.4375}, {"asin": "B006YGKS7Y", "name": "Fail-Safe 10 W Long Range FM Transmitter - CZH-10A - Adjustable from 0 to 10 Watts", "imUrl": "http://ecx.images-amazon.com/images/I/41QA7yiCcyL._SX300_.jpg", "price": 70.29, "numReviews": 1, "groups": [43], "averageRating": 5.0}, {"asin": "B000EMDOD4", "name": "Belkin TuneFM Transmitter for iPod (Black)", "imUrl": "http://ecx.images-amazon.com/images/I/31MDMAAGWYL._SY300_.jpg", "price": 39.49, "numReviews": 50, "groups": [44], "averageRating": 3.6}, {"asin": "B000LK3DPS", "name": "Belkin TuneBase FM Transmitter for iPod nano 1G, 2G (Black)", "imUrl": "http://ecx.images-amazon.com/images/I/31lFHBYvc7L._SY300_.jpg", "price": 14.95, "numReviews": 14, "groups": [45], "averageRating": 3.0}, {"asin": "B00HIATW04", "name": "iClever IC-F27 In Car Universal Wireless FM Transmitter with USB Car Charger for Smartphone, MP3 MP4 and any Audio Player with 3.5mm Audio Jack including iPhone 5/5s/4/4s/Samsung S3 S4, HTC one, Motorola Droid X, Nokia Lumia 520/900/1020, iPod, iPod Touch", "imUrl": "http://ecx.images-amazon.com/images/I/41AUE2fjSUL._SY300_.jpg", "price": 19.59, "numReviews": 65, "groups": [46], "averageRating": 4.153846153846154}, {"asin": "B000EMBNSC", "name": "Belkin TuneFM for iPod nano 2G (Black)", "imUrl": "http://ecx.images-amazon.com/images/I/41pojzYWfiL._SY300_.jpg", "price": 14.32, "numReviews": 9, "groups": [47], "averageRating": 1.7777777777777777}, {"asin": "B003FO4UHW", "name": "0.5 W Fail-Safe Long Range FM Transmitter - FS CZH-05B - Newly Revised: Dual Mode now with RCA Inputs", "imUrl": "http://ecx.images-amazon.com/images/I/41ZQfT5arXL._SX300_.jpg", "price": 79.99, "numReviews": 235, "groups": [48], "averageRating": 4.497872340425532}, {"asin": "B0041EAYTS", "name": "GSI Super Quality In-Car Wireless Hands-Free FM Modulator-Transmitter for MP3/MP4/iPod/CD/DVD Players - SD/Memory Card/Flash Slot/USB Port - LCD Display - Cigarette Lighter Plug - Includes IR Remote Control", "imUrl": "http://ecx.images-amazon.com/images/I/510CApO1cpL._SY300_.jpg", "price": 5.32, "numReviews": 16, "groups": [49], "averageRating": 1.75, "brand": "GSI"}, {"asin": "B008MTS7CE", "name": "Handsfree USB Car Kit FM Transmitter Modulator MP3 Player Bluetooth w/ Remote", "imUrl": "http://ecx.images-amazon.com/images/I/41qTsYhlvxL._SY300_.jpg", "price": 8.79, "numReviews": 1, "groups": [50], "averageRating": 1.0}, {"asin": "B005ZG2XVS", "name": "GSI Super Quality In-Car Wireless Hands-Free FM Transmitter MP3 Player With Micro SD Card Slot And USB Port - LCD Display - Cigarette Lighter Plug - Includes Remote Control", "imUrl": "http://ecx.images-amazon.com/images/I/31Byft74vgL._SX300_.jpg", "price": 3.56, "numReviews": 9, "groups": [51], "averageRating": 1.3333333333333333}, {"asin": "B008271BYW", "name": "AUVIO Universal Full Band FM Transmitter 12-962", "imUrl": "http://ecx.images-amazon.com/images/I/21ANz0RoOcL.jpg", "price": 39.99, "numReviews": 4, "groups": [52], "averageRating": 2.0}, {"asin": "B00119T3I4", "name": "Monster iCarPlay Wireless 250 FM Transmitter with AutoScan for iPod and iPhone FM Transmitter/Charger-A IP FM-CH 250", "imUrl": "http://ecx.images-amazon.com/images/I/41VGNVZsClL._SY300_.jpg", "price": 19.95, "numReviews": 21, "groups": [53], "averageRating": 2.238095238095238}, {"asin": "B004HJ782I", "name": "Pyle PIMPTR5R Plug In Car Gooseneck Mount FM Transmitter with Built-In SD/USB/MP3 (Red)", "imUrl": "http://ecx.images-amazon.com/images/I/41vxAcoqVLL._SX300_.jpg", "price": 19.61, "numReviews": 1, "groups": [54], "averageRating": 1.0, "brand": "Pyle"}, {"asin": "B0091ZD8FE", "name": "LCD Screen Blue Car MP3 Player FM Transmitter Modulator USB SD Card Slot", "imUrl": "http://ecx.images-amazon.com/images/I/51BhQ9iFUEL._SY300_.jpg", "price": 6.69, "numReviews": 1, "groups": [55], "averageRating": 3.0}, {"asin": "B0002WTK48", "name": "Griffin Technology 4030-ROAD RoadTrip FM Transmitter and Auto Charger and Cradle for iPod", "imUrl": "http://ecx.images-amazon.com/images/I/31cFX1ckB-L._SY300_.jpg", "price": 16.69, "numReviews": 254, "groups": [56], "averageRating": 3.6929133858267718}, {"asin": "B000EEZ2R8", "name": "Belkin TuneBase FM Transmitter for iPod nano 1G (Black)", "imUrl": "http://ecx.images-amazon.com/images/I/31CQNDME9BL._SY300_.jpg", "price": 59.99, "numReviews": 54, "groups": [57], "averageRating": 2.9444444444444446}, {"asin": "B00C591116", "name": "LH-100 Wireless FM Transmitter Modulator Car Kit MP3 Player SD MMC LCD USB", "imUrl": "http://ecx.images-amazon.com/images/I/41AOFf47gzL._SY300_.jpg", "price": 7.95, "numReviews": 2, "groups": [58], "averageRating": 2.0, "salesRankCategory": "Cell Phones & Accessories", "salesRank": 476903}, {"asin": "B002OSXTPE", "name": "Philips DLV92009 TransCast FM Transmitter (Open Box)", "imUrl": "http://ecx.images-amazon.com/images/I/41wVN9Ijb-L._SY300_.jpg", "price": 7.95, "numReviews": 16, "groups": [59], "averageRating": 3.0625}, {"asin": "B003XIBWEE", "name": "NEEWER Apple iPod iPhone Accessories. Wireless FM Transmitter with remote and Car Charger for Apple iPod Touch iPod Classic and APPLE iPhone 4. Full Range Frequency", "imUrl": "http://ecx.images-amazon.com/images/I/412MrT5mYsL._SY300_.jpg", "price": 17.19, "numReviews": 125, "groups": [60], "averageRating": 3.008, "salesRankCategory": "Cell Phones & Accessories", "salesRank": 102184}, {"asin": "B004Q3NJ8W", "name": "Celltronix 06-CE-2152 Universal FM Transmitter for iPod/MP3 Player", "imUrl": "http://ecx.images-amazon.com/images/I/41p2sty33-L._SY300_.jpg", "price": 7.95, "numReviews": 2, "groups": [61], "averageRating": 3.0}, {"asin": "B001DQL66M", "name": "Griffin iTrip FM Transmitter with Auto Dock Connector Cable Attach for iPod (Silver/Black)", "imUrl": "http://ecx.images-amazon.com/images/I/31FXbNQr%2BiL._SX300_.jpg", "price": 15.99, "numReviews": 167, "groups": [62, 63], "averageRating": 3.44311377245509, "salesRankCategory": "Cell Phones & Accessories", "salesRank": 4043}, {"asin": "B0088LFV66", "name": "BestDealUSA Wireless Universal Audio Jack FM Stereo FM Transmitter with Car Charger-Black", "imUrl": "http://ecx.images-amazon.com/images/I/41Tytj2nS8L._SY300_.jpg", "price": 10.95, "numReviews": 16, "groups": [64], "averageRating": 2.6875}, {"asin": "B000VCZ84K", "name": "Kensington LiquidFM Transmitter for iPod", "imUrl": "http://ecx.images-amazon.com/images/I/31vBfSrMsVL._SY300_.jpg", "price": 7.99, "numReviews": 25, "groups": [65], "averageRating": 1.44}, {"asin": "B004OTF6PW", "name": "Satechi Wireless FM transmitter with LCD Display for AT&T and Verizon iPhone 4S, 4, 3GS, 3G, iPod Touch G1,G2,G3,G4, iPod Classic, iPod Nano G3, G4, G5", "imUrl": "http://ecx.images-amazon.com/images/I/41sHCMuVIkL._SY300_.jpg", "price": 29.99, "numReviews": 71, "groups": [66], "averageRating": 3.704225352112676}, {"asin": "B00A8DEAYG", "name": "FlyPower Green LCD Car Kit MP3 Player Wireless FM Transmitter USB SD MMC With Remote", "imUrl": "http://ecx.images-amazon.com/images/I/51nD20wD-aL._SX300_.jpg", "price": 12.5, "numReviews": 3, "groups": [67], "averageRating": 2.6666666666666665}, {"asin": "B0001FV2YM", "name": "Belkin TuneCast II FM Transmitter for MP3 Players (White)", "imUrl": "http://ecx.images-amazon.com/images/I/41Z5565YE9L._SY300_.jpg", "price": 10.04, "numReviews": 126, "groups": [68], "averageRating": 2.261904761904762}, {"asin": "B003D2FOO4", "name": "Car FM Transmitter for MP3 Player,iPod USB SD MMC Slot", "imUrl": "http://ecx.images-amazon.com/images/I/51wzD8Fhk8L._SY300_.jpg", "price": 3.26, "numReviews": 37, "groups": [69], "averageRating": 2.054054054054054}, {"asin": "B002ONSG6G", "name": "Wireless USB MP3 Car FM ??\u02c6Blue??\u2030", "imUrl": "http://ecx.images-amazon.com/images/I/51GcuDIec4L._SY300_.jpg", "price": 4.15, "numReviews": 6, "groups": [70], "averageRating": 2.3333333333333335}, {"asin": "B000BREQN4", "name": "Griffin Technology iTrip FM Transmitter for iPod (White)", "imUrl": "http://ecx.images-amazon.com/images/I/314ASDFPEPL._SX300_.jpg", "price": 21.95, "numReviews": 223, "groups": [71], "averageRating": 3.1479820627802693}, {"asin": "B003ZX4QXG", "name": "Pyle PMP3R2 Mobile SD/USB/MP3 Compatible Player with Built-In FM Transmitter (Red)", "imUrl": "http://ecx.images-amazon.com/images/I/51jV%2BN3TwhL._SY300_.jpg", "price": 12.96, "numReviews": 188, "groups": [72], "averageRating": 3.0851063829787235, "brand": "Pyle"}, {"asin": "B0067KYQF2", "name": "Pyle PLFMTR4 Mobile MP3/MP4/USB & Micro SD Player FM Transmitter", "imUrl": "http://ecx.images-amazon.com/images/I/41PlRk%2BF4WL._SX300_.jpg", "price": 10.29, "numReviews": 4, "groups": [73], "averageRating": 2.0, "brand": "Pyle"}, {"asin": "B001Q8WYSQ", "name": "Car MP3 FM Transmitter - Modulator with Steering Remote, USB key port and SD/MMC card slot", "imUrl": "http://ecx.images-amazon.com/images/I/415EbC76L4L._SX300_.jpg", "price": 29.95, "numReviews": 1, "groups": [74], "averageRating": 3.0}, {"asin": "B0053H1WAC", "name": "Mobile Black Box V6000 Fm Audio Transmitter", "imUrl": "http://ecx.images-amazon.com/images/I/41FU51gudBL._SY300_.jpg", "price": 124.99, "numReviews": 5, "groups": [75], "averageRating": 4.2}, {"asin": "B005BOMYWC", "name": "Scosche FMTD7  Digital FM Transmitter for iPod", "imUrl": "http://ecx.images-amazon.com/images/I/414mOGiaPCL._SY300_.jpg", "price": 47.95, "numReviews": 41, "groups": [76], "averageRating": 3.5121951219512195, "brand": "Scosche"}, {"asin": "B0013XYT6Y", "name": "Roadtrip FM Transmitter for iPhone and iPod with Smartscan", "imUrl": "http://ecx.images-amazon.com/images/I/41-o%2BFtOGxL._SY300_.jpg", "price": 37.99, "numReviews": 5, "groups": [77], "averageRating": 3.6, "salesRankCategory": "Cell Phones & Accessories", "salesRank": 308828}, {"asin": "B003FPOVCK", "name": "Car and Driver CD-240 Universal FM Transmitter (Black)", "imUrl": "http://ecx.images-amazon.com/images/I/41XpHpXtUjL._SX300_.jpg", "price": 29.0, "numReviews": 1, "groups": [78], "averageRating": 2.0}, {"asin": "B00GJEO8HC", "name": "Car Mp3 Player LCD Display Wireless with Fm Transmitter (Black)", "imUrl": "http://ecx.images-amazon.com/images/I/41X9nv4tH0L._SY300_.jpg", "price": 8.17, "numReviews": 11, "groups": [79], "averageRating": 3.1818181818181817}, {"asin": "B000WW1YW4", "name": "Belkin Tunecast Auto for Apple iPod", "imUrl": "http://ecx.images-amazon.com/images/I/416SQWytnAL._SY300_.jpg", "price": 10.75, "numReviews": 6, "groups": [80], "averageRating": 1.8333333333333333}, {"asin": "B002E9HI0A", "name": "iCarPlay 500 FM Transmitter", "imUrl": "http://ecx.images-amazon.com/images/I/31w0tj23jfL._SX300_.jpg", "price": 12.95, "numReviews": 30, "groups": [81], "averageRating": 3.0}, {"asin": "B0047T79S6", "name": "Belkin F8Z442-P Tunebase Direct with Handsfree", "imUrl": "http://ecx.images-amazon.com/images/I/41YzQyURWML._SY300_.jpg", "price": 28.99, "numReviews": 7, "groups": [82], "averageRating": 1.4285714285714286}, {"asin": "B00JSWHN7Y", "name": "Wireless Rechargeable FM Transmitter Car Audio for iPhone 4 4S 5 iPod Touch iPad2 3 4 ipad mini MP3 Player Samsung HTC Smartphones Cell Phones Support Hands free", "imUrl": "http://ecx.images-amazon.com/images/I/415oDRFBjEL._SY300_.jpg", "price": 4.99, "numReviews": 1, "groups": [83], "averageRating": 1.0}, {"asin": "B003ENN31I", "name": "QFX Wireless FM Transmitter (FMT1)", "imUrl": "http://ecx.images-amazon.com/images/I/41gU4uKnK8L._SY300_.jpg", "price": 9.95, "numReviews": 6, "groups": [84], "averageRating": 2.8333333333333335, "brand": "QFX"}, {"asin": "B003XIFLF0", "name": "Apple iPhone 4 FM hands-free car charger FM transmitter - works with all iPod iPhone 3G with Free Remote Controller", "imUrl": "http://ecx.images-amazon.com/images/I/41mQPkxwgcL._SY300_.jpg", "price": 17.99, "numReviews": 5, "groups": [85], "averageRating": 2.0}, {"asin": "B004K51ZOQ", "name": "GSI Super Quality Hands-Free In-Car FM Modulator-Transmitter With Gooseneck Mount for MP3, MP4, iPod, CD, DVD Players - SD Memory Card Slot And USB Port - LCD Display - Steering Wheel Remote Control", "imUrl": "http://ecx.images-amazon.com/images/I/51vXoHsGWRL._SX300_.jpg", "price": 49.99, "numReviews": 5, "groups": [86], "averageRating": 3.8}, {"asin": "B000JV9NL2", "name": "Griffin iTrip Universal FM Transmitter and Charger for MP3 Players", "imUrl": "http://ecx.images-amazon.com/images/I/31dby2E5HWL._SY300_.jpg", "price": 37.45, "numReviews": 581, "groups": [87], "averageRating": 3.2392426850258174}, {"asin": "B004USJO7I", "name": "BIRUGEAR 3.5mm FM Transmitter Car Kit + Strap Lanyard for Apple iPod touch 5th Generation, iPod nano 7th Generation , T-Mobile Samsung Galaxy Tab SGH-T849", "imUrl": "http://ecx.images-amazon.com/images/I/41ApswxaHBL._SY300_.jpg", "price": 6.01, "numReviews": 4, "groups": [88], "averageRating": 3.0}, {"asin": "B00B0ZN5OC", "name": "iLive Wireless FM Transmitter with Digital Display and 12V DC Car Adapter for iPod/iPhone/iPad (Black)", "imUrl": "http://ecx.images-amazon.com/images/I/41Oc44gh6EL._SX300_.jpg", "price": 10.74, "numReviews": 1, "groups": [89], "averageRating": 5.0, "brand": "iLive"}, {"asin": "B007X19USC", "name": "4 In1 LCD Car MP3 Player Wireless FM Modulator Transmitter USB SD Slot Black", "imUrl": "http://ecx.images-amazon.com/images/I/41BNS%2B69Z4L._SY300_.jpg", "price": 4.1, "numReviews": 1, "groups": [90], "averageRating": 1.0}, {"asin": "B00475NQBE", "name": "GTMax 3.5mm LED FM Transmitter with SD Slot for Apple iPod Nano 6th Generation", "imUrl": "http://ecx.images-amazon.com/images/I/410NPQaC-YL._SY300_.jpg", "price": 5.1, "numReviews": 3, "groups": [91], "averageRating": 1.0}, {"asin": "B005TOQBFK", "name": "Supersonic IQ209 Compact Rechargeable FM Transmitter", "imUrl": "http://ecx.images-amazon.com/images/I/31uomUfTmdL._SY300_.jpg", "price": 8.31, "numReviews": 72, "groups": [92], "averageRating": 2.7916666666666665, "brand": "Supersonic", "salesRankCategory": "Cell Phones & Accessories", "salesRank": 65287}, {"asin": "B00H7WNBOQ", "name": "F28B FM Transmitter 3.5mm Audio with Car Charger for iPhone 5S 5C iPad Air iPad Mini 2 iPod Touch 5 Nano 7", "imUrl": "http://ecx.images-amazon.com/images/I/41Xf7MT6ltL._SY300_.jpg", "price": 11.99, "numReviews": 26, "groups": [93], "averageRating": 2.423076923076923, "salesRankCategory": "Cell Phones & Accessories", "salesRank": 7550}, {"asin": "B000O3PLYS", "name": "In Car MP3 FM Transmitter for SD USB Pen Drive w/Remote", "imUrl": "http://ecx.images-amazon.com/images/I/41fsOa3TtlL._SY300_.jpg", "price": 3.17, "numReviews": 66, "groups": [94], "averageRating": 2.8636363636363638}, {"asin": "B004NEUK86", "name": "Scosche FMT4 tuneIN Universal FM Transmitter for iPod/MP3 Player", "imUrl": "http://ecx.images-amazon.com/images/I/31uwz21v3VL._SX300_.jpg", "price": 17.01, "numReviews": 273, "groups": [95], "averageRating": 3.567765567765568, "brand": "Scosche", "salesRankCategory": "Cell Phones & Accessories", "salesRank": 8947}, {"asin": "B002XKDIM2", "name": "Impecca FM252 SD/SDHC USB Car MP3 Player and FM Transmitter (Black)", "imUrl": "http://ecx.images-amazon.com/images/I/41id5vTxLaL._SY300_.jpg", "price": 29.95, "numReviews": 1, "groups": [96], "averageRating": 5.0}, {"asin": "B00CAMTWE6", "name": "TOOGOO Car Kit Mp3 Player Wireless Fm Transmitter Modulator USB Sd MMC Slot with Remote", "imUrl": "http://ecx.images-amazon.com/images/I/51%2BNXMWTdEL._SY300_.jpg", "price": 9.93, "numReviews": 3, "groups": [97], "averageRating": 2.6666666666666665}, {"asin": "B0001F22PA", "name": "Belkin TuneCast II FM Transmitter for MP3 Players (Black)", "imUrl": "http://ecx.images-amazon.com/images/I/41TD8XEBZ5L._SY300_.jpg", "price": 20.13, "numReviews": 533, "groups": [98], "averageRating": 2.6679174484052535}, {"asin": "B00394VHYW", "name": "PYLE PLMP3C31B Plug In Car Wireless USB/SD/MMC/MP3/MP4/Ipod FM Modulator And Transmitter with USB Charging Port with Bluetooth Hands Free Kit For All Bluetooth Phones", "imUrl": "http://ecx.images-amazon.com/images/I/51SGm89RjdL._SY300_.jpg", "price": 29.89, "numReviews": 17, "groups": [99], "averageRating": 2.7058823529411766}, {"asin": "B009UP9E08", "name": "Everydaysource Compatible With Apple iPod Nano 7 (7th Generation) Premium FM Transmitter w/ USB / SD / MMC Slot", "imUrl": "http://ecx.images-amazon.com/images/I/51BP6pNm2yL._SY300_.jpg", "price": 10.63, "numReviews": 1, "groups": [100], "averageRating": 1.0}, {"asin": "B000BVCTS4", "name": "Griffin iTrip Wireless Mobile FM Transmitter to Car Radio for iPod nano 1G", "imUrl": "http://ecx.images-amazon.com/images/I/21CVV38G17L.jpg", "price": 0.01, "numReviews": 88, "groups": [101], "averageRating": 2.7954545454545454}, {"asin": "B000IT600W", "name": "Kensington 33199 Digital FM Transmitter and Auto Charger for iPod (Black)", "imUrl": "http://ecx.images-amazon.com/images/I/412VRQBDVCL._SY300_.jpg", "price": 49.99, "numReviews": 300, "groups": [102], "averageRating": 4.026666666666666}, {"asin": "B0028U8K8Y", "name": "Premium Black 3.5mm FM Transmitter Car Kit with LCD For Apple iPhone, iPod, Sandisk Sansa, Microsoft Zune, Creative Zen, Sony Walkman MP3 Players", "imUrl": "http://ecx.images-amazon.com/images/I/41lS1TCzn0L._SY300_.jpg", "price": 7.95, "numReviews": 9, "groups": [103], "averageRating": 2.2222222222222223, "salesRankCategory": "Cell Phones & Accessories", "salesRank": 381067}, {"asin": "B004L519YQ", "name": "BESTEK 4 iphone FM transmitter car ipod car FM transmitter mp3 player wireless FM transmitter usb with remote control SD / MMC card slot + USB stick + Audio input jack, mp3 FM transmitter car kit for iphone 4,3gs&3g,ipod touch.Nano,Classic S650", "imUrl": "http://ecx.images-amazon.com/images/I/41HY7jW4jEL._SX300_.jpg", "price": 13.4, "numReviews": 36, "groups": [104], "averageRating": 2.9444444444444446, "salesRankCategory": "Cell Phones & Accessories", "salesRank": 216588}, {"asin": "B00HFQCX98", "name": "3.5mm In-Car Hands Free Talk FM Transmitter Modulator for iPhone 5 4S 4 3G / iPod / Galaxy S S2 S3 S4 / MP3 / Universal", "imUrl": "http://ecx.images-amazon.com/images/I/41pgi-lfi1L._SY300_.jpg", "price": 3.97, "numReviews": 4, "groups": [105], "averageRating": 2.25}, {"asin": "B004SK2YNE", "name": "eForCity\u00ae LED STEREO CAR FM TRANSMITTER Compatible with MP3 Player iPod nano\u00ae", "imUrl": "http://ecx.images-amazon.com/images/I/51wzD8Fhk8L._SY300_.jpg", "price": 2.95, "numReviews": 1, "groups": [106], "averageRating": 1.0}, {"asin": "B000JNL6WO", "name": "DLO 005-2120 TransDock micro for the E2xx, C2xx", "imUrl": "http://ecx.images-amazon.com/images/I/419uguWa4oL._SY300_.jpg", "price": 13.95, "numReviews": 72, "groups": [107], "averageRating": 3.7222222222222223, "brand": "DLO"}, {"asin": "B00J4GESGI", "name": "Breett FM Transmitter Car MP3 Wireless Radio 87.5-108.0 MHZ 360-Degrees Rotatable Blue Light with Multi-Functional Interfaces Car Kit (Black)", "imUrl": "http://ecx.images-amazon.com/images/I/41ICKMEu0vL._SY300_.jpg", "price": 10.99, "numReviews": 9, "groups": [108], "averageRating": 3.6666666666666665}, {"asin": "B0035R8TV2", "name": "Fm Transmitter Car Charger & Remote for Iphone 3gs Ipod", "imUrl": "http://ecx.images-amazon.com/images/I/51xvdzNc2GL._SY300_.jpg", "price": 12.45, "numReviews": 111, "groups": [109], "averageRating": 3.4414414414414414}, {"asin": "B007VKD0H2", "name": "BestDealUSA \t In-car Hands-free High Fidelity FM transmitter for Apple iPhone 3G 3GS 4 4G 4S iPod iPad", "imUrl": "http://ecx.images-amazon.com/images/I/41EnnaJU5gL._SY300_.jpg", "price": 19.99, "numReviews": 1, "groups": [110], "averageRating": 1.0}, {"asin": "B001JM9KS6", "name": "Cygnett GrooveTrip II FM Transmitter with Memory Setting for iPod", "imUrl": "http://ecx.images-amazon.com/images/I/41qELx%2B6Z4L._SY300_.jpg", "price": 49.99, "numReviews": 12, "groups": [111], "averageRating": 4.0}, {"asin": "B004SK60VQ", "name": "eForCity LCD Car FM Transmitter for MP3/iPod/Zune", "imUrl": "http://ecx.images-amazon.com/images/I/51bGypziGrL._SY300_.jpg", "price": 14.31, "numReviews": 78, "groups": [112], "averageRating": 3.076923076923077, "brand": "eForCity"}, {"asin": "B00GYSMLNQ", "name": "VicTsing MP3 Player Wireless FM Transmitter Modulator Car Kit with USB SD MMC LCD Remote Green", "imUrl": "http://ecx.images-amazon.com/images/I/41o4DBiPIpL._SY300_.jpg", "price": 12.59, "numReviews": 7, "groups": [113], "averageRating": 4.0, "salesRankCategory": "Cell Phones & Accessories", "salesRank": 31565}, {"asin": "B007FDPV8Q", "name": "Sandisk Sansa Clip Zip compatible Integrated 12v DC Car Charger and FM Transmitter - Uses Gomadic TipExchange to play music on the FM radio", "imUrl": "http://ecx.images-amazon.com/images/I/41MvaJrUsQL._SY300_.jpg", "price": 34.7, "numReviews": 3, "groups": [114], "averageRating": 3.6666666666666665}, {"asin": "B000CSP8IO", "name": "Griffin 9781-TRP30BK iTrip FM Transmitter with Dock Connector for iPod (Black)", "imUrl": "http://ecx.images-amazon.com/images/I/31AnDurVKgL._SY300_.jpg", "price": 12.0, "numReviews": 198, "groups": [115], "averageRating": 3.3434343434343434}, {"asin": "B004IK0G7A", "name": "eForCity\u00ae All-in-1 FM Transmitter w/ 3.5mm Audio Cable, Black", "imUrl": "http://ecx.images-amazon.com/images/I/51glk7xkOoL._SY300_.jpg", "price": 10.62, "numReviews": 11, "groups": [116], "averageRating": 3.8181818181818183}, {"asin": "B001AVSB7M", "name": "TuneBase FM for iPhone or iPod", "imUrl": "http://ecx.images-amazon.com/images/I/41aU-WwLjaL._SY300_.jpg", "price": 104.99, "numReviews": 35, "groups": [117], "averageRating": 2.942857142857143}, {"asin": "B003KYAGKW", "name": "Griffin iTrip Auto FM Transmitter + Charger with SmartScan and App Support for Apple iPod and iPhone, Black", "imUrl": "http://ecx.images-amazon.com/images/I/31aJRKTHRzL._SX300_.jpg", "price": 17.95, "numReviews": 6, "groups": [118], "averageRating": 3.5}, {"asin": "B001HN6JK4", "name": "Griffin iTrip FM Transmitter with Auto Dock Connector Cable for iPod and iPhone (Silver/Black)", "imUrl": "http://ecx.images-amazon.com/images/I/31vM%2BPyKqXL._SX300_.jpg", "price": 18.95, "numReviews": 138, "groups": [21, 62], "averageRating": 3.347826086956522}, {"asin": "B0035CTICQ", "name": "Griffin Technology 6051-ROAD RoadTrip FM Transmitter & Auto Charger and Cradle for iPod", "imUrl": "http://ecx.images-amazon.com/images/I/31cFX1ckB-L._SY300_.jpg", "price": 14.49, "numReviews": 1, "groups": [119], "averageRating": 4.0}, {"asin": "B002DPC5GM", "name": "Belkin TUNEBASE FM With Handsfree (Black)", "imUrl": "http://ecx.images-amazon.com/images/I/413t1coQPFL._SY300_.jpg", "price": 16.99, "numReviews": 10, "groups": [120], "averageRating": 2.8, "salesRankCategory": "Cell Phones & Accessories", "salesRank": 303030}, {"asin": "B000OQB76G", "name": "Griffin iTrip Pocket FM Transmitter for iPod nano 2G", "imUrl": "http://ecx.images-amazon.com/images/I/31RUlR3K3eL._SX300_.jpg", "price": 7.76, "numReviews": 96, "groups": [121], "averageRating": 3.71875}, {"asin": "B005D7LN24", "name": "NAXA Electronics  MP3/WMA FM Modulator/Transmitter with LCD Screen, (Black)", "imUrl": "http://ecx.images-amazon.com/images/I/41FVKpKLImL._SX300_.jpg", "price": 9.54, "numReviews": 21, "groups": [122], "averageRating": 3.0476190476190474}, {"asin": "B00GXSOP2W", "name": "Amjimshop(TM) 2014 Fashion Multi-function Car Kit Mp3 Player Wireless Fm Transmitter Modulator Audio Aux USB Sd MMC Slot with Remote Blue LCD", "imUrl": "http://ecx.images-amazon.com/images/I/41QKuYN2H-L._SY300_.jpg", "price": 10.23, "numReviews": 10, "groups": [123], "averageRating": 3.4}, {"asin": "B00067LYFW", "name": "iriver AFT 100 Mobile FM Transmitter", "imUrl": "http://ecx.images-amazon.com/images/I/411EP99K68L._SX300_.jpg", "price": 49.99, "numReviews": 921, "groups": [124], "averageRating": 3.9087947882736156}, {"asin": "B00312W9YO", "name": "Black FM Transmitter For iPod, iPhone 3G, & 3G S", "imUrl": "http://ecx.images-amazon.com/images/I/51yFo5QeKhL._SY300_.jpg", "price": 4.0, "numReviews": 148, "groups": [125], "averageRating": 3.5337837837837838}, {"asin": "B00APST86E", "name": "0.5 W FAIL-SAFE LONG RANGE FM TRANSMITTER- CZH-05B - ORIGINAL Dual Mode Transmitter and Free Audio Cable", "imUrl": "http://ecx.images-amazon.com/images/I/31AKSQ9-n%2BL._SX300_.jpg", "price": 55.99, "numReviews": 11, "groups": [126], "averageRating": 4.363636363636363}, {"asin": "B00EOUQ5QA", "name": "HDE Car Kit MP3 Player, FM Transmitter w/ Remote & Charger - USB, SD & 3.5mm jack for iPhone & iPod", "imUrl": "http://ecx.images-amazon.com/images/I/41tLBvNJtaL._SY300_.jpg", "price": 7.95, "numReviews": 7, "groups": [127], "averageRating": 2.4285714285714284}, {"asin": "B000WVVX6W", "name": "Tunecast Auto Universal FM Transmitter for MP3 Players", "imUrl": "http://ecx.images-amazon.com/images/I/41nlvk54WkL._SY300_.jpg", "price": 19.59, "numReviews": 39, "groups": [128], "averageRating": 1.4871794871794872}, {"asin": "B00849Q79M", "name": "1.5\" Car Kit MP3 Bluetooth Player FM Transmitter Support SD MMC Car USB Remote Control", "imUrl": "http://ecx.images-amazon.com/images/I/41bmwnK7arL._SY300_.jpg", "price": 49.99, "numReviews": 1, "groups": [129], "averageRating": 4.0}, {"asin": "B002HR3BBY", "name": "5 in 1 Fm Transmitter (Black)/ iPod Video, 30GB, 60GB, Nano 1,2,3, Mini, Classic iTouch, and Photo", "imUrl": "http://ecx.images-amazon.com/images/I/41sCjjmoO6L._SY300_.jpg", "price": 7.99, "numReviews": 15, "groups": [130], "averageRating": 3.6}, {"asin": "B0058LU5QU", "name": "AUVIO\u00ae FM Transmitter Dongle w/ OS 3.0", "imUrl": "http://ecx.images-amazon.com/images/I/31TRqrlHn6L._SX300_.jpg", "price": 11.0, "numReviews": 1, "groups": [131], "averageRating": 2.0, "brand": "AUVIO"}, {"asin": "B0092HZYIK", "name": "1.8-Inch LCD Car MP3 MP4 Player Wireless FM Transmitter SD MMC Remote Golden", "imUrl": "http://ecx.images-amazon.com/images/I/41RUKJhewbL._SY300_.jpg", "price": 9.9, "numReviews": 4, "groups": [132], "averageRating": 3.0}, {"asin": "B0091YN9GI", "name": "Bluetooth Car Kit FM Transmitter MP3 Player Steering Wheel USB SD MMC Card Black", "imUrl": "http://ecx.images-amazon.com/images/I/41ADAEjRkUL._SY300_.jpg", "price": 12.65, "numReviews": 36, "groups": [133], "averageRating": 2.1944444444444446, "brand": ""}, {"asin": "B0002NRIM8", "name": "Ramsey FM25B Synthesized FM Stereo Transmitter Kit", "imUrl": "http://ecx.images-amazon.com/images/I/41MHnwb26KL.jpg", "price": 139.95, "numReviews": 15, "groups": [134], "averageRating": 4.266666666666667}, {"asin": "B001DQT40M", "name": "Griffin RoadTrip FM Transmitter for iPhone and iPod (Black)", "imUrl": "http://ecx.images-amazon.com/images/I/31Uk-wgqD7L._SX300_.jpg", "price": 24.95, "numReviews": 221, "groups": [135], "averageRating": 3.226244343891403}, {"asin": "B00DSRH9W4", "name": "Etekcity\u00ae iPhone 3 4 4s 3GS iPad iPod Car FM transmitter with remote and car charger - This cordless transmitter makes listening to your music in your vehicle a breeze. With Long range through radio frequencies, this transmitter has everything you need from the LCD screen to the remote", "imUrl": "http://ecx.images-amazon.com/images/I/41KrpUDLC9L._SY300_.jpg", "price": 3.9, "numReviews": 1, "groups": [136], "averageRating": 3.0}, {"asin": "B000BDG668", "name": "Scosche Car FM Transmitter for iPod and MP3 Players", "imUrl": "http://ecx.images-amazon.com/images/I/41a7NGbV8mL._SY300_.jpg", "price": 17.01, "numReviews": 25, "groups": [137], "averageRating": 3.12}, {"asin": "B000WKPHHO", "name": "Griffin iTrip Auto FM Transmitter for iPod Black", "imUrl": "http://ecx.images-amazon.com/images/I/31VBn73I1lL._SX300_.jpg", "price": 19.79, "numReviews": 474, "groups": [138], "averageRating": 3.6033755274261603}, {"asin": "B0084RORHS", "name": "Auvio Wireless FM Transmitter", "imUrl": "http://ecx.images-amazon.com/images/I/31SXIkS9ijL._SX300_.jpg", "price": 10.0, "numReviews": 7, "groups": [139], "averageRating": 4.142857142857143}, {"asin": "B00AEYSMPW", "name": "Xtremevision - XV661C - Wireless FM Car MP3 Transmitter - Green", "imUrl": "http://ecx.images-amazon.com/images/I/41CP1JM53UL._SY300_.jpg", "price": 8.99, "numReviews": 4, "groups": [140], "averageRating": 3.75}, {"asin": "B00GOMDSS4", "name": "VicTsing 3.5mm FM Transmitter Radio Car Charger For iPhone 4 4S 5 5S 5C ipad 2 3 4 ipad mini ipad Air iPod Samsung S4 S3 S2 Note 2 3 MP3 MP4 Support Hands free", "imUrl": "http://ecx.images-amazon.com/images/I/41Q1QvCILbL._SY300_.jpg", "price": 14.69, "numReviews": 2, "groups": [141], "averageRating": 3.0}, {"asin": "B003O9HBBU", "name": "The Carmen Car Audio Player (Black)", "imUrl": "http://ecx.images-amazon.com/images/I/41Ane50XxAL._SY300_.jpg", "price": 39.98, "numReviews": 38, "groups": [142], "averageRating": 3.289473684210526}, {"asin": "B003VSMU06", "name": "Wireless FM Transmitter", "imUrl": "http://ecx.images-amazon.com/images/I/51lSqfGauEL._SX300_.jpg", "price": 2.52, "numReviews": 3, "groups": [143], "averageRating": 4.666666666666667}, {"asin": "B007N0P75S", "name": "LE Handsfree Auto Car Kit Bluetooth USB SD FM Transmitter for Mp3/Mp4", "imUrl": "http://ecx.images-amazon.com/images/I/51ClD6ndG5L._SY300_.jpg", "price": 8.79, "numReviews": 7, "groups": [144], "averageRating": 2.4285714285714284}, {"asin": "B00AEYTTJK", "name": "Xtremevision - XV664C - Wireless FM Car MP3 Transmitter with Bluetooth", "imUrl": "http://ecx.images-amazon.com/images/I/414D8miHsdL._SY300_.jpg", "price": 49.99, "numReviews": 3, "groups": [145], "averageRating": 2.0}, {"asin": "B00D30U4KK", "name": "DandyCase FM Transmitter Car Charger for Apple iPhone 5, Galaxy S4, HTC One, iPod Touch 5", "imUrl": "http://ecx.images-amazon.com/images/I/31hjXgpTRIL._SX300_.jpg", "price": 14.99, "numReviews": 21, "groups": [146], "averageRating": 3.380952380952381}, {"asin": "B0093T3IY4", "name": "Wireless FM Transmitter + Car Charger for MP3 MP4 Player White", "imUrl": "http://ecx.images-amazon.com/images/I/41fXNfvnIML._SY300_.jpg", "price": 12.99, "numReviews": 3, "groups": [147], "averageRating": 2.6666666666666665}, {"asin": "B00074O53C", "name": "Sonnet PodFreq FM Transmitter for iPod Photo", "imUrl": "http://ecx.images-amazon.com/images/I/41jLcIJ364L._SY300_.jpg", "price": 37.99, "numReviews": 15, "groups": [148], "averageRating": 3.533333333333333}, {"asin": "B001ILDK6G", "name": "Belkin F8Z343 TuneCast Auto 4 for iPod and iPhone", "imUrl": "http://ecx.images-amazon.com/images/I/31N%2Bwe9bQOL._SX300_.jpg", "price": 28.83, "numReviews": 67, "groups": [149], "averageRating": 2.985074626865672}, {"asin": "B0047T79FY", "name": "Belkin Tunebase FM with ClearScan", "imUrl": "http://ecx.images-amazon.com/images/I/41USkGdwnML._SY300_.jpg", "price": 52.99, "numReviews": 29, "groups": [33], "averageRating": 3.413793103448276}, {"asin": "B003WR7BVE", "name": "GSI Super Quality In-Car Wireless Hands-Free FM Modulator-Transmitter for MP3/MP4/iPod/iPhone/CD/DVD Players - SD/Memory Card/Flash Slot - Line-In Function - LCD Display - Cigarette Lighter Plug - Includes Remote Control - Blue", "imUrl": "http://ecx.images-amazon.com/images/I/41PS3EV882L._SY300_.jpg", "price": 4.99, "numReviews": 32, "groups": [150], "averageRating": 3.375}, {"asin": "B007E9JGBY", "name": "Naztech N3030-11869 Hi-Fi Digital Universal FM Transmitter with Car Charger for Apple iPad/iPhone/BlackBerry/HTC/LG/Samsung/HP/Nokia (N3030-11869)", "imUrl": "http://ecx.images-amazon.com/images/I/31YN2TnCduL._SY300_.jpg", "price": 15.07, "numReviews": 18, "groups": [151], "averageRating": 1.8333333333333333, "brand": "Naztech", "salesRankCategory": "Cell Phones & Accessories", "salesRank": 161547}, {"asin": "B00076L4IO", "name": "Ramsey FM30B Digital FM Stereo Transmitter Kit", "imUrl": "http://ecx.images-amazon.com/images/I/31KJWXPEDFL._SX300_.jpg", "price": 199.95, "numReviews": 5, "groups": [152], "averageRating": 4.6}, {"asin": "B003ZX1SXC", "name": "Pyle PMP3A2 Mobile SD/USB/MP3 Compatible Player with Built-In FM Transmitter", "imUrl": "http://ecx.images-amazon.com/images/I/51fDAdM6f4L._SY300_.jpg", "price": 7.75, "numReviews": 189, "groups": [153], "averageRating": 3.0952380952380953, "brand": "Pyle"}, {"asin": "B005XU3OPK", "name": "Loftek Autoscan Remote Fm Talk Fm Transmitter For Ipod,IPhone,IPad,Blackberry,Android,Mp3Player Hands-free Calling", "imUrl": "http://ecx.images-amazon.com/images/I/41OQpMTJz0L._SX300_.jpg", "price": 17.01, "numReviews": 52, "groups": [154], "averageRating": 3.173076923076923}, {"asin": "B004HJ76CA", "name": "Pyle FM Transmitter for iPod/iPhone", "imUrl": "http://ecx.images-amazon.com/images/I/41IllH43AaL._SX300_.jpg", "price": 11.95, "numReviews": 2, "groups": [155], "averageRating": 2.5}, {"asin": "B0007XGOVE", "name": "MAXELL P-4 Digital FM Transmitter for iPod", "imUrl": "http://ecx.images-amazon.com/images/I/41R8K1N56RL._SY300_.jpg", "price": 18.95, "numReviews": 7, "groups": [156], "averageRating": 1.7142857142857142}, {"asin": "B000TJRG36", "name": "Mac/PC USB Wireless FM Transmitter for Home Stereo Audio", "imUrl": "http://ecx.images-amazon.com/images/I/41c8Eulti%2BL._SY300_.jpg", "price": 49.95, "numReviews": 19, "groups": [157], "averageRating": 3.210526315789474}, {"asin": "B005EPXZFS", "name": "ATC All-in-One FM Transmitter w/ 3.5-mm Audio Cable and Mic, Black", "imUrl": "http://ecx.images-amazon.com/images/I/51t%2Bpl0%2BBNL._SY300_.jpg", "price": 18.1, "numReviews": 8, "groups": [158], "averageRating": 2.875}, {"asin": "B009UN2D5I", "name": "eForCity Black All Channel FM Transmitter w/ USB Port Compatible With Apple iPod Nano 7 (7th Generation)", "imUrl": "http://ecx.images-amazon.com/images/I/51bGypziGrL._SY300_.jpg", "price": 6.01, "numReviews": 13, "groups": [159], "averageRating": 3.1538461538461537}, {"asin": "B000M8NM64", "name": "iTrip Auto Universal", "imUrl": "http://ecx.images-amazon.com/images/I/31lYKjfCNrL._SX300_.jpg", "price": 19.59, "numReviews": 2, "groups": [160], "averageRating": 4.5, "salesRankCategory": "Cell Phones & Accessories", "salesRank": 284022}, {"asin": "B000R5NJCE", "name": "TeckNet\u00ae MT-095 3.5mm Universal FM Transmitter With Build in Rechargeable Battery + 2.1A Multi Car Charger - Black", "imUrl": "http://ecx.images-amazon.com/images/I/41V6s-AwNWL._SX300_.jpg", "price": 12.97, "numReviews": 164, "groups": [161], "averageRating": 4.103658536585366}, {"asin": "B000FFCDEG", "name": "Griffin iTrip Auto - Digital player FM transmitter / charger for car", "imUrl": "http://ecx.images-amazon.com/images/I/31xo1KxOfsL._SX300_.jpg", "price": 15.99, "numReviews": 5, "groups": [162], "averageRating": 4.2}, {"asin": "B003ZX36KK", "name": "Pyle PMP3B2 Mobile SD/USB/MP3 Compatible Player with Built-In FM Transmitter", "imUrl": "http://ecx.images-amazon.com/images/I/519n5VX6biL._SY300_.jpg", "price": 4.15, "numReviews": 188, "groups": [163], "averageRating": 3.0851063829787235}, {"asin": "B00EOMYCYU", "name": "Wireless 3.5mm In-car Fm Transmitter for iPhone5 4S 4 iPod Touch Galaxy S3 4 MP3", "imUrl": "http://ecx.images-amazon.com/images/I/41juQIP2bWL._SY300_.jpg", "price": 7.59, "numReviews": 1, "groups": [164], "averageRating": 1.0}, {"asin": "B00GMYB3O0", "name": "iTrip Auto Charger/FM Transmitter for iPod/iPad/iPhone with Lightning Connector", "imUrl": "http://ecx.images-amazon.com/images/I/311ngD%2BuZ2L._SX300_.jpg", "price": 39.99, "numReviews": 6, "groups": [165], "averageRating": 3.5}, {"asin": "B000FOC83S", "name": "iriver AFT-200 FM Transmitter/Charger for Clix and U10 Players", "imUrl": "http://ecx.images-amazon.com/images/I/41MTJPG94TL._SX300_.jpg", "price": 4.95, "numReviews": 9, "groups": [166], "averageRating": 2.5555555555555554}, {"asin": "B008RTW0IQ", "name": "SODIAL Car Kit Mp3 Player Wireless Fm Transmitter Modulator USB Sd MMC Slot with Remote", "imUrl": "http://ecx.images-amazon.com/images/I/51N5lLiEVZL._SY300_.jpg", "price": 9.93, "numReviews": 4, "groups": [167], "averageRating": 3.5}, {"asin": "B00AY7Y064", "name": "S9D Car Kit Mp3 Player Wireless Fm Transmitter Modulator USB Sd MMC Slot with Remote Red LCD Car", "imUrl": "http://ecx.images-amazon.com/images/I/41zHCY5NW-L._SY300_.jpg", "price": 8.38, "numReviews": 17, "groups": [168], "averageRating": 2.235294117647059}, {"asin": "B001R3JL5E", "name": "Belkin TuneCast II FM Transmitter", "imUrl": "http://ecx.images-amazon.com/images/I/41QGSuARR2L._SX300_.jpg", "price": 17.01, "numReviews": 4, "groups": [169], "averageRating": 3.0}, {"asin": "B0050MX02S", "name": "3.5mm FM Transmitter Car Charger Adapter For HTC HD7", "imUrl": "http://ecx.images-amazon.com/images/I/51B2P7zoVBL._SY300_.jpg", "price": 13.31, "numReviews": 1, "groups": [170], "averageRating": 5.0}, {"asin": "B00F4LIG5Q", "name": "Docooler 1.4'' LCD Rotatable Car MP3 Player Wireless FM Transmitter USB Disk SD MMC TF with Remote Control Black", "imUrl": "http://ecx.images-amazon.com/images/I/41n7rZZi0qL._SY300_.jpg", "price": 5.12, "numReviews": 1, "groups": [171], "averageRating": 4.0}, {"asin": "B002AQVMMW", "name": "Monster iCarPlay Portable 300 FM Transmitter for iPod and iPhone", "imUrl": "http://ecx.images-amazon.com/images/I/31TPufN5oWL._SX300_.jpg", "price": 7.95, "numReviews": 87, "groups": [172], "averageRating": 3.0689655172413794, "brand": "Monster"}, {"asin": "B004VG9KAU", "name": "BIRUGEAR 3 in 1 SD/MMC/USB/MP3 Wireless In Car FM Transmitter with Remote for MP3 Plaryer, Cellphone, iPhone, iPod Touch, Nano", "imUrl": "http://ecx.images-amazon.com/images/I/41z3uzgmNWL._SY300_.jpg", "price": 5.99, "numReviews": 2, "groups": [173], "averageRating": 1.5}, {"asin": "B0046CD3Z2", "name": "iTrip Auto (2008) FM transmitter and car charger for iPhone & iPod", "imUrl": "http://ecx.images-amazon.com/images/I/31UQNAfRIaL._SX300_.jpg", "price": 15.97, "numReviews": 2, "groups": [174], "averageRating": 5.0}, {"asin": "B003SX0O2A", "name": "Griffin iTrip Auto Universal Plus FM Transmitter for Portable MP3 Players-2010 Packaging", "imUrl": "http://ecx.images-amazon.com/images/I/31%2BeE59lKQL._SX300_.jpg", "price": 36.96, "numReviews": 160, "groups": [63], "averageRating": 3.05}, {"asin": "B004CLYJ32", "name": "Belkin Tunebase FM6 With App", "imUrl": "http://ecx.images-amazon.com/images/I/41wP6V9sYXL._SY300_.jpg", "price": 39.99, "numReviews": 12, "groups": [175], "averageRating": 2.0}, {"asin": "B000LS9TR6", "name": "Maxell Digital FM Transmitter", "imUrl": "http://ecx.images-amazon.com/images/I/31jFrYmfzNL.jpg", "price": 7.95, "numReviews": 1, "groups": [176], "averageRating": 2.0}, {"asin": "B00F394RXY", "name": "E-PRANCE 3.5mm In-car Handsfree Wireless FM Transmitter for iPhone 5 4S 4 3G for iPod Samsung S4 S3", "imUrl": "http://ecx.images-amazon.com/images/I/41iV38-Xb5L._SY300_.jpg", "price": 8.88, "numReviews": 2, "groups": [177], "averageRating": 3.0}, {"asin": "B004YTQ2GY", "name": "Motor Trend FM Transmitter with LCD Display", "imUrl": "http://ecx.images-amazon.com/images/I/41TE%2BY7phYL._SY300_.jpg", "price": 16.95, "numReviews": 2, "groups": [178], "averageRating": 2.5}, {"asin": "B0053F5HBY", "name": "3.5mm Car Holder FM Transmitter for LG Optimus v [Electronics]", "imUrl": "http://ecx.images-amazon.com/images/I/51B2P7zoVBL._SY300_.jpg", "price": 13.31, "numReviews": 4, "groups": [179], "averageRating": 3.25}, {"asin": "B00EUVB2C0", "name": "VicTsing Wireless Rechargeable FM Transmitter Car Audio for iPhone 4 4S 5 iPod Touch iPad2 3 4 ipad mini MP3 Player Samsung HTC Smartphones Cell Phones Support Hands free", "imUrl": "http://ecx.images-amazon.com/images/I/41CxTP0K8zL._SY300_.jpg", "price": 8.89, "numReviews": 128, "groups": [180], "averageRating": 2.9375, "salesRankCategory": "Cell Phones & Accessories", "salesRank": 1472}, {"asin": "B0058LR6CG", "name": "AUVIO Full Band FM Transmitter for iPod/iPhone 12-769", "imUrl": "http://ecx.images-amazon.com/images/I/215t1OfAn2L._SX300_.jpg", "price": 9.62, "numReviews": 4, "groups": [181], "averageRating": 3.5}, {"asin": "B000BNY1QA", "name": "CTA Digital i-Cruise FM Transmitter Dock for iPod/MP3 Players (White)", "imUrl": "http://ecx.images-amazon.com/images/I/41c8h0os3DL._SY300_.jpg", "price": 13.99, "numReviews": 15, "groups": [182], "averageRating": 3.0, "brand": "CTA Digital"}, {"asin": "B00F2BW190", "name": "Generic 3.5mm Wireless Car Fm Transmitter for Ipod Iphone 4 4s 5 Galaxy S3 S4", "imUrl": "http://ecx.images-amazon.com/images/I/41T94RL4CuL._SY300_.jpg", "price": 7.99, "numReviews": 5, "groups": [183], "averageRating": 3.2}, {"asin": "B0007LOZH6", "name": "XtremeMac AirPlay FM Transmitter for iPod and iPod Mini", "imUrl": "http://ecx.images-amazon.com/images/I/41RKJGZYXAL._SX300_.jpg", "price": 8.89, "numReviews": 63, "groups": [184], "averageRating": 3.0793650793650795}, {"asin": "B00740HTEE", "name": "1.88 Inches LCD Screen Fm Transmitter Car Mp3 Player with Remote Control- Blue", "imUrl": "http://ecx.images-amazon.com/images/I/41iNTdBogmL._SY300_.jpg", "price": 3.56, "numReviews": 8, "groups": [185], "averageRating": 2.875}, {"asin": "B0006TW04E", "name": "Dynex Portable Wireless Fm Transmitter", "imUrl": "http://ecx.images-amazon.com/images/I/21HZ6241W5L.jpg", "price": 35.99, "numReviews": 5, "groups": [186], "averageRating": 2.6, "brand": "Dynex", "salesRankCategory": "Cell Phones & Accessories", "salesRank": 688798}, {"asin": "B0045DGU3Y", "name": "2nd Generation Audio FM Transmitter plus integrated Car Charger for the Sandisk Sansa Clip Plus with Gomadic TipExchange Technology", "imUrl": "http://ecx.images-amazon.com/images/I/41MTG8%2Bw-jL._SY300_.jpg", "price": 34.95, "numReviews": 16, "groups": [187], "averageRating": 3.5}, {"asin": "B001V6P7DW", "name": "FM Transmitter for Sony Walkman Includes Car Power Cable for Transmitter", "imUrl": "http://ecx.images-amazon.com/images/I/41pFHjI%2B%2BwL._SY300_.jpg", "price": 3.03, "numReviews": 26, "groups": [188], "averageRating": 2.0384615384615383}, {"asin": "B00J5D1W3M", "name": "Breett New 87.5-108 MHZ 360-degrees Rotatable Green Light Fm Car Transmitter with Multi-functional Interfaces (Black)", "imUrl": "http://ecx.images-amazon.com/images/I/41FsvmK4MFL._SY300_.jpg", "price": 10.12, "numReviews": 2, "groups": [189], "averageRating": 3.0}, {"asin": "B000E5BL18", "name": "Kensington 33169 Digital FM Radio and Transmitter for iPods", "imUrl": "http://ecx.images-amazon.com/images/I/31F33KQFTSL._SY300_.jpg", "price": 17.01, "numReviews": 132, "groups": [190], "averageRating": 3.3181818181818183}, {"asin": "B003EYUXLK", "name": "Wireless Transmitter with rds Ipo", "imUrl": "http://ecx.images-amazon.com/images/I/41cQuE%2BMyDL._SY300_.jpg", "price": 51.05, "numReviews": 8, "groups": [191], "averageRating": 3.5, "salesRankCategory": "Cell Phones & Accessories", "salesRank": 391676}, {"asin": "B0016BVDIK", "name": "SD/MMC/USB/MP3 Wireless In Car FM Transmitter with Remote (Black)", "imUrl": "http://ecx.images-amazon.com/images/I/51yUhr9e5KL._SY300_.jpg", "price": 4.11, "numReviews": 1347, "groups": [11], "averageRating": 2.4283593170007425}, {"asin": "B003U4LEXA", "name": "GSI Super Quality Mini FM Transmitter/Modulator + Car Charger Cigarette Lighter Port Kit - LCD Display, For Apple iPhone 3G/3GS/4G, iPod Nano, Touch, Video, Classic", "imUrl": "http://ecx.images-amazon.com/images/I/51mZIbT2q-L._SY300_.jpg", "price": 5.0, "numReviews": 26, "groups": [192], "averageRating": 2.6923076923076925, "brand": "GSI"}, {"asin": "B004HYCXQY", "name": "Wireless Automobile FM Transmitter + Car Charger + Holder/Dock + REMOTE for iPod Touch Touch 2G Classic Nano 3G 4G 5G Compatible with iPhone 3G /3GS/ 4G", "imUrl": "http://ecx.images-amazon.com/images/I/412MrT5mYsL._SY300_.jpg", "price": 13.24, "numReviews": 70, "groups": [193], "averageRating": 3.3, "salesRankCategory": "Cell Phones & Accessories", "salesRank": 25574}, {"asin": "B0052WEV6A", "name": "ATC LCD STEREO CAR FM TRANSMITTER FOR MP3 Player iPod Touch iphone 4 3GS 3G", "imUrl": "http://ecx.images-amazon.com/images/I/41WFvSIFlUL._SY300_.jpg", "price": 7.99, "numReviews": 84, "groups": [194], "averageRating": 3.130952380952381, "salesRankCategory": "Cell Phones & Accessories", "salesRank": 120468}, {"asin": "B005UTFOD4", "name": "Wireless FM Transmitter+Car Adapter Charger For iPhone 4 4G 3G 3GS iPod", "imUrl": "http://ecx.images-amazon.com/images/I/41Ljl%2BpXc5L._SY300_.jpg", "price": 3.9, "numReviews": 1, "groups": [195], "averageRating": 1.0}, {"asin": "B007P0OA7M", "name": "Shipping Free--New Product PLL 0.5W FM Transmitter+Antenna+Power supply", "imUrl": "http://ecx.images-amazon.com/images/I/31cvmIOmWGL._SX300_.jpg", "price": 84.99, "numReviews": 1, "groups": [196], "averageRating": 5.0}, {"asin": "B001BTWMNC", "name": "Griffin 5020-CTRPAUTOS iTrip Auto FM Transmitter with SmartScan for iPod", "imUrl": "http://ecx.images-amazon.com/images/I/312ZN8L16-L._SY300_.jpg", "price": 17.95, "numReviews": 11, "groups": [197], "averageRating": 3.909090909090909}, {"asin": "B001T9TAAW", "name": "Aerielle i2i RDS FM Transmitter for iPod", "imUrl": "http://ecx.images-amazon.com/images/I/41RDE-YSWCL._SX300_.jpg", "price": 14.95, "numReviews": 19, "groups": [198], "averageRating": 4.368421052631579}, {"asin": "B000W6O422", "name": "Proporta Wireless FM Stereo Transmitter", "imUrl": "http://ecx.images-amazon.com/images/I/314CKxcpWqL._SX300_.jpg", "price": 8.45, "numReviews": 6, "groups": [199], "averageRating": 2.0}, {"asin": "B001DUCQQ2", "name": "Sharp/ Docomo 10-pin Stereo FM Handsfree", "imUrl": "http://ecx.images-amazon.com/images/I/31o%2BU8CF7tL.jpg", "price": 29.04, "numReviews": 1, "groups": [200], "averageRating": 5.0, "salesRankCategory": "Cell Phones & Accessories", "salesRank": 817221}, {"asin": "B00A0G45CS", "name": "Dual HFP Black Bluetooth FM Transmitter & Car MP3 & Portable Call Functionality", "imUrl": "http://ecx.images-amazon.com/images/I/51%2BE91P86rL._SY300_.jpg", "price": 49.99, "numReviews": 4, "groups": [201], "averageRating": 2.0}, {"asin": "B00394ZPYA", "name": "PYLE PLMP3C21 Plug In Car Wireless USB/SD/MMC/MP3/MP4/Ipod FM Modulator And Transmitter w/USB Charging Port", "imUrl": "http://ecx.images-amazon.com/images/I/51npT9lThkL._SX300_.jpg", "price": 12.65, "numReviews": 11, "groups": [202], "averageRating": 3.0}, {"asin": "B004K53792", "name": "GSI Quality Bluetooth Wireless Docking Station, Charger, FM Transmitter Car Kit, with Goose-Neck Mount For Apple iPad 3G/Wifi, iPod, iPhone 3G/S, Bluetooth Mobile Phones - Audio Line-In For MP3/MP4 Devices - USB Charging Port - LED Display", "imUrl": "http://ecx.images-amazon.com/images/I/51bi3foXD6L._SX300_.jpg", "price": 49.99, "numReviews": 4, "groups": [203], "averageRating": 2.5}, {"asin": "B00CGVG8B6", "name": "MECO(TM) 3.5mm In-car Wireless Fm Transmitter for iPhone 4S 5 iPod Touch Galaxy S2 S3 MP3", "imUrl": "http://ecx.images-amazon.com/images/I/51dOiqa6weL._SY300_.jpg", "price": 5.92, "numReviews": 49, "groups": [180], "averageRating": 3.163265306122449, "salesRankCategory": "Cell Phones & Accessories", "salesRank": 2971}, {"asin": "B000Q6CODO", "name": "Wireless MP3 WMA FM Modulator SD Slot", "imUrl": "http://ecx.images-amazon.com/images/I/510CApO1cpL._SY300_.jpg", "price": 4.87, "numReviews": 22, "groups": [204], "averageRating": 3.409090909090909}, {"asin": "B001GCAFPG", "name": "All Channel FM Transmitter w/ Car Charger for iPod / iPhone 3G / iPhone 3Gs 16GB / 32GB , Black", "imUrl": "http://ecx.images-amazon.com/images/I/41liFJp%2B-LL._SX300_.jpg", "price": 7.99, "numReviews": 304, "groups": [205], "averageRating": 3.1052631578947367, "salesRankCategory": "Cell Phones & Accessories", "salesRank": 63858}, {"asin": "B006QRQIWK", "name": "Fm Transmitter & Bluetooth Car Mp3 Player with Remote Control Black", "imUrl": "http://ecx.images-amazon.com/images/I/41yJBjZDlsL._SY300_.jpg", "price": 9.7, "numReviews": 18, "groups": [206], "averageRating": 2.7222222222222223}, {"asin": "B00479SVBU", "name": "Soundfly AUX MP3 Player Car Fm Transmitter for SD Card, USB Stick, Mp3 Players (iPod, Zune, Sansa) with Remote Control", "imUrl": "http://ecx.images-amazon.com/images/I/51wYlRV72ZL._SY300_.jpg", "price": 39.99, "numReviews": 752, "groups": [207], "averageRating": 4.26595744680851}, {"asin": "B0047T79RC", "name": "Belkin F8Z441-P TuneBase FM with Hands-Free", "imUrl": "http://ecx.images-amazon.com/images/I/41Bc3N9YFlL._SX300_.jpg", "price": 29.99, "numReviews": 50, "groups": [208], "averageRating": 2.4}, {"asin": "B009AS41IA", "name": "Excelvan FM Transmitter + Car Charger Compatible with Iphone 4S 4 3 3G 3GS Ipod touch nano video classic", "imUrl": "http://ecx.images-amazon.com/images/I/411AQg6Kd9L._SY300_.jpg", "price": 18.98, "numReviews": 2, "groups": [209], "averageRating": 5.0, "brand": "Excelvan"}, {"asin": "B001RH62YS", "name": "Scosche Goose Neck FM Transmitter with Digital Display for iPod, iPhone, Zune MP3 Players", "imUrl": "http://ecx.images-amazon.com/images/I/41ZZ9QiLGKL._SY300_.jpg", "price": 22.99, "numReviews": 41, "groups": [210], "averageRating": 2.097560975609756, "brand": "Scosche"}, {"asin": "B008CBXCD6", "name": "SainSonic Car MP3 Player (Blue)", "imUrl": "http://ecx.images-amazon.com/images/I/31vqt0kR51L._SY300_.jpg", "price": 13.5, "numReviews": 76, "groups": [211], "averageRating": 3.25, "brand": "SainSonic"}], "links": [{"source": 0, "target": 46, "right": true, "left": false, "value": 1}, {"source": 1, "target": 176, "right": true, "left": false, "value": 1}, {"source": 1, "target": 62, "right": true, "left": false, "value": 1}, {"source": 2, "target": 48, "right": true, "left": false, "value": 1}, {"source": 3, "target": 80, "right": false, "left": true, "value": 1}, {"source": 3, "target": 53, "right": false, "left": true, "value": 1}, {"source": 3, "target": 173, "right": false, "left": true, "value": 1}, {"source": 4, "target": 16, "right": true, "left": false, "value": 1}, {"source": 5, "target": 182, "right": true, "left": false, "value": 1}, {"source": 6, "target": 16, "right": true, "left": false, "value": 1}, {"source": 6, "target": 194, "right": true, "left": false, "value": 1}, {"source": 6, "target": 107, "right": true, "left": false, "value": 1}, {"source": 6, "target": 112, "right": true, "left": false, "value": 1}, {"source": 7, "target": 194, "right": true, "left": false, "value": 1}, {"source": 7, "target": 207, "right": true, "left": false, "value": 1}, {"source": 8, "target": 74, "right": false, "left": true, "value": 1}, {"source": 8, "target": 158, "right": false, "left": true, "value": 1}, {"source": 9, "target": 211, "right": true, "left": false, "value": 1}, {"source": 10, "target": 128, "right": false, "left": true, "value": 1}, {"source": 10, "target": 97, "right": false, "left": true, "value": 1}, {"source": 10, "target": 46, "right": true, "left": false, "value": 1}, {"source": 10, "target": 79, "right": false, "left": true, "value": 1}, {"source": 10, "target": 176, "right": true, "left": false, "value": 1}, {"source": 11, "target": 194, "right": true, "left": true, "value": 1}, {"source": 11, "target": 35, "right": false, "left": true, "value": 1}, {"source": 11, "target": 68, "right": false, "left": true, "value": 1}, {"source": 11, "target": 71, "right": false, "left": true, "value": 1}, {"source": 11, "target": 136, "right": false, "left": true, "value": 1}, {"source": 11, "target": 140, "right": false, "left": true, "value": 1}, {"source": 11, "target": 142, "right": false, "left": true, "value": 1}, {"source": 11, "target": 16, "right": true, "left": false, "value": 1}, {"source": 11, "target": 208, "right": false, "left": true, "value": 1}, {"source": 11, "target": 51, "right": false, "left": true, "value": 1}, {"source": 11, "target": 215, "right": false, "left": true, "value": 1}, {"source": 11, "target": 154, "right": false, "left": true, "value": 1}, {"source": 11, "target": 123, "right": false, "left": true, "value": 1}, {"source": 11, "target": 93, "right": false, "left": true, "value": 1}, {"source": 12, "target": 46, "right": true, "left": false, "value": 1}, {"source": 12, "target": 135, "right": true, "left": false, "value": 1}, {"source": 13, "target": 176, "right": true, "left": false, "value": 1}, {"source": 14, "target": 194, "right": true, "left": false, "value": 1}, {"source": 15, "target": 48, "right": true, "left": false, "value": 1}, {"source": 16, "target": 129, "right": false, "left": true, "value": 1}, {"source": 16, "target": 133, "right": false, "left": true, "value": 1}, {"source": 16, "target": 142, "right": false, "left": true, "value": 1}, {"source": 16, "target": 144, "right": false, "left": true, "value": 1}, {"source": 16, "target": 18, "right": false, "left": true, "value": 1}, {"source": 16, "target": 26, "right": false, "left": true, "value": 1}, {"source": 16, "target": 154, "right": false, "left": true, "value": 1}, {"source": 16, "target": 157, "right": false, "left": true, "value": 1}, {"source": 16, "target": 30, "right": false, "left": true, "value": 1}, {"source": 16, "target": 31, "right": false, "left": true, "value": 1}, {"source": 16, "target": 35, "right": false, "left": true, "value": 1}, {"source": 16, "target": 164, "right": false, "left": true, "value": 1}, {"source": 16, "target": 37, "right": false, "left": true, "value": 1}, {"source": 16, "target": 168, "right": false, "left": true, "value": 1}, {"source": 16, "target": 169, "right": false, "left": true, "value": 1}, {"source": 16, "target": 46, "right": true, "left": false, "value": 1}, {"source": 16, "target": 50, "right": false, "left": true, "value": 1}, {"source": 16, "target": 51, "right": false, "left": true, "value": 1}, {"source": 16, "target": 180, "right": false, "left": true, "value": 1}, {"source": 16, "target": 54, "right": false, "left": true, "value": 1}, {"source": 16, "target": 58, "right": false, "left": true, "value": 1}, {"source": 16, "target": 191, "right": false, "left": true, "value": 1}, {"source": 16, "target": 66, "right": false, "left": true, "value": 1}, {"source": 16, "target": 72, "right": false, "left": true, "value": 1}, {"source": 16, "target": 73, "right": false, "left": true, "value": 1}, {"source": 16, "target": 204, "right": false, "left": true, "value": 1}, {"source": 16, "target": 77, "right": false, "left": true, "value": 1}, {"source": 16, "target": 205, "right": false, "left": true, "value": 1}, {"source": 16, "target": 208, "right": false, "left": true, "value": 1}, {"source": 16, "target": 210, "right": false, "left": true, "value": 1}, {"source": 16, "target": 83, "right": false, "left": true, "value": 1}, {"source": 16, "target": 85, "right": false, "left": true, "value": 1}, {"source": 16, "target": 95, "right": false, "left": true, "value": 1}, {"source": 16, "target": 96, "right": false, "left": true, "value": 1}, {"source": 16, "target": 103, "right": false, "left": true, "value": 1}, {"source": 16, "target": 107, "right": false, "left": true, "value": 1}, {"source": 16, "target": 122, "right": false, "left": true, "value": 1}, {"source": 16, "target": 123, "right": false, "left": true, "value": 1}, {"source": 16, "target": 127, "right": false, "left": true, "value": 1}, {"source": 17, "target": 182, "right": true, "left": false, "value": 1}, {"source": 19, "target": 121, "right": true, "left": false, "value": 1}, {"source": 20, "target": 125, "right": true, "left": false, "value": 1}, {"source": 21, "target": 138, "right": false, "left": true, "value": 1}, {"source": 21, "target": 176, "right": true, "left": false, "value": 1}, {"source": 21, "target": 177, "right": false, "left": true, "value": 1}, {"source": 21, "target": 117, "right": false, "left": true, "value": 1}, {"source": 21, "target": 118, "right": true, "left": true, "value": 1}, {"source": 21, "target": 62, "right": true, "left": false, "value": 1}, {"source": 22, "target": 91, "right": true, "left": false, "value": 1}, {"source": 22, "target": 125, "right": true, "left": false, "value": 1}, {"source": 23, "target": 56, "right": true, "left": false, "value": 1}, {"source": 23, "target": 119, "right": false, "left": true, "value": 1}, {"source": 23, "target": 176, "right": true, "left": false, "value": 1}, {"source": 23, "target": 135, "right": true, "left": false, "value": 1}, {"source": 24, "target": 176, "right": true, "left": false, "value": 1}, {"source": 24, "target": 62, "right": true, "left": false, "value": 1}, {"source": 25, "target": 144, "right": true, "left": false, "value": 1}, {"source": 25, "target": 210, "right": true, "left": false, "value": 1}, {"source": 25, "target": 194, "right": true, "left": false, "value": 1}, {"source": 26, "target": 194, "right": true, "left": false, "value": 1}, {"source": 27, "target": 56, "right": true, "left": false, "value": 1}, {"source": 28, "target": 92, "right": true, "left": false, "value": 1}, {"source": 28, "target": 46, "right": true, "left": false, "value": 1}, {"source": 29, "target": 144, "right": true, "left": false, "value": 1}, {"source": 31, "target": 169, "right": true, "left": false, "value": 1}, {"source": 31, "target": 194, "right": true, "left": false, "value": 1}, {"source": 31, "target": 215, "right": true, "left": false, "value": 1}, {"source": 32, "target": 48, "right": true, "left": false, "value": 1}, {"source": 33, "target": 135, "right": true, "left": false, "value": 1}, {"source": 33, "target": 40, "right": false, "left": true, "value": 1}, {"source": 33, "target": 45, "right": false, "left": true, "value": 1}, {"source": 33, "target": 116, "right": false, "left": true, "value": 1}, {"source": 33, "target": 150, "right": true, "left": true, "value": 1}, {"source": 33, "target": 57, "right": false, "left": true, "value": 1}, {"source": 34, "target": 148, "right": true, "left": false, "value": 1}, {"source": 35, "target": 194, "right": true, "left": false, "value": 1}, {"source": 36, "target": 194, "right": true, "left": false, "value": 1}, {"source": 36, "target": 182, "right": true, "left": false, "value": 1}, {"source": 37, "target": 122, "right": true, "left": false, "value": 1}, {"source": 38, "target": 94, "right": true, "left": false, "value": 1}, {"source": 39, "target": 125, "right": true, "left": false, "value": 1}, {"source": 40, "target": 212, "right": true, "left": false, "value": 1}, {"source": 40, "target": 150, "right": true, "left": false, "value": 1}, {"source": 41, "target": 48, "right": true, "left": false, "value": 1}, {"source": 41, "target": 126, "right": true, "left": false, "value": 1}, {"source": 42, "target": 121, "right": true, "left": false, "value": 1}, {"source": 42, "target": 125, "right": true, "left": false, "value": 1}, {"source": 43, "target": 48, "right": true, "left": false, "value": 1}, {"source": 44, "target": 62, "right": true, "left": false, "value": 1}, {"source": 45, "target": 138, "right": true, "left": false, "value": 1}, {"source": 45, "target": 121, "right": true, "left": false, "value": 1}, {"source": 46, "target": 162, "right": false, "left": true, "value": 1}, {"source": 46, "target": 167, "right": false, "left": true, "value": 1}, {"source": 46, "target": 106, "right": false, "left": true, "value": 1}, {"source": 46, "target": 92, "right": false, "left": true, "value": 1}, {"source": 46, "target": 176, "right": false, "left": true, "value": 1}, {"source": 46, "target": 146, "right": false, "left": true, "value": 1}, {"source": 46, "target": 213, "right": false, "left": true, "value": 1}, {"source": 46, "target": 214, "right": false, "left": true, "value": 1}, {"source": 46, "target": 88, "right": false, "left": true, "value": 1}, {"source": 46, "target": 62, "right": false, "left": true, "value": 1}, {"source": 47, "target": 209, "right": true, "left": false, "value": 1}, {"source": 47, "target": 111, "right": true, "left": false, "value": 1}, {"source": 48, "target": 134, "right": false, "left": true, "value": 1}, {"source": 48, "target": 199, "right": false, "left": true, "value": 1}, {"source": 48, "target": 74, "right": false, "left": true, "value": 1}, {"source": 48, "target": 153, "right": false, "left": true, "value": 1}, {"source": 48, "target": 158, "right": false, "left": true, "value": 1}, {"source": 48, "target": 126, "right": false, "left": true, "value": 1}, {"source": 49, "target": 194, "right": true, "left": false, "value": 1}, {"source": 50, "target": 144, "right": true, "left": false, "value": 1}, {"source": 51, "target": 194, "right": true, "left": false, "value": 1}, {"source": 52, "target": 139, "right": true, "left": false, "value": 1}, {"source": 54, "target": 194, "right": true, "left": false, "value": 1}, {"source": 54, "target": 71, "right": true, "left": false, "value": 1}, {"source": 55, "target": 194, "right": true, "left": false, "value": 1}, {"source": 56, "target": 135, "right": true, "left": false, "value": 1}, {"source": 56, "target": 119, "right": false, "left": true, "value": 1}, {"source": 56, "target": 184, "right": false, "left": true, "value": 1}, {"source": 56, "target": 62, "right": true, "left": false, "value": 1}, {"source": 59, "target": 94, "right": true, "left": false, "value": 1}, {"source": 60, "target": 84, "right": false, "left": true, "value": 1}, {"source": 61, "target": 91, "right": true, "left": false, "value": 1}, {"source": 62, "target": 161, "right": false, "left": true, "value": 1}, {"source": 62, "target": 163, "right": false, "left": true, "value": 1}, {"source": 62, "target": 166, "right": false, "left": true, "value": 1}, {"source": 62, "target": 135, "right": false, "left": true, "value": 1}, {"source": 62, "target": 200, "right": false, "left": true, "value": 1}, {"source": 62, "target": 138, "right": false, "left": true, "value": 1}, {"source": 62, "target": 109, "right": false, "left": true, "value": 1}, {"source": 62, "target": 175, "right": false, "left": true, "value": 1}, {"source": 62, "target": 176, "right": true, "left": true, "value": 1}, {"source": 62, "target": 114, "right": false, "left": true, "value": 1}, {"source": 62, "target": 116, "right": false, "left": true, "value": 1}, {"source": 62, "target": 118, "right": true, "left": true, "value": 1}, {"source": 62, "target": 148, "right": false, "left": true, "value": 1}, {"source": 63, "target": 182, "right": true, "left": false, "value": 1}, {"source": 64, "target": 138, "right": true, "left": false, "value": 1}, {"source": 65, "target": 211, "right": true, "left": false, "value": 1}, {"source": 66, "target": 194, "right": true, "left": false, "value": 1}, {"source": 67, "target": 170, "right": false, "left": true, "value": 1}, {"source": 67, "target": 94, "right": true, "left": false, "value": 1}, {"source": 68, "target": 89, "right": false, "left": true, "value": 1}, {"source": 68, "target": 194, "right": true, "left": false, "value": 1}, {"source": 69, "target": 194, "right": true, "left": false, "value": 1}, {"source": 70, "target": 121, "right": true, "left": false, "value": 1}, {"source": 70, "target": 114, "right": false, "left": true, "value": 1}, {"source": 70, "target": 125, "right": true, "left": false, "value": 1}, {"source": 71, "target": 194, "right": true, "left": false, "value": 1}, {"source": 72, "target": 211, "right": true, "left": false, "value": 1}, {"source": 72, "target": 164, "right": true, "left": false, "value": 1}, {"source": 75, "target": 214, "right": false, "left": true, "value": 1}, {"source": 75, "target": 94, "right": true, "left": false, "value": 1}, {"source": 76, "target": 138, "right": true, "left": false, "value": 1}, {"source": 76, "target": 135, "right": true, "left": false, "value": 1}, {"source": 78, "target": 194, "right": true, "left": false, "value": 1}, {"source": 78, "target": 162, "right": true, "left": false, "value": 1}, {"source": 78, "target": 207, "right": true, "left": false, "value": 1}, {"source": 79, "target": 138, "right": true, "left": false, "value": 1}, {"source": 81, "target": 212, "right": true, "left": false, "value": 1}, {"source": 82, "target": 194, "right": true, "left": false, "value": 1}, {"source": 82, "target": 182, "right": true, "left": false, "value": 1}, {"source": 82, "target": 207, "right": true, "left": false, "value": 1}, {"source": 83, "target": 194, "right": true, "left": false, "value": 1}, {"source": 85, "target": 211, "right": true, "left": false, "value": 1}, {"source": 86, "target": 176, "right": true, "left": false, "value": 1}, {"source": 87, "target": 160, "right": true, "left": false, "value": 1}, {"source": 89, "target": 194, "right": true, "left": false, "value": 1}, {"source": 90, "target": 194, "right": true, "left": false, "value": 1}, {"source": 91, "target": 207, "right": true, "left": false, "value": 1}, {"source": 91, "target": 182, "right": true, "left": false, "value": 1}, {"source": 91, "target": 152, "right": false, "left": true, "value": 1}, {"source": 92, "target": 141, "right": false, "left": true, "value": 1}, {"source": 93, "target": 194, "right": true, "left": false, "value": 1}, {"source": 94, "target": 192, "right": false, "left": true, "value": 1}, {"source": 94, "target": 193, "right": false, "left": true, "value": 1}, {"source": 94, "target": 137, "right": false, "left": true, "value": 1}, {"source": 94, "target": 170, "right": false, "left": true, "value": 1}, {"source": 94, "target": 155, "right": false, "left": true, "value": 1}, {"source": 94, "target": 202, "right": false, "left": true, "value": 1}, {"source": 94, "target": 203, "right": false, "left": true, "value": 1}, {"source": 94, "target": 182, "right": true, "left": false, "value": 1}, {"source": 94, "target": 188, "right": false, "left": true, "value": 1}, {"source": 94, "target": 157, "right": false, "left": true, "value": 1}, {"source": 95, "target": 194, "right": true, "left": false, "value": 1}, {"source": 95, "target": 211, "right": true, "left": false, "value": 1}, {"source": 96, "target": 169, "right": true, "left": false, "value": 1}, {"source": 97, "target": 170, "right": false, "left": true, "value": 1}, {"source": 98, "target": 211, "right": true, "left": false, "value": 1}, {"source": 99, "target": 160, "right": true, "left": false, "value": 1}, {"source": 100, "target": 194, "right": true, "left": false, "value": 1}, {"source": 101, "target": 138, "right": true, "left": false, "value": 1}, {"source": 102, "target": 207, "right": true, "left": false, "value": 1}, {"source": 103, "target": 194, "right": true, "left": false, "value": 1}, {"source": 103, "target": 154, "right": true, "left": false, "value": 1}, {"source": 104, "target": 182, "right": true, "left": false, "value": 1}, {"source": 104, "target": 207, "right": true, "left": false, "value": 1}, {"source": 105, "target": 194, "right": true, "left": false, "value": 1}, {"source": 106, "target": 162, "right": true, "left": false, "value": 1}, {"source": 107, "target": 191, "right": false, "left": true, "value": 1}, {"source": 108, "target": 196, "right": true, "left": false, "value": 1}, {"source": 110, "target": 182, "right": true, "left": false, "value": 1}, {"source": 112, "target": 194, "right": true, "left": false, "value": 1}, {"source": 113, "target": 189, "right": true, "left": false, "value": 1}, {"source": 115, "target": 159, "right": false, "left": true, "value": 1}, {"source": 115, "target": 162, "right": true, "left": false, "value": 1}, {"source": 115, "target": 171, "right": false, "left": true, "value": 1}, {"source": 115, "target": 130, "right": false, "left": true, "value": 1}, {"source": 116, "target": 118, "right": true, "left": false, "value": 1}, {"source": 117, "target": 138, "right": true, "left": false, "value": 1}, {"source": 117, "target": 118, "right": true, "left": false, "value": 1}, {"source": 118, "target": 163, "right": false, "left": true, "value": 1}, {"source": 118, "target": 138, "right": false, "left": true, "value": 1}, {"source": 118, "target": 175, "right": false, "left": true, "value": 1}, {"source": 118, "target": 176, "right": true, "left": false, "value": 1}, {"source": 118, "target": 149, "right": false, "left": true, "value": 1}, {"source": 119, "target": 200, "right": true, "left": false, "value": 1}, {"source": 120, "target": 212, "right": true, "left": false, "value": 1}, {"source": 122, "target": 194, "right": true, "left": false, "value": 1}, {"source": 124, "target": 167, "right": false, "left": true, "value": 1}, {"source": 125, "target": 131, "right": false, "left": true, "value": 1}, {"source": 125, "target": 195, "right": false, "left": true, "value": 1}, {"source": 125, "target": 198, "right": false, "left": true, "value": 1}, {"source": 125, "target": 156, "right": false, "left": true, "value": 1}, {"source": 127, "target": 169, "right": true, "left": false, "value": 1}, {"source": 127, "target": 194, "right": true, "left": false, "value": 1}, {"source": 129, "target": 211, "right": true, "left": false, "value": 1}, {"source": 132, "target": 194, "right": true, "left": false, "value": 1}, {"source": 135, "target": 150, "right": false, "left": true, "value": 1}, {"source": 136, "target": 207, "right": true, "left": false, "value": 1}, {"source": 138, "target": 163, "right": false, "left": true, "value": 1}, {"source": 138, "target": 200, "right": false, "left": true, "value": 1}, {"source": 138, "target": 201, "right": false, "left": true, "value": 1}, {"source": 139, "target": 183, "right": false, "left": true, "value": 1}, {"source": 143, "target": 182, "right": true, "left": false, "value": 1}, {"source": 145, "target": 211, "right": true, "left": false, "value": 1}, {"source": 147, "target": 194, "right": true, "left": false, "value": 1}, {"source": 151, "target": 194, "right": true, "left": false, "value": 1}, {"source": 151, "target": 164, "right": true, "left": false, "value": 1}, {"source": 152, "target": 182, "right": true, "left": false, "value": 1}, {"source": 154, "target": 194, "right": true, "left": false, "value": 1}, {"source": 159, "target": 181, "right": false, "left": true, "value": 1}, {"source": 161, "target": 176, "right": true, "left": false, "value": 1}, {"source": 162, "target": 182, "right": false, "left": true, "value": 1}, {"source": 162, "target": 185, "right": false, "left": true, "value": 1}, {"source": 164, "target": 194, "right": true, "left": false, "value": 1}, {"source": 165, "target": 207, "right": true, "left": false, "value": 1}, {"source": 166, "target": 176, "right": true, "left": false, "value": 1}, {"source": 172, "target": 194, "right": true, "left": false, "value": 1}, {"source": 173, "target": 193, "right": false, "left": true, "value": 1}, {"source": 174, "target": 194, "right": true, "left": false, "value": 1}, {"source": 178, "target": 207, "right": true, "left": false, "value": 1}, {"source": 179, "target": 182, "right": true, "left": false, "value": 1}, {"source": 179, "target": 207, "right": true, "left": false, "value": 1}, {"source": 182, "target": 207, "right": true, "left": true, "value": 1}, {"source": 182, "target": 186, "right": false, "left": true, "value": 1}, {"source": 182, "target": 190, "right": false, "left": true, "value": 1}, {"source": 184, "target": 196, "right": true, "left": false, "value": 1}, {"source": 185, "target": 207, "right": true, "left": false, "value": 1}, {"source": 187, "target": 194, "right": true, "left": false, "value": 1}, {"source": 188, "target": 194, "right": true, "left": false, "value": 1}, {"source": 190, "target": 207, "right": true, "left": false, "value": 1}, {"source": 194, "target": 208, "right": false, "left": true, "value": 1}, {"source": 196, "target": 206, "right": false, "left": true, "value": 1}, {"source": 197, "target": 209, "right": true, "left": false, "value": 1}]}