{"nodes": [{"asin": "B003900116", "name": "Kicker 10DC122 Enclosed Car Audio Subwoofer", "imUrl": "http://ecx.images-amazon.com/images/I/51ul7Na%2BkmL._SY300_.jpg", "price": 269.95, "numReviews": 7, "groups": [0], "averageRating": 3.857142857142857, "brand": "Kicker", "salesRankCategory": "Electronics", "salesRank": 83585}, {"asin": "B0017G9C9Q", "name": "Kicker 08GL710 Square 10-Inch 250mm Cast Grille", "imUrl": "http://ecx.images-amazon.com/images/I/41MGd6KSAiL._SX300_.jpg", "price": 29.99, "numReviews": 8, "groups": [1], "averageRating": 4.75, "brand": "Kicker"}, {"asin": "B005D5R7NA", "name": "Hifonics Hfx12d4 12 Inch 600 Watt Hf Series Dual 4 Ohm Car Subwoofer", "imUrl": "http://ecx.images-amazon.com/images/I/51OVxkVsXUL._SX300_.jpg", "price": 31.0, "numReviews": 1, "groups": [2], "averageRating": 5.0, "brand": "Hifonics"}, {"asin": "B006P2QUE2", "name": "Powerbass S104DX 10-Inch Dual 4 Ohm Subwoofer", "imUrl": "http://ecx.images-amazon.com/images/I/41RqUEr8QoL._SY300_.jpg", "price": 43.95, "numReviews": 2, "groups": [3], "averageRating": 4.5}, {"asin": "B00I0BX5RG", "name": "2) VM Audio ECW120 Encore 12\" Competition Car Subwoofers Subs 6000W DVC (Pair)", "imUrl": "http://ecx.images-amazon.com/images/I/41w7%2B2y25zL._SX300_.jpg", "price": 249.95, "numReviews": 9, "groups": [4], "averageRating": 5.0}, {"asin": "B000N8MW8C", "name": "Kicker CompVR 07CVR124 12-Inch 4-Ohm DVC Subwoofer", "imUrl": "http://ecx.images-amazon.com/images/I/41Pbrda5%2BcL._SY300_.jpg", "price": 87.98, "numReviews": 66, "groups": [5], "averageRating": 4.621212121212121}, {"asin": "B005LTNTNK", "name": "MTX Audio RTL12X2D Road Thunder Subwoofer Enclosure - Set of 2", "imUrl": "http://ecx.images-amazon.com/images/I/41efUkydjqL._SY300_.jpg", "price": 209.95, "numReviews": 2, "groups": [6], "averageRating": 5.0, "brand": "MTX"}, {"asin": "B0013L59V0", "name": "Pioneer TS-SWX310 12-Inch Shallow Series Preloaded Enclosure", "imUrl": "http://ecx.images-amazon.com/images/I/41evfBBOQ3L._SX300_.jpg", "price": 148.95, "numReviews": 56, "groups": [7], "averageRating": 4.482142857142857, "brand": "Pioneer"}, {"asin": "B00BY81QEQ", "name": "Kicker 40CWRT102 CompRT Series 10 inch Subwoofer Dual 2 Ohm", "imUrl": "http://ecx.images-amazon.com/images/I/51TBS-2eLUL._SY300_.jpg", "price": 169.95, "numReviews": 2, "groups": [8], "averageRating": 5.0, "brand": "Kicker"}, {"asin": "B00DW7NS8Y", "name": "2 VM Audio SRW15 15\" 2400W Car Subwoofers Power Subs Woofer DVC 4 Ohm 2400 Watt", "imUrl": "http://ecx.images-amazon.com/images/I/41W-L8bE7ZL._SX300_.jpg", "price": 116.99, "numReviews": 2, "groups": [9], "averageRating": 4.0}, {"asin": "B005NZGG1E", "name": "MTX Audio TN10-04 Terminator Series Subwoofer", "imUrl": "http://ecx.images-amazon.com/images/I/41sPGIL3V%2BL._SY300_.jpg", "price": 44.99, "numReviews": 2, "groups": [10], "averageRating": 5.0, "brand": "MTX"}, {"asin": "B002BDU8BK", "name": "MPL MBB-300-27TZ High Powered Dual 12-Inch 1200 Watt  Band Pass Subwoofers, Amplifier and Wiring Kit", "imUrl": "http://ecx.images-amazon.com/images/I/41JFK6TCSjL._SX300_.jpg", "price": 144.99, "numReviews": 3, "groups": [11], "averageRating": 3.6666666666666665}, {"asin": "B003LAEJ9O", "name": "Kicker 10cvt8-2 Shallow 8\" Subwoofer 2-ohm 400 Watts", "imUrl": "http://ecx.images-amazon.com/images/I/41jfzQfswuL._SX300_.jpg", "price": 82.0, "numReviews": 14, "groups": [12], "averageRating": 5.0}, {"asin": "B001P804A2", "name": "Rockford Fosgate Prime R1S412 R1 12-Inch 150 Watt Subwoofer - 4 Ohm", "imUrl": "http://ecx.images-amazon.com/images/I/41ZVSmaYG0L._SX300_.jpg", "price": 44.88, "numReviews": 16, "groups": [13], "averageRating": 4.3125, "brand": "Rockford Fosgate"}, {"asin": "B0032FOKEC", "name": "BOSS Audio CX15 Chaos Exxtreme 15-inch 1000-watt SINGLE Voice Coil Subwoofer", "imUrl": "http://ecx.images-amazon.com/images/I/51w6-MX-y6L._SX300_.jpg", "price": 39.33, "numReviews": 5, "groups": [14], "averageRating": 2.8, "brand": "BOSS"}, {"asin": "B006RNCFN4", "name": "Package: (2) Pioneer Champion TS-W259D4 10\" 2400 Watt Peak / 700 Watt RMS Dual 4 Ohm Voice Coil Car Stereo Subwoofers + Atrend E10D Dual 10\" MDF Sealed Subwoofer Enclosure + Dual Enclosure Wiring Kit With 14 Gauge Speaker Wire + Screws + Spade Terminals", "imUrl": "http://ecx.images-amazon.com/images/I/51WadznjD7L._SX300_.jpg", "price": 11.41, "numReviews": 1, "groups": [15], "averageRating": 4.0}, {"asin": "B00269X90G", "name": "JBL GTO1514D 15-Inch Die-Cast Dual-Voice-Coil Subwoofer", "imUrl": "http://ecx.images-amazon.com/images/I/41jf1w1dm3L._SY300_.jpg", "price": 109.95, "numReviews": 11, "groups": [16], "averageRating": 4.7272727272727275, "brand": "JBL"}, {"asin": "B00BUVRKQK", "name": "Kicker 40TCWRT124 12\" Single Subwoofer Enclosure", "imUrl": "http://ecx.images-amazon.com/images/I/51GJkBg6c4L._SX300_.jpg", "price": 269.95, "numReviews": 1, "groups": [17], "averageRating": 3.0, "brand": "Kicker"}, {"asin": "B00HU74HPK", "name": "VM Audio EXW12 Elux 12\" Competition Car Audio Power Subwoofer Sub 2400W DVC", "imUrl": "http://ecx.images-amazon.com/images/I/41XSXG9RztL._SX300_.jpg", "price": 69.99, "numReviews": 10, "groups": [18], "averageRating": 4.1}, {"asin": "B001P86T88", "name": "Rockford Fosgate Prime R1S410 R1 10-Inch 150 Watt Subwoofer - 4 Ohm", "imUrl": "http://ecx.images-amazon.com/images/I/41lVeYLDAzL._SX300_.jpg", "price": 39.64, "numReviews": 48, "groups": [19], "averageRating": 4.770833333333333, "brand": "Rockford Fosgate"}, {"asin": "B007590HN4", "name": "(2) BOSS AUDIO P12DVC 12\" 4000W Car Power Subwoofers", "imUrl": "http://ecx.images-amazon.com/images/I/41509NoJ-IL._SY300_.jpg", "price": 116.31, "numReviews": 10, "groups": [20], "averageRating": 3.0, "brand": "BOSS"}, {"asin": "B0037G0OZU", "name": "Kicker 10CVR102 10 CompVR Dual Voice Coil Subwoofer", "imUrl": "http://ecx.images-amazon.com/images/I/51nxc%2B9%2BbSL._SX300_.jpg", "price": 89.99, "numReviews": 3, "groups": [21], "averageRating": 5.0, "brand": "Kicker"}, {"asin": "B0076SIH04", "name": "Rockford Fosgate P3SD2-10 Punch P3S 10-Inch 2-Ohm DVC Shallow Subwoofer", "imUrl": "http://ecx.images-amazon.com/images/I/31c3aPtllwL._SX300_.jpg", "price": 109.0, "numReviews": 8, "groups": [22], "averageRating": 4.375, "brand": "Rockford Fosgate"}, {"asin": "B00BJF4VBO", "name": "MTX Audio FPR12-02 Shallow Mount Subwoofer", "imUrl": "http://ecx.images-amazon.com/images/I/41tK14sFTzL._SY300_.jpg", "price": 121.98, "numReviews": 2, "groups": [23], "averageRating": 5.0, "brand": "MTX"}, {"asin": "B004LMHT0W", "name": "Kicker 11S12L72 12-Inch 1500W 2 Ohm Car Subwoofer", "imUrl": "http://ecx.images-amazon.com/images/I/41LTVllTyOL._SY300_.jpg", "price": 348.99, "numReviews": 11, "groups": [24], "averageRating": 4.818181818181818, "brand": "Kicker"}, {"asin": "B00B3ZB6C2", "name": "E8V3D4 - Sundown Audio 8\" DVC 4 ohm Subwoofer", "imUrl": "http://ecx.images-amazon.com/images/I/51YNG-UQc1L._SY300_.jpg", "price": 99.99, "numReviews": 4, "groups": [25], "averageRating": 4.75}, {"asin": "B000CHVLPO", "name": "Pyramid WH12 12-Inch 500 Watt High Power Paper Cone 8 Ohm Subwoofer", "imUrl": "http://ecx.images-amazon.com/images/I/418geTH8GxL._SX300_.jpg", "price": 15.21, "numReviews": 39, "groups": [26], "averageRating": 3.871794871794872, "brand": "Pyramid"}, {"asin": "B004TOI0EQ", "name": "New Pioneer Ts-Swx251 10inch Shallow Series Preloaded Enclosure Composite Impp Cone 200w Nominal", "imUrl": "http://ecx.images-amazon.com/images/I/41xftsy8dnL._SY300_.jpg", "price": 114.99, "numReviews": 1, "groups": [27], "averageRating": 5.0, "salesRankCategory": "Electronics", "salesRank": 230601}, {"asin": "B00HU76YAQ", "name": "VM Audio EXW15 Elux 15\" Competition Car Audio Power Subwoofer Sub 2600W DVC", "imUrl": "http://ecx.images-amazon.com/images/I/41sxav5HHIL._SX300_.jpg", "price": 74.99, "numReviews": 8, "groups": [28], "averageRating": 4.25}, {"asin": "B00ISAPGEY", "name": "Kicker DCWR122 12\" 3200W Car Subwoofers + Box Enclosure + 3000W Amp + Amp Kit", "imUrl": "http://ecx.images-amazon.com/images/I/519Lz1V0J%2BL._SX300_.jpg", "price": 339.99, "numReviews": 4, "groups": [29], "averageRating": 4.25}, {"asin": "B000YQ9W5Y", "name": "Kicker CompVR 07CVR102 10-Inch 2-Ohm DVC Subwoofer", "imUrl": "http://ecx.images-amazon.com/images/I/41Pbrda5%2BcL._SY300_.jpg", "price": 11.41, "numReviews": 4, "groups": [30], "averageRating": 4.5}, {"asin": "B0038KVZ0S", "name": "Kicker 10tcvt84 Tcvt8 Single Comp. Vt 8 Sub Thin", "imUrl": "http://ecx.images-amazon.com/images/I/41UT0myhIoL._SX300_.jpg", "price": 99.95, "numReviews": 9, "groups": [31], "averageRating": 4.444444444444445}, {"asin": "B003AXGSLY", "name": "Kicker 10CVR154 15 CompVR 4 Ohm DVC Subwoofer", "imUrl": "http://ecx.images-amazon.com/images/I/41LjMffa4RL._SY300_.jpg", "price": 154.47, "numReviews": 4, "groups": [32], "averageRating": 5.0, "brand": "Kicker"}, {"asin": "B0032FOJXO", "name": "Boss BASS900 8 inch Low Profile Amplified Subwoofer with Remote Subwoofer Level Control (Discontinued by Manufacturer)", "imUrl": "http://ecx.images-amazon.com/images/I/41TeiA62OaL._SX300_.jpg", "price": 98.24, "numReviews": 18, "groups": [33], "averageRating": 1.7222222222222223}, {"asin": "B00BUV7HL8", "name": "Kicker 40CWRT101 CompRT Series 10 inch Subwoofer Dual 1 Ohm", "imUrl": "http://ecx.images-amazon.com/images/I/51TBS-2eLUL._SY300_.jpg", "price": 169.94, "numReviews": 1, "groups": [8], "averageRating": 5.0, "brand": "Kicker"}, {"asin": "B001OSA9LM", "name": "Pyle PL110SS Single 10-Inch Slim Bass Box System", "imUrl": "http://ecx.images-amazon.com/images/I/51RZJNC8TXL._SY300_.jpg", "price": 72.65, "numReviews": 3, "groups": [34], "averageRating": 3.3333333333333335, "brand": "Pyle"}, {"asin": "B004HW6F9M", "name": "Pioneer TS-SWX251 10\" Flat Subwoofer with Enclosure 800 Watts", "imUrl": "http://ecx.images-amazon.com/images/I/41W%2B6fr0akL._SX300_.jpg", "price": 148.7, "numReviews": 225, "groups": [35], "averageRating": 4.662222222222222, "brand": "Pioneer"}, {"asin": "B00BJF4VCI", "name": "MTX Audio FPR10-04 Shallow Mount Subwoofer", "imUrl": "http://ecx.images-amazon.com/images/I/412P4OphlSL._SY300_.jpg", "price": 109.99, "numReviews": 1, "groups": [36], "averageRating": 5.0, "brand": "MTX"}, {"asin": "B00DY0BT2G", "name": "Package: (2) Pioneer Ts-w310s4 12\" 2800 Watt 4 Ohm Champion Series Subwoofer + Rockville Rd12 Dual 12\" Sealed Subwoofer Enclosure + Dual Enclosure Wiring Kit with 14 Gauge Speaker Wire + Screws + Spade Terminals", "imUrl": "http://ecx.images-amazon.com/images/I/51ot-NsfUGL._SX300_.jpg", "price": 11.41, "numReviews": 3, "groups": [37], "averageRating": 4.666666666666667}, {"asin": "B0085CAYZ6", "name": "Soundstream USB-8A 8\" Powered Subwoofer Slim Enclosure", "imUrl": "http://ecx.images-amazon.com/images/I/51f4OGiiNtL._SY300_.jpg", "price": 136.89, "numReviews": 23, "groups": [38], "averageRating": 4.260869565217392, "brand": "Soundstream"}, {"asin": "B0031YAQGK", "name": "Sony XS GTX120LW - Xplod car subwoofer driver - 350 Watt - 12\" - graphite", "imUrl": "http://ecx.images-amazon.com/images/I/21GAAfC6VAL.jpg", "price": 47.84, "numReviews": 3, "groups": [39], "averageRating": 4.333333333333333}, {"asin": "B0002EHOOY", "name": "Pyle PPA8 Professional Premium Pa Woofer", "imUrl": "http://ecx.images-amazon.com/images/I/51WdW3nrHPL._SY300_.jpg", "price": 21.23, "numReviews": 11, "groups": [40], "averageRating": 3.727272727272727, "brand": "Pyle"}, {"asin": "B003GSLEBM", "name": "SSL E12D E Series 12\" Dual 4 Ohm Voice Coil Subwoofer, 1500 Watts", "imUrl": "http://ecx.images-amazon.com/images/I/414Z7hCmdfL._SX300_.jpg", "price": 47.99, "numReviews": 22, "groups": [41], "averageRating": 2.4545454545454546}, {"asin": "B0013AAI2G", "name": "Kicker 08S10L74 Solo-Baric 10-Inch 250mm 4-Ohm DVC Subwoofer", "imUrl": "http://ecx.images-amazon.com/images/I/51QhIyeFdKL._SY300_.jpg", "price": 224.35, "numReviews": 2, "groups": [42], "averageRating": 5.0}, {"asin": "B001AQTZKY", "name": "Rockford Fosgate Punch P3 P3D410 10-Inch 400-Watt Subwoofer - 4 Ohm", "imUrl": "http://ecx.images-amazon.com/images/I/51u0SfdNSzL._SY300_.jpg", "price": 181.09, "numReviews": 5, "groups": [43], "averageRating": 5.0, "brand": "Rockford Fosgate"}, {"asin": "B0036B8UUW", "name": "Hifonics Brutus BRZ15D4 15\" Woofer DVC 4 Ohm", "imUrl": "http://ecx.images-amazon.com/images/I/51Eg6VFeERL._SY300_.jpg", "price": 60.84, "numReviews": 32, "groups": [44], "averageRating": 4.5625, "brand": "Hifonics"}, {"asin": "B003BLUZ6O", "name": "Kicker 10\" CompVX Car Subwoofer 4 OHM 10CVX104", "imUrl": "http://ecx.images-amazon.com/images/I/51Nq0gI7iuL._SY300_.jpg", "price": 185.99, "numReviews": 7, "groups": [45], "averageRating": 5.0, "brand": "Kicker"}, {"asin": "B00GI0IJKE", "name": "BOSS CX104DVC 10\" 2400W Car Subwoofers Subs+Dual Vented Box+Amplifier+Amp Kit", "imUrl": "http://ecx.images-amazon.com/images/I/51JYm1%2BwfSL._SX300_.jpg", "price": 207.99, "numReviews": 2, "groups": [46], "averageRating": 3.5}, {"asin": "B00HS43K9O", "name": "VM Audio ECW120 Encore 12\" Competition Car Audio Power Subwoofer Sub 3000W DVC", "imUrl": "http://ecx.images-amazon.com/images/I/41tyZu1tR8L._SX300_.jpg", "price": 134.95, "numReviews": 11, "groups": [4], "averageRating": 4.0}, {"asin": "B0017GESRC", "name": "Kicker 08GL78 Square 8-Inch 200mm Cast Grille", "imUrl": "http://ecx.images-amazon.com/images/I/41MGd6KSAiL._SX300_.jpg", "price": 25.9, "numReviews": 2, "groups": [47], "averageRating": 4.5, "brand": "Kicker"}, {"asin": "B004MLYRHU", "name": "NEW XXX Car Audio 2) 15\" 1500W Subs/Car Amp Kit/Sub Box", "imUrl": "http://ecx.images-amazon.com/images/I/51ceCOU6dJL._SX300_.jpg", "price": 255.03, "numReviews": 14, "groups": [48], "averageRating": 2.0714285714285716}, {"asin": "B00FATWHKW", "name": "Kicker DCompS102 (40DCWS102) Dual 10\" CompS Series Loaded Subwoofer Enclosure", "imUrl": "http://ecx.images-amazon.com/images/I/51-VX5gx6BL._SX300_.jpg", "price": 279.94, "numReviews": 1, "groups": [49], "averageRating": 4.0, "brand": "Kicker"}, {"asin": "B004MX8KFS", "name": "Kicker S15L74 4-ohm 15\" Car Audio Subwoofer 11S15L74", "imUrl": "http://ecx.images-amazon.com/images/I/51%2B1Zct9UbL._SY300_.jpg", "price": 296.58, "numReviews": 15, "groups": [50], "averageRating": 4.466666666666667, "brand": "Kicker"}, {"asin": "B00BHSTULY", "name": "Hifonics ASW12D4 Atlas Vehicle Subwoofer", "imUrl": "http://ecx.images-amazon.com/images/I/41WDnSMh1yL._SY300_.jpg", "price": 41.45, "numReviews": 1, "groups": [51], "averageRating": 1.0, "brand": "Hifonics"}, {"asin": "B007T2PFIE", "name": "Planet Audio ACR124D Subwoofer - Set of 1", "imUrl": "http://ecx.images-amazon.com/images/I/418KgDPF8wL._SX300_.jpg", "price": 43.5, "numReviews": 2, "groups": [52], "averageRating": 1.0}, {"asin": "B00HWLWEKY", "name": "Rockville RW10CA 10\" 800 Watts Peak/200 Watts RMS Slim Powered/Active Sealed Car Subwoofer With Bass Remote", "imUrl": "http://ecx.images-amazon.com/images/I/515JJ1TPK4L._SY300_.jpg", "price": 11.41, "numReviews": 6, "groups": [53], "averageRating": 5.0}, {"asin": "B000KIQTJS", "name": "Kicker CompVX 06CVX154 15-Inch 4-Ohm DVC Subwoofer", "imUrl": "http://ecx.images-amazon.com/images/I/414AutwIvGL._SX300_.jpg", "price": 264.1, "numReviews": 1, "groups": [54], "averageRating": 4.0}, {"asin": "B000N8JW3U", "name": "Kicker CompVT 07CVT104 10-Inch 250mm 4-Ohm SVC Subwoofer", "imUrl": "http://ecx.images-amazon.com/images/I/31fxfe1iP0L._SY300_.jpg", "price": 92.78, "numReviews": 6, "groups": [55], "averageRating": 4.666666666666667}, {"asin": "B0017GBA7S", "name": "Kicker 08GL712 Square 12-Inch 300mm Cast Grille", "imUrl": "http://ecx.images-amazon.com/images/I/41MGd6KSAiL._SX300_.jpg", "price": 28.84, "numReviews": 14, "groups": [56], "averageRating": 4.642857142857143, "brand": "Kicker"}, {"asin": "B00BHSTVOK", "name": "Hifonics BRX12D4 Brutus Vehicle Subwoofer", "imUrl": "http://ecx.images-amazon.com/images/I/51HF60U-9cL._SY300_.jpg", "price": 89.95, "numReviews": 1, "groups": [57], "averageRating": 5.0, "brand": "Hifonics"}, {"asin": "B004UJF0FM", "name": "Mb Quart Onx302 12-Inch 1600 Watt Peak 800 Watt RMS Onyx Series Car Subwoofers", "imUrl": "http://ecx.images-amazon.com/images/I/41Gg1JGhOvL._SX300_.jpg", "price": 59.98, "numReviews": 1, "groups": [58], "averageRating": 5.0}, {"asin": "B001OSCEB0", "name": "Lanzar VCHB212 Vector 2400 Watts Dual 12-Inch Slim Designed Bass Box Enclosure", "imUrl": "http://ecx.images-amazon.com/images/I/51jfnMdMstL._SY300_.jpg", "price": 98.2, "numReviews": 3, "groups": [59], "averageRating": 2.0, "brand": "Lanzar"}, {"asin": "B0042X964W", "name": "Sony XSGTX121LS 12-Inch Subwoofer with Enclosure", "imUrl": "http://ecx.images-amazon.com/images/I/51rUBtUCDfL._SY300_.jpg", "price": 11.41, "numReviews": 23, "groups": [60], "averageRating": 4.434782608695652}, {"asin": "B0017GGQSG", "name": "Kicker 08GL715 Square 15-Inch 380mm Cast Grille", "imUrl": "http://ecx.images-amazon.com/images/I/41MGd6KSAiL._SX300_.jpg", "price": 40.0, "numReviews": 3, "groups": [61], "averageRating": 5.0, "brand": "Kicker"}, {"asin": "B00EVXRV6S", "name": "SA-8 V2 D4 - Sundown Audio 8\" 500W DVC 4Ohm Subwoofer Version 2", "imUrl": "http://ecx.images-amazon.com/images/I/41bDMqwUpbL._SX300_.jpg", "price": 179.99, "numReviews": 6, "groups": [62], "averageRating": 5.0, "salesRankCategory": "Electronics", "salesRank": 62669}, {"asin": "B0007GBAZG", "name": "Pyle PL1290BL 12-Inch 1,200-Watt DVC Subwoofer", "imUrl": "http://ecx.images-amazon.com/images/I/51TbY-vvN3L._SX300_.jpg", "price": 29.59, "numReviews": 205, "groups": [63], "averageRating": 4.004878048780488, "brand": "Pyle"}, {"asin": "B00GY7CT9S", "name": "2) New BOSS AUDIO CX104DVC 10\" 2400W Car Subwoofers Power Subs Woofers DVC 4 Ohm", "imUrl": "http://ecx.images-amazon.com/images/I/51zZ5lyGeTL._SX300_.jpg", "price": 84.28, "numReviews": 2, "groups": [64], "averageRating": 3.5, "brand": "BOSS"}, {"asin": "B00I03FA54", "name": "Rockville RV12.2A Single 12\" 1200 Watts Peak / 400 Watts RMS Bass Enclosure System With Matching Mono Block Class A/B Car Amplifier With Wiring Kit and Wired Bass Remote Knob", "imUrl": "http://ecx.images-amazon.com/images/I/419cRexmlFL._SX300_.jpg", "price": 159.95, "numReviews": 2, "groups": [65], "averageRating": 3.0}, {"asin": "B00HZFTGEO", "name": "Rockville RV10.1A 500w 10\" Loaded Car Subwoofer Enclosure+Mono Amplifier+Amp Kit", "imUrl": "http://ecx.images-amazon.com/images/I/41r0S8BQzxL._SX300_.jpg", "price": 99.95, "numReviews": 1, "groups": [66], "averageRating": 1.0}, {"asin": "B00JZZTT58", "name": "Pioneer TS-SW2502S4 10\" 1200W Subwoofer w/ UD-SW250D Downfiring Enclosure", "imUrl": "http://ecx.images-amazon.com/images/I/4175rSGVHgL._SX300_.jpg", "price": 114.99, "numReviews": 1, "groups": [67], "averageRating": 5.0}, {"asin": "B001JT7B4E", "name": "Powerbass PSWB12 Dual 12-Inch Loaded Enclosure", "imUrl": "http://ecx.images-amazon.com/images/I/41j5rXPWHuL._SY300_.jpg", "price": 168.22, "numReviews": 5, "groups": [68], "averageRating": 4.2}, {"asin": "B003ZWFC12", "name": "SA-10 D2 - Sundown Audio 10\" Dual 2-Ohm SA Series Subwoofer", "imUrl": "http://ecx.images-amazon.com/images/I/41YZ3K5dF2L._SX300_.jpg", "price": 26.99, "numReviews": 5, "groups": [69], "averageRating": 5.0}, {"asin": "B0036MQWJ2", "name": "10CVT124", "imUrl": "http://ecx.images-amazon.com/images/I/41QjbzicHoL._SY300_.jpg", "price": 101.95, "numReviews": 20, "groups": [70], "averageRating": 4.55}, {"asin": "B0016GV25Y", "name": "Polk Audio db1222 Dual Enclosure 12-Inch Subwoofer (Single, Chrome)", "imUrl": "http://ecx.images-amazon.com/images/I/31UuMcUxrRL._SY300_.jpg", "price": 274.97, "numReviews": 11, "groups": [71], "averageRating": 4.818181818181818, "brand": "Polk Audio"}, {"asin": "B00DW7I9B0", "name": "NEW VM Audio SRW12 12\" 1000W Car Subwoofer Power Sub Woofer DVC 4 Ohm 1000 Watt", "imUrl": "http://ecx.images-amazon.com/images/I/415%2BFKxcnGL._SX300_.jpg", "price": 29.99, "numReviews": 9, "groups": [72], "averageRating": 3.4444444444444446}, {"asin": "B0019VSWS6", "name": "Pyramid PW12290 12-Inch 1200 Watt Subwoofer", "imUrl": "http://ecx.images-amazon.com/images/I/51F1FbSDwyL._SX300_.jpg", "price": 11.41, "numReviews": 1, "groups": [73], "averageRating": 4.0}, {"asin": "B001NPXHCO", "name": "Alpine SWE-1043 10 Inch 750 Watt 4 Ohm Type E Series Car Audio Subwoofer", "imUrl": "http://ecx.images-amazon.com/images/I/51NrYJ3MJ5L._SX300_.jpg", "price": 59.0, "numReviews": 3, "groups": [74], "averageRating": 5.0}, {"asin": "B00HWM1JQI", "name": "Rockville RW8CA 8\" 600 Watts Peak/150 Watts RMS Slim Powered/Active Sealed Car Subwoofer With Bass Remote", "imUrl": "http://ecx.images-amazon.com/images/I/51O-aK2fK5L._SY300_.jpg", "price": 94.95, "numReviews": 1, "groups": [75], "averageRating": 5.0}, {"asin": "B00005Y6OR", "name": "Legacy LWF10X 10'' 400 Watt Legacy ''L'' Series Woofer (Set of 1)", "imUrl": "http://ecx.images-amazon.com/images/I/512yDE4SY2L._SY300_.jpg", "price": 23.45, "numReviews": 61, "groups": [76], "averageRating": 3.8852459016393444, "brand": "Legacy"}, {"asin": "B00DW7R6SW", "name": "2 VM Audio SRW12 12\" 2000W Car Subwoofers Power Subs Woofer DVC 4 Ohm 2000 Watts", "imUrl": "http://ecx.images-amazon.com/images/I/41wEsl2feIL._SX300_.jpg", "price": 64.99, "numReviews": 14, "groups": [77], "averageRating": 3.7142857142857144}, {"asin": "B0002BAFTI", "name": "Lanzar MAX12D 12-Inch Dual Voice Coil Subwoofer for Small Enclosures", "imUrl": "http://ecx.images-amazon.com/images/I/51gmWqM%2BMaL._SY300_.jpg", "price": 46.0, "numReviews": 6, "groups": [78], "averageRating": 3.0, "brand": "Lanzar"}, {"asin": "B004UFHXNS", "name": "Rockford Fosgate P3D2-10 Punch P3 DVC 2 Ohm 10-Inch 500 Watts RMS 1000 Watts Peak Subwoofer", "imUrl": "http://ecx.images-amazon.com/images/I/41TWL-TkI4L._SX300_.jpg", "price": 127.69, "numReviews": 40, "groups": [79], "averageRating": 4.725, "brand": "Rockford Fosgate"}, {"asin": "B004GJ3Y90", "name": "Kicker 10cvx12-2 Ohm Round 12-Inch Subwoofer", "imUrl": "http://ecx.images-amazon.com/images/I/51NT-nghL2L._SY300_.jpg", "price": 299.95, "numReviews": 8, "groups": [80], "averageRating": 4.75, "brand": "Kicker"}, {"asin": "B008U2AJV0", "name": "Package: (2) Kenwood Performance Series KFC-W12PS 12\" 2000 Watt Single 4 Ohm Car Audio Subwoofers + Atrend Dual 12\" MDF Vented Subwoofer Enclosure + Dual Sub Box Enclosure Kit With 14 Gauge Speaker Wire + Screws + Spade Terminals", "imUrl": "http://ecx.images-amazon.com/images/I/51Zb89KFuTL._SX300_.jpg", "price": 11.41, "numReviews": 1, "groups": [81], "averageRating": 4.0}, {"asin": "B00EL2A8BY", "name": "Package: (2) Rockford Fosgate P1S2-12 12\" 1000 Watt 2-Ohm Car Subwoofers With StampCast Basket + Rockville RD12 Dual 12\" 1.25 cu.ft. Sealed Subwoofer Enclosure + Dual Enclosure Wire Kit With 14 Gauge Speaker Wire + Screws + Spade Terminals", "imUrl": "http://ecx.images-amazon.com/images/I/511DhoCYZEL._SX300_.jpg", "price": 174.95, "numReviews": 1, "groups": [82], "averageRating": 4.0}, {"asin": "B0001658NM", "name": "Truck Box Enclosure with Three 10\" Woofers", "imUrl": "http://ecx.images-amazon.com/images/I/41-2CniFAdL._SX300_.jpg", "price": 149.95, "numReviews": 1, "groups": [83], "averageRating": 4.0}, {"asin": "B004MX79AA", "name": "Kicker TS10L72 (11TS10L72) 10\" Angled Vented Sub Enclosure with 1 Solo-Baric 10\" L7 (2 Ohm)", "imUrl": "http://ecx.images-amazon.com/images/I/51vmCWoqoJL._SY300_.jpg", "price": 379.95, "numReviews": 1, "groups": [84], "averageRating": 5.0}, {"asin": "B005EIYC8E", "name": "Package: Pair of (2) Hifonics HFX12D4 12\" 1200 Watt HFX Series Dual 4 Ohm Car Subwoofers + Dual 12\" MDF Vented Subwoofer Enclosure + Dual Sub Box Enclosure Kit With 14 Gauge Speaker Wire + Screws + Spade Terminals", "imUrl": "http://ecx.images-amazon.com/images/I/51CFzkc60pL._SX300_.jpg", "price": 11.41, "numReviews": 4, "groups": [85], "averageRating": 4.75}, {"asin": "B00B4M88TS", "name": "Package: (2) Autotek M12D4 12\" 2000 Watt Dual 4 Ohm Mean Machine Series Car Subwoofers + Atrend Dual 12\" MDF Vented Subwoofer Enclosure + Dual Enclosure Wiring Kit + Visonik VK1600.1D 1600 Watt Mono Amplifier + Cadence WK41 Complete 4 Gauge Wire Kit", "imUrl": "http://ecx.images-amazon.com/images/I/51V-XJDyK2L._SX300_.jpg", "price": 11.41, "numReviews": 1, "groups": [86], "averageRating": 5.0}, {"asin": "B00026BMCC", "name": "Pyle 15 Inch 8OHM Woofer", "imUrl": "http://ecx.images-amazon.com/images/I/415fswecw5L._SY300_.jpg", "price": 33.99, "numReviews": 35, "groups": [87], "averageRating": 4.428571428571429, "brand": "Pyle"}, {"asin": "B0007WTDPE", "name": "Bazooka CS8A 8\" Powered Subwoofer Bass Tube", "imUrl": "http://ecx.images-amazon.com/images/I/21TjyRMEfOL.jpg", "price": 11.41, "numReviews": 1, "groups": [88], "averageRating": 5.0}, {"asin": "B00454XPMW", "name": "GRS 8PF-8 8\" Paper Cone Foam Surround Woofer", "imUrl": "http://ecx.images-amazon.com/images/I/41IkHEWdX6L._SY300_.jpg", "price": 11.25, "numReviews": 14, "groups": [89], "averageRating": 4.714285714285714}, {"asin": "B00022OA4I", "name": "Pyle PPA10 Professional Premium Pa Woofer", "imUrl": "http://ecx.images-amazon.com/images/I/4150l8DeTQL._SY300_.jpg", "price": 26.51, "numReviews": 19, "groups": [90], "averageRating": 4.052631578947368, "brand": "Pyle"}, {"asin": "B001PV6XW2", "name": "JL Audio 13TW5-3 Sub Woofer", "imUrl": "http://ecx.images-amazon.com/images/I/31HBaySWPWL._SX300_.jpg", "price": 499.0, "numReviews": 8, "groups": [91], "averageRating": 4.75}, {"asin": "B0059XVLOW", "name": "Rockford Fosgate R2 Ultra Shallow 12-Inch 4 Ohm DVC Subwoofer", "imUrl": "http://ecx.images-amazon.com/images/I/51F-xEDm8rL._SY300_.jpg", "price": 66.95, "numReviews": 7, "groups": [92], "averageRating": 4.285714285714286, "brand": "Rockford Fosgate"}, {"asin": "B000PGQ1J8", "name": "Sony XSL120B5D Box-Dual SubWoofer", "imUrl": "http://ecx.images-amazon.com/images/I/41G2Rdkqh1L._SX300_.jpg", "price": 11.41, "numReviews": 4, "groups": [93], "averageRating": 4.5}, {"asin": "B001HBJ1KQ", "name": "Rockford Fosgate Punch P1 P1S810 10-Inch 150-Watt Subwoofer - 8 Ohm", "imUrl": "http://ecx.images-amazon.com/images/I/51mEUQyuZJL._SY300_.jpg", "price": 99.99, "numReviews": 6, "groups": [94], "averageRating": 4.666666666666667}, {"asin": "B000NY9TJG", "name": "Kicker CompVT 07CVT122 12-Inch 300mm 2-Ohm SVC Subwoofer", "imUrl": "http://ecx.images-amazon.com/images/I/41TvinIJlZL._SY300_.jpg", "price": 103.4, "numReviews": 7, "groups": [95], "averageRating": 4.428571428571429}, {"asin": "B001GQJ2TM", "name": "JBL GTO1214 12-Inch Die-Cast Single-Voice-Coil Subwoofer", "imUrl": "http://ecx.images-amazon.com/images/I/41C4b6jX57L._SX300_.jpg", "price": 109.95, "numReviews": 5, "groups": [96], "averageRating": 5.0, "brand": "JBL"}, {"asin": "B009UYZO0I", "name": "13TW5V2-4 - JL Audio 13.5\" 4-Ohm 600W Shallow Mount Car Subwoofer", "imUrl": "http://ecx.images-amazon.com/images/I/41CgyTCmrQL._SY300_.jpg", "price": 419.0, "numReviews": 2, "groups": [97], "averageRating": 5.0, "brand": "JL Audio"}, {"asin": "B00C9U0P18", "name": "BOSS Audio P127DVC Phantom Elite 12-inch 2300-watt DUAL Voice Coil Subwoofer", "imUrl": "http://ecx.images-amazon.com/images/I/41HdqF59xdL._SY300_.jpg", "price": 75.99, "numReviews": 3, "groups": [98], "averageRating": 3.6666666666666665, "brand": "BOSS"}, {"asin": "B005NBZEV6", "name": "PAIR BOSS AUDIO P126DVC Phantom 12\" 4600W Car Power Subwoofers", "imUrl": "http://ecx.images-amazon.com/images/I/41iugnniJZL._SX300_.jpg", "price": 124.99, "numReviews": 19, "groups": [99], "averageRating": 3.210526315789474, "brand": "BOSS"}, {"asin": "B00BHSTSO8", "name": "Hifonics ZW12D4 Zeus Vehicle Subwoofer", "imUrl": "http://ecx.images-amazon.com/images/I/41VOUwWBuKL._SY300_.jpg", "price": 28.95, "numReviews": 7, "groups": [100], "averageRating": 3.2857142857142856, "brand": "Hifonics"}, {"asin": "B000CHRJVY", "name": "Legacy LW12590 12-Inch 2000 Watt DVC Legacy Red Series Subwoofer", "imUrl": "http://ecx.images-amazon.com/images/I/41fW%2BTF1vaL._SX300_.jpg", "price": 40.0, "numReviews": 5, "groups": [101], "averageRating": 4.8}, {"asin": "B0046IFY4E", "name": "15-SC12S4 - Memphis 12\" Shallow 4 Ohm SVC Subwoofer", "imUrl": "http://ecx.images-amazon.com/images/I/31TWagzAOaL._SY300_.jpg", "price": 11.41, "numReviews": 4, "groups": [102], "averageRating": 3.0}, {"asin": "B00ID8DUP8", "name": "2) VM Audio EXW12 Elux 12\" Competition Car Power Subwoofer Subs 4800W DVC (Pair)", "imUrl": "http://ecx.images-amazon.com/images/I/41x2AS0BMRL._SX300_.jpg", "price": 110.99, "numReviews": 9, "groups": [103], "averageRating": 4.666666666666667}, {"asin": "B00EL23VN6", "name": "Package: (2) MB Quart OWC304 ONYX Series 12\" 700 Watt Car Subwoofers + Rockville RDV12 Dual 12\" Vented Sub Enclosure + Dual Sub Box Enclosure Kit + Cadence Flash FXA1500.1 1500 Watt Mono Amplifier + Cadence WK41 Complete 4 Gauge Wire Kit", "imUrl": "http://ecx.images-amazon.com/images/I/51KO9FQFlHL._SX300_.jpg", "price": 11.41, "numReviews": 2, "groups": [104], "averageRating": 5.0}, {"asin": "B00BHSTTJM", "name": "Hifonics HWX12D4 Hercules Vehicle Subwoofer", "imUrl": "http://ecx.images-amazon.com/images/I/41X0RjG0i-L._SY300_.jpg", "price": 33.96, "numReviews": 1, "groups": [105], "averageRating": 5.0, "brand": "Hifonics"}, {"asin": "B004NMJEXK", "name": "MTX Audio XTL110P Universal Powered Subwoofer Enclosure", "imUrl": "http://ecx.images-amazon.com/images/I/41fb5uZgLRL._SY300_.jpg", "price": 175.62, "numReviews": 4, "groups": [106], "averageRating": 3.75, "brand": "MTX"}, {"asin": "B00022OBQK", "name": "PYLE PLHB12 Dual 12-Inch 1000 Watt Hatchback Woofer", "imUrl": "http://ecx.images-amazon.com/images/I/412H405HPTL._SY300_.jpg", "price": 119.69, "numReviews": 3, "groups": [107], "averageRating": 3.0}, {"asin": "B0002YE2TE", "name": "Quantum BPW10D Bass Inferno 10-Inch 2000 Watts 4 Ohms DVC Subwoofer", "imUrl": "http://ecx.images-amazon.com/images/I/41276NXoUyL._SX300_.jpg", "price": 62.16, "numReviews": 6, "groups": [108], "averageRating": 4.833333333333333}, {"asin": "B003ZWGSRO", "name": "SA-10 D4 - Sundown Audio 10\" Dual 4-Ohm SA Series Subwoofer", "imUrl": "http://ecx.images-amazon.com/images/I/5137M1LLesL._SY300_.jpg", "price": 11.41, "numReviews": 6, "groups": [69], "averageRating": 5.0}, {"asin": "B004WK2LS8", "name": "MTX 12\" Single 2 OHM Subwoofer 200W RMS", "imUrl": "http://ecx.images-amazon.com/images/I/41jsQXOEdyL._SY300_.jpg", "price": 48.98, "numReviews": 1, "groups": [109], "averageRating": 5.0}, {"asin": "B0082GBBWA", "name": "Audiobahn AMW120H 12-Inch Shallow-Mount Dual 4 Ohm Murdered Out Series Subwoofer", "imUrl": "http://ecx.images-amazon.com/images/I/51Q1tGVQBKL._SY300_.jpg", "price": 44.88, "numReviews": 2, "groups": [110], "averageRating": 3.0}, {"asin": "B004PRXZZ6", "name": "Kicker 11S12L32 Solo Baric 12 2 Ohm Dvc Sq Woofe", "imUrl": "http://ecx.images-amazon.com/images/I/51ss4geaR0L._SY300_.jpg", "price": 87.98, "numReviews": 4, "groups": [111], "averageRating": 3.0}, {"asin": "B007TNRMAC", "name": "JL Audio CS212-WXv2 Car Stereo Subwoofer", "imUrl": "http://ecx.images-amazon.com/images/I/21G%2B4RfbuWL.jpg", "price": 285.94, "numReviews": 2, "groups": [112], "averageRating": 3.0}, {"asin": "B00CUVNPYA", "name": "Package: (2) Alpine Type-E SWE-10S4 10\" Inch 1500 Watt 4-Ohm Voice Coil Subwoofers + Rockville RDV10 Dual 10\" 1.1 Cu. Ft. Vented Subwoofer Enclosure + Dual Enclosure Wiring Kit With 14 Gauge Speaker Wire + Screws + Spade Terminals", "imUrl": "http://ecx.images-amazon.com/images/I/41hDTZ8XcoL._SX300_.jpg", "price": 11.41, "numReviews": 1, "groups": [113], "averageRating": 5.0}, {"asin": "B0001Y7AOO", "name": "10W6V2 10-Inch Subwoofer with Dual 4 Ohm Voice Coils", "imUrl": "http://ecx.images-amazon.com/images/I/51MjOU3A82L._SX300_.jpg", "price": 379.99, "numReviews": 16, "groups": [114], "averageRating": 4.5}, {"asin": "B00318GH7S", "name": "Soundstream STEALTH13BX Shallow Depth Loaded Enclosure", "imUrl": "http://ecx.images-amazon.com/images/I/419VqXoqXOL._SX300_.jpg", "price": 179.95, "numReviews": 1, "groups": [115], "averageRating": 1.0}, {"asin": "B004X8ROLS", "name": "Kenwood KFC-W3013PS Performance Series 12-Inch Single Voice Coil 4-Ohm Car Subwoofer", "imUrl": "http://ecx.images-amazon.com/images/I/51JjIB7suQL._SX300_.jpg", "price": 58.95, "numReviews": 34, "groups": [116], "averageRating": 4.470588235294118, "brand": "Kenwood"}, {"asin": "B001J1XWZ4", "name": "MTX Magnum MB210SP Dual 10\" Enclosure/Amp Combo", "imUrl": "http://ecx.images-amazon.com/images/I/41C3ZgpFlJL._SY300_.jpg", "price": 199.95, "numReviews": 185, "groups": [117], "averageRating": 4.124324324324324, "brand": "MTX"}, {"asin": "B003LAEZ84", "name": "Brand New Kicker 10cvx15-2 Ohm Round 15\" Subwoofer with 2,000 Watts Peak and 1,000 Watts RMS", "imUrl": "http://ecx.images-amazon.com/images/I/41rzb0cUrPL._SY300_.jpg", "price": 399.95, "numReviews": 2, "groups": [118], "averageRating": 5.0, "brand": "Kicker"}, {"asin": "B0014L8TVG", "name": "BOSS Audio D10F Phantom 10-inch 800-watt SINGLE Voice Coil Subwoofer", "imUrl": "http://ecx.images-amazon.com/images/I/51Gc4e-BeDL._SX300_.jpg", "price": 36.95, "numReviews": 109, "groups": [119], "averageRating": 4.220183486238532, "brand": "BOSS"}, {"asin": "B00CMC6O68", "name": "SSL SS8 SS 8-inch 400-watt SINGLE Voice Coil Subwoofer", "imUrl": "http://ecx.images-amazon.com/images/I/41Sni4EOTAL._SX300_.jpg", "price": 15.97, "numReviews": 3, "groups": [120], "averageRating": 4.333333333333333}, {"asin": "B00BUV7GJ6", "name": "Kicker 40CWR104 CompR Series 10 inch Subwoofer 4 Ohm", "imUrl": "http://ecx.images-amazon.com/images/I/51wgnA3k3YL._SY300_.jpg", "price": 102.99, "numReviews": 2, "groups": [121], "averageRating": 4.5, "brand": "Kicker"}, {"asin": "B001JSYA2Q", "name": "Kicker Comp 07C108 10-Inch 8-Ohm Subwoofer", "imUrl": "http://ecx.images-amazon.com/images/I/417S09T4qeL._SY300_.jpg", "price": 53.47, "numReviews": 4, "groups": [122], "averageRating": 5.0}, {"asin": "B005OQZJ6A", "name": "MTX Audio RTL12-44 Road Thunder RTS Series Subwoofer", "imUrl": "http://ecx.images-amazon.com/images/I/41Kpf-f2HOL._SY300_.jpg", "price": 61.0, "numReviews": 1, "groups": [123], "averageRating": 5.0, "brand": "MTX"}, {"asin": "B00BWCTYN4", "name": "10W6v3-D4 - JL Audio 10\" 600W Dual 4-Ohm Car Subwoofer", "imUrl": "http://ecx.images-amazon.com/images/I/51pJbZIlxWL._SY300_.jpg", "price": 363.99, "numReviews": 4, "groups": [124], "averageRating": 5.0, "brand": "JL Audio"}, {"asin": "B00HDFBXJC", "name": "KICKER DC12 DUAL 12\" 600W Loaded Car Audio Subwoofers Subs+Box+Amplifier+Amp Kit", "imUrl": "http://ecx.images-amazon.com/images/I/51toR%2BogD4L._SX300_.jpg", "price": 339.99, "numReviews": 9, "groups": [125], "averageRating": 4.333333333333333}, {"asin": "B005FO0F42", "name": "Package: Rockford Fosgate R2SD2-10 10\" 400 Watt Prime R2 Dual 2 Ohm Voice Coil Shallow Subwoofer + Atrend Single 10\" Sealed Slim Car/Truck Subwoofer Enclosure + Sub Box Wire Kit With 14 Gauge Speaker Wire + Screws + Spade Terminals", "imUrl": "http://ecx.images-amazon.com/images/I/51iyYtPUqtL._SY300_.jpg", "price": 108.0, "numReviews": 1, "groups": [126], "averageRating": 5.0}, {"asin": "B0019QC6E2", "name": "Kicker 08S10L54 Solo-Baric 250mm 4-Ohm DVC Subwoofer-10-Inch", "imUrl": "http://ecx.images-amazon.com/images/I/51lxhzfmmDL._SY300_.jpg", "price": 224.82, "numReviews": 7, "groups": [127], "averageRating": 4.714285714285714}, {"asin": "B00424OKXI", "name": "MTX Audio TN12-04 12\" Single 4 ohm Terminator Series Subwoofer", "imUrl": "http://ecx.images-amazon.com/images/I/41jsQXOEdyL._SY300_.jpg", "price": 41.98, "numReviews": 3, "groups": [128], "averageRating": 3.0, "brand": "MTX"}, {"asin": "B004UFHXD8", "name": "Rockford Fosgate P1S8-12 Punch P1 SVC 8 Ohm 12-Inch 250 Watts RMS 500 Watts Peak Subwoofer", "imUrl": "http://ecx.images-amazon.com/images/I/31I8FEE4K6L._SX300_.jpg", "price": 65.16, "numReviews": 4, "groups": [129], "averageRating": 4.75}, {"asin": "B00BU9J9GQ", "name": "Kicker 40CWR102 CompR Series 10 inch Subwoofer 2 Ohm", "imUrl": "http://ecx.images-amazon.com/images/I/51wgnA3k3YL._SY300_.jpg", "price": 129.94, "numReviews": 2, "groups": [130], "averageRating": 4.5, "brand": "Kicker"}, {"asin": "B006P2RW2G", "name": "Powerbass S124DX 12-Inch Dual 4 Ohm Subwoofer", "imUrl": "http://ecx.images-amazon.com/images/I/41uwp%2BDJRuL._SY300_.jpg", "price": 43.93, "numReviews": 4, "groups": [131], "averageRating": 4.5}, {"asin": "B0076SIGXW", "name": "Rockford Fosgate P3SD4-10 Punch P3S 10-Inch 4-Ohm DVC Shallow Subwoofer", "imUrl": "http://ecx.images-amazon.com/images/I/311I0g-LcFL._SX300_.jpg", "price": 104.54, "numReviews": 16, "groups": [22], "averageRating": 4.375, "brand": "Rockford Fosgate"}, {"asin": "B00BJB5LP8", "name": "SBX100 175 W RMS Woofer - Black", "imUrl": "http://ecx.images-amazon.com/images/I/51UNqTmPQ8L._SY300_.jpg", "price": 59.46, "numReviews": 16, "groups": [132], "averageRating": 4.625}, {"asin": "B000CHVM8U", "name": "Legacy LW1249 12-Inch 1200 WattLegacy Red Series Subwoofer", "imUrl": "http://ecx.images-amazon.com/images/I/519HQLr0jpL._SX300_.jpg", "price": 54.04, "numReviews": 2, "groups": [133], "averageRating": 4.5}, {"asin": "B001JSYAA8", "name": "Kicker Comp 07C128 12-Inch 8-Ohm Subwoofer", "imUrl": "http://ecx.images-amazon.com/images/I/417S09T4qeL._SY300_.jpg", "price": 61.99, "numReviews": 1, "groups": [134], "averageRating": 5.0}, {"asin": "B003AILWH4", "name": "Rockford Fosgate Power T1D210 10\" 600 watt Power Subwoofer", "imUrl": "http://ecx.images-amazon.com/images/I/41ab1GTY9CL._SY300_.jpg", "price": 132.48, "numReviews": 8, "groups": [135], "averageRating": 4.25}, {"asin": "B004XYJ1FE", "name": "Kenwood P-w1210 Kac-1502s 2 Channel Amplifier + Two Kfcw112s 12-Inch Subwoofers Combination Pack", "imUrl": "http://ecx.images-amazon.com/images/I/41kqqlobEML._SX300_.jpg", "price": 169.99, "numReviews": 15, "groups": [136], "averageRating": 3.8666666666666667, "brand": "Kenwood"}, {"asin": "B0057Z1UXE", "name": "HIFONICS HFX12D4 12\" 800W Car Audio Subwoofer Sub", "imUrl": "http://ecx.images-amazon.com/images/I/51OVxkVsXUL._SX300_.jpg", "price": 36.35, "numReviews": 64, "groups": [137], "averageRating": 4.15625}, {"asin": "B005PO9Q0G", "name": "New Rockford Fosgate R2 Ultra Shallow 10-Inch 2 Ohm DVC Subwoofer", "imUrl": "http://ecx.images-amazon.com/images/I/51qZVMW6FaL._SY300_.jpg", "price": 59.94, "numReviews": 15, "groups": [138], "averageRating": 4.6, "brand": "Rockford Fosgate"}, {"asin": "B00C25LK9G", "name": "Kicker 40CWR124 12\" CompR Car Subwoofer", "imUrl": "http://ecx.images-amazon.com/images/I/51Hv0yZ6JVL._SY300_.jpg", "price": 149.95, "numReviews": 4, "groups": [139], "averageRating": 4.0, "brand": "Kicker"}, {"asin": "B000N2N24G", "name": "Kenwood KFC-W3011 1200-Watt 12-Inch Subwoofer", "imUrl": "http://ecx.images-amazon.com/images/I/41YHqG0FvaL._SX300_.jpg", "price": 58.95, "numReviews": 41, "groups": [140], "averageRating": 4.7073170731707314}, {"asin": "B0013C42ZI", "name": "Legacy LW857D - 8 Inchs 800 Watt Legacy Red Series Subwoofer", "imUrl": "http://ecx.images-amazon.com/images/I/41ybIsgwZ%2BL._SX300_.jpg", "price": 58.15, "numReviews": 5, "groups": [141], "averageRating": 2.6}, {"asin": "B0013FJ9BC", "name": "Kicker 08S12L74 Solo-Baric L7 12-Inch 300mm 4-Ohm DVC Subwoofer", "imUrl": "http://ecx.images-amazon.com/images/I/41lMyKzmeDL._SY300_.jpg", "price": 289.99, "numReviews": 10, "groups": [142], "averageRating": 4.1}, {"asin": "B0081OQRAO", "name": "Powerbass BTA8 Single 8-Inch 150W Amp Enclosure", "imUrl": "http://ecx.images-amazon.com/images/I/411aYgM-eXL._SX300_.jpg", "price": 117.88, "numReviews": 3, "groups": [143], "averageRating": 5.0}, {"asin": "B0007LCKVY", "name": "Legacy LW12270 12-Inch 1000 Watt Blue Diamond Subwoofer", "imUrl": "http://ecx.images-amazon.com/images/I/5166lmM9LqL._SX300_.jpg", "price": 40.0, "numReviews": 1, "groups": [144], "averageRating": 2.0}, {"asin": "B0032FOKDS", "name": "BOSS Audio CX122 Chaos Exxtreme 12-inch 1400-watt SINGLE Voice Coil Subwoofer", "imUrl": "http://ecx.images-amazon.com/images/I/51BArdHirtL._SX300_.jpg", "price": 38.95, "numReviews": 83, "groups": [145], "averageRating": 4.144578313253012, "brand": "BOSS"}, {"asin": "B002IYBARI", "name": "SPL Audio 15in SP3 DVC 2 Ohm Subwoofer 2800W Max 1200W RMS Each - SPL Audio SP315", "imUrl": "http://ecx.images-amazon.com/images/I/419E1hjH2TL._SX300_.jpg", "price": 143.09, "numReviews": 2, "groups": [146], "averageRating": 4.5}, {"asin": "B003T03JVK", "name": "Kicker 10cvx10-4 Ohm Round 10-Inch Subwoofer", "imUrl": "http://ecx.images-amazon.com/images/I/41-rOantGOL._SY300_.jpg", "price": 199.95, "numReviews": 2, "groups": [45], "averageRating": 4.5, "brand": "Kicker"}, {"asin": "B000CQEIYQ", "name": "Pyramid WH1038 10-Inch 300 Watt High Power Paper Cone 8 Ohm Subwoofer", "imUrl": "http://ecx.images-amazon.com/images/I/41otBpjV8aL._SX300_.jpg", "price": 20.98, "numReviews": 20, "groups": [147], "averageRating": 4.5, "brand": "Pyramid"}, {"asin": "B0037G2TYO", "name": "Kicker CVR104 10\" Dual 4 ohm CompVR Series Car Subwoofer", "imUrl": "http://ecx.images-amazon.com/images/I/418rmELWjRL._SY300_.jpg", "price": 74.92, "numReviews": 14, "groups": [148], "averageRating": 4.5, "brand": "Kicker"}, {"asin": "B004WMPAFW", "name": "Boston Acoustics G215-44 15-Inch 600 Watt Dual 4 Ohm G2 Series Subwoofer", "imUrl": "http://ecx.images-amazon.com/images/I/41YjsLYIPcL._SX300_.jpg", "price": 69.95, "numReviews": 2, "groups": [149], "averageRating": 5.0}, {"asin": "B0059XVKUW", "name": "Rockford Fosgate R2 Ultra Shallow 12-Inch 2 Ohm DVC Subwoofer", "imUrl": "http://ecx.images-amazon.com/images/I/51IgqOYB8yL._SY300_.jpg", "price": 61.94, "numReviews": 9, "groups": [92], "averageRating": 3.7777777777777777, "brand": "Rockford Fosgate"}, {"asin": "B005N29DPS", "name": "Brand New XS-GTX120LW Xplod Series 12\" 1000 Watt Single 4 Ohm Subwoofer Car Sub", "imUrl": "http://ecx.images-amazon.com/images/I/41XBS1k6bEL._SX300_.jpg", "price": 11.41, "numReviews": 12, "groups": [150], "averageRating": 4.75}, {"asin": "B00BOB3VF0", "name": "2) BOSS AUDIO P12DVC 12\" 4000W Car Power Subwoofers Subs + Vented Enclosure Box", "imUrl": "http://ecx.images-amazon.com/images/I/41VSDAwujuL._SY300_.jpg", "price": 149.99, "numReviews": 5, "groups": [151], "averageRating": 1.4}, {"asin": "B0013VH52Q", "name": "Lanzar VCW10D Vector 10-Inch Dual 4 Ohm Shallow Subwoofer", "imUrl": "http://ecx.images-amazon.com/images/I/41UVQRGBzUL._SX300_.jpg", "price": 32.75, "numReviews": 4, "groups": [152], "averageRating": 3.5, "brand": "Lanzar"}, {"asin": "B004UCS8LC", "name": "PIONEER TS-W309D4 12\" SUBWOOFER with Dual Voice Coils", "imUrl": "http://ecx.images-amazon.com/images/I/51nSOtuyHDL._SY300_.jpg", "price": 66.49, "numReviews": 3, "groups": [153], "averageRating": 5.0}, {"asin": "B00C77N01K", "name": "Kicker 40CWRT122 12\" CompRT Car Subwoofer", "imUrl": "http://ecx.images-amazon.com/images/I/51GxtC3ieeL._SX300_.jpg", "price": 189.95, "numReviews": 2, "groups": [154], "averageRating": 2.0, "brand": "Kicker"}, {"asin": "B001WNBY9U", "name": "Kicker Solo Classic 09S15C4  15-Inch 4-Ohm Subwoofer", "imUrl": "http://ecx.images-amazon.com/images/I/41VP4O3r5uL._SY300_.jpg", "price": 197.97, "numReviews": 1, "groups": [155], "averageRating": 5.0}, {"asin": "B00371QP94", "name": "Sony XSLB10S Slim Line Subwoofer with Enclosure", "imUrl": "http://ecx.images-amazon.com/images/I/51Sdi49QmmL._SX300_.jpg", "price": 11.41, "numReviews": 2, "groups": [156], "averageRating": 5.0}, {"asin": "B000MCGEQ0", "name": "PYLE PLWB108 10-Inch 600 Watt 8 Ohm Subwoofer", "imUrl": "http://ecx.images-amazon.com/images/I/41lBFozQ2oL._SX300_.jpg", "price": 21.08, "numReviews": 3, "groups": [157], "averageRating": 3.6666666666666665}, {"asin": "B001OSCEAQ", "name": "Lanzar VCHB210 Vector 2000-Watt Dual 10-Inch Slim-Designed Bass Box Enclosure", "imUrl": "http://ecx.images-amazon.com/images/I/51w-UiNbQaL._SY300_.jpg", "price": 109.77, "numReviews": 4, "groups": [158], "averageRating": 2.5}, {"asin": "B003WRRI44", "name": "Q Power L412D 12\" 4 Hole Car Subwoofer Box w/ Divider", "imUrl": "http://ecx.images-amazon.com/images/I/41mxGYBnGmL._SX300_.jpg", "price": 74.61, "numReviews": 1, "groups": [159], "averageRating": 5.0}, {"asin": "B0002J1JPE", "name": "Quantum Q3000-12D 12-Inch DVC Subwoofer", "imUrl": "http://ecx.images-amazon.com/images/I/41iX7UPog5L._SX300_.jpg", "price": 90.1, "numReviews": 4, "groups": [160], "averageRating": 4.5}, {"asin": "B00079P6ZI", "name": "Lanzar MAX12 Max 12-Inch 1000 Watt Small Enclosure 4 Ohm Subwoofer", "imUrl": "http://ecx.images-amazon.com/images/I/51Z8wuA%2BddL._SY300_.jpg", "price": 51.34, "numReviews": 8, "groups": [161], "averageRating": 4.25, "brand": "Lanzar"}, {"asin": "B00097A568", "name": "Kicker 05C124 12\" Comp Series Subwoofer, 4-Ohm", "imUrl": "http://ecx.images-amazon.com/images/I/51qu1KDc70L._SX300_.jpg", "price": 61.99, "numReviews": 3, "groups": [162], "averageRating": 3.0, "salesRankCategory": "Electronics", "salesRank": 257831}, {"asin": "B007AQ2WC6", "name": "Rockford Fosgate P3S-1X10 P3 Shallow Punch Single 10-Inch Loaded Subwoofer Enclosure", "imUrl": "http://ecx.images-amazon.com/images/I/51VMbY2FJcL._SY300_.jpg", "price": 145.94, "numReviews": 3, "groups": [163], "averageRating": 3.0, "brand": "Rockford Fosgate"}, {"asin": "B001CO9RR0", "name": "Rockford Fosgate Punch P2 P2D412 12-Inch 250-Watt Subwoofer - 4 Ohm", "imUrl": "http://ecx.images-amazon.com/images/I/51E6heVaRiL._SY300_.jpg", "price": 95.77, "numReviews": 1, "groups": [164], "averageRating": 5.0, "brand": "Rockford Fosgate"}, {"asin": "B001JECAM2", "name": "MTX Audio Terminator Series TNE212D 1,200-Watt Dual 12-Inch Sub Enclosure", "imUrl": "http://ecx.images-amazon.com/images/I/41Duy7FualL._SY300_.jpg", "price": 169.95, "numReviews": 228, "groups": [165], "averageRating": 4.447368421052632, "brand": "MTX"}, {"asin": "B000FHAXPA", "name": "JBL GTO804 Reduced Depth 8-Inch Subwoofer", "imUrl": "http://ecx.images-amazon.com/images/I/51cAm-%2BLfHL._SX300_.jpg", "price": 59.89, "numReviews": 103, "groups": [166], "averageRating": 4.504854368932039, "brand": "JBL"}, {"asin": "B004UFHX4M", "name": "Rockford Fosgate P1S8-10 Punch P1 SVC 8 Ohm 10-Inch 250 Watts RMS 500 Watts Peak Subwoofer", "imUrl": "http://ecx.images-amazon.com/images/I/41C8LwFOLXL._SX300_.jpg", "price": 28.51, "numReviews": 4, "groups": [167], "averageRating": 4.75}, {"asin": "B0007GBB0K", "name": "Pyle PL1590BL 15-Inch 1400 Watt DVC Subwoofer", "imUrl": "http://ecx.images-amazon.com/images/I/51xHgIj-LqL._SX300_.jpg", "price": 54.26, "numReviews": 206, "groups": [168], "averageRating": 4.004854368932039, "brand": "Pyle"}, {"asin": "B001AQQ4NK", "name": "Rockford Fosgate Punch P3 Shallow 10-Inch 300-Watt Subwoofer", "imUrl": "http://ecx.images-amazon.com/images/I/41lTJzf7zYL._SY300_.jpg", "price": 122.29, "numReviews": 4, "groups": [169], "averageRating": 4.75, "brand": "Rockford Fosgate"}, {"asin": "B004PKQ5I2", "name": "Kicker 11S10L34 4-ohm 10\" Car Audio Subwoofer 2011 S10L34", "imUrl": "http://ecx.images-amazon.com/images/I/51UlNYCPmRL._SY300_.jpg", "price": 11.41, "numReviews": 6, "groups": [170], "averageRating": 4.166666666666667}, {"asin": "B00HZFWW9K", "name": "Rockville RV10.2A 1000w Dual 10\" Car Subwoofer Enclosure+Mono Amplifier+Amp Kit", "imUrl": "http://ecx.images-amazon.com/images/I/4182vETqWlL._SX300_.jpg", "price": 139.95, "numReviews": 4, "groups": [171], "averageRating": 3.75}, {"asin": "B00454YEWW", "name": "GRS 12PR-8 12\" Poly Cone Rubber Surround Woofer", "imUrl": "http://ecx.images-amazon.com/images/I/41n9HgjT50L._SY300_.jpg", "price": 19.7, "numReviews": 17, "groups": [172], "averageRating": 4.705882352941177}, {"asin": "B000V1RLM8", "name": "Pyramid PW848USX 8-Inch 350 Watt High Performance 8 Ohm Subwoofer", "imUrl": "http://ecx.images-amazon.com/images/I/41iBh4J2a%2BL._SX300_.jpg", "price": 15.82, "numReviews": 26, "groups": [173], "averageRating": 4.5, "brand": "Pyramid"}, {"asin": "B007QUBT4S", "name": "2) HIFONICS HFX12D4 12\" 1600W Car Audio Subwoofers", "imUrl": "http://ecx.images-amazon.com/images/I/41mipkfxWAL._SX300_.jpg", "price": 59.99, "numReviews": 20, "groups": [100, 137], "averageRating": 4.1}, {"asin": "B000PT19CY", "name": "Kicker 05DC124 12\" Comp Dual Vented Box, 4 Ohm", "imUrl": "http://ecx.images-amazon.com/images/I/31ErM2PB4OL.jpg", "price": 149.95, "numReviews": 1, "groups": [174], "averageRating": 5.0}, {"asin": "B0018JIY9Q", "name": "Rockford Fosgate Punch P3L-S10 Shallow Single P3S 10-Inch Pre-Loaded Enclosure", "imUrl": "http://ecx.images-amazon.com/images/I/41u8HOj9%2B1L._SX300_.jpg", "price": 399.0, "numReviews": 4, "groups": [175], "averageRating": 4.5}, {"asin": "B005FXFS8G", "name": "MTX Audio RT8PT Universal Powered Subwoofer Enclosure", "imUrl": "http://ecx.images-amazon.com/images/I/51mPcyXKVgL._SX300_.jpg", "price": 149.98, "numReviews": 29, "groups": [176], "averageRating": 4.206896551724138, "brand": "MTX"}, {"asin": "B000XPV7PO", "name": "Kicker CompVR 07DCVR122 2-Ohm 2 Subwoofers In-Vent Box", "imUrl": "http://ecx.images-amazon.com/images/I/41DQJHzNAsL._SX300_.jpg", "price": 61.99, "numReviews": 27, "groups": [177], "averageRating": 4.555555555555555}, {"asin": "B00ECCGDSK", "name": "VM Audio Dual 10\" Vented Port 1600 Watt Sub Car Stereo Box Bass Package w/Amp", "imUrl": "http://ecx.images-amazon.com/images/I/41PnXjwux4L._SX300_.jpg", "price": 11.41, "numReviews": 4, "groups": [178], "averageRating": 5.0}, {"asin": "B006NQBQTY", "name": "Brand New Pioneer TS-SWX251 10\" 800 Watt Peak / 200 Watt RMS Sealed Loaded Shallow Subwoofer Enclosure perfect for great sound without taking up space", "imUrl": "http://ecx.images-amazon.com/images/I/51KH8YOBe4L._SX300_.jpg", "price": 114.99, "numReviews": 13, "groups": [179], "averageRating": 4.923076923076923}, {"asin": "B007GYU30K", "name": "JBL GT-BassPro12 12-Inch (300mm) Car Audio Powered Subwoofer System", "imUrl": "http://ecx.images-amazon.com/images/I/41iWcAquYnL._SX300_.jpg", "price": 244.77, "numReviews": 21, "groups": [180], "averageRating": 4.714285714285714, "brand": "JBL"}, {"asin": "B000CHTHA0", "name": "Pyramid WH1238 12-Inch 400 Watt High Power Paper Cone 8 Ohm Subwoofer", "imUrl": "http://ecx.images-amazon.com/images/I/41i9I9r6h8L._SX300_.jpg", "price": 26.09, "numReviews": 3, "groups": [181], "averageRating": 4.0, "brand": "Pyramid"}, {"asin": "B00D0YZ00S", "name": "Package: Alpine Type-E SWE-10S4 10\" Inch 750 Watt 4-Ohm Voice Coil Subwoofer + Rockville RSV10 Single 10\" 1.0 cu. ft. Vented Subwoofer Enclosure + Single Enclosure Wire Kit With 14 Gauge Speaker Wire + Screws + Spade Terminals", "imUrl": "http://ecx.images-amazon.com/images/I/510BiBTt3vL._SX300_.jpg", "price": 11.41, "numReviews": 1, "groups": [182], "averageRating": 4.0}, {"asin": "B0036MQWN8", "name": "Kicker 10CVT104 10-Inch CompVT Series Shallow Mount Subwoofer", "imUrl": "http://ecx.images-amazon.com/images/I/41DUocImv8L._SY300_.jpg", "price": 92.75, "numReviews": 25, "groups": [183], "averageRating": 4.4, "brand": "Kicker"}, {"asin": "B0068XYNH4", "name": "Rockford Fosgate R2S-1X10 Prime R2S Single 10-Inch Shallow Loaded Enclosure", "imUrl": "http://ecx.images-amazon.com/images/I/51vHvYPwyTL._SY300_.jpg", "price": 90.45, "numReviews": 47, "groups": [184], "averageRating": 4.531914893617022, "brand": "Rockford Fosgate"}, {"asin": "B001OSCEAG", "name": "Lanzar VCHB110 Vector 1000 Watts Single 10-Inch Slim Designed Bass Box Enclosure", "imUrl": "http://ecx.images-amazon.com/images/I/51gfLnUx7gL._SY300_.jpg", "price": 72.01, "numReviews": 2, "groups": [185], "averageRating": 3.0}, {"asin": "B003EB393C", "name": "Kicker 10tcvt122 Tcvt12 Single Comp. 12 Sub 2ohm", "imUrl": "http://ecx.images-amazon.com/images/I/41n-%2B1yaG5L._SX300_.jpg", "price": 11.41, "numReviews": 5, "groups": [186], "averageRating": 4.0}, {"asin": "B00BLQJ1OI", "name": "Pair of SA-10 D4 - Sundown Audio 10\" Dual 4-Ohm SA Series Subwoofer SA10D4", "imUrl": "http://ecx.images-amazon.com/images/I/51VkqGewIuL._SY300_.jpg", "price": 11.41, "numReviews": 1, "groups": [187], "averageRating": 5.0}, {"asin": "B003KN2TLM", "name": "JBL GT5-12D 12-Inch Dual-Voice-Coil Subwoofer", "imUrl": "http://ecx.images-amazon.com/images/I/41SOgoQyQ5L._SY300_.jpg", "price": 71.55, "numReviews": 9, "groups": [188], "averageRating": 4.333333333333333, "brand": "JBL"}, {"asin": "B00DAL3LW0", "name": "Package: Kicker 10C15D4 15\" 500 Watt Dual 4-Ohm Comp Car Subwoofer + Rockville RSQ15 Single 15\" Subwoofer Enclosure + Sub Box Wire Kit With 14 Gauge Speaker Wire + Screws + Spade Terminals", "imUrl": "http://ecx.images-amazon.com/images/I/51w8m9pNOvL._SX300_.jpg", "price": 144.95, "numReviews": 1, "groups": [189], "averageRating": 2.0}, {"asin": "B003L9VE0M", "name": "Brand New Kicker 10cvt10-4 Ohm 800 Watt Shallow Mount Car Subwoofer", "imUrl": "http://ecx.images-amazon.com/images/I/41%2BBKd%2BD96L._SX300_.jpg", "price": 93.22, "numReviews": 2, "groups": [190], "averageRating": 5.0, "brand": "Kicker"}, {"asin": "B002U88PNE", "name": "XXX Car Audio Pair 10\" Subs/Car Amp Kit/Sub Box", "imUrl": "http://ecx.images-amazon.com/images/I/21WAsmB6ezL.jpg", "price": 187.99, "numReviews": 20, "groups": [191], "averageRating": 4.1}, {"asin": "B001QEQVES", "name": "JBL GT5-1202BR Single 12-Inch Preloaded Ported Enclosure", "imUrl": "http://ecx.images-amazon.com/images/I/41GpX9TxV8L._SX300_.jpg", "price": 144.89, "numReviews": 2, "groups": [192], "averageRating": 5.0, "brand": "JBL"}, {"asin": "B0036MOQCM", "name": "Kicker 10C124 Comp 12-Inch Subwoofer 4 SVC (Black)", "imUrl": "http://ecx.images-amazon.com/images/I/51mazx1%2BdTL._SY300_.jpg", "price": 60.97, "numReviews": 115, "groups": [193, 194], "averageRating": 4.6521739130434785, "brand": "Kicker"}, {"asin": "B000230LN6", "name": "Pyle PLSQ10D 10-Inch 1,200-Watt Square DVC Subwoofer", "imUrl": "http://ecx.images-amazon.com/images/I/51uULTea7hL._SY300_.jpg", "price": 25.99, "numReviews": 30, "groups": [195], "averageRating": 4.2, "brand": "Pyle"}, {"asin": "B004MX8KLM", "name": "Kicker 8\" Solo-Baric L7 Car Subwoofer 4 OHM 11S8L74", "imUrl": "http://ecx.images-amazon.com/images/I/515DyZEEq3L._SY300_.jpg", "price": 189.98, "numReviews": 4, "groups": [196], "averageRating": 4.75, "brand": "Kicker"}, {"asin": "B00ETHX9SA", "name": "Belva BPKG212 1200W Complete Bass Package with Two 12\" Subs in Ported Box, Monoblock Amplifier and Amp Kit", "imUrl": "http://ecx.images-amazon.com/images/I/41ymMIKqK-L._SX300_.jpg", "price": 11.41, "numReviews": 3, "groups": [197], "averageRating": 3.0}, {"asin": "B004UFHXIS", "name": "Rockford Fosgate P2D4-12 Punch P2 DVC 4 Ohm 12-Inch 400 Watts RMS 800 Watts Peak Subwoofer", "imUrl": "http://ecx.images-amazon.com/images/I/41u5uKpC-NL._SX300_.jpg", "price": 94.94, "numReviews": 45, "groups": [198], "averageRating": 4.688888888888889, "brand": "Rockford Fosgate"}, {"asin": "B00CW4U5CU", "name": "Rockville RVB12.1A 12\" 500 Watt Peak and 300 Watt RMS 4-Ohm Car Powered Subwoofer Enclosed in Sub Enclosure", "imUrl": "http://ecx.images-amazon.com/images/I/41ytQohxOAL._SX300_.jpg", "price": 89.95, "numReviews": 2, "groups": [199], "averageRating": 4.5}, {"asin": "B0037G0OZK", "name": "Kicker CVR124 12\" Dual 4 ohm CompVR Series Car Subwoofer", "imUrl": "http://ecx.images-amazon.com/images/I/414fExcI2ML._SY300_.jpg", "price": 88.99, "numReviews": 26, "groups": [148, 193], "averageRating": 4.653846153846154, "brand": "Kicker"}, {"asin": "B00B7TNXVG", "name": "Quantum BSW10D Bass Inferno 10-Inch 1500 Watts 4 Ohms DVC Subwoofer", "imUrl": "http://ecx.images-amazon.com/images/I/41KiZWVG1oL._SX300_.jpg", "price": 52.31, "numReviews": 1, "groups": [200], "averageRating": 5.0, "brand": "Quantum"}, {"asin": "B005KTRUS6", "name": "Pioneer TS-W304R 12-Inch Component Subwoofer with 1300 Watts Max Power", "imUrl": "http://ecx.images-amazon.com/images/I/51u2xM-tnaL._SX300_.jpg", "price": 47.4, "numReviews": 54, "groups": [194], "averageRating": 4.148148148148148, "brand": "Pioneer"}, {"asin": "B009SUVZZC", "name": "13TW5V2-2 - JL Audio 13.5\" 2-Ohm 600W Shallow Mount Car Subwoofer", "imUrl": "http://ecx.images-amazon.com/images/I/51uKyzjiZOL._SY300_.jpg", "price": 499.95, "numReviews": 1, "groups": [201], "averageRating": 5.0, "brand": "JL Audio"}, {"asin": "B00BJF4TOI", "name": "MTX Audio FPR10-02 Shallow Mount Subwoofer", "imUrl": "http://ecx.images-amazon.com/images/I/412P4OphlSL._SY300_.jpg", "price": 159.95, "numReviews": 2, "groups": [23], "averageRating": 5.0}, {"asin": "B001Q9ERBC", "name": "Kenwood P-W1200 12-Inch 350 Watt Max Power Bass Party Pack with KAC-5204 and KFC-W112S 2 Pieces", "imUrl": "http://ecx.images-amazon.com/images/I/41ZyJry6boL._SX300_.jpg", "price": 11.41, "numReviews": 2, "groups": [202], "averageRating": 4.5}, {"asin": "B00022OBRO", "name": "PYLE PLW12RD 12-Inch 800 Watt Subwoofer", "imUrl": "http://ecx.images-amazon.com/images/I/515E2mT6rIL._SX300_.jpg", "price": 25.48, "numReviews": 165, "groups": [26], "averageRating": 3.6}, {"asin": "B003BLK3BG", "name": "Kicker 10C84 (10C8-4) 8\" Single 4 ohm Car Subwoofer", "imUrl": "http://ecx.images-amazon.com/images/I/51DB6IE0AJL._SY300_.jpg", "price": 262.99, "numReviews": 5, "groups": [203], "averageRating": 4.8, "brand": "Kicker"}, {"asin": "B003ZWL90U", "name": "SA-8 D4 - Sundown Audio 8\" Dual 4-Ohm SA Series Subwoofer", "imUrl": "http://ecx.images-amazon.com/images/I/51jrSHeonUL._SY300_.jpg", "price": 149.99, "numReviews": 5, "groups": [62], "averageRating": 5.0}, {"asin": "B00CUWUTV6", "name": "Package: (2) Pioneer TS-W310D4 12\" 2800 Watt Dual 4-Ohm Car Audio Subwoofers + Rockville RD12 Dual 12\" Sealed Subwoofer Enclosure + Dual Enclosure Wiring Kit With 14 Gauge Speaker Wire + Screws + Spade Terminals", "imUrl": "http://ecx.images-amazon.com/images/I/51K2Amp1%2BOL._SX300_.jpg", "price": 182.95, "numReviews": 8, "groups": [204], "averageRating": 4.5}, {"asin": "B0007WRPMC", "name": "Kicker 04G12L7 Grille for 12\" Solo-Baric L7 subwoofer", "imUrl": "http://ecx.images-amazon.com/images/I/515H1cbZ3cL._SY300_.jpg", "price": 28.84, "numReviews": 1, "groups": [205], "averageRating": 5.0}, {"asin": "B002PNSNP4", "name": "RE Audio REX8D4 8-Inch Dual 4 Ohm Voice Coil Woofer", "imUrl": "http://ecx.images-amazon.com/images/I/411sX7cAjdL._SY300_.jpg", "price": 54.81, "numReviews": 7, "groups": [206], "averageRating": 4.714285714285714}, {"asin": "B004MU9X0M", "name": "E8v2D4 - Sundown Audio 8\" DVC 4 ohm Subwoofer", "imUrl": "http://ecx.images-amazon.com/images/I/41%2B5DrctJIL._SY300_.jpg", "price": 99.99, "numReviews": 3, "groups": [207], "averageRating": 5.0}, {"asin": "B004WK2LT2", "name": "MTX RTS12-44 12-Inch Dual 4-OHM Round Subwoofer", "imUrl": "http://ecx.images-amazon.com/images/I/41maLpb0iCL._SY300_.jpg", "price": 149.95, "numReviews": 1, "groups": [208], "averageRating": 5.0}, {"asin": "B001UJGUQS", "name": "JBL GTO1514 15-Inch Die-Cast Single-Voice-Coil Subwoofer", "imUrl": "http://ecx.images-amazon.com/images/I/41jf1w1dm3L._SY300_.jpg", "price": 109.94, "numReviews": 4, "groups": [16], "averageRating": 5.0, "brand": "JBL"}, {"asin": "B005GUAIBK", "name": "Sound Storm Laboratories SP88 SSL Pro Series 8-Inch 450-Watt 8-Ohm Mid-Bass Woofer with Paper Cone", "imUrl": "http://ecx.images-amazon.com/images/I/51VdO%2BpOeJL._SX300_.jpg", "price": 24.71, "numReviews": 2, "groups": [209], "averageRating": 5.0}, {"asin": "B004JBNKBC", "name": "Kicker 10CVR122 12 CompVR Dual Voice Coil Subwoofer", "imUrl": "http://ecx.images-amazon.com/images/I/41jxoKeyXoL._SY300_.jpg", "price": 84.0, "numReviews": 9, "groups": [210], "averageRating": 4.333333333333333, "brand": "Kicker"}], "links": [{"source": 0, "target": 128, "right": true, "left": false, "value": 1}, {"source": 0, "target": 171, "right": true, "left": false, "value": 1}, {"source": 1, "target": 49, "right": false, "left": true, "value": 1}, {"source": 1, "target": 202, "right": false, "left": true, "value": 1}, {"source": 1, "target": 43, "right": false, "left": true, "value": 1}, {"source": 2, "target": 141, "right": true, "left": false, "value": 1}, {"source": 3, "target": 110, "right": true, "left": false, "value": 1}, {"source": 4, "target": 48, "right": true, "left": true, "value": 1}, {"source": 4, "target": 105, "right": true, "left": false, "value": 1}, {"source": 5, "target": 200, "right": true, "left": false, "value": 1}, {"source": 5, "target": 168, "right": false, "left": true, "value": 1}, {"source": 5, "target": 206, "right": true, "left": false, "value": 1}, {"source": 5, "target": 30, "right": false, "left": true, "value": 1}, {"source": 6, "target": 171, "right": true, "left": false, "value": 1}, {"source": 7, "target": 186, "right": false, "left": true, "value": 1}, {"source": 7, "target": 162, "right": false, "left": true, "value": 1}, {"source": 7, "target": 36, "right": true, "left": false, "value": 1}, {"source": 8, "target": 153, "right": true, "left": false, "value": 1}, {"source": 8, "target": 34, "right": true, "left": true, "value": 1}, {"source": 8, "target": 190, "right": true, "left": false, "value": 1}, {"source": 9, "target": 45, "right": true, "left": false, "value": 1}, {"source": 10, "target": 131, "right": true, "left": false, "value": 1}, {"source": 11, "target": 171, "right": true, "left": false, "value": 1}, {"source": 12, "target": 172, "right": true, "left": false, "value": 1}, {"source": 13, "target": 208, "right": true, "left": false, "value": 1}, {"source": 13, "target": 19, "right": true, "left": false, "value": 1}, {"source": 14, "target": 174, "right": true, "left": false, "value": 1}, {"source": 15, "target": 208, "right": true, "left": false, "value": 1}, {"source": 16, "target": 220, "right": true, "left": true, "value": 1}, {"source": 17, "target": 36, "right": true, "left": false, "value": 1}, {"source": 18, "target": 105, "right": true, "left": false, "value": 1}, {"source": 19, "target": 96, "right": false, "left": true, "value": 1}, {"source": 19, "target": 173, "right": false, "left": true, "value": 1}, {"source": 20, "target": 101, "right": true, "left": false, "value": 1}, {"source": 20, "target": 157, "right": false, "left": true, "value": 1}, {"source": 21, "target": 153, "right": true, "left": false, "value": 1}, {"source": 21, "target": 206, "right": true, "left": false, "value": 1}, {"source": 22, "target": 142, "right": true, "left": false, "value": 1}, {"source": 22, "target": 135, "right": true, "left": true, "value": 1}, {"source": 23, "target": 210, "right": true, "left": true, "value": 1}, {"source": 23, "target": 171, "right": true, "left": false, "value": 1}, {"source": 24, "target": 146, "right": false, "left": true, "value": 1}, {"source": 25, "target": 218, "right": false, "left": true, "value": 1}, {"source": 25, "target": 214, "right": true, "left": false, "value": 1}, {"source": 26, "target": 178, "right": false, "left": true, "value": 1}, {"source": 26, "target": 188, "right": false, "left": true, "value": 1}, {"source": 26, "target": 212, "right": true, "left": true, "value": 1}, {"source": 27, "target": 36, "right": true, "left": false, "value": 1}, {"source": 28, "target": 105, "right": true, "left": false, "value": 1}, {"source": 29, "target": 128, "right": true, "left": false, "value": 1}, {"source": 29, "target": 171, "right": true, "left": false, "value": 1}, {"source": 31, "target": 191, "right": true, "left": false, "value": 1}, {"source": 32, "target": 121, "right": false, "left": true, "value": 1}, {"source": 32, "target": 206, "right": true, "left": false, "value": 1}, {"source": 33, "target": 77, "right": true, "left": false, "value": 1}, {"source": 34, "target": 153, "right": true, "left": false, "value": 1}, {"source": 34, "target": 190, "right": true, "left": false, "value": 1}, {"source": 35, "target": 36, "right": true, "left": false, "value": 1}, {"source": 36, "target": 129, "right": false, "left": true, "value": 1}, {"source": 36, "target": 162, "right": false, "left": true, "value": 1}, {"source": 36, "target": 69, "right": false, "left": true, "value": 1}, {"source": 36, "target": 183, "right": false, "left": true, "value": 1}, {"source": 36, "target": 186, "right": false, "left": true, "value": 1}, {"source": 36, "target": 61, "right": false, "left": true, "value": 1}, {"source": 36, "target": 62, "right": false, "left": true, "value": 1}, {"source": 37, "target": 210, "right": true, "left": false, "value": 1}, {"source": 38, "target": 215, "right": true, "left": false, "value": 1}, {"source": 39, "target": 118, "right": false, "left": true, "value": 1}, {"source": 40, "target": 200, "right": true, "left": false, "value": 1}, {"source": 40, "target": 208, "right": true, "left": false, "value": 1}, {"source": 41, "target": 91, "right": false, "left": true, "value": 1}, {"source": 42, "target": 208, "right": true, "left": false, "value": 1}, {"source": 42, "target": 65, "right": true, "left": false, "value": 1}, {"source": 44, "target": 81, "right": true, "left": false, "value": 1}, {"source": 45, "target": 174, "right": true, "left": false, "value": 1}, {"source": 45, "target": 180, "right": true, "left": false, "value": 1}, {"source": 45, "target": 150, "right": false, "left": true, "value": 1}, {"source": 45, "target": 154, "right": false, "left": true, "value": 1}, {"source": 45, "target": 220, "right": false, "left": true, "value": 1}, {"source": 46, "target": 153, "right": true, "left": false, "value": 1}, {"source": 46, "target": 151, "right": true, "left": true, "value": 1}, {"source": 47, "target": 120, "right": true, "left": false, "value": 1}, {"source": 47, "target": 171, "right": true, "left": false, "value": 1}, {"source": 50, "target": 171, "right": true, "left": false, "value": 1}, {"source": 51, "target": 171, "right": true, "left": false, "value": 1}, {"source": 52, "target": 63, "right": false, "left": true, "value": 1}, {"source": 53, "target": 200, "right": true, "left": false, "value": 1}, {"source": 53, "target": 59, "right": true, "left": false, "value": 1}, {"source": 53, "target": 180, "right": true, "left": false, "value": 1}, {"source": 53, "target": 141, "right": true, "left": false, "value": 1}, {"source": 54, "target": 180, "right": true, "left": false, "value": 1}, {"source": 55, "target": 77, "right": true, "left": false, "value": 1}, {"source": 56, "target": 213, "right": true, "left": false, "value": 1}, {"source": 57, "target": 153, "right": true, "left": false, "value": 1}, {"source": 57, "target": 190, "right": true, "left": false, "value": 1}, {"source": 58, "target": 216, "right": false, "left": true, "value": 1}, {"source": 59, "target": 180, "right": true, "left": false, "value": 1}, {"source": 59, "target": 141, "right": true, "left": false, "value": 1}, {"source": 60, "target": 180, "right": true, "left": false, "value": 1}, {"source": 61, "target": 171, "right": true, "left": false, "value": 1}, {"source": 62, "target": 191, "right": true, "left": false, "value": 1}, {"source": 64, "target": 214, "right": true, "left": true, "value": 1}, {"source": 65, "target": 103, "right": false, "left": true, "value": 1}, {"source": 65, "target": 137, "right": false, "left": true, "value": 1}, {"source": 65, "target": 208, "right": true, "left": false, "value": 1}, {"source": 65, "target": 148, "right": false, "left": true, "value": 1}, {"source": 66, "target": 101, "right": true, "left": false, "value": 1}, {"source": 67, "target": 177, "right": false, "left": true, "value": 1}, {"source": 67, "target": 171, "right": true, "left": false, "value": 1}, {"source": 68, "target": 177, "right": true, "left": false, "value": 1}, {"source": 70, "target": 171, "right": true, "left": false, "value": 1}, {"source": 71, "target": 111, "right": true, "left": true, "value": 1}, {"source": 72, "target": 160, "right": false, "left": true, "value": 1}, {"source": 72, "target": 97, "right": false, "left": true, "value": 1}, {"source": 72, "target": 190, "right": true, "left": false, "value": 1}, {"source": 73, "target": 171, "right": true, "left": false, "value": 1}, {"source": 74, "target": 149, "right": true, "left": false, "value": 1}, {"source": 75, "target": 149, "right": true, "left": false, "value": 1}, {"source": 76, "target": 190, "right": true, "left": false, "value": 1}, {"source": 77, "target": 205, "right": true, "left": false, "value": 1}, {"source": 78, "target": 152, "right": false, "left": true, "value": 1}, {"source": 78, "target": 92, "right": false, "left": true, "value": 1}, {"source": 79, "target": 208, "right": true, "left": false, "value": 1}, {"source": 79, "target": 105, "right": false, "left": true, "value": 1}, {"source": 79, "target": 180, "right": true, "left": false, "value": 1}, {"source": 79, "target": 149, "right": true, "left": false, "value": 1}, {"source": 80, "target": 200, "right": true, "left": false, "value": 1}, {"source": 80, "target": 105, "right": true, "left": false, "value": 1}, {"source": 80, "target": 149, "right": true, "left": false, "value": 1}, {"source": 80, "target": 167, "right": false, "left": true, "value": 1}, {"source": 81, "target": 139, "right": false, "left": true, "value": 1}, {"source": 82, "target": 206, "right": true, "left": false, "value": 1}, {"source": 83, "target": 171, "right": true, "left": false, "value": 1}, {"source": 84, "target": 171, "right": true, "left": false, "value": 1}, {"source": 85, "target": 120, "right": true, "left": false, "value": 1}, {"source": 85, "target": 171, "right": true, "left": false, "value": 1}, {"source": 86, "target": 171, "right": true, "left": false, "value": 1}, {"source": 87, "target": 120, "right": true, "left": false, "value": 1}, {"source": 87, "target": 171, "right": true, "left": false, "value": 1}, {"source": 88, "target": 171, "right": true, "left": false, "value": 1}, {"source": 89, "target": 174, "right": true, "left": false, "value": 1}, {"source": 90, "target": 183, "right": true, "left": false, "value": 1}, {"source": 92, "target": 152, "right": false, "left": true, "value": 1}, {"source": 93, "target": 99, "right": true, "left": false, "value": 1}, {"source": 94, "target": 104, "right": false, "left": true, "value": 1}, {"source": 94, "target": 113, "right": false, "left": true, "value": 1}, {"source": 94, "target": 155, "right": true, "left": true, "value": 1}, {"source": 95, "target": 171, "right": true, "left": false, "value": 1}, {"source": 98, "target": 208, "right": true, "left": false, "value": 1}, {"source": 99, "target": 209, "right": false, "left": true, "value": 1}, {"source": 100, "target": 149, "right": true, "left": false, "value": 1}, {"source": 102, "target": 107, "right": false, "left": true, "value": 1}, {"source": 102, "target": 180, "right": true, "left": true, "value": 1}, {"source": 102, "target": 141, "right": true, "left": false, "value": 1}, {"source": 105, "target": 180, "right": true, "left": false, "value": 1}, {"source": 106, "target": 120, "right": true, "left": false, "value": 1}, {"source": 107, "target": 180, "right": true, "left": false, "value": 1}, {"source": 107, "target": 141, "right": true, "left": false, "value": 1}, {"source": 108, "target": 183, "right": true, "left": false, "value": 1}, {"source": 109, "target": 120, "right": true, "left": false, "value": 1}, {"source": 110, "target": 207, "right": false, "left": true, "value": 1}, {"source": 111, "target": 194, "right": false, "left": true, "value": 1}, {"source": 112, "target": 131, "right": true, "left": false, "value": 1}, {"source": 112, "target": 171, "right": true, "left": false, "value": 1}, {"source": 114, "target": 206, "right": true, "left": false, "value": 1}, {"source": 115, "target": 171, "right": true, "left": false, "value": 1}, {"source": 116, "target": 215, "right": true, "left": false, "value": 1}, {"source": 117, "target": 127, "right": true, "left": false, "value": 1}, {"source": 119, "target": 144, "right": false, "left": true, "value": 1}, {"source": 120, "target": 164, "right": false, "left": true, "value": 1}, {"source": 120, "target": 198, "right": false, "left": true, "value": 1}, {"source": 120, "target": 171, "right": true, "left": false, "value": 1}, {"source": 120, "target": 185, "right": false, "left": true, "value": 1}, {"source": 120, "target": 189, "right": false, "left": true, "value": 1}, {"source": 122, "target": 158, "right": false, "left": true, "value": 1}, {"source": 122, "target": 142, "right": false, "left": true, "value": 1}, {"source": 123, "target": 179, "right": true, "left": false, "value": 1}, {"source": 124, "target": 153, "right": true, "left": false, "value": 1}, {"source": 124, "target": 133, "right": false, "left": true, "value": 1}, {"source": 125, "target": 152, "right": true, "left": false, "value": 1}, {"source": 125, "target": 179, "right": true, "left": false, "value": 1}, {"source": 126, "target": 131, "right": true, "left": false, "value": 1}, {"source": 128, "target": 171, "right": true, "left": false, "value": 1}, {"source": 128, "target": 206, "right": true, "left": false, "value": 1}, {"source": 129, "target": 191, "right": true, "left": false, "value": 1}, {"source": 130, "target": 176, "right": true, "left": false, "value": 1}, {"source": 131, "target": 200, "right": true, "left": false, "value": 1}, {"source": 131, "target": 171, "right": true, "left": false, "value": 1}, {"source": 131, "target": 208, "right": true, "left": false, "value": 1}, {"source": 132, "target": 204, "right": true, "left": false, "value": 1}, {"source": 133, "target": 153, "right": true, "left": false, "value": 1}, {"source": 134, "target": 141, "right": true, "left": false, "value": 1}, {"source": 135, "target": 142, "right": true, "left": false, "value": 1}, {"source": 135, "target": 197, "right": false, "left": true, "value": 1}, {"source": 135, "target": 175, "right": false, "left": true, "value": 1}, {"source": 136, "target": 192, "right": false, "left": true, "value": 1}, {"source": 137, "target": 212, "right": true, "left": false, "value": 1}, {"source": 138, "target": 200, "right": true, "left": false, "value": 1}, {"source": 140, "target": 211, "right": false, "left": true, "value": 1}, {"source": 141, "target": 166, "right": false, "left": true, "value": 1}, {"source": 141, "target": 208, "right": true, "left": false, "value": 1}, {"source": 141, "target": 180, "right": true, "left": true, "value": 1}, {"source": 143, "target": 206, "right": true, "left": false, "value": 1}, {"source": 145, "target": 172, "right": true, "left": false, "value": 1}, {"source": 147, "target": 183, "right": true, "left": false, "value": 1}, {"source": 149, "target": 167, "right": false, "left": true, "value": 1}, {"source": 149, "target": 208, "right": true, "left": false, "value": 1}, {"source": 149, "target": 188, "right": false, "left": true, "value": 1}, {"source": 149, "target": 212, "right": false, "left": true, "value": 1}, {"source": 149, "target": 156, "right": false, "left": true, "value": 1}, {"source": 151, "target": 153, "right": true, "left": false, "value": 1}, {"source": 152, "target": 163, "right": false, "left": true, "value": 1}, {"source": 153, "target": 206, "right": true, "left": true, "value": 1}, {"source": 153, "target": 222, "right": false, "left": true, "value": 1}, {"source": 156, "target": 200, "right": true, "left": false, "value": 1}, {"source": 157, "target": 171, "right": true, "left": false, "value": 1}, {"source": 159, "target": 208, "right": true, "left": false, "value": 1}, {"source": 160, "target": 206, "right": true, "left": false, "value": 1}, {"source": 161, "target": 206, "right": true, "left": false, "value": 1}, {"source": 164, "target": 171, "right": true, "left": false, "value": 1}, {"source": 165, "target": 206, "right": true, "left": false, "value": 1}, {"source": 168, "target": 200, "right": true, "left": false, "value": 1}, {"source": 169, "target": 191, "right": true, "left": false, "value": 1}, {"source": 170, "target": 204, "right": true, "left": false, "value": 1}, {"source": 171, "target": 177, "right": false, "left": true, "value": 1}, {"source": 171, "target": 181, "right": false, "left": true, "value": 1}, {"source": 171, "target": 184, "right": false, "left": true, "value": 1}, {"source": 171, "target": 185, "right": false, "left": true, "value": 1}, {"source": 171, "target": 196, "right": false, "left": true, "value": 1}, {"source": 171, "target": 198, "right": false, "left": true, "value": 1}, {"source": 171, "target": 203, "right": false, "left": true, "value": 1}, {"source": 171, "target": 215, "right": false, "left": true, "value": 1}, {"source": 171, "target": 219, "right": false, "left": true, "value": 1}, {"source": 172, "target": 217, "right": false, "left": true, "value": 1}, {"source": 178, "target": 212, "right": true, "left": false, "value": 1}, {"source": 179, "target": 221, "right": false, "left": true, "value": 1}, {"source": 182, "target": 191, "right": true, "left": false, "value": 1}, {"source": 184, "target": 200, "right": true, "left": false, "value": 1}, {"source": 187, "target": 199, "right": false, "left": true, "value": 1}, {"source": 190, "target": 197, "right": false, "left": true, "value": 1}, {"source": 191, "target": 193, "right": false, "left": true, "value": 1}, {"source": 195, "target": 208, "right": true, "left": false, "value": 1}, {"source": 200, "target": 206, "right": true, "left": true, "value": 1}, {"source": 200, "target": 208, "right": true, "left": true, "value": 1}, {"source": 201, "target": 208, "right": true, "left": false, "value": 1}, {"source": 204, "target": 219, "right": false, "left": true, "value": 1}, {"source": 206, "target": 219, "right": false, "left": true, "value": 1}, {"source": 206, "target": 222, "right": false, "left": true, "value": 1}, {"source": 214, "target": 218, "right": false, "left": true, "value": 1}]}