{"nodes": [{"asin": "B009AHO4YM", "name": "12 Gauge Speaker Cable with Banana and Quarter Inch(1/4\") Connectors (25ft)", "imUrl": "http://ecx.images-amazon.com/images/I/41cEPMIkiFL._SY300_.jpg", "price": 14.0, "numReviews": 2, "groups": [0], "averageRating": 5.0}, {"asin": "B00E8OIZVA", "name": "Aurum Cables - 14/4 Awg - 100 ft In Wall Speaker Wire - CL2 Rated UL Listed - Oxygen Free Pure Copper - 100 Ft", "imUrl": "http://ecx.images-amazon.com/images/I/21mxTujqszL.jpg", "price": 53.99, "numReviews": 1, "groups": [1], "averageRating": 5.0}, {"asin": "B00I8V8XC0", "name": "Mediabridge 14AWG Speaker Wire (100 Feet) - Spooled Design with Sequential Foot Markings", "imUrl": "http://ecx.images-amazon.com/images/I/51GI1SeEQqL._SY300_.jpg", "price": 24.99, "numReviews": 5, "groups": [2], "averageRating": 4.0, "brand": "Mediabridge"}, {"asin": "B0041SSIEC", "name": "14AWG CL2 Rated 2 Conductor Loud Speaker Cable 500ft For In-Wall Installation", "imUrl": "http://ecx.images-amazon.com/images/I/3172BguoIaL._SY300_.jpg", "price": 66.19, "numReviews": 33, "groups": [3], "averageRating": 4.181818181818182}, {"asin": "B00B4ZE5JC", "name": "Sewell 14-Gauge Speaker Wire, 100 ft", "imUrl": "http://ecx.images-amazon.com/images/I/41RgqxFZKxL._SX300_.jpg", "price": 18.95, "numReviews": 5, "groups": [4], "averageRating": 4.2}, {"asin": "B000068O78", "name": "Hosa Cable SKJ620 16 Gauge Speaker Cable with 1/4 Inch Ends - 20 Foot", "imUrl": "http://ecx.images-amazon.com/images/I/31OJ4GL3lML._SX300_.jpg", "price": 21.99, "numReviews": 1, "groups": [5], "averageRating": 5.0, "brand": "Hosa", "salesRankCategory": "Musical Instruments", "salesRank": 67745}, {"asin": "B0002J2C3C", "name": "C2G / Cables to Go 29174 Velocity 12 AWG Bulk Speaker Wire, Blue (250 Feet/76.20 Meters)", "imUrl": "http://ecx.images-amazon.com/images/I/413BJOEJOQL._SY300_.jpg", "price": 181.49, "numReviews": 41, "groups": [6], "averageRating": 4.560975609756097, "brand": "C2G"}, {"asin": "B00006JPYW", "name": "PHOENIX GOLD M-1250 Super Oxygen Free Copper 12-Gauge Speaker Cable (Discontinued by Manufacturer)", "imUrl": "http://ecx.images-amazon.com/images/I/51M040ZWXTL._SY300_.jpg", "price": 38.53, "numReviews": 10, "groups": [7], "averageRating": 4.9}, {"asin": "B004HOI6WE", "name": "Seismic Audio - F12S25 - 25 Foot Speakon to Speakon PA/DJ Speaker Cable - 4 Conductor - 12 Guage", "imUrl": "http://ecx.images-amazon.com/images/I/41d0g9Me1QL._SY300_.jpg", "price": 37.99, "numReviews": 1, "groups": [8], "averageRating": 5.0, "brand": "Seismic Audio", "salesRankCategory": "Musical Instruments", "salesRank": 35643}, {"asin": "B0052YE94M", "name": "14 AWG Speaker Wire (100ft) Spool, Oxygen Free", "imUrl": "http://ecx.images-amazon.com/images/I/41pmJ-4RXwL._SX300_.jpg", "price": 29.95, "numReviews": 6, "groups": [9], "averageRating": 4.166666666666667}, {"asin": "B00BWSCXT0", "name": "Cable Matters 2-Conductor In-Wall Rated (CM) 12 AWG Speaker Cable, 100% Bare Copper 100 Feet", "imUrl": "http://ecx.images-amazon.com/images/I/3185g3pdA0L._SY300_.jpg", "price": 39.99, "numReviews": 72, "groups": [10], "averageRating": 4.708333333333333}, {"asin": "B003L14ZAQ", "name": "Monoprice 100ft 12AWG Enhanced Loud Oxygen-Free Copper Speaker Wire Cable", "imUrl": "http://ecx.images-amazon.com/images/I/31QiNjHDwJL._SX300_.jpg", "price": 37.92, "numReviews": 35, "groups": [11], "averageRating": 4.628571428571429, "brand": "Monoprice"}, {"asin": "B00006346B", "name": "Monster XP-CI BIG-100 100 feet Speaker Cable (Discontinued by Manufacturer)", "imUrl": "http://ecx.images-amazon.com/images/I/51vc-ZHxaFL._SX300_.jpg", "price": 79.99, "numReviews": 81, "groups": [12], "averageRating": 4.382716049382716}, {"asin": "B00008VSK3", "name": "Acoustic Research MS320 Speaker Wire, 10 AWG, 2x15' Pair (30 feet)", "imUrl": "http://ecx.images-amazon.com/images/I/3136H503E1L._SY300_.jpg", "price": 29.99, "numReviews": 2, "groups": [13], "averageRating": 4.5}, {"asin": "B001UNJVJW", "name": "Monoprice 50ft 16AWG CL2 Rated 2-Conductor Loud Speaker Cable (For In-Wall Installation)", "imUrl": "http://ecx.images-amazon.com/images/I/31-WSIiCSVL._SX300_.jpg", "price": 16.24, "numReviews": 4, "groups": [14], "averageRating": 5.0, "brand": "Monoprice"}, {"asin": "B003YE23JU", "name": "Premium 14/2 Awg 100-Feet CL2 Speaker Wire Cable - Oxygen Free Copper", "imUrl": "http://ecx.images-amazon.com/images/I/319-%2BvJYL5L._SY300_.jpg", "price": 39.51, "numReviews": 36, "groups": [15], "averageRating": 4.25}, {"asin": "B00BHUQE6Q", "name": "IEC 18 AWG 1-Feet Speaker wire pair with RCA Females - Black & Red", "imUrl": "http://ecx.images-amazon.com/images/I/31lvX0R5voL._SX300_.jpg", "price": 11.77, "numReviews": 5, "groups": [16], "averageRating": 4.6}, {"asin": "B00B4ZNN5O", "name": "Sewell 16-Gauge Speaker Wire, 50 ft", "imUrl": "http://ecx.images-amazon.com/images/I/410ZW5WZ6-L._SX300_.jpg", "price": 8.95, "numReviews": 2, "groups": [17], "averageRating": 4.5}, {"asin": "B00B76ZFNS", "name": "Aurum Cables - 14/4 Awg 105 Strand - 250 ft In Wall Oxygen Free Pure Copper - Speaker Wire - CL2 Rated UL Listed -", "imUrl": "http://ecx.images-amazon.com/images/I/21-8FLTHwrL.jpg", "price": 21.99, "numReviews": 1, "groups": [18], "averageRating": 5.0}, {"asin": "B009RTC62K", "name": "Silverback Speaker Wire by Sewell, 12 AWG, OFC, 259 Strand Count, 10 ft Terminated", "imUrl": "http://ecx.images-amazon.com/images/I/313CohBW6CL._SX300_.jpg", "price": 18.95, "numReviews": 39, "groups": [19], "averageRating": 4.82051282051282}, {"asin": "B007NN70IM", "name": "14AWG CL2 Rated 4 Conductor Loud Speaker Cable 250ft For In-Wall Installation", "imUrl": "http://ecx.images-amazon.com/images/I/51MRBCugIIL._SY300_.jpg", "price": 78.59, "numReviews": 2, "groups": [20], "averageRating": 5.0}, {"asin": "B000068NZN", "name": "Hosa Cable SKJ203 12 Gauge Speaker Cable with 1/4 Inch Ends - 3 Foot", "imUrl": "http://ecx.images-amazon.com/images/I/31xQU17mHCL._SX300_.jpg", "price": 14.99, "numReviews": 20, "groups": [21], "averageRating": 4.8, "brand": "Hosa", "salesRankCategory": "Musical Instruments", "salesRank": 31407}, {"asin": "B00B7TB2EQ", "name": "Cadence 14G152M-Blu/Sil 14 Gauge 100 Foot Blue/Silver Speaker Wire Designed for Show Car Performance *Cut From 500' Spool*", "imUrl": "http://ecx.images-amazon.com/images/I/51HFSjF3T-L._SX300_.jpg", "price": 18.95, "numReviews": 1, "groups": [22], "averageRating": 4.0}, {"asin": "B000235XIO", "name": "Monster 80 ft. 14 Guage 4 conductor UL/CL3 Speaker Cable (CRS144RCL-80)", "imUrl": "http://ecx.images-amazon.com/images/I/51cp%2B3VKr7L._SY300_.jpg", "price": 26.95, "numReviews": 1, "groups": [23], "averageRating": 4.0}, {"asin": "B00B76GW94", "name": "Aurum Cables - 12/2 Awg - 250 ft In Wall Speaker Wire - CL2 Rated UL Listed - Oxygen Free Pure Copper - 250 FT", "imUrl": "http://ecx.images-amazon.com/images/I/211VOpfPz-L.jpg", "price": 98.99, "numReviews": 2, "groups": [24], "averageRating": 5.0}, {"asin": "B008J4N0BK", "name": "Aurum Cables 14 Gauge Transparent PVC Speaker Zip Wire w/ ft markings every 5 ft - 50 feet", "imUrl": "http://ecx.images-amazon.com/images/I/51B0zIc6PQL._SX300_.jpg", "price": 14.49, "numReviews": 11, "groups": [25], "averageRating": 4.636363636363637}, {"asin": "B004Z2G2T2", "name": "GLS Audio 6 feet Speaker Cable 12AWG Patch Cords 1/4-Inch to 1/4-Inch Professional Speaker Cables 12 Gauge Wire - Black", "imUrl": "http://ecx.images-amazon.com/images/I/41qUxdC9LrL._SY300_.jpg", "price": 19.99, "numReviews": 36, "groups": [26], "averageRating": 4.916666666666667}, {"asin": "B0002E3AIS", "name": "Monster Performer 500 - 6' Speak-On Connectors", "imUrl": "http://ecx.images-amazon.com/images/I/41xqlpzYAaL._SY300_.jpg", "price": 24.94, "numReviews": 3, "groups": [27], "averageRating": 3.3333333333333335, "brand": "Monster", "salesRankCategory": "Musical Instruments", "salesRank": 52550}, {"asin": "B002XNP494", "name": "14/2 In Wall Speaker Wire 500 ft CL2 Rated UL Listed", "imUrl": "http://ecx.images-amazon.com/images/I/319-%2BvJYL5L._SY300_.jpg", "price": 122.44, "numReviews": 1, "groups": [28], "averageRating": 5.0}, {"asin": "B0047RXJMS", "name": "G.E. AV72624 18ga 50 ft. Speaker Wire", "imUrl": "http://ecx.images-amazon.com/images/I/51bkfYaKeuL._SY300_.jpg", "price": 1.99, "numReviews": 4, "groups": [29], "averageRating": 4.75}, {"asin": "B00DILPVIO", "name": "Menotek Speaker Wire Spool 18AWG 250FT CL2 Rated (In Wall Installation)", "imUrl": "http://ecx.images-amazon.com/images/I/21UYjNXmFRL._SY300_.jpg", "price": 18.69, "numReviews": 10, "groups": [30], "averageRating": 3.6}, {"asin": "B00DMI2FJG", "name": "Emotiva USS-2 - Speaker Cable", "imUrl": "http://ecx.images-amazon.com/images/I/41dTuGuubPL._SX300_.jpg", "price": 19.99, "numReviews": 5, "groups": [31], "averageRating": 4.2}, {"asin": "B004HZETK6", "name": "JSC Wire 16 AWG Flat Speaker Wire 100 ft. USA", "imUrl": "http://ecx.images-amazon.com/images/I/31Rzo9ueUuL._SY300_.jpg", "price": 36.46, "numReviews": 1, "groups": [32], "averageRating": 5.0}, {"asin": "B003E2Y8U4", "name": "500FT 16-4 Pro Grade In Wall Speaker Wire White", "imUrl": "http://ecx.images-amazon.com/images/I/31CgJRfC0sL._SY300_.jpg", "price": 255.37, "numReviews": 1, "groups": [33], "averageRating": 4.0}, {"asin": "B0007L81UI", "name": "Luxtronic 18-Gauge Clear Speaker Wire / 100-ft.", "imUrl": "http://ecx.images-amazon.com/images/I/51N1lQuA0VL._SY300_.jpg", "price": 8.16, "numReviews": 2, "groups": [34], "averageRating": 2.5}, {"asin": "B0068UOPFC", "name": "Black - 16/2 Awg 50 FT Increments Direct Burial AND CL3 Rated In Wall - Speaker Wire/Cable - Indoor/Outdoor - Premium Home/Outdoor Audio/Low Voltage Lighting 50FT Made in the USA Stranded", "imUrl": "http://ecx.images-amazon.com/images/I/31QXNrKywEL._SY300_.jpg", "price": 24.75, "numReviews": 1, "groups": [35], "averageRating": 4.0}, {"asin": "B00005U21H", "name": "Monster Cable QLGMTH QuickLock Audio Connector (Discontinued by Manufacturer)", "imUrl": "http://ecx.images-amazon.com/images/I/41JF48MN00L._SX300_.jpg", "price": 16.69, "numReviews": 117, "groups": [36], "averageRating": 4.598290598290598, "brand": "Monster"}, {"asin": "B00DD0P3C4", "name": "Speaker Cable, 16 AWG 2 Conductor, Oxygen Free, 100 ft", "imUrl": "http://ecx.images-amazon.com/images/I/31hqN2AY%2BtL._SX300_.jpg", "price": 24.95, "numReviews": 2, "groups": [37], "averageRating": 4.5}, {"asin": "B009DK4036", "name": "18/4 Awg Shielded Speaker Wire/Security Cable/CNC Stepper Motor/Router - Sold in 25 Ft Increments - Stranded with Drain Wire and Aluminum Shield - CL2 CL2R CMR and In Wall and UV Rated/Protected for Outdoor Above Grade Installations - Made in the USA 18 Gauge by the foot", "imUrl": "http://ecx.images-amazon.com/images/I/21kQgLc-bkL.jpg", "price": 15.99, "numReviews": 3, "groups": [38], "averageRating": 4.666666666666667}, {"asin": "B003YE2BMY", "name": "Premium 16/4 Awg 100ft CL2 Speaker Wire | Cable - Oxygen Free Copper", "imUrl": "http://ecx.images-amazon.com/images/I/31uXYF%2BRg7L._SY300_.jpg", "price": 33.59, "numReviews": 4, "groups": [39], "averageRating": 4.5}, {"asin": "B006GHQPUK", "name": "GLS Audio 3 feet Speaker Cable 12AWG 4 Conductor Patch Cords for Bi-Amp - 3 ft Speakon to Speakon Professional Cables 4C Black Neutrik NL4FX (NL4FC) 12 Gauge Wire - Pro 3' Speak-on Cord 12G 4 Cond - Single", "imUrl": "http://ecx.images-amazon.com/images/I/41utjrw2YhL._SY300_.jpg", "price": 39.99, "numReviews": 3, "groups": [40], "averageRating": 5.0}, {"asin": "B0076S6CJC", "name": "KnuKonceptz Kord Kable 16 Gauge Copper Speaker Wire 100'", "imUrl": "http://ecx.images-amazon.com/images/I/41q6%2BaJSa5L._SX300_.jpg", "price": 29.99, "numReviews": 7, "groups": [41], "averageRating": 5.0}, {"asin": "B00G8T4Z58", "name": "CablesOnline 6ft 18-AWG Speaker Wire Pair Cables with Dual RCA Male Plugs, (AV-SK206)", "imUrl": "http://ecx.images-amazon.com/images/I/41GK25IqDkL._SX300_.jpg", "price": 21.48, "numReviews": 3, "groups": [42], "averageRating": 4.666666666666667, "brand": "CablesOnline"}, {"asin": "B008V99Q9I", "name": "WireLogic 21-001-05 100-Feet Bulk Speaker Cable", "imUrl": "http://ecx.images-amazon.com/images/I/512wHLtsDML._SY300_.jpg", "price": 26.35, "numReviews": 3, "groups": [43], "averageRating": 3.6666666666666665}, {"asin": "B000E1S3OA", "name": "Pyle PPJJ-30 1/4-Inch to 1/4-Inch Professional Speaker Cable (30 Feet)", "imUrl": "http://ecx.images-amazon.com/images/I/41d9uASlz4L._SX300_.jpg", "price": 16.39, "numReviews": 104, "groups": [44], "averageRating": 4.144230769230769, "salesRankCategory": "Musical Instruments", "salesRank": 210}, {"asin": "B00ANA6UOW", "name": "18/2 AWG Conductor CL2 Rated 500 ft In Wall Speaker Wire / Security Cable", "imUrl": "http://ecx.images-amazon.com/images/I/41ALfSuAWgL._SY300_.jpg", "price": 52.0, "numReviews": 1, "groups": [45], "averageRating": 1.0}, {"asin": "B003YEEAG4", "name": "Premium 12/2 Awg 250ft CL2 Speaker Wire | Cable - Oxygen Free Copper", "imUrl": "http://ecx.images-amazon.com/images/I/319-%2BvJYL5L._SY300_.jpg", "price": 92.99, "numReviews": 9, "groups": [46], "averageRating": 3.4444444444444446}, {"asin": "B000FON3IM", "name": "Monster Cable Ultra 600 THX Speaker Wire 40FT", "imUrl": "http://ecx.images-amazon.com/images/I/31RKMocu96L._SY300_.jpg", "price": 49.95, "numReviews": 9, "groups": [47], "averageRating": 4.777777777777778, "brand": "Monster Cable"}, {"asin": "B002MBZVFE", "name": "Monster XLN12S-18SB Standard Speaker Cable 12 Gau (Discontinued by Manufacturer)", "imUrl": "http://ecx.images-amazon.com/images/I/41wVAc84B-L.jpg", "price": 17.99, "numReviews": 65, "groups": [48], "averageRating": 4.230769230769231}, {"asin": "B0033HPYIA", "name": "DIY 18/2 100 Feet In Wall Speaker Wire Spool CL2 Rated UL Listed", "imUrl": "http://ecx.images-amazon.com/images/I/319-%2BvJYL5L._SY300_.jpg", "price": 23.81, "numReviews": 25, "groups": [49], "averageRating": 4.72, "brand": "DIY"}, {"asin": "B000JLVDSS", "name": "PylePro 30' Foot Professional Speaker Cable Male Compatible With Speakon Connector to Male Compatible With Speakon Connector", "imUrl": "http://ecx.images-amazon.com/images/I/41aGIY1xYwL._SY300_.jpg", "price": 24.96, "numReviews": 6, "groups": [50], "averageRating": 3.6666666666666665, "brand": "Pyle"}, {"asin": "B002C83WDK", "name": "Theater Solutions CL3/2-100 100-Foot Roll of Outdoor In Wall In Ceiling Home Audio CL3 Speaker Wire", "imUrl": "http://ecx.images-amazon.com/images/I/41%2B-smTDVwL._SY300_.jpg", "price": 101.98, "numReviews": 5, "groups": [51], "averageRating": 4.6}, {"asin": "B003YKG8V8", "name": "GE 87796 14 Gauge Speaker Wire (100 Feet)", "imUrl": "http://ecx.images-amazon.com/images/I/51sY7EsV2BL._SX300_.jpg", "price": 20.68, "numReviews": 2, "groups": [52], "averageRating": 4.0, "brand": "GE"}, {"asin": "B004Z2ERZS", "name": "GLS Audio 25 feet Speaker Cable 12AWG Patch Cords - 25 ft 1/4\" to 1/4\" Professional Speaker Cables Black 12 Gauge Wire - Pro 25' Phono 6.3mm Cord 12G - Single", "imUrl": "http://ecx.images-amazon.com/images/I/51hAQz7M10L._SY300_.jpg", "price": 25.99, "numReviews": 17, "groups": [53], "averageRating": 4.882352941176471}, {"asin": "B008MGO9WY", "name": "Black - 14/2 Awg 50FT Increments Direct Burial DB AND CL3 In Wall Rated - Speaker Wire OR Low Voltage Path Lighting Cable - Indoor/Outdoor - Premium 105 Strand Per Conductor - Home/Outdoor Audio - UL Listed - Certified \"Green\" Safe - Made in the USA", "imUrl": "http://ecx.images-amazon.com/images/I/41HNvlTYhhL._SY300_.jpg", "price": 33.75, "numReviews": 4, "groups": [54], "averageRating": 4.5}, {"asin": "B003U44LA8", "name": "IEC 18 AWG 6' Speaker Wire with RCA Male Cable - Black", "imUrl": "http://ecx.images-amazon.com/images/I/31ulzfmYnIL._SX300_.jpg", "price": 12.77, "numReviews": 20, "groups": [55], "averageRating": 3.9}, {"asin": "B00ANA9S82", "name": "18/2 AWG Conductor Shielded CL2 Rated 500 ft In Wall Speaker Wire / Security Cable", "imUrl": "http://ecx.images-amazon.com/images/I/41WIIoztk4L._SY300_.jpg", "price": 52.0, "numReviews": 2, "groups": [45], "averageRating": 3.5}, {"asin": "B002ZO0S60", "name": "DIY 14/2 Awg 250-Feet In Wall Speaker Wire", "imUrl": "http://ecx.images-amazon.com/images/I/319-%2BvJYL5L._SY300_.jpg", "price": 67.49, "numReviews": 45, "groups": [56], "averageRating": 4.2, "brand": "DIY"}, {"asin": "B00009V2W9", "name": "Audiovox Acoustic Research Performance Series Speaker Cable with Pins - 100ft - White", "imUrl": "http://ecx.images-amazon.com/images/I/51PARVZSGZL._SY300_.jpg", "price": 399.0, "numReviews": 38, "groups": [57], "averageRating": 4.5}, {"asin": "B0089C7VFI", "name": "12-Gauge 2-Conductor In-Wall Loud Speaker Cable (250-Foot Spool)", "imUrl": "http://ecx.images-amazon.com/images/I/317rxyLZ6mL._SY300_.jpg", "price": 67.52, "numReviews": 5, "groups": [58], "averageRating": 3.6}, {"asin": "B0000CDMZE", "name": "GE 22618 18 Gauge Speaker Wire with No Connector (25 Feet)", "imUrl": "http://ecx.images-amazon.com/images/I/319N3NzNVeL._SY300_.jpg", "price": 24.99, "numReviews": 2, "groups": [59], "averageRating": 2.0, "brand": "GE"}, {"asin": "B00D36RQQO", "name": "Master Cable - 14 Gauge 105 Strand CL3 Rated 2-conductor Pure Copper Cable USA Made (250 FT)", "imUrl": "http://ecx.images-amazon.com/images/I/51wJj8TSkgL._SY300_.jpg", "price": 89.95, "numReviews": 12, "groups": [60], "averageRating": 5.0}, {"asin": "B00DMI6A1U", "name": "Emotiva USS-3P - Pair of Speaker Cables", "imUrl": "http://ecx.images-amazon.com/images/I/41dTuGuubPL._SX300_.jpg", "price": 39.99, "numReviews": 5, "groups": [61], "averageRating": 4.2}, {"asin": "B00I52V9QO", "name": "Mediabridge ULTRA Series Speaker Cable with Dual Gold Plated Banana Tips (12 Feet) - Pure Copper Cable - Black [New and Improved Version]", "imUrl": "http://ecx.images-amazon.com/images/I/41WDPbfka0L._SY300_.jpg", "price": 24.99, "numReviews": 2, "groups": [62], "averageRating": 3.5}, {"asin": "B004YUIW1Q", "name": "Speaker Wire Pants 12 Gauge Y Boot -10 Pack", "imUrl": "http://ecx.images-amazon.com/images/I/31erTyYRHXL._SX300_.jpg", "price": 9.9, "numReviews": 17, "groups": [63], "averageRating": 4.235294117647059}, {"asin": "B005F5NSRC", "name": "VLYNX Premium 12 Gauge 200 Feet True 12AWG Vlynx Speaker Cable Wire. High Quality, Flexible, 12AWG-200' Speaker Cable Spool [Positive (+) is marked with a line]", "imUrl": "http://ecx.images-amazon.com/images/I/51HSjgCQWQL._SX300_.jpg", "price": 38.53, "numReviews": 7, "groups": [64], "averageRating": 4.285714285714286}, {"asin": "B00006345D", "name": "Monster 100 feet Speaker Cable", "imUrl": "http://ecx.images-amazon.com/images/I/51Jy2k93ftL._SX300_.jpg", "price": 79.99, "numReviews": 48, "groups": [65], "averageRating": 4.4375, "brand": "Monster"}, {"asin": "B000235X52", "name": "Monster CRS142RCL-100 100 Feet 14 Guage 2 Conductor UL/CL3 Speaker Cable", "imUrl": "http://ecx.images-amazon.com/images/I/410KRD97KVL._SX300_.jpg", "price": 19.95, "numReviews": 4, "groups": [66], "averageRating": 4.5}, {"asin": "B009CPBX6O", "name": "Monster Cable MPC P200 10R-250 25 Foot 10 Gauge Power +Ground Wire 200 Series", "imUrl": "http://ecx.images-amazon.com/images/I/51C-QIrs0KL._SY300_.jpg", "price": 9.95, "numReviews": 4, "groups": [67], "averageRating": 4.5}, {"asin": "B00008VSKW", "name": "Acoustic Research PR220 Speaker Wire 12 AWG Oxy Free Copper, 30 ft spool (Discontinued by Manufacturer)", "imUrl": "http://ecx.images-amazon.com/images/I/21ojmOYPN6L.jpg", "price": 29.99, "numReviews": 9, "groups": [68], "averageRating": 3.4444444444444446}, {"asin": "B00BWS87WW", "name": "Cable Matters 2-Conductor In-Wall Rated (CM) 16 AWG Speaker Cable, 100% Bare Copper 100 Feet", "imUrl": "http://ecx.images-amazon.com/images/I/31ek0FA5TML._SY300_.jpg", "price": 21.99, "numReviews": 72, "groups": [69], "averageRating": 4.708333333333333}, {"asin": "B004JO793Y", "name": "16 Gauge Compression Speaker Connector - Spade Lug Tip", "imUrl": "http://ecx.images-amazon.com/images/I/41HSbFkpGgL._SX300_.jpg", "price": 18.95, "numReviews": 1, "groups": [70], "averageRating": 3.0}, {"asin": "B008E0QN8G", "name": "Mr. Dj CSMSF50 50-Feet Speakon Male to Speakon Female Speaker Cable", "imUrl": "http://ecx.images-amazon.com/images/I/41wHhN7aB-L._SY300_.jpg", "price": 23.99, "numReviews": 2, "groups": [71], "averageRating": 1.5, "brand": "Mr. Dj", "salesRankCategory": "Musical Instruments", "salesRank": 31342}, {"asin": "B00BOIXANQ", "name": "C&E CNE63164 50-Feet 14AWG Enhanced Loud Speaker Cable", "imUrl": "http://ecx.images-amazon.com/images/I/51u8Uzs5wdL._SX300_.jpg", "price": 19.99, "numReviews": 3, "groups": [72], "averageRating": 5.0, "brand": "C&E"}, {"asin": "B0002J25IY", "name": "C2G / Cables to Go 27293 16 AWG Bulk Speaker Wire (100 Feet, Clear)", "imUrl": "http://ecx.images-amazon.com/images/I/41LpaFzjuEL._SY300_.jpg", "price": 25.34, "numReviews": 7, "groups": [73], "averageRating": 3.7142857142857144, "brand": "C2G"}, {"asin": "B003YE21Z6", "name": "Premium 14/2 Awg 250ft CL2 Speaker Wire | Cable - Oxygen Free Copper", "imUrl": "http://ecx.images-amazon.com/images/I/319-%2BvJYL5L._SY300_.jpg", "price": 73.5, "numReviews": 3, "groups": [74], "averageRating": 3.6666666666666665}, {"asin": "B0076SIARO", "name": "KnuKonceptz Kord Kable 10 Gauge Copper Speaker Wire 5'", "imUrl": "http://ecx.images-amazon.com/images/I/41q6%2BaJSa5L._SX300_.jpg", "price": 5.25, "numReviews": 23, "groups": [75], "averageRating": 4.869565217391305}, {"asin": "B00AOPGW1M", "name": "18/2 Awg Shielded Speaker Wire/Security/CNC Stepper Motor Cable - Sold in 50 Ft Increments - Stranded with Drain Wire and Aluminum Shield - CL2 CL2R CMR In Wall and Outdoor UV Rated/Protected for Outdoor Above Grade Installations - Made in the USA 18 Gauge by the foot", "imUrl": "http://ecx.images-amazon.com/images/I/21Gdph4cyTL.jpg", "price": 18.99, "numReviews": 1, "groups": [76], "averageRating": 5.0}, {"asin": "B001LYFRF2", "name": "Musician's Gear 16-Gauge Speaker Cable Black 50 Foot", "imUrl": "http://ecx.images-amazon.com/images/I/41ID0L5Jh0L._SY300_.jpg", "price": 15.99, "numReviews": 4, "groups": [77], "averageRating": 3.75}, {"asin": "B001L9A586", "name": "SIIG 16-Gauge UL CL2-rated Speaker Wire for In-wall/ceiling, 100 Feet (CB-AU0812-S1)", "imUrl": "http://ecx.images-amazon.com/images/I/31ZGd-lCiIL._SX300_.jpg", "price": 32.77, "numReviews": 29, "groups": [78], "averageRating": 4.482758620689655, "brand": "SIIG"}, {"asin": "B004UO3KHW", "name": "Mr. Dj CSMSM-50 Speakon Male to Speakon Male Speaker Cable (50 feet)", "imUrl": "http://ecx.images-amazon.com/images/I/41NLfTi8%2B6L._SY300_.jpg", "price": 22.99, "numReviews": 18, "groups": [79], "averageRating": 3.0555555555555554, "brand": "Mr. Dj", "salesRankCategory": "Musical Instruments", "salesRank": 15172}, {"asin": "B003L170C6", "name": "Monoprice 50ft 12AWG CL2 Rated 2-Conductor Loud Speaker Cable (For In-Wall Installation)", "imUrl": "http://ecx.images-amazon.com/images/I/319GLhntPcL._SX300_.jpg", "price": 25.37, "numReviews": 11, "groups": [80], "averageRating": 4.7272727272727275, "brand": "Monoprice"}, {"asin": "B0047543WU", "name": "Better Cables 3 meter (9.84 feet) Premium III Speaker Cables with Spade Connectors (PAIR-2 cables) High-End, High-Performance", "imUrl": "http://ecx.images-amazon.com/images/I/41CnoKUmF6L._SX300_.jpg", "price": 69.95, "numReviews": 1, "groups": [81], "averageRating": 4.0}, {"asin": "B0002E3A9C", "name": "Monster Performer 500 - 3' Speaker Cable -  Straight 1/4\" plugs", "imUrl": "http://ecx.images-amazon.com/images/I/31AP8JT0D3L._SX300_.jpg", "price": 19.99, "numReviews": 2, "groups": [82], "averageRating": 4.5, "salesRankCategory": "Musical Instruments", "salesRank": 30325}, {"asin": "B003YE24Z8", "name": "Premium 14/4 Awg 100 Feet CL2 Speaker Wire Cable - Oxygen Free Copper", "imUrl": "http://ecx.images-amazon.com/images/I/318oy%2BPlLJL._SY300_.jpg", "price": 91.99, "numReviews": 2, "groups": [83], "averageRating": 5.0}, {"asin": "B000WX5FCI", "name": "Monster XP Compact Speaker Cable MKII 100 Feet Mini Spool 30.48 m - Navajo White", "imUrl": "http://ecx.images-amazon.com/images/I/31qHALG-uaL._SX300_.jpg", "price": 54.53, "numReviews": 17, "groups": [84], "averageRating": 4.352941176470588, "brand": "Monster"}, {"asin": "B00B4ZIS5O", "name": "Sewell 14-Gauge Speaker Wire, 50 ft", "imUrl": "http://ecx.images-amazon.com/images/I/417h4r6qsSL._SX300_.jpg", "price": 15.95, "numReviews": 5, "groups": [85], "averageRating": 5.0}, {"asin": "B000235XIE", "name": "Monster 60 ft. 14 ga. 4 conductor UL Speaker Cable - CRS144RCL60", "imUrl": "http://ecx.images-amazon.com/images/I/41sAsrDU%2BpL._SX300_.jpg", "price": 26.95, "numReviews": 1, "groups": [86], "averageRating": 5.0}, {"asin": "B001WHZ9K6", "name": "Monoprice 102821 250-Feet 14AWG CL2 Rated 2-Conductor Loud Speaker Cable", "imUrl": "http://ecx.images-amazon.com/images/I/31u99H8rcBL._SX300_.jpg", "price": 67.09, "numReviews": 9, "groups": [56], "averageRating": 4.888888888888889, "brand": "Monoprice"}, {"asin": "B004WLCKQK", "name": "16AWG Red & Black Bonded Speaker Wire 25' Roll", "imUrl": "http://ecx.images-amazon.com/images/I/51Wj2ay54iL._SY300_.jpg", "price": 9.45, "numReviews": 1, "groups": [87], "averageRating": 5.0}, {"asin": "B00DNAG8T6", "name": "BROWN - 16/2 Awg 50 FT Increments Direct Burial AND Indoor CL3 Rated In Wall - Speaker Wire/Cable - Indoor/Outdoor - Premium Home/Outdoor Audio/Low Voltage Lighting 50FT Made in the USA Stranded - Light Brown / Dark Tan", "imUrl": "http://ecx.images-amazon.com/images/I/41MdhArTIxL._SX300_.jpg", "price": 21.99, "numReviews": 1, "groups": [88], "averageRating": 5.0}, {"asin": "B0002J2BQA", "name": "C2G / Cables to Go 29172 50 feet/15.24 Meters Velocity 12 AWG Bulk Speaker Wire  Blue", "imUrl": "http://ecx.images-amazon.com/images/I/41py4L5AxPL._SY300_.jpg", "price": 30.44, "numReviews": 41, "groups": [89], "averageRating": 4.560975609756097, "brand": "C2G"}, {"asin": "B0009FUXV2", "name": "C2G / Cables to Go 43085 14/4 CL2 In Wall Speaker Wire (250 Feet, White)", "imUrl": "http://ecx.images-amazon.com/images/I/213b1kdLjNL._SY300_.jpg", "price": 149.08, "numReviews": 5, "groups": [90], "averageRating": 5.0, "brand": "C2G"}, {"asin": "B000J38NR0", "name": "AudioQuest Volcano terminated speaker cable - UST plugs 10' (3.05m) pair", "imUrl": "http://ecx.images-amazon.com/images/I/414JCXRQZEL._SY300_.jpg", "price": 126.99, "numReviews": 11, "groups": [91], "averageRating": 2.727272727272727}, {"asin": "B003KPYRJM", "name": "Monoprice 100-Feet 18AWG CL2 Rated 4-Conductor High-Purity Oxygen-Free Copper Speaker Wire", "imUrl": "http://ecx.images-amazon.com/images/I/31WSdC2ggjL._SX300_.jpg", "price": 27.27, "numReviews": 26, "groups": [92], "averageRating": 4.730769230769231, "brand": "Monoprice"}, {"asin": "B006JSZVRY", "name": "GLS Audio Premium 16 Gauge 50 Feet Speaker Wire - True 16AWG Speaker Cable 50ft Clear Jacket - High Quality 50' Spool Roll 16G 16/2 Bulk", "imUrl": "http://ecx.images-amazon.com/images/I/51nMcid-CuL._SY300_.jpg", "price": 13.99, "numReviews": 12, "groups": [93], "averageRating": 4.083333333333333}, {"asin": "B0000CDMZF", "name": "GE 22622 18 Gauge Speaker Wire with No Connector (50 Feet) (Discontinued by Manufacturer)", "imUrl": "http://ecx.images-amazon.com/images/I/41j%2BtSpdrRL._SX300_.jpg", "price": 5.35, "numReviews": 3, "groups": [94], "averageRating": 5.0}, {"asin": "B00099XC02", "name": "C2G / Cables to Go 43088 14/2 CL2 In Wall Speaker Wire (250 Feet, White)", "imUrl": "http://ecx.images-amazon.com/images/I/21LjRubxf9L._SY300_.jpg", "price": 129.5, "numReviews": 3, "groups": [95], "averageRating": 4.666666666666667, "brand": "C2G"}, {"asin": "B000E9ZKG6", "name": "Steren 100 Feet Speaker Cable 1 x Bare Wire - 1 x Bare Wire - Black", "imUrl": "http://ecx.images-amazon.com/images/I/410hIZZzsnL._SY300_.jpg", "price": 27.45, "numReviews": 13, "groups": [96], "averageRating": 4.538461538461538, "brand": "Steren"}, {"asin": "B008J4THEE", "name": "Aurum Cables 16 Gauge Flat Speaker Wire - White PVC - 50 feet", "imUrl": "http://ecx.images-amazon.com/images/I/411heZndxZL._SY300_.jpg", "price": 36.96, "numReviews": 4, "groups": [97], "averageRating": 4.25}, {"asin": "B000V1PAXU", "name": "RiteAV - 16/2 Speaker Wire - 100 Foot Roll", "imUrl": "http://ecx.images-amazon.com/images/I/51MQhZzRB8L._SY300_.jpg", "price": 9.68, "numReviews": 4, "groups": [98], "averageRating": 4.75}, {"asin": "B002RILUHA", "name": "Scosche 50-Feet 16-Gauge Speaker Wire-Blue", "imUrl": "http://ecx.images-amazon.com/images/I/519OzLY5o9L._SY300_.jpg", "price": 51.95, "numReviews": 2, "groups": [99], "averageRating": 3.5}, {"asin": "B001H543BE", "name": "Monster M Series M1.2s MLock Master Pin Speaker Cable (10 ft. pair) (Discontinued by Manufacturer)", "imUrl": "http://ecx.images-amazon.com/images/I/31yUhhUiR5L._SX300_.jpg", "price": 149.8, "numReviews": 1, "groups": [100], "averageRating": 5.0}, {"asin": "B0010CWZG4", "name": "Audio-Technica AT690 14 Gauge 1/4 Inch Speaker Cable - 6 Feet", "imUrl": "http://ecx.images-amazon.com/images/I/31eqyLQEIQL._SX300_.jpg", "price": 6.99, "numReviews": 6, "groups": [101], "averageRating": 4.166666666666667, "salesRankCategory": "Musical Instruments", "salesRank": 14909}, {"asin": "B00B3PB85C", "name": "Mk Audio SW16-500 16 Gauge 500FT Spool Speaker Wire", "imUrl": "http://ecx.images-amazon.com/images/I/41NvZlQeRBL._SX300_.jpg", "price": 33.4, "numReviews": 7, "groups": [102], "averageRating": 4.142857142857143}, {"asin": "B000I7RO68", "name": "Wired Home SKRL-12-100 12 AWG OFC Speaker Wire 100 ft.", "imUrl": "http://ecx.images-amazon.com/images/I/51ccX8Tw9sL._SY300_.jpg", "price": 38.53, "numReviews": 1, "groups": [103], "averageRating": 5.0}, {"asin": "B00004Y3TO", "name": "Monster M Series Lock Monster Bananas Modular Speaker Cable Termination-2 pr. Pack", "imUrl": "http://ecx.images-amazon.com/images/I/41TTZHP0BQL._SY300_.jpg", "price": 11.98, "numReviews": 16, "groups": [104], "averageRating": 4.5}, {"asin": "B00009UH9P", "name": "GE AV22644 18 Gauge Speaker Wire (100 ft)", "imUrl": "http://ecx.images-amazon.com/images/I/41YK-bMAOTL.jpg", "price": 9.68, "numReviews": 12, "groups": [105], "averageRating": 4.333333333333333}, {"asin": "B0007KNKQ4", "name": "12 AWG Oxygen Free Speaker Wire 25 ft.", "imUrl": "http://ecx.images-amazon.com/images/I/51GK5PZpl4L._SY300_.jpg", "price": 38.53, "numReviews": 2, "groups": [106], "averageRating": 4.0}, {"asin": "B000BBEWE8", "name": "Musician's Gear 16-Gauge Speaker Cable Black 25 Foot", "imUrl": "http://ecx.images-amazon.com/images/I/41ID0L5Jh0L._SY300_.jpg", "price": 10.99, "numReviews": 3, "groups": [107], "averageRating": 4.0}, {"asin": "B00825G39C", "name": "12 Awg 2C 100 Ft In Wall Speaker Wire CL2 Rated", "imUrl": "http://ecx.images-amazon.com/images/I/41zMtgvcyVL._SY300_.jpg", "price": 29.0, "numReviews": 1, "groups": [108], "averageRating": 4.0}, {"asin": "B008J4SNB2", "name": "Aurum Cables 16 Gauge Transparent PVC Speaker Wire w/Foot Markings every 5 Ft - 50 feet", "imUrl": "http://ecx.images-amazon.com/images/I/51A%2B6QAErfL._SY300_.jpg", "price": 19.99, "numReviews": 8, "groups": [109], "averageRating": 4.125}, {"asin": "B00CHOQJAC", "name": "14-Gauge Speaker Wire - Audio Cable 250 Feet", "imUrl": "http://ecx.images-amazon.com/images/I/513Xv1x-zpL._SY300_.jpg", "price": 31.23, "numReviews": 1, "groups": [110], "averageRating": 5.0}, {"asin": "B004M4CSGO", "name": "Mediabridge - 16 Gauge Speaker Wire - (50 Feet) - with Sequential Foot Markings", "imUrl": "http://ecx.images-amazon.com/images/I/51TYWnblHNL._SY300_.jpg", "price": 14.99, "numReviews": 75, "groups": [111], "averageRating": 4.733333333333333}, {"asin": "B00825G3OW", "name": "Speaker Wire for In Wall Installation 12AWG/2C - 100 Feet High Quality", "imUrl": "http://ecx.images-amazon.com/images/I/41Pc1%2BZqM%2BL._SY300_.jpg", "price": 39.36, "numReviews": 1, "groups": [112], "averageRating": 5.0}, {"asin": "B005DEWO02", "name": "SF Cable, 50ft 18AWG Bulk Polarized Speaker Wire", "imUrl": "http://ecx.images-amazon.com/images/I/51Xd9d0gtDL._SY300_.jpg", "price": 5.25, "numReviews": 6, "groups": [113], "averageRating": 4.666666666666667}, {"asin": "B009EA80UY", "name": "C&E 100 Feet 18AWG CL2 Rated 4-Conductor Loud Speaker Cable (For In-Wall Installation)", "imUrl": "http://ecx.images-amazon.com/images/I/51U%2BIAWDFgL._SY300_.jpg", "price": 25.99, "numReviews": 7, "groups": [92], "averageRating": 4.571428571428571}, {"asin": "B000069L69", "name": "Monster Cable HTIB-SPF Home-Theater-in-a-Box Speaker Connection Kit", "imUrl": "http://ecx.images-amazon.com/images/I/51W9K1VX8WL._SY300_.jpg", "price": 9.68, "numReviews": 1, "groups": [114], "averageRating": 3.0}, {"asin": "B00005T3G0", "name": "RCA AH18100N 100 feet 18-Gauge Speaker Wire", "imUrl": "http://ecx.images-amazon.com/images/I/210HBRD91KL.jpg", "price": 9.45, "numReviews": 1298, "groups": [115], "averageRating": 4.61171032357473}, {"asin": "B004GC39EW", "name": "Pyle-Pro PCBLG7F1 12 Gauge 1Ft 1/4'' Male  To  1/4'' Male  Phono Speaker Cable", "imUrl": "http://ecx.images-amazon.com/images/I/31z7Vll7ekL._SX300_.jpg", "price": 4.99, "numReviews": 1, "groups": [116], "averageRating": 4.0, "salesRankCategory": "Musical Instruments", "salesRank": 41408}, {"asin": "B00B770TTC", "name": "Aurum Cables - 18/4 Awg - 250 ft In Wall - Oxygen Free Pure Copper Speaker Cable - CL2 Rated UL Listed - 250 Feet", "imUrl": "http://ecx.images-amazon.com/images/I/21mxTujqszL.jpg", "price": 66.99, "numReviews": 12, "groups": [117], "averageRating": 4.583333333333333}, {"asin": "B004UO1IZ8", "name": "Mr. Dj CQQ-50 Pro Dj Cable Patch Cord 1/4-Inch to 1/4-Inch Straight Mono Instrument Speaker Cable 50 Feet", "imUrl": "http://ecx.images-amazon.com/images/I/41JBFKjtUFL._SY300_.jpg", "price": 19.5, "numReviews": 11, "groups": [118], "averageRating": 3.6363636363636362, "brand": "Mr. Dj", "salesRankCategory": "Musical Instruments", "salesRank": 17734}, {"asin": "B00CO7P8EU", "name": "GLS Audio 1/4\" Jumbo Plugs for Speaker Cables, Patch Cables, Snakes - TS Male Mono 1/4 Inch Phono 6.3mm Phone Plug Bulk - 4 PACK", "imUrl": "http://ecx.images-amazon.com/images/I/51mjLGI08FL._SY300_.jpg", "price": 15.99, "numReviews": 5, "groups": [119], "averageRating": 4.8}, {"asin": "B00DILPXW8", "name": "Menotek Speaker Wire Spool 16AWG 100FT CL2 Rated (In Wall Installation)", "imUrl": "http://ecx.images-amazon.com/images/I/21UYjNXmFRL._SY300_.jpg", "price": 25.81, "numReviews": 7, "groups": [120], "averageRating": 4.714285714285714}, {"asin": "B002RICCC2", "name": "Scosche KS18100CS 18-Gauge 100 feet Speaker Wire Spool", "imUrl": "http://ecx.images-amazon.com/images/I/511Lc-7JovL._SY300_.jpg", "price": 7.57, "numReviews": 2, "groups": [121], "averageRating": 5.0}, {"asin": "B002WWH7KU", "name": "500Ft 16/2 CL2 In Wall Speaker Wire UL Listed Certified Installers EZ PullBox", "imUrl": "http://ecx.images-amazon.com/images/I/319-%2BvJYL5L._SY300_.jpg", "price": 79.5, "numReviews": 1, "groups": [122], "averageRating": 4.0}, {"asin": "B0058A7SW0", "name": "Pair of (2) Brand New Hosa Hsx-030 30 Foot Rean 1/4\" TRS to XLR 3 Pin Male Speaker Cables", "imUrl": "http://ecx.images-amazon.com/images/I/41lcUSJCaLL._SX300_.jpg", "price": 27.95, "numReviews": 2, "groups": [123], "averageRating": 5.0, "brand": "Hosa", "salesRankCategory": "Musical Instruments", "salesRank": 38256}, {"asin": "B00B77WPF8", "name": "In Wall CL2 Speaker Wire 14 Gauge 2 Conductor 99 Strands 250FT", "imUrl": "http://ecx.images-amazon.com/images/I/31EdRo92XWL._SX300_.jpg", "price": 21.99, "numReviews": 2, "groups": [124], "averageRating": 5.0}, {"asin": "B003YEHKYS", "name": "Premium 12/2 Awg 100ft CL2 Speaker Wire | Cable - Oxygen Free Copper", "imUrl": "http://ecx.images-amazon.com/images/I/319-%2BvJYL5L._SY300_.jpg", "price": 69.99, "numReviews": 1, "groups": [125], "averageRating": 1.0}, {"asin": "B008FBBEO2", "name": "14 Awg 2C 250 Ft In Wall Speaker Wire CL2 Rated", "imUrl": "http://ecx.images-amazon.com/images/I/41SuANrkt7L._SY300_.jpg", "price": 70.05, "numReviews": 1, "groups": [126], "averageRating": 5.0}, {"asin": "B003YKG9JO", "name": "GE 72626 Speaker Wire (100 Feet)", "imUrl": "http://ecx.images-amazon.com/images/I/51IbaZuVHeL._SX300_.jpg", "price": 1.99, "numReviews": 2, "groups": [127], "averageRating": 4.5, "brand": "GE"}, {"asin": "B0086NYLZ8", "name": "Carwires SW1200-15 - 12-AWG High-Strand Car Speaker Wire (15 ft.)", "imUrl": "http://ecx.images-amazon.com/images/I/51OUtnldiVL._SX300_.jpg", "price": 15.62, "numReviews": 1, "groups": [128], "averageRating": 5.0}, {"asin": "B00005T3FX", "name": "Monster Cable 16 Gauge 20-Feet Monster Xp Clear Speaker Cable (Discontinued by Manufacturer)", "imUrl": "http://ecx.images-amazon.com/images/I/214VV9NYF7L.jpg", "price": 19.95, "numReviews": 13, "groups": [129], "averageRating": 4.846153846153846, "brand": "Monster"}, {"asin": "B0002H0CFO", "name": "Planet Waves SpeakOn Speaker Cable, 5 feet", "imUrl": "http://ecx.images-amazon.com/images/I/41nLH1fT12L._SX300_.jpg", "price": 12.98, "numReviews": 1, "groups": [130], "averageRating": 1.0, "brand": "Planet Waves", "salesRankCategory": "Musical Instruments", "salesRank": 12626}, {"asin": "B008J4N8OE", "name": "Aurum Cables 14 Gauge Transparent PVC Speaker Zip Wire w/ ft markings every 5 ft - 50 feet", "imUrl": "http://ecx.images-amazon.com/images/I/51B0zIc6PQL._SX300_.jpg", "price": 14.49, "numReviews": 11, "groups": [131], "averageRating": 4.636363636363637}, {"asin": "B000KHVJJO", "name": "Sony RK-S150T 50-Foot Speaker Cable - White", "imUrl": "http://ecx.images-amazon.com/images/I/31Rd9jo98uL._SX300_.jpg", "price": 4.92, "numReviews": 14, "groups": [132], "averageRating": 4.642857142857143}, {"asin": "B00B4ZLDU6", "name": "Sewell 16-Gauge Speaker Wire, 100 ft.", "imUrl": "http://ecx.images-amazon.com/images/I/41bmrJ7gO5L._SX300_.jpg", "price": 9.95, "numReviews": 1, "groups": [133], "averageRating": 5.0}, {"asin": "B0002E396G", "name": "Monster Studio Pro 1000 - 6' Speaker Cable -  Straight 1/4\" plugs", "imUrl": "http://ecx.images-amazon.com/images/I/31R2AQX24ML._SX300_.jpg", "price": 19.99, "numReviews": 15, "groups": [134], "averageRating": 4.6, "salesRankCategory": "Musical Instruments", "salesRank": 30214}, {"asin": "B0027AWX9M", "name": "Planet Waves Classic Series Speaker Cable, 5 feet", "imUrl": "http://ecx.images-amazon.com/images/I/31wnCcvzy7L._SX300_.jpg", "price": 10.05, "numReviews": 8, "groups": [135], "averageRating": 4.25, "brand": "Planet Waves", "salesRankCategory": "Musical Instruments", "salesRank": 2884}, {"asin": "B008J4A0HC", "name": "Aurum Cables 14 Gauge Speaker Wire with Pro Series Banana Plugs - 50 feet", "imUrl": "http://ecx.images-amazon.com/images/I/41sDj1sGL5L._SX300_.jpg", "price": 11.98, "numReviews": 6, "groups": [136], "averageRating": 4.666666666666667}, {"asin": "B00CX6021Q", "name": "GLS Audio 1/4\" Plugs for Speaker Cables, Patch Cables, Snakes - TS Male Mono 1/4 Inch Phono 6.3mm Phone Plug Bulk - 4 PACK", "imUrl": "http://ecx.images-amazon.com/images/I/51YgZ4bhuHL._SY300_.jpg", "price": 11.99, "numReviews": 11, "groups": [119], "averageRating": 4.181818181818182}, {"asin": "B009D9JLTU", "name": "Audiopipe 10 Gauge Speaker Cable, 100ft, Black and Red wire**", "imUrl": "http://ecx.images-amazon.com/images/I/51G7pSXF2TL._SY300_.jpg", "price": 20.9, "numReviews": 3, "groups": [137], "averageRating": 3.0, "brand": "Audiopipe"}, {"asin": "B0021WYGDC", "name": "Seismic Audio - 100 Feet 1/4\" to 1/4 Pro Audio Speaker Cables 14 Gauge - Heavy Duty", "imUrl": "http://ecx.images-amazon.com/images/I/51JALioounL._SY300_.jpg", "price": 49.99, "numReviews": 3, "groups": [138], "averageRating": 4.666666666666667}, {"asin": "B004TLWYWI", "name": "MyStarSound F138 13 Gauge 8 Conductor Speaker Wire", "imUrl": "http://ecx.images-amazon.com/images/I/51k05Yv0OOL._SY300_.jpg", "price": 28.74, "numReviews": 3, "groups": [139], "averageRating": 5.0}, {"asin": "B004JO790W", "name": "12 Gauge Compression Speaker Connector - Spade Lug Tip", "imUrl": "http://ecx.images-amazon.com/images/I/41wnpKiWy3L._SX300_.jpg", "price": 18.95, "numReviews": 1, "groups": [140], "averageRating": 5.0}, {"asin": "B002X376R2", "name": "Quality 12/4 Awg 4C In Wall Speaker Wire 100 ft CL2 Rated UL Listed Certified High End 65 Strand", "imUrl": "http://ecx.images-amazon.com/images/I/31IMywU3%2B3L._SY300_.jpg", "price": 77.5, "numReviews": 1, "groups": [141], "averageRating": 5.0}, {"asin": "B003U48NIY", "name": "IEC 18 AWG 1-Feet Speaker Wire Pair with RCA Males - Black/Red", "imUrl": "http://ecx.images-amazon.com/images/I/31GNLqRNJRL._SX300_.jpg", "price": 11.77, "numReviews": 33, "groups": [42], "averageRating": 4.121212121212121}, {"asin": "B004SORD4K", "name": "Orb Audio 100-Feet Roll USA Made 16 Gauge Speaker Wire in Designer White", "imUrl": "http://ecx.images-amazon.com/images/I/31LSRA%2BC7JL._SX300_.jpg", "price": 43.44, "numReviews": 16, "groups": [142], "averageRating": 4.25, "brand": "Orb Audio"}, {"asin": "B006J7QZX4", "name": "Bulk Speaker Wire, 12-Gauge 2-Conductor , 300-Feet Spool", "imUrl": "http://ecx.images-amazon.com/images/I/511st4vPdZL._SY300_.jpg", "price": 73.88, "numReviews": 1, "groups": [143], "averageRating": 5.0}, {"asin": "B008CG6MME", "name": "500ft Speaker Cable 14 AWG Wire Cl2 in Wall Bulk 14/2 Gauge 2 Conductor Audio", "imUrl": "http://ecx.images-amazon.com/images/I/413GzVXIv4L._SY300_.jpg", "price": 68.96, "numReviews": 15, "groups": [144], "averageRating": 4.533333333333333}, {"asin": "B008LTL1VE", "name": "Coleman Cable 946424501 Underground Speaker Cable, CL3 Wire, 14/2, 500-Foot", "imUrl": "http://ecx.images-amazon.com/images/I/21iyVwYEYPL._SX300_.jpg", "price": 143.77, "numReviews": 3, "groups": [145], "averageRating": 3.3333333333333335, "brand": "Coleman Cable"}, {"asin": "B004Z157XK", "name": "Karma Kable 50' Twisted 12 Gauge Speaker Wire", "imUrl": "http://ecx.images-amazon.com/images/I/41zlY9domzL._SX300_.jpg", "price": 36.99, "numReviews": 11, "groups": [146], "averageRating": 4.909090909090909}, {"asin": "B008FL1FI2", "name": "AmerTac - Zenith AS105014C 14 AWG Speaker Wire 50 Feet", "imUrl": "http://ecx.images-amazon.com/images/I/51ocKAfXj7L._SY300_.jpg", "price": 19.77, "numReviews": 2, "groups": [147], "averageRating": 5.0, "brand": "AmerTac - Zenith"}, {"asin": "B00GS87H0E", "name": "In Wall CL2 Speaker Wire 14 Gauge 4 Conductor 99 Strands 250FT", "imUrl": "http://ecx.images-amazon.com/images/I/41PmuLbXkgL._SY300_.jpg", "price": 21.99, "numReviews": 1, "groups": [148], "averageRating": 5.0}, {"asin": "B004Z2GGI4", "name": "GLS Audio 3 feet Speaker Cable 12AWG Patch Cords - 3 ft Speakon to Speakon Professional Cables Black Neutrik NL4FX (NL4FC) 12 Gauge Wire - Pro 3' Speak-on Cord 12G - Single", "imUrl": "http://ecx.images-amazon.com/images/I/415MSkjUlBL._SY300_.jpg", "price": 39.99, "numReviews": 17, "groups": [149], "averageRating": 4.9411764705882355}, {"asin": "B0006U2EN0", "name": "Monster Ultra Series THX 1000 Speaker Cable with Monster Tips 15 ft. pair Speaker Cable (ULT S1000MT-15/15) (Discontinued by Manufacturer)", "imUrl": "http://ecx.images-amazon.com/images/I/31K6AG9ZHTL._SX300_.jpg", "price": 25.2, "numReviews": 6, "groups": [150], "averageRating": 4.166666666666667}, {"asin": "B0033HTXUU", "name": "18/2 In Wall Speaker Wire 250 ft Spool CL2 Rated UL Listed", "imUrl": "http://ecx.images-amazon.com/images/I/319-%2BvJYL5L._SY300_.jpg", "price": 42.99, "numReviews": 17, "groups": [151], "averageRating": 4.823529411764706}, {"asin": "B004WLCKL0", "name": "18AWG Red & Black Bonded Copper Speaker Wire 25' Roll", "imUrl": "http://ecx.images-amazon.com/images/I/518Bj8Ov4jL._SY300_.jpg", "price": 9.99, "numReviews": 1, "groups": [152], "averageRating": 5.0}, {"asin": "B004Z2AY3W", "name": "GLS Audio 100 feet Speaker Cable 12AWG Patch Cords - 100 ft 1/4\" to 1/4\" Professional Speaker Cables Black 12 Gauge Wire - Pro 100' Phono 6.3mm Cord 12G - Single", "imUrl": "http://ecx.images-amazon.com/images/I/51xlmhwZw8L._SY300_.jpg", "price": 69.99, "numReviews": 14, "groups": [153], "averageRating": 4.928571428571429}, {"asin": "B001ANZTAW", "name": "Rocketfish 100' Spool Speaker Cable", "imUrl": "http://ecx.images-amazon.com/images/I/31qV0KBvToL.jpg", "price": 14.99, "numReviews": 1, "groups": [154], "averageRating": 3.0}, {"asin": "B00B76RYHI", "name": "Aurum Cables - Waterproof PVC - 16/2 Awg - 100 ft Outdoor Direct Burial Speaker Wire - CL3 Rated UL Listed - 100 Feet", "imUrl": "http://ecx.images-amazon.com/images/I/21%2BMbORT0TL.jpg", "price": 47.89, "numReviews": 3, "groups": [155], "averageRating": 4.0}, {"asin": "B003E2Q8ZW", "name": "500FT 16-2 Pro Grade In Wall Speaker Wire White", "imUrl": "http://ecx.images-amazon.com/images/I/51hn9ybyeqL._SY300_.jpg", "price": 95.27, "numReviews": 6, "groups": [156], "averageRating": 4.5}, {"asin": "B009SBVCZ4", "name": "Emotiva XSS 2 Meter Speaker Interconnect", "imUrl": "http://ecx.images-amazon.com/images/I/41B5omym3cL._SX300_.jpg", "price": 59.99, "numReviews": 6, "groups": [157], "averageRating": 4.833333333333333}, {"asin": "B00CRSQZF2", "name": "4pcs Y to Banana Plug Spade Adapter Marantz Mcintosh Amplifier MC30 MC275 Fork", "imUrl": "http://ecx.images-amazon.com/images/I/41yFIr8XVkL._SY300_.jpg", "price": 7.98, "numReviews": 7, "groups": [158], "averageRating": 4.428571428571429}, {"asin": "B002UL4A30", "name": "Pyle-Pro PPSS50 50' Foot Professional Speaker Cable Male Compatible With Speakon Connector to Male Compatible With Speakon Connector", "imUrl": "http://ecx.images-amazon.com/images/I/514SWdT8pvL._SY300_.jpg", "price": 22.98, "numReviews": 15, "groups": [159], "averageRating": 3.466666666666667, "salesRankCategory": "Musical Instruments", "salesRank": 2382}, {"asin": "B006LW0W5Y", "name": "AmazonBasics 16-Gauge Speaker Wire - 50 Feet", "imUrl": "http://ecx.images-amazon.com/images/I/51NHXIQmAaL._SY300_.jpg", "price": 8.39, "numReviews": 371, "groups": [160], "averageRating": 4.630727762803234}, {"asin": "B00B7U7A1E", "name": "Cadence 14G152M-Red/Blk 14 Gauge 100 Foot Red/Black Speaker Spool Designed for Show Car Performance (Cut from 500' Roll)", "imUrl": "http://ecx.images-amazon.com/images/I/51TOAC%2BcdEL._SX300_.jpg", "price": 18.95, "numReviews": 2, "groups": [161], "averageRating": 3.0}, {"asin": "B00013BLHW", "name": "Monster Cable 103411 Ci Pro 16Gauge, 4Conductor Inwall Speaker Cable (500 Ft Spool)", "imUrl": "http://ecx.images-amazon.com/images/I/3174RAPJMCL._SY300_.jpg", "price": 224.85, "numReviews": 3, "groups": [162], "averageRating": 5.0, "brand": "Monster"}, {"asin": "B0002ZPH88", "name": "JSC Wire 14 AWG Direct Burial Underground Speaker & Lighting Wire 500 ft.", "imUrl": "http://ecx.images-amazon.com/images/I/31FeeopvetL._SY300_.jpg", "price": 162.89, "numReviews": 1, "groups": [145], "averageRating": 5.0}, {"asin": "B0041SVJ9I", "name": "12AWG CL2 Rated 2 Conductor Loud Speaker Cable 500ft For In-Wall Installation", "imUrl": "http://ecx.images-amazon.com/images/I/314aNdocsML._SY300_.jpg", "price": 99.79, "numReviews": 33, "groups": [163], "averageRating": 4.181818181818182}, {"asin": "B00BHV7I7O", "name": "IEC 18 AWG 6-Feet Speaker wire pair with RCA Females - Black & Red", "imUrl": "http://ecx.images-amazon.com/images/I/31lvX0R5voL._SX300_.jpg", "price": 16.77, "numReviews": 1, "groups": [164], "averageRating": 5.0}, {"asin": "B002891XMK", "name": "Cables Unlimited AUD-5600-50 Pro A/V Series 12AWG Speaker Wire with Pins (50 Feet)", "imUrl": "http://ecx.images-amazon.com/images/I/51H6XHps-wL._SY300_.jpg", "price": 26.95, "numReviews": 1, "groups": [165], "averageRating": 5.0}, {"asin": "B00ANAC6J0", "name": "18/4 AWG Conductor CL2 Rated 500 ft In Wall Speaker Wire / Security Cable by Fluid Communications", "imUrl": "http://ecx.images-amazon.com/images/I/31LaQq13-WL._SY300_.jpg", "price": 28.74, "numReviews": 2, "groups": [166], "averageRating": 4.5}, {"asin": "B00BXUBBO0", "name": "16/4 Awg Shielded Speaker Wire/Security Cable/CNC Stepper Motor/Router - Sold in 25 Ft Increments - Stranded with Drain Wire and Aluminum Shield - CL2 CL2R CMR and In Wall and UV Rated/Protected for Outdoor Above Grade Installations - Made in the USA 16 Gauge by the foot", "imUrl": "http://ecx.images-amazon.com/images/I/21kQgLc-bkL.jpg", "price": 19.75, "numReviews": 2, "groups": [167], "averageRating": 5.0}, {"asin": "B007RPQK7S", "name": "Speaker Wire for In Wall Installation 16AWG/4C - 250 Feet High Quality", "imUrl": "http://ecx.images-amazon.com/images/I/51aCriN1K1L._SY300_.jpg", "price": 40.0, "numReviews": 2, "groups": [168], "averageRating": 5.0}, {"asin": "B0016O9N66", "name": "AudioQuest FLX 16 2 100FT BAG 100-ft speaker cable", "imUrl": "http://ecx.images-amazon.com/images/I/21h2HuEwggL.jpg", "price": 26.95, "numReviews": 1, "groups": [169], "averageRating": 5.0}, {"asin": "B008J4OGJU", "name": "Aurum Cables 14 Gauge Transparent PVC Speaker Zip Wire w/ ft markings every 5 ft - 50 feet", "imUrl": "http://ecx.images-amazon.com/images/I/51B0zIc6PQL._SX300_.jpg", "price": 14.49, "numReviews": 11, "groups": [170], "averageRating": 4.636363636363637}, {"asin": "B003MZRXF0", "name": "Pro - 65 Strand 16/2 In Wall Speaker Wire 500 ft CL2 Rated UL Listed", "imUrl": "http://ecx.images-amazon.com/images/I/41HEGEDWyiL._SY300_.jpg", "price": 85.55, "numReviews": 2, "groups": [171], "averageRating": 5.0}, {"asin": "B0018LLKG8", "name": "Conquest USA \"CS1\" Series CS118-3 18 Gauge 3 Foot Round Speaker Cable with Neutrik 1/4-Inch to 1/4-Inch Plugs", "imUrl": "http://ecx.images-amazon.com/images/I/31AphAcqaCL._SX300_.jpg", "price": 7.85, "numReviews": 1, "groups": [172], "averageRating": 5.0, "salesRankCategory": "Musical Instruments", "salesRank": 75170}, {"asin": "B001UO0PZA", "name": "Bello SP7503 High Performance 16 AWG Speaker Wire (Copper)", "imUrl": "http://ecx.images-amazon.com/images/I/5182tsS1qhL._SY300_.jpg", "price": 32.29, "numReviews": 1, "groups": [173], "averageRating": 5.0}, {"asin": "B009CP7ZB6", "name": "Monster Cable MPC P200 10R-250 50 Ft 10 Gauge 200 Series Power & Ground Wire", "imUrl": "http://ecx.images-amazon.com/images/I/51C-QIrs0KL._SY300_.jpg", "price": 18.95, "numReviews": 1, "groups": [174], "averageRating": 5.0}, {"asin": "B0002ZPGW0", "name": "JSC Wire 16 AWG Brown Primary Hook Up Wire 100 ft. USA", "imUrl": "http://ecx.images-amazon.com/images/I/51Ne6FGHWdL._SY300_.jpg", "price": 12.58, "numReviews": 1, "groups": [175], "averageRating": 4.0}, {"asin": "B000VBASYQ", "name": "PYLE-PRO PPSJ15 - 15ft. 12 Gauge Professional Speaker Cable Speakon to 1/4''", "imUrl": "http://ecx.images-amazon.com/images/I/41NrSV-2QZL._SX300_.jpg", "price": 12.19, "numReviews": 47, "groups": [176], "averageRating": 3.6595744680851063, "salesRankCategory": "Musical Instruments", "salesRank": 840}, {"asin": "B0058V3ES6", "name": "GSI Premium GSPC15 High-Speed Speaker Cable With 2 Pole Speakon Connector Plugs (15 Feet)", "imUrl": "http://ecx.images-amazon.com/images/I/218fwrAPTVL.jpg", "price": 9.99, "numReviews": 1, "groups": [177], "averageRating": 1.0}, {"asin": "B0076S5GYE", "name": "KnuKonceptz Kord Kable 16 Gauge Copper Speaker Wire 50'", "imUrl": "http://ecx.images-amazon.com/images/I/41q6%2BaJSa5L._SX300_.jpg", "price": 14.99, "numReviews": 5, "groups": [41], "averageRating": 4.6}, {"asin": "B00006I5GU", "name": "Monster Cable XP164 High-Performance Speaker Wire - 164ft Spool", "imUrl": "http://ecx.images-amazon.com/images/I/51tudY1LXFL._SY300_.jpg", "price": 79.99, "numReviews": 2, "groups": [178], "averageRating": 4.0}, {"asin": "B000MM2N42", "name": "ATLONA 10 GAUGE SPEAKER CABLE (AREA - 5.262mm\u00b2)", "imUrl": "http://ecx.images-amazon.com/images/I/81w9soht4bL._SY300_.gif", "price": 39.99, "numReviews": 2, "groups": [179], "averageRating": 4.5}, {"asin": "B0054TOG84", "name": "Brand New Hosa Hsx-030 30 Foot Rean 1/4\" TRS to XLR 3 Pin Male Speaker Cable", "imUrl": "http://ecx.images-amazon.com/images/I/51bYkD0GB2L._SX300_.jpg", "price": 13.45, "numReviews": 1, "groups": [180], "averageRating": 5.0, "brand": "Hosa", "salesRankCategory": "Musical Instruments", "salesRank": 88255}, {"asin": "B006JT1YF6", "name": "GLS Audio Premium 16 Gauge 100 Feet Speaker Wire - True 16AWG Speaker Cable 100ft Clear Jacket - High Quality 100' Spool Roll 16G 16/2 Bulk", "imUrl": "http://ecx.images-amazon.com/images/I/51cV-bgtKYL._SY300_.jpg", "price": 19.99, "numReviews": 31, "groups": [181], "averageRating": 4.354838709677419}, {"asin": "B0002ZPH7Y", "name": "JSC Wire 14 AWG 100-Feet Direct Burial Speaker and Lighting Wire", "imUrl": "http://ecx.images-amazon.com/images/I/31boCur9TYL._SY300_.jpg", "price": 47.89, "numReviews": 7, "groups": [182], "averageRating": 5.0}, {"asin": "B004FKFU0Q", "name": "Monster Cable XP-CI 50M - CL Rated Monster XP Clear Jacket Compact Speaker Cable 50 Meters (164 FT Spool)", "imUrl": "http://ecx.images-amazon.com/images/I/51V0EDzHXwL._SY300_.jpg", "price": 79.99, "numReviews": 2, "groups": [183], "averageRating": 5.0}, {"asin": "B006JSR4QU", "name": "GLS Audio Premium 12 Gauge 100 Feet Speaker Wire - True 12AWG Speaker Cable 100ft Clear Jacket - High Quality 100' Spool Roll 12G 12/2 Bulk", "imUrl": "http://ecx.images-amazon.com/images/I/51qd5oTq1UL._SY300_.jpg", "price": 59.99, "numReviews": 112, "groups": [184], "averageRating": 4.607142857142857, "brand": "GLS Audio"}, {"asin": "B004Z2D5AG", "name": "GLS Audio 25 feet Speaker Cable 12AWG Patch Cords - 25 ft Speakon to Speakon Professional Cables Black Neutrik NL4FX (NL4FC) 12 Gauge Wire - Pro 25' Speak-on Cord 12G - Single", "imUrl": "http://ecx.images-amazon.com/images/I/51CODlp3WNL._SY300_.jpg", "price": 49.99, "numReviews": 11, "groups": [185], "averageRating": 4.909090909090909}, {"asin": "B00I8V8YE2", "name": "Mediabridge 14AWG Speaker Wire (50 Feet) - Spooled Design with Sequential Foot Markings", "imUrl": "http://ecx.images-amazon.com/images/I/51dWPiioRRL._SY300_.jpg", "price": 19.99, "numReviews": 14, "groups": [186], "averageRating": 4.928571428571429}, {"asin": "B0010CTM10", "name": "Audio-Technica AT690 14 Gauge 1/4 Inch Speaker Cable - 10 Feet", "imUrl": "http://ecx.images-amazon.com/images/I/31eqyLQEIQL._SX300_.jpg", "price": 10.0, "numReviews": 6, "groups": [187], "averageRating": 4.166666666666667, "salesRankCategory": "Musical Instruments", "salesRank": 6691}, {"asin": "B000CC5PE2", "name": "Monster M Series M1.2s MLock Master Pin Center Channel Speaker Cable (10 ft. piece) (Discontinued by Manufacturer)", "imUrl": "http://ecx.images-amazon.com/images/I/310HY5jEYyL._SY300_.jpg", "price": 27.75, "numReviews": 3, "groups": [188], "averageRating": 4.333333333333333}, {"asin": "B006H5CEX8", "name": "GLS Audio 500 feet Bulk Professional Speaker Cable 12AWG 4 Conductor Black - 12 Gauge Patch Cord 12/4 Wire - Pro 500' Spool Roll 12G 4 Cond Bulk", "imUrl": "http://ecx.images-amazon.com/images/I/51Dk4LkJ2VL._SY300_.jpg", "price": 399.99, "numReviews": 2, "groups": [189], "averageRating": 4.5}, {"asin": "B0002KR0GK", "name": "Dayton Audio SCP-10 10 Feet Speaker Cable Pair with Bananas", "imUrl": "http://ecx.images-amazon.com/images/I/31opVRaaE4L.jpg", "price": 12.5, "numReviews": 10, "groups": [190], "averageRating": 4.5}, {"asin": "B00B77RR60", "name": "Aurum Gold Series Spade Plugs - 45 degrees bent - 24k Gold plated Connectors - 24 pack (12 Red, 12 Black)", "imUrl": "http://ecx.images-amazon.com/images/I/41m7yHppkpL._SY300_.jpg", "price": 27.89, "numReviews": 8, "groups": [191], "averageRating": 4.625}, {"asin": "B006HRAC3U", "name": "Monoprice 3ft 12AWG 2-conductor Speakon Type NL4FC Female to Speakon Type NL4FC Female Cable", "imUrl": "http://ecx.images-amazon.com/images/I/41ngBF4-GrL._SX300_.jpg", "price": 6.32, "numReviews": 5, "groups": [149], "averageRating": 2.6, "brand": "Monoprice"}, {"asin": "B002XNNK72", "name": "12/2 In Wall Speaker Wire 250ft Spool CL2 Rated UL Listed", "imUrl": "http://ecx.images-amazon.com/images/I/319-%2BvJYL5L._SY300_.jpg", "price": 110.98, "numReviews": 4, "groups": [192], "averageRating": 3.75}, {"asin": "B006H52L90", "name": "GLS Audio 100 feet Speaker Cable 12AWG 4 Conductor Patch Cords for Bi-Amp - 100 ft Speakon to Speakon Professional Cables 4C Black Neutrik NL4FX (NL4FC) 12 Gauge Wire - Pro 100' Speak-on Cord 12G 4 Cond - Single", "imUrl": "http://ecx.images-amazon.com/images/I/51CODlp3WNL._SY300_.jpg", "price": 129.99, "numReviews": 3, "groups": [193], "averageRating": 5.0}, {"asin": "B008J4FWBQ", "name": "Aurum Cables 14 Gauge Transparent PVC Speaker Zip Wire", "imUrl": "http://ecx.images-amazon.com/images/I/51gEzuNpe3L._SY300_.jpg", "price": 14.26, "numReviews": 18, "groups": [194], "averageRating": 3.888888888888889, "brand": "Aurum Cables"}, {"asin": "B0002E3A92", "name": "Monster Performer 500 - 20' Speaker Cable -  Straight 1/4\" plugs", "imUrl": "http://ecx.images-amazon.com/images/I/41Yh4QMpXjL._SX300_.jpg", "price": 49.95, "numReviews": 3, "groups": [195], "averageRating": 5.0, "salesRankCategory": "Musical Instruments", "salesRank": 31829}, {"asin": "B006JSMBZE", "name": "GLS Audio Premium 12 Gauge 50 Feet Speaker Wire - True 12AWG Speaker Cable 50ft Clear Jacket - High Quality 50' Spool Roll 12G 12/2 Bulk", "imUrl": "http://ecx.images-amazon.com/images/I/51Ivo5j2WQL._SY300_.jpg", "price": 29.99, "numReviews": 90, "groups": [196], "averageRating": 4.666666666666667}, {"asin": "B001UNLTVK", "name": "Monoprice 50-Feet 16AWG High-Purity Oxygen-Free Copper Speaker Wire", "imUrl": "http://ecx.images-amazon.com/images/I/31ZC06gbiqL._SX300_.jpg", "price": 18.18, "numReviews": 19, "groups": [197], "averageRating": 5.0, "brand": "Monoprice"}, {"asin": "B004Z2O99W", "name": "GLS Audio 25 feet Speaker Cable 16 gauge 16AWG Patch Cords - 25 ft Banana to 1/4\" Professional Speaker Cables Black- 25' Phono 6.3mm to Banana Cord 16G - Single", "imUrl": "http://ecx.images-amazon.com/images/I/41h9W20byfL._SY300_.jpg", "price": 16.99, "numReviews": 11, "groups": [198], "averageRating": 4.545454545454546}, {"asin": "B009EADB2Q", "name": "C&E 100 Feet 14AWG Enhanced Loud Oxygen-Free Copper Speaker Wire Cable", "imUrl": "http://ecx.images-amazon.com/images/I/51M6HTv3plL._SX300_.jpg", "price": 28.99, "numReviews": 139, "groups": [199], "averageRating": 4.83453237410072, "brand": "C&E"}, {"asin": "B00ALR3U3Q", "name": "Mr. Dj CQSM6 1/4-Inch Male to Speakon Male Connector Professional Speaker Cable", "imUrl": "http://ecx.images-amazon.com/images/I/4132gB1PCFL._SX300_.jpg", "price": 11.58, "numReviews": 1, "groups": [200], "averageRating": 5.0, "brand": "Mr. Dj", "salesRankCategory": "Musical Instruments", "salesRank": 41515}, {"asin": "B000CC3R60", "name": "Monster M Series M1.2s Speaker Cable (250 ft. spool)", "imUrl": "http://ecx.images-amazon.com/images/I/11M0KHV86AL.jpg", "price": 199.99, "numReviews": 3, "groups": [201], "averageRating": 5.0, "brand": "Monster"}, {"asin": "B001RF40TO", "name": "Musician's Gear 1/4\" - 1/4\" Speaker Cable 12 Gauge 25 Feet", "imUrl": "http://ecx.images-amazon.com/images/I/41M889BH6FL._SX300_.jpg", "price": 7.17, "numReviews": 3, "groups": [202], "averageRating": 4.333333333333333}, {"asin": "B002C8F4EK", "name": "Theater Solutions CL3/2-500 500' Roll of Outdoor In Wall In Ceiling Home Audio CL3 Speaker Wire", "imUrl": "http://ecx.images-amazon.com/images/I/41can36DJ0L._SY300_.jpg", "price": 99.99, "numReviews": 4, "groups": [203], "averageRating": 4.5}, {"asin": "B000WXBZSG", "name": "Monster XP Navajo White - Compact Speaker Cable MKII - 50 ft. mini spool - 15.24 m.", "imUrl": "http://ecx.images-amazon.com/images/I/31m706RA9fL._SX300_.jpg", "price": 32.28, "numReviews": 15, "groups": [84], "averageRating": 4.866666666666666, "brand": "Monster"}, {"asin": "B00825G2LG", "name": "12-Gauge 2-Conductor In-Wall Loud Speaker Cable (100-Foot Spool)", "imUrl": "http://ecx.images-amazon.com/images/I/317rxyLZ6mL._SY300_.jpg", "price": 29.0, "numReviews": 2, "groups": [204], "averageRating": 3.0}, {"asin": "B00I52I2PU", "name": "Mediabridge ULTRA Series Speaker Cable with Dual Gold Plated Banana Tips (6 Feet) - Pure Copper Cable - Black [New and Improved Version]", "imUrl": "http://ecx.images-amazon.com/images/I/41WDPbfka0L._SY300_.jpg", "price": 14.99, "numReviews": 4, "groups": [205], "averageRating": 4.5}, {"asin": "B007NLXGRS", "name": "12AWG CL2 Rated 4 Conductor Loud Speaker Cable 100ft For In-Wall Installation", "imUrl": "http://ecx.images-amazon.com/images/I/51TcEBrZpHL._SY300_.jpg", "price": 79.45, "numReviews": 2, "groups": [206], "averageRating": 3.0}, {"asin": "B009KSNVHM", "name": "Sewell Deadbolt 45\u00b0 Spade Plugs, 6 Pairs", "imUrl": "http://ecx.images-amazon.com/images/I/41E9sBIKP3L._SX300_.jpg", "price": 18.95, "numReviews": 26, "groups": [207], "averageRating": 4.384615384615385}, {"asin": "B0002E3A4W", "name": "Monster Studio Pro 1000 Speaker Cable with Speak-On Connectors - 3 Feet - Speak-On Connectors", "imUrl": "http://ecx.images-amazon.com/images/I/51LhIeK8rkL._SX300_.jpg", "price": 39.99, "numReviews": 4, "groups": [208], "averageRating": 5.0, "salesRankCategory": "Musical Instruments", "salesRank": 53010}, {"asin": "B004Z2F7PC", "name": "GLS Audio 6 feet Speaker Cable 12AWG Patch Cords - 6 ft Speakon to Speakon Professional Cables Black Neutrik NL4FX (NL4FC) 12 Gauge Wire - Pro 6' Speak-on Cord 12G - Single", "imUrl": "http://ecx.images-amazon.com/images/I/41EKwlWfIsL._SY300_.jpg", "price": 29.99, "numReviews": 9, "groups": [209], "averageRating": 4.555555555555555}, {"asin": "B00004Y2VS", "name": "Monster Cable XPMS-50 Monster XP Clear Jacket (Compact Speaker Cable 50-Foot Piece) (Discontinued by Manufacturer)", "imUrl": "http://ecx.images-amazon.com/images/I/21R8WPCXYRL.jpg", "price": 25.48, "numReviews": 17, "groups": [210], "averageRating": 4.764705882352941}, {"asin": "B000M52TVG", "name": "C2G / Cables to Go 38070 10 AWG Sonic Wave by IMPACT Acoustics Speaker Cable (10 Feet, Gray)", "imUrl": "http://ecx.images-amazon.com/images/I/416nc6A50EL._SY300_.jpg", "price": 53.2, "numReviews": 2, "groups": [211], "averageRating": 5.0, "brand": "C2G"}, {"asin": "B0010CZ6EM", "name": "Hosa Cable STK400Q 14 Gg Speakon to 1/4 Inch Speaker Cable - 10 Foot", "imUrl": "http://ecx.images-amazon.com/images/I/31c3Ap3pJwL._SX300_.jpg", "price": 12.07, "numReviews": 6, "groups": [212], "averageRating": 5.0, "brand": "Hosa", "salesRankCategory": "Musical Instruments", "salesRank": 11328}, {"asin": "B000068NZY", "name": "Hosa Cable SKJ405 14 Gauge Speaker Cable with 1/4 Inch Ends - 5 Foot", "imUrl": "http://ecx.images-amazon.com/images/I/31xQU17mHCL._SX300_.jpg", "price": 7.27, "numReviews": 8, "groups": [213], "averageRating": 4.625, "brand": "Hosa", "salesRankCategory": "Musical Instruments", "salesRank": 120330}, {"asin": "B004N1K6FQ", "name": "Black - 18/2 Awg CL2 Rated In-Wall Speaker Wire/Cable - 100ft - Indoor - Premium Home Audio", "imUrl": "http://ecx.images-amazon.com/images/I/31QXNrKywEL._SY300_.jpg", "price": 22.95, "numReviews": 1, "groups": [214], "averageRating": 5.0}, {"asin": "B004YUIZE0", "name": "Speaker Wire Pants - 10 Gauge (Y Boot) -10 Pack", "imUrl": "http://ecx.images-amazon.com/images/I/31erTyYRHXL._SX300_.jpg", "price": 9.9, "numReviews": 6, "groups": [63], "averageRating": 4.666666666666667}, {"asin": "B001A9CFI0", "name": "Monster M Series MCX-1s High Performance Speaker Cable (30 ft. spool)", "imUrl": "http://ecx.images-amazon.com/images/I/31bRvxWFTrL._SX300_.jpg", "price": 29.53, "numReviews": 4, "groups": [215], "averageRating": 4.25}, {"asin": "B0044YPN0A", "name": "Mediabridge 16AWG Speaker Wire (100 Feet) - Spooled Design with Sequential Foot Markings", "imUrl": "http://ecx.images-amazon.com/images/I/51Zmv7pIkQL._SY300_.jpg", "price": 14.99, "numReviews": 260, "groups": [2], "averageRating": 4.753846153846154, "brand": "Mediabridge"}, {"asin": "B004Z26JEK", "name": "GLS Audio 100 feet Speaker Cable 12AWG Patch Cords - 100 ft Speakon to Speakon Professional Cables Black Neutrik NL4FX (NL4FC) 12 Gauge Wire - Pro 100' Speak-on Cord 12G - Single", "imUrl": "http://ecx.images-amazon.com/images/I/51CODlp3WNL._SY300_.jpg", "price": 89.99, "numReviews": 4, "groups": [193], "averageRating": 5.0}, {"asin": "B0082D3NJW", "name": "18AWG CL2 Rated 2-Conductor Loud Speaker Cable - 50ft (For In-Wall Installation)", "imUrl": "http://ecx.images-amazon.com/images/I/31en2ZsucoL._SY300_.jpg", "price": 18.49, "numReviews": 2, "groups": [216], "averageRating": 5.0}, {"asin": "B00BWS9CZS", "name": "Cable Matters 2-Conductor In-Wall Rated (CM) 16 AWG Speaker Cable, 100% Bare Copper 500 Feet", "imUrl": "http://ecx.images-amazon.com/images/I/31ek0FA5TML._SY300_.jpg", "price": 85.99, "numReviews": 72, "groups": [144], "averageRating": 4.708333333333333}, {"asin": "B0052YF0VI", "name": "Sewell 14 AWG Pure Copper Oxygen Free Speaker Wire (500ft), 2 Conductor", "imUrl": "http://ecx.images-amazon.com/images/I/41DnQ%2BIbi6L._SX300_.jpg", "price": 109.95, "numReviews": 1, "groups": [217], "averageRating": 3.0}, {"asin": "B00008VSL3", "name": "Acoustic Research PR361 Speaker Cable, Flat 16 AWG, (50 ft spool) (Discontinued by Manufacturer)", "imUrl": "http://ecx.images-amazon.com/images/I/5160N8R4Y9L._SY300_.jpg", "price": 58.0, "numReviews": 14, "groups": [218], "averageRating": 4.142857142857143}, {"asin": "B0002ZPH7O", "name": "JSC Wire 14 AWG 2C Audiophile Grade Speaker Cable 100 ft. CL3", "imUrl": "http://ecx.images-amazon.com/images/I/21U0nWgNyUL._SY300_.jpg", "price": 37.5, "numReviews": 13, "groups": [219], "averageRating": 4.461538461538462}, {"asin": "B0030DHQMO", "name": "Brand New Monster Cable Xln16s-20 16 Gauge 20' Foot Oxygen Free Copper Speaker Wire Spool", "imUrl": "http://ecx.images-amazon.com/images/I/51BiQprZOJL._SY300_.jpg", "price": 26.95, "numReviews": 4, "groups": [220], "averageRating": 5.0}, {"asin": "B008VRQ2QA", "name": "Indoor/Outdoor In Wall or Direct Burial Home Audio 14/4 Awg Gauge 500 ft CL3 Speaker Wire or Low Voltage Lighting Cable - Oxygen Free Copper - 105 High Strand Count - Made in the USA! BLACK", "imUrl": "http://ecx.images-amazon.com/images/I/31Hl%2B9RWbOL.jpg", "price": 248.44, "numReviews": 2, "groups": [221], "averageRating": 4.5}], "links": [{"source": 0, "target": 44, "right": true, "left": false, "value": 1}, {"source": 0, "target": 206, "right": true, "left": false, "value": 1}, {"source": 1, "target": 70, "right": true, "left": false, "value": 1}, {"source": 2, "target": 193, "right": false, "left": true, "value": 1}, {"source": 2, "target": 226, "right": true, "left": true, "value": 1}, {"source": 2, "target": 207, "right": true, "left": false, "value": 1}, {"source": 3, "target": 28, "right": false, "left": true, "value": 1}, {"source": 3, "target": 149, "right": true, "left": false, "value": 1}, {"source": 4, "target": 207, "right": true, "left": false, "value": 1}, {"source": 5, "target": 44, "right": true, "left": false, "value": 1}, {"source": 6, "target": 70, "right": true, "left": false, "value": 1}, {"source": 7, "target": 11, "right": true, "left": false, "value": 1}, {"source": 8, "target": 192, "right": true, "left": false, "value": 1}, {"source": 9, "target": 207, "right": true, "left": false, "value": 1}, {"source": 10, "target": 213, "right": false, "left": true, "value": 1}, {"source": 11, "target": 105, "right": false, "left": true, "value": 1}, {"source": 12, "target": 66, "right": true, "left": false, "value": 1}, {"source": 12, "target": 175, "right": false, "left": true, "value": 1}, {"source": 12, "target": 207, "right": true, "left": false, "value": 1}, {"source": 12, "target": 117, "right": false, "left": true, "value": 1}, {"source": 12, "target": 23, "right": false, "left": true, "value": 1}, {"source": 12, "target": 190, "right": false, "left": true, "value": 1}, {"source": 13, "target": 204, "right": true, "left": false, "value": 1}, {"source": 14, "target": 70, "right": true, "left": false, "value": 1}, {"source": 15, "target": 128, "right": false, "left": true, "value": 1}, {"source": 15, "target": 70, "right": true, "left": false, "value": 1}, {"source": 16, "target": 170, "right": false, "left": true, "value": 1}, {"source": 17, "target": 226, "right": true, "left": false, "value": 1}, {"source": 17, "target": 205, "right": true, "left": false, "value": 1}, {"source": 18, "target": 20, "right": true, "left": false, "value": 1}, {"source": 18, "target": 189, "right": true, "left": false, "value": 1}, {"source": 18, "target": 70, "right": true, "left": false, "value": 1}, {"source": 19, "target": 162, "right": false, "left": true, "value": 1}, {"source": 19, "target": 195, "right": false, "left": true, "value": 1}, {"source": 19, "target": 197, "right": false, "left": true, "value": 1}, {"source": 19, "target": 139, "right": false, "left": true, "value": 1}, {"source": 19, "target": 220, "right": false, "left": true, "value": 1}, {"source": 19, "target": 214, "right": false, "left": true, "value": 1}, {"source": 19, "target": 155, "right": false, "left": true, "value": 1}, {"source": 19, "target": 31, "right": false, "left": true, "value": 1}, {"source": 19, "target": 62, "right": false, "left": true, "value": 1}, {"source": 19, "target": 63, "right": false, "left": true, "value": 1}, {"source": 20, "target": 92, "right": false, "left": true, "value": 1}, {"source": 20, "target": 70, "right": true, "left": false, "value": 1}, {"source": 21, "target": 26, "right": true, "left": false, "value": 1}, {"source": 21, "target": 44, "right": true, "left": false, "value": 1}, {"source": 22, "target": 207, "right": true, "left": false, "value": 1}, {"source": 24, "target": 70, "right": true, "left": false, "value": 1}, {"source": 25, "target": 226, "right": true, "left": false, "value": 1}, {"source": 25, "target": 207, "right": true, "left": false, "value": 1}, {"source": 26, "target": 137, "right": false, "left": true, "value": 1}, {"source": 26, "target": 138, "right": false, "left": true, "value": 1}, {"source": 26, "target": 203, "right": false, "left": true, "value": 1}, {"source": 26, "target": 44, "right": true, "left": false, "value": 1}, {"source": 26, "target": 83, "right": false, "left": true, "value": 1}, {"source": 26, "target": 119, "right": false, "left": true, "value": 1}, {"source": 27, "target": 218, "right": true, "left": false, "value": 1}, {"source": 27, "target": 154, "right": true, "left": false, "value": 1}, {"source": 28, "target": 57, "right": true, "left": false, "value": 1}, {"source": 28, "target": 149, "right": true, "left": false, "value": 1}, {"source": 29, "target": 115, "right": false, "left": true, "value": 1}, {"source": 30, "target": 49, "right": true, "left": false, "value": 1}, {"source": 31, "target": 162, "right": false, "left": true, "value": 1}, {"source": 32, "target": 147, "right": true, "left": false, "value": 1}, {"source": 33, "target": 167, "right": true, "left": false, "value": 1}, {"source": 34, "target": 118, "right": true, "left": false, "value": 1}, {"source": 35, "target": 70, "right": true, "left": false, "value": 1}, {"source": 35, "target": 61, "right": true, "left": false, "value": 1}, {"source": 35, "target": 54, "right": true, "left": false, "value": 1}, {"source": 35, "target": 79, "right": true, "left": false, "value": 1}, {"source": 36, "target": 106, "right": false, "left": true, "value": 1}, {"source": 36, "target": 175, "right": false, "left": true, "value": 1}, {"source": 37, "target": 70, "right": true, "left": false, "value": 1}, {"source": 38, "target": 94, "right": true, "left": false, "value": 1}, {"source": 38, "target": 116, "right": true, "left": false, "value": 1}, {"source": 38, "target": 173, "right": false, "left": true, "value": 1}, {"source": 38, "target": 70, "right": true, "left": false, "value": 1}, {"source": 39, "target": 70, "right": true, "left": false, "value": 1}, {"source": 40, "target": 218, "right": true, "left": false, "value": 1}, {"source": 40, "target": 154, "right": true, "left": false, "value": 1}, {"source": 41, "target": 184, "right": true, "left": true, "value": 1}, {"source": 41, "target": 207, "right": true, "left": false, "value": 1}, {"source": 42, "target": 146, "right": true, "left": true, "value": 1}, {"source": 43, "target": 147, "right": true, "left": false, "value": 1}, {"source": 44, "target": 194, "right": false, "left": true, "value": 1}, {"source": 44, "target": 103, "right": false, "left": true, "value": 1}, {"source": 44, "target": 203, "right": false, "left": true, "value": 1}, {"source": 44, "target": 109, "right": false, "left": true, "value": 1}, {"source": 44, "target": 210, "right": false, "left": true, "value": 1}, {"source": 44, "target": 53, "right": false, "left": true, "value": 1}, {"source": 44, "target": 121, "right": false, "left": true, "value": 1}, {"source": 44, "target": 222, "right": false, "left": true, "value": 1}, {"source": 45, "target": 56, "right": true, "left": true, "value": 1}, {"source": 45, "target": 49, "right": true, "left": false, "value": 1}, {"source": 45, "target": 172, "right": false, "left": true, "value": 1}, {"source": 46, "target": 70, "right": true, "left": false, "value": 1}, {"source": 47, "target": 66, "right": true, "left": false, "value": 1}, {"source": 48, "target": 131, "right": false, "left": true, "value": 1}, {"source": 48, "target": 132, "right": false, "left": true, "value": 1}, {"source": 48, "target": 108, "right": false, "left": true, "value": 1}, {"source": 48, "target": 76, "right": false, "left": true, "value": 1}, {"source": 48, "target": 82, "right": false, "left": true, "value": 1}, {"source": 48, "target": 151, "right": false, "left": true, "value": 1}, {"source": 49, "target": 228, "right": false, "left": true, "value": 1}, {"source": 49, "target": 70, "right": true, "left": false, "value": 1}, {"source": 49, "target": 135, "right": false, "left": true, "value": 1}, {"source": 49, "target": 77, "right": false, "left": true, "value": 1}, {"source": 49, "target": 147, "right": true, "left": false, "value": 1}, {"source": 49, "target": 120, "right": false, "left": true, "value": 1}, {"source": 49, "target": 156, "right": false, "left": true, "value": 1}, {"source": 49, "target": 223, "right": false, "left": true, "value": 1}, {"source": 50, "target": 164, "right": true, "left": false, "value": 1}, {"source": 51, "target": 61, "right": true, "left": false, "value": 1}, {"source": 52, "target": 226, "right": true, "left": false, "value": 1}, {"source": 52, "target": 207, "right": true, "left": false, "value": 1}, {"source": 54, "target": 61, "right": true, "left": false, "value": 1}, {"source": 54, "target": 70, "right": true, "left": false, "value": 1}, {"source": 55, "target": 146, "right": true, "left": false, "value": 1}, {"source": 56, "target": 172, "right": false, "left": true, "value": 1}, {"source": 56, "target": 70, "right": true, "left": false, "value": 1}, {"source": 57, "target": 97, "right": false, "left": true, "value": 1}, {"source": 57, "target": 67, "right": false, "left": true, "value": 1}, {"source": 57, "target": 70, "right": true, "left": false, "value": 1}, {"source": 57, "target": 88, "right": true, "left": true, "value": 1}, {"source": 57, "target": 153, "right": false, "left": true, "value": 1}, {"source": 57, "target": 61, "right": true, "left": false, "value": 1}, {"source": 58, "target": 226, "right": true, "left": false, "value": 1}, {"source": 59, "target": 70, "right": true, "left": false, "value": 1}, {"source": 60, "target": 96, "right": true, "left": false, "value": 1}, {"source": 61, "target": 160, "right": false, "left": true, "value": 1}, {"source": 61, "target": 168, "right": false, "left": true, "value": 1}, {"source": 61, "target": 75, "right": false, "left": true, "value": 1}, {"source": 61, "target": 211, "right": false, "left": true, "value": 1}, {"source": 61, "target": 189, "right": true, "left": false, "value": 1}, {"source": 62, "target": 162, "right": false, "left": true, "value": 1}, {"source": 62, "target": 214, "right": true, "left": false, "value": 1}, {"source": 64, "target": 224, "right": true, "left": true, "value": 1}, {"source": 65, "target": 148, "right": false, "left": true, "value": 1}, {"source": 65, "target": 70, "right": true, "left": false, "value": 1}, {"source": 66, "target": 87, "right": false, "left": true, "value": 1}, {"source": 66, "target": 185, "right": false, "left": true, "value": 1}, {"source": 66, "target": 219, "right": false, "left": true, "value": 1}, {"source": 66, "target": 190, "right": false, "left": true, "value": 1}, {"source": 66, "target": 191, "right": true, "left": false, "value": 1}, {"source": 67, "target": 191, "right": true, "left": false, "value": 1}, {"source": 68, "target": 180, "right": false, "left": true, "value": 1}, {"source": 69, "target": 204, "right": true, "left": false, "value": 1}, {"source": 70, "target": 145, "right": false, "left": true, "value": 1}, {"source": 70, "target": 153, "right": false, "left": true, "value": 1}, {"source": 70, "target": 160, "right": false, "left": true, "value": 1}, {"source": 70, "target": 167, "right": false, "left": true, "value": 1}, {"source": 70, "target": 169, "right": false, "left": true, "value": 1}, {"source": 70, "target": 173, "right": false, "left": true, "value": 1}, {"source": 70, "target": 174, "right": false, "left": true, "value": 1}, {"source": 70, "target": 188, "right": false, "left": true, "value": 1}, {"source": 70, "target": 196, "right": false, "left": true, "value": 1}, {"source": 70, "target": 200, "right": false, "left": true, "value": 1}, {"source": 70, "target": 201, "right": false, "left": true, "value": 1}, {"source": 70, "target": 77, "right": false, "left": true, "value": 1}, {"source": 70, "target": 81, "right": false, "left": true, "value": 1}, {"source": 70, "target": 84, "right": false, "left": true, "value": 1}, {"source": 70, "target": 215, "right": false, "left": true, "value": 1}, {"source": 70, "target": 88, "right": false, "left": true, "value": 1}, {"source": 70, "target": 90, "right": false, "left": true, "value": 1}, {"source": 70, "target": 91, "right": false, "left": true, "value": 1}, {"source": 70, "target": 92, "right": false, "left": true, "value": 1}, {"source": 70, "target": 94, "right": false, "left": true, "value": 1}, {"source": 70, "target": 230, "right": false, "left": true, "value": 1}, {"source": 70, "target": 234, "right": false, "left": true, "value": 1}, {"source": 70, "target": 116, "right": false, "left": true, "value": 1}, {"source": 70, "target": 120, "right": false, "left": true, "value": 1}, {"source": 70, "target": 123, "right": false, "left": true, "value": 1}, {"source": 70, "target": 127, "right": false, "left": true, "value": 1}, {"source": 71, "target": 216, "right": true, "left": false, "value": 1}, {"source": 72, "target": 164, "right": true, "left": false, "value": 1}, {"source": 73, "target": 207, "right": true, "left": false, "value": 1}, {"source": 74, "target": 226, "right": true, "left": false, "value": 1}, {"source": 75, "target": 88, "right": true, "left": false, "value": 1}, {"source": 78, "target": 109, "right": true, "left": false, "value": 1}, {"source": 80, "target": 164, "right": true, "left": false, "value": 1}, {"source": 85, "target": 147, "right": true, "left": false, "value": 1}, {"source": 85, "target": 212, "right": true, "left": true, "value": 1}, {"source": 85, "target": 231, "right": false, "left": true, "value": 1}, {"source": 86, "target": 207, "right": true, "left": false, "value": 1}, {"source": 88, "target": 129, "right": false, "left": true, "value": 1}, {"source": 88, "target": 97, "right": false, "left": true, "value": 1}, {"source": 89, "target": 205, "right": true, "left": false, "value": 1}, {"source": 89, "target": 157, "right": false, "left": true, "value": 1}, {"source": 91, "target": 204, "right": true, "left": false, "value": 1}, {"source": 93, "target": 207, "right": true, "left": false, "value": 1}, {"source": 94, "target": 172, "right": false, "left": true, "value": 1}, {"source": 94, "target": 143, "right": false, "left": true, "value": 1}, {"source": 94, "target": 116, "right": true, "left": true, "value": 1}, {"source": 94, "target": 120, "right": false, "left": true, "value": 1}, {"source": 95, "target": 226, "right": true, "left": false, "value": 1}, {"source": 95, "target": 188, "right": true, "left": false, "value": 1}, {"source": 95, "target": 205, "right": true, "left": false, "value": 1}, {"source": 97, "target": 149, "right": true, "left": false, "value": 1}, {"source": 98, "target": 207, "right": true, "left": false, "value": 1}, {"source": 99, "target": 147, "right": true, "left": false, "value": 1}, {"source": 100, "target": 226, "right": true, "left": false, "value": 1}, {"source": 101, "target": 226, "right": true, "left": false, "value": 1}, {"source": 102, "target": 209, "right": true, "left": false, "value": 1}, {"source": 103, "target": 222, "right": false, "left": true, "value": 1}, {"source": 104, "target": 229, "right": true, "left": false, "value": 1}, {"source": 105, "target": 191, "right": true, "left": false, "value": 1}, {"source": 107, "target": 118, "right": true, "left": false, "value": 1}, {"source": 110, "target": 114, "right": true, "left": false, "value": 1}, {"source": 111, "target": 226, "right": true, "left": false, "value": 1}, {"source": 111, "target": 205, "right": true, "left": false, "value": 1}, {"source": 112, "target": 207, "right": true, "left": false, "value": 1}, {"source": 113, "target": 226, "right": true, "left": false, "value": 1}, {"source": 116, "target": 120, "right": true, "left": false, "value": 1}, {"source": 118, "target": 226, "right": true, "left": false, "value": 1}, {"source": 119, "target": 138, "right": true, "left": false, "value": 1}, {"source": 120, "target": 172, "right": false, "left": true, "value": 1}, {"source": 122, "target": 140, "right": true, "left": true, "value": 1}, {"source": 124, "target": 226, "right": true, "left": false, "value": 1}, {"source": 125, "target": 177, "right": true, "left": false, "value": 1}, {"source": 126, "target": 187, "right": false, "left": true, "value": 1}, {"source": 130, "target": 226, "right": true, "left": false, "value": 1}, {"source": 132, "target": 233, "right": false, "left": true, "value": 1}, {"source": 133, "target": 218, "right": true, "left": false, "value": 1}, {"source": 133, "target": 154, "right": true, "left": false, "value": 1}, {"source": 133, "target": 199, "right": true, "left": false, "value": 1}, {"source": 134, "target": 226, "right": true, "left": false, "value": 1}, {"source": 134, "target": 207, "right": true, "left": false, "value": 1}, {"source": 135, "target": 147, "right": true, "left": false, "value": 1}, {"source": 135, "target": 212, "right": true, "left": false, "value": 1}, {"source": 136, "target": 226, "right": true, "left": false, "value": 1}, {"source": 137, "target": 203, "right": true, "left": false, "value": 1}, {"source": 138, "target": 178, "right": false, "left": true, "value": 1}, {"source": 141, "target": 191, "right": true, "left": false, "value": 1}, {"source": 142, "target": 158, "right": true, "left": false, "value": 1}, {"source": 144, "target": 216, "right": true, "left": false, "value": 1}, {"source": 149, "target": 229, "right": true, "left": true, "value": 1}, {"source": 149, "target": 177, "right": false, "left": true, "value": 1}, {"source": 150, "target": 168, "right": true, "left": true, "value": 1}, {"source": 152, "target": 207, "right": true, "left": false, "value": 1}, {"source": 154, "target": 199, "right": true, "left": true, "value": 1}, {"source": 154, "target": 217, "right": false, "left": true, "value": 1}, {"source": 156, "target": 228, "right": false, "left": true, "value": 1}, {"source": 159, "target": 226, "right": true, "left": false, "value": 1}, {"source": 160, "target": 189, "right": true, "left": false, "value": 1}, {"source": 161, "target": 229, "right": true, "left": false, "value": 1}, {"source": 163, "target": 216, "right": true, "left": false, "value": 1}, {"source": 165, "target": 226, "right": true, "left": false, "value": 1}, {"source": 165, "target": 207, "right": true, "left": false, "value": 1}, {"source": 166, "target": 207, "right": true, "left": false, "value": 1}, {"source": 168, "target": 189, "right": false, "left": true, "value": 1}, {"source": 171, "target": 204, "right": true, "left": false, "value": 1}, {"source": 171, "target": 191, "right": true, "left": false, "value": 1}, {"source": 176, "target": 226, "right": true, "left": false, "value": 1}, {"source": 176, "target": 207, "right": true, "left": false, "value": 1}, {"source": 179, "target": 207, "right": true, "left": false, "value": 1}, {"source": 181, "target": 226, "right": true, "left": false, "value": 1}, {"source": 182, "target": 208, "right": false, "left": true, "value": 1}, {"source": 182, "target": 221, "right": false, "left": true, "value": 1}, {"source": 183, "target": 199, "right": true, "left": false, "value": 1}, {"source": 185, "target": 207, "right": true, "left": false, "value": 1}, {"source": 185, "target": 191, "right": true, "left": false, "value": 1}, {"source": 186, "target": 204, "right": true, "left": false, "value": 1}, {"source": 186, "target": 191, "right": true, "left": false, "value": 1}, {"source": 188, "target": 226, "right": true, "left": false, "value": 1}, {"source": 191, "target": 204, "right": false, "left": true, "value": 1}, {"source": 191, "target": 207, "right": true, "left": false, "value": 1}, {"source": 192, "target": 201, "right": false, "left": true, "value": 1}, {"source": 193, "target": 226, "right": true, "left": false, "value": 1}, {"source": 195, "target": 225, "right": true, "left": false, "value": 1}, {"source": 196, "target": 227, "right": true, "left": false, "value": 1}, {"source": 198, "target": 216, "right": true, "left": false, "value": 1}, {"source": 201, "target": 227, "right": true, "left": true, "value": 1}, {"source": 202, "target": 207, "right": true, "left": false, "value": 1}, {"source": 207, "target": 226, "right": false, "left": true, "value": 1}, {"source": 207, "target": 232, "right": false, "left": true, "value": 1}, {"source": 209, "target": 225, "right": true, "left": false, "value": 1}, {"source": 226, "target": 231, "right": false, "left": true, "value": 1}]}