{"nodes": [{"asin": "B002PJ40RI", "name": "Pentax K-x 12.4MP Digital SLR with 2.7 inch LCD and 18-55mm f/3.5-5.6 AL Lens (Navy)", "imUrl": "http://ecx.images-amazon.com/images/I/416akdCGthL._SX300_.jpg", "price": 9.99, "numReviews": 10, "groups": [0], "averageRating": 4.8, "salesRankCategory": "Camera & Photo", "salesRank": 16942}, {"asin": "B00BW6LY2Y", "name": "Canon EOS Rebel SL1 18.0 MP CMOS Digital SLR with EF-S 18-55mm IS STM Lens", "imUrl": "http://ecx.images-amazon.com/images/I/51s%2B-p4K35L._SY300_.jpg", "price": 649.0, "numReviews": 206, "groups": [1], "averageRating": 4.660194174757281, "brand": "Canon", "salesRankCategory": "Camera & Photo", "salesRank": 344}, {"asin": "B000NVTZXY", "name": "Olympus Evolt E410 10MP Digital SLR Camera with 14-42mm f/3.5-5.6 and 40-150mm f/4.0-5.6 Zuiko Lenses", "imUrl": "http://ecx.images-amazon.com/images/I/4185ATUICHL._SX300_.jpg", "price": 9.99, "numReviews": 32, "groups": [2], "averageRating": 4.375, "salesRankCategory": "Camera & Photo", "salesRank": 13090}, {"asin": "B00BW6LWO4", "name": "Canon Rebel T5i Digital SLR Camera and 18-55mm EF-S IS STM Lens Kit", "imUrl": "http://ecx.images-amazon.com/images/I/51TAqI3u%2BdL._SY300_.jpg", "price": 749.0, "numReviews": 209, "groups": [3], "averageRating": 4.669856459330144, "brand": "Canon", "salesRankCategory": "Camera & Photo", "salesRank": 216}, {"asin": "B000I3XQNC", "name": "Canon Rebel XTi DSLR Camera with EF-S 18-55mm f/3.5-5.6 Lens (Silver) (OLD MODEL)", "imUrl": "http://ecx.images-amazon.com/images/I/41XNHCJQDAL._SX300_.jpg", "price": 749.0, "numReviews": 713, "groups": [4], "averageRating": 4.58625525946704, "salesRankCategory": "Camera & Photo", "salesRank": 8359}, {"asin": "B00HYHBE3E", "name": "Canon EOS Rebel SL1 18.0 MP CMOS Digital SLR Full HD 1080 Video Body with EF-S 18-55mm IS STM Lens With 58mm 2x Professional Lens +High Definition 58mm Wide Angle Lens + Auto Flash + Uv Filter Kit with 24GB Complete Deluxe Accessory Bundle", "imUrl": "http://ecx.images-amazon.com/images/I/51nhZJSaYbL._SY300_.jpg", "price": 649.95, "numReviews": 3, "groups": [1], "averageRating": 5.0, "salesRankCategory": "Camera & Photo", "salesRank": 871}, {"asin": "B002MPPRM2", "name": "Sony Alpha DSLRA500 12.3MP Digital SLR Camera (Body only)", "imUrl": "http://ecx.images-amazon.com/images/I/51kMtIHt-XL._SX300_.jpg", "price": 699.0, "numReviews": 17, "groups": [5], "averageRating": 4.647058823529412, "salesRankCategory": "Camera & Photo", "salesRank": 16761}, {"asin": "B00466NE52", "name": "Canon EOS 60D SLR Digital Camera Kit with Canon EF-S 18-55mm IS and EF 75-300mm lens SSE Bundle Including Replacement LP-E6 Battery, Rapid Travel Charger, 16GB SDHC Memory Card, Mini HDMI Cable, Carrying Case, Full Size Tripod and More", "imUrl": "http://ecx.images-amazon.com/images/I/51d2e1R4BKL._SY300_.jpg", "price": 949.95, "numReviews": 3, "groups": [6], "averageRating": 4.0, "brand": "SSE", "salesRankCategory": "Camera & Photo", "salesRank": 2616}, {"asin": "B00GGMS6MU", "name": "Canon EOS Rebel T3i Digital SLR Camera & 18-55mm IS II & 55-250mm IS Lens with 32GB Card + Backpack + LED Flash + Grip + Battery Kit", "imUrl": "http://ecx.images-amazon.com/images/I/519DXNSr5lL._SY300_.jpg", "price": 779.95, "numReviews": 5, "groups": [7], "averageRating": 4.4, "salesRankCategory": "Camera & Photo", "salesRank": 19751}, {"asin": "B0019FJM9A", "name": "Olympus Evolt E520 10MP Digital SLR Camera with Image Stabilization w/ 14-42mm f/3.5-5.6 Zuiko Lens", "imUrl": "http://ecx.images-amazon.com/images/I/51bv-2WUGkL._SX300_.jpg", "price": 17.12, "numReviews": 74, "groups": [8], "averageRating": 4.5, "salesRankCategory": "Camera & Photo", "salesRank": 10460}, {"asin": "B00267S7UK", "name": "Nikon D5000 12.3 MP DX Digital SLR Camera with 2.7-inch Vari-angle LCD (Body Only)", "imUrl": "http://ecx.images-amazon.com/images/I/51Boo7y-0-L._SX300_.jpg", "price": 649.95, "numReviews": 60, "groups": [9], "averageRating": 4.216666666666667, "brand": "Nikon", "salesRankCategory": "Camera & Photo", "salesRank": 6085}, {"asin": "B0082OJ3DG", "name": "Pentax K-30 DSLR Camera with 18-55mm AL and 50-200mm AL Lens Kit - Black", "imUrl": "http://ecx.images-amazon.com/images/I/41XBD1m1kzL._SY300_.jpg", "price": 718.19, "numReviews": 7, "groups": [10], "averageRating": 4.714285714285714, "brand": "Pentax", "salesRankCategory": "Camera & Photo", "salesRank": 11282}, {"asin": "B00DB50BJQ", "name": "Nikon D3200 Digital SLR Camera & 18-55mm G VR DX AF-S Zoom Lens (Red) with 55-200mm VR Lens + 32GB Card + Case + Battery + Tripod + Filters + Tele/Wide-Angle Lenses Kit", "imUrl": "http://ecx.images-amazon.com/images/I/51wUd83qK7L._SY300_.jpg", "price": 699.95, "numReviews": 1, "groups": [11], "averageRating": 5.0, "salesRankCategory": "Camera & Photo", "salesRank": 19664}, {"asin": "B004CPZG5I", "name": "Nikon D3100 Digital SLR Camera Kit w/ AF-S DX 18-55mm VR & Nikon AF-S DX 55-300mm VR Zoom Lens", "imUrl": "http://ecx.images-amazon.com/images/I/315vQGkdZpL.jpg", "price": 17.22, "numReviews": 3, "groups": [12], "averageRating": 5.0, "salesRankCategory": "Camera & Photo", "salesRank": 16380}, {"asin": "B00A2KMC7C", "name": "D5200 Digital SLR with AF-S DX", "imUrl": "http://ecx.images-amazon.com/images/I/41-zPXolrSL._SX300_.jpg", "price": 696.95, "numReviews": 2, "groups": [13], "averageRating": 3.0, "salesRankCategory": "Camera & Photo", "salesRank": 25655}, {"asin": "B00138R12I", "name": "Sony Alpha DSLRA300X 10.2MP Digital SLR Camera with Super SteadyShot Image Stabilization with DT 18-70mm f/3.5-5.6 & DT 55-200mm f/4-5.6 Zoom Lenses", "imUrl": "http://ecx.images-amazon.com/images/I/418kH08-BxL._SX300_.jpg", "price": 375.0, "numReviews": 68, "groups": [14], "averageRating": 4.4411764705882355, "salesRankCategory": "Camera & Photo", "salesRank": 14962}, {"asin": "B0007QKMQY", "name": "Canon Rebel XT DSLR Camera with EF-S 18-55mm f/3.5-5.6 Lens (Silver) (OLD MODEL)", "imUrl": "http://ecx.images-amazon.com/images/I/51G31QKNJFL._SY300_.jpg", "price": 499.0, "numReviews": 585, "groups": [15], "averageRating": 4.579487179487179, "salesRankCategory": "Camera & Photo", "salesRank": 4758}, {"asin": "B00006JK37", "name": "Nikon D100 6MP Digital SLR Camera", "imUrl": "http://ecx.images-amazon.com/images/I/51FFN4JK1AL._SX300_.jpg", "price": 9.99, "numReviews": 43, "groups": [16], "averageRating": 4.790697674418604, "salesRankCategory": "Camera & Photo", "salesRank": 2657}, {"asin": "B00JCYJMCC", "name": "Sony Cyber-shot DSC-H400 DSCH400/B DSCH400B H400 Digital Camera (Black) + 32GB Deluxe Accesory Kit", "imUrl": "http://ecx.images-amazon.com/images/I/51traH77hNL._SY300_.jpg", "price": 299.0, "numReviews": 2, "groups": [17], "averageRating": 4.0, "salesRankCategory": "Camera & Photo", "salesRank": 12068}, {"asin": "B000V5P90K", "name": "Canon EOS 40D 10.1MP Digital SLR Camera (Body Only)", "imUrl": "http://ecx.images-amazon.com/images/I/51gt2JGO6oL._SX300_.jpg", "price": 888.99, "numReviews": 434, "groups": [18], "averageRating": 4.682027649769585, "brand": "Canon", "salesRankCategory": "Camera & Photo", "salesRank": 3583}, {"asin": "B0035FZJI0", "name": "Canon EOS Rebel T2i DSLR Camera (Body Only)", "imUrl": "http://ecx.images-amazon.com/images/I/51h6tijJiaL._SY300_.jpg", "price": 639.99, "numReviews": 807, "groups": [19], "averageRating": 4.68277571251549, "brand": "Canon", "salesRankCategory": "Camera & Photo", "salesRank": 656}, {"asin": "B00BW6LX20", "name": "Canon Rebel T5i Digital SLR Camera and 18-135mm EF-S IS STM Lens Kit", "imUrl": "http://ecx.images-amazon.com/images/I/51XeBKOjs-L._SY300_.jpg", "price": 949.0, "numReviews": 209, "groups": [20], "averageRating": 4.669856459330144, "brand": "Canon", "salesRankCategory": "Camera & Photo", "salesRank": 427}, {"asin": "B004V4IWHY", "name": "Nikon D5100 16.2MP CMOS Digital SLR Camera with 3-Inch Vari-Angle LCD Monitor (Body Only)", "imUrl": "http://ecx.images-amazon.com/images/I/41dSKM57L-L._SX300_.jpg", "price": 669.99, "numReviews": 750, "groups": [21], "averageRating": 4.676, "brand": "Nikon", "salesRankCategory": "Camera & Photo", "salesRank": 2009}, {"asin": "B007ILK234", "name": "Sony Alpha SLT-A57 16.1 MP Exmor APS HD CMOS Sensor DSLR with Translucent Mirror Technology and 3D Sweep Panorama (Body Only)", "imUrl": "http://ecx.images-amazon.com/images/I/41GEPuAoljL._SX300_.jpg", "price": 539.99, "numReviews": 148, "groups": [22], "averageRating": 4.72972972972973, "brand": "Sony", "salesRankCategory": "Camera & Photo", "salesRank": 4205}, {"asin": "B004J3Y9U6", "name": "Canon EOS Rebel T3 12.2 MP CMOS Digital SLR with 18-55mm IS II Lens and EOS HD Movie Mode (Black)", "imUrl": "http://ecx.images-amazon.com/images/I/51HgYVS2ZXL._SY300_.jpg", "price": 369.0, "numReviews": 775, "groups": [23], "averageRating": 4.691612903225806, "brand": "Canon", "salesRankCategory": "Camera & Photo", "salesRank": 35}, {"asin": "B001CBMD6A", "name": "Canon Rebel XS DSLR Camera with EF-S 18-55mm f/3.5-5.6 IS Lens (Black)", "imUrl": "http://ecx.images-amazon.com/images/I/412bsbUXyBL._SX300_.jpg", "price": 475.0, "numReviews": 436, "groups": [24], "averageRating": 4.557339449541284, "brand": "Canon", "salesRankCategory": "Camera & Photo", "salesRank": 924}, {"asin": "B00I5093UK", "name": "Nikon D3300 Digital SLR Camera & 18-55mm G VR DX II AF-S Zoom Lens (Black) with 32GB Card + Battery & Charger + Case + Tripod + Flash + Tele/Wide Lens Kit", "imUrl": "http://ecx.images-amazon.com/images/I/61tEZAgVWSL._SY300_.jpg", "price": 709.95, "numReviews": 1, "groups": [25], "averageRating": 5.0, "salesRankCategory": "Camera & Photo", "salesRank": 2005}, {"asin": "B0082OJ2VE", "name": "Pentax K-30 Weather-Sealed 16 MP CMOS Digital SLR with 18-55mm Lens (Black)", "imUrl": "http://ecx.images-amazon.com/images/I/51am3d77MHL._SX300_.jpg", "price": 639.89, "numReviews": 136, "groups": [26], "averageRating": 4.698529411764706, "brand": "Pentax", "salesRankCategory": "Camera & Photo", "salesRank": 3897}, {"asin": "B0082OJ33Q", "name": "Pentax K-30 Weather-Sealed 16 MP CMOS Digital SLR (Black, Body Only)", "imUrl": "http://ecx.images-amazon.com/images/I/51Ljd%2B7o0ML._SY300_.jpg", "price": 519.29, "numReviews": 136, "groups": [27], "averageRating": 4.698529411764706, "brand": "Pentax", "salesRankCategory": "Camera & Photo", "salesRank": 6038}, {"asin": "B001GAPHOC", "name": "Pentax K2000 10.2MP Digital SLR Camera with 18-55mm f/3.5-5.6 DA L Lens and AF200FG Flash", "imUrl": "http://ecx.images-amazon.com/images/I/41UQefIBzEL._SX300_.jpg", "price": 77.0, "numReviews": 25, "groups": [28], "averageRating": 4.64, "salesRankCategory": "Camera & Photo", "salesRank": 16936}, {"asin": "B0082OJ2YG", "name": "Pentax K-30 Weather-Sealed 16 MP CMOS Digital SLR (White, Body Only)", "imUrl": "http://ecx.images-amazon.com/images/I/51-nkJYqxoL._SX300_.jpg", "price": 425.32, "numReviews": 136, "groups": [29], "averageRating": 4.698529411764706, "brand": "Pentax", "salesRankCategory": "Camera & Photo", "salesRank": 5827}, {"asin": "B0002DDW64", "name": "Canon EOS 1N Full Frame Camera - Body Only", "imUrl": "http://ecx.images-amazon.com/images/I/51KF0TFPXAL._SX300_.jpg", "price": 10.99, "numReviews": 2, "groups": [30], "averageRating": 2.5, "salesRankCategory": "Camera & Photo", "salesRank": 18943}, {"asin": "B00B8ZKN2Q", "name": "Pentax K-30 Digital Camera (Body Only) (Red)", "imUrl": "http://ecx.images-amazon.com/images/I/41zK0elC1UL._SY300_.jpg", "price": 485.99, "numReviews": 7, "groups": [31], "averageRating": 5.0, "brand": "Pentax", "salesRankCategory": "Camera & Photo", "salesRank": 13640}, {"asin": "B0082OJ3DQ", "name": "Pentax K-30 Weather-Sealed 16 MP CMOS Digital SLR with 18-135mm Lens (Black)", "imUrl": "http://ecx.images-amazon.com/images/I/51E7P2m2HFL._SY300_.jpg", "price": 899.95, "numReviews": 136, "groups": [32], "averageRating": 4.698529411764706, "brand": "Pentax", "salesRankCategory": "Camera & Photo", "salesRank": 9102}, {"asin": "B00894YWD0", "name": "Canon EOS Rebel T4i DSLR with 18-55mm EF-S IS II Lens (OLD MODEL)", "imUrl": "http://ecx.images-amazon.com/images/I/516qHrBIelL._SY300_.jpg", "price": 689.0, "numReviews": 706, "groups": [33], "averageRating": 4.580736543909349, "brand": "Canon", "salesRankCategory": "Camera & Photo", "salesRank": 956}, {"asin": "B00DBPK99I", "name": "Pentax K-50 16MP Digital SLR Camera Kit with DA L 18-55mm WR f3.5-5.6 and 50-200mm WR Lenses (Black)", "imUrl": "http://ecx.images-amazon.com/images/I/51cPSSDm-3L._SY300_.jpg", "price": 646.95, "numReviews": 48, "groups": [34], "averageRating": 4.708333333333333, "brand": "Pentax", "salesRankCategory": "Camera & Photo", "salesRank": 1858}, {"asin": "B00I508MKC", "name": "Nikon D3300 Digital SLR Camera & 18-55mm G VR DX II AF-S Zoom Lens (Black) with 32GB Card + Case + Filter + Hood + Remote + Kit", "imUrl": "http://ecx.images-amazon.com/images/I/51zub1%2B2ZML._SY300_.jpg", "price": 639.95, "numReviews": 1, "groups": [35], "averageRating": 5.0, "salesRankCategory": "Camera & Photo", "salesRank": 6530}, {"asin": "B00BW6LW7G", "name": "Canon Rebel T5i Digital SLR Camera", "imUrl": "http://ecx.images-amazon.com/images/I/51soj2YVq5L._SY300_.jpg", "price": 599.0, "numReviews": 209, "groups": [36], "averageRating": 4.669856459330144, "brand": "Canon", "salesRankCategory": "Camera & Photo", "salesRank": 168}, {"asin": "B006GDOHSQ", "name": "Nikon D3100 Digital SLR Camera & 18-55mm G VR DX AF-S Zoom Lens (Red)", "imUrl": "http://ecx.images-amazon.com/images/I/51R-zuzC2mL._SX300_.jpg", "price": 519.0, "numReviews": 18, "groups": [37], "averageRating": 4.833333333333333, "brand": "Nikon", "salesRankCategory": "Camera & Photo", "salesRank": 584}, {"asin": "B001CBKJGG", "name": "Canon Rebel XS DSLR Camera with EF-S 18-55mm f/3.5-5.6 IS Lens (Black)", "imUrl": "http://ecx.images-amazon.com/images/I/412bsbUXyBL._SX300_.jpg", "price": 475.0, "numReviews": 436, "groups": [38], "averageRating": 4.557339449541284, "brand": "Canon", "salesRankCategory": "Camera & Photo", "salesRank": 924}, {"asin": "B00267S7TQ", "name": "Nikon D5000 12.3 MP DX Digital SLR Camera with 18-55mm f/3.5-5.6G VR Lens and 2.7-inch Vari-angle LCD", "imUrl": "http://ecx.images-amazon.com/images/I/41cIkiUKeOL._SX300_.jpg", "price": 769.0, "numReviews": 244, "groups": [39], "averageRating": 4.385245901639344, "brand": "Nikon", "salesRankCategory": "Camera & Photo", "salesRank": 1499}, {"asin": "B0012Y88QQ", "name": "Canon Digital Rebel XSi 12.2 MP Digital SLR Camera (Black Body Only)", "imUrl": "http://ecx.images-amazon.com/images/I/41cPq1ET2uL._SX300_.jpg", "price": 299.0, "numReviews": 851, "groups": [40], "averageRating": 4.619271445358402, "salesRankCategory": "Camera & Photo", "salesRank": 1326}, {"asin": "B00DBPKAA6", "name": "Pentax K-50 16MP Digital SLR Camera Kit with DA L 18-55mm WR f3.5-5.6 Lens (White)", "imUrl": "http://ecx.images-amazon.com/images/I/51jSNOapcVL._SY300_.jpg", "price": 516.09, "numReviews": 48, "groups": [41], "averageRating": 4.708333333333333, "brand": "Pentax", "salesRankCategory": "Camera & Photo", "salesRank": 2435}, {"asin": "B008LYJLMU", "name": "Canon EOS Rebel T4i (Body Only) 18-megapixel Digital SLR with 8GB SDHC Memory Card", "imUrl": "http://ecx.images-amazon.com/images/I/51DTG3PHSCL._SX300_.jpg", "price": 707.71, "numReviews": 3, "groups": [42], "averageRating": 5.0, "salesRankCategory": "Camera & Photo", "salesRank": 32495}, {"asin": "B00HQ4W1QE", "name": "Nikon D3300 24.2 MP CMOS Digital SLR with AF-S DX NIKKOR 18-55mm f/3.5-5.6G VR II Zoom Lens (Black)", "imUrl": "http://ecx.images-amazon.com/images/I/41f0l9CPtDL._SX300_.jpg", "price": 596.95, "numReviews": 56, "groups": [43], "averageRating": 4.785714285714286, "brand": "Nikon", "salesRankCategory": "Camera & Photo", "salesRank": 148}, {"asin": "B000BK39DE", "name": "Olympus Evolt E500 8MP Digital SLR with Zuiko 14-45mm f/3.5-5.6 Digital SLR Lens", "imUrl": "http://ecx.images-amazon.com/images/I/51XDAETQZSL._SY300_.jpg", "price": 419.99, "numReviews": 155, "groups": [44], "averageRating": 4.496774193548387, "salesRankCategory": "Camera & Photo", "salesRank": 7359}, {"asin": "B003J5FTRC", "name": "Sony Alpha A330 10.2 MP Digital SLR Camera with Super SteadyShot INSIDE Image Stabilization (Body)", "imUrl": "http://ecx.images-amazon.com/images/I/41kzes5x1xL._SY300_.jpg", "price": 599.95, "numReviews": 2, "groups": [45], "averageRating": 4.0, "salesRankCategory": "Camera & Photo", "salesRank": 18132}, {"asin": "B00138MVH8", "name": "Sony Alpha DSLRA350X 14.2MP Digital SLR Camera with Super SteadyShot Image Stabilization with DT 18-70mm f/3.5-5.6 & DT 55-200mm f/4-5.6 Zoom Lenses", "imUrl": "http://ecx.images-amazon.com/images/I/41f9QyiGy3L._SX300_.jpg", "price": 17.12, "numReviews": 79, "groups": [46], "averageRating": 4.493670886075949, "salesRankCategory": "Camera & Photo", "salesRank": 21022}, {"asin": "B00FXYT12G", "name": "Nikon D5300 24.2 MP CMOS Digital SLR Camera with Built-in Wi-Fi and GPS Body Only (Black)", "imUrl": "http://ecx.images-amazon.com/images/I/41HfZOKOU0L._SX300_.jpg", "price": 746.95, "numReviews": 115, "groups": [47], "averageRating": 4.626086956521739, "brand": "Nikon", "salesRankCategory": "Camera & Photo", "salesRank": 351}, {"asin": "B0028N7442", "name": "Pentax K-7 14.6 MP Digital SLR with Shake Reduction and 720p HD Video (Body Only)", "imUrl": "http://ecx.images-amazon.com/images/I/51l3w6fZauL._SX300_.jpg", "price": 809.0, "numReviews": 73, "groups": [48], "averageRating": 4.657534246575342, "brand": "Pentax", "salesRankCategory": "Camera & Photo", "salesRank": 9508}, {"asin": "B000I1ZWRC", "name": "Canon Rebel XTi DSLR Camera with EF-S 18-55mm f/3.5-5.6 Lens (OLD MODEL)", "imUrl": "http://ecx.images-amazon.com/images/I/41RMGH3XG3L._SX300_.jpg", "price": 749.0, "numReviews": 713, "groups": [49], "averageRating": 4.58625525946704, "salesRankCategory": "Camera & Photo", "salesRank": 1366}, {"asin": "B00CMZIDVE", "name": "Canon EOS Rebel SL1 Digital SLR Camera Black Body - Bundle - with 16GB SDHC Memory Card, Camera Bag", "imUrl": "http://ecx.images-amazon.com/images/I/21i3v4cNxPL.jpg", "price": 499.0, "numReviews": 1, "groups": [50], "averageRating": 5.0, "salesRankCategory": "Camera & Photo", "salesRank": 27079}, {"asin": "B00220CLB2", "name": "Canon EOS Rebel XS Digital SLR Camera, with EFS 18-55mm IS Lens - Black - Refurbished", "imUrl": "http://ecx.images-amazon.com/images/I/31WfquNbewL.jpg", "price": 375.0, "numReviews": 1, "groups": [51], "averageRating": 5.0, "salesRankCategory": "Camera & Photo", "salesRank": 31738}, {"asin": "B000OUBPV4", "name": "Fujifilm Finepix S5 Pro Digital SLR Camera with Nikon Lens Mount, Body Only Kit, 12.3 Megapixels, Interchangeable Lenses - USA", "imUrl": "http://ecx.images-amazon.com/images/I/51x1AkR51lL._SY300_.jpg", "price": 13.39, "numReviews": 17, "groups": [52], "averageRating": 4.176470588235294, "salesRankCategory": "Camera & Photo", "salesRank": 20059}, {"asin": "B001XURPQS", "name": "Canon EOS Rebel T1i 15.1 MP CMOS Digital SLR Camera with 3-Inch LCD and EF-S 18-55mm f/3.5-5.6 IS Lens", "imUrl": "http://ecx.images-amazon.com/images/I/51THKreO3bL._SX300_.jpg", "price": 749.0, "numReviews": 531, "groups": [53], "averageRating": 4.583804143126177, "salesRankCategory": "Camera & Photo", "salesRank": 867}, {"asin": "B0029U0WWU", "name": "Sony Alpha A230L 10.2 MP Digital SLR Camera with Super SteadyShot INSIDE Image Stabilization and 18-55mm Lens", "imUrl": "http://ecx.images-amazon.com/images/I/41LLdGAggiL._SX300_.jpg", "price": 17.12, "numReviews": 42, "groups": [54], "averageRating": 4.357142857142857, "salesRankCategory": "Camera & Photo", "salesRank": 3567}, {"asin": "B00023NFCA", "name": "Konica Minolta Maxxum 7D 6MP Digital SLR with Anti-Shake Technology (Body Only)", "imUrl": "http://ecx.images-amazon.com/images/I/41QKZRFQGHL._SX300_.jpg", "price": 12.99, "numReviews": 31, "groups": [55], "averageRating": 4.741935483870968, "salesRankCategory": "Camera & Photo", "salesRank": 3768}, {"asin": "B004H7TC6U", "name": "Sony DSLRA580 DSLR Camera Body Only (Black)", "imUrl": "http://ecx.images-amazon.com/images/I/51O7n9ZZcnL._SY300_.jpg", "price": 12.95, "numReviews": 12, "groups": [56], "averageRating": 4.333333333333333, "salesRankCategory": "Camera & Photo", "salesRank": 13016}, {"asin": "B001UGVICC", "name": "Pentax K2000 Digital SLR with 18-55mm Lens", "imUrl": "http://ecx.images-amazon.com/images/I/51pnp4aGytL._SY300_.jpg", "price": 476.95, "numReviews": 7, "groups": [57], "averageRating": 4.714285714285714, "salesRankCategory": "Camera & Photo", "salesRank": 19144}, {"asin": "B00BD6QNBK", "name": "Nikon D5200 Digital SLR Camera & 18-55mm G VR DX AF-S Zoom Lens (Bronze) with 32GB Card + Backpack + Grip + Battery & Charger + Remote + HDMI Cable + Filters Kit", "imUrl": "http://ecx.images-amazon.com/images/I/61HIgwhS1LL._SY300_.jpg", "price": 789.95, "numReviews": 1, "groups": [58], "averageRating": 4.0, "salesRankCategory": "Camera & Photo", "salesRank": 36672}, {"asin": "B002OEBTC8", "name": "Pentax K-x  Digital SLR with 2.7-inch LCD and 18-55mm f/3.5-5.6 AL Lens (Black)", "imUrl": "http://ecx.images-amazon.com/images/I/41mVtS3OO1L._SY300_.jpg", "price": 17.12, "numReviews": 109, "groups": [59], "averageRating": 4.477064220183486, "salesRankCategory": "Camera & Photo", "salesRank": 7823}, {"asin": "B003ZYF3LO", "name": "Nikon D3100 DSLR Camera with 18-55mm f/3.5-5.6 AF-S Nikkor Zoom Lens (OLD MODEL)", "imUrl": "http://ecx.images-amazon.com/images/I/51yomC0EodL._SX300_.jpg", "price": 411.5, "numReviews": 880, "groups": [60], "averageRating": 4.644318181818182, "brand": "Nikon", "salesRankCategory": "Camera & Photo", "salesRank": 231}, {"asin": "B002MPPRN6", "name": "Sony Alpha DSLR-A550L 14.2MP Digital SLR Camera with 18-55mm Lens", "imUrl": "http://ecx.images-amazon.com/images/I/41l2ljoOTnL._SX300_.jpg", "price": 749.0, "numReviews": 8, "groups": [61], "averageRating": 3.75, "brand": "Sony", "salesRankCategory": "Camera & Photo", "salesRank": 7378}, {"asin": "B0043B3DH4", "name": "Sony Alpha SLTA33L DSLR with Translucent Mirror Technology and 3D Sweep Panorama (Black)", "imUrl": "http://ecx.images-amazon.com/images/I/516c%2BttQ6JL._SY300_.jpg", "price": 599.0, "numReviews": 46, "groups": [62], "averageRating": 4.434782608695652, "salesRankCategory": "Camera & Photo", "salesRank": 8377}, {"asin": "B005J6RVSE", "name": "Canon EOS 7D 18 MP CMOS Digital SLR Camera with 3-inch LCD", "imUrl": "http://ecx.images-amazon.com/images/I/416nhxR72nL._SY300_.jpg", "price": 969.0, "numReviews": 1, "groups": [63], "averageRating": 4.0, "salesRankCategory": "Camera & Photo", "salesRank": 20590}, {"asin": "B004J3V90Y", "name": "Canon EOS Rebel T3i 18 MP CMOS Digital SLR Camera with EF-S 18-55mm f/3.5-5.6 IS Lens (DISCONTINUED)", "imUrl": "http://ecx.images-amazon.com/images/I/51jGuISLz8L._SY300_.jpg", "price": 528.49, "numReviews": 1660, "groups": [64], "averageRating": 4.712650602409639, "brand": "Canon", "salesRankCategory": "Camera & Photo", "salesRank": 26}, {"asin": "B0007QKMSC", "name": "Canon Rebel XT DSLR Camera (Body Only) (OLD MODEL)", "imUrl": "http://ecx.images-amazon.com/images/I/51GFPZANZNL._SY300_.jpg", "price": 17.12, "numReviews": 584, "groups": [65], "averageRating": 4.580479452054795, "salesRankCategory": "Camera & Photo", "salesRank": 2023}, {"asin": "B003TQN2VG", "name": "Sony A390 Digital SLR Camera - Black", "imUrl": "http://ecx.images-amazon.com/images/I/51HUH3C3v%2BL._SY300_.jpg", "price": 17.12, "numReviews": 33, "groups": [66], "averageRating": 4.606060606060606, "salesRankCategory": "Camera & Photo", "salesRank": 5324}, {"asin": "B00A1F40NC", "name": "Canon EOS Rebel T3i", "imUrl": "http://ecx.images-amazon.com/images/I/51vs47GcTSL._SY300_.jpg", "price": 599.0, "numReviews": 1, "groups": [67], "averageRating": 5.0, "brand": "Canon", "salesRankCategory": "Camera & Photo", "salesRank": 25490}, {"asin": "B00AXTQQDS", "name": "Nikon D5200 24.1 MP CMOS Digital SLR Camera Body Only (Black)", "imUrl": "http://ecx.images-amazon.com/images/I/41QvMUWDRVL._SX300_.jpg", "price": 596.95, "numReviews": 248, "groups": [68], "averageRating": 4.592741935483871, "brand": "Nikon", "salesRankCategory": "Camera & Photo", "salesRank": 647}, {"asin": "B009OAOG9S", "name": "Nikon D3200 Digital SLR Camera Body (Black) - Refurbished By Nikon USA", "imUrl": "http://ecx.images-amazon.com/images/I/51nhjQOZOML._SY300_.jpg", "price": 476.95, "numReviews": 22, "groups": [69], "averageRating": 4.909090909090909, "salesRankCategory": "Camera & Photo", "salesRank": 598}, {"asin": "B00HQ4W326", "name": "Nikon D3300 24.2 MP CMOS Digital SLR with AF-S DX NIKKOR 18-55mm f/3.5-5.6G VR II Zoom Lens (Grey)", "imUrl": "http://ecx.images-amazon.com/images/I/41o6UGrolBL._SX300_.jpg", "price": 596.95, "numReviews": 56, "groups": [70], "averageRating": 4.785714285714286, "brand": "Nikon", "salesRankCategory": "Camera & Photo", "salesRank": 1048}, {"asin": "B0043M6F14", "name": "Pentax K-5 16.3 MP Digital SLR with 3-Inch LCD (Black Body Only)", "imUrl": "http://ecx.images-amazon.com/images/I/41g0Zkgt4PL._SX300_.jpg", "price": 647.49, "numReviews": 142, "groups": [71, 72], "averageRating": 4.73943661971831, "brand": "Pentax", "salesRankCategory": "Camera & Photo", "salesRank": 4517}, {"asin": "B009W7WW26", "name": "Pentax K-30 lens kit black w DA 18-55WR Weather-Sealed 16 MP CMOS Digital SLR with DA 18-55mm and 3-Inch LCD Screen", "imUrl": "http://ecx.images-amazon.com/images/I/41v5i0UpHkL._SX300_.jpg", "price": 633.09, "numReviews": 13, "groups": [26, 27], "averageRating": 4.923076923076923, "brand": "Pentax", "salesRankCategory": "Camera & Photo", "salesRank": 4293}, {"asin": "B0040JHVCC", "name": "Canon EOS 60D 18 MP CMOS Digital SLR Camera with 3.0-Inch LCD (Body Only)", "imUrl": "http://ecx.images-amazon.com/images/I/41x470rUwQL._SX300_.jpg", "price": 699.0, "numReviews": 768, "groups": [73], "averageRating": 4.64453125, "brand": "Canon", "salesRankCategory": "Camera & Photo", "salesRank": 162}, {"asin": "B00BFWN0RC", "name": "Canon EOS M Compact System Camera -Red- Body Only", "imUrl": "http://ecx.images-amazon.com/images/I/41%2ByA5mZG0L._SX300_.jpg", "price": 265.59, "numReviews": 3, "groups": [74], "averageRating": 4.666666666666667, "brand": "Canon", "salesRankCategory": "Camera & Photo", "salesRank": 9424}, {"asin": "B00GGM9B1A", "name": "Canon EOS Rebel T3i Digital SLR Camera & 18-55mm IS II & 75-300mm III Lens with 32GB Card + Case + LED Flash + Grip + Battery + Tripod Kit", "imUrl": "http://ecx.images-amazon.com/images/I/61vuh8LlKSL._SY300_.jpg", "price": 719.95, "numReviews": 10, "groups": [75], "averageRating": 4.4, "salesRankCategory": "Camera & Photo", "salesRank": 9503}, {"asin": "B00JPMOW58", "name": "Canon EOS Rebel T3i Digital SLR Camera Body & EF-S 18-55mm IS II & 75-30mm III Lens with 32GB Card + Case + Battery & Charger + Tele/Wide Lens Kit", "imUrl": "http://ecx.images-amazon.com/images/I/61eF4j6%2BO5L._SY300_.jpg", "price": 699.95, "numReviews": 3, "groups": [76], "averageRating": 5.0, "salesRankCategory": "Camera & Photo", "salesRank": 15208}, {"asin": "B001XURPQI", "name": "Canon EOS Rebel T1i 15.1 MP CMOS Digital SLR Camera with 3-Inch LCD (Body Only)", "imUrl": "http://ecx.images-amazon.com/images/I/51hQYoHCkfL._SX300_.jpg", "price": 599.0, "numReviews": 531, "groups": [77], "averageRating": 4.583804143126177, "salesRankCategory": "Camera & Photo", "salesRank": 1730}, {"asin": "B006R7TDKS", "name": "Canon Rebel T3i 18 MP Body (Broken Kit Box) w/ Supplied Manufacturer Accessories + 3 Year Celltime Warranty!!", "imUrl": "http://ecx.images-amazon.com/images/I/51Pq4Cr8zZL._SY300_.jpg", "price": 499.0, "numReviews": 2, "groups": [78], "averageRating": 3.0, "salesRankCategory": "Camera & Photo", "salesRank": 27621}, {"asin": "B00BPEM9AO", "name": "Nikon D3200 Digital SLR Camera & 18-55mm G VR DX AF-S Zoom Lens (Red) with 55-200mm VR Lens + 32GB Card + Case + Battery & Charger + Grip + HDMI Cable + Filters Kit", "imUrl": "http://ecx.images-amazon.com/images/I/6182Nu4JruL._SY300_.jpg", "price": 714.95, "numReviews": 2, "groups": [79], "averageRating": 5.0, "salesRankCategory": "Camera & Photo", "salesRank": 17707}, {"asin": "B00138MVGE", "name": "Sony Alpha DSLRA350K 14.2MP Digital SLR Camera with Super SteadyShot Image Stabilization DT 18-70mm f/3.5-5.6 Zoom Lens", "imUrl": "http://ecx.images-amazon.com/images/I/51LugdtwkHL._SX300_.jpg", "price": 17.12, "numReviews": 79, "groups": [80], "averageRating": 4.493670886075949, "salesRankCategory": "Camera & Photo", "salesRank": 10287}, {"asin": "B00B13HGJS", "name": "Pentax K30 Digital Camera with 18-135mm Lens Kit (Crystal Blue)", "imUrl": "http://ecx.images-amazon.com/images/I/51ejvo2ol%2BL._SX300_.jpg", "price": 6.99, "numReviews": 2, "groups": [81], "averageRating": 5.0, "salesRankCategory": "Camera & Photo", "salesRank": 18940}, {"asin": "B003IHVKOC", "name": "Pentax K-x 16203 Digital SLR Camera with DA L 18-55 and 50-200mm Lenses (Red)", "imUrl": "http://ecx.images-amazon.com/images/I/51SQMEo133L._SY300_.jpg", "price": 6.9, "numReviews": 8, "groups": [82], "averageRating": 4.75, "salesRankCategory": "Camera & Photo", "salesRank": 18086}, {"asin": "B005IXKLV2", "name": "Sony Alpha SLT-A65VL Digital SLR w/ Sony AF DT 18-55 F3.5-5.6 SAM + 32GB (10) + Deluxe Bag + Battery + Video Light", "imUrl": "http://ecx.images-amazon.com/images/I/51m28QmfUnL._SY300_.jpg", "price": 769.95, "numReviews": 3, "groups": [83], "averageRating": 5.0, "salesRankCategory": "Camera & Photo", "salesRank": 28318}, {"asin": "B0037KM2IS", "name": "Canon EOS 550D (European EOS Rebel T2i) 18 MP CMOS APS-C Digital SLR Camera with 3.0-Inch LCD and EF-S 18-55mm f/3.5-5.6 IS Lens (Body & Lens made in Japan)", "imUrl": "http://ecx.images-amazon.com/images/I/41luugHBe8L._SX300_.jpg", "price": 965.48, "numReviews": 3, "groups": [84], "averageRating": 2.3333333333333335, "salesRankCategory": "Camera & Photo", "salesRank": 8757}, {"asin": "B00C7AZYJ8", "name": "Sony Alpha SLT-A58 Translucent Mirror Technology Digital SLR Camera Body & 18-55mm Lens with 75-300mm Lens + 32GB Card + Case + Battery + Tripod + Filters + Tele/Wide Lens Kit", "imUrl": "http://ecx.images-amazon.com/images/I/51c8VftaieL._SY300_.jpg", "price": 749.0, "numReviews": 1, "groups": [85], "averageRating": 5.0, "salesRankCategory": "Camera & Photo", "salesRank": 22701}, {"asin": "B0015ASYJ8", "name": "Olympus Evolt E420 10MP Digital SLR Camera with 14-42mm f/3.5-5.6 Zuiko Lens", "imUrl": "http://ecx.images-amazon.com/images/I/51pSkr%2BscrL._SX300_.jpg", "price": 528.88, "numReviews": 39, "groups": [86], "averageRating": 4.282051282051282, "brand": "Olympus", "salesRankCategory": "Camera & Photo", "salesRank": 7747}, {"asin": "B00B6191T8", "name": "Nikon D5200 Digital SLR Camera (Black) with 18-55mm G VR DX AF-S Lens and 55-300mm VR DX AF-S Lens", "imUrl": "http://ecx.images-amazon.com/images/I/51xDToHTOCL._SY300_.jpg", "price": 946.95, "numReviews": 3, "groups": [87], "averageRating": 5.0, "brand": "Nikon", "salesRankCategory": "Camera & Photo", "salesRank": 10461}, {"asin": "B0048CE3VS", "name": "Sony DSLRA580L 580 DSLR Camera and DT 18-55mm F3.5-5.6 Lens (Black)", "imUrl": "http://ecx.images-amazon.com/images/I/51hSz9QuyCL._SY300_.jpg", "price": 675.0, "numReviews": 11, "groups": [56], "averageRating": 4.818181818181818, "salesRankCategory": "Camera & Photo", "salesRank": 15012}, {"asin": "B00EJE3ANM", "name": "Nikon D5100 Digital SLR Camera Body", "imUrl": "http://ecx.images-amazon.com/images/I/41BjI4dYtGL._SY300_.jpg", "price": 398.44, "numReviews": 2, "groups": [21], "averageRating": 3.0, "brand": "Nikon", "salesRankCategory": "Camera & Photo", "salesRank": 2427}, {"asin": "B0012Y6HC8", "name": "Canon Digital Rebel XSI 12.2 MP Digital SLR Camera with EF-S 18-55mm f/3.5-5.6 IS Lens (Silver)", "imUrl": "http://ecx.images-amazon.com/images/I/51%2BQuA5n7ZL._SX300_.jpg", "price": 17.12, "numReviews": 851, "groups": [88], "averageRating": 4.619271445358402, "salesRankCategory": "Camera & Photo", "salesRank": 11302}, {"asin": "B007ILK5LI", "name": "Sony Alpha SLT-A57K 16.1 MP Exmor APS HD CMOS Sensor DSLR with Translucent Mirror Technology, 3D Sweep Panorama and 18-55mm Zoom Lens", "imUrl": "http://ecx.images-amazon.com/images/I/41GiKQJVWtL._SX300_.jpg", "price": 749.0, "numReviews": 148, "groups": [89], "averageRating": 4.72972972972973, "salesRankCategory": "Camera & Photo", "salesRank": 7103}, {"asin": "B00F7QRP78", "name": "TechCare Tm \"Ever Ready\" Protective Black Leather Camera Case, Bag for Nikon Coolpix P520 18.1 Mp Digital Camera BLACK", "imUrl": "http://ecx.images-amazon.com/images/I/41gK0l2F-HL._SX300_.jpg", "price": 29.99, "numReviews": 4, "groups": [90], "averageRating": 4.5, "salesRankCategory": "Camera & Photo", "salesRank": 8023}, {"asin": "B005CJZBWG", "name": "Canon EOS Rebel T3i 18MP CMOS Digital SLR Camera and DIGIC 4 Imaging (Body)", "imUrl": "http://ecx.images-amazon.com/images/I/51JgUfdEBSL._SY300_.jpg", "price": 499.0, "numReviews": 4, "groups": [91], "averageRating": 4.75, "brand": "Canon", "salesRankCategory": "Camera & Photo", "salesRank": 12713}, {"asin": "B000BK39N4", "name": "Olympus Evolt E500 8MP Digital SLR with 14-45mm f/3.5-5.6 & 40-150mm f/3.5-4.5 Zuiko Lenses", "imUrl": "http://ecx.images-amazon.com/images/I/51PVFVRBHVL._SY300_.jpg", "price": 17.12, "numReviews": 155, "groups": [92], "averageRating": 4.496774193548387, "salesRankCategory": "Camera & Photo", "salesRank": 2715}, {"asin": "B001TH7GNW", "name": "Nikon D60 10.2MP Digital SLR Camera Black Gold Special Edition with 18-55mm f/3.5-5.6G AF-S DX VR Nikkor Zoom Lens (OLD MODEL)", "imUrl": "http://ecx.images-amazon.com/images/I/41uzs1VaQ5L._SX300_.jpg", "price": 11.29, "numReviews": 9, "groups": [93], "averageRating": 5.0, "salesRankCategory": "Camera & Photo", "salesRank": 14767}, {"asin": "B000BK393Y", "name": "Olympus Evolt E500 8MP Digital SLR (Body Only)", "imUrl": "http://ecx.images-amazon.com/images/I/412FEYZZ8ZL._SX300_.jpg", "price": 9.99, "numReviews": 155, "groups": [94], "averageRating": 4.496774193548387, "salesRankCategory": "Camera & Photo", "salesRank": 2134}, {"asin": "B005STNFI2", "name": "Genuine Canon EOS Elan WITH Lens", "imUrl": "http://ecx.images-amazon.com/images/I/41SLAyEgUTL._SX300_.jpg", "price": 9.99, "numReviews": 1, "groups": [95], "averageRating": 5.0, "salesRankCategory": "Camera & Photo", "salesRank": 11017}, {"asin": "B00CP8SZ4I", "name": "Pentax K-30 lens kit Red with DA 18-55 WR Weather-Sealed 16 MP CMOS Digital SLR 3-Inch LCD Screen", "imUrl": "http://ecx.images-amazon.com/images/I/51LGZj0Aq9L._SX300_.jpg", "price": 576.49, "numReviews": 1, "groups": [96], "averageRating": 1.0, "salesRankCategory": "Camera & Photo", "salesRank": 27377}, {"asin": "B003MOM7YS", "name": "Canon EOS Kiss X4 (T2i / 550D) 18 MP CMOS APS-C Digital SLR Camera with 3 inch LCD + EF-S 18-55mm f/3.5-5.6 IS Lens (Japan Made)", "imUrl": "http://ecx.images-amazon.com/images/I/51qsB3TKI9L._SX300_.jpg", "price": 649.0, "numReviews": 2, "groups": [97], "averageRating": 5.0, "salesRankCategory": "Camera & Photo", "salesRank": 26415}, {"asin": "B000IWXTY4", "name": "Samsung GX-10 10.2MP Digital SLR Camera with 18-55mm Schneider D-XENON Lens", "imUrl": "http://ecx.images-amazon.com/images/I/51PTkBxaH%2BL._SX300_.jpg", "price": 799.0, "numReviews": 12, "groups": [98], "averageRating": 4.333333333333333, "brand": "Samsung", "salesRankCategory": "Camera & Photo", "salesRank": 27476}, {"asin": "B00DJRA96Q", "name": "Canon EOS Rebel T5i 18.0 MP CMOS Digital Camera with EF-S 18-55mm f/3.5-5.6 IS STM Zoom Lens + Canon 75-300mm f/4.0-5.6 EF III Zoom Lens USA", "imUrl": "http://ecx.images-amazon.com/images/I/51oCOyAFdzL._SY300_.jpg", "price": 849.0, "numReviews": 2, "groups": [99], "averageRating": 5.0, "brand": "Canon", "salesRankCategory": "Camera & Photo", "salesRank": 6115}, {"asin": "B006MWJHZO", "name": "Canon EOS 60D Digital SLR Camera Body -Brand New- USA Warranty", "imUrl": "http://ecx.images-amazon.com/images/I/411in%2BafVwL._SX300_.jpg", "price": 699.0, "numReviews": 2, "groups": [100], "averageRating": 5.0, "brand": "Canon", "salesRankCategory": "Camera & Photo", "salesRank": 18216}, {"asin": "B003VWDSJO", "name": "Sony Alpha A290L 14.2 MP Digital SLR Camera with 18-55mm Lens", "imUrl": "http://ecx.images-amazon.com/images/I/51DNeSQRu5L._SY300_.jpg", "price": 17.12, "numReviews": 12, "groups": [101], "averageRating": 4.0, "salesRankCategory": "Camera & Photo", "salesRank": 12013}, {"asin": "B00ICTT1FG", "name": "Nikon D3300 Digital SLR Camera Body (Black) - Factory Refurbished includes Full 1 Year Warranty", "imUrl": "http://ecx.images-amazon.com/images/I/513kyTfeSAL._SX300_.jpg", "price": 596.95, "numReviews": 2, "groups": [102], "averageRating": 5.0, "salesRankCategory": "Camera & Photo", "salesRank": 1623}, {"asin": "B00CIBRAKM", "name": "Canon EOS Rebel SL1 Digital SLR Camera & EF-S 18-55mm IS STM Lens with EF 75-300mm III Lens + 32GB Card + Battery + Case + Flash + 2 Lenses + Tripod Kit", "imUrl": "http://ecx.images-amazon.com/images/I/518hEF6nT7L._SY300_.jpg", "price": 799.95, "numReviews": 11, "groups": [103], "averageRating": 4.818181818181818, "salesRankCategory": "Camera & Photo", "salesRank": 1838}, {"asin": "B005AVZHI4", "name": "GGS II LCD Glass Screen Protector for Canon EOS 600D T3i", "imUrl": "http://ecx.images-amazon.com/images/I/41g6MKU3npL._SY300_.jpg", "price": 6.3, "numReviews": 3, "groups": [104], "averageRating": 2.6666666666666665, "salesRankCategory": "Camera & Photo", "salesRank": 24761}, {"asin": "B00E879GW4", "name": "Casio EXILIM Digital Camera 16MP Red EX-ZR800RD", "imUrl": "http://ecx.images-amazon.com/images/I/41odlD6T-lL._SX300_.jpg", "price": 213.0, "numReviews": 1, "groups": [105], "averageRating": 3.0, "brand": "Casio", "salesRankCategory": "Camera & Photo", "salesRank": 12656}, {"asin": "B002MPPRMW", "name": "Sony Alpha DSLR-A550 14.2MP Digital SLR Camera (Body Only)", "imUrl": "http://ecx.images-amazon.com/images/I/51c0bao5DgL._SX300_.jpg", "price": 739.0, "numReviews": 19, "groups": [106], "averageRating": 4.7368421052631575, "brand": "Sony", "salesRankCategory": "Camera & Photo", "salesRank": 13500}, {"asin": "B0012Q94AI", "name": "Pentax K20D 14.6MP Digital SLR Camera with Shake Reduction (Body Only)", "imUrl": "http://ecx.images-amazon.com/images/I/51VUj0vDT0L._SY300_.jpg", "price": 649.0, "numReviews": 125, "groups": [107], "averageRating": 4.784, "salesRankCategory": "Camera & Photo", "salesRank": 9768}, {"asin": "B0082OJ3AY", "name": "Pentax K-30 Weather-Sealed 16 MP CMOS Digital SLR with 18-55mm and 55-300mm Lenses (Black)", "imUrl": "http://ecx.images-amazon.com/images/I/41uRFDeixrL._SX300_.jpg", "price": 759.99, "numReviews": 13, "groups": [108], "averageRating": 4.461538461538462, "brand": "Pentax", "salesRankCategory": "Camera & Photo", "salesRank": 11209}, {"asin": "B0000C8VEK", "name": "Canon EOS 6.3MP Digital Rebel Camera with 18-55mm Lens", "imUrl": "http://ecx.images-amazon.com/images/I/51G7D1Q1ZVL._SY300_.jpg", "price": 749.0, "numReviews": 177, "groups": [109], "averageRating": 4.519774011299435, "salesRankCategory": "Camera & Photo", "salesRank": 6411}, {"asin": "B00CKSIPAC", "name": "Canon EOS Rebel T5i Digital SLR Camera & EF-S 18-55mm IS STM Lens with Canon EF-S 55-250mm f/4.0-5.6 IS II Zoom Lens", "imUrl": "http://ecx.images-amazon.com/images/I/51M1cZ0Q%2BUL._SY300_.jpg", "price": 899.0, "numReviews": 4, "groups": [110], "averageRating": 4.5, "brand": "Canon", "salesRankCategory": "Camera & Photo", "salesRank": 4626}, {"asin": "B00427Z7N2", "name": "Pentax K-r 12.4 MP Digital SLR Camera with 3.0-Inch LCD and 18-55mm f/3.5-5.6 Lens (Black)", "imUrl": "http://ecx.images-amazon.com/images/I/41TsitdGoAL._SX300_.jpg", "price": 6.9, "numReviews": 28, "groups": [111], "averageRating": 4.5, "salesRankCategory": "Camera & Photo", "salesRank": 10927}, {"asin": "B00894YX2U", "name": "Canon EOS Rebel T4i 18.0 MP Digital SLR with 18-135mm EF-S IS STM Lens (OLD MODEL)", "imUrl": "http://ecx.images-amazon.com/images/I/51CpXVxOz4L._SY300_.jpg", "price": 939.0, "numReviews": 706, "groups": [112], "averageRating": 4.580736543909349, "brand": "Canon", "salesRankCategory": "Camera & Photo", "salesRank": 2367}, {"asin": "B0082OJ3C2", "name": "Pentax K-30 Weather-Sealed 16 MP CMOS Digital SLR with 18-55mm Lens (Blue)", "imUrl": "http://ecx.images-amazon.com/images/I/51rIOas4TbL._SX300_.jpg", "price": 6.9, "numReviews": 136, "groups": [113], "averageRating": 4.698529411764706, "salesRankCategory": "Camera & Photo", "salesRank": 9058}, {"asin": "B00GGM9F20", "name": "Canon EOS Rebel T3i Digital SLR Camera & 18-55mm IS II Lens with 75-300mm III Lens + 32GB Card + Backpack + LED Flash + Grip + Battery Kit", "imUrl": "http://ecx.images-amazon.com/images/I/61nWjIgBtSL._SY300_.jpg", "price": 714.95, "numReviews": 15, "groups": [114], "averageRating": 4.933333333333334, "salesRankCategory": "Camera & Photo", "salesRank": 5852}, {"asin": "B00IS9BXJM", "name": "Sony Cybershot DSC-H400/B DSC-H400B DSCH400B DSCH400 H400 63x Optical Zoom 20.1MP HD Video Digital Camera Bundle with 32GB High Speed SD Card, Spare Battery, Rapid ACDC Charger, Padded Case, SD Card Reader, Mini Tripod, Digital Photo DVD Guide+ More", "imUrl": "http://ecx.images-amazon.com/images/I/51saCqWiGkL._SY300_.jpg", "price": 299.0, "numReviews": 1, "groups": [115], "averageRating": 5.0, "salesRankCategory": "Camera & Photo", "salesRank": 2690}, {"asin": "B003AUZJ8K", "name": "Canon EOS-7D Digital SLR Camera Body, 18.Megapixels - Refurbished", "imUrl": "http://ecx.images-amazon.com/images/I/2173FIyUtQL.jpg", "price": 969.0, "numReviews": 3, "groups": [116], "averageRating": 5.0, "salesRankCategory": "Camera & Photo", "salesRank": 13830}, {"asin": "B0092S3HXS", "name": "Canon EOS Rebel T4i Digital SLR Camera Body & EF-S 18-55mm IS II Lens with EF-S 55-250mm f/4.0-5.6 IS II Zoom Lens", "imUrl": "http://ecx.images-amazon.com/images/I/51oAJYLizCL._SY300_.jpg", "price": 899.0, "numReviews": 2, "groups": [117], "averageRating": 5.0, "salesRankCategory": "Camera & Photo", "salesRank": 18582}, {"asin": "B0042X9MNM", "name": "Olympus E-5 12.3MP Digital SLR with 3-inch LCD [Body Only] (Black)", "imUrl": "http://ecx.images-amazon.com/images/I/41vuz6QdF6L._SX300_.jpg", "price": 17.12, "numReviews": 37, "groups": [118], "averageRating": 4.621621621621622, "salesRankCategory": "Camera & Photo", "salesRank": 9511}, {"asin": "B00AXTQRGO", "name": "Nikon D5200 24.1 MP CMOS Digital SLR with 18-55mm f/3.5-5.6 AF-S DX VR NIKKOR Zoom Lens (Bronze)", "imUrl": "http://ecx.images-amazon.com/images/I/41o4NHyHpxL._SX300_.jpg", "price": 696.95, "numReviews": 248, "groups": [119], "averageRating": 4.592741935483871, "brand": "Nikon", "salesRankCategory": "Camera & Photo", "salesRank": 3989}, {"asin": "B001UBIT1A", "name": "Nikon D40 6.1MP Digital SLR Camera (Body Only)", "imUrl": "http://ecx.images-amazon.com/images/I/41fOkVx%2BOmL._SX300_.jpg", "price": 399.99, "numReviews": 14, "groups": [120], "averageRating": 4.928571428571429, "salesRankCategory": "Camera & Photo", "salesRank": 2028}, {"asin": "B00DBPK99S", "name": "Pentax K-50 16MP Digital SLR Camera Kit with DA 18-135mm WR f3.5-5.6 Lens (Black)", "imUrl": "http://ecx.images-amazon.com/images/I/51kxU31xlGL._SY300_.jpg", "price": 846.95, "numReviews": 48, "groups": [121], "averageRating": 4.708333333333333, "brand": "Pentax", "salesRankCategory": "Camera & Photo", "salesRank": 2077}, {"asin": "B001TH7GNM", "name": "Nikon D60 10.2MP Digital SLR Camera Black Gold Special Edition (Body Only) (OLD MODEL)", "imUrl": "http://ecx.images-amazon.com/images/I/51Jlk%2BH4a1L._SX300_.jpg", "price": 17.12, "numReviews": 7, "groups": [122], "averageRating": 4.285714285714286, "salesRankCategory": "Camera & Photo", "salesRank": 18506}, {"asin": "B0048CFV6O", "name": "Sony A560 14.2 Megapixels DSLR Camera with DT 18-55mm F3.5-5.6 Lens (Black)", "imUrl": "http://ecx.images-amazon.com/images/I/51s061yTkEL._SY300_.jpg", "price": 9.99, "numReviews": 7, "groups": [123], "averageRating": 4.142857142857143, "salesRankCategory": "Camera & Photo", "salesRank": 13480}, {"asin": "B00427Z7P0", "name": "Pentax K-r 12.4 MP Digital SLR Camera with 3.0-Inch LCD (White Body)", "imUrl": "http://ecx.images-amazon.com/images/I/41hDLSncUyL._SX300_.jpg", "price": 497.39, "numReviews": 2, "groups": [124], "averageRating": 4.5, "brand": "Pentax", "salesRankCategory": "Camera & Photo", "salesRank": 16506}, {"asin": "B00BCNWEPS", "name": "Pentax K-30 Weather-Sealed 16 MP CMOS Digital SLR with 18-55mm Lens (Red)", "imUrl": "http://ecx.images-amazon.com/images/I/419ffxjaTAL._SY300_.jpg", "price": 599.99, "numReviews": 13, "groups": [125], "averageRating": 4.461538461538462, "brand": "Pentax", "salesRankCategory": "Camera & Photo", "salesRank": 10255}, {"asin": "B00CAUQDNG", "name": "Canon EOS Rebel T5i Digital SLR Camera & EF-S 18-135mm IS STM Lens with 64GB Card + Battery & Charger + Backpack + 3 UV/CPL/ND8 Filters + Remote + Tripod Kit", "imUrl": "http://ecx.images-amazon.com/images/I/51zhTTZVxhL._SY300_.jpg", "price": 984.95, "numReviews": 5, "groups": [126], "averageRating": 3.8, "salesRankCategory": "Camera & Photo", "salesRank": 18949}, {"asin": "B00CXWMOZW", "name": "Canon EOS Rebel SL1 18.0 MP CMOS Digital SLR with 18-55mm EF-S IS STM Lens + Canon EF-S 55-250mm f/4.0-5.6 IS II Telephoto Zoom Lens", "imUrl": "http://ecx.images-amazon.com/images/I/51zAX%2B1f3AL._SY300_.jpg", "price": 655.0, "numReviews": 22, "groups": [127], "averageRating": 4.681818181818182, "salesRankCategory": "Camera & Photo", "salesRank": 427}, {"asin": "B00BW6LXHA", "name": "Canon EOS Rebel SL1 Digital SLR Camera", "imUrl": "http://ecx.images-amazon.com/images/I/51pko8LSbUL._SY300_.jpg", "price": 499.0, "numReviews": 206, "groups": [128], "averageRating": 4.660194174757281, "brand": "Canon", "salesRankCategory": "Camera & Photo", "salesRank": 451}, {"asin": "B002GILU44", "name": "Olympus Evolt E-450 10MP Digital SLR Camera w/ 14-42mm f/3.5-5.6 Lens", "imUrl": "http://ecx.images-amazon.com/images/I/41xMHrRqGWL._SY300_.jpg", "price": 479.95, "numReviews": 4, "groups": [129], "averageRating": 4.75, "brand": "Olympus", "salesRankCategory": "Camera & Photo", "salesRank": 21238}, {"asin": "B00EV8GZA6", "name": "Nikon D3200 24.2 MP Digital SLR Camera (Body Only) International Model No Warranty (Black, Open Box)", "imUrl": "http://ecx.images-amazon.com/images/I/41blD7Hqk8L._SX300_.jpg", "price": 476.95, "numReviews": 33, "groups": [130], "averageRating": 4.515151515151516, "salesRankCategory": "Camera & Photo", "salesRank": 6404}, {"asin": "B00FPW8VTA", "name": "Canon EOS Rebel SL1 Digital SLR Camera & EF-S 18-55mm IS STM Lens with EF 75-300mm III Zoom Lens + 64GB Card + Battery + Case + Tele/Wide Lenses + Tripod Kit", "imUrl": "http://ecx.images-amazon.com/images/I/51Tkl2q7h6L._SY300_.jpg", "price": 814.95, "numReviews": 3, "groups": [131], "averageRating": 4.666666666666667, "salesRankCategory": "Camera & Photo", "salesRank": 21074}, {"asin": "B005PREXF6", "name": "Nikon D3100 Digital SLR Camera Body (Kit Box) No Lens Included (Import Model).", "imUrl": "http://ecx.images-amazon.com/images/I/41EHFqb7DSL._SX300_.jpg", "price": 278.29, "numReviews": 32, "groups": [132], "averageRating": 4.4375, "brand": "Nikon", "salesRankCategory": "Camera & Photo", "salesRank": 2306}, {"asin": "B00I7VBEOU", "name": "Nikon D3200 Digital SLR Camera & 18-55mm & 55-200mm DX AF-S Zoom Lens and Case with 32GB Card + Battery + Filters + Tripod + Tele/Wide Lens Kit", "imUrl": "http://ecx.images-amazon.com/images/I/618mEflB96L._SY300_.jpg", "price": 644.95, "numReviews": 3, "groups": [133], "averageRating": 5.0, "salesRankCategory": "Camera & Photo", "salesRank": 1011}, {"asin": "B001KAK1LW", "name": "Canon EOS Rebel XS 10.1-Megapixel Digital SLR Camera - Black (Body Only)", "imUrl": "http://ecx.images-amazon.com/images/I/415pV55BtZL._SY300_.jpg", "price": 435.0, "numReviews": 27, "groups": [134], "averageRating": 4.333333333333333, "salesRankCategory": "Camera & Photo", "salesRank": 6321}, {"asin": "B00B2A1KEC", "name": "Canon EOS M Compact System Camera - Body Only (Black)", "imUrl": "http://ecx.images-amazon.com/images/I/41IgWlhIY6L._SX300_.jpg", "price": 265.59, "numReviews": 15, "groups": [135], "averageRating": 4.333333333333333, "salesRankCategory": "Camera & Photo", "salesRank": 838}, {"asin": "B002PJ40Q4", "name": "Pentax K-x 12.4MP Digital SLR with 2.7 inch LCD and 18-55mm f/3.5-5.6 AL Lens (Red)", "imUrl": "http://ecx.images-amazon.com/images/I/41dAqkUoe-L._SX300_.jpg", "price": 499.95, "numReviews": 41, "groups": [136], "averageRating": 4.7073170731707314, "salesRankCategory": "Camera & Photo", "salesRank": 10151}, {"asin": "B006IJJ03A", "name": "Canon EOS Rebel T3i Digital SLR Camera with Canon EF-S 18-55mm f/3.5-5.6 IS II Lens - Refurbished", "imUrl": "http://ecx.images-amazon.com/images/I/31r2fjxQJfL.jpg", "price": 549.0, "numReviews": 7, "groups": [137], "averageRating": 4.571428571428571, "salesRankCategory": "Camera & Photo", "salesRank": 17211}, {"asin": "B00427Z7OG", "name": "Pentax K-r 12.4 MP Digital SLR Camera with 3.0-Inch LCD and 18-55mm f/3.5-5.6 and 55-300mm f/4-5.8 Lenses (Black)", "imUrl": "http://ecx.images-amazon.com/images/I/41a5LIQLaJL._SX300_.jpg", "price": 6.99, "numReviews": 41, "groups": [138], "averageRating": 4.341463414634147, "salesRankCategory": "Camera & Photo", "salesRank": 11116}, {"asin": "B002OEBTCI", "name": "Pentax K-x 12.4 MP Digital SLR with 2.7-inch LCD and 18-55mm f/3.5-5.6 AL and 50-200mm f/4-5.6 ED Lenses (Black)", "imUrl": "http://ecx.images-amazon.com/images/I/41h1GzEdO8L._SX300_.jpg", "price": 9.99, "numReviews": 40, "groups": [139], "averageRating": 4.725, "salesRankCategory": "Camera & Photo", "salesRank": 11547}, {"asin": "B0065OT772", "name": "Canon EOS Rebel T3 Digital SLR Camera with EF-S 18-55mm f/3.5-5.6 IS Lens - Refurbished", "imUrl": "http://ecx.images-amazon.com/images/I/313HrffJwjL.jpg", "price": 376.0, "numReviews": 4, "groups": [140], "averageRating": 4.0, "salesRankCategory": "Camera & Photo", "salesRank": 15364}, {"asin": "B003ZYF42C", "name": "Nikon D3100 14.2MP Digital SLR Camera with 18-55mm f/3.5-5.6 VR & 55-200mm f/4-5.6G IF-ED AF-S DX VR Nikkor Zoom Lenses", "imUrl": "http://ecx.images-amazon.com/images/I/51yomC0EodL._SX300_.jpg", "price": 549.0, "numReviews": 42, "groups": [141], "averageRating": 4.5, "brand": "Nikon", "salesRankCategory": "Camera & Photo", "salesRank": 6670}, {"asin": "B00IB1BTWI", "name": "Canon EOS Rebel T5 EF-S 18-55mm IS II Digital SLR Kit", "imUrl": "http://ecx.images-amazon.com/images/I/41KGZT16TOL._SX300_.jpg", "price": 499.0, "numReviews": 9, "groups": [142], "averageRating": 4.222222222222222, "brand": "Canon", "salesRankCategory": "Camera & Photo", "salesRank": 903}, {"asin": "B002OEBTD2", "name": "Pentax K-x 12.4 MP Digital SLR with 2.7-inch LCD and 18-55mm f/3.5-5.6 AL Lens (White)", "imUrl": "http://ecx.images-amazon.com/images/I/41UGzJAQlSL._SX300_.jpg", "price": 9.99, "numReviews": 71, "groups": [143], "averageRating": 4.577464788732394, "salesRankCategory": "Camera & Photo", "salesRank": 9711}, {"asin": "B00F62W5A0", "name": "Sony a3000 alpha a3000 ILCE-3000K/B, ILCE3000 w/ 18-55mm Zoom Lens + Deluxe Accesory Kit", "imUrl": "http://ecx.images-amazon.com/images/I/51-r8y3DFOL._SY300_.jpg", "price": 448.0, "numReviews": 3, "groups": [144], "averageRating": 4.666666666666667, "salesRankCategory": "Camera & Photo", "salesRank": 21202}, {"asin": "B00B618XJW", "name": "Nikon D5200 Digital SLR Camera (Black) with 18-55mm G VR DX AF-S Lens and 55-200mm VR DX AF-S Lens", "imUrl": "http://ecx.images-amazon.com/images/I/51SP3mbMPdL._SY300_.jpg", "price": 846.95, "numReviews": 4, "groups": [145], "averageRating": 4.5, "salesRankCategory": "Camera & Photo", "salesRank": 11603}, {"asin": "B00GGN5WWQ", "name": "Canon EOS Rebel T3i Digital SLR Camera & 18-55mm IS II & 55-250mm IS STM Lens with 32GB Card + Case + LED Flash + Grip + Battery + Tripod Kit", "imUrl": "http://ecx.images-amazon.com/images/I/61Zja8ZhOHL._SY300_.jpg", "price": 549.0, "numReviews": 1, "groups": [146], "averageRating": 5.0, "salesRankCategory": "Camera & Photo", "salesRank": 33951}, {"asin": "B0007QKN22", "name": "Canon Digital Rebel XT DSLR Camera with EF-S 18-55mm f3.5-5.6 Lens (Black) (OLD MODEL)", "imUrl": "http://ecx.images-amazon.com/images/I/512YXSJWB5L._SY300_.jpg", "price": 499.0, "numReviews": 584, "groups": [147], "averageRating": 4.580479452054795, "salesRankCategory": "Camera & Photo", "salesRank": 5048}, {"asin": "B00IT2N9VS", "name": "Canon EOS Rebel T5 Digital SLR Camera Body & EF-S 18-55mm IS II Lens with 32GB Card + Backpack + Battery + Tripod + Tele/Wide Lens Kit", "imUrl": "http://ecx.images-amazon.com/images/I/61DcdBtzLjL._SY300_.jpg", "price": 559.95, "numReviews": 1, "groups": [148], "averageRating": 4.0, "salesRankCategory": "Camera & Photo", "salesRank": 8034}, {"asin": "B002D3DJYG", "name": "Sony Alpha A200K 10.2MP Digital SLR Camera with Super SteadyShot Image Stabilization (Body)", "imUrl": "http://ecx.images-amazon.com/images/I/41LcV6ym2vL._SX300_.jpg", "price": 15.99, "numReviews": 1, "groups": [149], "averageRating": 5.0, "salesRankCategory": "Camera & Photo", "salesRank": 16124}, {"asin": "B00IT4T7NU", "name": "Canon EOS Rebel T5 Digital SLR Camera Body & EF-S 18-55mm IS II with 75-300mm III Lens + 64GB Card + Case + Flash + Battery + Tripod + Kit", "imUrl": "http://ecx.images-amazon.com/images/I/61FlsFgCmvL._SY300_.jpg", "price": 659.95, "numReviews": 1, "groups": [150], "averageRating": 5.0, "salesRankCategory": "Camera & Photo", "salesRank": 2569}, {"asin": "B003RYVGAY", "name": "Nikon D3000 10.2MP Digital SLR Camera Body (Kit Box no Lens Included) International Model", "imUrl": "http://ecx.images-amazon.com/images/I/41rw970N9FL._SX300_.jpg", "price": 367.39, "numReviews": 8, "groups": [151], "averageRating": 4.5, "brand": "Nikon", "salesRankCategory": "Camera & Photo", "salesRank": 18873}, {"asin": "B005IHAIAW", "name": "Sony SLT-A65V 24.3 MP Digital SLR with Translucent Mirror Technology - Body Only", "imUrl": "http://ecx.images-amazon.com/images/I/51964mnmJDL._SX300_.jpg", "price": 649.0, "numReviews": 89, "groups": [152], "averageRating": 4.50561797752809, "salesRankCategory": "Camera & Photo", "salesRank": 5301}, {"asin": "B00CXWMQGY", "name": "Canon EOS Rebel SL1 18.0 MP CMOS Digital SLR with 18-55mm EF-S IS STM Lens + Canon EF 75-300mm f/4-5.6 III Telephoto Zoom Lens", "imUrl": "http://ecx.images-amazon.com/images/I/511nHm9ESoL._SY300_.jpg", "price": 749.0, "numReviews": 7, "groups": [127], "averageRating": 4.857142857142857, "brand": "Canon", "salesRankCategory": "Camera & Photo", "salesRank": 4029}, {"asin": "B00F36HL8U", "name": "Canon EOS Rebel T3 Digital SLR Camera & 18-55mm IS Lens with 75-300mm Lens + 32GB Card + Battery + Case + 3 Filters + Tripod + Flash + Tele/Wide Lens Kit", "imUrl": "http://ecx.images-amazon.com/images/I/51RM5mkOR7L._SY300_.jpg", "price": 539.95, "numReviews": 24, "groups": [153], "averageRating": 4.625, "salesRankCategory": "Camera & Photo", "salesRank": 5696}, {"asin": "B00HJCRYLA", "name": "Canon EOS Rebel T3 12.2 MP CMOS Digital SLR Camera and DIGIC 4 Imaging (Body Only) With 16GB Memory Card + RC-6 Wireless Remote Control + Camera lens Cleaning Kit Deluxe Accessory Bundle", "imUrl": "http://ecx.images-amazon.com/images/I/51qVZO%2BFPxL._SY300_.jpg", "price": 319.95, "numReviews": 1, "groups": [154], "averageRating": 5.0, "salesRankCategory": "Camera & Photo", "salesRank": 12833}, {"asin": "B00EV3QI4E", "name": "Nikon D5200 Digital SLR Camera Body with 18-140mm VR Lens + 32GB Card + Case + Grip + Battery/Charger + Remote + Filter Kit", "imUrl": "http://ecx.images-amazon.com/images/I/51ufknGwMNL._SY300_.jpg", "price": 959.95, "numReviews": 4, "groups": [155, 156], "averageRating": 5.0, "salesRankCategory": "Camera & Photo", "salesRank": 17510}, {"asin": "B00F7R6JHE", "name": "TechCare Tm \"Ever Ready\" Protective Black Leather Camera Case, Bag for Nikon Coolpix P520 18.1 Mp Digital Camera (DARK BROWN)", "imUrl": "http://ecx.images-amazon.com/images/I/413nAQ9TMWL._SX300_.jpg", "price": 29.99, "numReviews": 4, "groups": [157], "averageRating": 4.0, "salesRankCategory": "Camera & Photo", "salesRank": 5612}, {"asin": "B00894YYP6", "name": "Canon EOS Rebel T4i DSLR (Body Only) (OLD MODEL)", "imUrl": "http://ecx.images-amazon.com/images/I/51VTSwFDMFL._SY300_.jpg", "price": 769.99, "numReviews": 706, "groups": [158], "averageRating": 4.580736543909349, "brand": "Canon", "salesRankCategory": "Camera & Photo", "salesRank": 3674}, {"asin": "B002P8CZ3A", "name": "Nikon D3000 10.2MP Digital SLR Camera Body Only", "imUrl": "http://ecx.images-amazon.com/images/I/41ew3MVq9QL._SY300_.jpg", "price": 285.99, "numReviews": 22, "groups": [159], "averageRating": 4.318181818181818, "salesRankCategory": "Camera & Photo", "salesRank": 2973}, {"asin": "B00J9SH1ZG", "name": "Canon EOS Rebel T5 1200D 18MP EF-S Body Full HD 1080p Video Digital SLR Camera", "imUrl": "http://ecx.images-amazon.com/images/I/41AeWVqEpxL._SY300_.jpg", "price": 429.0, "numReviews": 2, "groups": [160], "averageRating": 5.0, "brand": "Canon", "salesRankCategory": "Camera & Photo", "salesRank": 4189}, {"asin": "B000V9GMJS", "name": "Canon EOS 40D 10.1MP Digital SLR Camera (Body Only)", "imUrl": "http://ecx.images-amazon.com/images/I/41xajnK5M3L._SX300_.jpg", "price": 872.68, "numReviews": 1, "groups": [161], "averageRating": 5.0, "salesRankCategory": "Camera & Photo", "salesRank": 18832}, {"asin": "B002OEBTCS", "name": "Pentax K-x 12.4 MP Digital SLR with 2.7-inch LCD and 18-55mm f/3.5-5.6 AL and 55-300mm f/4-5.8 ED Lenses (Black)", "imUrl": "http://ecx.images-amazon.com/images/I/41mVtS3OO1L._SY300_.jpg", "price": 6.99, "numReviews": 47, "groups": [162], "averageRating": 4.74468085106383, "salesRankCategory": "Camera & Photo", "salesRank": 10756}, {"asin": "B00CJJ1RNE", "name": "Canon EOS Rebel SL1 Digital SLR Camera & EF-S 18-55mm IS STM with 55-250mm IS Lens + 32GB Card + Battery + Case + Flash + Tele/Wide Lenses Kit", "imUrl": "http://ecx.images-amazon.com/images/I/51PpQvM-f8L._SY300_.jpg", "price": 849.95, "numReviews": 17, "groups": [163], "averageRating": 4.882352941176471, "salesRankCategory": "Camera & Photo", "salesRank": 7855}, {"asin": "B00DNIY8JK", "name": "Canon EOS Rebel SL1 18.0 MP CMOS Digital SLR Kit with 18-55mm EF-S IS STM Lens & Canon EF-S 55-250mm f/4-5.6 IS II Lens. Includes: 0.45X Wide Angle Lens + 2X Telelphoto Lens + 3 Piece Filter Kit (UV-CPL-FLD) + 32GB Memory Card + Card Reader + Slave Flash + Wireless Remote + Extended Life Replacement Battery + Charger + Full Size Tripod + Carrying Case + Deluxe Starter Kit Sunset Electronics Bundle", "imUrl": "http://ecx.images-amazon.com/images/I/511-UWkDMOL._SY300_.jpg", "price": 799.95, "numReviews": 6, "groups": [164], "averageRating": 5.0, "salesRankCategory": "Camera & Photo", "salesRank": 10437}, {"asin": "B003IHVKNI", "name": "Pentax K-x 16202 Digital SLR Camera with DA L 18-55 and 50-200mm Lenses (White)", "imUrl": "http://ecx.images-amazon.com/images/I/41COHhFMf%2BL._SY300_.jpg", "price": 6.9, "numReviews": 18, "groups": [165], "averageRating": 4.666666666666667, "salesRankCategory": "Camera & Photo", "salesRank": 15362}, {"asin": "B001GAPHPG", "name": "Pentax K2000 10.2MP Digital SLR Camera with 18-55mm f/3.5-5.6 DA L and 50-200mm f/4-5.6 ED Lenses", "imUrl": "http://ecx.images-amazon.com/images/I/41uYJqkCiaL._SY300_.jpg", "price": 549.0, "numReviews": 13, "groups": [166], "averageRating": 5.0, "salesRankCategory": "Camera & Photo", "salesRank": 22075}, {"asin": "B004MNLG0Y", "name": "Canon EOS 60D 18 MP CMOS Digital SLR Camera (Body Only) + Tripod, Cleaning Set", "imUrl": "http://ecx.images-amazon.com/images/I/41exV8mgXEL._SX300_.jpg", "price": 699.0, "numReviews": 5, "groups": [167], "averageRating": 4.8, "brand": "Canon", "salesRankCategory": "Camera & Photo", "salesRank": 7979}, {"asin": "B00I7VBDQ4", "name": "Nikon D3200 Digital SLR Camera & 18-55mm & 55-200mm DX AF-S Zoom Lens and Case with 32GB Card + Battery + Charger + Grip + Tripod + Tele/Wide Lenses + Kit", "imUrl": "http://ecx.images-amazon.com/images/I/61BQtSE0m8L._SY300_.jpg", "price": 669.95, "numReviews": 2, "groups": [133], "averageRating": 5.0, "salesRankCategory": "Camera & Photo", "salesRank": 3001}, {"asin": "B0082OJ2Z0", "name": "Pentax K-30 Weather-Sealed 16 MP CMOS Digital SLR with 18-55mm Lens (White)", "imUrl": "http://ecx.images-amazon.com/images/I/510R6SewcaL._SX300_.jpg", "price": 544.49, "numReviews": 12, "groups": [168], "averageRating": 4.583333333333333, "salesRankCategory": "Camera & Photo", "salesRank": 7115}, {"asin": "B00IT4FYXC", "name": "Canon EOS Rebel T5 Digital SLR Camera Body & EF-S 18-55mm IS II with 75-300mm III Lens + 32GB Card + Case + Battery + Tripod + Kit", "imUrl": "http://ecx.images-amazon.com/images/I/61QVV0bcGSL._SY300_.jpg", "price": 639.95, "numReviews": 2, "groups": [169], "averageRating": 5.0, "salesRankCategory": "Camera & Photo", "salesRank": 11539}, {"asin": "B00427Z7QO", "name": "Pentax K-r 12.4 MP Digital SLR Camera with 3.0-Inch LCD and 18-55mm f/3.5-5.6 Lens (Red)", "imUrl": "http://ecx.images-amazon.com/images/I/41JwA1EWolL._SX300_.jpg", "price": 599.0, "numReviews": 12, "groups": [170], "averageRating": 4.666666666666667, "salesRankCategory": "Camera & Photo", "salesRank": 13541}, {"asin": "B00EV4BGPY", "name": "Nikon D5200 Digital SLR Camera Body (Black) with 18-140mm VR Lens + 64GB Card + Case + Battery + Tripod + Remote + 3 Filters Kit", "imUrl": "http://ecx.images-amazon.com/images/I/51bMCwZUiML._SY300_.jpg", "price": 959.95, "numReviews": 1, "groups": [155], "averageRating": 5.0, "salesRankCategory": "Camera & Photo", "salesRank": 11945}, {"asin": "B005IHAIDO", "name": "Sony A65 24.3 MP Translucent Mirror Digital SLR With 18-55mm Lens", "imUrl": "http://ecx.images-amazon.com/images/I/51zrVFK5HaL._SX300_.jpg", "price": 779.99, "numReviews": 59, "groups": [171], "averageRating": 4.389830508474576, "brand": "Sony", "salesRankCategory": "Camera & Photo", "salesRank": 7041}, {"asin": "B00CJJ1QQW", "name": "Canon EOS Rebel SL1 Digital SLR Camera & EF-S 18-55mm IS STM Lens with EF-S 55-250mm IS Lens + 32GB Card + Battery + Case + Filter + Tripod Kit", "imUrl": "http://ecx.images-amazon.com/images/I/51o40a1NncL._SY300_.jpg", "price": 814.95, "numReviews": 19, "groups": [163], "averageRating": 4.7368421052631575, "salesRankCategory": "Camera & Photo", "salesRank": 8341}, {"asin": "B00E879EPI", "name": "Casio EXILIM Digital Camera 16MP Black EX-ZR800BK", "imUrl": "http://ecx.images-amazon.com/images/I/41U5cnx7ZBL._SX300_.jpg", "price": 232.98, "numReviews": 3, "groups": [105], "averageRating": 5.0, "brand": "Casio", "salesRankCategory": "Camera & Photo", "salesRank": 1557}, {"asin": "B004U4UHRI", "name": "Nikon D5100 Digital D-SLR Camera Body", "imUrl": "http://ecx.images-amazon.com/images/I/41BPRl3JHPL._SX300_.jpg", "price": 669.99, "numReviews": 1, "groups": [172], "averageRating": 5.0, "salesRankCategory": "Camera & Photo", "salesRank": 18807}, {"asin": "B005LW580O", "name": "Canon EOS Rebel T3 12.2 MP CMOS Digital SLR Camera and DIGIC 4 Imaging (Body) - With 1-year USA Warranty", "imUrl": "http://ecx.images-amazon.com/images/I/51YMAxQeTYL._SX300_.jpg", "price": 299.95, "numReviews": 120, "groups": [173], "averageRating": 4.641666666666667, "brand": "Canon", "salesRankCategory": "Camera & Photo", "salesRank": 682}, {"asin": "B0040JHVC2", "name": "Canon EOS 60D 18 MP CMOS Digital SLR Camera with 3.0-Inch LCD and 18-135mm f/3.5-5.6 IS UD Standard Zoom Lens", "imUrl": "http://ecx.images-amazon.com/images/I/5163UrUy7qL._SY300_.jpg", "price": 999.0, "numReviews": 768, "groups": [174], "averageRating": 4.64453125, "brand": "Canon", "salesRankCategory": "Camera & Photo", "salesRank": 474}, {"asin": "B00BEYLG3Q", "name": "Pentax K-5 IIs 16.3 MP DSLR Camera with Pentax DA L 18-55mm f/3.5-5.6 AL Lens kit", "imUrl": "http://ecx.images-amazon.com/images/I/51fJvaygC6L._SY300_.jpg", "price": 804.29, "numReviews": 1, "groups": [175], "averageRating": 1.0, "salesRankCategory": "Camera & Photo", "salesRank": 54894}, {"asin": "B0029U0WY8", "name": "Sony Alpha A330L 10.2 MP Digital SLR Camera with  Super SteadyShot INSIDE Image Stabilization and 18-55mm Lens", "imUrl": "http://ecx.images-amazon.com/images/I/41GGsTqBhoL._SX300_.jpg", "price": 31.99, "numReviews": 34, "groups": [176], "averageRating": 4.588235294117647, "salesRankCategory": "Camera & Photo", "salesRank": 9309}, {"asin": "B00EV4BGY0", "name": "Nikon D5200 Digital SLR Camera Body (Black) with 18-140mm VR Lens + 32GB Card + Case + Flash + Battery + Filter + Tripod Kit", "imUrl": "http://ecx.images-amazon.com/images/I/51%2BeNKnsYfL._SY300_.jpg", "price": 959.95, "numReviews": 2, "groups": [156], "averageRating": 4.0, "salesRankCategory": "Camera & Photo", "salesRank": 12440}, {"asin": "B000I3ZCWU", "name": "Canon Digital Rebel XTi 10.1MP Digital SLR Camera (Silver Body Only) (OLD MODEL)", "imUrl": "http://ecx.images-amazon.com/images/I/41JTgg7XV1L._SY300_.jpg", "price": 599.0, "numReviews": 713, "groups": [177], "averageRating": 4.58625525946704, "salesRankCategory": "Camera & Photo", "salesRank": 12841}, {"asin": "B0099J8A2S", "name": "Pentax K-5 II 16.3 MP DSLR Body Only (Black)", "imUrl": "http://ecx.images-amazon.com/images/I/41C9ABgJtdL._SX300_.jpg", "price": 688.69, "numReviews": 35, "groups": [71], "averageRating": 4.6, "brand": "Pentax", "salesRankCategory": "Camera & Photo", "salesRank": 6814}, {"asin": "B0026FCKA0", "name": "Nikon D5000 DSLR Camera with 18-55mm f/3.5-5.6G VR and 55-200mm f/4-5.6G VR Lenses (OLD MODEL)", "imUrl": "http://ecx.images-amazon.com/images/I/41cIkiUKeOL._SX300_.jpg", "price": 949.95, "numReviews": 32, "groups": [178], "averageRating": 4.65625, "brand": "Nikon", "salesRankCategory": "Camera & Photo", "salesRank": 10072}, {"asin": "B002JSJYV2", "name": "Nikon D3000 10MP Digital SLR Camera with 18-55mm f/3.5-5.6G & 55-200 AF-S DX VR Nikkor Zoom Lenses", "imUrl": "http://ecx.images-amazon.com/images/I/51ZMwqVxbZL._SY300_.jpg", "price": 629.95, "numReviews": 9, "groups": [179], "averageRating": 4.777777777777778, "brand": "Nikon", "salesRankCategory": "Camera & Photo", "salesRank": 11662}, {"asin": "B0012YA85A", "name": "Canon Rebel XSi DSLR Camera with EF-S 18-55mm f/3.5-5.6 IS Lens (OLD MODEL)", "imUrl": "http://ecx.images-amazon.com/images/I/51yldYuDPmL._SY300_.jpg", "price": 749.0, "numReviews": 852, "groups": [180], "averageRating": 4.618544600938967, "salesRankCategory": "Camera & Photo", "salesRank": 1186}, {"asin": "B000I1ZWRW", "name": "Canon Digital Rebel XTi 10.1MP Digital SLR Camera (Black Body Only)", "imUrl": "http://ecx.images-amazon.com/images/I/51bp95Vkz4L._SY300_.jpg", "price": 125.0, "numReviews": 713, "groups": [181], "averageRating": 4.58625525946704, "salesRankCategory": "Camera & Photo", "salesRank": 4296}, {"asin": "B009W7X49Q", "name": "Pentax K-30 lens kit white w DA 18-55WR Weather-Sealed 16 MP CMOS Digital SLR with DA 18-55mm and 3-Inch LCD Screen", "imUrl": "http://ecx.images-amazon.com/images/I/41HktvvDJCL._SX300_.jpg", "price": 579.99, "numReviews": 13, "groups": [182], "averageRating": 4.923076923076923, "brand": "Pentax", "salesRankCategory": "Camera & Photo", "salesRank": 6963}, {"asin": "B005IHAICK", "name": "Sony Alpha SLT-A77 Translucent Mirror Digital SLR Camera - Body only", "imUrl": "http://ecx.images-amazon.com/images/I/41owPVNM8fL._SX300_.jpg", "price": 798.0, "numReviews": 202, "groups": [183], "averageRating": 4.5594059405940595, "salesRankCategory": "Camera & Photo", "salesRank": 1576}, {"asin": "B00DHT8V4S", "name": "Canon EOS 60D 18 MP CMOS Digital SLR Camera with 3.0-Inch LCD (Body Only) + 32 GB Master Kit", "imUrl": "http://ecx.images-amazon.com/images/I/51EooP%2BKJ9L._SX300_.jpg", "price": 724.0, "numReviews": 1, "groups": [184], "averageRating": 4.0, "salesRankCategory": "Camera & Photo", "salesRank": 29776}, {"asin": "B000EBA0G4", "name": "Olympus Evolt E330 7.5MP Digital SLR Camera with 14-45mm f3.5/5.6 Zuiko Digital Zoom Lens", "imUrl": "http://ecx.images-amazon.com/images/I/41BZYTBY0VL._SX300_.jpg", "price": 11.29, "numReviews": 18, "groups": [185], "averageRating": 4.666666666666667, "salesRankCategory": "Camera & Photo", "salesRank": 27986}, {"asin": "B006GC8YLS", "name": "Sony a (alpha) SLT-A65V (A65) - Digital camera - SLR - 24.3 Mpix - Sony DT 18-55mm lens - optical zoom: 3 x - supported memory: SD/ MS PRO Duo/ SDXC/ SDHC/ MS PRO-HG Duo", "imUrl": "http://ecx.images-amazon.com/images/I/51viEUX%2BtcL._SY300_.jpg", "price": 859.09, "numReviews": 1, "groups": [186], "averageRating": 5.0, "salesRankCategory": "Camera & Photo", "salesRank": 26682}, {"asin": "B00F2M5HRC", "name": "Canon EOS Rebel T3 Digital SLR Camera & 18-55mm IS Lens with 75-300mm Lens + 64GB Card + Battery + Charger + Case + Filters + Tripod + Flash + Tele/Wide Lens Kit", "imUrl": "http://ecx.images-amazon.com/images/I/61iY8y0W9-L._SY300_.jpg", "price": 559.95, "numReviews": 5, "groups": [187], "averageRating": 5.0, "salesRankCategory": "Camera & Photo", "salesRank": 7754}, {"asin": "B0007QKMR8", "name": "Canon Rebel XT DSLR Camera (Body Only - Silver)", "imUrl": "http://ecx.images-amazon.com/images/I/51P7tsZVh9L._SY300_.jpg", "price": 17.12, "numReviews": 584, "groups": [188], "averageRating": 4.580479452054795, "salesRankCategory": "Camera & Photo", "salesRank": 6733}, {"asin": "B00AFHAS1E", "name": "Canon EOS REBEL T4i 18.0 MP CMOS Digital Camera with 3-inch Touchscreen and Full HD Movie Mode (Body Only)", "imUrl": "http://ecx.images-amazon.com/images/I/51ALpDz2xUL._SY300_.jpg", "price": 699.0, "numReviews": 1, "groups": [189], "averageRating": 5.0, "salesRankCategory": "Camera & Photo", "salesRank": 13473}, {"asin": "B00CIBRBWE", "name": "Canon EOS Rebel SL1 Digital SLR Camera & EF-S 18-55mm IS STM Lens with EF 75-300mm III Lens + 64GB Card + Battery + Case + Flash + 3 UV/CPL/ND8 Filters Kit", "imUrl": "http://ecx.images-amazon.com/images/I/51w85Id9arL._SY300_.jpg", "price": 799.95, "numReviews": 8, "groups": [190], "averageRating": 4.625, "salesRankCategory": "Camera & Photo", "salesRank": 5346}, {"asin": "B000IHN89A", "name": "Pentax K10D 10.2MP Digital SLR Camera with Shake Reduction and 18-55mm f/3.5-5.6 Lens", "imUrl": "http://ecx.images-amazon.com/images/I/51Y0M1WMBPL._SX300_.jpg", "price": 405.0, "numReviews": 137, "groups": [191], "averageRating": 4.686131386861314, "salesRankCategory": "Camera & Photo", "salesRank": 14235}, {"asin": "B0010YA1LS", "name": "Nikon D40 6.1 Megapixel Digital SLR Camera Two Lens Kit, with 18-55mm f/3.5-5.6G ED II AF-S DX & 55mm - 200mm", "imUrl": "http://ecx.images-amazon.com/images/I/51BgVVnzDYL._SY300_.jpg", "price": 17.12, "numReviews": 6, "groups": [192], "averageRating": 4.5, "salesRankCategory": "Camera & Photo", "salesRank": 31006}, {"asin": "B0043DKBTK", "name": "Sony a55 DSLR Camera with 18-55mm zoom lens", "imUrl": "http://ecx.images-amazon.com/images/I/51FzdbHTt4L._SY300_.jpg", "price": 799.0, "numReviews": 137, "groups": [193], "averageRating": 4.2700729927007295, "brand": "Sony", "salesRankCategory": "Camera & Photo", "salesRank": 7499}, {"asin": "B00AXTQR5U", "name": "Nikon D5200 24.1 MP CMOS Digital SLR with 18-55mm f/3.5-5.6 AF-S DX VR NIKKOR Zoom Lens (Black)", "imUrl": "http://ecx.images-amazon.com/images/I/41QvMUWDRVL._SX300_.jpg", "price": 696.95, "numReviews": 248, "groups": [194], "averageRating": 4.592741935483871, "brand": "Nikon", "salesRankCategory": "Camera & Photo", "salesRank": 163}, {"asin": "B00427Z7PK", "name": "Pentax K-r 12.4 MP Digital SLR Camera with 3.0-Inch LCD and 18-55mm f/3.5-5.6 Lens (White)", "imUrl": "http://ecx.images-amazon.com/images/I/51uKtlNzPrL._SX300_.jpg", "price": 629.0, "numReviews": 12, "groups": [195], "averageRating": 4.5, "brand": "Pentax", "salesRankCategory": "Camera & Photo", "salesRank": 10477}, {"asin": "B009OI2RVO", "name": "Sony \u03b1 (alpha) a37 16.1 MP Digital SLR Camera body only - Black (kit Box)", "imUrl": "http://ecx.images-amazon.com/images/I/51wLZkPaQwL._SY300_.jpg", "price": 429.49, "numReviews": 6, "groups": [196], "averageRating": 4.5, "brand": "Sony", "salesRankCategory": "Camera & Photo", "salesRank": 8231}, {"asin": "B0012Y89JW", "name": "Canon Digital Rebel XSI 12MP Digital SLR Camera (Silver Body Only)", "imUrl": "http://ecx.images-amazon.com/images/I/51ib%2BOaqw2L._SY300_.jpg", "price": 299.0, "numReviews": 851, "groups": [197], "averageRating": 4.619271445358402, "salesRankCategory": "Camera & Photo", "salesRank": 14560}, {"asin": "B009JPEISW", "name": "Pentax K-5 IIs 16.3 MP DSLR Body Only (Black)", "imUrl": "http://ecx.images-amazon.com/images/I/41hoq9kxCuL._SX300_.jpg", "price": 694.95, "numReviews": 49, "groups": [72], "averageRating": 4.8979591836734695, "brand": "Pentax", "salesRankCategory": "Camera & Photo", "salesRank": 2719}, {"asin": "B00CJJ1RN4", "name": "Canon EOS Rebel SL1 Digital SLR Camera & EF-S 18-55mm IS STM with 55-250mm IS Lens + 64GB Card + Battery + Backpack + Tele/Wide Lenses Kit", "imUrl": "http://ecx.images-amazon.com/images/I/51AWI9kfWrL._SY300_.jpg", "price": 859.95, "numReviews": 2, "groups": [198], "averageRating": 3.5, "salesRankCategory": "Camera & Photo", "salesRank": 20834}, {"asin": "B00BF9MVMK", "name": "Sony SLT-A58K Digital SLR Kit with 18-55mm Zoom Lens, 20.1MP SLR Camera with 2.7 -Inch LCD Screen (Black)", "imUrl": "http://ecx.images-amazon.com/images/I/41z6P0tO01L._SX300_.jpg", "price": 448.0, "numReviews": 40, "groups": [199], "averageRating": 4.35, "brand": "Sony", "salesRankCategory": "Camera & Photo", "salesRank": 787}, {"asin": "B002NEGTTW", "name": "Canon EOS 7D 18 MP CMOS Digital SLR Camera, Body Only (DISCONTINUED)", "imUrl": "http://ecx.images-amazon.com/images/I/513UEazV06L._SX300_.jpg", "price": 985.0, "numReviews": 527, "groups": [200], "averageRating": 4.548387096774194, "brand": "Canon", "salesRankCategory": "Camera & Photo", "salesRank": 529}, {"asin": "B00HQ4W2RW", "name": "Nikon D3300 24.2 MP CMOS Digital SLR with AF-S DX NIKKOR 18-55mm f/3.5-5.6G VR II Zoom Lens (Red)", "imUrl": "http://ecx.images-amazon.com/images/I/41Aa8BcfZ-L._SX300_.jpg", "price": 596.95, "numReviews": 56, "groups": [201], "averageRating": 4.785714285714286, "brand": "Nikon", "salesRankCategory": "Camera & Photo", "salesRank": 590}, {"asin": "B00I508T5U", "name": "Nikon D3300 Digital SLR Camera & 18-55mm G VR DX II AF-S Zoom Lens (Red) with 32GB Card + Battery & Charger + Case + Tripod + Flash + Tele/Wide Lens Kit", "imUrl": "http://ecx.images-amazon.com/images/I/61aKhdqk-7L._SY300_.jpg", "price": 709.95, "numReviews": 2, "groups": [202], "averageRating": 5.0, "salesRankCategory": "Camera & Photo", "salesRank": 6653}], "links": [{"source": 0, "target": 60, "right": true, "left": false, "value": 1}, {"source": 1, "target": 130, "right": false, "left": true, "value": 1}, {"source": 1, "target": 5, "right": true, "left": true, "value": 1}, {"source": 1, "target": 134, "right": false, "left": true, "value": 1}, {"source": 1, "target": 166, "right": false, "left": true, "value": 1}, {"source": 1, "target": 167, "right": false, "left": true, "value": 1}, {"source": 1, "target": 106, "right": false, "left": true, "value": 1}, {"source": 1, "target": 177, "right": false, "left": true, "value": 1}, {"source": 1, "target": 156, "right": false, "left": true, "value": 1}, {"source": 2, "target": 16, "right": true, "left": false, "value": 1}, {"source": 3, "target": 65, "right": true, "left": false, "value": 1}, {"source": 3, "target": 34, "right": false, "left": true, "value": 1}, {"source": 3, "target": 129, "right": false, "left": true, "value": 1}, {"source": 3, "target": 161, "right": false, "left": true, "value": 1}, {"source": 3, "target": 102, "right": false, "left": true, "value": 1}, {"source": 3, "target": 113, "right": false, "left": true, "value": 1}, {"source": 3, "target": 115, "right": false, "left": true, "value": 1}, {"source": 4, "target": 24, "right": true, "left": false, "value": 1}, {"source": 4, "target": 39, "right": true, "left": false, "value": 1}, {"source": 6, "target": 109, "right": false, "left": true, "value": 1}, {"source": 7, "target": 181, "right": true, "left": false, "value": 1}, {"source": 8, "target": 65, "right": true, "left": false, "value": 1}, {"source": 8, "target": 117, "right": true, "left": false, "value": 1}, {"source": 9, "target": 87, "right": true, "left": false, "value": 1}, {"source": 10, "target": 40, "right": true, "left": false, "value": 1}, {"source": 10, "target": 69, "right": true, "left": false, "value": 1}, {"source": 11, "target": 35, "right": true, "left": false, "value": 1}, {"source": 11, "target": 111, "right": true, "left": false, "value": 1}, {"source": 12, "target": 80, "right": false, "left": true, "value": 1}, {"source": 13, "target": 61, "right": true, "left": false, "value": 1}, {"source": 14, "target": 122, "right": true, "left": false, "value": 1}, {"source": 14, "target": 203, "right": true, "left": false, "value": 1}, {"source": 14, "target": 69, "right": true, "left": false, "value": 1}, {"source": 15, "target": 24, "right": true, "left": false, "value": 1}, {"source": 16, "target": 98, "right": false, "left": true, "value": 1}, {"source": 17, "target": 61, "right": true, "left": false, "value": 1}, {"source": 18, "target": 118, "right": true, "left": false, "value": 1}, {"source": 19, "target": 164, "right": false, "left": true, "value": 1}, {"source": 20, "target": 65, "right": true, "left": false, "value": 1}, {"source": 20, "target": 137, "right": false, "left": true, "value": 1}, {"source": 21, "target": 113, "right": false, "left": true, "value": 1}, {"source": 21, "target": 129, "right": false, "left": true, "value": 1}, {"source": 21, "target": 115, "right": false, "left": true, "value": 1}, {"source": 22, "target": 90, "right": true, "left": true, "value": 1}, {"source": 22, "target": 179, "right": false, "left": true, "value": 1}, {"source": 23, "target": 65, "right": true, "left": false, "value": 1}, {"source": 23, "target": 209, "right": true, "left": false, "value": 1}, {"source": 23, "target": 46, "right": false, "left": true, "value": 1}, {"source": 24, "target": 142, "right": false, "left": true, "value": 1}, {"source": 24, "target": 143, "right": false, "left": true, "value": 1}, {"source": 24, "target": 145, "right": false, "left": true, "value": 1}, {"source": 24, "target": 150, "right": false, "left": true, "value": 1}, {"source": 24, "target": 25, "right": false, "left": true, "value": 1}, {"source": 24, "target": 154, "right": false, "left": true, "value": 1}, {"source": 24, "target": 158, "right": false, "left": true, "value": 1}, {"source": 24, "target": 39, "right": false, "left": true, "value": 1}, {"source": 24, "target": 174, "right": false, "left": true, "value": 1}, {"source": 24, "target": 47, "right": false, "left": true, "value": 1}, {"source": 24, "target": 50, "right": false, "left": true, "value": 1}, {"source": 24, "target": 52, "right": false, "left": true, "value": 1}, {"source": 24, "target": 53, "right": false, "left": true, "value": 1}, {"source": 24, "target": 54, "right": false, "left": true, "value": 1}, {"source": 24, "target": 55, "right": false, "left": true, "value": 1}, {"source": 24, "target": 180, "right": false, "left": true, "value": 1}, {"source": 24, "target": 58, "right": false, "left": true, "value": 1}, {"source": 24, "target": 189, "right": false, "left": true, "value": 1}, {"source": 24, "target": 65, "right": true, "left": false, "value": 1}, {"source": 24, "target": 67, "right": false, "left": true, "value": 1}, {"source": 24, "target": 204, "right": false, "left": true, "value": 1}, {"source": 24, "target": 81, "right": false, "left": true, "value": 1}, {"source": 24, "target": 91, "right": false, "left": true, "value": 1}, {"source": 24, "target": 95, "right": false, "left": true, "value": 1}, {"source": 24, "target": 104, "right": false, "left": true, "value": 1}, {"source": 24, "target": 112, "right": false, "left": true, "value": 1}, {"source": 26, "target": 212, "right": false, "left": true, "value": 1}, {"source": 26, "target": 44, "right": true, "left": false, "value": 1}, {"source": 27, "target": 73, "right": true, "left": true, "value": 1}, {"source": 28, "target": 32, "right": false, "left": true, "value": 1}, {"source": 28, "target": 73, "right": true, "left": true, "value": 1}, {"source": 28, "target": 110, "right": false, "left": true, "value": 1}, {"source": 29, "target": 169, "right": false, "left": true, "value": 1}, {"source": 30, "target": 172, "right": false, "left": true, "value": 1}, {"source": 31, "target": 190, "right": true, "left": false, "value": 1}, {"source": 32, "target": 99, "right": false, "left": true, "value": 1}, {"source": 33, "target": 73, "right": true, "left": false, "value": 1}, {"source": 34, "target": 120, "right": false, "left": true, "value": 1}, {"source": 34, "target": 65, "right": true, "left": false, "value": 1}, {"source": 34, "target": 198, "right": false, "left": true, "value": 1}, {"source": 36, "target": 44, "right": true, "left": false, "value": 1}, {"source": 36, "target": 71, "right": true, "left": false, "value": 1}, {"source": 37, "target": 161, "right": false, "left": true, "value": 1}, {"source": 37, "target": 163, "right": false, "left": true, "value": 1}, {"source": 38, "target": 61, "right": true, "left": false, "value": 1}, {"source": 39, "target": 137, "right": false, "left": true, "value": 1}, {"source": 40, "target": 187, "right": false, "left": true, "value": 1}, {"source": 41, "target": 180, "right": true, "left": false, "value": 1}, {"source": 41, "target": 78, "right": true, "left": false, "value": 1}, {"source": 42, "target": 191, "right": false, "left": true, "value": 1}, {"source": 43, "target": 161, "right": true, "left": false, "value": 1}, {"source": 43, "target": 115, "right": true, "left": false, "value": 1}, {"source": 44, "target": 105, "right": false, "left": true, "value": 1}, {"source": 45, "target": 194, "right": false, "left": true, "value": 1}, {"source": 45, "target": 87, "right": true, "left": false, "value": 1}, {"source": 46, "target": 183, "right": true, "left": false, "value": 1}, {"source": 48, "target": 105, "right": false, "left": true, "value": 1}, {"source": 49, "target": 207, "right": true, "left": false, "value": 1}, {"source": 51, "target": 131, "right": true, "left": false, "value": 1}, {"source": 55, "target": 183, "right": false, "left": true, "value": 1}, {"source": 56, "target": 155, "right": true, "left": false, "value": 1}, {"source": 57, "target": 89, "right": true, "left": true, "value": 1}, {"source": 57, "target": 155, "right": true, "left": false, "value": 1}, {"source": 58, "target": 61, "right": true, "left": false, "value": 1}, {"source": 59, "target": 122, "right": true, "left": false, "value": 1}, {"source": 60, "target": 165, "right": false, "left": true, "value": 1}, {"source": 60, "target": 142, "right": false, "left": true, "value": 1}, {"source": 61, "target": 96, "right": false, "left": true, "value": 1}, {"source": 61, "target": 162, "right": false, "left": true, "value": 1}, {"source": 61, "target": 101, "right": false, "left": true, "value": 1}, {"source": 61, "target": 135, "right": false, "left": true, "value": 1}, {"source": 61, "target": 200, "right": false, "left": true, "value": 1}, {"source": 61, "target": 201, "right": false, "left": true, "value": 1}, {"source": 61, "target": 205, "right": false, "left": true, "value": 1}, {"source": 61, "target": 143, "right": false, "left": true, "value": 1}, {"source": 61, "target": 144, "right": false, "left": true, "value": 1}, {"source": 61, "target": 188, "right": false, "left": true, "value": 1}, {"source": 62, "target": 109, "right": true, "left": false, "value": 1}, {"source": 63, "target": 209, "right": true, "left": false, "value": 1}, {"source": 63, "target": 202, "right": true, "left": false, "value": 1}, {"source": 64, "target": 210, "right": true, "left": false, "value": 1}, {"source": 65, "target": 140, "right": false, "left": true, "value": 1}, {"source": 65, "target": 145, "right": false, "left": true, "value": 1}, {"source": 65, "target": 147, "right": false, "left": true, "value": 1}, {"source": 65, "target": 149, "right": false, "left": true, "value": 1}, {"source": 65, "target": 68, "right": false, "left": true, "value": 1}, {"source": 65, "target": 74, "right": false, "left": true, "value": 1}, {"source": 65, "target": 76, "right": false, "left": true, "value": 1}, {"source": 65, "target": 204, "right": false, "left": true, "value": 1}, {"source": 65, "target": 79, "right": false, "left": true, "value": 1}, {"source": 65, "target": 85, "right": false, "left": true, "value": 1}, {"source": 65, "target": 89, "right": false, "left": true, "value": 1}, {"source": 65, "target": 91, "right": false, "left": true, "value": 1}, {"source": 65, "target": 92, "right": false, "left": true, "value": 1}, {"source": 65, "target": 94, "right": false, "left": true, "value": 1}, {"source": 65, "target": 100, "right": false, "left": true, "value": 1}, {"source": 65, "target": 107, "right": false, "left": true, "value": 1}, {"source": 66, "target": 190, "right": true, "left": false, "value": 1}, {"source": 70, "target": 135, "right": true, "left": false, "value": 1}, {"source": 72, "target": 186, "right": true, "left": true, "value": 1}, {"source": 72, "target": 207, "right": true, "left": true, "value": 1}, {"source": 73, "target": 128, "right": false, "left": true, "value": 1}, {"source": 74, "target": 193, "right": false, "left": true, "value": 1}, {"source": 74, "target": 164, "right": false, "left": true, "value": 1}, {"source": 74, "target": 103, "right": false, "left": true, "value": 1}, {"source": 74, "target": 170, "right": false, "left": true, "value": 1}, {"source": 75, "target": 138, "right": true, "left": false, "value": 1}, {"source": 76, "target": 117, "right": true, "left": false, "value": 1}, {"source": 77, "target": 117, "right": true, "left": false, "value": 1}, {"source": 78, "target": 180, "right": true, "left": false, "value": 1}, {"source": 82, "target": 124, "right": true, "left": false, "value": 1}, {"source": 83, "target": 139, "right": true, "left": false, "value": 1}, {"source": 84, "target": 176, "right": true, "left": false, "value": 1}, {"source": 86, "target": 92, "right": true, "left": false, "value": 1}, {"source": 87, "target": 97, "right": false, "left": true, "value": 1}, {"source": 87, "target": 132, "right": false, "left": true, "value": 1}, {"source": 87, "target": 121, "right": false, "left": true, "value": 1}, {"source": 88, "target": 203, "right": true, "left": false, "value": 1}, {"source": 90, "target": 179, "right": false, "left": true, "value": 1}, {"source": 90, "target": 135, "right": true, "left": false, "value": 1}, {"source": 92, "target": 209, "right": true, "left": false, "value": 1}, {"source": 93, "target": 160, "right": false, "left": true, "value": 1}, {"source": 94, "target": 180, "right": true, "left": false, "value": 1}, {"source": 99, "target": 128, "right": true, "left": false, "value": 1}, {"source": 103, "target": 181, "right": true, "left": false, "value": 1}, {"source": 106, "target": 166, "right": false, "left": true, "value": 1}, {"source": 106, "target": 134, "right": false, "left": true, "value": 1}, {"source": 106, "target": 199, "right": false, "left": true, "value": 1}, {"source": 106, "target": 177, "right": false, "left": true, "value": 1}, {"source": 108, "target": 178, "right": true, "left": true, "value": 1}, {"source": 109, "target": 155, "right": true, "left": false, "value": 1}, {"source": 114, "target": 141, "right": false, "left": true, "value": 1}, {"source": 115, "target": 198, "right": false, "left": true, "value": 1}, {"source": 115, "target": 120, "right": false, "left": true, "value": 1}, {"source": 116, "target": 141, "right": false, "left": true, "value": 1}, {"source": 117, "target": 149, "right": false, "left": true, "value": 1}, {"source": 119, "target": 210, "right": true, "left": false, "value": 1}, {"source": 123, "target": 135, "right": true, "left": false, "value": 1}, {"source": 125, "target": 135, "right": true, "left": false, "value": 1}, {"source": 126, "target": 155, "right": true, "left": false, "value": 1}, {"source": 127, "target": 204, "right": true, "left": false, "value": 1}, {"source": 130, "target": 156, "right": true, "left": true, "value": 1}, {"source": 130, "target": 167, "right": false, "left": true, "value": 1}, {"source": 133, "target": 135, "right": true, "left": false, "value": 1}, {"source": 134, "target": 199, "right": true, "left": false, "value": 1}, {"source": 135, "target": 162, "right": false, "left": true, "value": 1}, {"source": 135, "target": 154, "right": false, "left": true, "value": 1}, {"source": 136, "target": 171, "right": true, "left": true, "value": 1}, {"source": 137, "target": 180, "right": true, "left": false, "value": 1}, {"source": 139, "target": 165, "right": false, "left": true, "value": 1}, {"source": 139, "target": 174, "right": true, "left": false, "value": 1}, {"source": 145, "target": 163, "right": false, "left": true, "value": 1}, {"source": 145, "target": 151, "right": false, "left": true, "value": 1}, {"source": 146, "target": 204, "right": true, "left": false, "value": 1}, {"source": 148, "target": 203, "right": true, "left": false, "value": 1}, {"source": 151, "target": 173, "right": true, "left": false, "value": 1}, {"source": 152, "target": 180, "right": true, "left": false, "value": 1}, {"source": 153, "target": 173, "right": false, "left": true, "value": 1}, {"source": 155, "target": 192, "right": false, "left": true, "value": 1}, {"source": 155, "target": 195, "right": false, "left": true, "value": 1}, {"source": 155, "target": 205, "right": false, "left": true, "value": 1}, {"source": 155, "target": 176, "right": false, "left": true, "value": 1}, {"source": 155, "target": 209, "right": true, "left": false, "value": 1}, {"source": 157, "target": 196, "right": false, "left": true, "value": 1}, {"source": 158, "target": 180, "right": true, "left": false, "value": 1}, {"source": 159, "target": 184, "right": true, "left": true, "value": 1}, {"source": 159, "target": 175, "right": true, "left": true, "value": 1}, {"source": 161, "target": 198, "right": false, "left": true, "value": 1}, {"source": 166, "target": 199, "right": false, "left": true, "value": 1}, {"source": 166, "target": 167, "right": false, "left": true, "value": 1}, {"source": 166, "target": 208, "right": false, "left": true, "value": 1}, {"source": 166, "target": 177, "right": true, "left": true, "value": 1}, {"source": 168, "target": 172, "right": true, "left": false, "value": 1}, {"source": 170, "target": 181, "right": true, "left": false, "value": 1}, {"source": 174, "target": 204, "right": true, "left": false, "value": 1}, {"source": 175, "target": 184, "right": true, "left": false, "value": 1}, {"source": 176, "target": 195, "right": false, "left": true, "value": 1}, {"source": 180, "target": 206, "right": false, "left": true, "value": 1}, {"source": 180, "target": 185, "right": false, "left": true, "value": 1}, {"source": 180, "target": 190, "right": false, "left": true, "value": 1}, {"source": 182, "target": 207, "right": true, "left": false, "value": 1}, {"source": 186, "target": 207, "right": true, "left": false, "value": 1}, {"source": 190, "target": 197, "right": false, "left": true, "value": 1}, {"source": 195, "target": 203, "right": true, "left": false, "value": 1}, {"source": 211, "target": 212, "right": false, "left": true, "value": 1}]}