{"nodes": [{"asin": "B002RCNX8K", "name": "APC BR700G Back-UPS Pro 700 UPS", "imUrl": "http://ecx.images-amazon.com/images/I/41cxWnTmWZL._SY300_.jpg", "price": 109.99, "numReviews": 746, "groups": [0], "averageRating": 4.390080428954423, "brand": "APC"}, {"asin": "B0000E6RIC", "name": "ABC RBC2 UPS Battery", "imUrl": "http://ecx.images-amazon.com/images/I/51AjIlKSHfL._SY300_.jpg", "price": 33.15, "numReviews": 44, "groups": [1], "averageRating": 4.045454545454546}, {"asin": "B000BJSEQW", "name": "APC Back-UPS ES 8 Outlet 650VA 120V (Discontinued by Manufacturer)", "imUrl": "http://ecx.images-amazon.com/images/I/41XSZG3ZFML._SY300_.jpg", "price": 37.99, "numReviews": 22, "groups": [2], "averageRating": 3.4545454545454546}, {"asin": "B0072M8DLC", "name": "Replacement Battery for APC Back-UPS XS 900 - Kit of 2", "imUrl": "http://ecx.images-amazon.com/images/I/416rZK8IqKL._SY300_.jpg", "price": 29.5, "numReviews": 33, "groups": [3], "averageRating": 4.121212121212121}, {"asin": "B000DZU02A", "name": "Tripp Lite AVR750U 750VA 450W UPS Desktop Battery Back Up AVR Compact 120V USB RJ11, 12 Outlets", "imUrl": "http://ecx.images-amazon.com/images/I/417qIrmkVoL._SX300_.jpg", "price": 98.5, "numReviews": 19, "groups": [4], "averageRating": 2.210526315789474, "brand": "Tripp Lite"}, {"asin": "B002UUTCNE", "name": "POWER SAVING BACK-UPS XS 1500 (Discontinued by Manufacturer)", "imUrl": "http://ecx.images-amazon.com/images/I/41mg2%2BO-r6L._SY300_.jpg", "price": 205.73, "numReviews": 50, "groups": [5], "averageRating": 3.54}, {"asin": "B00GOYGA0K", "name": "APC ES 750VA Desktop UPS", "imUrl": "http://ecx.images-amazon.com/images/I/41PNeF0eFsL._SY300_.jpg", "price": 137.49, "numReviews": 1, "groups": [6], "averageRating": 1.0}, {"asin": "B0096R5FVM", "name": "RBC35 Replacement Battery Cartridge for APC Back-UPS ES BE350C / BE350R - 2PK", "imUrl": "http://ecx.images-amazon.com/images/I/41wDk3zNXqL._SY300_.jpg", "price": 33.25, "numReviews": 4, "groups": [7], "averageRating": 4.5}, {"asin": "B0002935MO", "name": "Tripp Lite OMNIVS800 800VA 475W UPS Battery Back Up Tower AVR 120V USB RJ11 RJ45, 7 Outlets", "imUrl": "http://ecx.images-amazon.com/images/I/51Grq9U5f4L._SY300_.jpg", "price": 130.25, "numReviews": 2, "groups": [8], "averageRating": 4.5, "brand": "Tripp Lite"}, {"asin": "B003OJAHWA", "name": "CyberPower OR2200PFCRT2Ua PFC Sinewave UPS 2200VA 1320W PFC Compatible Rack/Tower", "imUrl": "http://ecx.images-amazon.com/images/I/414S-2h7THL._SY300_.jpg", "price": 393.61, "numReviews": 3, "groups": [9], "averageRating": 5.0, "brand": "CyberPower"}, {"asin": "B0044YHMT0", "name": "Sigmas Replacement Battery for APC BE500R 12V 7.5AH", "imUrl": "http://ecx.images-amazon.com/images/I/41cc386nGWL._SX300_.jpg", "price": 19.88, "numReviews": 11, "groups": [10], "averageRating": 4.909090909090909}, {"asin": "B0001R05HA", "name": "APC BX800 Back-UPS XS Series 800VA Uninterruptible Power Supply", "imUrl": "http://ecx.images-amazon.com/images/I/41PP6FMNWBL._SY300_.jpg", "price": 68.99, "numReviews": 5, "groups": [11], "averageRating": 4.2}, {"asin": "B00A82M3LY", "name": "APC BACK-UPS 600 BN600 12V 8Ah UPS Battery - This is an AJC Brand\u2122 Replacement", "imUrl": "http://ecx.images-amazon.com/images/I/41RiDBJRYAL._SX300_.jpg", "price": 16.01, "numReviews": 1, "groups": [12], "averageRating": 5.0}, {"asin": "B00066I730", "name": "APC - APC Back-UPS ES 350 - UPS ( external ) - AC 120 V - 350 VA - UPS battery l ( BE350U-CN )", "imUrl": "http://ecx.images-amazon.com/images/I/21YBHK0ZYVL.jpg", "price": 15.54, "numReviews": 11, "groups": [13], "averageRating": 2.4545454545454546}, {"asin": "B000EA0DGC", "name": "Tripp Lite OMNI500ISO 500VA 300W UPS Battery Back Up Tower Isolation Transformer 120V, 3 Outlets", "imUrl": "http://ecx.images-amazon.com/images/I/51ht30z4jCL._SY300_.jpg", "price": 200.24, "numReviews": 2, "groups": [14], "averageRating": 5.0, "brand": "Tripp Lite"}, {"asin": "B001NJ3H0C", "name": "APC BACK-UPS XS 1300VA BX1300LCD REPLACEMENT BATTERY (2) 12V 9.0ah Batteries. (Please Reuse Your Existing Connectors and Wires.)", "imUrl": "http://ecx.images-amazon.com/images/I/41ZqjVOPdDL._SX300_.jpg", "price": 38.49, "numReviews": 174, "groups": [15], "averageRating": 4.367816091954023}, {"asin": "B00A82LI3S", "name": "APC Back-UPS ES BE500R 12V 8Ah UPS Battery - This is an AJC Brand\u2122 Replacement", "imUrl": "http://ecx.images-amazon.com/images/I/41RiDBJRYAL._SX300_.jpg", "price": 16.01, "numReviews": 1, "groups": [16], "averageRating": 5.0}, {"asin": "B0000X5XQ8", "name": "Battery-Biz Inc. 12 Volt 7 Ah SLA UPS battery", "imUrl": "http://ecx.images-amazon.com/images/I/31M3Q0WKTGL._SX300_.jpg", "price": 24.99, "numReviews": 26, "groups": [17], "averageRating": 4.0, "brand": "Battery-Biz"}, {"asin": "B0002CUA6K", "name": "Tripp Lite SMART500RT1U 500VA 300W UPS Smart Rackmount AVR 120V USB DB9 SNMP 1URM, 7 Outlets", "imUrl": "http://ecx.images-amazon.com/images/I/314n55aYsqL._SX300_.jpg", "price": 140.25, "numReviews": 8, "groups": [18], "averageRating": 4.375, "brand": "Tripp Lite"}, {"asin": "B000XJJN60", "name": "CyberPower OR500LCDRM1U Smart App LCD UPS 500VA 300W SNMP/HTTP Rackmount", "imUrl": "http://ecx.images-amazon.com/images/I/31OE9i2EAYL._SY300_.jpg", "price": 154.99, "numReviews": 23, "groups": [19], "averageRating": 4.6521739130434785, "brand": "CyberPower"}, {"asin": "B001I4QNGC", "name": "Back-UPS 750VA Tower UPS", "imUrl": "http://ecx.images-amazon.com/images/I/416rt5Yd8VL._SY300_.jpg", "price": 87.99, "numReviews": 1, "groups": [20], "averageRating": 5.0}, {"asin": "B0089LR8E8", "name": "Replacement Battery for APC BACK-UPS ES BE350R", "imUrl": "http://ecx.images-amazon.com/images/I/31SK5e9ka1L._SX300_.jpg", "price": 16.8, "numReviews": 55, "groups": [21], "averageRating": 4.472727272727273}, {"asin": "B000T53NE6", "name": "APC SMART-UPS 1500 SUA1500 1500VA 980W 120V BATTERY BACK UP UPS - USB COMPATIBLE", "imUrl": "http://ecx.images-amazon.com/images/I/21QHdrHdJdL._SY300_.jpg", "price": 789.88, "numReviews": 4, "groups": [22], "averageRating": 4.5}, {"asin": "B0007ZFWEC", "name": "Tripp Lite OMNIVSINT1000 1000VA Intl UPS Omni Smart VS Tower Line-Interactive 230V 6 outlets", "imUrl": "http://ecx.images-amazon.com/images/I/51vPsugdJnL._SY300_.jpg", "price": 245.97, "numReviews": 2, "groups": [23], "averageRating": 3.0, "brand": "Tripp Lite"}, {"asin": "B002MZW5KE", "name": "APC SMT750 Smart-UPS 750VA LCD 120V", "imUrl": "http://ecx.images-amazon.com/images/I/41wgXOv822L._SY300_.jpg", "price": 303.88, "numReviews": 130, "groups": [24], "averageRating": 4.361538461538461, "brand": "APC"}, {"asin": "B0012BQQIG", "name": "APC Back-UPS ES, 390 Watts / 650 VA,Input 120V / Output 120V UPS System (Discontinued by Manufacturer)", "imUrl": "http://ecx.images-amazon.com/images/I/41sMTCdguYL._SX300_.jpg", "price": 78.56, "numReviews": 12, "groups": [25], "averageRating": 3.9166666666666665, "brand": "APC"}, {"asin": "B00007FHDF", "name": "Tripp Lite SMART1500RMXL2UA 1500VA 1350W UPS Smart Rackmount AVR LCD 120V USB DB9 SNMP 2URM, 8 Outlets", "imUrl": "http://ecx.images-amazon.com/images/I/31vq%2BtWcBhL._SX300_.jpg", "price": 603.62, "numReviews": 2, "groups": [26], "averageRating": 5.0, "brand": "Tripp Lite"}, {"asin": "B000GE9QXC", "name": "APC Replacement RBC7 UPS Battery (reuse existing connectors) (See Instruction... Kit of 2", "imUrl": "http://ecx.images-amazon.com/images/I/31%2BYvOP000L.jpg", "price": 69.99, "numReviews": 19, "groups": [27, 28], "averageRating": 4.315789473684211}, {"asin": "B00CHJBYCU", "name": "APC BF500U UPS Replacement Battery", "imUrl": "http://ecx.images-amazon.com/images/I/31pd9SNu7hL._SX300_.jpg", "price": 20.3, "numReviews": 1, "groups": [29], "averageRating": 5.0}, {"asin": "B0000ZQTCS", "name": "APC BACK-UPS CS BK500BLK 500VA/300W UPS System", "imUrl": "http://ecx.images-amazon.com/images/I/41J4K992S7L._SY300_.jpg", "price": 115.26, "numReviews": 15, "groups": [30], "averageRating": 4.066666666666666, "brand": "APC"}, {"asin": "B0000X5XVS", "name": "Battery-Biz Inc. 12 Volt 7.5 Ah SLA UPS battery (Discontinued by Manufacturer)", "imUrl": "http://ecx.images-amazon.com/images/I/413FB0XA2TL._SX300_.jpg", "price": 52.99, "numReviews": 3, "groups": [31], "averageRating": 2.6666666666666665, "brand": "Battery-Biz"}, {"asin": "B00CHJDF2C", "name": "Belkin F6C127-BAT-ATT UPS Replacement Battery", "imUrl": "http://ecx.images-amazon.com/images/I/319WaXEOAIL._SX300_.jpg", "price": 16.23, "numReviews": 1, "groups": [32], "averageRating": 4.0}, {"asin": "B001P2FS36", "name": "APC BACK-UPS ES 750VA Desktop UPS", "imUrl": "http://ecx.images-amazon.com/images/I/41EQhjj7BQL._SY300_.jpg", "price": 125.99, "numReviews": 6, "groups": [33], "averageRating": 3.6666666666666665, "brand": "APC"}, {"asin": "B0074AHC3C", "name": "APC Back-UPS RS 1000 BR1000 Replacement Battery Set - Non OEM", "imUrl": "http://ecx.images-amazon.com/images/I/41U4kjPO3FL._SY300_.jpg", "price": 31.85, "numReviews": 1, "groups": [34], "averageRating": 5.0}, {"asin": "B007XIUPCU", "name": "UB1290 12V 9Ah APC UPS Computer Back Up Power Battery - 2 Pack", "imUrl": "http://ecx.images-amazon.com/images/I/41Q16zNrJdL._SX300_.jpg", "price": 38.26, "numReviews": 113, "groups": [15], "averageRating": 4.530973451327434}, {"asin": "B0002QYNJQ", "name": "UPS 1000VA AVR Backup System ULT31502 (Discontinued by Manufacturer)", "imUrl": "http://ecx.images-amazon.com/images/I/414YbJkqgdL._SY300_.jpg", "price": 99.95, "numReviews": 14, "groups": [35], "averageRating": 3.4285714285714284}, {"asin": "B00006HVLP", "name": "Cyberpower CPS1500AVR - 1500VA/950W AVR 6-Outlet RJ11/RJ45 2U Rack/Tower EMI/RFI USB/Serial", "imUrl": "http://ecx.images-amazon.com/images/I/316Nm2pda4L._SX300_.jpg", "price": 299.99, "numReviews": 24, "groups": [36], "averageRating": 4.5, "brand": "Cyberpower"}, {"asin": "B0006ZXLZA", "name": "APC Smart-UPS SC 420VA - UPS - 420 VA - UPS battery - lead acid ( SC420I )", "imUrl": "http://ecx.images-amazon.com/images/I/21yJ0pkFzGL.jpg", "price": 147.47, "numReviews": 4, "groups": [37], "averageRating": 2.0, "brand": "APC"}, {"asin": "B004ED98L6", "name": "Apc Be650g Back-Ups Es 8-Outlet 650Va (Surge Protectors/Iups / Ups Systems)", "imUrl": "http://ecx.images-amazon.com/images/I/41t-nAbjQpL._SY300_.jpg", "price": 89.91, "numReviews": 1, "groups": [38], "averageRating": 5.0}, {"asin": "B00DW2J7SY", "name": "APC BG500 APC Back-UPS Pro 500", "imUrl": "http://ecx.images-amazon.com/images/I/311f0KmYPKL._SY300_.jpg", "price": 304.92, "numReviews": 9, "groups": [39], "averageRating": 4.666666666666667, "brand": "APC"}, {"asin": "B00A82KECE", "name": "APC RBC110 12V 7Ah UPS Battery Kits - This is an AJC Brand\u2122 Replacement", "imUrl": "http://ecx.images-amazon.com/images/I/41E2yb7pKqL._SX300_.jpg", "price": 13.71, "numReviews": 1, "groups": [40], "averageRating": 5.0}, {"asin": "B00000J506", "name": "APC BP500UC 7-Outlet Back-UPS Pro 500 Uninterruptable Power Supply (315 Watts) (Discontinued by Manufacturer)", "imUrl": "http://ecx.images-amazon.com/images/I/71QVJ62Y7KL._SX300_.gif", "price": 35.52, "numReviews": 7, "groups": [41], "averageRating": 4.0}, {"asin": "B009ACPBXK", "name": "CyberPower RB1280X2A 12V 8AH UPS Replacement Battery Cartridge", "imUrl": "http://ecx.images-amazon.com/images/I/41ZYdZsjX3L._SY300_.jpg", "price": 78.48, "numReviews": 1, "groups": [42], "averageRating": 5.0, "brand": "CyberPower"}, {"asin": "B00A82HY0Y", "name": "GS Portalac PXL12090 12V 9Ah Emergency Light Battery - This is an AJC Brand\u2122 Replacement", "imUrl": "http://ecx.images-amazon.com/images/I/41o9eJDPbHL._SX300_.jpg", "price": 17.06, "numReviews": 1, "groups": [43], "averageRating": 4.0}, {"asin": "B00429N192", "name": "CyberPower CP1000PFCLCD PFC Sinewave UPS 1000VA 600W PFC Compatible Mini-Tower", "imUrl": "http://ecx.images-amazon.com/images/I/41lq%2BDF1BpL._SY300_.jpg", "price": 142.0, "numReviews": 860, "groups": [44], "averageRating": 4.46860465116279, "brand": "CyberPower"}, {"asin": "B009ACPC7K", "name": "CyberPower RB1290 12V 9AH UPS Replacement Battery Cartridge", "imUrl": "http://ecx.images-amazon.com/images/I/51v-ZF-V6CL._SY300_.jpg", "price": 37.88, "numReviews": 2, "groups": [45], "averageRating": 3.0, "brand": "CyberPower"}, {"asin": "B000086A26", "name": "APC Smart-UPS 1500VA USB and Serial 2U Rackmount UPS System with ATX 1500 Power Supply SUA1500RM2U (Discontinued by Manufacturer)", "imUrl": "http://ecx.images-amazon.com/images/I/31G9D5RCN2L._SX300_.jpg", "price": 542.99, "numReviews": 4, "groups": [46], "averageRating": 3.75, "brand": "APC"}, {"asin": "B006LO8SUS", "name": "RBC5 UPS Complete Replacement Battery Kit for APC SU450 SU700 700", "imUrl": "http://ecx.images-amazon.com/images/I/416zxPW40FL._SY300_.jpg", "price": 32.91, "numReviews": 5, "groups": [47], "averageRating": 4.2}, {"asin": "B00CIC3OPQ", "name": "ML7-12 - 12V 7.2AH Cyberpower B-613 SLA1075 Replacement Battery", "imUrl": "http://ecx.images-amazon.com/images/I/51Y3iIwwSOL._SX300_.jpg", "price": 17.99, "numReviews": 3, "groups": [48], "averageRating": 4.333333333333333}, {"asin": "B00018XOJA", "name": "Cyberpower PR1500SWRM2U UPS - 1500VA/1000W PureSine AVR Boost/Buck 6-Outlet RJ45 2U Rack/Tower USB/2xSerial", "imUrl": "http://ecx.images-amazon.com/images/I/31VhU5%2Blw5L._SX300_.jpg", "price": 459.98, "numReviews": 2, "groups": [49], "averageRating": 4.0}, {"asin": "B000A1KCJ8", "name": "Tripp Lite SMART750SLT 750VA 500W UPS Smart Tower AVR 100/110/120V USB DB9 SNMP RJ45, 8 Outlets", "imUrl": "http://ecx.images-amazon.com/images/I/413-Kn5m-pL._SY300_.jpg", "price": 288.98, "numReviews": 1, "groups": [50], "averageRating": 5.0, "brand": "Tripp Lite"}, {"asin": "B000EFF67I", "name": "Tripp Lite AVRX550U 550VA 300W UPS International Battery Back Up AVR 230V RJ11 C13", "imUrl": "http://ecx.images-amazon.com/images/I/410qXNSoGBL._SY300_.jpg", "price": 100.0, "numReviews": 1, "groups": [51], "averageRating": 5.0, "brand": "Tripp Lite"}, {"asin": "B001C1VJE2", "name": "CyberPower Replacement CPS1500AVR UPS battery [Electronics]", "imUrl": "http://ecx.images-amazon.com/images/I/31BNK4hFYrL.jpg", "price": 19.1, "numReviews": 1, "groups": [52], "averageRating": 4.0, "brand": "CyberPower"}, {"asin": "B004SBC2S0", "name": "Tripp Lite BC600SINE 600VA 375W UPS Battery Back Up Pure Sine Wave PFC Tower 120V USB, 6 Outlets", "imUrl": "http://ecx.images-amazon.com/images/I/31lXUj0QdlL._SY300_.jpg", "price": 137.13, "numReviews": 10, "groups": [53], "averageRating": 4.0, "brand": "Tripp Lite"}, {"asin": "B0017Z5J08", "name": "APC SMART-UPS BACK-UPS 620 650 SU620NET RBC 4 RBC4 Replacement Battery Cartridge", "imUrl": "http://ecx.images-amazon.com/images/I/41W4uw6G-XL._SY300_.jpg", "price": 39.97, "numReviews": 11, "groups": [54], "averageRating": 3.727272727272727, "brand": "APC"}, {"asin": "B0001B7CUO", "name": "Tripp Lite SMART750USB 750VA 450W UPS Battery Back Up Tower AVR 120V USB RJ45, 6 Outlets", "imUrl": "http://ecx.images-amazon.com/images/I/51poJ7sATVL._SY300_.jpg", "price": 109.71, "numReviews": 9, "groups": [55], "averageRating": 4.666666666666667, "brand": "Tripp Lite"}, {"asin": "B000BH3DB0", "name": "APC 900VA 120V Backup-UPS XS900 (BX900)", "imUrl": "http://ecx.images-amazon.com/images/I/415D076P61L._SY300_.jpg", "price": 299.99, "numReviews": 9, "groups": [56], "averageRating": 2.0}, {"asin": "B007ZBMQG8", "name": "APC Back-UPS CS 350VA - 73090", "imUrl": "http://ecx.images-amazon.com/images/I/41D2x5l-c0L._SY300_.jpg", "price": 88.98, "numReviews": 1, "groups": [57], "averageRating": 4.0, "brand": "APC"}, {"asin": "B009TZTGWK", "name": "Tripp Lite SMART1500LCDT 1500VA 900W UPS Smart LCD Battery Back Up Tower AVR 120V USB Coax RJ45", "imUrl": "http://ecx.images-amazon.com/images/I/41ek-mR2CwL._SY300_.jpg", "price": 182.85, "numReviews": 135, "groups": [58], "averageRating": 4.488888888888889, "brand": "Tripp Lite"}, {"asin": "B001NITMT8", "name": "APC SMART-UPS RBC 109 RBC109 EQUIVALENT REPLACEMENT BATTERY MUST REUSE EXISTING CONNECTORS (Rhino Battery Shipped)", "imUrl": "http://ecx.images-amazon.com/images/I/41jSWetGj7L._SY300_.jpg", "price": 30.5, "numReviews": 13, "groups": [59], "averageRating": 3.6153846153846154}, {"asin": "B0089LR7ZS", "name": "Replacement Battery for APC BACK-UPS ES BE550R", "imUrl": "http://ecx.images-amazon.com/images/I/414olsLPSAL._SY300_.jpg", "price": 19.1, "numReviews": 50, "groups": [60], "averageRating": 4.06, "brand": "APC"}, {"asin": "B0096R5U12", "name": "RBC35 Replacement Battery Cartridge for APC Back-UPS ES BE350T / BE350U", "imUrl": "http://ecx.images-amazon.com/images/I/41DGre-vNeL._SY300_.jpg", "price": 18.9, "numReviews": 7, "groups": [61], "averageRating": 4.857142857142857}, {"asin": "B0000A3SGH", "name": "APC Back-UPS XS1500VA Battery Backup (Discontinued by Manufacturer)", "imUrl": "http://ecx.images-amazon.com/images/I/314GAZ8RATL._SY300_.jpg", "price": 179.99, "numReviews": 18, "groups": [62], "averageRating": 3.611111111111111}, {"asin": "B0002935BA", "name": "Tripp Lite OMNIVS1500XL 1500VA 940W UPS Battery Back Up Tower AVR 120V RJ11 RJ45, 8 Outlets", "imUrl": "http://ecx.images-amazon.com/images/I/41-W2%2B5jhFL._SY300_.jpg", "price": 168.3, "numReviews": 6, "groups": [63], "averageRating": 3.8333333333333335, "brand": "Tripp Lite"}, {"asin": "B00A82IEMG", "name": "Geek Squad GS-1500U 12V 9Ah UPS Battery - This is an AJC Brand\u2122 Replacement", "imUrl": "http://ecx.images-amazon.com/images/I/41o9eJDPbHL._SX300_.jpg", "price": 17.06, "numReviews": 1, "groups": [64], "averageRating": 5.0}, {"asin": "B004F0BCW6", "name": "APC Smart-UPS RM SMT1000RM2U 700W/1000VA 120V 2U Rackmount LCD UPS System", "imUrl": "http://ecx.images-amazon.com/images/I/31Mu4eqYehL._SY300_.jpg", "price": 461.98, "numReviews": 36, "groups": [65], "averageRating": 4.416666666666667, "brand": "APC"}, {"asin": "B006YL6J9K", "name": "APC Replacement Back UPS XS 900 900VA BX900R Battery - Non OEM", "imUrl": "http://ecx.images-amazon.com/images/I/41hx5vepzwL._SX300_.jpg", "price": 48.75, "numReviews": 3, "groups": [66], "averageRating": 2.3333333333333335}, {"asin": "B0078LMQ9C", "name": "APC BACK-UPS ES BE500U Replacement UPS Battery", "imUrl": "http://ecx.images-amazon.com/images/I/41wjbuvQPbL._SY300_.jpg", "price": 18.75, "numReviews": 26, "groups": [67], "averageRating": 4.538461538461538}, {"asin": "B008MZWJW2", "name": "APC BACK-UPS BE750G 750VA 12V 8Ah REPLACEMENT BATTERY", "imUrl": "http://ecx.images-amazon.com/images/I/414olsLPSAL._SY300_.jpg", "price": 29.24, "numReviews": 2, "groups": [68], "averageRating": 5.0}, {"asin": "B00006B835", "name": "Tripp Lite SNMPWEBCARD UPS Remote Monitoring and control via SNMP, Web, or Telnet", "imUrl": "http://ecx.images-amazon.com/images/I/41W8G9RYVRL._SY300_.jpg", "price": 193.81, "numReviews": 4, "groups": [69], "averageRating": 4.0, "brand": "Tripp Lite"}, {"asin": "B001C20ND4", "name": "APC BK350 UPS - New Factory Sealed", "imUrl": "http://ecx.images-amazon.com/images/I/31BNK4hFYrL.jpg", "price": 43.99, "numReviews": 16, "groups": [70], "averageRating": 4.875, "brand": "APC"}, {"asin": "B001C1VJBA", "name": "Replacement Battery for CyberPower CPS1250AVR", "imUrl": "http://ecx.images-amazon.com/images/I/31Z1DJdCNeL.jpg", "price": 29.24, "numReviews": 1, "groups": [71], "averageRating": 5.0}, {"asin": "B000HVRQL8", "name": "Tripp Lite SU750XL 750VA 600W UPS Smart Online Tower 100V/110V/120V USB DB9 SNMP RT, 6 Outlets", "imUrl": "http://ecx.images-amazon.com/images/I/41r7mUbNNXL._SY300_.jpg", "price": 445.41, "numReviews": 9, "groups": [72], "averageRating": 4.111111111111111, "brand": "Tripp Lite"}, {"asin": "B0044YC6DM", "name": "PowerStar\u00ae APC BACK-UPS XS 1300VA BX1300LCD REPLACEMENT BATTERY (2) 12V 9.0ah Batteries", "imUrl": "http://ecx.images-amazon.com/images/I/41ZDJrasqVL._SX300_.jpg", "price": 47.54, "numReviews": 4, "groups": [73], "averageRating": 5.0}, {"asin": "B0000X5YCG", "name": "Battery-Biz Inc. 12 Volt 3 Ah SLA UPS Battery (Discontinued by Manufacturer)", "imUrl": "http://ecx.images-amazon.com/images/I/41PVGY0ENKL._SX300_.jpg", "price": 16.1, "numReviews": 23, "groups": [74], "averageRating": 4.217391304347826, "brand": "Battery-Biz"}, {"asin": "B000V054DM", "name": "Tripp Lite SU2200XLA 2200VA 1600W UPS Smart Online Tower 110V / 120V USB DB9 SNMP RT, 7 Outlets", "imUrl": "http://ecx.images-amazon.com/images/I/41qY8pVD2-L._SY300_.jpg", "price": 808.49, "numReviews": 1, "groups": [75], "averageRating": 5.0, "brand": "Tripp Lite"}, {"asin": "B007ZHAYL6", "name": "Genuine FiOS Replacement Battery by GS Battery - GT12080-HG - Premium Replacement for PX12072", "imUrl": "http://ecx.images-amazon.com/images/I/51xEL1uN15L._SY300_.jpg", "price": 26.75, "numReviews": 302, "groups": [76], "averageRating": 4.572847682119205}, {"asin": "B001C1WKUY", "name": "APC Replacement BK500MC UPS battery [Electronics]", "imUrl": "http://ecx.images-amazon.com/images/I/31BNK4hFYrL.jpg", "price": 29.24, "numReviews": 3, "groups": [77], "averageRating": 4.666666666666667}, {"asin": "B0006OIT30", "name": "APC RBC35 Replacement Battery Cartridge 35", "imUrl": "http://ecx.images-amazon.com/images/I/41Fc3C2ADtL._SY300_.jpg", "price": 26.49, "numReviews": 62, "groups": [78], "averageRating": 3.806451612903226, "brand": "APC"}, {"asin": "B001C1UEBQ", "name": "APC Replacement SC620 UPS battery", "imUrl": "http://ecx.images-amazon.com/images/I/31S6l2K0nwL.jpg", "price": 31.0, "numReviews": 1, "groups": [54], "averageRating": 5.0}, {"asin": "B006LO8R54", "name": "RBC5 UPS Complete Replacement Battery Kit for American Power Conversion #5", "imUrl": "http://ecx.images-amazon.com/images/I/416zxPW40FL._SY300_.jpg", "price": 32.91, "numReviews": 4, "groups": [47], "averageRating": 5.0}, {"asin": "B00ARAMOM0", "name": "BP3.6-12 12 Volt 3.5 AmpH SLA Replacement Battery with F1 Terminal", "imUrl": "http://ecx.images-amazon.com/images/I/41gK4F-VG2L._SX300_.jpg", "price": 12.7, "numReviews": 6, "groups": [79], "averageRating": 4.666666666666667}, {"asin": "B007GCEAXS", "name": "BATTERY APC ES,BE350G,BE350T,BE350U,RBC35,12V,3.4AH,EA", "imUrl": "http://ecx.images-amazon.com/images/I/41sh-glv5kL._SX300_.jpg", "price": 16.75, "numReviews": 1, "groups": [80], "averageRating": 5.0}, {"asin": "B000086A1I", "name": "APC SUA1000RM2U Smart-UPS 1000VA 120V USB/Serial 2U Rackmount UPS System (Discontinued by Manufacturer)", "imUrl": "http://ecx.images-amazon.com/images/I/113AeqGyQIL.jpg", "price": 507.81, "numReviews": 1, "groups": [81], "averageRating": 5.0}, {"asin": "B0088QEMSE", "name": "Replacement Backup Battery for APC RBC7, BP1400, SU1000XL, SU1000XLNET, SU1250, SU1250RM, SU1400, SU1400VS, SU1400NET, SU700XL, DLA1500", "imUrl": "http://ecx.images-amazon.com/images/I/41WRJQi5DAL._SY300_.jpg", "price": 94.0, "numReviews": 8, "groups": [27], "averageRating": 5.0}, {"asin": "B008L2VUKI", "name": "TRIPP LITE SU1500RTXLCD2U 1500VA 1350W UPS Smart Online LCD Rackmount", "imUrl": "http://ecx.images-amazon.com/images/I/31lYYzQFIgL._SX300_.jpg", "price": 809.58, "numReviews": 1, "groups": [82], "averageRating": 5.0}, {"asin": "B000NDQ38W", "name": "Replacement Battery #59", "imUrl": "http://ecx.images-amazon.com/images/I/31LBrOgqqEL.jpg", "price": 139.15, "numReviews": 8, "groups": [83], "averageRating": 4.625}, {"asin": "B001C1WFF4", "name": "APC Replacement SC420 UPS battery [Electronics]", "imUrl": "http://ecx.images-amazon.com/images/I/31BNK4hFYrL.jpg", "price": 29.25, "numReviews": 3, "groups": [84], "averageRating": 5.0}, {"asin": "B004K6MCL0", "name": "Opti-UPS TS2250B 2000VA 1200W UPS with AVR 5 Backup Outlets (Black)", "imUrl": "http://ecx.images-amazon.com/images/I/41peh%2BQT1xL._SX300_.jpg", "price": 159.99, "numReviews": 9, "groups": [85], "averageRating": 3.888888888888889}, {"asin": "B0006N3FEY", "name": "Belkin Dual Form-Factor Battery Backup (1000VA) (Discontinued by Manufacturer)", "imUrl": "http://ecx.images-amazon.com/images/I/41b2YT5D1sL._SY300_.jpg", "price": 99.95, "numReviews": 3, "groups": [86], "averageRating": 5.0}, {"asin": "B00A82KUJG", "name": "APC Back-UPS ES BE725BB 12V 8Ah UPS Battery - AJC Brand\u2122 Replacement", "imUrl": "http://ecx.images-amazon.com/images/I/41RiDBJRYAL._SX300_.jpg", "price": 16.01, "numReviews": 1, "groups": [87], "averageRating": 1.0}, {"asin": "B0078LACC0", "name": "APC RBC 33 Replacement UPS Batteries - Set of 2", "imUrl": "http://ecx.images-amazon.com/images/I/41mrI1t1I4L._SX300_.jpg", "price": 29.9, "numReviews": 4, "groups": [88], "averageRating": 5.0}, {"asin": "B00006BBIK", "name": "APC BK350EI Back-UPS CS 350 (230 Volts Only)", "imUrl": "http://ecx.images-amazon.com/images/I/41E81WKSF1L._SY300_.jpg", "price": 101.15, "numReviews": 5, "groups": [89], "averageRating": 4.0, "brand": "APC"}, {"asin": "B00170ZTRQ", "name": "Tripp Lite BP24V15RT2U 24VDC UPS External Battery Pack for Select Tripp Lite UPS 2URM", "imUrl": "http://ecx.images-amazon.com/images/I/310Dl8RBMjL._SY300_.jpg", "price": 185.1, "numReviews": 3, "groups": [90], "averageRating": 3.6666666666666665, "brand": "Tripp Lite"}, {"asin": "B004ZMESXE", "name": "Tripp Lite ECO850LCD 850VA 425W UPS Eco Green Battery Back Up LCD 120V USB RJ11 PC, 12 Outlets", "imUrl": "http://ecx.images-amazon.com/images/I/41qfCtNcsQL._SX300_.jpg", "price": 67.45, "numReviews": 51, "groups": [91], "averageRating": 4.666666666666667, "brand": "Tripp Lite"}, {"asin": "B0000936B6", "name": "APC BACK-UPS RS BR1500 1500VA/865W UPS System (Discontinued by Manufacturer)", "imUrl": "http://ecx.images-amazon.com/images/I/31XADzxL8zL._SY300_.jpg", "price": 368.88, "numReviews": 22, "groups": [92], "averageRating": 3.8636363636363638}, {"asin": "B003LNIEIS", "name": "Battery for PX12072 [NON-OEM] Replacement", "imUrl": "http://ecx.images-amazon.com/images/I/41wjbuvQPbL._SY300_.jpg", "price": 17.49, "numReviews": 232, "groups": [76], "averageRating": 3.771551724137931}, {"asin": "B0058O0K8A", "name": "Tripp Lite Omni 1000 LCD Replacement UPS Battery", "imUrl": "http://ecx.images-amazon.com/images/I/414olsLPSAL._SY300_.jpg", "price": 18.99, "numReviews": 13, "groups": [93], "averageRating": 3.923076923076923}, {"asin": "B00006JHUS", "name": "Tripp Lite SMART550USB 550VA 300W UPS Battery Back Up Tower AVR 120V USB RJ11, 6  Outlets", "imUrl": "http://ecx.images-amazon.com/images/I/41pkXOd2WYL._SY300_.jpg", "price": 102.09, "numReviews": 3, "groups": [94], "averageRating": 3.0, "brand": "Tripp Lite"}, {"asin": "B0007SS6R4", "name": "APC Replacement SUA1000 UPS battery", "imUrl": "http://ecx.images-amazon.com/images/I/31yWV05ipSL.jpg", "price": 55.88, "numReviews": 3, "groups": [95], "averageRating": 5.0}, {"asin": "B0041MP81Y", "name": "Back-ups Pro 1500VA 230V Power Saving", "imUrl": "http://ecx.images-amazon.com/images/I/41crY8ltTpL._SY300_.jpg", "price": 447.55, "numReviews": 1, "groups": [96], "averageRating": 5.0}, {"asin": "B00CHJE9T0", "name": "APC BE750G UPS Replacement Battery", "imUrl": "http://ecx.images-amazon.com/images/I/31PFPjljh8L._SX300_.jpg", "price": 18.4, "numReviews": 2, "groups": [97], "averageRating": 5.0}, {"asin": "B000AAZRWQ", "name": "APC Smart-UPS SC SC1500 1500VA 2U Rackmount/Tower UPS System (Discontinued by Manufacturer)", "imUrl": "http://ecx.images-amazon.com/images/I/113JyOhDAmL.jpg", "price": 119.99, "numReviews": 8, "groups": [98], "averageRating": 4.125}, {"asin": "B000F4V3TI", "name": "Tripp Lite HT1000UPS 1000VA USWith LCD (Discontinued by Manufacturer)", "imUrl": "http://ecx.images-amazon.com/images/I/41wEj7otFNL._SY300_.jpg", "price": 220.56, "numReviews": 7, "groups": [99], "averageRating": 4.714285714285714}, {"asin": "B0041FOTKC", "name": "APC BK350 - Back-UPS CS Battery Backup System Six-Outlet 350 Volt-Amps", "imUrl": "http://ecx.images-amazon.com/images/I/41z9nhNg8yL._SY300_.jpg", "price": 78.9, "numReviews": 2, "groups": [100], "averageRating": 5.0, "brand": "APC"}, {"asin": "B00A82FCEY", "name": "BB BP8-12-T2, BP8-12T2 12V 8Ah UPS Battery - This is an AJC Brand\u2122 Replacement", "imUrl": "http://ecx.images-amazon.com/images/I/41RiDBJRYAL._SX300_.jpg", "price": 16.01, "numReviews": 1, "groups": [101], "averageRating": 4.0}, {"asin": "B00CHJFPM0", "name": "Belkin F6C1500ei-TW-RK UPS Replacement Batteries - Set of 2", "imUrl": "http://ecx.images-amazon.com/images/I/31PRhzSVukL._SX300_.jpg", "price": 27.6, "numReviews": 1, "groups": [102], "averageRating": 4.0}, {"asin": "B000GC98H8", "name": "Ultra ULT33046 2000 VA 1200 W Backup UPS with AVR (Discontinued by Manufacturer)", "imUrl": "http://ecx.images-amazon.com/images/I/41gjYoBewCL._SY300_.jpg", "price": 157.99, "numReviews": 52, "groups": [103], "averageRating": 2.9038461538461537}, {"asin": "B007WACB3U", "name": "Belkin F6C127-BAT-ATT 12V 7.5Ah UPS Battery : Replacement", "imUrl": "http://ecx.images-amazon.com/images/I/41LMnwvurPL._SX300_.jpg", "price": 13.71, "numReviews": 10, "groups": [104], "averageRating": 3.7}, {"asin": "B00006BBK7", "name": "APC SUA750XL 750VA Extended Run 120V Line-int 8-Out USB Smart-UPS (Black) (Discontinued by Manufacturer)", "imUrl": "http://ecx.images-amazon.com/images/I/5133K9XRQ5L._SY300_.jpg", "price": 159.0, "numReviews": 7, "groups": [105], "averageRating": 4.428571428571429}, {"asin": "B0007NDBZG", "name": "OPTI-UPS ES1000C Enhanced Series 8-Outlet Line Interactive Uninterruptible Power Supply (700W, 1000VA)", "imUrl": "http://ecx.images-amazon.com/images/I/41eVjvQGZWL._SX300_.jpg", "price": 134.95, "numReviews": 3, "groups": [106], "averageRating": 4.333333333333333}, {"asin": "B00067WR30", "name": "APC BH500NET HS 500VA 120V Standby 4OUT Nema 5-15P Back UPS", "imUrl": "http://ecx.images-amazon.com/images/I/31XXJfJzs6L._SY300_.jpg", "price": 125.48, "numReviews": 14, "groups": [107], "averageRating": 3.2857142857142856, "brand": "APC"}, {"asin": "B000J3L2UU", "name": "Eaton 5110 UPS (1500 VA / 900 W battery) (Discontinued by Manufacturer)", "imUrl": "http://ecx.images-amazon.com/images/I/41eH73RrzUL._SY300_.jpg", "price": 179.99, "numReviews": 5, "groups": [108], "averageRating": 3.4}, {"asin": "B005H3BNTC", "name": "Replacement Batteries for APC SMART-UPS 1500 1400 SUA1500 SUA750XL SUA1000XL SU1400NET SU1000XLNET RBC7", "imUrl": "http://ecx.images-amazon.com/images/I/41fjcYZNLNL._SX300_.jpg", "price": 99.99, "numReviews": 2, "groups": [109], "averageRating": 4.5}, {"asin": "B002NV5WB6", "name": "Monoprice 104153 Rack-Mountable UPS Battery Backup", "imUrl": "http://ecx.images-amazon.com/images/I/41zLANCi4mL._SX300_.jpg", "price": 265.95, "numReviews": 3, "groups": [110], "averageRating": 3.0, "brand": "Monoprice"}, {"asin": "B00G5EJGN2", "name": "Tripplite OMNI1000LCD 12V 9Ah UPS Battery - This is an AJC Brand\u2122 Replacement", "imUrl": "http://ecx.images-amazon.com/images/I/41o9eJDPbHL._SX300_.jpg", "price": 17.06, "numReviews": 1, "groups": [111], "averageRating": 5.0}, {"asin": "B00A82LDH4", "name": "Replacement Battery for CyberPower 800AVR 12V 7.5Ah", "imUrl": "http://ecx.images-amazon.com/images/I/41LMnwvurPL._SX300_.jpg", "price": 13.71, "numReviews": 1, "groups": [112], "averageRating": 3.0}, {"asin": "B00AMOOXIE", "name": "B&B BP3-12 (5.28 x 2.64 x 2.60) 12V 3.4Ah UPS Battery - This is an AJC Brand\u2122 Replacement", "imUrl": "http://ecx.images-amazon.com/images/I/418euQqg45L._SX300_.jpg", "price": 11.97, "numReviews": 7, "groups": [74], "averageRating": 4.142857142857143}, {"asin": "B0000DIEPZ", "name": "Tripp Lite SMART2200VS 2200VA 1600W UPS Smart Tower AVR 120V USB DB9 SNMP for Servers, 9 Outlets", "imUrl": "http://ecx.images-amazon.com/images/I/417CbXnErmL._SY300_.jpg", "price": 612.27, "numReviews": 3, "groups": [113], "averageRating": 3.3333333333333335, "brand": "Tripp Lite"}, {"asin": "B009HCIOJG", "name": "APC BE500U SLA Sealed Lead Acid Battery from Batteries", "imUrl": "http://ecx.images-amazon.com/images/I/31BNK4hFYrL.jpg", "price": 18.75, "numReviews": 1, "groups": [114], "averageRating": 5.0}, {"asin": "B0050OE1K6", "name": "APC AMERICAN POWER CONVERSION BR700G BACK UPS RS LCD 700 MASTER CONTROL", "imUrl": "http://ecx.images-amazon.com/images/I/41nCS5d%2BG-L._SY300_.jpg", "price": 146.3, "numReviews": 1, "groups": [115], "averageRating": 5.0, "brand": "APC"}, {"asin": "B007LM6GBW", "name": "Hi Capacity APC Back-UPS XS 1300VA LCD 120V Replacement Batteries", "imUrl": "http://ecx.images-amazon.com/images/I/31XS73JoA0L.jpg", "price": 48.75, "numReviews": 1, "groups": [116], "averageRating": 1.0}, {"asin": "B0006HDFYK", "name": "APC Back-UPS RS, 540 Watts / 800 VA,Input 120V / Output 120V UPS System (Black) (Discontinued by Manufacturer)", "imUrl": "http://ecx.images-amazon.com/images/I/41Y5QvZq0FL._SY300_.jpg", "price": 68.99, "numReviews": 27, "groups": [117], "averageRating": 3.925925925925926}, {"asin": "B004IZN3UC", "name": "Tripp Lite OMNI1500LCD 1500VA 825W UPS Battery Back Up Rackmount LCD RJ45 120V 2URM, 8 Outlets (Discontinued by Manufacturer)", "imUrl": "http://ecx.images-amazon.com/images/I/31NqV9BjHOL._SY300_.jpg", "price": 186.37, "numReviews": 5, "groups": [118], "averageRating": 3.4}, {"asin": "B0000EZQ4G", "name": "Tripp Lite OMNIVS1000 1000VA 500W UPS Battery Back Up Tower AVR 120V USB RJ45, 8 Outlets", "imUrl": "http://ecx.images-amazon.com/images/I/51fGbhHs8xL._SY300_.jpg", "price": 133.39, "numReviews": 13, "groups": [119], "averageRating": 4.615384615384615, "brand": "Tripp Lite"}, {"asin": "B0006HJB1G", "name": "APC Smart-UPS SC620 4-Outlet 620VA 390W UPS System", "imUrl": "http://ecx.images-amazon.com/images/I/41MO0bOQBRL._SX300_.jpg", "price": 182.36, "numReviews": 9, "groups": [120], "averageRating": 4.666666666666667, "brand": "APC"}, {"asin": "B003OJAHW0", "name": "CyberPower OR2200PFCRT2U PFC Sinewave UPS 2000VA 1320W PFC Compatible Rack/Tower", "imUrl": "http://ecx.images-amazon.com/images/I/411TVvrGVnL._SY300_.jpg", "price": 399.0, "numReviews": 5, "groups": [9], "averageRating": 5.0, "brand": "CyberPower"}, {"asin": "B0000513DK", "name": "Tripp Lite OMNISMART500 Omni Smart 500VA Line-Interactive UPS (6 Outlets) (Discontinued by Manufacturer)", "imUrl": "http://ecx.images-amazon.com/images/I/41x68VSgEKL._SY300_.jpg", "price": 168.07, "numReviews": 2, "groups": [121], "averageRating": 4.0, "brand": "Tripp Lite"}, {"asin": "B00006B81Y", "name": "Tripp Lite SU2200RTXL2UA 2200VA 1600W UPS Smart Online Rackmount 110V/120V USB DB9 2URM, 7 Outlets", "imUrl": "http://ecx.images-amazon.com/images/I/314TgUGRuwL._SX300_.jpg", "price": 963.83, "numReviews": 3, "groups": [122], "averageRating": 4.0, "brand": "Tripp Lite"}, {"asin": "B00064NVBK", "name": "APC BE750BB ES 750VA 10OUT Back-UPS (Discontinued by Manufacturer)", "imUrl": "http://ecx.images-amazon.com/images/I/41YuXAZQ2rL._SY300_.jpg", "price": 87.99, "numReviews": 39, "groups": [123], "averageRating": 4.410256410256411}, {"asin": "B00094OX32", "name": "Replacement Battery Cartridge for Back-ups Rs/xs/ht 1500VA part #RBC33", "imUrl": "http://ecx.images-amazon.com/images/I/31pbQa4EOAL.jpg", "price": 62.0, "numReviews": 94, "groups": [124], "averageRating": 4.223404255319149}, {"asin": "B001DETS6Y", "name": "Tripp Lite SMART2200CRMXL 2200VA 1900W UPS Smart Rackmount AVR 120V USB DB9 4U for Telecom, 8 Outlets", "imUrl": "http://ecx.images-amazon.com/images/I/41c5KWmTpLL._SX300_.jpg", "price": 998.05, "numReviews": 2, "groups": [125], "averageRating": 3.5, "brand": "Tripp Lite"}, {"asin": "B00006B81W", "name": "Tripp Lite SNMPCARD Internal SNMP Card for Remote UPS Management", "imUrl": "http://ecx.images-amazon.com/images/I/41E85X1N3KL._SX300_.jpg", "price": 218.65, "numReviews": 1, "groups": [126], "averageRating": 1.0, "brand": "Tripp Lite"}, {"asin": "B00A82KFXC", "name": "Ativa AT-BU1200 12V 9Ah UPS Battery - This is an AJC Brand\u2122 Replacement", "imUrl": "http://ecx.images-amazon.com/images/I/41o9eJDPbHL._SX300_.jpg", "price": 17.06, "numReviews": 2, "groups": [127], "averageRating": 5.0}, {"asin": "B0000512KM", "name": "Tripp Lite BCPRO600 600VA 345W UPS Desktop Battery Back Up Tower 120V USB PC / Mac, 6 Outlets", "imUrl": "http://ecx.images-amazon.com/images/I/31ItzBzOy%2BL._SY300_.jpg", "price": 121.72, "numReviews": 2, "groups": [128], "averageRating": 5.0, "brand": "Tripp Lite"}, {"asin": "B000078CVG", "name": "APC SUA750RM1U 4-Outlet Smart Rackmount Uninterruptible Power Supply (750VA, 480W, 120V, 1U)", "imUrl": "http://ecx.images-amazon.com/images/I/21DM021PYXL._SX300_.jpg", "price": 339.0, "numReviews": 1, "groups": [129], "averageRating": 5.0, "brand": "APC"}, {"asin": "B00B9Y9GM4", "name": "Back-UPS NS Network 40 8 Outlet 120V", "imUrl": "http://ecx.images-amazon.com/images/I/4134tDk7YLL._SY300_.jpg", "price": 68.22, "numReviews": 5, "groups": [130], "averageRating": 2.4}, {"asin": "B00006HYUB", "name": "APC Back-UPS ES 500 Backup Battery and Surge Protector", "imUrl": "http://ecx.images-amazon.com/images/I/31aCKroQMLL._SY300_.jpg", "price": 148.99, "numReviews": 35, "groups": [131], "averageRating": 3.5714285714285716}, {"asin": "B000ARNUYQ", "name": "Tripp Lite SU1000RTXL2UA 1000VA 800W UPS Smart Online Rackmount 100V-120V USB DB9 2URM, 6 Outlets", "imUrl": "http://ecx.images-amazon.com/images/I/314s1JukIOL._SX300_.jpg", "price": 526.12, "numReviews": 4, "groups": [132], "averageRating": 4.0, "brand": "Tripp Lite"}, {"asin": "B006CU7LJU", "name": "UPS Battery for APC BackUPS RS 1300 LCD 12V, 9.0Amp Lead Acid Battery", "imUrl": "http://ecx.images-amazon.com/images/I/41iacfvd8LL._SX300_.jpg", "price": 55.99, "numReviews": 3, "groups": [133], "averageRating": 5.0}, {"asin": "B0078LNTL6", "name": "Belkin F6C1500-TW-RK Replacement UPS Batteries - Set of 2", "imUrl": "http://ecx.images-amazon.com/images/I/515QH44qPSL._SY300_.jpg", "price": 29.5, "numReviews": 20, "groups": [134], "averageRating": 4.5}, {"asin": "B007GCDNOK", "name": "UPG UB1270 Replacement for GS Portalac PX12072 Battery - UPG UB1270", "imUrl": "http://ecx.images-amazon.com/images/I/41wjbuvQPbL._SY300_.jpg", "price": 17.99, "numReviews": 1, "groups": [135], "averageRating": 1.0, "brand": "UPG"}, {"asin": "B00ICNXESC", "name": "GS Portalac PX12072HG 12V 7.5Ah Emergency Light Battery - VICI Battery BrandTM - Verizon FiOS Replacement Battery", "imUrl": "http://ecx.images-amazon.com/images/I/41y2FlnOADL._SX300_.jpg", "price": 24.95, "numReviews": 13, "groups": [136], "averageRating": 4.615384615384615}, {"asin": "B0096R5SVO", "name": "RBC35 Replacement Battery Cartridge for APC Back-UPS ES BE350 Series", "imUrl": "http://ecx.images-amazon.com/images/I/41DGre-vNeL._SY300_.jpg", "price": 18.9, "numReviews": 2, "groups": [137], "averageRating": 5.0}, {"asin": "B0000DZEZB", "name": "RBC7 Replacement Batterycartridge By American Battery Co", "imUrl": "http://ecx.images-amazon.com/images/I/41m%2BneNfhhL._SY300_.jpg", "price": 111.72, "numReviews": 104, "groups": [28], "averageRating": 4.461538461538462, "brand": "American Battery"}, {"asin": "B00D3R0UMU", "name": "PowerStar\u00ae APC Back UPS XS 900 900VA BX900R Batteries -3yr Warranty", "imUrl": "http://ecx.images-amazon.com/images/I/412PVPVq3lL._SX300_.jpg", "price": 39.6, "numReviews": 1, "groups": [138], "averageRating": 5.0}, {"asin": "B000FBK3QK", "name": "CyberPower CP1500AVRLCD Intelligent LCD UPS 1500VA 900W AVR Mini-Tower", "imUrl": "http://ecx.images-amazon.com/images/I/41wrQsZhufL._SY300_.jpg", "price": 146.95, "numReviews": 1756, "groups": [44], "averageRating": 4.404328018223235, "brand": "CyberPower"}, {"asin": "B000UA96SW", "name": "1500VA Battery Backup with LCD (Discontinued by Manufacturer)", "imUrl": "http://ecx.images-amazon.com/images/I/41-wA4rRJEL._SY300_.jpg", "price": 29.25, "numReviews": 5, "groups": [139], "averageRating": 3.2}, {"asin": "B00CIC2TXY", "name": "APC BACK-UPS ES BE350G Replacement UPS Battery - 12V 3.4ah", "imUrl": "http://ecx.images-amazon.com/images/I/510dnSkZ0dL._SX300_.jpg", "price": 17.99, "numReviews": 1, "groups": [140], "averageRating": 5.0}, {"asin": "B001VNBK9A", "name": "UPS 9Ah Replacement Battery Cartridge", "imUrl": "http://ecx.images-amazon.com/images/I/31dOZfmkE8L._SY300_.jpg", "price": 32.37, "numReviews": 1, "groups": [141], "averageRating": 2.0}, {"asin": "B0007OF0ZY", "name": "CyberPower PP1500SWT4 Smart App Sinewave UPS - 1500VA/1000W AVR 8-Out Tower SNMP/HTTP (Discontinued by Manufacturer)", "imUrl": "http://ecx.images-amazon.com/images/I/4168IiD-KvL._SY300_.jpg", "price": 344.99, "numReviews": 7, "groups": [142], "averageRating": 4.0}, {"asin": "B0002C996W", "name": "APC SUA750I 750VA USB and Serial Smart UPS (Discontinued by Manufacturer)", "imUrl": "http://ecx.images-amazon.com/images/I/21HFElKtTqL.jpg", "price": 271.99, "numReviews": 2, "groups": [143], "averageRating": 3.0}, {"asin": "B0018MV0FI", "name": "APC SMART-UPS 1000 SU1000NET 1000VA 670W 120V COMPUTER BATTERY BACK UP UPS", "imUrl": "http://ecx.images-amazon.com/images/I/41cGFbiK%2B9L._SY300_.jpg", "price": 55.88, "numReviews": 1, "groups": [144], "averageRating": 1.0}, {"asin": "B001LNQWTS", "name": "APC Replacement Battery Cartridge number 109", "imUrl": "http://ecx.images-amazon.com/images/I/416DTURZJmL._SY300_.jpg", "price": 82.98, "numReviews": 54, "groups": [145], "averageRating": 4.055555555555555, "brand": "APC"}, {"asin": "B005EIHDIK", "name": "Eaton 3S US750VA 5-15P (10) 5-15R 5-UP", "imUrl": "http://ecx.images-amazon.com/images/I/41r%2BCLStiNL._SY300_.jpg", "price": 101.4, "numReviews": 3, "groups": [146], "averageRating": 3.6666666666666665, "brand": "Eaton"}, {"asin": "B009DKG61K", "name": "APC Smart-UPS 750XL 12V 18Ah UPS Battery : Replacement", "imUrl": "http://ecx.images-amazon.com/images/I/418lrkyeN5L._SX300_.jpg", "price": 34.03, "numReviews": 2, "groups": [147], "averageRating": 4.0}, {"asin": "B00CHJAW28", "name": "Replacement Battery for CyberPower CP800AVR", "imUrl": "http://ecx.images-amazon.com/images/I/319WaXEOAIL._SX300_.jpg", "price": 16.23, "numReviews": 1, "groups": [148], "averageRating": 5.0}, {"asin": "B000Z80ICM", "name": "APC BE750G Power Saving Battery Back-UPS", "imUrl": "http://ecx.images-amazon.com/images/I/41aeBbMwYvL._SX300_.jpg", "price": 100.68, "numReviews": 1459, "groups": [149], "averageRating": 4.319396847155586, "brand": "APC"}, {"asin": "B0017VLY56", "name": "RBC4 BACK UP REPLACEMENT BATTERY FOR APC [Electronics]", "imUrl": "http://ecx.images-amazon.com/images/I/413SLxr3eZL._SY300_.jpg", "price": 62.64, "numReviews": 6, "groups": [150], "averageRating": 2.6666666666666665}, {"asin": "B00BUQZAK8", "name": "12V 9Ah BATTERY APC XS BX1500LCD RBC109 - 2 Pack", "imUrl": "http://ecx.images-amazon.com/images/I/41Q16zNrJdL._SX300_.jpg", "price": 42.95, "numReviews": 2, "groups": [151], "averageRating": 5.0}, {"asin": "B000RW5GQY", "name": "Tripp Lite SU1500XL 1500VA 1200W UPS Smart Online Tower 100V-120V USB DB9 SNMP RT, 6 Outlets", "imUrl": "http://ecx.images-amazon.com/images/I/41Q22uog9FL._SY300_.jpg", "price": 565.99, "numReviews": 10, "groups": [152], "averageRating": 4.0, "brand": "Tripp Lite"}, {"asin": "B001OQBMLU", "name": "Tripp Lite ECO750UPS 750VA 450W UPS Eco Green Battery Back Up Compact 120V USB RJ11, 12 Outlets", "imUrl": "http://ecx.images-amazon.com/images/I/41xkIu0Lq1L._SX300_.jpg", "price": 83.99, "numReviews": 18, "groups": [153], "averageRating": 3.7222222222222223, "brand": "Tripp Lite"}, {"asin": "B0089LR6OA", "name": "Replacement Battery for APC SMART-UPS SUA750  - Set of 2", "imUrl": "http://ecx.images-amazon.com/images/I/41U4kjPO3FL._SY300_.jpg", "price": 29.5, "numReviews": 16, "groups": [154], "averageRating": 4.25}, {"asin": "B00DGZOBOC", "name": "12V 8Ah UPS Battery Replacement for APC Back-UPS ES BE550G", "imUrl": "http://ecx.images-amazon.com/images/I/51um%2ByI9xsL._SX300_.jpg", "price": 18.49, "numReviews": 2, "groups": [155], "averageRating": 5.0}, {"asin": "B00006L45M", "name": "Tripp Lite SMART1500 1500VA 980W UPS Smart Tower AVR 120V USB DB9 SNMP for Servers, 6 Outlets", "imUrl": "http://ecx.images-amazon.com/images/I/41uLJ%2BrkrCL._SY300_.jpg", "price": 404.86, "numReviews": 3, "groups": [156], "averageRating": 4.0, "brand": "Tripp Lite"}, {"asin": "B000T6LW9S", "name": "Hi-Capacity Equivalent of APC BACKUPS CS350 Battery", "imUrl": "http://ecx.images-amazon.com/images/I/21r4-gwk11L.jpg", "price": 25.5, "numReviews": 3, "groups": [157], "averageRating": 5.0, "brand": "Hi-Capacity"}, {"asin": "B0089LR73K", "name": "APC BACK-UPS XS XS800 (BX800) Replacement UPS Batteries - Set of 2", "imUrl": "http://ecx.images-amazon.com/images/I/515QH44qPSL._SY300_.jpg", "price": 29.98, "numReviews": 13, "groups": [158], "averageRating": 3.6923076923076925}, {"asin": "B00B1GPB4M", "name": "APC BackUPS NS 1250VA LCD 120V BN1250LCD 12V 9Ah UPS Battery", "imUrl": "http://ecx.images-amazon.com/images/I/41SOzWL403L._SX300_.jpg", "price": 29.99, "numReviews": 5, "groups": [159], "averageRating": 3.4}, {"asin": "B0000E6RIE", "name": "RBC5 Replacement Batterycartridge By American Battery Co", "imUrl": "http://ecx.images-amazon.com/images/I/415N8IkVT9L._SY300_.jpg", "price": 55.7, "numReviews": 10, "groups": [160], "averageRating": 3.1, "brand": "American Battery"}, {"asin": "B000ARSV4K", "name": "Tripp Lite SU1500RTXL2UA 1500VA 1200W UPS Smart Online Rackmount 100V-120V USB DB9 2URM, 6 Outlets", "imUrl": "http://ecx.images-amazon.com/images/I/31fnfWZGGjL._SX300_.jpg", "price": 665.43, "numReviews": 3, "groups": [161], "averageRating": 4.666666666666667, "brand": "Tripp Lite"}, {"asin": "B007ZT2KKM", "name": "APC SMC1500 Smart-UPS 900 Watts/1500 VA Input 120V/Output 120-Volt Interface Port USB with Uninterrupted Power Supply", "imUrl": "http://ecx.images-amazon.com/images/I/41qQsxL09pL._SY300_.jpg", "price": 340.37, "numReviews": 59, "groups": [162], "averageRating": 4.338983050847458, "brand": "APC"}, {"asin": "B0002QLDLC", "name": "APC RBC17 Replacement Battery Cartridge 17", "imUrl": "http://ecx.images-amazon.com/images/I/518PNQ2TJEL._SX300_.jpg", "price": 44.85, "numReviews": 129, "groups": [163], "averageRating": 3.751937984496124, "brand": "APC"}, {"asin": "B00A82I1T2", "name": "Geek Squad 1285VA 12V 9Ah UPS Battery - This is an AJC Brand\u2122 Replacement", "imUrl": "http://ecx.images-amazon.com/images/I/41o9eJDPbHL._SX300_.jpg", "price": 17.06, "numReviews": 1, "groups": [164], "averageRating": 1.0}, {"asin": "B0000511AN", "name": "Tripp Lite BCPERS300 300VA 175W UPS Desktop Battery Back Up Tower 120V PC / Mac, 3 Outlets", "imUrl": "http://ecx.images-amazon.com/images/I/31qlHJ3zsQL._SY300_.jpg", "price": 82.42, "numReviews": 7, "groups": [165], "averageRating": 3.5714285714285716, "brand": "Tripp Lite"}, {"asin": "B0007N8RLE", "name": "OPTI-UPS ES1500C-RM Enhanced Series 8-Outlet Rackmount Line Interactive Uninterruptible Power Supply (980W, 1400VA, 2U)", "imUrl": "http://ecx.images-amazon.com/images/I/31xkJTqtnaL._SX300_.jpg", "price": 267.99, "numReviews": 2, "groups": [166], "averageRating": 4.5}, {"asin": "B009ACPCTS", "name": "CyberPower RB1280A 12V 8AH UPS Replacement Battery Cartridge", "imUrl": "http://ecx.images-amazon.com/images/I/51Wkj9AEF7L._SY300_.jpg", "price": 36.34, "numReviews": 1, "groups": [167], "averageRating": 5.0, "brand": "CyberPower"}, {"asin": "B001RMFY88", "name": "ExcessUPS APC Back-UPS ES 550 BE550G 550VA 330W 120V Computer Battery Back Up UPS - 8 Output", "imUrl": "http://ecx.images-amazon.com/images/I/31e2z3ZyJDL._SX300_.jpg", "price": 99.36, "numReviews": 2, "groups": [168], "averageRating": 4.5, "brand": "ExcessUPS APC"}, {"asin": "B0077BOQKA", "name": "Geek Squad 1500VA UPS Battery", "imUrl": "http://ecx.images-amazon.com/images/I/313CyZJVtZL._SX300_.jpg", "price": 29.24, "numReviews": 1, "groups": [169], "averageRating": 5.0}, {"asin": "B004ED20C0", "name": "Back-UPS CS 350VA 120V Standby", "imUrl": "http://ecx.images-amazon.com/images/I/41IBLhyaS3L._SY300_.jpg", "price": 83.71, "numReviews": 1, "groups": [170], "averageRating": 5.0}, {"asin": "B0047E5B90", "name": "APC BR24BPG Back-UPS Pro External Battery Pack For 1500VA Back-UPS Pro models", "imUrl": "http://ecx.images-amazon.com/images/I/41MZbmZdHnL._SY300_.jpg", "price": 144.95, "numReviews": 31, "groups": [171], "averageRating": 4.580645161290323, "brand": "APC"}, {"asin": "B0006H0HXM", "name": "APC Smart-UPS SC SC420 420VA 120V UPS System", "imUrl": "http://ecx.images-amazon.com/images/I/31eq%2BMFPnXL._SX300_.jpg", "price": 109.99, "numReviews": 11, "groups": [120], "averageRating": 4.181818181818182, "brand": "APC"}, {"asin": "B00188LWOG", "name": "APC SMART-UPS 1500 1400 SUA1500 SUA750XL SUA1000XL SU1400NET SU1000XLNET RBC RBC7 REPLACEMENT BATTERY CARTRIDGE UPS BATTERY PACK", "imUrl": "http://ecx.images-amazon.com/images/I/41TD4XLbi9L._SX300_.jpg", "price": 102.99, "numReviews": 29, "groups": [172], "averageRating": 4.0}, {"asin": "B00066HV46", "name": "APC Back-UPS 220 Volt UPS battery - lead acid (International version)", "imUrl": "http://ecx.images-amazon.com/images/I/21Dlw-zfACL.jpg", "price": 82.69, "numReviews": 8, "groups": [89], "averageRating": 2.75, "brand": "APC"}, {"asin": "B00075RAHE", "name": "Belkin 1500VA Dual Form Factor Battery Backup (Discontinued by Manufacturer)", "imUrl": "http://ecx.images-amazon.com/images/I/41b2YT5D1sL._SY300_.jpg", "price": 29.99, "numReviews": 30, "groups": [173], "averageRating": 3.6}, {"asin": "B0074A57X4", "name": "APC Back-UPS 550 BE550G Battery", "imUrl": "http://ecx.images-amazon.com/images/I/4142LNM%2BmDL._SX300_.jpg", "price": 19.99, "numReviews": 9, "groups": [174], "averageRating": 4.111111111111111}, {"asin": "B0010DF6UK", "name": "Tripp Lite INTERNET600U 600VA 300W UPS Desktop Battery Back Up Compact 120V USB RJ11 PC, 8 Outlets", "imUrl": "http://ecx.images-amazon.com/images/I/41WhM6O4v3L._SX300_.jpg", "price": 69.09, "numReviews": 30, "groups": [175], "averageRating": 3.7, "brand": "Tripp Lite"}, {"asin": "B0001AV5ZS", "name": "Tripp lite INTERNET OFFICE 750VA STANDBY ( INTERNET750U ) (Discontinued by Manufacturer)", "imUrl": "http://ecx.images-amazon.com/images/I/41DME1Q60GL._SX300_.jpg", "price": 85.1, "numReviews": 7, "groups": [176], "averageRating": 3.7142857142857144}, {"asin": "B000AYTQ7Y", "name": "OPTI-UPS GS1100B Gaming Series 6-Outlet Line-Interactive Uninterruptible Power Supply (550W, 1100VA)", "imUrl": "http://ecx.images-amazon.com/images/I/31w0H5X2AWL._SY300_.jpg", "price": 110.0, "numReviews": 3, "groups": [177], "averageRating": 4.0}, {"asin": "B004RRFY5I", "name": "Belkin Battery Backup Unit Bu3dc001-12v Power Supply", "imUrl": "http://ecx.images-amazon.com/images/I/31eg61qnRpL._SY300_.jpg", "price": 41.83, "numReviews": 12, "groups": [178], "averageRating": 4.416666666666667}, {"asin": "B0078LHWE6", "name": "APC RBC 48 Replacement UPS Batteries - Set of 2", "imUrl": "http://ecx.images-amazon.com/images/I/515QH44qPSL._SY300_.jpg", "price": 48.75, "numReviews": 1, "groups": [179], "averageRating": 5.0}, {"asin": "B0000511Z6", "name": "Tripp Lite INTERNETOFFICE500 500VA 280W UPS Desktop Battery Back Up Tower 120V USB RJ45 PC, 6 Outlets", "imUrl": "http://ecx.images-amazon.com/images/I/31iQHHkJHhL._SY300_.jpg", "price": 114.01, "numReviews": 3, "groups": [180], "averageRating": 4.666666666666667, "brand": "Tripp Lite"}, {"asin": "B0036RBHOM", "name": "Apc Replacement Battery", "imUrl": "http://ecx.images-amazon.com/images/I/41QM2lmT1wL._SY300_.jpg", "price": 75.6, "numReviews": 2, "groups": [181], "averageRating": 3.0}, {"asin": "B00A82F410", "name": "B&B BP8-12 12V 8Ah UPS Battery - This is an AJC Brand\u2122 Replacement", "imUrl": "http://ecx.images-amazon.com/images/I/41RiDBJRYAL._SX300_.jpg", "price": 16.01, "numReviews": 1, "groups": [182], "averageRating": 5.0}, {"asin": "B002MZUAU6", "name": "Powercom 1500VA Black Knight Series U.P.S. Backup System", "imUrl": "http://ecx.images-amazon.com/images/I/415AMhjaQgL._SX300_.jpg", "price": 149.99, "numReviews": 2, "groups": [183], "averageRating": 5.0, "brand": "Powercom"}, {"asin": "B0044YFFFS", "name": "Replacement Battery for APC BP350 12V 7.5AH", "imUrl": "http://ecx.images-amazon.com/images/I/313CyZJVtZL._SX300_.jpg", "price": 18.74, "numReviews": 6, "groups": [184], "averageRating": 4.833333333333333}, {"asin": "B001OQBMLA", "name": "Tripp Lite ECO550UPS 550VA 300W UPS Eco Green Battery Back Up Compact 120V USB RJ11, 8 Outlets", "imUrl": "http://ecx.images-amazon.com/images/I/41AA-rvVVvL._SX300_.jpg", "price": 70.08, "numReviews": 10, "groups": [185], "averageRating": 3.4, "brand": "Tripp Lite", "salesRankCategory": "Cell Phones & Accessories", "salesRank": 36740}, {"asin": "B009U6PCV2", "name": "APC BX1500LCD Battery 12V, 9.0Amp - Genuine APC RBC109 Cartridge #109 Maintenance-Free Lead Acid Battery", "imUrl": "http://ecx.images-amazon.com/images/I/51ZeiGWnV8L._SY300_.jpg", "price": 90.0, "numReviews": 1, "groups": [186], "averageRating": 4.0}, {"asin": "B0089LR8IY", "name": "APC BACK-UPS ES BE550G Replacement UPS Battery", "imUrl": "http://ecx.images-amazon.com/images/I/41ey9FvyIuL._SX300_.jpg", "price": 29.98, "numReviews": 9, "groups": [174], "averageRating": 4.666666666666667}, {"asin": "B00A82MPEO", "name": "Yuasa NPW45-12, NPW 45-12 12V 9Ah UPS Replacement Battery", "imUrl": "http://ecx.images-amazon.com/images/I/313%2B1EC30pL.jpg", "price": 17.06, "numReviews": 3, "groups": [187], "averageRating": 5.0}, {"asin": "B00A82MU6W", "name": "APC Back-UPS ES 650 12V 8Ah UPS Battery - This is an AJC Brand\u2122 Replacement", "imUrl": "http://ecx.images-amazon.com/images/I/41RiDBJRYAL._SX300_.jpg", "price": 16.01, "numReviews": 17, "groups": [188], "averageRating": 4.588235294117647}, {"asin": "B000NDA5CM", "name": "APC BACK-UPS RS BR1300LCD 1300VA/780W UPS System (Discontinued by Manufacturer)", "imUrl": "http://ecx.images-amazon.com/images/I/41i%2BdQ1C5CL._SY300_.jpg", "price": 368.88, "numReviews": 11, "groups": [189], "averageRating": 4.090909090909091}, {"asin": "B005PAIELM", "name": "Tripp Lite SMART1500LCDXL 1500VA UPS Smart LCD AVR 120V Ext Run USB DB9 RJ11 RJ45 2URM, 8 Outlets", "imUrl": "http://ecx.images-amazon.com/images/I/31%2Bx9p7B5CL._SX300_.jpg", "price": 271.97, "numReviews": 10, "groups": [190], "averageRating": 3.4, "brand": "Tripp Lite"}, {"asin": "B0000514TC", "name": "Tripp Lite BCPRO1050 1050VA 705W UPS Desktop Battery Back Up Tower 120V USB PC / Mac, 6 Outlets", "imUrl": "http://ecx.images-amazon.com/images/I/31C2UXQt9FL._SY300_.jpg", "price": 281.86, "numReviews": 5, "groups": [191], "averageRating": 4.0, "brand": "Tripp Lite"}, {"asin": "B000EE6Y9S", "name": "Apc Smart US1500 Va 120V USB with Alarm Disabled (Discontinued by Manufacturer)", "imUrl": "http://ecx.images-amazon.com/images/I/41Qii2J6X7L._SY300_.jpg", "price": 108.99, "numReviews": 6, "groups": [192], "averageRating": 4.666666666666667}, {"asin": "B000JLNAW0", "name": "APC UPS REPLACEMENT BATTERY #4 SLA4-BTI", "imUrl": "http://ecx.images-amazon.com/images/I/41Z71RrszGL._SX300_.jpg", "price": 28.34, "numReviews": 2, "groups": [193], "averageRating": 5.0, "brand": "BTI"}, {"asin": "B000G01VAM", "name": "OPTI-UPS TS1700B Thunder Shield Series 5-Outlet Line Interactive Uninterruptible Power Supply (900W) (Discontinued by Manufacturer)", "imUrl": "http://ecx.images-amazon.com/images/I/31Le6sP-RFL._SY300_.jpg", "price": 148.92, "numReviews": 2, "groups": [194], "averageRating": 4.5, "brand": "OPTI-UPS"}, {"asin": "B000HCMO0A", "name": "CyberPower PP1100SW Smart App Sinewave UPS - 1100VA/700W AVR 7-Out Tower SNMP/HTTP (Discontinued by Manufacturer)", "imUrl": "http://ecx.images-amazon.com/images/I/41ZpiVIw%2BzL._SY300_.jpg", "price": 199.95, "numReviews": 18, "groups": [195], "averageRating": 4.5}, {"asin": "B001C1UJOS", "name": "APC Replacement BK500 UPS battery [Electronics]", "imUrl": "http://ecx.images-amazon.com/images/I/31BNK4hFYrL.jpg", "price": 18.99, "numReviews": 14, "groups": [196], "averageRating": 4.5, "brand": "APC"}, {"asin": "B00006BBK5", "name": "Back Ups Ls 700va with usb 7outletxp Compatible (Discontinued by Manufacturer)", "imUrl": "http://ecx.images-amazon.com/images/I/418HXZ36VRL._SY300_.jpg", "price": 29.99, "numReviews": 8, "groups": [197], "averageRating": 3.625}, {"asin": "B0074ANNDU", "name": "APC Back-UPS XS 1300 BX1300LCD Battery", "imUrl": "http://ecx.images-amazon.com/images/I/21ZkqjRXmqL.jpg", "price": 48.75, "numReviews": 2, "groups": [198], "averageRating": 1.5}, {"asin": "B000BFYPMI", "name": "APC Back UPS XS1200", "imUrl": "http://ecx.images-amazon.com/images/I/31ayPMB8fYL._SY300_.jpg", "price": 68.99, "numReviews": 7, "groups": [199], "averageRating": 3.7142857142857144}, {"asin": "B0074ARH7S", "name": "Replacement Battery for APC Smart UPS 1000 SUA1000", "imUrl": "http://ecx.images-amazon.com/images/I/410bqXYs9KL._SX300_.jpg", "price": 48.41, "numReviews": 23, "groups": [200], "averageRating": 4.478260869565218}, {"asin": "B000HVVKK6", "name": "Tripp Lite SU1000XLA 1000VA 800W UPS Smart Online Tower 100V - 120V USB DB9 SNMP RT, 6 Outlets", "imUrl": "http://ecx.images-amazon.com/images/I/41UBUH8EqJL._SY300_.jpg", "price": 470.8, "numReviews": 11, "groups": [72], "averageRating": 4.454545454545454, "brand": "Tripp Lite"}, {"asin": "B0000DF2Q1", "name": "CyberPower PR2200SWRM2U 1500-Watt 6-Outlet Smart App Pure Sinewave Rackmount Uninterruptible Power Supply (2200VA, NEMA 5-15R/5-20R, 2U) (Discontinued by Manufacturer)", "imUrl": "http://ecx.images-amazon.com/images/I/31yDnKGo6mL._SX300_.jpg", "price": 139.95, "numReviews": 10, "groups": [201], "averageRating": 3.7}, {"asin": "B000GEDFM0", "name": "APC Replacement RBC5 UPS battery [Electronics]", "imUrl": "http://ecx.images-amazon.com/images/I/31h6x1jZNeL.jpg", "price": 48.75, "numReviews": 1, "groups": [202], "averageRating": 3.0}], "links": [{"source": 0, "target": 39, "right": false, "left": true, "value": 1}, {"source": 0, "target": 41, "right": false, "left": true, "value": 1}, {"source": 0, "target": 146, "right": true, "left": false, "value": 1}, {"source": 0, "target": 120, "right": false, "left": true, "value": 1}, {"source": 0, "target": 157, "right": true, "left": false, "value": 1}, {"source": 1, "target": 77, "right": false, "left": true, "value": 1}, {"source": 1, "target": 87, "right": false, "left": true, "value": 1}, {"source": 2, "target": 171, "right": true, "left": false, "value": 1}, {"source": 2, "target": 157, "right": true, "left": false, "value": 1}, {"source": 3, "target": 33, "right": false, "left": true, "value": 1}, {"source": 3, "target": 66, "right": false, "left": true, "value": 1}, {"source": 3, "target": 15, "right": true, "left": false, "value": 1}, {"source": 3, "target": 80, "right": false, "left": true, "value": 1}, {"source": 3, "target": 145, "right": false, "left": true, "value": 1}, {"source": 3, "target": 56, "right": false, "left": true, "value": 1}, {"source": 4, "target": 157, "right": true, "left": false, "value": 1}, {"source": 4, "target": 94, "right": true, "left": false, "value": 1}, {"source": 5, "target": 146, "right": true, "left": false, "value": 1}, {"source": 6, "target": 157, "right": true, "left": false, "value": 1}, {"source": 7, "target": 78, "right": true, "left": false, "value": 1}, {"source": 8, "target": 58, "right": true, "left": false, "value": 1}, {"source": 8, "target": 44, "right": true, "left": false, "value": 1}, {"source": 9, "target": 146, "right": true, "left": false, "value": 1}, {"source": 9, "target": 126, "right": true, "left": true, "value": 1}, {"source": 10, "target": 16, "right": false, "left": true, "value": 1}, {"source": 11, "target": 166, "right": true, "left": false, "value": 1}, {"source": 12, "target": 171, "right": true, "left": false, "value": 1}, {"source": 13, "target": 21, "right": true, "left": false, "value": 1}, {"source": 14, "target": 58, "right": true, "left": false, "value": 1}, {"source": 15, "target": 34, "right": true, "left": true, "value": 1}, {"source": 15, "target": 153, "right": false, "left": true, "value": 1}, {"source": 15, "target": 200, "right": false, "left": true, "value": 1}, {"source": 15, "target": 73, "right": false, "left": true, "value": 1}, {"source": 15, "target": 43, "right": false, "left": true, "value": 1}, {"source": 15, "target": 139, "right": false, "left": true, "value": 1}, {"source": 15, "target": 209, "right": false, "left": true, "value": 1}, {"source": 15, "target": 121, "right": false, "left": true, "value": 1}, {"source": 15, "target": 59, "right": false, "left": true, "value": 1}, {"source": 15, "target": 159, "right": false, "left": true, "value": 1}, {"source": 16, "target": 157, "right": true, "left": false, "value": 1}, {"source": 17, "target": 76, "right": true, "left": false, "value": 1}, {"source": 18, "target": 19, "right": true, "left": false, "value": 1}, {"source": 18, "target": 69, "right": false, "left": true, "value": 1}, {"source": 18, "target": 135, "right": false, "left": true, "value": 1}, {"source": 20, "target": 157, "right": true, "left": false, "value": 1}, {"source": 21, "target": 148, "right": false, "left": true, "value": 1}, {"source": 21, "target": 78, "right": true, "left": false, "value": 1}, {"source": 22, "target": 144, "right": true, "left": false, "value": 1}, {"source": 22, "target": 170, "right": true, "left": false, "value": 1}, {"source": 23, "target": 124, "right": true, "left": false, "value": 1}, {"source": 24, "target": 170, "right": true, "left": false, "value": 1}, {"source": 24, "target": 109, "right": false, "left": true, "value": 1}, {"source": 24, "target": 157, "right": true, "left": false, "value": 1}, {"source": 24, "target": 151, "right": false, "left": true, "value": 1}, {"source": 25, "target": 171, "right": true, "left": false, "value": 1}, {"source": 25, "target": 157, "right": true, "left": false, "value": 1}, {"source": 26, "target": 58, "right": true, "left": false, "value": 1}, {"source": 26, "target": 131, "right": false, "left": true, "value": 1}, {"source": 26, "target": 69, "right": false, "left": true, "value": 1}, {"source": 27, "target": 144, "right": true, "left": true, "value": 1}, {"source": 27, "target": 84, "right": true, "left": true, "value": 1}, {"source": 28, "target": 34, "right": true, "left": false, "value": 1}, {"source": 29, "target": 104, "right": false, "left": true, "value": 1}, {"source": 29, "target": 207, "right": false, "left": true, "value": 1}, {"source": 29, "target": 178, "right": false, "left": true, "value": 1}, {"source": 29, "target": 57, "right": false, "left": true, "value": 1}, {"source": 29, "target": 92, "right": false, "left": true, "value": 1}, {"source": 29, "target": 157, "right": true, "left": false, "value": 1}, {"source": 30, "target": 34, "right": true, "left": false, "value": 1}, {"source": 31, "target": 108, "right": true, "left": false, "value": 1}, {"source": 32, "target": 44, "right": true, "left": false, "value": 1}, {"source": 32, "target": 157, "right": true, "left": false, "value": 1}, {"source": 34, "target": 130, "right": false, "left": true, "value": 1}, {"source": 34, "target": 196, "right": false, "left": true, "value": 1}, {"source": 34, "target": 133, "right": false, "left": true, "value": 1}, {"source": 34, "target": 198, "right": false, "left": true, "value": 1}, {"source": 34, "target": 167, "right": false, "left": true, "value": 1}, {"source": 34, "target": 91, "right": false, "left": true, "value": 1}, {"source": 34, "target": 43, "right": false, "left": true, "value": 1}, {"source": 34, "target": 139, "right": false, "left": true, "value": 1}, {"source": 34, "target": 45, "right": false, "left": true, "value": 1}, {"source": 34, "target": 140, "right": false, "left": true, "value": 1}, {"source": 34, "target": 172, "right": false, "left": true, "value": 1}, {"source": 34, "target": 153, "right": false, "left": true, "value": 1}, {"source": 34, "target": 59, "right": false, "left": true, "value": 1}, {"source": 34, "target": 159, "right": false, "left": true, "value": 1}, {"source": 35, "target": 58, "right": true, "left": false, "value": 1}, {"source": 36, "target": 201, "right": true, "left": false, "value": 1}, {"source": 36, "target": 174, "right": false, "left": true, "value": 1}, {"source": 36, "target": 46, "right": false, "left": true, "value": 1}, {"source": 36, "target": 49, "right": false, "left": true, "value": 1}, {"source": 36, "target": 146, "right": true, "left": false, "value": 1}, {"source": 37, "target": 180, "right": true, "left": false, "value": 1}, {"source": 37, "target": 44, "right": true, "left": false, "value": 1}, {"source": 37, "target": 87, "right": true, "left": false, "value": 1}, {"source": 38, "target": 171, "right": true, "left": false, "value": 1}, {"source": 38, "target": 157, "right": true, "left": false, "value": 1}, {"source": 40, "target": 60, "right": true, "left": false, "value": 1}, {"source": 42, "target": 52, "right": false, "left": true, "value": 1}, {"source": 44, "target": 98, "right": false, "left": true, "value": 1}, {"source": 44, "target": 103, "right": false, "left": true, "value": 1}, {"source": 44, "target": 72, "right": false, "left": true, "value": 1}, {"source": 44, "target": 45, "right": false, "left": true, "value": 1}, {"source": 44, "target": 110, "right": false, "left": true, "value": 1}, {"source": 44, "target": 206, "right": false, "left": true, "value": 1}, {"source": 44, "target": 146, "right": true, "left": true, "value": 1}, {"source": 44, "target": 180, "right": false, "left": true, "value": 1}, {"source": 44, "target": 53, "right": false, "left": true, "value": 1}, {"source": 44, "target": 124, "right": false, "left": true, "value": 1}, {"source": 44, "target": 125, "right": false, "left": true, "value": 1}, {"source": 44, "target": 127, "right": false, "left": true, "value": 1}, {"source": 47, "target": 80, "right": true, "left": true, "value": 1}, {"source": 47, "target": 214, "right": false, "left": true, "value": 1}, {"source": 47, "target": 168, "right": false, "left": true, "value": 1}, {"source": 48, "target": 76, "right": true, "left": false, "value": 1}, {"source": 50, "target": 58, "right": true, "left": false, "value": 1}, {"source": 50, "target": 53, "right": true, "left": false, "value": 1}, {"source": 51, "target": 58, "right": true, "left": false, "value": 1}, {"source": 51, "target": 157, "right": true, "left": false, "value": 1}, {"source": 52, "target": 146, "right": true, "left": false, "value": 1}, {"source": 54, "target": 157, "right": true, "left": false, "value": 1}, {"source": 54, "target": 79, "right": true, "left": true, "value": 1}, {"source": 55, "target": 146, "right": true, "left": false, "value": 1}, {"source": 57, "target": 178, "right": true, "left": false, "value": 1}, {"source": 58, "target": 146, "right": true, "left": false, "value": 1}, {"source": 58, "target": 160, "right": false, "left": true, "value": 1}, {"source": 58, "target": 164, "right": false, "left": true, "value": 1}, {"source": 58, "target": 170, "right": false, "left": true, "value": 1}, {"source": 58, "target": 190, "right": false, "left": true, "value": 1}, {"source": 58, "target": 63, "right": false, "left": true, "value": 1}, {"source": 58, "target": 193, "right": false, "left": true, "value": 1}, {"source": 58, "target": 72, "right": false, "left": true, "value": 1}, {"source": 58, "target": 201, "right": false, "left": true, "value": 1}, {"source": 58, "target": 202, "right": false, "left": true, "value": 1}, {"source": 58, "target": 75, "right": false, "left": true, "value": 1}, {"source": 58, "target": 212, "right": false, "left": true, "value": 1}, {"source": 58, "target": 85, "right": false, "left": true, "value": 1}, {"source": 58, "target": 88, "right": false, "left": true, "value": 1}, {"source": 58, "target": 94, "right": false, "left": true, "value": 1}, {"source": 58, "target": 107, "right": false, "left": true, "value": 1}, {"source": 58, "target": 109, "right": false, "left": true, "value": 1}, {"source": 58, "target": 114, "right": false, "left": true, "value": 1}, {"source": 58, "target": 123, "right": false, "left": true, "value": 1}, {"source": 58, "target": 124, "right": false, "left": true, "value": 1}, {"source": 60, "target": 184, "right": false, "left": true, "value": 1}, {"source": 61, "target": 78, "right": true, "left": false, "value": 1}, {"source": 61, "target": 143, "right": false, "left": true, "value": 1}, {"source": 62, "target": 130, "right": true, "left": false, "value": 1}, {"source": 63, "target": 93, "right": false, "left": true, "value": 1}, {"source": 64, "target": 177, "right": false, "left": true, "value": 1}, {"source": 64, "target": 172, "right": true, "left": false, "value": 1}, {"source": 65, "target": 83, "right": false, "left": true, "value": 1}, {"source": 65, "target": 135, "right": false, "left": true, "value": 1}, {"source": 67, "target": 119, "right": false, "left": true, "value": 1}, {"source": 68, "target": 171, "right": true, "left": false, "value": 1}, {"source": 68, "target": 101, "right": false, "left": true, "value": 1}, {"source": 69, "target": 132, "right": false, "left": true, "value": 1}, {"source": 69, "target": 118, "right": false, "left": true, "value": 1}, {"source": 70, "target": 165, "right": false, "left": true, "value": 1}, {"source": 71, "target": 146, "right": true, "left": false, "value": 1}, {"source": 72, "target": 160, "right": true, "left": false, "value": 1}, {"source": 72, "target": 212, "right": true, "left": true, "value": 1}, {"source": 74, "target": 81, "right": false, "left": true, "value": 1}, {"source": 74, "target": 117, "right": true, "left": true, "value": 1}, {"source": 75, "target": 160, "right": true, "left": false, "value": 1}, {"source": 76, "target": 96, "right": true, "left": true, "value": 1}, {"source": 76, "target": 141, "right": false, "left": true, "value": 1}, {"source": 76, "target": 142, "right": false, "left": true, "value": 1}, {"source": 76, "target": 175, "right": false, "left": true, "value": 1}, {"source": 77, "target": 207, "right": true, "left": false, "value": 1}, {"source": 78, "target": 143, "right": false, "left": true, "value": 1}, {"source": 78, "target": 82, "right": false, "left": true, "value": 1}, {"source": 80, "target": 168, "right": false, "left": true, "value": 1}, {"source": 80, "target": 214, "right": false, "left": true, "value": 1}, {"source": 84, "target": 144, "right": true, "left": false, "value": 1}, {"source": 85, "target": 169, "right": true, "left": false, "value": 1}, {"source": 86, "target": 102, "right": false, "left": true, "value": 1}, {"source": 88, "target": 107, "right": false, "left": true, "value": 1}, {"source": 88, "target": 205, "right": false, "left": true, "value": 1}, {"source": 88, "target": 146, "right": true, "left": false, "value": 1}, {"source": 89, "target": 146, "right": true, "left": false, "value": 1}, {"source": 90, "target": 171, "right": true, "left": false, "value": 1}, {"source": 91, "target": 130, "right": true, "left": false, "value": 1}, {"source": 92, "target": 100, "right": false, "left": true, "value": 1}, {"source": 92, "target": 182, "right": true, "left": true, "value": 1}, {"source": 94, "target": 161, "right": false, "left": true, "value": 1}, {"source": 94, "target": 195, "right": false, "left": true, "value": 1}, {"source": 94, "target": 185, "right": false, "left": true, "value": 1}, {"source": 94, "target": 157, "right": true, "left": false, "value": 1}, {"source": 95, "target": 130, "right": true, "left": false, "value": 1}, {"source": 95, "target": 179, "right": true, "left": false, "value": 1}, {"source": 96, "target": 194, "right": false, "left": true, "value": 1}, {"source": 96, "target": 141, "right": false, "left": true, "value": 1}, {"source": 96, "target": 142, "right": false, "left": true, "value": 1}, {"source": 97, "target": 115, "right": false, "left": true, "value": 1}, {"source": 99, "target": 211, "right": true, "left": false, "value": 1}, {"source": 100, "target": 146, "right": true, "left": false, "value": 1}, {"source": 100, "target": 179, "right": true, "left": false, "value": 1}, {"source": 103, "target": 146, "right": true, "left": false, "value": 1}, {"source": 105, "target": 192, "right": true, "left": false, "value": 1}, {"source": 106, "target": 140, "right": true, "left": false, "value": 1}, {"source": 108, "target": 188, "right": false, "left": true, "value": 1}, {"source": 111, "target": 157, "right": true, "left": false, "value": 1}, {"source": 112, "target": 146, "right": true, "left": false, "value": 1}, {"source": 113, "target": 144, "right": true, "left": false, "value": 1}, {"source": 116, "target": 156, "right": true, "left": false, "value": 1}, {"source": 116, "target": 175, "right": true, "left": false, "value": 1}, {"source": 122, "target": 146, "right": true, "left": false, "value": 1}, {"source": 123, "target": 201, "right": true, "left": false, "value": 1}, {"source": 125, "target": 180, "right": true, "left": true, "value": 1}, {"source": 126, "target": 213, "right": false, "left": true, "value": 1}, {"source": 128, "target": 169, "right": true, "left": false, "value": 1}, {"source": 129, "target": 171, "right": true, "left": false, "value": 1}, {"source": 129, "target": 157, "right": true, "left": false, "value": 1}, {"source": 130, "target": 210, "right": false, "left": true, "value": 1}, {"source": 130, "target": 191, "right": false, "left": true, "value": 1}, {"source": 134, "target": 190, "right": true, "left": false, "value": 1}, {"source": 136, "target": 157, "right": true, "left": false, "value": 1}, {"source": 137, "target": 157, "right": true, "left": false, "value": 1}, {"source": 138, "target": 169, "right": true, "left": false, "value": 1}, {"source": 139, "target": 200, "right": false, "left": true, "value": 1}, {"source": 140, "target": 183, "right": false, "left": true, "value": 1}, {"source": 144, "target": 162, "right": false, "left": true, "value": 1}, {"source": 144, "target": 203, "right": false, "left": true, "value": 1}, {"source": 144, "target": 155, "right": false, "left": true, "value": 1}, {"source": 144, "target": 211, "right": false, "left": true, "value": 1}, {"source": 144, "target": 181, "right": false, "left": true, "value": 1}, {"source": 146, "target": 147, "right": false, "left": true, "value": 1}, {"source": 146, "target": 150, "right": false, "left": true, "value": 1}, {"source": 146, "target": 157, "right": false, "left": true, "value": 1}, {"source": 146, "target": 164, "right": false, "left": true, "value": 1}, {"source": 146, "target": 177, "right": false, "left": true, "value": 1}, {"source": 146, "target": 179, "right": false, "left": true, "value": 1}, {"source": 146, "target": 183, "right": false, "left": true, "value": 1}, {"source": 146, "target": 187, "right": false, "left": true, "value": 1}, {"source": 146, "target": 188, "right": false, "left": true, "value": 1}, {"source": 146, "target": 193, "right": false, "left": true, "value": 1}, {"source": 146, "target": 205, "right": false, "left": true, "value": 1}, {"source": 146, "target": 213, "right": false, "left": true, "value": 1}, {"source": 149, "target": 171, "right": true, "left": false, "value": 1}, {"source": 152, "target": 211, "right": true, "left": false, "value": 1}, {"source": 153, "target": 209, "right": false, "left": true, "value": 1}, {"source": 153, "target": 196, "right": false, "left": true, "value": 1}, {"source": 154, "target": 157, "right": true, "left": false, "value": 1}, {"source": 155, "target": 162, "right": true, "left": false, "value": 1}, {"source": 156, "target": 175, "right": true, "left": false, "value": 1}, {"source": 157, "target": 158, "right": false, "left": true, "value": 1}, {"source": 157, "target": 161, "right": false, "left": true, "value": 1}, {"source": 157, "target": 171, "right": true, "left": false, "value": 1}, {"source": 157, "target": 176, "right": false, "left": true, "value": 1}, {"source": 157, "target": 185, "right": false, "left": true, "value": 1}, {"source": 157, "target": 186, "right": false, "left": true, "value": 1}, {"source": 157, "target": 195, "right": false, "left": true, "value": 1}, {"source": 157, "target": 204, "right": false, "left": true, "value": 1}, {"source": 158, "target": 171, "right": true, "left": false, "value": 1}, {"source": 160, "target": 212, "right": true, "left": false, "value": 1}, {"source": 162, "target": 211, "right": true, "left": false, "value": 1}, {"source": 162, "target": 189, "right": false, "left": true, "value": 1}, {"source": 163, "target": 184, "right": true, "left": false, "value": 1}, {"source": 168, "target": 214, "right": false, "left": true, "value": 1}, {"source": 171, "target": 199, "right": false, "left": true, "value": 1}, {"source": 171, "target": 208, "right": false, "left": true, "value": 1}, {"source": 172, "target": 192, "right": true, "left": false, "value": 1}, {"source": 173, "target": 190, "right": true, "left": false, "value": 1}, {"source": 174, "target": 201, "right": true, "left": false, "value": 1}, {"source": 184, "target": 197, "right": true, "left": true, "value": 1}, {"source": 185, "target": 190, "right": false, "left": true, "value": 1}]}