{"nodes": [{"asin": "B005OQK61I", "name": "Blaupunkt Kids 111 Headphones - Boy Blue", "imUrl": "http://ecx.images-amazon.com/images/I/31BG3EsdcoL._SX300_.jpg", "price": 8.27, "numReviews": 2, "groups": [0], "averageRating": 3.5}, {"asin": "B006K55662", "name": "Sony XBA-1 Balanced Armature Headphones-1 Driver", "imUrl": "http://ecx.images-amazon.com/images/I/41dRM2a32hL._SY300_.jpg", "price": 24.08, "numReviews": 64, "groups": [1], "averageRating": 3.875, "brand": "Sony"}, {"asin": "B00EBZH0RQ", "name": "Sony Lightweight ZX Series On-ear Headphones with In-line Microphone and Remote Control for Android phones (Black)", "imUrl": "http://ecx.images-amazon.com/images/I/31VE7GFPNKL._SY300_.jpg", "price": 39.95, "numReviews": 2, "groups": [2], "averageRating": 4.5}, {"asin": "B00EHBIH7G", "name": "ARCTIC E351 Stereo In-Ear Headphones 2-Pack, Ideal for Smartphones/Tablet/e-Book/PC, Black and White", "imUrl": "http://ecx.images-amazon.com/images/I/31rVfwEcF7L._SY300_.jpg", "price": 5.99, "numReviews": 1, "groups": [3], "averageRating": 5.0}, {"asin": "B00HXTHFIQ", "name": "Panasonic RP-HJE120 ErgoFit In-Ear Headphones Stereo Earbuds (3-Pack, Green)", "imUrl": "http://ecx.images-amazon.com/images/I/31Sr1%2BsBJ%2BL._SX300_.jpg", "price": 7.74, "numReviews": 3, "groups": [4], "averageRating": 5.0}, {"asin": "B000OKH75M", "name": "Panasonic RP-HJE300 Portable Earbud Headphones with Carrying Pouch", "imUrl": "http://ecx.images-amazon.com/images/I/31XO05c8qaL._SY300_.jpg", "price": 32.5, "numReviews": 31, "groups": [5], "averageRating": 4.387096774193548}, {"asin": "B001GS8FZ2", "name": "JBuds J2 Premium Hi-FI Noise Isolating Earbuds Style Headphones (Onyx Black)", "imUrl": "http://ecx.images-amazon.com/images/I/41l-Urt2-zL._SY300_.jpg", "price": 31.12, "numReviews": 1138, "groups": [6], "averageRating": 3.491212653778559}, {"asin": "B00358XUII", "name": "Coby CVEM79BLU Jammerz Platinum High-Performance Isolation Stereo Earphones, Blue (Discontinued by Manufacturer)", "imUrl": "http://ecx.images-amazon.com/images/I/41amXxWFn8L._SY300_.jpg", "price": 7.85, "numReviews": 318, "groups": [7], "averageRating": 3.9874213836477987, "brand": "Coby"}, {"asin": "B003MG77DC", "name": "Sony MDRPQ5/YLW PIIQ Headphones", "imUrl": "http://ecx.images-amazon.com/images/I/41hG7lXtLrL._SY300_.jpg", "price": 7.99, "numReviews": 70, "groups": [8], "averageRating": 4.114285714285714, "brand": "Sony"}, {"asin": "B003YKG2X2", "name": "Ultimate Ears 100 Noise-Isolating Earphones -  Black/Green", "imUrl": "http://ecx.images-amazon.com/images/I/31wtPx3NRKL._SX300_.jpg", "price": 19.69, "numReviews": 335, "groups": [9], "averageRating": 4.020895522388059, "brand": "Ultimate Ears"}, {"asin": "B005DOOJGE", "name": "Pioneer SE-CL331-P Headphones, Pink (Discontinued by Manufacturer)", "imUrl": "http://ecx.images-amazon.com/images/I/31inpMl-d8L._SY300_.jpg", "price": 26.99, "numReviews": 14, "groups": [10], "averageRating": 3.5714285714285716}, {"asin": "B008HN7IJI", "name": "elago E302 Isolate Sound In-Ear Earphones - Red (All multimedia devices/phones using 3.5mm connection)", "imUrl": "http://ecx.images-amazon.com/images/I/41LqPM4V-1L._SY300_.jpg", "price": 12.99, "numReviews": 11, "groups": [11], "averageRating": 4.0}, {"asin": "B008V9RW58", "name": "Bose SIE2 Sport Headphones - Green", "imUrl": "http://ecx.images-amazon.com/images/I/31oEuPr-DaL._SX300_.jpg", "price": 119.95, "numReviews": 659, "groups": [12], "averageRating": 4.065250379362671, "brand": "Bose"}, {"asin": "B00BSF0ZH4", "name": "Alphaline Noise-isolating Earphones", "imUrl": "http://ecx.images-amazon.com/images/I/21uRC%2BEAbgL.jpg", "price": 8.48, "numReviews": 3, "groups": [13], "averageRating": 4.0}, {"asin": "B001MWKP5A", "name": "Audio Technica AUD ATH-CK1WPK In-ear Headphones with 8.8mm Drivers and XS/S/M Earpieces, Pink (Discontinued by Manufacturer)", "imUrl": "http://ecx.images-amazon.com/images/I/31gmAwQtcDL._SY300_.jpg", "price": 9.99, "numReviews": 17, "groups": [14], "averageRating": 4.294117647058823}, {"asin": "B0045N9WAM", "name": "2XL, 2XL X2SPCZ816 Spoke In Ear Buds White/Black (Catalog Category: Ear Bud Headphones)", "imUrl": "http://ecx.images-amazon.com/images/I/31CH-qWMh5L._SY300_.jpg", "price": 9.99, "numReviews": 7, "groups": [15], "averageRating": 4.285714285714286}, {"asin": "B0056232Y8", "name": "Philips O'Neill SHO9575GW/28 THE SPECKED In-Ear Headset (Teal) (Discontinued by Manufacturer)", "imUrl": "http://ecx.images-amazon.com/images/I/41VpnRjPDGL._SY300_.jpg", "price": 13.79, "numReviews": 18, "groups": [16], "averageRating": 4.0}, {"asin": "B00DIUGW6A", "name": "Shure SE846-CL Sound Isolating Earphones with Quad HiDef MicroDrivers, Crystal Clear", "imUrl": "http://ecx.images-amazon.com/images/I/314i6q8sguL._SY300_.jpg", "price": 980.0, "numReviews": 50, "groups": [17], "averageRating": 4.62, "brand": "Shure", "salesRankCategory": "Musical Instruments", "salesRank": 1943}, {"asin": "B000JKHXRO", "name": "Sony MDR-EX71SLA Fontopia Bud-Style Headphones with Case (Black) (Discontinued by Manufacturer)", "imUrl": "http://ecx.images-amazon.com/images/I/31BstOFDiYL._SY300_.jpg", "price": 32.5, "numReviews": 276, "groups": [18], "averageRating": 3.6666666666666665}, {"asin": "B000Z8WHG2", "name": "Gold Sound-Squared \"SPORT\" earphones earbuds for ipod or MP3 MP4 w/ Earphone Case - GREAT VALUE!", "imUrl": "http://ecx.images-amazon.com/images/I/31YnbifbfmL._SY300_.jpg", "price": 8.5, "numReviews": 98, "groups": [19], "averageRating": 3.438775510204082}, {"asin": "B0014KKSBQ", "name": "JVC GUMY Stereo Earphone", "imUrl": "http://ecx.images-amazon.com/images/I/215aZTLm9QL.jpg", "price": 7.25, "numReviews": 1, "groups": [20], "averageRating": 5.0}, {"asin": "B001W4DMXU", "name": "iLuv iEP505 Premium earphone with Volume Control - Black (Discontinued by Manufacturer)", "imUrl": "http://ecx.images-amazon.com/images/I/41rHckJEhXL._SX300_.jpg", "price": 8.47, "numReviews": 47, "groups": [21], "averageRating": 3.7872340425531914}, {"asin": "B004ZLUZOG", "name": "Sennheiser CX 215 Earphones - Green", "imUrl": "http://ecx.images-amazon.com/images/I/31W%2B2VGTsZL._SX300_.jpg", "price": 31.99, "numReviews": 275, "groups": [22], "averageRating": 4.072727272727272, "brand": "Sennheiser"}, {"asin": "B006GBA8BI", "name": "HIS HPSCGG Sound Clash Girl Getter Headphones", "imUrl": "http://ecx.images-amazon.com/images/I/41tqSKy6BRL._SX300_.jpg", "price": 41.54, "numReviews": 3, "groups": [23], "averageRating": 4.666666666666667, "brand": "HIS"}, {"asin": "B008OPNX5C", "name": "Monster Cable Diesel In-Ear Headphone with Control Talk (Black) (Discontinued by Manufacturer)", "imUrl": "http://ecx.images-amazon.com/images/I/41yzzqGXaeL._SY300_.jpg", "price": 49.95, "numReviews": 10, "groups": [24], "averageRating": 4.2, "brand": "Monster"}, {"asin": "B00AN8T442", "name": "Sony MDR-XB400 XB Series Extra Bass Headphones (Black)", "imUrl": "http://ecx.images-amazon.com/images/I/41rplrFH1%2BL._SY300_.jpg", "price": 34.99, "numReviews": 50, "groups": [25], "averageRating": 4.24}, {"asin": "B00HUNUOJW", "name": "New Original Gold Xiaomi 2nd Piston Earphone Ii Headphone Headset Earbud with Remote & Mic for Smartphone", "imUrl": "http://ecx.images-amazon.com/images/I/41Ka%2BahyGML._SY300_.jpg", "price": 23.99, "numReviews": 66, "groups": [26], "averageRating": 4.5606060606060606, "brand": "Xiaomi"}, {"asin": "B000N7VPM2", "name": "Koss KEB24 Portable Isolation Earbud (Black) (Discontinued by Manufacturer)", "imUrl": "http://ecx.images-amazon.com/images/I/11tR9bAs%2BQL.jpg", "price": 17.99, "numReviews": 52, "groups": [27], "averageRating": 3.4038461538461537}, {"asin": "B001QE6CPQ", "name": "JVC HA-F140-R Gumy Earbuds (Raspberry Red) (Discontinued by Manufacturer)", "imUrl": "http://ecx.images-amazon.com/images/I/31iaQHpX2FL._SY300_.jpg", "price": 4.99, "numReviews": 5, "groups": [28], "averageRating": 4.4}, {"asin": "B00550Y3UI", "name": "Earpollution EPD33-HPK Plugz Earbuds, Hot Pink", "imUrl": "http://ecx.images-amazon.com/images/I/31O85brfw6L._SY300_.jpg", "price": 4.55, "numReviews": 17, "groups": [29], "averageRating": 4.823529411764706, "brand": "Earpollution"}, {"asin": "B005MI8NR2", "name": "JBL Quicksilver On-Ear Headphones - Snow White", "imUrl": "http://ecx.images-amazon.com/images/I/41jjsVMNx5L._SY300_.jpg", "price": 59.99, "numReviews": 1, "groups": [30], "averageRating": 5.0}, {"asin": "B007BOLAFW", "name": "Philips Ear Buds Model# SHE3590BK", "imUrl": "http://ecx.images-amazon.com/images/I/31Kdm1cDMgL._SY300_.jpg", "price": 11.0, "numReviews": 5, "groups": [31], "averageRating": 5.0, "brand": "Philips"}, {"asin": "B007JELV8U", "name": "Panasonic RP-HJE140-K L-shaped Ear Earbud Headphone", "imUrl": "http://ecx.images-amazon.com/images/I/31z5NlUNX0L._SX300_.jpg", "price": 12.99, "numReviews": 30, "groups": [32], "averageRating": 3.6, "brand": "Panasonic"}, {"asin": "B00D1D83YS", "name": "Panasonic (RP-HJE120) Ergo Fit Stereo Earphones for  5th Gen nano iPod (Red)", "imUrl": "http://ecx.images-amazon.com/images/I/31XgJ6i4uSL._SX300_.jpg", "price": 8.48, "numReviews": 4, "groups": [33], "averageRating": 4.75}, {"asin": "B001GT185K", "name": "Sennheiser PMX80 In-Ear Sport Series II Behind the Head Earphones", "imUrl": "http://ecx.images-amazon.com/images/I/41fL2uDZTeL._SX300_.jpg", "price": 54.27, "numReviews": 506, "groups": [34], "averageRating": 3.280632411067194}, {"asin": "B004ETU7ME", "name": "Silver Crystal Rhinestone DJ Over-Ear Headphones", "imUrl": "http://ecx.images-amazon.com/images/I/41pVCgJFFrL._SY300_.jpg", "price": 24.99, "numReviews": 10, "groups": [35], "averageRating": 2.6}, {"asin": "B004M8SBFC", "name": "DJ Style Monitor Headphones", "imUrl": "http://ecx.images-amazon.com/images/I/41-eNbDNzHL._SY300_.jpg", "price": 7.95, "numReviews": 12, "groups": [36], "averageRating": 4.166666666666667}, {"asin": "B005WKYKU4", "name": "Able Planet SI400 Sound Clarity Sport In Ear/Hook Headphones with Microphone and Remote, Gun Metal", "imUrl": "http://ecx.images-amazon.com/images/I/41Wuav7NnLL._SY300_.jpg", "price": 65.61, "numReviews": 2, "groups": [37], "averageRating": 5.0}, {"asin": "B00COQ69K8", "name": "Sony 3.5mm In-Ear Clip-On Portable Stereo Sport Headphones (Pink)", "imUrl": "http://ecx.images-amazon.com/images/I/415LffE0PfL._SY300_.jpg", "price": 12.95, "numReviews": 1, "groups": [38], "averageRating": 2.0}, {"asin": "B00G4V0QSK", "name": "Brainwavz R3 Dual Dynamic Driver Earphones", "imUrl": "http://ecx.images-amazon.com/images/I/41uFJfO0lkL._SY300_.jpg", "price": 129.5, "numReviews": 57, "groups": [39], "averageRating": 4.526315789473684}, {"asin": "B003JTHMWS", "name": "Stereo Headphone, Kids Size (Discontinued by Manufacturer)", "imUrl": "http://ecx.images-amazon.com/images/I/41GsG%2B2irCL._SY300_.jpg", "price": 16.6, "numReviews": 10, "groups": [40], "averageRating": 3.8}, {"asin": "B0056589XO", "name": "Wicked Audio WI2000 HELIX EARbuds", "imUrl": "http://ecx.images-amazon.com/images/I/31-X4HmEwXL._SY300_.jpg", "price": 10.98, "numReviews": 13, "groups": [41], "averageRating": 3.3846153846153846, "brand": "Wicked Audio"}, {"asin": "B0057X4TWA", "name": "Monster Cable Earth Wind and Fire Gratitude In-ear Headphones", "imUrl": "http://ecx.images-amazon.com/images/I/31Tzgnh48pL._SX300_.jpg", "price": 71.99, "numReviews": 209, "groups": [42], "averageRating": 3.7942583732057416}, {"asin": "B007FGGQ50", "name": "iFrogz IFA-SPC-MIC-PNK Spectra Earbud with Mic, Pink", "imUrl": "http://ecx.images-amazon.com/images/I/41PVQaV7z5L._SX300_.jpg", "price": 23.1, "numReviews": 11, "groups": [43], "averageRating": 2.8181818181818183, "brand": "iFrogz"}, {"asin": "B00HXTHFWW", "name": "Panasonic RP-HJE120 ErgoFit In-Ear Headphones Stereo Earbuds (4-Pack, Silver)", "imUrl": "http://ecx.images-amazon.com/images/I/51u8Z4frR7L._SY300_.jpg", "price": 27.9, "numReviews": 3, "groups": [44], "averageRating": 5.0, "brand": "Panasonic"}, {"asin": "B003CZ6OAU", "name": "Polaroid PUMP PEP37PNK Stereo In-Ear Headphones (Pink) (Discontinued by Manufacturer)", "imUrl": "http://ecx.images-amazon.com/images/I/31uW7YtyHQL._SY300_.jpg", "price": 8.49, "numReviews": 15, "groups": [45], "averageRating": 4.8}, {"asin": "B004FV67YS", "name": "JVC HAF150R Headphone, Gumy, Cord-Match (Discontinued by Manufacturer)", "imUrl": "http://ecx.images-amazon.com/images/I/31vNVep1VjL._SY300_.jpg", "price": 4.99, "numReviews": 100, "groups": [46], "averageRating": 4.2, "brand": "JVC"}, {"asin": "B005JXH1NM", "name": "Polk Audio UltraFit 1000 Headphones - White (ULTRAFIT 1000WHT)", "imUrl": "http://ecx.images-amazon.com/images/I/41A%2BXAIr04L._SY300_.jpg", "price": 29.0, "numReviews": 19, "groups": [47], "averageRating": 3.3684210526315788, "brand": "Polk Audio"}, {"asin": "B005JXH1EG", "name": "Polk Audio UltraFit 500 Headphones - Black (ULTRAFIT 500BLK)", "imUrl": "http://ecx.images-amazon.com/images/I/41w3jN34n1L._SY300_.jpg", "price": 34.97, "numReviews": 68, "groups": [48], "averageRating": 3.426470588235294, "brand": "Polk Audio"}, {"asin": "B007N16HO2", "name": "Panasonic RP-HJE140-D L-shaped Ear Earbud Headphone", "imUrl": "http://ecx.images-amazon.com/images/I/316erEMFWxL._SX300_.jpg", "price": 10.99, "numReviews": 29, "groups": [49], "averageRating": 3.5517241379310347, "brand": "Panasonic"}, {"asin": "B00FLCVGG4", "name": "Urbanears Kransen Black Earphones Earbuds Headphones Mic Remote 04090113", "imUrl": "http://ecx.images-amazon.com/images/I/31L266VCQVL._SY300_.jpg", "price": 39.0, "numReviews": 17, "groups": [50], "averageRating": 4.176470588235294}, {"asin": "B000Q74102", "name": "Skullcandy (Product Out Of Date, Newer Version Available) INK'D Earbuds (Black) (Discontinued by Manufacturer)", "imUrl": "http://ecx.images-amazon.com/images/I/41xu6hfIsLL._SY300_.jpg", "price": 13.97, "numReviews": 172, "groups": [51], "averageRating": 3.7267441860465116}, {"asin": "B0015AK270", "name": "Sony Mdr-Ed12Lp/Gld Budstyle Headphones -Gold (Discontinued by Manufacturer)", "imUrl": "http://ecx.images-amazon.com/images/I/318bN85KGvL._SY300_.jpg", "price": 22.99, "numReviews": 372, "groups": [52], "averageRating": 4.239247311827957, "brand": "Sony"}, {"asin": "B002NTMHTS", "name": "Monster Jamz Headphones with ControlTalk", "imUrl": "http://ecx.images-amazon.com/images/I/41Gb7VdhdHL._SY300_.jpg", "price": 32.5, "numReviews": 3, "groups": [53], "averageRating": 3.0}, {"asin": "B007BPR4H4", "name": "Wicked WI2104 Jaw Breaker Earbud - Yellow", "imUrl": "http://ecx.images-amazon.com/images/I/31IVzSHSATL._SY300_.jpg", "price": 10.59, "numReviews": 2, "groups": [54], "averageRating": 4.5, "brand": "Wicked"}, {"asin": "B007VK62HM", "name": "IDANCE JOCKEY300 - Watt  - Channel Recording Studio Equipment , White", "imUrl": "http://ecx.images-amazon.com/images/I/31jgrzP31BL._SY300_.jpg", "price": 37.59, "numReviews": 1, "groups": [55], "averageRating": 5.0, "brand": "IDANCE", "salesRankCategory": "Musical Instruments", "salesRank": 93198}, {"asin": "B008ZZ0AMU", "name": "Headphones Star Wars Darth Vader Earbuds with Microphone", "imUrl": "http://ecx.images-amazon.com/images/I/51eRTBhPZrL._SY300_.jpg", "price": 3.95, "numReviews": 19, "groups": [56], "averageRating": 4.2105263157894735}, {"asin": "B00BBDKY2Y", "name": "Audio-Technica ATH-CP700BK Backband Design SonicSport Headphones", "imUrl": "http://ecx.images-amazon.com/images/I/41iPmxsWD8L._SY300_.jpg", "price": 54.95, "numReviews": 1, "groups": [57], "averageRating": 1.0, "brand": "Audio-Technica"}, {"asin": "B0036RDVLY", "name": "JVC HAF240DX Air Gumy Headphone (Orange)", "imUrl": "http://ecx.images-amazon.com/images/I/31T96KsbeqL._SY300_.jpg", "price": 14.99, "numReviews": 3, "groups": [58], "averageRating": 5.0}, {"asin": "B003GSLFKC", "name": "Audiology Electric Funk AU-100 Over Ear Headphones (Discontinued by Manufacturer)", "imUrl": "http://ecx.images-amazon.com/images/I/41zcFwPe6TL._SX300_.jpg", "price": 35.0, "numReviews": 1, "groups": [59], "averageRating": 2.0}, {"asin": "B003XDU8N0", "name": "Sentry Neons Stereo Earbuds, HO624, Red", "imUrl": "http://ecx.images-amazon.com/images/I/31NbN6pw1ZL._SX300_.jpg", "price": 6.99, "numReviews": 28, "groups": [60], "averageRating": 3.607142857142857}, {"asin": "B0079LEU9K", "name": "JVC HAS200V Riptidz High Quality Headphones (Violet)", "imUrl": "http://ecx.images-amazon.com/images/I/41FjvKRDF0L._SY300_.jpg", "price": 18.79, "numReviews": 57, "groups": [61], "averageRating": 4.157894736842105, "brand": "JVC"}, {"asin": "B008JCDRII", "name": "In Earphones Headphones with MIC MP3 Controller + Swarovski elements - WHITE BASSBUDS", "imUrl": "http://ecx.images-amazon.com/images/I/31z7%2BfBxNEL._SY300_.jpg", "price": 8.45, "numReviews": 16, "groups": [62], "averageRating": 3.125}, {"asin": "B0091SVR8G", "name": "2XL Spoke In-Ear Headphone with Ambient Chatter ReductionX2SPFZ-821 (Blue)", "imUrl": "http://ecx.images-amazon.com/images/I/21r1%2BEzzb7L._SY300_.jpg", "price": 7.69, "numReviews": 14, "groups": [63], "averageRating": 4.0, "brand": "2XL"}, {"asin": "B0042FZ95A", "name": "RCA HP61RD SQUISH Stereo Ear Buds Candy (Red)", "imUrl": "http://ecx.images-amazon.com/images/I/41G95HV5IyL._SY300_.jpg", "price": 8.55, "numReviews": 6, "groups": [64], "averageRating": 4.833333333333333, "brand": "RCA"}, {"asin": "B004923LQK", "name": "Miles Davis Trumpet High Performance In-ear Headphones (Discontinued by Manufacturer)", "imUrl": "http://ecx.images-amazon.com/images/I/410EX6FnMyL._SY300_.jpg", "price": 118.0, "numReviews": 47, "groups": [65], "averageRating": 3.872340425531915}, {"asin": "B004NQO7RO", "name": "Zenex EP5487C Skull & Bones Collection Zombie Metal In-Ear Earbuds (Discontinued by Manufacturer)", "imUrl": "http://ecx.images-amazon.com/images/I/51tmsWz8TfL._SY300_.jpg", "price": 8.59, "numReviews": 1, "groups": [66], "averageRating": 2.0}, {"asin": "B006W1B6CM", "name": "Ankit Berry Buds - Purple - Noise-Isolating Headphones", "imUrl": "http://ecx.images-amazon.com/images/I/21ZyqWDZbWL.jpg", "price": 8.5, "numReviews": 2, "groups": [67], "averageRating": 3.0}, {"asin": "B00C1910IY", "name": "Panasonic RP-HV41-PB Eardrops Stereo Earbud Style Earphones, Dark Pink/Pink (Discontinued by Manufacturer)", "imUrl": "http://ecx.images-amazon.com/images/I/41E2tKV240L._SY300_.jpg", "price": 6.48, "numReviews": 16, "groups": [68], "averageRating": 3.8125, "brand": "Panasonic"}, {"asin": "B000MUXVZO", "name": "Califone 2810-TI Kids Stereo and PC Headphones, Tiger Design", "imUrl": "http://ecx.images-amazon.com/images/I/417YFA-CrqL._SY300_.jpg", "price": 14.79, "numReviews": 318, "groups": [69], "averageRating": 4.2578616352201255, "brand": "Califone"}, {"asin": "B00945906M", "name": "Altec Muzx Mesh Noise Isolating Earphones MZX106", "imUrl": "http://ecx.images-amazon.com/images/I/31NgmCbNBqL.jpg", "price": 12.99, "numReviews": 4, "groups": [70], "averageRating": 4.75}, {"asin": "B0006TOJUC", "name": "PHILIPS USA HS-321 3D Flexible Earhooks with Bass Pipe", "imUrl": "http://ecx.images-amazon.com/images/I/41XS5HDMT4L._SY300_.jpg", "price": 9.99, "numReviews": 6, "groups": [71], "averageRating": 3.8333333333333335}, {"asin": "B000NX0W5W", "name": "MAXIMO iM-390 iMetal Isolation Earphones for Portable Audio & Airline Travel", "imUrl": "http://ecx.images-amazon.com/images/I/31DFdnwM-7L._SY300_.jpg", "price": 8.49, "numReviews": 29, "groups": [72], "averageRating": 3.4482758620689653}, {"asin": "B0035JJOLE", "name": "Rockford Fosgate PP15mm Punch Plugs In-Ear Headphones (Black) (Discontinued by Manufacturer)", "imUrl": "http://ecx.images-amazon.com/images/I/317Zo0knz5L._SX300_.jpg", "price": 8.5, "numReviews": 77, "groups": [73], "averageRating": 3.792207792207792}, {"asin": "B003AM87Z0", "name": "Maxell Cool Beans Earbud", "imUrl": "http://ecx.images-amazon.com/images/I/41vrNzZxLzL._SY300_.jpg", "price": 8.3, "numReviews": 49, "groups": [74], "averageRating": 4.551020408163265}, {"asin": "B006VJREFS", "name": "Monster NCredible NErgy In-Ear Headphones (Discontinued by Manufacturer)", "imUrl": "http://ecx.images-amazon.com/images/I/31CeFn6HqdL._SX300_.jpg", "price": 44.99, "numReviews": 70, "groups": [75], "averageRating": 3.5142857142857142, "brand": "Monster"}, {"asin": "B009NNAXA2", "name": "JVC HAFR6W Gumy Plus High Quality Headphones (White)", "imUrl": "http://ecx.images-amazon.com/images/I/31mgGzcHAeL._SY300_.jpg", "price": 9.49, "numReviews": 8, "groups": [76], "averageRating": 4.625, "brand": "JVC"}, {"asin": "B002R2GTB8", "name": "Philips Adjustable Earhook Headsphones SHS4841/28 (Black) (Discontinued by Manufacturer)", "imUrl": "http://ecx.images-amazon.com/images/I/41btmvXAJ3L._SY300_.jpg", "price": 9.99, "numReviews": 167, "groups": [77], "averageRating": 3.7245508982035926}, {"asin": "B004LUK9GA", "name": "Philips Earhook Headphone Music Colors Pink", "imUrl": "http://ecx.images-amazon.com/images/I/21WZFAFJM9L._SY300_.jpg", "price": 8.79, "numReviews": 2, "groups": [78], "averageRating": 3.0}, {"asin": "B004OBZ2WM", "name": "MEElectronics CX21-BK In-Ear Headphones for iPod, iPhone, MP3/CD/DVD Players (Black) (Discontinued by Manufacturer)", "imUrl": "http://ecx.images-amazon.com/images/I/414jMp9LqfL._SX300_.jpg", "price": 19.23, "numReviews": 3, "groups": [79], "averageRating": 4.0}, {"asin": "B00FT34ROS", "name": "SOUL Electronics SH9BLK High-Def Sound Isolation In-Ear Headphones - Black", "imUrl": "http://ecx.images-amazon.com/images/I/31nXzf8gKiL._SY300_.jpg", "price": 24.77, "numReviews": 49, "groups": [80], "averageRating": 3.5714285714285716}, {"asin": "B001DQSDSG", "name": "JHE22PNK Stereo Earphone", "imUrl": "http://ecx.images-amazon.com/images/I/31RXUKq5LKL._SY300_.jpg", "price": 17.88, "numReviews": 3, "groups": [81], "averageRating": 4.666666666666667}, {"asin": "B0055R4TY6", "name": "EarPollution Evolution Earbuds - Gray/Pink/Blue", "imUrl": "http://ecx.images-amazon.com/images/I/31NMKVQv7tL._SY300_.jpg", "price": 22.2, "numReviews": 3, "groups": [82], "averageRating": 4.666666666666667}, {"asin": "B007RB0JQU", "name": "Philips SHE2100BL/28 In-Ear Headphones - Blue", "imUrl": "http://ecx.images-amazon.com/images/I/41VI1-G99LL._SY300_.jpg", "price": 7.2, "numReviews": 27, "groups": [83], "averageRating": 4.222222222222222, "brand": "Philips"}, {"asin": "B00935BG74", "name": "Pink Tweedz Braided Headphones - Pink, Black and White Nylon Fabric Wrapped Earbuds", "imUrl": "http://ecx.images-amazon.com/images/I/317CtVYI9KL._SX300_.jpg", "price": 25.97, "numReviews": 16, "groups": [84], "averageRating": 4.125, "brand": "Tweedz"}, {"asin": "B00BIDR434", "name": "iHip IP-DJZ16-NBL DJ Style Moveable Round DJZ Color Series Headphone, Blue", "imUrl": "http://ecx.images-amazon.com/images/I/41IjIG4s7ZL._SX300_.jpg", "price": 15.07, "numReviews": 4, "groups": [85], "averageRating": 1.0}, {"asin": "B00CHUIJ7C", "name": "iB41WUC Headphone", "imUrl": "http://ecx.images-amazon.com/images/I/4168lt5ZGlL._SY300_.jpg", "price": 21.5, "numReviews": 1, "groups": [86], "averageRating": 4.0}, {"asin": "B000FTU60A", "name": "Griffin TuneBuds Combination Lanyard and Earbuds for iPod nano 1G (White)", "imUrl": "http://ecx.images-amazon.com/images/I/41JAJBDAJFL._SX300_.jpg", "price": 0.99, "numReviews": 7, "groups": [87], "averageRating": 4.285714285714286}, {"asin": "B000U0H058", "name": "iPod iPhone MP3 Earbud Stereo Headphones - Cloud White", "imUrl": "http://ecx.images-amazon.com/images/I/41cj03yzRoL._SY300_.jpg", "price": 4.99, "numReviews": 40, "groups": [88], "averageRating": 1.95}, {"asin": "B001RB24Q4", "name": "Sony MDR-EX300/WHI Vertical In-the-Ear Style EX Style Headphones (White) (Discontinued by Manufacturer)", "imUrl": "http://ecx.images-amazon.com/images/I/31bTgUOW1xL._SX300_.jpg", "price": 79.95, "numReviews": 8, "groups": [89], "averageRating": 3.875, "brand": "Sony"}, {"asin": "B007CLUOHY", "name": "Urban Beatz Tempo Stereo Headphones - Red/White (M-HL852)", "imUrl": "http://ecx.images-amazon.com/images/I/41H3m-nCGqL._SY300_.jpg", "price": 23.82, "numReviews": 23, "groups": [90], "averageRating": 3.5652173913043477, "brand": "Urban Beatz"}, {"asin": "B008BQXQ7O", "name": "White Dj Over the Collapsible Head Earphone Headphones for Apple Ipod, Ipad, Nano, Sony Mp4, Samsung I9500 S4", "imUrl": "http://ecx.images-amazon.com/images/I/414y9O-IT%2BL._SX300_.jpg", "price": 17.99, "numReviews": 1, "groups": [91], "averageRating": 5.0}, {"asin": "B00BVOD2MW", "name": "VM Audio SRHP6 Stereo MP3/iPhone iPod Over Head On Ear DJ Headphones Red/Black", "imUrl": "http://ecx.images-amazon.com/images/I/41r7Qz68aTL._SY300_.jpg", "price": 8.99, "numReviews": 33, "groups": [92], "averageRating": 3.878787878787879}, {"asin": "B00E4LGU32", "name": "Panasonic RPTCM125P Headphones", "imUrl": "http://ecx.images-amazon.com/images/I/31m9v-Hn8%2BL._SX300_.jpg", "price": 12.45, "numReviews": 332, "groups": [93], "averageRating": 4.168674698795181, "brand": "Panasonic"}, {"asin": "B0015ADDYY", "name": "Panasonic RPHS33D Headphones", "imUrl": "http://ecx.images-amazon.com/images/I/31HBrF7NnGL._SX300_.jpg", "price": 13.33, "numReviews": 166, "groups": [94], "averageRating": 3.5180722891566263, "brand": "Panasonic"}, {"asin": "B00178LDI2", "name": "Maxell Peanutz Earbuds", "imUrl": "http://ecx.images-amazon.com/images/I/31QvXEnR72L._SY300_.jpg", "price": 11.63, "numReviews": 12, "groups": [95], "averageRating": 2.5833333333333335, "brand": "Maxell"}, {"asin": "B001TIUH9Q", "name": "Wicked WI1900 Metallic Earbud with 10mm Driver - Black", "imUrl": "http://ecx.images-amazon.com/images/I/31Epyz6dC6L._SY300_.jpg", "price": 9.99, "numReviews": 24, "groups": [96], "averageRating": 3.0, "brand": "Wicked"}, {"asin": "B00358PRD4", "name": "Coby CVEM79RED Jammerz Platinum High-Performance Isolation Stereo Earphones, Red (Discontinued by Manufacturer)", "imUrl": "http://ecx.images-amazon.com/images/I/41U2F4i2pOL._SY300_.jpg", "price": 11.45, "numReviews": 318, "groups": [97], "averageRating": 3.9874213836477987, "brand": "Coby"}, {"asin": "B004ZF0QAK", "name": "Creative EP-660 In-Ear Noise Isolating Headphones (Black) (Discontinued by Manufacturer)", "imUrl": "http://ecx.images-amazon.com/images/I/31-4RRyQFHL._SY300_.jpg", "price": 16.79, "numReviews": 70, "groups": [98], "averageRating": 4.228571428571429, "brand": "Creative"}, {"asin": "B007TRUULG", "name": "Philips SHE3590PP/28 In-Ear Headphones (Purple)", "imUrl": "http://ecx.images-amazon.com/images/I/31zEmEWgpEL._SY300_.jpg", "price": 9.99, "numReviews": 54, "groups": [99], "averageRating": 4.166666666666667, "brand": "Philips"}, {"asin": "B000RTGMNI", "name": "Equation RP-21 Stereo Monitor Headphones", "imUrl": "http://ecx.images-amazon.com/images/I/31ZFr-w2%2BAL.jpg", "price": 99.0, "numReviews": 22, "groups": [100], "averageRating": 4.545454545454546, "salesRankCategory": "Musical Instruments", "salesRank": 76306}, {"asin": "B007Y0EIB6", "name": "Bell'O Digital BDH653 Precision Bass-Ear Stye Headphone-Line Volume/Microphone with Storage Case, Black/Chrome-Copper", "imUrl": "http://ecx.images-amazon.com/images/I/41DZzneEDJL._SY300_.jpg", "price": 36.0, "numReviews": 3, "groups": [101], "averageRating": 2.6666666666666665}, {"asin": "B008RLLK1M", "name": "Sony Active Style Stereo Headphones with Around the Ear Soft Loop Hangers - Engineered for Astounding Sound and Designed for Walking, Jogging, Exercising, Sports & Bike Riding - Compatible with Most MP3, MP4, iPod, iPhone, Walkman, CD or Tape Cassette Players & All Portable Audio Devices", "imUrl": "http://ecx.images-amazon.com/images/I/416VAKZmprL._SX300_.jpg", "price": 45.95, "numReviews": 10, "groups": [102], "averageRating": 3.8}, {"asin": "B00DOGD7PW", "name": "JLab JBuds FIT Sport Earbuds , Sweatproof and Water Resistant with In-Wire Customizable Earhooks", "imUrl": "http://ecx.images-amazon.com/images/I/41Sye6nfPuL._SY300_.jpg", "price": 29.99, "numReviews": 131, "groups": [103], "averageRating": 2.7404580152671754}, {"asin": "B001QGIV9O", "name": "Philips SHE9551/27 In Ear Headphones (Discontinued by Manufacturer)", "imUrl": "http://ecx.images-amazon.com/images/I/21J-cwuzKEL._SY300_.jpg", "price": 34.99, "numReviews": 11, "groups": [104], "averageRating": 4.090909090909091}, {"asin": "B001U0O834", "name": "Altec Lansing MHP216 Headphone (Discontinued by Manufacturer)", "imUrl": "http://ecx.images-amazon.com/images/I/31ZQSsds8mL._SX300_.jpg", "price": 12.99, "numReviews": 3, "groups": [105], "averageRating": 2.6666666666666665, "brand": "Altec Lansing"}, {"asin": "B0040SYY5K", "name": "Zenex EP5350 Value Pack Stereo Earphones and Headphones (2 - Pack)", "imUrl": "http://ecx.images-amazon.com/images/I/41ky22i8WDL._SY300_.jpg", "price": 8.59, "numReviews": 2, "groups": [106], "averageRating": 1.0}, {"asin": "B004FV67YI", "name": "JVC HAF150P Headphone, Gumy, Cord-Match (Discontinued by Manufacturer)", "imUrl": "http://ecx.images-amazon.com/images/I/31feOm2ihGL._SY300_.jpg", "price": 9.25, "numReviews": 101, "groups": [107], "averageRating": 4.267326732673268, "brand": "JVC"}, {"asin": "B007JNEHNC", "name": "Ankit Berry Buds Black Noise-isolating Earphones", "imUrl": "http://ecx.images-amazon.com/images/I/31C%2BgYpQvHL._SX300_.jpg", "price": 9.99, "numReviews": 9, "groups": [108], "averageRating": 3.4444444444444446}, {"asin": "B009D9KQJ4", "name": "NEW NIPPON HP-YO-WH White iStuff MP3 iPod iPhone Stereo Headphones HPYOWH", "imUrl": "http://ecx.images-amazon.com/images/I/41dmq85EjIL._SY300_.jpg", "price": 22.5, "numReviews": 8, "groups": [109], "averageRating": 4.0}, {"asin": "B000001OMR", "name": "Maxell 190568 EB-125 Stereo Earbuds (Black)", "imUrl": "http://ecx.images-amazon.com/images/I/31GYX384DTL._SY300_.jpg", "price": 1.1, "numReviews": 9, "groups": [110], "averageRating": 1.1111111111111112, "brand": "Maxell"}, {"asin": "B000Q7A0LG", "name": "Handstands 03618 The Core - Headphone Cord Manager - Black Frost Green", "imUrl": "http://ecx.images-amazon.com/images/I/411rlnYHHBL._SY300_.jpg", "price": 11.85, "numReviews": 1, "groups": [111], "averageRating": 5.0}, {"asin": "B000SY70JC", "name": "Coby CV163 Full Size Folding Digital Stereo Headphones with Volume Control, White (Discontinued by Manufacturer)", "imUrl": "http://ecx.images-amazon.com/images/I/41N32Rez0BL._SY300_.jpg", "price": 14.99, "numReviews": 15, "groups": [112], "averageRating": 3.066666666666667, "brand": "Coby"}, {"asin": "B001PAEASC", "name": "Coby CVE52SVR Jammerz High-Performance Isolation Stereo Earphones, Silver (Discontinued by Manufacturer)", "imUrl": "http://ecx.images-amazon.com/images/I/31E3SDt2z6L._SY300_.jpg", "price": 6.95, "numReviews": 498, "groups": [113], "averageRating": 3.285140562248996, "brand": "Coby"}, {"asin": "B002TMRTWO", "name": "iHip Nickelodeon SBF10156 - Spongebob Headphones (Yellow/Black) (Discontinued by Manufacturer)", "imUrl": "http://ecx.images-amazon.com/images/I/41ZTKZOpW7L._SY300_.jpg", "price": 18.99, "numReviews": 2, "groups": [114], "averageRating": 5.0}, {"asin": "B003EM8080", "name": "Panasonic RPHS200D In-Ear Clip Headphone , Orange (Discontinued by Manufacturer)", "imUrl": "http://ecx.images-amazon.com/images/I/41CDJQ16hqL._SX300_.jpg", "price": 29.99, "numReviews": 4, "groups": [115], "averageRating": 4.0, "brand": "Panasonic"}, {"asin": "B00E4LGTVU", "name": "Panasonic RPTCM125V Headphones", "imUrl": "http://ecx.images-amazon.com/images/I/31%2BLq7tsyhL._SX300_.jpg", "price": 12.74, "numReviews": 332, "groups": [116], "averageRating": 4.168674698795181, "brand": "Panasonic"}, {"asin": "B0015AM39K", "name": "Sony Mdr-Ex55/Whi Ex Earbuds Headphones with Silicon Housing (White) (Discontinued by Manufacturer)", "imUrl": "http://ecx.images-amazon.com/images/I/31mT%2B4UnRaL._SY300_.jpg", "price": 24.99, "numReviews": 12, "groups": [117], "averageRating": 3.5}, {"asin": "B001QMRRZC", "name": "Jabra OEM Stereo 2.5mm headset with ear cushions", "imUrl": "http://ecx.images-amazon.com/images/I/31iZgLaBddL._SX300_.jpg", "price": 3.99, "numReviews": 22, "groups": [118], "averageRating": 3.409090909090909}, {"asin": "B003AM8822", "name": "Maxell Juicy Tunes Earbud", "imUrl": "http://ecx.images-amazon.com/images/I/51Idk5lGV0L._SY300_.jpg", "price": 7.91, "numReviews": 7, "groups": [119], "averageRating": 4.285714285714286, "brand": "Maxell"}, {"asin": "B003WVA6P8", "name": "Sennheiser Adidas CX 680i Sports Headset (Discontinued by Manufacturer)", "imUrl": "http://ecx.images-amazon.com/images/I/41YGWKSZRuL._SY300_.jpg", "price": 33.99, "numReviews": 149, "groups": [120], "averageRating": 3.684563758389262}, {"asin": "B0061ZFWBU", "name": "Syba CL-AUD63033 Circumaural Over-Ear Stereo Headphone - Yellow", "imUrl": "http://ecx.images-amazon.com/images/I/41t5aINw3VL._SX300_.jpg", "price": 13.14, "numReviews": 139, "groups": [121], "averageRating": 4.16546762589928, "brand": "Syba"}, {"asin": "B00D1D8AYQ", "name": "Panasonic RP-HJE120-G Ergo Fit Stereo Earphones for  5th Gen nano iPod (Green)", "imUrl": "http://ecx.images-amazon.com/images/I/41DiIKEPesL._SY300_.jpg", "price": 8.48, "numReviews": 5, "groups": [122], "averageRating": 4.8}, {"asin": "B00EHAAMMU", "name": "Generic Stereo Headphones Earphone White Headset For DJ PSP MP3 MP4 PC", "imUrl": "http://ecx.images-amazon.com/images/I/41APUilzIiL._SY300_.jpg", "price": 5.29, "numReviews": 2, "groups": [123], "averageRating": 4.0}, {"asin": "B0015AFN5Q", "name": "Panasonic RPHS33G Headphones", "imUrl": "http://ecx.images-amazon.com/images/I/31OTOmzx0RL._SX300_.jpg", "price": 8.99, "numReviews": 165, "groups": [124], "averageRating": 3.515151515151515}, {"asin": "B0018QXYIK", "name": "Radius Atomic Bass Aluminum Earbuds - Black (Discontinued by Manufacturer)", "imUrl": "http://ecx.images-amazon.com/images/I/411iiCnZ%2BQL._SY300_.jpg", "price": 26.99, "numReviews": 84, "groups": [125], "averageRating": 3.630952380952381}, {"asin": "B001FXUFS8", "name": "Sony Style Studio Sound Quality Stereo Headphones in Black (Model# MDR-EX85LP)", "imUrl": "http://ecx.images-amazon.com/images/I/21R4FoZxP3L.jpg", "price": 33.99, "numReviews": 3, "groups": [126], "averageRating": 5.0}, {"asin": "B0028MOJBO", "name": "Memorex EB300-A In-Ear Earbuds", "imUrl": "http://ecx.images-amazon.com/images/I/31DEs%2BwgWnL._SY300_.jpg", "price": 10.99, "numReviews": 31, "groups": [127], "averageRating": 3.774193548387097, "brand": "Memorex"}, {"asin": "B003VNKKTY", "name": "Philips O'Neill SHO8801/28 On-Ear Headphones (Black Ice) (Discontinued by Manufacturer)", "imUrl": "http://ecx.images-amazon.com/images/I/4114dpjrYuL._SY300_.jpg", "price": 44.99, "numReviews": 167, "groups": [128], "averageRating": 4.251497005988024}, {"asin": "B004QOA948", "name": "Sony DREX12IP/BLU EX Earbuds with iPod Remote - Ear set - Retail Packaging - Blue", "imUrl": "http://ecx.images-amazon.com/images/I/31H7wlUgGtL._SY300_.jpg", "price": 19.99, "numReviews": 243, "groups": [129], "averageRating": 3.814814814814815, "brand": "Sony", "salesRankCategory": "Cell Phones & Accessories", "salesRank": 30354}, {"asin": "B0086X2BRI", "name": "iHOME IB43WM Fashion Headphone, White and Gold", "imUrl": "http://ecx.images-amazon.com/images/I/41FOZTUn0bL._SY300_.jpg", "price": 18.75, "numReviews": 10, "groups": [130], "averageRating": 4.2}, {"asin": "B0094R4Q6Y", "name": "Sennheiser PMX 685i Adidas Sports In-Ear Neckband Headphones - Black", "imUrl": "http://ecx.images-amazon.com/images/I/411hfdJaSQL._SY300_.jpg", "price": 52.95, "numReviews": 259, "groups": [34], "averageRating": 3.722007722007722, "brand": "Sennheiser"}, {"asin": "B002DU466O", "name": "Creative EP-630 In Ear Noise Isolating Headphones (Green)", "imUrl": "http://ecx.images-amazon.com/images/I/215wNR3WOZL._SX300_.jpg", "price": 12.99, "numReviews": 507, "groups": [131], "averageRating": 4.102564102564102}, {"asin": "B004H1O3D8", "name": "Rocketfish Stereo In Ear Earbud Headphones Orange Tangerine", "imUrl": "http://ecx.images-amazon.com/images/I/314GST4jxBL._SX300_.jpg", "price": 8.58, "numReviews": 3, "groups": [132], "averageRating": 3.3333333333333335}, {"asin": "B005K925UO", "name": "JVC HAFX5B Gumy Plus Inner Ear Headphones -Black", "imUrl": "http://ecx.images-amazon.com/images/I/414YK55H2YL._SY300_.jpg", "price": 7.19, "numReviews": 136, "groups": [133], "averageRating": 4.154411764705882, "brand": "JVC"}, {"asin": "B00789K6O6", "name": "SoundMAGIC ES18 In-Ear Headphones, 15Hz-22KHz Frequency Range, Orange", "imUrl": "http://ecx.images-amazon.com/images/I/31i7s1AFp%2BL._SY300_.jpg", "price": 11.99, "numReviews": 16, "groups": [134], "averageRating": 4.0625, "brand": "SoundMAGIC"}, {"asin": "B0009VE21I", "name": "JVC HAF120A Gumy Headphone (Blue)", "imUrl": "http://ecx.images-amazon.com/images/I/21KDmO-39nL.jpg", "price": 18.14, "numReviews": 46, "groups": [135], "averageRating": 3.9130434782608696}, {"asin": "B000QS4FMA", "name": "Philips SHE5910 Virtual Surround Sound In-Ear Headphones (Discontinued by Manufacturer)", "imUrl": "http://ecx.images-amazon.com/images/I/41p-XeML7mL._SY300_.jpg", "price": 34.99, "numReviews": 141, "groups": [136], "averageRating": 3.50354609929078}, {"asin": "B002P61U1U", "name": "BIRUGEAR Universal 3.5mm Stereo Candy Soft Gel Headset Earbuds - White for Apple iPod Touch 1st 2nd 3rd Generation, iPod Nano 5th 4th 3rd 2nd Generation, Classic, Video", "imUrl": "http://ecx.images-amazon.com/images/I/315FXvWUS2L._SY300_.jpg", "price": 0.99, "numReviews": 1, "groups": [137], "averageRating": 5.0}, {"asin": "B003A4V0UC", "name": "Sentry HO341 Balls In-Earbuds, Black", "imUrl": "http://ecx.images-amazon.com/images/I/31jO1CTFjgL._SY300_.jpg", "price": 0.65, "numReviews": 21, "groups": [138], "averageRating": 2.3333333333333335}, {"asin": "B004RKQMCY", "name": "Sony MDRZX300/BLK Stereo Headphones", "imUrl": "http://ecx.images-amazon.com/images/I/41WuIwMFD9L._SY300_.jpg", "price": 26.99, "numReviews": 1318, "groups": [139], "averageRating": 4.330045523520486, "brand": "Sony"}, {"asin": "B008SOSDMW", "name": "JVC HAFR6V Gumy Plus High Quality Headphones (Violet)", "imUrl": "http://ecx.images-amazon.com/images/I/417K4Jsdp3L._SY300_.jpg", "price": 10.31, "numReviews": 37, "groups": [140], "averageRating": 4.135135135135135, "brand": "JVC"}, {"asin": "B00A6XFHMM", "name": "Nakamichi Fashion Headphones - Blue", "imUrl": "http://ecx.images-amazon.com/images/I/41GG6FGZZOL._SY300_.jpg", "price": 26.99, "numReviews": 8, "groups": [141], "averageRating": 3.875, "brand": "Nakamichi"}, {"asin": "B00HXTHFJA", "name": "Panasonic RP-HJE120 ErgoFit In-Ear Headphones Stereo Earbuds (2-Pack, Black)", "imUrl": "http://ecx.images-amazon.com/images/I/51PNzVA%2BZ8L._SY300_.jpg", "price": 16.97, "numReviews": 57, "groups": [142], "averageRating": 4.526315789473684, "brand": "Panasonic"}, {"asin": "B003CJTR82", "name": "Philips Flexible Earhook Headphones SHS3200BK/37", "imUrl": "http://ecx.images-amazon.com/images/I/41Y7VV7bI6L._SX300_.jpg", "price": 5.0, "numReviews": 1688, "groups": [143], "averageRating": 3.6860189573459716, "brand": "Philips"}, {"asin": "B003EM6AQE", "name": "Panasonic RPHJE120V In-Ear Headphone, Violet", "imUrl": "http://ecx.images-amazon.com/images/I/41svuP%2BrtbL._SY300_.jpg", "price": 8.49, "numReviews": 11697, "groups": [144], "averageRating": 4.393690689920493, "brand": "Panasonic"}, {"asin": "B004C04P6O", "name": "Beyerdynamic DTX 21 iE Style Ear Buds (Green & Tan) (Discontinued by Manufacturer)", "imUrl": "http://ecx.images-amazon.com/images/I/41EkOdG9HuL._SY300_.jpg", "price": 9.99, "numReviews": 1, "groups": [145], "averageRating": 4.0}, {"asin": "B004FV67XE", "name": "JVC HAF150A Headphone, Gumy, Cord-Match (Discontinued by Manufacturer)", "imUrl": "http://ecx.images-amazon.com/images/I/31dsRsMPhVL._SX300_.jpg", "price": 11.25, "numReviews": 86, "groups": [146], "averageRating": 4.232558139534884, "brand": "JVC"}, {"asin": "B005E8MVSC", "name": "Syba CL-AUD63023 Syba Over the Ear Circumaural Headphone with 3.5mm Connector - Brown", "imUrl": "http://ecx.images-amazon.com/images/I/31sdgbkMQdL._SY300_.jpg", "price": 10.98, "numReviews": 1, "groups": [147], "averageRating": 3.0, "brand": "Syba"}, {"asin": "B0084Y868M", "name": "BestDealUSA Wireless Folding Headphone MP3 Player With FM Radio White", "imUrl": "http://ecx.images-amazon.com/images/I/41xK0jz%2B1QL._SY300_.jpg", "price": 6.95, "numReviews": 3, "groups": [148], "averageRating": 3.3333333333333335}, {"asin": "B0086Y491I", "name": "Hype Comfort Plus Earbud Stereo Headphones w/3.5mm Jack (Pink)", "imUrl": "http://ecx.images-amazon.com/images/I/31ZsN1eezHL.jpg", "price": 4.99, "numReviews": 3, "groups": [149], "averageRating": 3.6666666666666665}, {"asin": "B00BLG5CSC", "name": "Philips ActionFit Sports Earhook Headphones SHQ3200/28, Orange and Grey", "imUrl": "http://ecx.images-amazon.com/images/I/41Oi1saQFPL._SY300_.jpg", "price": 14.0, "numReviews": 84, "groups": [150], "averageRating": 3.357142857142857, "brand": "Philips"}, {"asin": "B00BY67V88", "name": "VM Audio SRHP9 Stereo MP3/iPhone iPod Over Head On Ear DJ Headphones - Black/Red", "imUrl": "http://ecx.images-amazon.com/images/I/41fFeXT5bVL._SY300_.jpg", "price": 8.99, "numReviews": 4, "groups": [151], "averageRating": 3.25}, {"asin": "B000FTU5ZG", "name": "Griffin TuneBuds Combination Lanyard and Earbuds for iPod nano 1G (Black)", "imUrl": "http://ecx.images-amazon.com/images/I/41FCb14yeoL._SY300_.jpg", "price": 5.99, "numReviews": 10, "groups": [152], "averageRating": 3.9}, {"asin": "B001KOB7E8", "name": "Sennheiser OMX60 Ergonomic Earbuds with Basswind System Sound (Discontinued by Manufacturer)", "imUrl": "http://ecx.images-amazon.com/images/I/41Tg614x%2BgL._SY300_.jpg", "price": 29.95, "numReviews": 41, "groups": [153], "averageRating": 3.268292682926829}, {"asin": "B002TMPSUE", "name": "NEMO DIGITAL ICF10152PK iCarly iGlam Earbuds with Clear Crystal Studs Style", "imUrl": "http://ecx.images-amazon.com/images/I/41TqVHTLzKL._SY300_.jpg", "price": 8.5, "numReviews": 2, "groups": [154], "averageRating": 2.5}, {"asin": "B003VJ1O34", "name": "Sennheiser Adidas MX 680i Sports Headset", "imUrl": "http://ecx.images-amazon.com/images/I/31oi0yQvhJL._SY300_.jpg", "price": 26.99, "numReviews": 111, "groups": [155], "averageRating": 3.4234234234234235}, {"asin": "B0045SROU2", "name": "Rocketfish RF-EB22 Mobile - Hands-Free Earbud Headset", "imUrl": "http://ecx.images-amazon.com/images/I/41DuZ8RN0TL._SY300_.jpg", "price": 8.59, "numReviews": 5, "groups": [156], "averageRating": 4.0}, {"asin": "B00A8FCX8E", "name": "Monster DNA In-Ear Headphones with Control Talk (Black) (Discontinued by Manufacturer)", "imUrl": "http://ecx.images-amazon.com/images/I/41FKwxuUGaL._SY300_.jpg", "price": 68.82, "numReviews": 23, "groups": [157], "averageRating": 4.086956521739131}, {"asin": "B00CS5GRC0", "name": "iHome IB11RY Sports hook earbuds Red Yellow", "imUrl": "http://ecx.images-amazon.com/images/I/415gEQA18oL._SY300_.jpg", "price": 20.0, "numReviews": 1, "groups": [158], "averageRating": 5.0}, {"asin": "B00HJKUB4O", "name": "GooDGo(TM) Premium Adjustable Circumaural 3.5mm Over-Ear Stereo Headphone for iPod, MP3, MP4, PC and iPhone Music-Red", "imUrl": "http://ecx.images-amazon.com/images/I/41ZNQOtKV8L._SY300_.jpg", "price": 5.29, "numReviews": 4, "groups": [159], "averageRating": 2.0}, {"asin": "B000065BPB", "name": "Sennheiser HD-280 PRO Headphones", "imUrl": "http://ecx.images-amazon.com/images/I/413dm8SG1nL._SY300_.jpg", "price": 89.89, "numReviews": 1307, "groups": [160], "averageRating": 4.364957918898241, "brand": "Sennheiser"}, {"asin": "B0009Y3RDO", "name": "SENNHEISER HD 280 DJS / HEADPHONES (SILVER)", "imUrl": "http://ecx.images-amazon.com/images/I/311DO3JHhIL._SX300_.jpg", "price": 125.99, "numReviews": 1, "groups": [161], "averageRating": 3.0, "salesRankCategory": "Musical Instruments", "salesRank": 122687}, {"asin": "B000Y3YKMW", "name": "JVC HA-FX300B In-Ear Headphones (Black) (Discontinued by Manufacturer)", "imUrl": "http://ecx.images-amazon.com/images/I/41G3B54UVFL._SX300_.jpg", "price": 106.99, "numReviews": 22, "groups": [162], "averageRating": 3.5454545454545454}, {"asin": "B004GINPNQ", "name": "Sennheiser i300 Headset", "imUrl": "http://ecx.images-amazon.com/images/I/31huHvqiyOL._SY300_.jpg", "price": 21.21, "numReviews": 2, "groups": [163], "averageRating": 4.0}, {"asin": "B004RF9X70", "name": "Sony MDRZX300 Blue Outdoor headband headphones", "imUrl": "http://ecx.images-amazon.com/images/I/21dMVlyUSjL._SX300_.jpg", "price": 24.75, "numReviews": 18, "groups": [164], "averageRating": 4.555555555555555, "brand": "Sony"}, {"asin": "B004RKQM8I", "name": "Sony MDR-ZX100 ZX Series Headphones (White)", "imUrl": "http://ecx.images-amazon.com/images/I/31Avw433I1L._SY300_.jpg", "price": 14.75, "numReviews": 2767, "groups": [165], "averageRating": 4.263462233465847, "brand": "Sony"}, {"asin": "B00A34TU7W", "name": "Sennheiser IE 800 Audiophile Ear Canal Headphones", "imUrl": "http://ecx.images-amazon.com/images/I/41UsZ2x40IL._SY300_.jpg", "price": 749.59, "numReviews": 21, "groups": [166], "averageRating": 4.571428571428571, "brand": "Sennheiser"}, {"asin": "B00AN8KSC4", "name": "Frends Ella Rose, Gold and White", "imUrl": "http://ecx.images-amazon.com/images/I/31L5HaXUdaL._SX300_.jpg", "price": 99.99, "numReviews": 3, "groups": [167], "averageRating": 4.666666666666667, "brand": "Frends"}, {"asin": "B00B7J7QAU", "name": "Frends Layla Headphones", "imUrl": "http://ecx.images-amazon.com/images/I/31k5Y69sojL._SY300_.jpg", "price": 199.99, "numReviews": 7, "groups": [168], "averageRating": 3.5714285714285716}, {"asin": "B00001W0DC", "name": "Sony MDR-V250V Monitor Series Headphones with In-line Volume Control (Discontinued by Manufacturer)", "imUrl": "http://ecx.images-amazon.com/images/I/41HVN5%2BVWVL._SX300_.jpg", "price": 36.95, "numReviews": 47, "groups": [169], "averageRating": 3.6382978723404253, "brand": "Sony"}, {"asin": "B001EZUQ5E", "name": "Sennheiser CX200 Twist-to-Fit Earbuds", "imUrl": "http://ecx.images-amazon.com/images/I/31k7iP%2B64mL._SX300_.jpg", "price": 20.98, "numReviews": 548, "groups": [170], "averageRating": 4.1678832116788325, "brand": "Sennheiser"}, {"asin": "B001GUNJPG", "name": "Altec Lansing UHP106 Backbeat Series In Ear Headphone with Ulitmate Ears technology (Discontinued by Manufacturer)", "imUrl": "http://ecx.images-amazon.com/images/I/41uJuFZpogL._SY300_.jpg", "price": 12.99, "numReviews": 75, "groups": [171], "averageRating": 3.68}, {"asin": "B002J9G72U", "name": "Scosche Blue thudBUDS Hi-Fi Ear Bud He", "imUrl": "http://ecx.images-amazon.com/images/I/31g3JSo-wlL._SX300_.jpg", "price": 10.18, "numReviews": 18, "groups": [172], "averageRating": 4.611111111111111}, {"asin": "B003EM4QB0", "name": "Panasonic RP-HJE350-S SLIMZ In-Ear Earbud Headphones (Silver) (Discontinued by Manufacturer)", "imUrl": "http://ecx.images-amazon.com/images/I/41yGXurGJyL._SY300_.jpg", "price": 21.9, "numReviews": 225, "groups": [173], "averageRating": 4.16}, {"asin": "B005JXH1F0", "name": "Polk Audio UltraFit 1000 Headphones - Black (ULTRAFIT 1000BLK)", "imUrl": "http://ecx.images-amazon.com/images/I/31bVLUDpiPL._SX300_.jpg", "price": 42.18, "numReviews": 42, "groups": [174], "averageRating": 3.738095238095238, "brand": "Polk Audio"}, {"asin": "B00688VUH0", "name": "Scosche SportCLIPS II - Sport Clip Earbuds, Black (HPSC60BK)", "imUrl": "http://ecx.images-amazon.com/images/I/41rr4eCa6jL._SY300_.jpg", "price": 24.99, "numReviews": 4, "groups": [175], "averageRating": 3.0}, {"asin": "B007JT480S", "name": "Black 3.5mm Stereo Ear Headphone Headset Earphone For Apple iPhone iPod", "imUrl": "http://ecx.images-amazon.com/images/I/41vAkKpJj3L._SY300_.jpg", "price": 0.01, "numReviews": 5, "groups": [176], "averageRating": 2.8}, {"asin": "B009U8ZJTK", "name": "JVC HAFR6R Jvc Hafr6r Gummy Plus In-Ear Headphones With Remote & Mic (Red)", "imUrl": "http://ecx.images-amazon.com/images/I/411gtkpxYSL._SY300_.jpg", "price": 11.97, "numReviews": 1, "groups": [177], "averageRating": 5.0, "brand": "JVC"}, {"asin": "B0026NW2NW", "name": "Audio Technica Audio-Technica ATH-CK1W In-Ear Headphones White", "imUrl": "http://ecx.images-amazon.com/images/I/31gjmqDMHyL._SY300_.jpg", "price": 8.59, "numReviews": 24, "groups": [178], "averageRating": 4.125}, {"asin": "B002M78JAC", "name": "Sony MDREX38iP/WHI EX Earbud with iPod Remote Control (White)", "imUrl": "http://ecx.images-amazon.com/images/I/318NQEQO2ML._SX300_.jpg", "price": 17.99, "numReviews": 513, "groups": [179], "averageRating": 3.7914230019493176, "brand": "Sony"}, {"asin": "B0038W0K52", "name": "MEElectronics SX-31-BK Enhanced Bass Sound-Isolating Earbuds for iPod, iPhone, MP3/CD/DVD Players - Black", "imUrl": "http://ecx.images-amazon.com/images/I/41n5J53vqcL._SY300_.jpg", "price": 9.99, "numReviews": 16, "groups": [180], "averageRating": 3.375, "brand": "MEElectronics"}, {"asin": "B004M8PPF6", "name": "Audio Technica ATH-CKF500PGD In-Ear Headphones with Rhinestone, Pink/Gold", "imUrl": "http://ecx.images-amazon.com/images/I/41O4CWN1iiL._SY300_.jpg", "price": 10.01, "numReviews": 3, "groups": [181], "averageRating": 5.0}, {"asin": "B006WBO51G", "name": "Exclusive Philips SHS3215 Earhook Headphones- Purple By Philips (New)", "imUrl": "http://ecx.images-amazon.com/images/I/31Vlqxl3m0L._SY300_.jpg", "price": 9.99, "numReviews": 6, "groups": [182], "averageRating": 4.166666666666667}, {"asin": "B007CLUOZG", "name": "Urban Beatz Tempo Stereo Headphones - Black/Yellow (M-HL815)", "imUrl": "http://ecx.images-amazon.com/images/I/41YOL2c7hGL._SY300_.jpg", "price": 23.15, "numReviews": 23, "groups": [183], "averageRating": 3.5652173913043477, "brand": "Urban Beatz"}, {"asin": "B001QE32BI", "name": "JVC HA-F140-W Gumy Earbuds (Coconut White) (Discontinued by Manufacturer)", "imUrl": "http://ecx.images-amazon.com/images/I/31qEakFzEbL._SY300_.jpg", "price": 12.42, "numReviews": 15, "groups": [184], "averageRating": 4.2}, {"asin": "B004443WQC", "name": "TRON T3 In-Ear Headphones - Disney Tron T3 In-Ear Headphones (Discontinued by Manufacturer)", "imUrl": "http://ecx.images-amazon.com/images/I/41Oh%2BboEBtL._SY300_.jpg", "price": 70.99, "numReviews": 28, "groups": [185], "averageRating": 3.1785714285714284}, {"asin": "B004AVIVB0", "name": "Audio Technica ATH-CKM55 Earbuds - Black", "imUrl": "http://ecx.images-amazon.com/images/I/31BEsUcta3L._SY300_.jpg", "price": 70.54, "numReviews": 3, "groups": [186], "averageRating": 4.666666666666667}, {"asin": "B007U12M8U", "name": "SOMK Over the Ear Style Earphones - Set of 4", "imUrl": "http://ecx.images-amazon.com/images/I/51llBjFa6ML._SX300_.jpg", "price": 8.58, "numReviews": 3, "groups": [187], "averageRating": 4.666666666666667}, {"asin": "B00A7CSPMQ", "name": "SoundLogic Dynabass Headphones With Microphone (White)", "imUrl": "http://ecx.images-amazon.com/images/I/41ZkfAHB59L._SY300_.jpg", "price": 12.0, "numReviews": 53, "groups": [188], "averageRating": 3.660377358490566}, {"asin": "B001E2SHI0", "name": "JVC HAFXC50B Micro HD Inner Ear Headphone (Black) (Discontinued by Manufacturer)", "imUrl": "http://ecx.images-amazon.com/images/I/31GG7rnZLyL._SY300_.jpg", "price": 8.49, "numReviews": 18, "groups": [189], "averageRating": 3.1666666666666665}, {"asin": "B001QVAL4M", "name": "Wicked WI2300 Little Buds Earbud - Black", "imUrl": "http://ecx.images-amazon.com/images/I/41WZ24AN%2BTL._SY300_.jpg", "price": 27.6, "numReviews": 37, "groups": [190], "averageRating": 3.6216216216216215}, {"asin": "B002YT1G1W", "name": "SONY MDR-EX56 Stereo Head Phone", "imUrl": "http://ecx.images-amazon.com/images/I/31CDcQe7duL._SY300_.jpg", "price": 24.99, "numReviews": 11, "groups": [191], "averageRating": 3.090909090909091}, {"asin": "B004GV0HS4", "name": "dB Logic EP-100 Earbud Headphones (Blue)", "imUrl": "http://ecx.images-amazon.com/images/I/41S2O0FSE8L._SY300_.jpg", "price": 12.58, "numReviews": 41, "groups": [192], "averageRating": 3.707317073170732}, {"asin": "B004MMEI8C", "name": "Panasonic RPDJS400R Headphones", "imUrl": "http://ecx.images-amazon.com/images/I/41JQvwrM4LL._SY300_.jpg", "price": 23.99, "numReviews": 408, "groups": [193], "averageRating": 4.178921568627451, "brand": "Panasonic"}, {"asin": "B004Y9BG4C", "name": "Skullcandy S2DUDZ023 Headphone Earbud (Discontinued by Manufacturer)", "imUrl": "http://ecx.images-amazon.com/images/I/41m%2BksH-C1L._SY300_.jpg", "price": 8.99, "numReviews": 17, "groups": [194], "averageRating": 4.352941176470588, "brand": "Skullcandy"}, {"asin": "B005M7AVLO", "name": "Sony DREX61IP Premium EX Monitor Earbuds (Black)", "imUrl": "http://ecx.images-amazon.com/images/I/41uoG7UfQDL._SY300_.jpg", "price": 39.75, "numReviews": 286, "groups": [195], "averageRating": 4.0174825174825175, "brand": "Sony"}, {"asin": "B007AJB1BG", "name": "AUDIOLOGY AU-160-ST In-Ear Stereo Earphones for MP3 Players, iPods and iPhones (Multicolored)", "imUrl": "http://ecx.images-amazon.com/images/I/41%2BXMwZ2zXL._SY300_.jpg", "price": 16.49, "numReviews": 3, "groups": [196], "averageRating": 3.6666666666666665}, {"asin": "B00AOIL52U", "name": "NEW Foldable Stereo Sound Headphone 3.5 Mm Earphone for Pc Laptop Mp5/4 Black", "imUrl": "http://ecx.images-amazon.com/images/I/41zWdfA4brL._SY300_.jpg", "price": 5.29, "numReviews": 15, "groups": [197], "averageRating": 3.4}, {"asin": "B00BUL5A9E", "name": "Panasonic RP-HXD5C-W Street Style Monitor Headphones, White (Discontinued by Manufacturer)", "imUrl": "http://ecx.images-amazon.com/images/I/31y1jcLksPL._SY300_.jpg", "price": 22.48, "numReviews": 19, "groups": [198], "averageRating": 4.052631578947368, "brand": "Panasonic"}, {"asin": "B00FZHCR04", "name": "JLab JBuds EPIC Earbuds with 13mm C3 Massive Drivers and Customizable Cush Fins - Black/Gray", "imUrl": "http://ecx.images-amazon.com/images/I/413yVDG-K4L._SY300_.jpg", "price": 30.79, "numReviews": 278, "groups": [199], "averageRating": 4.100719424460432}, {"asin": "B000EORVBS", "name": "Califone First Stereo Headphone Lightweight for Young Children Red (Discontinued by Manufacturer)", "imUrl": "http://ecx.images-amazon.com/images/I/31RD-yFo%2B5L._SY300_.jpg", "price": 17.5, "numReviews": 26, "groups": [200], "averageRating": 4.269230769230769}, {"asin": "B001QVFOB2", "name": "Wicked PUR600 6mm Pure Headphones - Black (Discontinued by Manufacturer)", "imUrl": "http://ecx.images-amazon.com/images/I/41I2yfgo8iL._SY300_.jpg", "price": 32.98, "numReviews": 4, "groups": [201], "averageRating": 4.25}, {"asin": "B003G8TIMO", "name": "Panasonic RPHJE450K  In-Ear Headphones ,Black", "imUrl": "http://ecx.images-amazon.com/images/I/119olSrlbjL.jpg", "price": 26.24, "numReviews": 2, "groups": [202], "averageRating": 4.5, "brand": "Panasonic"}, {"asin": "B003VNKKSA", "name": "Philips O'Neill SHO9553/28 Sound-Isolating In-Ear Headphones (White Speckled Out) (Discontinued by Manufacturer)", "imUrl": "http://ecx.images-amazon.com/images/I/31RsC6rrzUL._SY300_.jpg", "price": 39.99, "numReviews": 175, "groups": [203], "averageRating": 3.874285714285714, "brand": "Philips"}, {"asin": "B004PEIGPS", "name": "iLuv iEP322SIL City Lights In-Ear Earphones - Ultra Bass - Silver (Discontinued by Manufacturer)", "imUrl": "http://ecx.images-amazon.com/images/I/41OB845PrVL._SY300_.jpg", "price": 10.69, "numReviews": 1439, "groups": [204], "averageRating": 4.14176511466296}, {"asin": "B005WKYF3G", "name": "Able Planet Clear Harmony Sound Isolation Earphones (Black Chrome)", "imUrl": "http://ecx.images-amazon.com/images/I/41aC20pMPNL._SY300_.jpg", "price": 89.0, "numReviews": 2, "groups": [205], "averageRating": 2.5, "brand": "Able Planet"}, {"asin": "B006HGT1SS", "name": "I-Tec T5503 Lethal Audio Digital Stereo DJ Headphone, Large - Red", "imUrl": "http://ecx.images-amazon.com/images/I/41UVUy6eYxL._SY300_.jpg", "price": 40.33, "numReviews": 1, "groups": [206], "averageRating": 4.0}, {"asin": "B001O2S9GA", "name": "2XL 2X-001N Ratio Nuevo Sonido Ear Bud Headphones (Red,White,Green) (Discontinued by Manufacturer)", "imUrl": "http://ecx.images-amazon.com/images/I/41NdolH8WCL._SY300_.jpg", "price": 4.0, "numReviews": 3, "groups": [207], "averageRating": 2.6666666666666665, "brand": "2XL"}, {"asin": "B003MG9DPC", "name": "Sony MDRPQ3/PNK PIIQ Headphones (Discontinued by Manufacturer)", "imUrl": "http://ecx.images-amazon.com/images/I/31QcT8wompL._SY300_.jpg", "price": 39.99, "numReviews": 11, "groups": [208], "averageRating": 3.909090909090909}, {"asin": "B0046ZSWX2", "name": "Sony MDREX86LP/BLK Headphones (Black) (Discontinued by Manufacturer)", "imUrl": "http://ecx.images-amazon.com/images/I/419FGrVJ2jL._SY300_.jpg", "price": 129.95, "numReviews": 12, "groups": [209], "averageRating": 4.166666666666667}, {"asin": "B004RE3YQW", "name": "Sony MDRE9LP/WHI Earbud Headphones", "imUrl": "http://ecx.images-amazon.com/images/I/316pF9aWRBL._SY300_.jpg", "price": 7.85, "numReviews": 511, "groups": [210], "averageRating": 3.792563600782779, "brand": "Sony"}, {"asin": "B006Z2Z2GO", "name": "Coby CVE53RED Jammerz Attitduz Stereo Earphones, Red (Discontinued by Manufacturer)", "imUrl": "http://ecx.images-amazon.com/images/I/31IMiq6N53L._SY300_.jpg", "price": 5.29, "numReviews": 27, "groups": [211], "averageRating": 3.962962962962963, "brand": "Coby"}, {"asin": "B00BBDL55Y", "name": "Audio Technica ATHCLR100BK In-Ear Headphones, Black", "imUrl": "http://ecx.images-amazon.com/images/I/31pOEWCxEmL._SY300_.jpg", "price": 15.76, "numReviews": 31, "groups": [212], "averageRating": 4.548387096774194}, {"asin": "B003V4ABN8", "name": "New Balance NB438B Sport Earbuds with Interchangeable Colored Ear Cushions and Cord Lengths (Black) (Discontinued by Manufacturer)", "imUrl": "http://ecx.images-amazon.com/images/I/31qRekM-q4L._SX300_.jpg", "price": 5.93, "numReviews": 1, "groups": [213], "averageRating": 2.0}, {"asin": "B007N16IZ0", "name": "Panasonic RP-HJE295-A Deep Base Ergo-Fit Inner Ear Earbud Headphone Blue (Discontinued by Manufacturer)", "imUrl": "http://ecx.images-amazon.com/images/I/31l0KkI1awL._SY300_.jpg", "price": 17.99, "numReviews": 40, "groups": [214], "averageRating": 3.925, "brand": "Panasonic"}, {"asin": "B00GA2XVYO", "name": "Sony Lightweight in Ear Deep Bass Sound Isolating Stereo Earbud Headphones with 3-Button Remote/Mic Compatable with Smartphones, Apple Ipod/iphone, Mp3 Players, Cd Players, Laptops, and More, Black", "imUrl": "http://ecx.images-amazon.com/images/I/41vMmElQuXL._SY300_.jpg", "price": 44.95, "numReviews": 1, "groups": [215], "averageRating": 2.0}, {"asin": "B00002JXG9", "name": "Maxell HB-375 Digital Stereo Wrap-Around Head Buds", "imUrl": "http://ecx.images-amazon.com/images/I/31ggTvgNUQL.jpg", "price": 12.0, "numReviews": 4, "groups": [216], "averageRating": 1.25, "brand": "Maxell"}, {"asin": "B004K6JBV4", "name": "Audio Technica ATH-CKL200 Earbuds - Black", "imUrl": "http://ecx.images-amazon.com/images/I/41HYol%2B1j5L._SY300_.jpg", "price": 14.95, "numReviews": 14, "groups": [217], "averageRating": 3.5714285714285716, "salesRankCategory": "Office Products", "salesRank": 109264}, {"asin": "B009994N3S", "name": "Altec Lansing MZX2071S Noise-Reducing Stereo In-Ear Headphones w/ Dynamic Sound & Inline Mic w/ Call Function - Cloth Style Cord!", "imUrl": "http://ecx.images-amazon.com/images/I/41hLFL8keNL._SX300_.jpg", "price": 16.99, "numReviews": 9, "groups": [218], "averageRating": 3.4444444444444446}, {"asin": "B00HXTHFH2", "name": "Panasonic RP-HJE120 ErgoFit In-Ear Headphones Stereo Earbuds (4-Pack Black/Silver/Blue/Red)", "imUrl": "http://ecx.images-amazon.com/images/I/51v50greTSL._SY300_.jpg", "price": 8.25, "numReviews": 3, "groups": [219], "averageRating": 4.333333333333333}, {"asin": "B000OGNQGA", "name": "Panasonic RPDJ600K DJ Style Headphones", "imUrl": "http://ecx.images-amazon.com/images/I/41pQjToVz6L._SY300_.jpg", "price": 25.55, "numReviews": 16, "groups": [220], "averageRating": 3.4375, "brand": "Panasonic"}, {"asin": "B003EM8008", "name": "Panasonic RPHJE120K In-Ear Headphone, Black", "imUrl": "http://ecx.images-amazon.com/images/I/31-nuw-iqAL._SX300_.jpg", "price": 8.47, "numReviews": 5011, "groups": [221], "averageRating": 4.313310716423867, "brand": "Panasonic"}, {"asin": "B004FV67Y8", "name": "JVC HAF150G Headphone, Gumy, Cord-Match (Discontinued by Manufacturer)", "imUrl": "http://ecx.images-amazon.com/images/I/31OZNJgg9eL._SX300_.jpg", "price": 6.78, "numReviews": 127, "groups": [222], "averageRating": 4.393700787401575, "brand": "JVC"}, {"asin": "B004HCTSGY", "name": "Monster Cable Yao Monsters Solar In-Ear Headphones - Silver", "imUrl": "http://ecx.images-amazon.com/images/I/31bK0YULA8L._SX300_.jpg", "price": 68.82, "numReviews": 3, "groups": [223], "averageRating": 5.0}, {"asin": "B005FDOGKC", "name": "JVC HAFX8V Headphone, Riptidz, In-Ear", "imUrl": "http://ecx.images-amazon.com/images/I/41A7aRu9qiL._SY300_.jpg", "price": 5.5, "numReviews": 174, "groups": [224], "averageRating": 4.195402298850575, "brand": "JVC"}, {"asin": "B006MBP9IY", "name": "iHip MXF02CH Mexican Futbol Logo printed Headphones - Chivas Red/White", "imUrl": "http://ecx.images-amazon.com/images/I/41oLJydOqyL._SY300_.jpg", "price": 15.19, "numReviews": 2, "groups": [225], "averageRating": 2.0}, {"asin": "B00ALN54KM", "name": "Acoustic Research AR Performance Series Noise Isolating Earbuds - HP1000", "imUrl": "http://ecx.images-amazon.com/images/I/41-LVvZiABL._SY300_.jpg", "price": 22.48, "numReviews": 135, "groups": [226], "averageRating": 3.77037037037037}, {"asin": "B0000UUXB6", "name": "Philips HN100 noise canceling headphones (Discontinued by Manufacturer)", "imUrl": "http://ecx.images-amazon.com/images/I/41YVWTTYCWL._SX300_.jpg", "price": 38.48, "numReviews": 29, "groups": [227], "averageRating": 2.4827586206896552}, {"asin": "B0028MH12I", "name": "Memorex Stereo Earbuds - Light Blue (Discontinued by Manufacturer)", "imUrl": "http://ecx.images-amazon.com/images/I/31jgUMvcadL._SY300_.jpg", "price": 13.43, "numReviews": 23, "groups": [228], "averageRating": 4.130434782608695, "brand": "Memorex"}, {"asin": "B002TMPSVI", "name": "NEMO DIGITAL IC10153WT iCarly iGlam Earbuds with Pink Crystal Studs Style (Discontinued by Manufacturer)", "imUrl": "http://ecx.images-amazon.com/images/I/41IPSD6fGpL._SY300_.jpg", "price": 5.61, "numReviews": 3, "groups": [229], "averageRating": 3.3333333333333335}, {"asin": "B00CMKPFR4", "name": "Digital Gadgets DGITDJH-RD DJ Style Headphones, Red (Discontinued by Manufacturer)", "imUrl": "http://ecx.images-amazon.com/images/I/311Y2dM1CaL._SX300_.jpg", "price": 6.49, "numReviews": 12, "groups": [230], "averageRating": 4.0}, {"asin": "B00EB82LP4", "name": "Philips SHO3300ESCAP/28 O'Neill Cruz Headband Headphones, Blue", "imUrl": "http://ecx.images-amazon.com/images/I/41i4CYh2mDL._SY300_.jpg", "price": 15.9, "numReviews": 69, "groups": [231], "averageRating": 4.101449275362318, "brand": "Philips"}, {"asin": "B00ISIG6PY", "name": "Bose Freestyle Earbuds, Ice Blue", "imUrl": "http://ecx.images-amazon.com/images/I/41uJ-TNkdKL._SY300_.jpg", "price": 129.95, "numReviews": 62, "groups": [12], "averageRating": 4.516129032258065, "brand": "Bose"}, {"asin": "B000IG66VS", "name": "JLab JBuds Hi-Fi Noise-Reducing Ear Buds (Black)", "imUrl": "http://ecx.images-amazon.com/images/I/41yz4KqKWuL._SY300_.jpg", "price": 6.49, "numReviews": 4931, "groups": [232], "averageRating": 3.507807746907321}, {"asin": "B000TLP988", "name": "CTA Digital 4-Pack Gellybean Earbuds (Black, White, Red, Blue)", "imUrl": "http://ecx.images-amazon.com/images/I/41papuOJWJL._SY300_.jpg", "price": 15.96, "numReviews": 10, "groups": [233], "averageRating": 2.3}, {"asin": "B00176TEGM", "name": "Philips SHE9850 In-Ear Headphones with Advanced Acoustics", "imUrl": "http://ecx.images-amazon.com/images/I/31zhwfGh8EL._SX300_.jpg", "price": 8.41, "numReviews": 67, "groups": [234], "averageRating": 4.164179104477612}, {"asin": "B002FFGZV6", "name": "Sentry HO488 Metalix In-Earbuds with Case, Purple (Discontinued by Manufacturer)", "imUrl": "http://ecx.images-amazon.com/images/I/31IJWFvvNhL._SY300_.jpg", "price": 8.47, "numReviews": 47, "groups": [235], "averageRating": 3.3191489361702127}, {"asin": "B0066CSAIU", "name": "NoiseHush NX26-11778 3.5mm Stereo Headphones with Neodymium Magnet Drivers Medium for all Apple iPad/iPhone/MP3 Players & most Cell Phone Models - Black/Silver", "imUrl": "http://ecx.images-amazon.com/images/I/41NcGK%2BKpBL._SY300_.jpg", "price": 17.99, "numReviews": 70, "groups": [236], "averageRating": 3.4571428571428573, "brand": "NoiseHush"}, {"asin": "B006VSVEVY", "name": "Incase EC30015S Capsule In Ear Earphones - Oregano/Fluro Orange (Discontinued by Manufacturer)", "imUrl": "http://ecx.images-amazon.com/images/I/31njZjOxp0L._SX300_.jpg", "price": 9.99, "numReviews": 4, "groups": [237], "averageRating": 3.75}, {"asin": "B000779RZU", "name": "Sony MDR-EX51LP Fontopia In-The-Ear Headphones, White (Discontinued by Manufacturer)", "imUrl": "http://ecx.images-amazon.com/images/I/31u%2BoPRqaXL._SY300_.jpg", "price": 7.48, "numReviews": 304, "groups": [238], "averageRating": 3.786184210526316}, {"asin": "B0028N7898", "name": "AKG K 330 In-Canal Bud Headphone - Wasp (Discontinued by Manufacturer)", "imUrl": "http://ecx.images-amazon.com/images/I/41hYeOc%2BiYL._SY300_.jpg", "price": 32.5, "numReviews": 7, "groups": [239], "averageRating": 2.857142857142857}, {"asin": "B003M2YK2W", "name": "Memorex EB50 Stereo Earbuds Pewter (Discontinued by Manufacturer)", "imUrl": "http://ecx.images-amazon.com/images/I/31rfMHnCxhL._SY300_.jpg", "price": 13.99, "numReviews": 7, "groups": [240], "averageRating": 4.857142857142857, "brand": "Memorex"}, {"asin": "B003MAVR6Q", "name": "Sony MDRPQ4/BRN PIIQ Headphones (Discontinued by Manufacturer)", "imUrl": "http://ecx.images-amazon.com/images/I/31i5EMCjgUL._SY300_.jpg", "price": 129.95, "numReviews": 11, "groups": [241], "averageRating": 4.2727272727272725}, {"asin": "B007TRUTFS", "name": "Philips SHE3590WT/28 In-Ear Headphones (White) (Discontinued by Manufacturer)", "imUrl": "http://ecx.images-amazon.com/images/I/31n6TuNRCYL._SY300_.jpg", "price": 9.95, "numReviews": 54, "groups": [242], "averageRating": 4.166666666666667, "brand": "Philips"}, {"asin": "B00AGR005M", "name": "Edifier Hi-Fi Stereo Headphone (H180 Black)", "imUrl": "http://ecx.images-amazon.com/images/I/31743nEHZCL._SX300_.jpg", "price": 17.95, "numReviews": 2, "groups": [243], "averageRating": 4.5}, {"asin": "B000E1DSAE", "name": "Sennheiser CX 300S Bass-Driven Lightweight In-Ear Headphone (Discontinued by Manufacturer)", "imUrl": "http://ecx.images-amazon.com/images/I/41K4234J23L._SY300_.jpg", "price": 32.95, "numReviews": 236, "groups": [244], "averageRating": 4.088983050847458}, {"asin": "B0016SJ6QO", "name": "Sennheiser CX300-S Earbuds (Silver)", "imUrl": "http://ecx.images-amazon.com/images/I/41DLp8tBvaL._SY300_.jpg", "price": 32.5, "numReviews": 3, "groups": [245], "averageRating": 2.0}, {"asin": "B001QVAL2Y", "name": "Wicked WI2100 Jaw Breaker Earbud - Black", "imUrl": "http://ecx.images-amazon.com/images/I/418Q74qid5L._SY300_.jpg", "price": 19.98, "numReviews": 98, "groups": [246], "averageRating": 3.9591836734693877, "brand": "Wicked"}, {"asin": "B003EM6AOG", "name": "Panasonic RPHJE120A In-Ear Headphone, Blue", "imUrl": "http://ecx.images-amazon.com/images/I/3122Iz%2B1EWL._SX300_.jpg", "price": 8.3, "numReviews": 11707, "groups": [247], "averageRating": 4.393525241308619, "brand": "Panasonic"}, {"asin": "B005FVDT4I", "name": "Sony MDR-XB21EX Extra Bass Headphones (Discontinued by Manufacturer)", "imUrl": "http://ecx.images-amazon.com/images/I/410ryvLgrBL._SY300_.jpg", "price": 48.75, "numReviews": 46, "groups": [248], "averageRating": 4.217391304347826, "brand": "Sony"}, {"asin": "B00ANA2YDI", "name": "AT&T Jive Music + Calls Stereo Headphones - Green (EBM01)", "imUrl": "http://ecx.images-amazon.com/images/I/316EyMTDxgL._SY300_.jpg", "price": 7.99, "numReviews": 33, "groups": [249], "averageRating": 3.9696969696969697, "brand": "AT&T", "salesRankCategory": "Cell Phones & Accessories", "salesRank": 254638}, {"asin": "B000001OMQ", "name": "Maxell EB225 Stereo Ear Bud with Wind up case (Discontinued by Manufacturer)", "imUrl": "http://ecx.images-amazon.com/images/I/4145BAn40gL._SY300_.jpg", "price": 6.95, "numReviews": 7, "groups": [250], "averageRating": 2.142857142857143}, {"asin": "B0087XOL34", "name": "BestDealUSA Earphones Headphones for Apple iPhone 4 4G 4s 3g iPod Nano Touch iPad 2nd 3 MP3", "imUrl": "http://ecx.images-amazon.com/images/I/41lYwtV9IdL._SY300_.jpg", "price": 1.19, "numReviews": 1, "groups": [251], "averageRating": 1.0}, {"asin": "B00ADG99V2", "name": "NuForce HP-800 Black Monitor-Quality Classic Style Headphones", "imUrl": "http://ecx.images-amazon.com/images/I/41Slv2i-ZbL._SY300_.jpg", "price": 79.0, "numReviews": 8, "groups": [252], "averageRating": 4.0, "brand": "NuForce"}, {"asin": "B00F3JNRMQ", "name": "Blue 3.5mm Foldable Stereo Headphone Earphone Nice Beats Headset for DJ PSP MP3 MP4 PC", "imUrl": "http://ecx.images-amazon.com/images/I/41h6mxCvP7L._SX300_.jpg", "price": 5.55, "numReviews": 5, "groups": [253], "averageRating": 3.8}, {"asin": "B000ET2N5M", "name": "Headset, E-20 Dual Monaural Earphone", "imUrl": "http://ecx.images-amazon.com/images/I/211eSc2h--L.jpg", "price": 5.95, "numReviews": 8, "groups": [254], "averageRating": 4.25}, {"asin": "B003MG5NQU", "name": "Sony MDRPQ2 Giiq Over-the-Head Headphones (Green) (Discontinued by Manufacturer)", "imUrl": "http://ecx.images-amazon.com/images/I/41-RZrSLoZL._SY300_.jpg", "price": 29.99, "numReviews": 54, "groups": [255], "averageRating": 4.462962962962963}, {"asin": "B00855JP08", "name": "Audiofly 45 Series Headset with Microphone, Stout Black", "imUrl": "http://ecx.images-amazon.com/images/I/41DsL9Xs6dL._SY300_.jpg", "price": 42.47, "numReviews": 20, "groups": [256], "averageRating": 3.75, "brand": "Audiofly"}, {"asin": "B00BBDL2RK", "name": "Audio Technica ATHCLR100PL In-Ear Headphones, Purple", "imUrl": "http://ecx.images-amazon.com/images/I/31TSegNFOVL._SY300_.jpg", "price": 15.76, "numReviews": 31, "groups": [257], "averageRating": 4.548387096774194}, {"asin": "B00I4PTN2Y", "name": "NarMoo R1M High-Fidelity Noise Isolation Headphones with Mic", "imUrl": "http://ecx.images-amazon.com/images/I/41UVQ8Zuu4L._SY300_.jpg", "price": 29.99, "numReviews": 3, "groups": [258], "averageRating": 5.0}], "links": [{"source": 0, "target": 249, "right": true, "left": false, "value": 1}, {"source": 1, "target": 236, "right": false, "left": true, "value": 1}, {"source": 1, "target": 222, "right": true, "left": false, "value": 1}, {"source": 2, "target": 140, "right": true, "left": false, "value": 1}, {"source": 3, "target": 234, "right": true, "left": false, "value": 1}, {"source": 4, "target": 222, "right": true, "left": false, "value": 1}, {"source": 5, "target": 249, "right": true, "left": false, "value": 1}, {"source": 6, "target": 222, "right": true, "left": false, "value": 1}, {"source": 7, "target": 249, "right": true, "left": false, "value": 1}, {"source": 7, "target": 222, "right": true, "left": false, "value": 1}, {"source": 8, "target": 243, "right": false, "left": true, "value": 1}, {"source": 8, "target": 52, "right": true, "left": false, "value": 1}, {"source": 9, "target": 222, "right": true, "left": false, "value": 1}, {"source": 10, "target": 222, "right": true, "left": false, "value": 1}, {"source": 11, "target": 249, "right": true, "left": false, "value": 1}, {"source": 12, "target": 233, "right": true, "left": true, "value": 1}, {"source": 13, "target": 205, "right": true, "left": false, "value": 1}, {"source": 13, "target": 222, "right": true, "left": false, "value": 1}, {"source": 14, "target": 171, "right": true, "left": false, "value": 1}, {"source": 15, "target": 222, "right": true, "left": false, "value": 1}, {"source": 16, "target": 204, "right": true, "left": false, "value": 1}, {"source": 17, "target": 222, "right": true, "left": false, "value": 1}, {"source": 17, "target": 167, "right": false, "left": true, "value": 1}, {"source": 18, "target": 222, "right": true, "left": false, "value": 1}, {"source": 19, "target": 222, "right": true, "left": false, "value": 1}, {"source": 20, "target": 107, "right": true, "left": false, "value": 1}, {"source": 20, "target": 46, "right": true, "left": false, "value": 1}, {"source": 21, "target": 222, "right": true, "left": false, "value": 1}, {"source": 22, "target": 171, "right": true, "left": false, "value": 1}, {"source": 22, "target": 163, "right": false, "left": true, "value": 1}, {"source": 23, "target": 166, "right": true, "left": false, "value": 1}, {"source": 24, "target": 42, "right": true, "left": false, "value": 1}, {"source": 25, "target": 140, "right": true, "left": false, "value": 1}, {"source": 26, "target": 145, "right": false, "left": true, "value": 1}, {"source": 26, "target": 260, "right": false, "left": true, "value": 1}, {"source": 26, "target": 249, "right": false, "left": true, "value": 1}, {"source": 26, "target": 135, "right": false, "left": true, "value": 1}, {"source": 27, "target": 222, "right": true, "left": false, "value": 1}, {"source": 28, "target": 147, "right": true, "left": false, "value": 1}, {"source": 28, "target": 46, "right": true, "left": false, "value": 1}, {"source": 29, "target": 82, "right": false, "left": true, "value": 1}, {"source": 29, "target": 222, "right": true, "left": false, "value": 1}, {"source": 30, "target": 166, "right": true, "left": false, "value": 1}, {"source": 31, "target": 244, "right": true, "left": false, "value": 1}, {"source": 31, "target": 222, "right": true, "left": false, "value": 1}, {"source": 32, "target": 249, "right": true, "left": false, "value": 1}, {"source": 33, "target": 249, "right": true, "left": false, "value": 1}, {"source": 33, "target": 222, "right": true, "left": false, "value": 1}, {"source": 34, "target": 131, "right": true, "left": true, "value": 1}, {"source": 35, "target": 166, "right": true, "left": false, "value": 1}, {"source": 36, "target": 166, "right": true, "left": false, "value": 1}, {"source": 37, "target": 206, "right": false, "left": true, "value": 1}, {"source": 38, "target": 144, "right": true, "left": false, "value": 1}, {"source": 39, "target": 222, "right": true, "left": false, "value": 1}, {"source": 40, "target": 121, "right": true, "left": false, "value": 1}, {"source": 40, "target": 69, "right": true, "left": false, "value": 1}, {"source": 41, "target": 144, "right": true, "left": false, "value": 1}, {"source": 42, "target": 224, "right": false, "left": true, "value": 1}, {"source": 42, "target": 65, "right": false, "left": true, "value": 1}, {"source": 42, "target": 73, "right": false, "left": true, "value": 1}, {"source": 42, "target": 75, "right": false, "left": true, "value": 1}, {"source": 42, "target": 53, "right": false, "left": true, "value": 1}, {"source": 42, "target": 186, "right": false, "left": true, "value": 1}, {"source": 42, "target": 158, "right": false, "left": true, "value": 1}, {"source": 43, "target": 171, "right": true, "left": false, "value": 1}, {"source": 44, "target": 222, "right": true, "left": false, "value": 1}, {"source": 45, "target": 145, "right": true, "left": false, "value": 1}, {"source": 45, "target": 222, "right": true, "left": false, "value": 1}, {"source": 46, "target": 185, "right": false, "left": true, "value": 1}, {"source": 46, "target": 107, "right": true, "left": false, "value": 1}, {"source": 47, "target": 175, "right": false, "left": true, "value": 1}, {"source": 48, "target": 175, "right": false, "left": true, "value": 1}, {"source": 49, "target": 249, "right": true, "left": false, "value": 1}, {"source": 49, "target": 222, "right": true, "left": false, "value": 1}, {"source": 50, "target": 222, "right": true, "left": false, "value": 1}, {"source": 51, "target": 234, "right": true, "left": false, "value": 1}, {"source": 52, "target": 80, "right": true, "left": false, "value": 1}, {"source": 52, "target": 222, "right": true, "left": false, "value": 1}, {"source": 54, "target": 248, "right": false, "left": true, "value": 1}, {"source": 54, "target": 222, "right": true, "left": false, "value": 1}, {"source": 55, "target": 166, "right": true, "left": false, "value": 1}, {"source": 56, "target": 222, "right": true, "left": false, "value": 1}, {"source": 57, "target": 131, "right": true, "left": false, "value": 1}, {"source": 58, "target": 107, "right": true, "left": false, "value": 1}, {"source": 58, "target": 147, "right": true, "left": false, "value": 1}, {"source": 58, "target": 223, "right": true, "left": false, "value": 1}, {"source": 59, "target": 166, "right": true, "left": false, "value": 1}, {"source": 60, "target": 145, "right": true, "left": false, "value": 1}, {"source": 60, "target": 234, "right": true, "left": false, "value": 1}, {"source": 60, "target": 237, "right": false, "left": true, "value": 1}, {"source": 61, "target": 166, "right": true, "left": false, "value": 1}, {"source": 62, "target": 222, "right": true, "left": false, "value": 1}, {"source": 63, "target": 222, "right": true, "left": false, "value": 1}, {"source": 64, "target": 249, "right": true, "left": false, "value": 1}, {"source": 66, "target": 222, "right": true, "left": false, "value": 1}, {"source": 67, "target": 145, "right": true, "left": false, "value": 1}, {"source": 68, "target": 145, "right": true, "left": false, "value": 1}, {"source": 69, "target": 201, "right": false, "left": true, "value": 1}, {"source": 69, "target": 114, "right": false, "left": true, "value": 1}, {"source": 70, "target": 172, "right": true, "left": false, "value": 1}, {"source": 70, "target": 222, "right": true, "left": false, "value": 1}, {"source": 71, "target": 144, "right": true, "left": false, "value": 1}, {"source": 72, "target": 222, "right": true, "left": false, "value": 1}, {"source": 73, "target": 222, "right": true, "left": false, "value": 1}, {"source": 74, "target": 249, "right": true, "left": false, "value": 1}, {"source": 74, "target": 222, "right": true, "left": false, "value": 1}, {"source": 76, "target": 141, "right": false, "left": true, "value": 1}, {"source": 76, "target": 134, "right": true, "left": false, "value": 1}, {"source": 77, "target": 144, "right": true, "left": false, "value": 1}, {"source": 78, "target": 144, "right": true, "left": false, "value": 1}, {"source": 79, "target": 222, "right": true, "left": false, "value": 1}, {"source": 80, "target": 222, "right": true, "left": false, "value": 1}, {"source": 81, "target": 222, "right": true, "left": false, "value": 1}, {"source": 83, "target": 211, "right": true, "left": false, "value": 1}, {"source": 83, "target": 222, "right": true, "left": false, "value": 1}, {"source": 84, "target": 222, "right": true, "left": false, "value": 1}, {"source": 85, "target": 140, "right": true, "left": false, "value": 1}, {"source": 86, "target": 166, "right": true, "left": false, "value": 1}, {"source": 87, "target": 138, "right": true, "left": false, "value": 1}, {"source": 87, "target": 222, "right": true, "left": false, "value": 1}, {"source": 88, "target": 222, "right": true, "left": false, "value": 1}, {"source": 89, "target": 171, "right": true, "left": false, "value": 1}, {"source": 90, "target": 166, "right": true, "left": false, "value": 1}, {"source": 91, "target": 166, "right": true, "left": false, "value": 1}, {"source": 92, "target": 152, "right": false, "left": true, "value": 1}, {"source": 93, "target": 222, "right": true, "left": false, "value": 1}, {"source": 94, "target": 144, "right": true, "left": false, "value": 1}, {"source": 94, "target": 115, "right": false, "left": true, "value": 1}, {"source": 95, "target": 249, "right": true, "left": false, "value": 1}, {"source": 96, "target": 234, "right": true, "left": false, "value": 1}, {"source": 96, "target": 222, "right": true, "left": false, "value": 1}, {"source": 97, "target": 249, "right": true, "left": false, "value": 1}, {"source": 98, "target": 171, "right": true, "left": false, "value": 1}, {"source": 99, "target": 145, "right": true, "left": false, "value": 1}, {"source": 100, "target": 161, "right": true, "left": false, "value": 1}, {"source": 101, "target": 196, "right": true, "left": false, "value": 1}, {"source": 102, "target": 144, "right": true, "left": false, "value": 1}, {"source": 103, "target": 222, "right": true, "left": false, "value": 1}, {"source": 104, "target": 222, "right": true, "left": false, "value": 1}, {"source": 105, "target": 222, "right": true, "left": false, "value": 1}, {"source": 106, "target": 222, "right": true, "left": false, "value": 1}, {"source": 107, "target": 136, "right": false, "left": true, "value": 1}, {"source": 107, "target": 147, "right": false, "left": true, "value": 1}, {"source": 107, "target": 223, "right": false, "left": true, "value": 1}, {"source": 108, "target": 234, "right": true, "left": false, "value": 1}, {"source": 108, "target": 222, "right": true, "left": false, "value": 1}, {"source": 109, "target": 198, "right": true, "left": false, "value": 1}, {"source": 109, "target": 166, "right": true, "left": false, "value": 1}, {"source": 110, "target": 234, "right": true, "left": false, "value": 1}, {"source": 110, "target": 222, "right": true, "left": false, "value": 1}, {"source": 111, "target": 145, "right": true, "left": false, "value": 1}, {"source": 111, "target": 222, "right": true, "left": false, "value": 1}, {"source": 112, "target": 166, "right": true, "left": false, "value": 1}, {"source": 113, "target": 222, "right": true, "left": false, "value": 1}, {"source": 115, "target": 124, "right": true, "left": false, "value": 1}, {"source": 116, "target": 249, "right": true, "left": false, "value": 1}, {"source": 116, "target": 222, "right": true, "left": false, "value": 1}, {"source": 117, "target": 180, "right": true, "left": false, "value": 1}, {"source": 118, "target": 222, "right": true, "left": false, "value": 1}, {"source": 119, "target": 145, "right": true, "left": false, "value": 1}, {"source": 120, "target": 156, "right": true, "left": false, "value": 1}, {"source": 121, "target": 148, "right": false, "left": true, "value": 1}, {"source": 121, "target": 166, "right": true, "left": false, "value": 1}, {"source": 122, "target": 249, "right": true, "left": false, "value": 1}, {"source": 122, "target": 222, "right": true, "left": false, "value": 1}, {"source": 123, "target": 166, "right": true, "left": false, "value": 1}, {"source": 124, "target": 144, "right": true, "left": false, "value": 1}, {"source": 125, "target": 222, "right": true, "left": false, "value": 1}, {"source": 126, "target": 210, "right": true, "left": false, "value": 1}, {"source": 126, "target": 196, "right": true, "left": false, "value": 1}, {"source": 127, "target": 234, "right": true, "left": false, "value": 1}, {"source": 127, "target": 222, "right": true, "left": false, "value": 1}, {"source": 128, "target": 232, "right": true, "left": false, "value": 1}, {"source": 129, "target": 196, "right": true, "left": false, "value": 1}, {"source": 130, "target": 166, "right": true, "left": false, "value": 1}, {"source": 132, "target": 222, "right": true, "left": false, "value": 1}, {"source": 133, "target": 249, "right": true, "left": false, "value": 1}, {"source": 133, "target": 222, "right": true, "left": false, "value": 1}, {"source": 134, "target": 225, "right": false, "left": true, "value": 1}, {"source": 134, "target": 136, "right": false, "left": true, "value": 1}, {"source": 134, "target": 141, "right": false, "left": true, "value": 1}, {"source": 134, "target": 178, "right": false, "left": true, "value": 1}, {"source": 134, "target": 249, "right": true, "left": false, "value": 1}, {"source": 134, "target": 222, "right": true, "left": false, "value": 1}, {"source": 137, "target": 222, "right": true, "left": false, "value": 1}, {"source": 138, "target": 145, "right": true, "left": false, "value": 1}, {"source": 138, "target": 249, "right": true, "left": false, "value": 1}, {"source": 138, "target": 222, "right": true, "left": false, "value": 1}, {"source": 139, "target": 222, "right": true, "left": false, "value": 1}, {"source": 140, "target": 165, "right": false, "left": true, "value": 1}, {"source": 140, "target": 166, "right": true, "left": false, "value": 1}, {"source": 140, "target": 170, "right": false, "left": true, "value": 1}, {"source": 140, "target": 238, "right": false, "left": true, "value": 1}, {"source": 140, "target": 209, "right": false, "left": true, "value": 1}, {"source": 141, "target": 178, "right": false, "left": true, "value": 1}, {"source": 142, "target": 166, "right": true, "left": false, "value": 1}, {"source": 143, "target": 249, "right": true, "left": false, "value": 1}, {"source": 143, "target": 220, "right": false, "left": true, "value": 1}, {"source": 144, "target": 176, "right": false, "left": true, "value": 1}, {"source": 144, "target": 183, "right": false, "left": true, "value": 1}, {"source": 144, "target": 217, "right": false, "left": true, "value": 1}, {"source": 144, "target": 159, "right": false, "left": true, "value": 1}, {"source": 145, "target": 155, "right": false, "left": true, "value": 1}, {"source": 146, "target": 171, "right": true, "left": false, "value": 1}, {"source": 147, "target": 185, "right": false, "left": true, "value": 1}, {"source": 149, "target": 166, "right": true, "left": false, "value": 1}, {"source": 150, "target": 229, "right": true, "left": false, "value": 1}, {"source": 151, "target": 159, "right": false, "left": true, "value": 1}, {"source": 153, "target": 222, "right": true, "left": false, "value": 1}, {"source": 154, "target": 171, "right": true, "left": false, "value": 1}, {"source": 155, "target": 222, "right": true, "left": false, "value": 1}, {"source": 155, "target": 230, "right": false, "left": true, "value": 1}, {"source": 157, "target": 222, "right": true, "left": false, "value": 1}, {"source": 160, "target": 166, "right": true, "left": false, "value": 1}, {"source": 161, "target": 162, "right": false, "left": true, "value": 1}, {"source": 161, "target": 254, "right": false, "left": true, "value": 1}, {"source": 164, "target": 171, "right": true, "left": false, "value": 1}, {"source": 166, "target": 257, "right": false, "left": true, "value": 1}, {"source": 166, "target": 169, "right": false, "left": true, "value": 1}, {"source": 166, "target": 184, "right": false, "left": true, "value": 1}, {"source": 166, "target": 189, "right": false, "left": true, "value": 1}, {"source": 166, "target": 198, "right": false, "left": true, "value": 1}, {"source": 166, "target": 199, "right": false, "left": true, "value": 1}, {"source": 166, "target": 226, "right": false, "left": true, "value": 1}, {"source": 166, "target": 228, "right": false, "left": true, "value": 1}, {"source": 166, "target": 231, "right": false, "left": true, "value": 1}, {"source": 167, "target": 171, "right": true, "left": false, "value": 1}, {"source": 168, "target": 169, "right": true, "left": false, "value": 1}, {"source": 171, "target": 227, "right": false, "left": true, "value": 1}, {"source": 171, "target": 259, "right": false, "left": true, "value": 1}, {"source": 171, "target": 218, "right": false, "left": true, "value": 1}, {"source": 171, "target": 241, "right": false, "left": true, "value": 1}, {"source": 171, "target": 213, "right": false, "left": true, "value": 1}, {"source": 171, "target": 246, "right": false, "left": true, "value": 1}, {"source": 173, "target": 249, "right": true, "left": false, "value": 1}, {"source": 173, "target": 222, "right": true, "left": false, "value": 1}, {"source": 174, "target": 222, "right": true, "left": false, "value": 1}, {"source": 177, "target": 249, "right": true, "left": false, "value": 1}, {"source": 179, "target": 222, "right": true, "left": false, "value": 1}, {"source": 181, "target": 222, "right": true, "left": false, "value": 1}, {"source": 182, "target": 213, "right": true, "left": false, "value": 1}, {"source": 185, "target": 223, "right": true, "left": false, "value": 1}, {"source": 187, "target": 222, "right": true, "left": false, "value": 1}, {"source": 188, "target": 222, "right": true, "left": false, "value": 1}, {"source": 190, "target": 222, "right": true, "left": false, "value": 1}, {"source": 191, "target": 222, "right": true, "left": false, "value": 1}, {"source": 192, "target": 222, "right": true, "left": false, "value": 1}, {"source": 193, "target": 222, "right": true, "left": false, "value": 1}, {"source": 194, "target": 221, "right": false, "left": true, "value": 1}, {"source": 194, "target": 207, "right": false, "left": true, "value": 1}, {"source": 195, "target": 222, "right": true, "left": false, "value": 1}, {"source": 196, "target": 216, "right": false, "left": true, "value": 1}, {"source": 196, "target": 250, "right": false, "left": true, "value": 1}, {"source": 197, "target": 249, "right": true, "left": false, "value": 1}, {"source": 200, "target": 234, "right": true, "left": false, "value": 1}, {"source": 200, "target": 222, "right": true, "left": false, "value": 1}, {"source": 202, "target": 248, "right": true, "left": false, "value": 1}, {"source": 203, "target": 222, "right": true, "left": false, "value": 1}, {"source": 204, "target": 222, "right": true, "left": false, "value": 1}, {"source": 205, "target": 249, "right": true, "left": false, "value": 1}, {"source": 205, "target": 222, "right": true, "left": false, "value": 1}, {"source": 208, "target": 249, "right": true, "left": false, "value": 1}, {"source": 210, "target": 222, "right": true, "left": false, "value": 1}, {"source": 211, "target": 222, "right": true, "left": false, "value": 1}, {"source": 212, "target": 222, "right": true, "left": false, "value": 1}, {"source": 213, "target": 218, "right": false, "left": true, "value": 1}, {"source": 214, "target": 222, "right": true, "left": false, "value": 1}, {"source": 215, "target": 249, "right": true, "left": false, "value": 1}, {"source": 219, "target": 222, "right": true, "left": false, "value": 1}, {"source": 220, "target": 222, "right": true, "left": false, "value": 1}, {"source": 222, "target": 227, "right": false, "left": true, "value": 1}, {"source": 222, "target": 229, "right": false, "left": true, "value": 1}, {"source": 222, "target": 236, "right": false, "left": true, "value": 1}, {"source": 222, "target": 237, "right": false, "left": true, "value": 1}, {"source": 222, "target": 240, "right": false, "left": true, "value": 1}, {"source": 222, "target": 242, "right": false, "left": true, "value": 1}, {"source": 222, "target": 245, "right": false, "left": true, "value": 1}, {"source": 222, "target": 248, "right": false, "left": true, "value": 1}, {"source": 222, "target": 251, "right": false, "left": true, "value": 1}, {"source": 222, "target": 252, "right": false, "left": true, "value": 1}, {"source": 222, "target": 256, "right": false, "left": true, "value": 1}, {"source": 222, "target": 258, "right": false, "left": true, "value": 1}, {"source": 222, "target": 259, "right": false, "left": true, "value": 1}, {"source": 225, "target": 249, "right": true, "left": false, "value": 1}, {"source": 227, "target": 249, "right": true, "left": false, "value": 1}, {"source": 229, "target": 249, "right": true, "left": false, "value": 1}, {"source": 231, "target": 255, "right": true, "left": false, "value": 1}, {"source": 234, "target": 237, "right": false, "left": true, "value": 1}, {"source": 235, "target": 249, "right": true, "left": false, "value": 1}, {"source": 239, "target": 248, "right": true, "left": false, "value": 1}, {"source": 242, "target": 249, "right": true, "left": false, "value": 1}, {"source": 247, "target": 249, "right": true, "left": false, "value": 1}, {"source": 249, "target": 253, "right": false, "left": true, "value": 1}]}