{"nodes": [{"asin": "B009TF53TA", "name": "iKross Tablet PC Holder Stand for Samsung Galaxy Tab 4, Galaxy NotePro, Galaxy TabPro, Hisense Sero 7 Pro, Sero 7 LT, Nextbook Tablet and more", "imUrl": "http://ecx.images-amazon.com/images/I/41aqRZb7OrL._SY300_.jpg", "price": 4.99, "numReviews": 1, "groups": [0], "averageRating": 5.0}, {"asin": "B00ECO0TVA", "name": "Universal Tablet Stand and Holder, Pivoting 360 Degree Rotation, High Quality Steel, Fits all iPads, Galaxy, Kindle Fire 8.9\", Microsoft Surface, Xoom, Nook and Other eBooks and 7 to 10 inch Tablets, in Silver and White by Zonkyo", "imUrl": "http://ecx.images-amazon.com/images/I/416NsricQzL._SY300_.jpg", "price": 39.99, "numReviews": 9, "groups": [1], "averageRating": 4.555555555555555}, {"asin": "B00D2Y49N0", "name": "iBuddy iPad & Tablet Pillow Holder - Jeannie - For iPad, Kindle, Google Nexus, Nook, Samsung Galaxy & more - 14 1/2\" x 11 1/2\" - Comfort & Quality! High End Fabrics, Choose from Many Beautiful Designs, Beautiful High Quality Decor Pillow & iPad Pillow Tablet Holder all in one - no need to hide away so Easily Accessible!", "imUrl": "http://ecx.images-amazon.com/images/I/41xJub6G3LL._SX300_.jpg", "price": 26.5, "numReviews": 1, "groups": [2], "averageRating": 1.0}, {"asin": "B004CQMXDA", "name": "Just-Mobile ST-858 Encore iPad 1 & 2  Stand", "imUrl": "http://ecx.images-amazon.com/images/I/31bxW7P6wXL._SY300_.jpg", "price": 44.95, "numReviews": 30, "groups": [3], "averageRating": 4.5}, {"asin": "B004HE65OA", "name": "The Original Kitchen iPad Rack / Stand / Holder - also for Galaxy Tab, Kindle Fire, Playbook, Xoom, Toshiba, Acer, Nook and Other Tablet PC's", "imUrl": "http://ecx.images-amazon.com/images/I/51jkeDf1DtL._SX300_.jpg", "price": 27.95, "numReviews": 217, "groups": [4], "averageRating": 4.76036866359447}, {"asin": "B007TNW61C", "name": "Vantage Point BeanPad TP2BB-B for iPad (Gen 3) and iPad2 Black Bean Bag Stand", "imUrl": "http://ecx.images-amazon.com/images/I/41CQ87RkplL._SX300_.jpg", "price": 25.0, "numReviews": 12, "groups": [5], "averageRating": 4.5}, {"asin": "B00FECCPEI", "name": "The Original Kitchen Ipad Mini Tablet PC Rack / Stand / Holder", "imUrl": "http://ecx.images-amazon.com/images/I/51KpDFxgbsL._SX300_.jpg", "price": 22.95, "numReviews": 1, "groups": [6], "averageRating": 3.0}, {"asin": "B0095F56XW", "name": "ARKON Deluxe Headrest Mount with Custom Holder for iPad 4/iPad 2 (IPM3-RSHM3)", "imUrl": "http://ecx.images-amazon.com/images/I/31EBIuFVkOL._SX300_.jpg", "price": 37.95, "numReviews": 7, "groups": [7], "averageRating": 4.0}, {"asin": "B00ARLERCO", "name": "Fonus Universal 360 Degree Rotatable Windshield Car Mount Window / Desk Tablet Holder Stand Dock for Google Nexus 7, iPad 1 2 3 4, iPad Air, iPad Mini / Mini 2, Amazon Kindle / DX / Kindle Fire / HD / HDX, Barnes Noble Nook Tablet, LG G Pad 8.3 / 10.1 / 7 / 8.0, Nabi, Nabi 2 / Jr 5 / 10.1", "imUrl": "http://ecx.images-amazon.com/images/I/41Q2H2uwUEL._SX300_.jpg", "price": 14.99, "numReviews": 2, "groups": [8], "averageRating": 3.0}, {"asin": "B009P15P7I", "name": "TekNmotion Tablet Mate Aluminum Universal Device Stand(TM-TAB100B) - Green", "imUrl": "http://ecx.images-amazon.com/images/I/31BdrqZhe-L._SX300_.jpg", "price": 24.69, "numReviews": 4, "groups": [9], "averageRating": 4.25, "brand": "TekNmotion"}, {"asin": "B006FTDP3O", "name": "Rocketfish - PadPivot Go Anywhere Stand for Most Tablets", "imUrl": "http://ecx.images-amazon.com/images/I/31wnbL4SWvL._SX300_.jpg", "price": 19.98, "numReviews": 23, "groups": [10], "averageRating": 4.173913043478261, "brand": "Rocketfish"}, {"asin": "B00G5IPJ52", "name": "Square A-PKG-0001 Stand for iPad 2 and 3", "imUrl": "http://ecx.images-amazon.com/images/I/51f6mBG63QL._SY300_.jpg", "price": 136.99, "numReviews": 13, "groups": [11], "averageRating": 3.923076923076923, "brand": "Square"}, {"asin": "B00A725G8M", "name": "iOwall Magnetic Wall Mount for Tablets, iPads, Smartphones and Artwork (iOwallWHT)", "imUrl": "http://ecx.images-amazon.com/images/I/21WO%2B%2BycHeL._SY300_.jpg", "price": 48.76, "numReviews": 3, "groups": [12], "averageRating": 5.0}, {"asin": "B00814KXI6", "name": "Universal Car Swivel Plastic Mount Holder Stand for Portable GPS,Mini DV,iPad/ iPad 2/ iPad 3, Samsung Galaxy Tab and All Other 7-10 Inches Tablet PCs", "imUrl": "http://ecx.images-amazon.com/images/I/4141cuYk8gL._SY300_.jpg", "price": 6.95, "numReviews": 25, "groups": [13], "averageRating": 3.24}, {"asin": "B00GIJ20O6", "name": "LEVO G2 Book Platform Kit", "imUrl": "http://ecx.images-amazon.com/images/I/41rbA5%2BGxyL._SX300_.jpg", "price": 44.95, "numReviews": 3, "groups": [14], "averageRating": 5.0}, {"asin": "B00HUMDM2O", "name": "LotFancy\u00ae Universal Desktop 360\u00ba Adjustable Mount Holder Stand for Apple ipad 2 3 4 Air Mini Google Nexus 7 8 9 10 Kindl fire 8.9 Microsoft Surface Pro HD Samsung Galaxy P1000 Tab Tablet Aluminum Office Desk Desktop Table Clamp Mount with 360 degree Easy-Adjust Holder Gooseneck Arm Clamp Lock (Compatible with 5\"-10\" Tablet)", "imUrl": "http://ecx.images-amazon.com/images/I/31ZT0jo-KTL._SY300_.jpg", "price": 25.99, "numReviews": 1, "groups": [15], "averageRating": 5.0}, {"asin": "B008OL9S0U", "name": "ME-UTM2+MPH+ME-04: Heavy Duty Windshield Mount for iPad 2 3 4 Air / iPad mini / Amazon Kindle Fire HDX / Google Nexus 7 / Samsung Galaxy Tab Tablet with 5 inch to 9.7 inch screen", "imUrl": "http://ecx.images-amazon.com/images/I/41DYoHiqH-L._SX300_.jpg", "price": 21.95, "numReviews": 2, "groups": [16], "averageRating": 4.5}, {"asin": "B00H48CSYM", "name": "iPad 2/3/4 Wall Mount Including Portable Fold-up Stand", "imUrl": "http://ecx.images-amazon.com/images/I/51UGFNzJ6WL._SY300_.jpg", "price": 25.0, "numReviews": 2, "groups": [17], "averageRating": 5.0}, {"asin": "B0076PP1SI", "name": "Arkon IPM2CF-RSHM Headrest Mount with Custom Fit Holder for iPad 2", "imUrl": "http://ecx.images-amazon.com/images/I/413hg8upYlL._SY300_.jpg", "price": 29.95, "numReviews": 7, "groups": [18], "averageRating": 3.7142857142857144, "brand": "Arkon"}, {"asin": "B009D7XPK8", "name": "Arkon Universal Large Tablet Stand Holder for Apple iPad Air iPad 4 3 2 Samsung Galaxy Note 10.1 Galaxy Tab Pro 12.2", "imUrl": "http://ecx.images-amazon.com/images/I/31AZICJWGqL._SY300_.jpg", "price": 62.65, "numReviews": 1, "groups": [19], "averageRating": 4.0}, {"asin": "B0074VGNEA", "name": "Flip 'N Go Universal Display Stand (All Models - iPhone, iPad, iPod Touch) - Retail Packaging (White)", "imUrl": "http://ecx.images-amazon.com/images/I/31x0p%2BnsXsL._SX300_.jpg", "price": 9.99, "numReviews": 54, "groups": [20], "averageRating": 4.481481481481482}, {"asin": "B00A0HJXKG", "name": "Red Color Multi Functionl Purposeful 360 Degrees Adjustable Floor Stand for iPad 2 / 3 /4", "imUrl": "http://ecx.images-amazon.com/images/I/31EX0JJGPRL._SY300_.jpg", "price": 84.99, "numReviews": 2, "groups": [21], "averageRating": 2.0}, {"asin": "B00DDNKCNQ", "name": "SQdeal Universal Dashboard Car Mount Holder Cradle for Samsung Galaxy Tab 2 10.1 P5100 / Samsung GALAXY Tab 10.1 P7500 / Samsung Galaxy Note 10.1 N8000", "imUrl": "http://ecx.images-amazon.com/images/I/41EuQT2a1jL._SY300_.jpg", "price": 11.99, "numReviews": 8, "groups": [22], "averageRating": 2.75}, {"asin": "B00JTUYMT2", "name": "LAZY MAN Flexible Desk Table 360 Degrees 360 Rotating Desktop Stand Lazy Bed Tablet Holder Mount for iPad Air 5 Samsung M-CA003", "imUrl": "http://ecx.images-amazon.com/images/I/41WZrNxvw7L._SY300_.jpg", "price": 21.7, "numReviews": 6, "groups": [23], "averageRating": 3.6666666666666665}, {"asin": "B005WX50DM", "name": "Cooler Master Wave Stand - Adjustable Aluminum Stand for Apple iPad Air, iPad mini, iPad mini with Retina Display, and Android Tablets (Silver)", "imUrl": "http://ecx.images-amazon.com/images/I/41H51UClcOL._SY300_.jpg", "price": 33.18, "numReviews": 86, "groups": [24], "averageRating": 4.627906976744186, "brand": "Cooler Master"}, {"asin": "B008SIKR2W", "name": "iKross Tablet PC Travel Metal Stand Holder for Apple iPad, iPad Mini, Asus, Acer, Dell, HP, Lenovo, Monster, Samsung, and Other Tablets", "imUrl": "http://ecx.images-amazon.com/images/I/414IsNFC0YL._SY300_.jpg", "price": 4.99, "numReviews": 6, "groups": [25], "averageRating": 4.833333333333333}, {"asin": "B006UCI7QQ", "name": "Northwest Adjustable Tablet Easel Stand for iPad, Galaxy, and more", "imUrl": "http://ecx.images-amazon.com/images/I/31pyWZunq0L._SY300_.jpg", "price": 6.79, "numReviews": 11, "groups": [26], "averageRating": 3.8181818181818183}, {"asin": "B0074VEPI6", "name": "Flip 'N Go Universal Display Stand (All Models - iPhone, iPad, iPod Touch) - Retail Packaging (Green)", "imUrl": "http://ecx.images-amazon.com/images/I/312uGqLAiRL._SX300_.jpg", "price": 10.99, "numReviews": 54, "groups": [27], "averageRating": 4.481481481481482}, {"asin": "B008WNR3YI", "name": "LapWorks Cantilever Tablet Mount Universal Adjustable Stand for ALL iPads And Tablets For Viewing Comfortably And Hands Free", "imUrl": "http://ecx.images-amazon.com/images/I/31d8y-3FG4L._SY300_.jpg", "price": 59.95, "numReviews": 27, "groups": [28], "averageRating": 3.4444444444444446}, {"asin": "B00A9S3KRI", "name": "Audiovox Integrated Stand/Connecting Arm for iPad 2/3 (IPD-2C)", "imUrl": "http://ecx.images-amazon.com/images/I/414v2ex5Y%2BL._SX300_.jpg", "price": 75.78, "numReviews": 1, "groups": [29, 30], "averageRating": 5.0, "brand": "Audiovox"}, {"asin": "B00IF4OL44", "name": "Twelve South Compass for iPad V2- Mobile stand for iPad with iPad mini (silver)", "imUrl": "http://ecx.images-amazon.com/images/I/41uzWUZb4cL._SY300_.jpg", "price": 39.99, "numReviews": 6, "groups": [31], "averageRating": 3.5, "brand": "Twelve South"}, {"asin": "B006B7R3Y2", "name": "Exercise Mount for iPads (1st through 4th generation)", "imUrl": "http://ecx.images-amazon.com/images/I/41JVJQqZ4VL._SX300_.jpg", "price": 24.51, "numReviews": 43, "groups": [32], "averageRating": 4.4186046511627906}, {"asin": "B009N8WS5U", "name": "Ipevo PadPillow Lite Pillow Stand for iPad mini and 7-Inch Tablets - Pink (MEPX-06IP)", "imUrl": "http://ecx.images-amazon.com/images/I/3137LM6QWzL._SX300_.jpg", "price": 21.61, "numReviews": 150, "groups": [33], "averageRating": 4.093333333333334, "brand": "Ipevo"}, {"asin": "B0072LATE2", "name": "Arkon Center Extension Car Seat Tablet Headrest Mount for Apple iPad Air iPad 2 Samsung Galaxy Note 10.1 Galaxy Tab Pro 12.2", "imUrl": "http://ecx.images-amazon.com/images/I/31EZfcEY3SL._SY300_.jpg", "price": 29.95, "numReviews": 157, "groups": [34], "averageRating": 4.070063694267516, "brand": "Arkon"}, {"asin": "B0057604US", "name": "The Joy Factory AAB105 Tournez2 Versatile Carbon Fiber Tripod Mount with 360 Angle Adjust for iPad 2 - Black", "imUrl": "http://ecx.images-amazon.com/images/I/31gECYwjlaL._SY300_.jpg", "price": 74.17, "numReviews": 4, "groups": [35], "averageRating": 3.75}, {"asin": "B007HUP2J0", "name": "The New iPad 3rd Generation - iPad Mini - iPad 3 Tripod Mount - G7 Pro\u00ae By iShot\u00ae Mounts - Adapter - Holder - Attachment - Long Lasting Sturdy Aluminum Frame - 1/4-20 Thread - Safely Mount Your iPad to a Tripod - Works with Most Cases, Sleeves and Smart Covers (i-8846-G7-4003)", "imUrl": "http://ecx.images-amazon.com/images/I/41y1lcNd1EL._SY300_.jpg", "price": 39.95, "numReviews": 27, "groups": [36], "averageRating": 4.037037037037037}, {"asin": "B00078E2I6", "name": "Bentley Mounts Portable iPad Desktop Stand (Imount)", "imUrl": "http://ecx.images-amazon.com/images/I/313d9FEIGzL._SY300_.jpg", "price": 19.52, "numReviews": 1, "groups": [37], "averageRating": 1.0, "brand": "Bentley Mounts"}, {"asin": "B005IEYQA8", "name": "iStand for Apple iPad 2 and iPad Original - Perfect for bed side use, movies and face time and games playing", "imUrl": "http://ecx.images-amazon.com/images/I/41HRt0EEUpL._SX300_.jpg", "price": 4.99, "numReviews": 1, "groups": [38], "averageRating": 5.0}, {"asin": "B00D39KXNO", "name": "PUREX Technology 8.9\" to 10.4\" iPad/Tablet Mount and Stand with 360 Rotating base - PXP-09", "imUrl": "http://ecx.images-amazon.com/images/I/41pwD7BF25L._SY300_.jpg", "price": 5.45, "numReviews": 8, "groups": [39], "averageRating": 4.25}, {"asin": "B00FKELFAU", "name": "Mobotron MH-202 Universal Tablet Station for all iPads, iPad mini, Galaxy Tablets, Nexus 7/10, Kindle Fire, Tablet PC, and eBook Readers.", "imUrl": "http://ecx.images-amazon.com/images/I/412SrKYLJwL._SY300_.jpg", "price": 42.0, "numReviews": 1, "groups": [40], "averageRating": 5.0}, {"asin": "B007JL0ZXA", "name": "Arkon Compact Portable Flip And Fold Adjustable PC Tablet Stand Mount For The Apple iPad (third generation 2012) & the New iPad 4th Generation with Retina Display", "imUrl": "http://ecx.images-amazon.com/images/I/41wCYf7HUAL._SY300_.jpg", "price": 9.95, "numReviews": 2, "groups": [41], "averageRating": 5.0}, {"asin": "B00D3205WU", "name": "PUREX Technology 7\" to 8.5\" Tablet Desk mount/clamp and stand with swivel base and extended arm - PXP-03S", "imUrl": "http://ecx.images-amazon.com/images/I/31sPGznq17L._SY300_.jpg", "price": 22.95, "numReviews": 15, "groups": [42], "averageRating": 3.8666666666666667}, {"asin": "B00792VT7K", "name": "Amzer AMZ93342 Headrest Car Mount for Universal Tablet", "imUrl": "http://ecx.images-amazon.com/images/I/41QIG38YXlL._SY300_.jpg", "price": 8.37, "numReviews": 3, "groups": [43], "averageRating": 2.0, "brand": "Amzer"}, {"asin": "B00ABGTW8Y", "name": "Music Microphone Stand Mount for Apple iPad Mini / iPad / iPad 2 / iPad 3 / iPad 4th Gen", "imUrl": "http://ecx.images-amazon.com/images/I/41KtPmaKi6L._SY300_.jpg", "price": 21.99, "numReviews": 12, "groups": [44], "averageRating": 2.3333333333333335}, {"asin": "B00DAXI9IO", "name": "niceEshop Small Universal Adjustable Portable Foldable Metal Holder / Stand For Cell Phones / Ipad Mini / Blackberry Playbook / Samsung Galaxy Tab / Tablet PC -Black", "imUrl": "http://ecx.images-amazon.com/images/I/41-fo9AIk5L._SX300_.jpg", "price": 3.59, "numReviews": 48, "groups": [45], "averageRating": 4.354166666666667, "brand": "niceEshop"}, {"asin": "B004CQKZXK", "name": "Just-Mobile ST-828 Slide iPad 1 & 2 Stand", "imUrl": "http://ecx.images-amazon.com/images/I/31TP9Z5rqmL._SX300_.jpg", "price": 25.99, "numReviews": 16, "groups": [46], "averageRating": 4.5}, {"asin": "B00HFRYA7U", "name": "CTA Digital Universal Height-Adjustable Gooseneck Floor Stand for Tablets (PAD-UAFS)", "imUrl": "http://ecx.images-amazon.com/images/I/311xHDD4fKL._SY300_.jpg", "price": 36.74, "numReviews": 16, "groups": [47], "averageRating": 4.3125, "brand": "CTA Digital"}, {"asin": "B004AUR5LI", "name": "Griffin WaveStand for iPad (GC16043)", "imUrl": "http://ecx.images-amazon.com/images/I/21-rZrg7JOL._SX300_.jpg", "price": 4.88, "numReviews": 27, "groups": [48], "averageRating": 3.8518518518518516}, {"asin": "B00AB3GO1K", "name": "LapWorks Carbon Steel iPad and Tablet Mount Floor Stand holds any size iPad or Tablet for use in bed, easy chair or standing presentations", "imUrl": "http://ecx.images-amazon.com/images/I/41JPvxIARzL._SY300_.jpg", "price": 109.0, "numReviews": 15, "groups": [49], "averageRating": 4.066666666666666, "brand": "LapWorks"}, {"asin": "B00EVCTR3E", "name": "Grifiti Nootle iPad Air Tripod Mount (5) Smart Cover Compatible with 1/4-20 Thread to Fit Any Standard Tripod, Stand, Flexible Tripod, Suction Stand, Ball Head You Already Use That Has 1/4 Threaded Camera Connector", "imUrl": "http://ecx.images-amazon.com/images/I/41ZwXkpnNkL._SY300_.jpg", "price": 16.98, "numReviews": 23, "groups": [50], "averageRating": 4.434782608695652}, {"asin": "B0091DQ8GC", "name": "The Joy Factory Valet Headrest Mount with iPad Swivel Tray 360 degree MagConnect Technology for iPad 2/3/4 (MMA107)", "imUrl": "http://ecx.images-amazon.com/images/I/31NoDdRIRHL._SX300_.jpg", "price": 77.99, "numReviews": 63, "groups": [51], "averageRating": 4.428571428571429, "brand": "The Joy Factory"}, {"asin": "B00APL79W6", "name": "Kensington SecureBack POS Stand and Enclosure for iPad 2/3/4 (K67773AM)", "imUrl": "http://ecx.images-amazon.com/images/I/41iSKAaeXjL._SY300_.jpg", "price": 172.77, "numReviews": 10, "groups": [52], "averageRating": 4.1, "brand": "Kensington"}, {"asin": "B0057603V8", "name": "The Joy Factory Valet2 Versatile In-car Carbon Fiber Headrest Mount for iPad 2 - Black (AAB110)", "imUrl": "http://ecx.images-amazon.com/images/I/314yv5nBB2L._SY300_.jpg", "price": 77.79, "numReviews": 7, "groups": [53], "averageRating": 3.4285714285714284}, {"asin": "B008MBU9M8", "name": "Arkon Apple Ipad (2nd & 3rd Gen.) Car Headrest Mount, Ipm3-RSHM - Black", "imUrl": "http://ecx.images-amazon.com/images/I/413weUIfQVL._SY300_.jpg", "price": 29.95, "numReviews": 1, "groups": [54], "averageRating": 3.0}, {"asin": "B009QFU2T4", "name": "Zuwit Universal Tablet PC/eBook Reader Stand for iPad(1-3th), Galaxy Tab, Kindle Fire, Playbook, Xoom, Toshiba, Nook and Other 6-11inch Tablets/eBook Readers", "imUrl": "http://ecx.images-amazon.com/images/I/41047SmBGkL._SX300_.jpg", "price": 25.99, "numReviews": 2, "groups": [55], "averageRating": 5.0}, {"asin": "B00BTGOZNW", "name": "Digital Gadgets iCozy Bean Bag Stand for Tablets (DGIPA3BB-BK)", "imUrl": "http://ecx.images-amazon.com/images/I/412w3KzvZPL._SX300_.jpg", "price": 19.36, "numReviews": 6, "groups": [56], "averageRating": 3.8333333333333335, "brand": "Digital Gadgets"}, {"asin": "B00G8DA9E0", "name": "Tocas Flexible Desk Table 360 Degrees Easy-adjust Arm Handfree Holder Bolt Clamp Mount Stand Gooseneck Kit for Tablet Holder Mount 7\" 8.9\" 10\" Inch Tablet Pc Holder Ipad Mini Holder Bracket Holder Mount Samsung Galaxy Tab Holder Mount Samsung Galaxy Note 10.1 Tablet Mount Nexus 7 Tablet Holder Mount Asus Transformer Tablet Holder Motorola Xoom Tablet Holder Toshiba Thrive/excite Mount Asus Eee Flytouch III Holder Table Holder Btih49", "imUrl": "http://ecx.images-amazon.com/images/I/41w-gtCBf3L._SY300_.jpg", "price": 27.99, "numReviews": 1, "groups": [57], "averageRating": 1.0}, {"asin": "B00524WMWI", "name": "Aluminum Desktop Holder Stand Mount for Apple iPad 2 16GB 32GB 64GB 3G Wifi with Adjustable Viewing Angle", "imUrl": "http://ecx.images-amazon.com/images/I/41NbhypDtKL._SX300_.jpg", "price": 17.09, "numReviews": 3, "groups": [58], "averageRating": 3.6666666666666665}, {"asin": "B00BCFZAJI", "name": "K&M Stands 19742 Universal Tablet Holder-Microphone Stand Mount", "imUrl": "http://ecx.images-amazon.com/images/I/41lt2y5WciL._SX300_.jpg", "price": 74.99, "numReviews": 5, "groups": [59], "averageRating": 4.4, "brand": "K&M Stands", "salesRankCategory": "Musical Instruments", "salesRank": 32431}, {"asin": "B00JF7LR4C", "name": "LEVO G2 Essential Tablet Floor Stand for all iPads Galaxy Nexus Surface Nook Fire and Other Tablets and eReaders Gunmetal Black Color", "imUrl": "http://ecx.images-amazon.com/images/I/41y1d-gBaVL._SX300_.jpg", "price": 99.99, "numReviews": 3, "groups": [60], "averageRating": 4.333333333333333}, {"asin": "B004M8SSXM", "name": "Arkon Portable Fold Up Tablet Stand for iPad, Sumsung Galaxy Tab, BlackBerry PlayBook, Motorola Xoom", "imUrl": "http://ecx.images-amazon.com/images/I/41fIMLh7g-L._SY300_.jpg", "price": 9.99, "numReviews": 8, "groups": [61], "averageRating": 5.0, "brand": "Arkon"}, {"asin": "B00IT76LQS", "name": "Apple iPad Music Floor Stand for iPad 1 2 3 Rotating Tilt Home Office Business School Standing Mount Bracket", "imUrl": "http://ecx.images-amazon.com/images/I/314gXWAsexL._SY300_.jpg", "price": 37.99, "numReviews": 4, "groups": [62], "averageRating": 4.0}, {"asin": "B00BG2BCY4", "name": "Standzout Standzfree 48-Inch Universal Tablet Floor Stand, Black", "imUrl": "http://ecx.images-amazon.com/images/I/31Zajy5AJRL._SY300_.jpg", "price": 111.85, "numReviews": 4, "groups": [63], "averageRating": 4.75, "brand": "Standzout"}, {"asin": "B007519E7C", "name": "IK Multimedia iKlip Studio- Black", "imUrl": "http://ecx.images-amazon.com/images/I/41RwvJ0Mf0L._SY300_.jpg", "price": 29.0, "numReviews": 13, "groups": [64], "averageRating": 3.8461538461538463, "brand": "IK Multimedia"}, {"asin": "B00CZVNDX8", "name": "Universal Tablet Mount 8.9\" to 10.4\" for Walls/Undermount Kitchen cabinets/Tables with extended arm - PXP-01", "imUrl": "http://ecx.images-amazon.com/images/I/41qqdVcU-QL._SX300_.jpg", "price": 20.95, "numReviews": 1, "groups": [65], "averageRating": 2.0}, {"asin": "B004X2TJ1W", "name": "Satechi R1 Arm Hinge Holder Stand for iPad, iPad Air/Mini, ASUS Eee Pad Transformer, Motorola Xoom, Samsung Galaxy Tab, Galaxy 10.1, ViewSonic gTablet, BlackBerry Playbook, HTC Flyer", "imUrl": "http://ecx.images-amazon.com/images/I/41sgwMFS9eL._SY300_.jpg", "price": 44.99, "numReviews": 81, "groups": [66], "averageRating": 4.765432098765432, "brand": "Satechi"}, {"asin": "B0072LASLQ", "name": "Arkon C-Clamp Tablet Mount for Tables Desks or Treadmills with 10 inch Arm and C Clamp for iPad Air Galaxy Note 10.1", "imUrl": "http://ecx.images-amazon.com/images/I/41RorgVa52L._SY300_.jpg", "price": 64.95, "numReviews": 19, "groups": [67], "averageRating": 4.421052631578948, "brand": "Arkon"}, {"asin": "B00E77V7JA", "name": "LAP PRO - MINI, Universal Beanbag Lap Stand for iPads & all Android Tablets, E-Readers, Books & Magazines - Bed, Couch, Travel - Adjustable Angle; 0 - 89 deg.", "imUrl": "http://ecx.images-amazon.com/images/I/41leR1E7cnL._SY300_.jpg", "price": 23.99, "numReviews": 37, "groups": [68], "averageRating": 3.7027027027027026}, {"asin": "B00H8A1OUU", "name": "Tablet Holder - Universal Stand That Fits Any Tablet Brand - In Hand - On Desk - Kitchen Counter - In Bed - Car or on Treadmill", "imUrl": "http://ecx.images-amazon.com/images/I/31l2yimnJtL._SX300_.jpg", "price": 39.95, "numReviews": 4, "groups": [69], "averageRating": 5.0}, {"asin": "B004NP6EIA", "name": "Woodford Design FridgePad Fridge Mount for Apple iPad 4, iPad 3, iPad 2 & iPad - Black", "imUrl": "http://ecx.images-amazon.com/images/I/41ZGUILSg2L._SY300_.jpg", "price": 22.99, "numReviews": 2, "groups": [70], "averageRating": 4.0}, {"asin": "B007MD32YY", "name": "TOWER IPAD MOUNT PEDESTAL STAND FOR ALL IPADS AND TABLETS FOR VIEWING IN BED", "imUrl": "http://ecx.images-amazon.com/images/I/21t51%2ByM0nL.jpg", "price": 159.0, "numReviews": 19, "groups": [71], "averageRating": 3.789473684210526}, {"asin": "B00A6KGPPS", "name": "GMYLE\u00ae Black 360\u00ba One-way Clamp Adjustable Arm Stand 3D Digital Device Table Mount Holder Kit Perfect Fit For iPad 2 and New iPad With 3 Meter Cable", "imUrl": "http://ecx.images-amazon.com/images/I/51UWlGcAe8L._SY300_.jpg", "price": 39.99, "numReviews": 1, "groups": [72], "averageRating": 4.0}, {"asin": "B00E4OCECU", "name": "Displays2go iPad Enclosure with Rotating Bracket and Exposed Home Button (IPDCAUF6BK)", "imUrl": "http://ecx.images-amazon.com/images/I/411JpNLIuKL._SY300_.jpg", "price": 30.39, "numReviews": 3, "groups": [73], "averageRating": 3.0}, {"asin": "B005740O28", "name": "Prop 'n Go Lite - Adjustable Bed Holder & Lap Stand for iPad, iPair Air, iPad mini, Tablets and eReaders with Multi Angle Control (Black)", "imUrl": "http://ecx.images-amazon.com/images/I/41T40xN%2B1OL._SX300_.jpg", "price": 39.95, "numReviews": 132, "groups": [74], "averageRating": 4.5}, {"asin": "B00ASUS01S", "name": "Universal Portable Foldable Adjustable Stand Holder for 9\" 9.7\" 10\" Ipad Xoom Kindle Galaxy Tab and Other Tablet", "imUrl": "http://ecx.images-amazon.com/images/I/41OWOL3Wn-L._SY300_.jpg", "price": 3.5, "numReviews": 1, "groups": [75], "averageRating": 5.0}, {"asin": "B005NHR6KM", "name": "Belkin Kitchen Cabinet Tablet Mount", "imUrl": "http://ecx.images-amazon.com/images/I/314rgKMQegL._SX300_.jpg", "price": 40.99, "numReviews": 169, "groups": [76], "averageRating": 3.2366863905325443}, {"asin": "B0051KO7IU", "name": "Silver HARD METAL Durable/Portable 2-way Stand for iPad iPad 2 ipad2 Motorola Xoom Blackberry Playbook Samsung Galaxy TAB HTC Flyer", "imUrl": "http://ecx.images-amazon.com/images/I/41Om6X0WXEL._SY300_.jpg", "price": 6.99, "numReviews": 44, "groups": [77], "averageRating": 3.6818181818181817}, {"asin": "B00A42Y3E8", "name": "iBuddy iPad and Tablet Pillow Holder - Diamonds - 14 \u00bd\" x 11 \u00bd\"", "imUrl": "http://ecx.images-amazon.com/images/I/51eBDge6JoL._SX300_.jpg", "price": 26.5, "numReviews": 4, "groups": [78], "averageRating": 5.0}, {"asin": "B00DEBMDGQ", "name": "Exelium Cover, Stand and Wall Mount System for iPad mini (UP120)", "imUrl": "http://ecx.images-amazon.com/images/I/31OuWitaKdL._SY300_.jpg", "price": 29.99, "numReviews": 2, "groups": [79], "averageRating": 5.0}, {"asin": "B008E0Q0C0", "name": "Koala Damage-free Tablet Wall Mount Dock by Dockem; for iPad 1/2/3/4, Mini, Air, Xperia Z, Samsung Galaxy Tab/Note, Nexus 7/10, and more (Chrome)", "imUrl": "http://ecx.images-amazon.com/images/I/41FSd0YBh9L._SY300_.jpg", "price": 14.99, "numReviews": 130, "groups": [80], "averageRating": 4.130769230769231}, {"asin": "B00FF1QNGY", "name": "LotFancy - (US Shipping) - Universal New Easy Smart Tap Dashboard Car Windshield & Desk & counter Top Mount Bracket Holder Cradle (360\u00b0Rotatable) For 7\"-11\" Tablets: Apple iPad 1 2 3 4, iPad Mini, ipad mini 2, New ipad; Ipad Air; Acer ICONIA Tab A/B/W Series such as A500 W510 A210 A110; Amazon Kindle Fire (HD); ASUS Fonepad, MeMO Pad, Asus Eee Pad Slider, ASUS Transformer Pad Infinity, Asus Eee Pad Transformer Prime, ASUS VivoTab (RT); Google (Asus) Nexus 7, Google (Samsung) Nexus 10; Microsoft Surface RT; Samsung Galaxy Note, Samsung Galaxy Tab, Samsung Series 7 Slate, Samsung Ativ Tab; Barnes and Noble Nook HD(+); Lenovo IdeaTab A/Lynx/S Series; Thinkpad Tablet Series; Sony Xperia Z/S Tablet; Toshiba Excite 7.7/10 Series; Kobo Arc Tablet; Motorola XOOM/XOOM2, Droid XYBoard; Dell XPS 10, Streak 7, Streak 10 Pro, Latitude 10, Latitude ST, Peju; HP TouchPad Envy x2, ElitePad 900, Slate 7, Slate 2; Viewsonic Gtablet; Blackberry Playbook; and more", "imUrl": "http://ecx.images-amazon.com/images/I/419P3Qr9y1L._SY300_.jpg", "price": 7.39, "numReviews": 11, "groups": [81], "averageRating": 3.4545454545454546, "brand": "LotFancy"}, {"asin": "B005G14YHS", "name": "COTEetCIEL Pillow Stand for iPad 1 & 2 - Grey Melange (20010475-U009-00)", "imUrl": "http://ecx.images-amazon.com/images/I/31%2BKJ2e7WnL._SX300_.jpg", "price": 26.5, "numReviews": 1, "groups": [82], "averageRating": 4.0}, {"asin": "B005JLNW7S", "name": "Aidata US-1001 Universal Tablet Stand for most 7 to 10.1-Inch Tablets -Black", "imUrl": "http://ecx.images-amazon.com/images/I/3125aTD44hL._SY300_.jpg", "price": 22.4, "numReviews": 4, "groups": [83], "averageRating": 4.75, "brand": "Aidata"}, {"asin": "B0097WP26Y", "name": "CTA Digital Adjustable Gooseneck Clamp Stand\u00a0for iPad, Kindle and Other Tablets (PAD-GCS)", "imUrl": "http://ecx.images-amazon.com/images/I/410jk%2BpPL%2BL._SY300_.jpg", "price": 27.99, "numReviews": 12, "groups": [84], "averageRating": 1.6666666666666667}, {"asin": "B0073VN3JE", "name": "Crimson Silver Pocket Eazl Portable Easel Stand for Ipad, Kindle, Galaxy and Other Tablets", "imUrl": "http://ecx.images-amazon.com/images/I/514IxdSEdbL._SY300_.jpg", "price": 39.95, "numReviews": 2, "groups": [85], "averageRating": 5.0}, {"asin": "B00CTUOV7C", "name": "iStabilizer tabMount", "imUrl": "http://ecx.images-amazon.com/images/I/31S2qNJ9snL._SY300_.jpg", "price": 19.5, "numReviews": 16, "groups": [86], "averageRating": 4.1875}, {"asin": "B005MSJA9C", "name": "WedgeWorks The Wedge - Mobile Device Display Stand - Red", "imUrl": "http://ecx.images-amazon.com/images/I/41q2%2Bd4CGEL._SX300_.jpg", "price": 9.95, "numReviews": 8, "groups": [87], "averageRating": 4.5}, {"asin": "B00A8GKFF6", "name": "iCushion- iPad Cushion Pillow Stand Velvet Maroon Suitable for iPad, Kindle, Nexus, Galaxy, other Tablet Devices, E-Readers, Books & Magazines.", "imUrl": "http://ecx.images-amazon.com/images/I/419RU7ZGxnL._SY300_.jpg", "price": 39.99, "numReviews": 5, "groups": [88], "averageRating": 3.4}, {"asin": "B004BD0AMA", "name": "LapWorks Pivot Translucent iPad 1 Stand Adjustable Angles, Rotates 360 degrees for Posing iPad as a Digital Frame", "imUrl": "http://ecx.images-amazon.com/images/I/31mSfTTzkQL._SY300_.jpg", "price": 19.99, "numReviews": 7, "groups": [89], "averageRating": 2.2857142857142856}, {"asin": "B00J7MEERC", "name": "Twelve South HoverBar V3 - adjustable arm for iPad, iPad Air and iPad Mini (includes Kickstand)", "imUrl": "http://ecx.images-amazon.com/images/I/31FjkJinADL._SX300_.jpg", "price": 99.99, "numReviews": 4, "groups": [90], "averageRating": 3.5, "brand": "Twelve South"}, {"asin": "B00FWPM9BG", "name": "Zuwit Car Dashboard Windshield Suction Mount,two Clips for 3.5\"-5.5\" Iphone and 7-8 Inch Tablets Ipad Mini", "imUrl": "http://ecx.images-amazon.com/images/I/41DeFTUtGLL._SX300_.jpg", "price": 22.89, "numReviews": 4, "groups": [91], "averageRating": 4.25}, {"asin": "B00ATCA0OA", "name": "GGMM iLight Tablet Stand and 12-LED Lamp for All Tablets (DZ00301)", "imUrl": "http://ecx.images-amazon.com/images/I/313vrGDufHL._SY300_.jpg", "price": 69.99, "numReviews": 2, "groups": [92], "averageRating": 3.5, "brand": "GGMM"}, {"asin": "B00H9ML0YW", "name": "ChargerCity Dual Joint Rotate Adjustable Aluminum Pole/Bar C Clamp Podium Orchestra Music Mic Microphone Stand Mount (10\") for with Universal 7\"-11\" Tablet holder compatible w/ Apple iPad 5 4 3 2 Air Mini Retina Samsung Galaxy Tab Note AMZ Kndle Fire HD HDX Microsoft Surface Google Nexus Acer Asus VivoTab Sony Xperia Lenovo Idea Yoga 7 7.7 8 8.9 9 10 11 inch Tablet", "imUrl": "http://ecx.images-amazon.com/images/I/41axIR09XsL._SY300_.jpg", "price": 44.95, "numReviews": 19, "groups": [93], "averageRating": 4.052631578947368}, {"asin": "B006VY8C6S", "name": "Satechi SCH-121 Cup Holder Mount for Smartphones & Tablets: iPad, iPad Mini/Air, Asus Eee Pad Transformer, Motorola Xoom, Samsung Galaxy Tab, Galaxy 10.1, Viewsonic Gtablet, Blackberry Playbook, HTC Flyer, iPhone, BlackBerry, Galaxy S4, S3, S2", "imUrl": "http://ecx.images-amazon.com/images/I/41%2BCu2-DXRL._SY300_.jpg", "price": 39.99, "numReviews": 222, "groups": [94], "averageRating": 4.121621621621622, "brand": "Satechi"}, {"asin": "B00HF28RW4", "name": "TaoTronics\u00ae Desk stand/Clamp Mount/Bed Stand Clamp for iPad Air-Hover-Gooseneck-fully adjustable", "imUrl": "http://ecx.images-amazon.com/images/I/31TSm8qLNoL._SX300_.jpg", "price": 43.99, "numReviews": 8, "groups": [95], "averageRating": 4.375}, {"asin": "B00CII8GU8", "name": "UZBL Pose multiposition and stackable iPad stand and tablet stand", "imUrl": "http://ecx.images-amazon.com/images/I/41ANAFd9jyL._SX300_.jpg", "price": 14.99, "numReviews": 15, "groups": [96], "averageRating": 4.8}, {"asin": "B0071Q68RK", "name": "Kropsson H850 Universal Tablet 360 degree Adjustable Headrest Mount - (expands vertically from 5.9 Inch to 7.8 Inch)", "imUrl": "http://ecx.images-amazon.com/images/I/51zgoAljz7L._SX300_.jpg", "price": 24.99, "numReviews": 2, "groups": [97], "averageRating": 4.5}, {"asin": "B00KCGB7W2", "name": "ECVISION\u00ae Universal Floor stand holder Flexible 360 Degree Rotatable Gooseneck Bracket Foldable Table Mount Stand Bed Holder For Ipad / Tablets / Smartphones (White)", "imUrl": "http://ecx.images-amazon.com/images/I/51eINAO1mDL._SY300_.jpg", "price": 49.99, "numReviews": 1, "groups": [98], "averageRating": 5.0}, {"asin": "B007TNWCZ2", "name": "BeanPad New Soft Stand for iPad 2 Color: White", "imUrl": "http://ecx.images-amazon.com/images/I/41tI4LPqAML._SX300_.jpg", "price": 25.0, "numReviews": 1, "groups": [99], "averageRating": 5.0}, {"asin": "B00CIQ6H2Y", "name": "TabletTail: Monkey Kit - Flexible Stand for iPad, Tablet, and e-Reader", "imUrl": "http://ecx.images-amazon.com/images/I/41yIvkYKEYL._SY300_.jpg", "price": 69.99, "numReviews": 35, "groups": [100], "averageRating": 4.0}, {"asin": "B005PUXS5E", "name": "Multi-angle Stand Suitable For All Tablet PCs And iPad", "imUrl": "http://ecx.images-amazon.com/images/I/41brqH8O7iL._SY300_.jpg", "price": 1.31, "numReviews": 1, "groups": [101], "averageRating": 5.0}, {"asin": "B006RG21ZS", "name": "Standzout Standzfree 48-Inch iPad 1, 2, 3 and 4 Floor Stand, Black", "imUrl": "http://ecx.images-amazon.com/images/I/21GRp2ZUZdL._SY300_.jpg", "price": 84.65, "numReviews": 118, "groups": [63], "averageRating": 3.8559322033898304, "brand": "Standzout"}, {"asin": "B004VFG8M4", "name": "Griffin GC32004 Xpo Universal Tablet Stand for iPad", "imUrl": "http://ecx.images-amazon.com/images/I/31ttG%2BD3ArL._SX300_.jpg", "price": 9.95, "numReviews": 6, "groups": [102], "averageRating": 4.833333333333333}, {"asin": "B00A9S3KLY", "name": "Audiovox Integrated Stand/Connecting Arm for iPad 2/3 (IPD-1)", "imUrl": "http://ecx.images-amazon.com/images/I/41bA6N-mUgL._SY300_.jpg", "price": 38.3, "numReviews": 2, "groups": [29], "averageRating": 5.0, "brand": "Audiovox"}, {"asin": "B006R2BM5W", "name": "OKEBA Universal 360 degree angle Adjustable Floor Mount Holder Stand For iPad Samsung Galaxy and other 5-10 inch Tablet PC-Silvery", "imUrl": "http://ecx.images-amazon.com/images/I/41kJj0I7VSL._SY300_.jpg", "price": 84.99, "numReviews": 1, "groups": [103], "averageRating": 5.0}, {"asin": "B00C31MF0W", "name": "Ppyple Universal Car CD Slot Mount for Tablet PC including iPad Mini, Samsung Galaxy Tab 7\" and more (Screen size 6.5\" - 8.9\").", "imUrl": "http://ecx.images-amazon.com/images/I/41cV39aSswL._SX300_.jpg", "price": 34.99, "numReviews": 60, "groups": [104], "averageRating": 4.15}, {"asin": "B0050W632W", "name": "Incase CL57929 Third Wave Lounge Stand for iPad 2 - Black", "imUrl": "http://ecx.images-amazon.com/images/I/41bGQcMxRnL._SY300_.jpg", "price": 16.99, "numReviews": 19, "groups": [105], "averageRating": 3.736842105263158}, {"asin": "B006ETZNR6", "name": "Ipad Stand Acrylic Double Groove", "imUrl": "http://ecx.images-amazon.com/images/I/41h-f5MGllL._SY300_.jpg", "price": 9.99, "numReviews": 4, "groups": [106], "averageRating": 4.75}, {"asin": "B0091DQ9AM", "name": "The Joy Factory Valet Seat Bolt Mount with MagConnect Technology for iPad 4th/3rd/2nd Gen (MMA106)", "imUrl": "http://ecx.images-amazon.com/images/I/316YjDoHbqL._SX300_.jpg", "price": 143.22, "numReviews": 63, "groups": [107], "averageRating": 4.428571428571429, "brand": "The Joy Factory"}, {"asin": "B005OIMGNC", "name": "Adjustable Tablet/Desk/Car Mount Holder For iPad Samsung Galaxy and other 5-10 inch Tablet PC", "imUrl": "http://ecx.images-amazon.com/images/I/41BtembsjXL._SY300_.jpg", "price": 12.68, "numReviews": 16, "groups": [108], "averageRating": 3.1875}, {"asin": "B00A9S3KNW", "name": "Audiovox Integrated Stand/Connecting Arm for iPad 2/3 (IPD-2FM)", "imUrl": "http://ecx.images-amazon.com/images/I/414v2ex5Y%2BL._SX300_.jpg", "price": 105.93, "numReviews": 1, "groups": [30], "averageRating": 5.0, "brand": "Audiovox"}, {"asin": "B009QGBTE0", "name": "Zuwit Arch-shaped Bed/Sofa/Floor Stand for Tablet PC/E-readers, Compatable with iPad(1-3th), Galaxy Tab, Kindle Paperwhite, Kindle Fire, Xoom, Nook and Other 6-11inch Tablets/eBook Readers", "imUrl": "http://ecx.images-amazon.com/images/I/31u1%2Be23F9L._SX300_.jpg", "price": 19.99, "numReviews": 1, "groups": [109], "averageRating": 3.0}, {"asin": "B00B4EXIAU", "name": "Fonus Portable Travel Folding Tablet Stand Desktop Fold-up Holder for Apple iPad, iPad 2, iPad 3 (The New iPad), iPad Mini, Samsung Galaxy Nexus 7 / Tab 2 (7.0) / Tab 10.1 / Tab 2 (10.1), Galaxy Note 10.1, Amazon Kindle, Nook, Xoom, Playbook", "imUrl": "http://ecx.images-amazon.com/images/I/41j0dvEC85L._SX300_.jpg", "price": 19.99, "numReviews": 1, "groups": [110], "averageRating": 3.0}, {"asin": "B00B72DNG8", "name": "Twelve South BookArc for iPad - Tabletop stand for iPad and iPad mini", "imUrl": "http://ecx.images-amazon.com/images/I/31Pw49rL7zL._SX300_.jpg", "price": 29.99, "numReviews": 36, "groups": [111], "averageRating": 4.333333333333333, "brand": "Twelve South"}, {"asin": "B00523M4RC", "name": "COSMOS Black Universal Adjustable Stand Holder For iPad/iPad 2 Blackberry Playbook/Samsung Galaxy Tab Tablet PC + Cosmos cable tie", "imUrl": "http://ecx.images-amazon.com/images/I/41-fo9AIk5L._SX300_.jpg", "price": 5.38, "numReviews": 147, "groups": [45], "averageRating": 4.197278911564626, "brand": "Cosmos"}, {"asin": "B00DEBMDOS", "name": "Exelium Cover, Stand and Wall Mount System for iPad mini (UP120)", "imUrl": "http://ecx.images-amazon.com/images/I/315FDxpYBFL._SY300_.jpg", "price": 28.07, "numReviews": 2, "groups": [112], "averageRating": 5.0}, {"asin": "B008KE14R6", "name": "G7 Pro\u00ae By iShot\u00ae Mounts - Universal Tablet Computer Tripod Mount - Long Lasting Sturdy Aluminum Frame - 1/4-20 Thread - Safely Mount Tablet to your Tripod - Works with Most Cases, Sleeves and Smart Covers - Fit Tablets from 5\" - 10\" Including the Google, Samsung and ASUS Nexus 7 4G Android 32GB Wifi Tablet", "imUrl": "http://ecx.images-amazon.com/images/I/41CR%2BMCheqL._SY300_.jpg", "price": 49.95, "numReviews": 1, "groups": [113], "averageRating": 3.0}, {"asin": "B005MKH1XC", "name": "Renegade Concepts: LAP PRO - Stand/Caddy, Universal Lap Stand for iPad & all Tablets, E-Readers, Books & Magazines - Bed, Couch, Travel - Adjustable Angle; 0 - 89 deg.1st RUN SOLD OUT IN 2 WEEKS!", "imUrl": "http://ecx.images-amazon.com/images/I/41ddLo0csGL._SX300_.jpg", "price": 25.99, "numReviews": 462, "groups": [114, 115], "averageRating": 3.898268398268398}, {"asin": "B00D11SPHA", "name": "iStabilizer tabFlex - Universal Flexible Leg Tripod for Tablets", "imUrl": "http://ecx.images-amazon.com/images/I/41EKXC-qaLL._SY300_.jpg", "price": 29.99, "numReviews": 11, "groups": [116], "averageRating": 4.545454545454546, "brand": "iStabilizer"}, {"asin": "B00A42Y14U", "name": "iBuddy iPad and Tablet Pillow Holder - Tessa - 14 \u00bd\" x 11 \u00bd\"", "imUrl": "http://ecx.images-amazon.com/images/I/51nbuna9MPL._SX300_.jpg", "price": 25.99, "numReviews": 1, "groups": [117], "averageRating": 5.0}, {"asin": "B004BPT4BG", "name": "LapWorks Axis iPad Stand for iPad 1, 2 & 3 Silver With Adjustable Support Arm Use as a Digital Picture Frame And Folds Flat", "imUrl": "http://ecx.images-amazon.com/images/I/41SWJfpnyqL._SY300_.jpg", "price": 12.99, "numReviews": 9, "groups": [118], "averageRating": 4.444444444444445}, {"asin": "B006R2EN6M", "name": "New Universal 360 degree angle Adjustable Floor Mount Holder For iPad Samsung Galaxy and other 5-10 inch Tablet PC-Silvery+ One Cool Skull Key Chain Charm Strap At Random Color", "imUrl": "http://ecx.images-amazon.com/images/I/410bCVdiWJL._SY300_.jpg", "price": 84.99, "numReviews": 1, "groups": [119], "averageRating": 5.0}, {"asin": "B00A0HHKZ6", "name": "180\u00b0and 360\u00b0Rotatable Silver Color Height & Direction Adjustable Floor Stand with Three Holders for iPad 2 / 3 / 4", "imUrl": "http://ecx.images-amazon.com/images/I/310grnMeSyL._SY300_.jpg", "price": 39.46, "numReviews": 2, "groups": [120], "averageRating": 2.0}, {"asin": "B00EYSGXWS", "name": "Grifiti Nootle Stand with Mini Ball Head and Travel Case Works for Nootle and Other 1/4 20 Threaded iPad Mounts, Tablet Mounts, GPS, and Cameras Perfect for Displays, Tradeshows, and Quick Photos or Videos", "imUrl": "http://ecx.images-amazon.com/images/I/310KMQUUe%2BL._SY300_.jpg", "price": 32.98, "numReviews": 2, "groups": [121], "averageRating": 5.0}, {"asin": "B00GLDT3P8", "name": "Infernal Innovations' Mountster SR. Tablet Headrest Mount - Tilts Towards Middle Passenger! - Suitable for iPad, iPad Mini,iPad Air, Samsung Galaxy & Many Other Tablets & eReaders - Car Tablet Holder - Arms Adjust (5.75\"-8\")", "imUrl": "http://ecx.images-amazon.com/images/I/41FQt0byUfL._SX300_.jpg", "price": 29.99, "numReviews": 29, "groups": [122], "averageRating": 4.724137931034483}, {"asin": "B006X2HJQ2", "name": "Kensington Chaise Universal Tablet Stand for iPad 1, 2 and iPad 3, and 7-10 Inch Tablets - Black (K39535WW)", "imUrl": "http://ecx.images-amazon.com/images/I/41r3swI2PiL._SY300_.jpg", "price": 29.43, "numReviews": 5, "groups": [123], "averageRating": 4.6, "brand": "Kensington"}, {"asin": "B009C617O6", "name": "tabCoosh to suit iPads - chilli chocolate, just 1 of 5 styles available. Simply, tablet comfort.", "imUrl": "http://ecx.images-amazon.com/images/I/51RlP2tAv-L._SY300_.jpg", "price": 25.99, "numReviews": 3, "groups": [124], "averageRating": 4.666666666666667}, {"asin": "B00E77V7M2", "name": "LAP PRO - MINI, Universal Beanbag Lap Stand for iPad Mini, iPad Air, iPad 1, iPad 2, iPad 3, iPad 4, Galaxy, Xoom, Acer, Nexus & all Android Tablets, E-Readers, Books & Magazines - Bed, Couch, Travel - Adjustable Angle; 0 - 89 deg.", "imUrl": "http://ecx.images-amazon.com/images/I/41Gc%2BnzMAtL._SY300_.jpg", "price": 23.99, "numReviews": 37, "groups": [125], "averageRating": 3.7027027027027026}, {"asin": "B008M57BRU", "name": "Incipio ID-600 FIXIE Universal Tablet Stand - Black", "imUrl": "http://ecx.images-amazon.com/images/I/41JRMjxha3L._SY300_.jpg", "price": 19.95, "numReviews": 16, "groups": [126], "averageRating": 4.6875, "brand": "Incipio"}, {"asin": "B005H1WYXI", "name": "Thought Out Stabile PRO Pivoting iPad Stand - Black", "imUrl": "http://ecx.images-amazon.com/images/I/41igvcHQX1L._SY300_.jpg", "price": 89.99, "numReviews": 20, "groups": [127], "averageRating": 4.05}, {"asin": "B005M0YTO6", "name": "Car Vehicle Seat Back Headrest Rotatable ABS Plastic Mount Holder For Apple iPad, SAMSUNG GALAXY TAB 8.9 /MOTOLORA XOOM /SAMSUNG GALAXY TAB 10.1/LG OPTIMUS PAD HP TOUCHPAD, ETC.", "imUrl": "http://ecx.images-amazon.com/images/I/41IEitTY-rL._SY300_.jpg", "price": 6.37, "numReviews": 32, "groups": [128], "averageRating": 2.59375}, {"asin": "B005VSHMDE", "name": "EMPIRE Adjustable Flexible Arm Extension Mount for Tablets and eBooks", "imUrl": "http://ecx.images-amazon.com/images/I/41kLJmumM6L._SY300_.jpg", "price": 39.99, "numReviews": 15, "groups": [129], "averageRating": 3.7333333333333334}, {"asin": "B00AYQVEUU", "name": "Desktop Stand for the new iPad and iPad 2", "imUrl": "http://ecx.images-amazon.com/images/I/51DM8crOWmL._SY300_.jpg", "price": 5.89, "numReviews": 1, "groups": [130], "averageRating": 5.0}, {"asin": "B00F3F09VM", "name": "ARKON Universal Strap Mount for Tablets, White (TAB134-W)", "imUrl": "http://ecx.images-amazon.com/images/I/317JDfXVa5L._SY300_.jpg", "price": 20.19, "numReviews": 1, "groups": [131], "averageRating": 5.0}, {"asin": "B00BCSYZLE", "name": "ARKON Tablet Heavy Duty Table Desk Mount with C Clamp Base and 4-Inch Arm for iPad Air Galaxy Note 10.1 Galaxy Tab Pro 12.2 (TABPB086)", "imUrl": "http://ecx.images-amazon.com/images/I/41wRkt9lrwL._SY300_.jpg", "price": 29.95, "numReviews": 1, "groups": [132], "averageRating": 5.0}, {"asin": "B005QMVUOM", "name": "Just Mobile WM-818 Horizon Wall Mount for iPad and iPad 2", "imUrl": "http://ecx.images-amazon.com/images/I/31s2eeotAPL._SX300_.jpg", "price": 14.99, "numReviews": 2, "groups": [133], "averageRating": 3.5}, {"asin": "B006421IRW", "name": "Vantage Point BeanPad TP2BB-P for iPad (Gen 3) and iPad2 Pink Bean Bag Stand", "imUrl": "http://ecx.images-amazon.com/images/I/41TqYKdyB4L._SX300_.jpg", "price": 25.0, "numReviews": 4, "groups": [134], "averageRating": 4.75}, {"asin": "B008M57E18", "name": "Incipio ID-602 FIXIE Universal Tablet Stand - Red", "imUrl": "http://ecx.images-amazon.com/images/I/41Nz8YnS66L._SY300_.jpg", "price": 39.99, "numReviews": 16, "groups": [135], "averageRating": 4.6875, "brand": "Incipio"}, {"asin": "B0052QJU9O", "name": "Fold & Go Stand for iPad\u00ae, iPad\u00ae 2, Netbooks, Ultra Portable Lap Tops and more", "imUrl": "http://ecx.images-amazon.com/images/I/41oa3oDM8XL._SY300_.jpg", "price": 9.49, "numReviews": 8, "groups": [136], "averageRating": 4.375}, {"asin": "B009R02FK2", "name": "Zuwit 360-degree full-motion design Tablet Stand for Tablets", "imUrl": "http://ecx.images-amazon.com/images/I/51GohQ%2BMb8L._SX300_.jpg", "price": 15.99, "numReviews": 4, "groups": [55], "averageRating": 3.75}, {"asin": "B00GTQP7CA", "name": "Tablet Stand Portable Fold Up folding Stand Adjustable Travel for Apple iPad air ,Ipad 4, kindle paperwhite,Samsung Galaxy Tab, Blackberry PlayBook, Kindle Fire, Toshiba, Acer, ASUS, Nook and Other 7~10 inchs Tablet PCs", "imUrl": "http://ecx.images-amazon.com/images/I/31i72pX-tWL._SY300_.jpg", "price": 7.9, "numReviews": 1, "groups": [137], "averageRating": 5.0}, {"asin": "B008UO75VA", "name": "ARKON Headrest Mount with Custom Holder for  iPad4/iPad 2 (IPM3-RSHM)", "imUrl": "http://ecx.images-amazon.com/images/I/41g8B97W1CL._SY300_.jpg", "price": 29.95, "numReviews": 1, "groups": [18], "averageRating": 4.0}, {"asin": "B00DC5F1FO", "name": "iPad Enclosure with Square Bracket for Credit Card Readers, Hidden Home Button for Security, for Wall Mount Use, Silver, Steel", "imUrl": "http://ecx.images-amazon.com/images/I/4103J7kIZyL._SX300_.jpg", "price": 59.72, "numReviews": 1, "groups": [138], "averageRating": 5.0}, {"asin": "B00FZU83O0", "name": "Mophie Mophie Powerstand for iPad Lightening", "imUrl": "http://ecx.images-amazon.com/images/I/41bt4kUhUFL._SY300_.jpg", "price": 149.95, "numReviews": 4, "groups": [139], "averageRating": 4.5, "brand": "Mophie"}, {"asin": "B00FZM92UW", "name": "LapGear 35058 Black SuperSoft Tablet Pillow", "imUrl": "http://ecx.images-amazon.com/images/I/41BA9Wd39aL._SX300_.jpg", "price": 13.97, "numReviews": 20, "groups": [140], "averageRating": 3.55}, {"asin": "B005GK0NOM", "name": "Sharkmotorcycleaudio Shklcx56 Ipad Durable Holder for Motorcycle Atv w/ 360 Mount New. Fits All Ipads.", "imUrl": "http://ecx.images-amazon.com/images/I/31o%2Bg-AsGSL._SY300_.jpg", "price": 14.99, "numReviews": 5, "groups": [141], "averageRating": 3.0}, {"asin": "B00BCADHLG", "name": "360\u00ba Rotating Bed Tablet Mount Holder Stand Fr Ipad & All Tablet- The Longest Neck 86cm(34 Inch) Long Goose Neck", "imUrl": "http://ecx.images-amazon.com/images/I/41%2Bek5PcMxL._SY300_.jpg", "price": 40.98, "numReviews": 19, "groups": [142], "averageRating": 3.6315789473684212}, {"asin": "B005H374SQ", "name": "Thought Out Stabile PRO Pivoting iPad Stand - White", "imUrl": "http://ecx.images-amazon.com/images/I/41Mhw5TuKSL._SY300_.jpg", "price": 89.99, "numReviews": 5, "groups": [143], "averageRating": 4.4}, {"asin": "B00CPP5OIG", "name": "Adjustable iPad Stand Tablet Holder - Also Works With Samsung Galaxy Tab, Playbook, Xoom, Acer, Nook, Toshiba, Apple Mini and Other Tablets. Portable Fold-Up Universal Holder Good for Travel, Desk, Kitchen, Airplane - Black BrainyGadgets", "imUrl": "http://ecx.images-amazon.com/images/I/31y3gt6WxFL._SY300_.jpg", "price": 10.95, "numReviews": 33, "groups": [144], "averageRating": 4.484848484848484}, {"asin": "B004C35S8U", "name": "PadTab iPad & Universal Tablet Wall Mounting System (Extra TabClip's Only, For Use with the PadTab Tablet Mounting System)", "imUrl": "http://ecx.images-amazon.com/images/I/4190Yw6eHjL._SY300_.jpg", "price": 7.99, "numReviews": 11, "groups": [145], "averageRating": 4.454545454545454}, {"asin": "B007AL906M", "name": "Scosche bassDOCK SPKDOC1 Speaker Dock for the iPad 3G/iPad 2", "imUrl": "http://ecx.images-amazon.com/images/I/41FUjXHAUOL._SY300_.jpg", "price": 36.99, "numReviews": 11, "groups": [146], "averageRating": 3.6363636363636362, "brand": "Scosche"}, {"asin": "B00GUDAFS8", "name": "In-Wall iPad Mount for iPad 2, 3, and 4", "imUrl": "http://ecx.images-amazon.com/images/I/413tSH6CdWL._SY300_.jpg", "price": 28.0, "numReviews": 6, "groups": [147], "averageRating": 4.5}, {"asin": "B008S1YSWO", "name": "Seismic Audio - SATAB6 - iPad Adjustable Stand for Desk or Table Top - Works with Most Tablets, Android, Etc", "imUrl": "http://ecx.images-amazon.com/images/I/31LeEjDx8cL._SY300_.jpg", "price": 39.99, "numReviews": 9, "groups": [148], "averageRating": 3.7777777777777777, "brand": "Seismic Audio", "salesRankCategory": "Musical Instruments", "salesRank": 32495}, {"asin": "B0057604U8", "name": "The Joy Factory Valet2 Versatile In-car Retractable Carbon Fiber Seat Bolt Mount for iPad 2 - Black (AAB109)", "imUrl": "http://ecx.images-amazon.com/images/I/31oqvBZn9kL._SY300_.jpg", "price": 143.64, "numReviews": 4, "groups": [149], "averageRating": 4.5}, {"asin": "B00564O1ZA", "name": "modulR Slim Wall Mount for iPad", "imUrl": "http://ecx.images-amazon.com/images/I/31LJpk8i4eL._SY300_.jpg", "price": 19.99, "numReviews": 2, "groups": [150], "averageRating": 4.5}, {"asin": "B0068YT954", "name": "IPEVO Perch Desktop Stand for iPad 2 & iPad 3 - White (S)", "imUrl": "http://ecx.images-amazon.com/images/I/41mYaj%2BQxeL._SY300_.jpg", "price": 9.95, "numReviews": 1, "groups": [151], "averageRating": 5.0}, {"asin": "B009F77OSU", "name": "OKEBA Detachable 360 Degree Angle Adjustable Aluminum Alloy Tablet Floor Mount Holder For iPad Samsung Galaxy Note 10.1- Silvery", "imUrl": "http://ecx.images-amazon.com/images/I/31rpaOt50kL._SY300_.jpg", "price": 84.99, "numReviews": 3, "groups": [152], "averageRating": 5.0}, {"asin": "B006JD3F0Y", "name": "SHARKK White Portable Fold-Up Stand for Apple iPad mini / iPad 2 / iPad 3 / The New iPad 4 With Retina Display / Galaxy Tab Nexus / Playbook / Xoom / Toshiba / Acer / Nook / and Other Tablets", "imUrl": "http://ecx.images-amazon.com/images/I/419c1y83kHL._SY300_.jpg", "price": 8.99, "numReviews": 386, "groups": [153], "averageRating": 4.7072538860103625}, {"asin": "B00B0N88LO", "name": "Pad Bracket: Wall Mount for the Apple iPad (White)", "imUrl": "http://ecx.images-amazon.com/images/I/314f2rJhsVL._SX300_.jpg", "price": 19.95, "numReviews": 2, "groups": [154], "averageRating": 2.5}, {"asin": "B0058EW2OA", "name": "iPad 2 Headrest Mount", "imUrl": "http://ecx.images-amazon.com/images/I/41IEitTY-rL._SY300_.jpg", "price": 10.44, "numReviews": 3, "groups": [155], "averageRating": 2.3333333333333335}, {"asin": "B0068YXL4Y", "name": "IPEVO Perch Podium / Music Stand for iPad 4 & iPad 3 & iPad 2 - White (L)", "imUrl": "http://ecx.images-amazon.com/images/I/31lAoriNXbL._SY300_.jpg", "price": 129.0, "numReviews": 1, "groups": [156], "averageRating": 5.0}, {"asin": "B003VY98O6", "name": "elago P3 Stand for iPad & Tablet PC (Black)", "imUrl": "http://ecx.images-amazon.com/images/I/41Vac05mQhL._SY300_.jpg", "price": 29.99, "numReviews": 3, "groups": [157], "averageRating": 4.666666666666667}, {"asin": "B0074ZN7MM", "name": "Twelve South (12-1114) HoverBar for iPad 2", "imUrl": "http://ecx.images-amazon.com/images/I/41r9L1CLbsL._SX300_.jpg", "price": 42.99, "numReviews": 52, "groups": [158], "averageRating": 3.6346153846153846}, {"asin": "B00EI9LGFM", "name": "iClever Desk Lamp and Tablet ipad stand holder for Apple iPad 1/2/3/4/Mini Microsoft Surface, iPad Mini, The New iPad, Barnes and Noble Nook, Nook HD, Samsung Galaxy Tab 10.1 and 7.0, Playbook, Xoom", "imUrl": "http://ecx.images-amazon.com/images/I/41sAuvUO4OL._SY300_.jpg", "price": 22.99, "numReviews": 11, "groups": [159], "averageRating": 4.818181818181818}, {"asin": "B009YPPEW6", "name": "GMYLE Black 360 degree Two-way Clamp Adjustable Arm Stand 3D Digital Device Table Mount Holder Kit Perfect Fit For iPad 2 and New iPad", "imUrl": "http://ecx.images-amazon.com/images/I/41g8uJ4l6vL._SY300_.jpg", "price": 46.49, "numReviews": 2, "groups": [160], "averageRating": 2.5}, {"asin": "B008H01EAU", "name": "LapWorks A-Frame Bed Stand for iPads & Tablets", "imUrl": "http://ecx.images-amazon.com/images/I/516R%2BVkwuDL._SX300_.jpg", "price": 35.0, "numReviews": 12, "groups": [161], "averageRating": 3.0}, {"asin": "B00JFVK41A", "name": "LEVO G2 Amped Deluxe Table Floor Stand With Dual USB Charging for all iPads Galaxy Nexus Surface Nook Fire and Other Tablets and eReaders Gunmetal Color", "imUrl": "http://ecx.images-amazon.com/images/I/41fX6u%2BncHL._SX300_.jpg", "price": 229.99, "numReviews": 1, "groups": [162], "averageRating": 5.0}, {"asin": "B00B7JU8ZK", "name": "The Joy Factory Unite Universal Tablet Carbon Fiber Wall/Cabinet Mount (MNU103)", "imUrl": "http://ecx.images-amazon.com/images/I/312jynFX4ZL._SX300_.jpg", "price": 78.49, "numReviews": 28, "groups": [163], "averageRating": 4.607142857142857, "brand": "The Joy Factory"}, {"asin": "B004M600V2", "name": "Skadoosh mini stand for iPad mini [Black]", "imUrl": "http://ecx.images-amazon.com/images/I/3132Ix-EWfL._SX300_.jpg", "price": 59.95, "numReviews": 2, "groups": [164], "averageRating": 5.0}, {"asin": "B00G4NGZCY", "name": "Grifiti Nootle iPad Air Stand with Adjustable Lightweight Tripod, Mini Ball Head, iPad Tripod Mount for Coaches, Teachers, Parents, Indoor Shots", "imUrl": "http://ecx.images-amazon.com/images/I/41hjjcgJCUL._SY300_.jpg", "price": 44.98, "numReviews": 3, "groups": [165], "averageRating": 5.0}, {"asin": "B00G9X5L9W", "name": "Pyle PSPAD08 Universal Tablet Stand/Holder with Adjustable, Flexible, Bendable Gooseneck and Vice Grip Clamp for iPad 2/3/4", "imUrl": "http://ecx.images-amazon.com/images/I/31admFFmM1L._SY300_.jpg", "price": 28.61, "numReviews": 10, "groups": [166], "averageRating": 3.0, "brand": "Pyle"}, {"asin": "B003QD4D6U", "name": "elago P2 Stand (Silver) for iPad and Tablet PC", "imUrl": "http://ecx.images-amazon.com/images/I/41xMxK0-dYL._SY300_.jpg", "price": 29.99, "numReviews": 142, "groups": [167], "averageRating": 4.330985915492958, "brand": "elago"}, {"asin": "B00G671QTK", "name": "Grifiti Nootle Ipad Air Tripod Mount AND Mini Ball Head retrofits tripods and stand for movies, photos, displays", "imUrl": "http://ecx.images-amazon.com/images/I/41gaS0FQgWL._SY300_.jpg", "price": 27.98, "numReviews": 5, "groups": [168], "averageRating": 5.0}, {"asin": "B005HM0SNA", "name": "IPEVO PadPillow Pillow Stand for iPad mini, iPad 4, iPad 3, iPad 2, iPad 1, Nexus and Galaxy - Light Khaki", "imUrl": "http://ecx.images-amazon.com/images/I/41mb1j78--L._SY300_.jpg", "price": 26.77, "numReviews": 443, "groups": [114], "averageRating": 4.340857787810384}, {"asin": "B00EVVNSNA", "name": "Pyle PMKSPAD35 Universal Tablet  iPad, Kindle, Android, eReader, Samsung Galaxy Nexus  Floor Stand Holder with Adjustable/Bendable Swivel Gooseneck and Sturdy Base", "imUrl": "http://ecx.images-amazon.com/images/I/31JiPuoIhZL._SY300_.jpg", "price": 57.23, "numReviews": 38, "groups": [169], "averageRating": 3.3947368421052633, "brand": "Pyle"}, {"asin": "B004S044R8", "name": "Casseguard Tm Compact Metal Desk Stand for Ipad 2 , Ipad,galaxy Tab 10.1 and 7\",acer Iconia, Asus Transformers Motorola Xoom Blackberry Playbook", "imUrl": "http://ecx.images-amazon.com/images/I/31ObHFQewqL._SX300_.jpg", "price": 5.99, "numReviews": 67, "groups": [170], "averageRating": 3.91044776119403}, {"asin": "B004ZUW3QK", "name": "iPad 2 Headrest Mount", "imUrl": "http://ecx.images-amazon.com/images/I/41IEitTY-rL._SY300_.jpg", "price": 25.91, "numReviews": 1, "groups": [171], "averageRating": 1.0}, {"asin": "B0042YZSQQ", "name": "LEVO Lap Desk for Books, eBooks, iPads, Tablets, and Laptops in black", "imUrl": "http://ecx.images-amazon.com/images/I/51B-1G3m9zL._SY300_.jpg", "price": 39.95, "numReviews": 3, "groups": [172], "averageRating": 4.333333333333333}, {"asin": "B005YR2VFQ", "name": "E-Stand TOP-TABSTAND-02 Ultra Portable Silver Tablet Stand", "imUrl": "http://ecx.images-amazon.com/images/I/31%2BJorlyGQL._SY300_.jpg", "price": 29.99, "numReviews": 1, "groups": [173], "averageRating": 5.0, "brand": "E-Stand"}, {"asin": "B00EDTW00M", "name": "Jarv Premium Acrylic Universal Tablet and E-reader Stand for Ipad 3rd and 4th Generation, Ipad 2, New Ipad Air, Ipad Mini, Ipad Mini 2, Samsung Galaxy Note Tab 10.1, 7.0, Nexus 7, Nexus 10, Lg G Pad and All 7-10 Inch Tablets", "imUrl": "http://ecx.images-amazon.com/images/I/51hYG1l7d2L._SX300_.jpg", "price": 19.99, "numReviews": 29, "groups": [174], "averageRating": 4.689655172413793}, {"asin": "B00946HDFG", "name": "Ikross Durable 360 Degree Rotation Car Mount Tablet Backseat Headrest Mount Holder", "imUrl": "http://ecx.images-amazon.com/images/I/51sm6ZBsYXL._SY300_.jpg", "price": 29.99, "numReviews": 3, "groups": [175], "averageRating": 2.6666666666666665}, {"asin": "B004UDWLJQ", "name": "Mophie Powerstand iPad Docking Station 1195", "imUrl": "http://ecx.images-amazon.com/images/I/41Vih6D7m3L._SY300_.jpg", "price": 149.95, "numReviews": 8, "groups": [139], "averageRating": 3.75}, {"asin": "B0052DNIAO", "name": "Itilt", "imUrl": "http://ecx.images-amazon.com/images/I/51z-NFs6WcL._SY300_.jpg", "price": 9.9, "numReviews": 29, "groups": [176], "averageRating": 4.9655172413793105}, {"asin": "B0068HVWLU", "name": "padRelax\u00ae iPad Holder Cushion, Pillow Stand for iPad 1-4 and all 10 Inch Tablets (Color Orange)", "imUrl": "http://ecx.images-amazon.com/images/I/41UzQGY3ENL._SX300_.jpg", "price": 25.99, "numReviews": 1, "groups": [177], "averageRating": 3.0}, {"asin": "B0091DQ8G2", "name": "The Joy Factory Tournez C-Clamp Mount with MagConnect Technology for iPad 4th/3rd/2nd Gen (MMA103)", "imUrl": "http://ecx.images-amazon.com/images/I/31%2BC72jCKxL._SX300_.jpg", "price": 94.58, "numReviews": 63, "groups": [163], "averageRating": 4.428571428571429, "brand": "The Joy Factory"}, {"asin": "B00FG3L1OU", "name": "Ipad Tripod Mount (For 2, 3, and 4) with Two Angles to Fit Any Standard Head You Already Use", "imUrl": "http://ecx.images-amazon.com/images/I/31IMxIyQ-ML._SY300_.jpg", "price": 8.99, "numReviews": 1, "groups": [178], "averageRating": 4.0}, {"asin": "B008ALFJG6", "name": "Spectrum Universal Tablet Stand (AIL ATS)", "imUrl": "http://ecx.images-amazon.com/images/I/31fneKLPA0L._SY300_.jpg", "price": 41.49, "numReviews": 29, "groups": [179], "averageRating": 3.206896551724138, "brand": "Spectrum"}, {"asin": "B009WA8MH2", "name": "Fonus Back Headrest Car Mount Vehicle Rear Seat Dock 360 Degree Rotating Cradle for Samsung Galaxy Tab P1000, Galaxy Tab S 10.5 / Tab S 8.4, Galaxy Tab 8.9, Samsung Galaxy Tab 10.1, Galaxy Tab 4 7.0 / 8.0 / 10.1 SM-T530, Tab PRO 10.1 SM-T520, Galaxy Tab 3 7.0 Kids", "imUrl": "http://ecx.images-amazon.com/images/I/413lh%2By0rrL._SX300_.jpg", "price": 12.99, "numReviews": 5, "groups": [180], "averageRating": 2.2}, {"asin": "B009ED7ZES", "name": "High Grade Apple iPad Mini / ipad Mini 2 Robust 360 Adjustable Car Windshield Swivel Suction Mount w/ Low Profile Car Kit Holder", "imUrl": "http://ecx.images-amazon.com/images/I/31t3oeRLygL._SY300_.jpg", "price": 11.99, "numReviews": 2, "groups": [181], "averageRating": 5.0}, {"asin": "B00C4QZ37S", "name": "Green Foldable Multi-angle Universal Stand Holder for 7 Inch Tablet PC", "imUrl": "http://ecx.images-amazon.com/images/I/41fEQzCsKvL._SY300_.jpg", "price": 1.84, "numReviews": 2, "groups": [182], "averageRating": 5.0}, {"asin": "B00E7LOXTW", "name": "Belkin ChargeSync Express Dock with  Lightning Cable Connector and Adjustable Dial for iPad 4th Gen, iPhone 5 / 5S / 5c, and iPod touch 7th Gen", "imUrl": "http://ecx.images-amazon.com/images/I/31FoD1y2vCL._SY300_.jpg", "price": 43.3, "numReviews": 70, "groups": [183], "averageRating": 3.2714285714285714}, {"asin": "B004Y3AJMS", "name": "NEW Wave Stand for iPad (Tablets)", "imUrl": "http://ecx.images-amazon.com/images/I/21xfcoyA-sL.jpg", "price": 8.99, "numReviews": 2, "groups": [184], "averageRating": 3.0}, {"asin": "B005YPC6O4", "name": "Adjustable Stand for Ipad/Tablet", "imUrl": "http://ecx.images-amazon.com/images/I/51H7-I1GGzL._SX300_.jpg", "price": 7.8, "numReviews": 3, "groups": [185], "averageRating": 5.0}, {"asin": "B00HTUPENW", "name": "Sinjimoru Aluminum Sync Stand Dock for charging Tablet PC iPad(All), iPad Mini, Galaxy Tab, Galaxy Note, Google Nexus, Kindle Fire HD, HDX and More(with 5 micro pin cable)", "imUrl": "http://ecx.images-amazon.com/images/I/41etLfH2e-L._SX300_.jpg", "price": 32.99, "numReviews": 2, "groups": [186], "averageRating": 3.0}, {"asin": "B005DHL09A", "name": "Merkury Innovations Universal Easel Stand(M-IP2S60)", "imUrl": "http://ecx.images-amazon.com/images/I/41DHVWnkbzL._SY300_.jpg", "price": 14.99, "numReviews": 24, "groups": [187], "averageRating": 4.791666666666667}, {"asin": "B005P5RQV6", "name": "Neewer\u00ae Universal Adjustable Portable Foldable Holder for iPad 2/3/4, Samsung Galaxy PC Tablet", "imUrl": "http://ecx.images-amazon.com/images/I/41qxFdjs5GL._SY300_.jpg", "price": 7.27, "numReviews": 35, "groups": [188], "averageRating": 4.114285714285714, "brand": "Neewer"}, {"asin": "B0077JAFJS", "name": "Belkin Chef Stand for Tablets", "imUrl": "http://ecx.images-amazon.com/images/I/41JoJ7-L-ZL._SY300_.jpg", "price": 8.5, "numReviews": 33, "groups": [189], "averageRating": 4.787878787878788}, {"asin": "B007N4TVRE", "name": "Tsir Tech 300 Rotating Floor Stand with LED Light and Charging Cable for iPad/iPad 2/The New iPad and most Tablets", "imUrl": "http://ecx.images-amazon.com/images/I/31umoTY5zUL._SY300_.jpg", "price": 49.99, "numReviews": 85, "groups": [47], "averageRating": 3.3411764705882354}, {"asin": "B00841HAXW", "name": "Coulvue Car Mount for the New Ipad", "imUrl": "http://ecx.images-amazon.com/images/I/21n9brCTgSL._SY300_.jpg", "price": 25.91, "numReviews": 10, "groups": [190], "averageRating": 2.9}, {"asin": "B00792VUUG", "name": "Amzer AMZ93341 18-Inch Car Mount for Gooseneck Universal Tablet", "imUrl": "http://ecx.images-amazon.com/images/I/41OH1aBenSL._SY300_.jpg", "price": 31.73, "numReviews": 2, "groups": [191], "averageRating": 3.0, "brand": "Amzer"}, {"asin": "B00DU6QPD2", "name": "LotFancy - Universal New Car Mount Tablet Back Seat Headrest Holder For 7\"-11\" Tablets: Apple iPad 1 2 3 4, iPad Mini, ipad mini 2, New ipad; Ipad Air; Acer ICONIA Tab A/B/W Series such as A500 W510 A210 A110; Amazon Kindle Fire (HD); ASUS Fonepad, MeMO Pad, Asus Eee Pad Slider, ASUS Transformer Pad Infinity, Asus Eee Pad Transformer Prime, ASUS VivoTab (RT); Google (Asus) Nexus 7, Google (Samsung) Nexus 10; Microsoft Surface RT; Samsung Galaxy Note, Samsung Galaxy Tab, Samsung Series 7 Slate, Samsung Ativ Tab; Barnes and Noble Nook HD(+); Lenovo IdeaTab A/Lynx/S Series; Thinkpad Tablet Series; Sony Xperia Z/S Tablet; Toshiba Excite 7.7/10 Series; Kobo Arc Tablet; Motorola XOOM/XOOM2, Droid XYBoard; Dell XPS 10, Streak 7, Streak 10 Pro, Latitude 10, Latitude ST, Peju; HP TouchPad Envy x2, ElitePad 900, Slate 7, Slate 2; Viewsonic Gtablet; Blackberry Playbook; and more", "imUrl": "http://ecx.images-amazon.com/images/I/416NQx6NKXL._SY300_.jpg", "price": 7.98, "numReviews": 27, "groups": [192], "averageRating": 2.8518518518518516}, {"asin": "B00JA4564W", "name": "Ancerson Universal Multi-function Flexible Gooseneck Kit Long Arms Desktop Bed Kitchen Gym Lazy Bracket Holder Stand for Apple iPad 1 2 3 4 5 Air Mini; Acer Iconia Tab B1-710, B1-a71, A1-810; Asus Me301t, Transformer Book T100ta, Me172v, Me173x, Vivotab, Memo Pad FHD 10 Me302c, Rt Tab ; Blackberry Playbook, Motorola Xoom 10.1, Xoom 2, Samsung Galaxy Tab 2/ 3, Galaxy Note 8.0, Note 10.1, Ativ Tab; Dell Venue 8 Pro,venue 7; Lenovo Ideatab S6000, A3000, A1000, S5000, Miix 10, Miix 2, Google Nexus 7 10, Kindle Fire Hd, Kindle Fire HDX and More Tablet Pc (Black)", "imUrl": "http://ecx.images-amazon.com/images/I/41hKGC4xEgL._SY300_.jpg", "price": 29.59, "numReviews": 1, "groups": [193], "averageRating": 5.0}, {"asin": "B00JOXN8YY", "name": "Aukey Desk Stand Holder Desktop Bed Clamp Mount for iPad Air - Flexible Arm, Fully Adjustable, Hover Gooseneck (AK-3D)", "imUrl": "http://ecx.images-amazon.com/images/I/416noCo8UwL._SY300_.jpg", "price": 35.99, "numReviews": 25, "groups": [194], "averageRating": 4.72}, {"asin": "B00A3AC8XO", "name": "padRelax\u00ae mini iPad mini holder for Bed and Couch - iPad mini Stand - for all eReader and 7 inch Tablets (color Fuchsia)", "imUrl": "http://ecx.images-amazon.com/images/I/411sQL1XhpL._SX300_.jpg", "price": 25.99, "numReviews": 1, "groups": [195], "averageRating": 4.0}, {"asin": "B00EUI414E", "name": "Tablet Mount for iPad or Tablet - Cabinet Mount - Tablet Holder / Stand / Rack iPad", "imUrl": "http://ecx.images-amazon.com/images/I/312rE45btwL._SY300_.jpg", "price": 54.64, "numReviews": 14, "groups": [196], "averageRating": 4.714285714285714}, {"asin": "B008UO83YI", "name": "ARKON Heavy Duty 10-Inch C-Clamp Mount with Custom Holder for iPad 4/3/iPad 2 (IPM3-HD004)", "imUrl": "http://ecx.images-amazon.com/images/I/31BU3NugyoL._SY300_.jpg", "price": 67.95, "numReviews": 1, "groups": [197], "averageRating": 5.0}, {"asin": "B0060O9P1U", "name": "Satechi iFit-2 Portable Rechargeable Speaker Stand for Smartphones & Tablets: iPad Mini, 4, 3, 2 & 1, iPhone 5S, 5C, 5, 4S, 4, 3GS & 3G, Google Nexus 7, 10, Samsung Galaxy Tab, Note, S4, S3, S2, Galaxy 10.1 and more", "imUrl": "http://ecx.images-amazon.com/images/I/41tlVvXFAoL._SY300_.jpg", "price": 24.99, "numReviews": 256, "groups": [198], "averageRating": 4.26171875}, {"asin": "B00D30UX8I", "name": "PUREX Technology Tablet Desk mount/clamp and stand for 8.9\" to 10.4\" with swivel base and extended arm - PXP-03", "imUrl": "http://ecx.images-amazon.com/images/I/31CeZ5IWHML._SY300_.jpg", "price": 21.95, "numReviews": 25, "groups": [199], "averageRating": 4.08}, {"asin": "B009N8M2P6", "name": "Ipevo PadPillow Lite Pillow Stand for iPad mini and 7-Inch Tablets - Dark Gray (MEPX-06IP)", "imUrl": "http://ecx.images-amazon.com/images/I/415M2ZxsV5L._SY300_.jpg", "price": 16.95, "numReviews": 150, "groups": [200], "averageRating": 4.093333333333334}, {"asin": "B000CKVOOY", "name": "Arkon Travel iPad and Android Tablet Stand for Apple iPad Samsung Galaxy Note Pro Galaxy Tab Nexus 7", "imUrl": "http://ecx.images-amazon.com/images/I/31xNBPg27LL._SY300_.jpg", "price": 12.95, "numReviews": 1875, "groups": [201], "averageRating": 4.708266666666667, "brand": "Arkon"}, {"asin": "B0046V4CE4", "name": "Pad Bracket: Wall Mount for the Apple iPad", "imUrl": "http://ecx.images-amazon.com/images/I/31WCuFZBlIL._SX300_.jpg", "price": 19.95, "numReviews": 19, "groups": [202], "averageRating": 3.736842105263158}, {"asin": "B0086KOU34", "name": "LapDawg O-Stand Universal iPad 1,2,HD, Android Tablet, eReader Stand - All Black", "imUrl": "http://ecx.images-amazon.com/images/I/31TK307SXSL._SY300_.jpg", "price": 37.25, "numReviews": 14, "groups": [203], "averageRating": 3.0714285714285716}, {"asin": "B00ASUW7TY", "name": "Universal Portable Foldable Adjustable Stand Holder for 6\" 7\" Tablet PDA MID", "imUrl": "http://ecx.images-amazon.com/images/I/41OrdZzQtLL._SY300_.jpg", "price": 5.47, "numReviews": 6, "groups": [204], "averageRating": 4.0}, {"asin": "B005HM2L4O", "name": "IPEVO PadPillow Pillow Stand for iPad mini, iPad 4, iPad 3, iPad 2, iPad 1, Nexus and Galaxy - Charcoal Gray", "imUrl": "http://ecx.images-amazon.com/images/I/41Qo9EneROL._SY300_.jpg", "price": 32.16, "numReviews": 442, "groups": [115], "averageRating": 4.339366515837104}, {"asin": "B00B7JU742", "name": "The Joy Factory Unite Universal Tablet Carbon Fiber Seat Bolt Mount (MNU106)", "imUrl": "http://ecx.images-amazon.com/images/I/31qeQsFaDiL._SX300_.jpg", "price": 122.0, "numReviews": 28, "groups": [205], "averageRating": 4.607142857142857, "brand": "The Joy Factory"}, {"asin": "B00H34FEKW", "name": "CTA Digital Boom Floor Stand for iPad 2/3/4, iPad Air, iPad mini, Nexus, Samsung Galaxy and Most 7-10 Inches Tablets (PAD-BFS)", "imUrl": "http://ecx.images-amazon.com/images/I/41AQtVznLHL._SY300_.jpg", "price": 74.93, "numReviews": 5, "groups": [206], "averageRating": 4.2, "brand": "CTA Digital"}, {"asin": "B0052373FA", "name": "LapWorks Rack iPad & Tablet Stand Black & Chrome - Used as an iPad Digital Picture Frame", "imUrl": "http://ecx.images-amazon.com/images/I/41NSjEK7HIL._SX300_.jpg", "price": 9.99, "numReviews": 4, "groups": [207], "averageRating": 4.75}, {"asin": "B005VSHMSY", "name": "EMPIRE Adjustable Flexible Arm Extension Mount for Apple iPad / iPad 2 / iPad 3", "imUrl": "http://ecx.images-amazon.com/images/I/31jxjx8HzGL._SY300_.jpg", "price": 55.98, "numReviews": 32, "groups": [208], "averageRating": 4.15625}, {"asin": "B00687F5S6", "name": "GSI Quality Portable Aluminum Desktop Stand for Apple iPad, iPad 2 And Samsung Galaxy Tablet - Perfect Fit Docking Station Cradle - For Travel Or Home Use", "imUrl": "http://ecx.images-amazon.com/images/I/41xE3RoKYmL._SY300_.jpg", "price": 5.79, "numReviews": 1, "groups": [209], "averageRating": 5.0}, {"asin": "B00BFIAB82", "name": "Koala Damage-free Tablet Wall Mount Dock by Dockem; for iPad, Galaxy Tab and other Tablets (black version)", "imUrl": "http://ecx.images-amazon.com/images/I/31M0xF9VBxL._SX300_.jpg", "price": 14.99, "numReviews": 21, "groups": [210], "averageRating": 3.8095238095238093}, {"asin": "B00DYTM9K8", "name": "LEVO Deluxe iPad Floor Stand for all iPads Galaxy Nexus Xoom Surface Miix Nook Fire and Other Tablets and eReaders Gunmetal Color - G2", "imUrl": "http://ecx.images-amazon.com/images/I/41eAJQufKIL._SY300_.jpg", "price": 189.99, "numReviews": 72, "groups": [211], "averageRating": 4.791666666666667}, {"asin": "B005A2RLXC", "name": "Logitech 980-000590 Speaker Stand for iPad", "imUrl": "http://ecx.images-amazon.com/images/I/41OJhmCoBdL._SY300_.jpg", "price": 112.39, "numReviews": 122, "groups": [212], "averageRating": 4.073770491803279, "brand": "Logitech"}, {"asin": "B005WBK3S6", "name": "Naztech 11520 Universal Tablet Stand for Apple iPad/iPad 2 /BlackBerry 4G PlayBook/HTC Flyer/Motorola XOOM/Samsung Galaxy with Carrying Pouch", "imUrl": "http://ecx.images-amazon.com/images/I/41y50Ml0-FL._SY300_.jpg", "price": 12.49, "numReviews": 1, "groups": [213], "averageRating": 5.0, "brand": "Naztech"}, {"asin": "B00EHMYPYE", "name": "Thought Out PED4 Coil IPM10 - iPad mini Stand Flexible Gooseneck & Pivoting", "imUrl": "http://ecx.images-amazon.com/images/I/41nBl6R%2Bb2L._SY300_.jpg", "price": 85.49, "numReviews": 7, "groups": [214], "averageRating": 4.285714285714286}, {"asin": "B007T40LKE", "name": "LapWorks InVogue iPad Stand For iPads 1, 2 and 3 With Elevating Support Arm and 360 Rotation Head", "imUrl": "http://ecx.images-amazon.com/images/I/31oEnN4n-DL._SX300_.jpg", "price": 89.95, "numReviews": 16, "groups": [215], "averageRating": 3.875}, {"asin": "B00ADCB5EA", "name": "Foldable Portable Adjustable Desktop Stand Mount Holder for iPad/iPad2/Galaxy/Kindle Fire HD", "imUrl": "http://ecx.images-amazon.com/images/I/414fMnVDhyL._SY300_.jpg", "price": 10.14, "numReviews": 3, "groups": [216], "averageRating": 5.0}, {"asin": "B006422WSG", "name": "Beanpad for iPad (Gen 3) and iPad 2 - Black", "imUrl": "http://ecx.images-amazon.com/images/I/41CQ87RkplL._SX300_.jpg", "price": 34.5, "numReviews": 30, "groups": [217], "averageRating": 4.7}, {"asin": "B00A30CUJQ", "name": "ChargerCity Custom Music/ Microphone Tablet Stand Mount with Multi Swivel Adjustment Holder for New Apple IPAD MINI Google Nexus 7 KINLE Fire BN Nook HD Color Samsung Galaxy Tab 7 7.7 & other 7\" to 8\" Tablets", "imUrl": "http://ecx.images-amazon.com/images/I/51m63QzhaCL._SY300_.jpg", "price": 23.95, "numReviews": 31, "groups": [218], "averageRating": 3.903225806451613}, {"asin": "B00GP273HK", "name": "The Safety Lounger (Large) - Protect Your Tablet and Ereader with the Only Soft Pillow Lap Stand with Protective Safety Bumpers. Perfect Accessory for the Ipad, Kindle, Samsung, Nook and Other Devices in Bed, on Couch or for Travel. Keeps Your Device Safe with Maximum Comfort", "imUrl": "http://ecx.images-amazon.com/images/I/3133L9FMhNL._SY300_.jpg", "price": 26.5, "numReviews": 11, "groups": [219], "averageRating": 4.363636363636363}], "links": [{"source": 0, "target": 209, "right": true, "left": false, "value": 1}, {"source": 1, "target": 65, "right": true, "left": false, "value": 1}, {"source": 1, "target": 39, "right": false, "left": true, "value": 1}, {"source": 2, "target": 213, "right": true, "left": false, "value": 1}, {"source": 2, "target": 117, "right": true, "left": false, "value": 1}, {"source": 3, "target": 24, "right": true, "left": false, "value": 1}, {"source": 3, "target": 209, "right": true, "left": false, "value": 1}, {"source": 3, "target": 45, "right": false, "left": true, "value": 1}, {"source": 4, "target": 204, "right": false, "left": true, "value": 1}, {"source": 4, "target": 75, "right": false, "left": true, "value": 1}, {"source": 4, "target": 196, "right": true, "left": false, "value": 1}, {"source": 4, "target": 6, "right": false, "left": true, "value": 1}, {"source": 5, "target": 136, "right": false, "left": true, "value": 1}, {"source": 5, "target": 106, "right": false, "left": true, "value": 1}, {"source": 5, "target": 226, "right": false, "left": true, "value": 1}, {"source": 5, "target": 117, "right": true, "left": false, "value": 1}, {"source": 7, "target": 33, "right": true, "left": false, "value": 1}, {"source": 8, "target": 80, "right": true, "left": false, "value": 1}, {"source": 9, "target": 24, "right": true, "left": false, "value": 1}, {"source": 10, "target": 209, "right": true, "left": false, "value": 1}, {"source": 11, "target": 142, "right": false, "left": true, "value": 1}, {"source": 12, "target": 79, "right": true, "left": false, "value": 1}, {"source": 13, "target": 80, "right": true, "left": false, "value": 1}, {"source": 13, "target": 188, "right": false, "left": true, "value": 1}, {"source": 14, "target": 166, "right": false, "left": true, "value": 1}, {"source": 15, "target": 146, "right": true, "left": false, "value": 1}, {"source": 15, "target": 94, "right": true, "left": false, "value": 1}, {"source": 16, "target": 93, "right": true, "left": false, "value": 1}, {"source": 17, "target": 210, "right": true, "left": false, "value": 1}, {"source": 18, "target": 33, "right": true, "left": false, "value": 1}, {"source": 18, "target": 141, "right": true, "left": true, "value": 1}, {"source": 19, "target": 197, "right": true, "left": false, "value": 1}, {"source": 20, "target": 157, "right": true, "left": false, "value": 1}, {"source": 21, "target": 197, "right": true, "left": false, "value": 1}, {"source": 21, "target": 174, "right": true, "left": false, "value": 1}, {"source": 22, "target": 80, "right": true, "left": false, "value": 1}, {"source": 23, "target": 202, "right": false, "left": true, "value": 1}, {"source": 24, "target": 168, "right": false, "left": true, "value": 1}, {"source": 24, "target": 209, "right": true, "left": false, "value": 1}, {"source": 25, "target": 209, "right": true, "left": false, "value": 1}, {"source": 25, "target": 114, "right": true, "left": false, "value": 1}, {"source": 26, "target": 209, "right": true, "left": false, "value": 1}, {"source": 26, "target": 114, "right": true, "left": false, "value": 1}, {"source": 27, "target": 209, "right": true, "left": false, "value": 1}, {"source": 27, "target": 157, "right": true, "left": false, "value": 1}, {"source": 28, "target": 197, "right": true, "left": false, "value": 1}, {"source": 29, "target": 110, "right": true, "left": true, "value": 1}, {"source": 29, "target": 103, "right": true, "left": true, "value": 1}, {"source": 30, "target": 113, "right": true, "left": false, "value": 1}, {"source": 31, "target": 145, "right": false, "left": true, "value": 1}, {"source": 31, "target": 68, "right": false, "left": true, "value": 1}, {"source": 31, "target": 133, "right": false, "left": true, "value": 1}, {"source": 32, "target": 203, "right": false, "left": true, "value": 1}, {"source": 32, "target": 173, "right": true, "left": false, "value": 1}, {"source": 33, "target": 96, "right": false, "left": true, "value": 1}, {"source": 33, "target": 130, "right": false, "left": true, "value": 1}, {"source": 33, "target": 198, "right": false, "left": true, "value": 1}, {"source": 33, "target": 199, "right": false, "left": true, "value": 1}, {"source": 33, "target": 42, "right": false, "left": true, "value": 1}, {"source": 33, "target": 108, "right": false, "left": true, "value": 1}, {"source": 33, "target": 110, "right": false, "left": true, "value": 1}, {"source": 33, "target": 176, "right": false, "left": true, "value": 1}, {"source": 33, "target": 50, "right": false, "left": true, "value": 1}, {"source": 33, "target": 52, "right": false, "left": true, "value": 1}, {"source": 33, "target": 53, "right": false, "left": true, "value": 1}, {"source": 33, "target": 180, "right": false, "left": true, "value": 1}, {"source": 33, "target": 153, "right": false, "left": true, "value": 1}, {"source": 33, "target": 124, "right": false, "left": true, "value": 1}, {"source": 33, "target": 159, "right": false, "left": true, "value": 1}, {"source": 34, "target": 184, "right": true, "left": false, "value": 1}, {"source": 35, "target": 116, "right": false, "left": true, "value": 1}, {"source": 36, "target": 209, "right": true, "left": false, "value": 1}, {"source": 37, "target": 209, "right": true, "left": false, "value": 1}, {"source": 38, "target": 207, "right": true, "left": false, "value": 1}, {"source": 39, "target": 65, "right": true, "left": false, "value": 1}, {"source": 40, "target": 209, "right": true, "left": false, "value": 1}, {"source": 41, "target": 207, "right": false, "left": true, "value": 1}, {"source": 43, "target": 227, "right": true, "left": false, "value": 1}, {"source": 44, "target": 114, "right": true, "left": true, "value": 1}, {"source": 44, "target": 100, "right": false, "left": true, "value": 1}, {"source": 44, "target": 189, "right": false, "left": true, "value": 1}, {"source": 45, "target": 209, "right": true, "left": false, "value": 1}, {"source": 46, "target": 97, "right": false, "left": true, "value": 1}, {"source": 46, "target": 197, "right": true, "left": true, "value": 1}, {"source": 46, "target": 174, "right": false, "left": true, "value": 1}, {"source": 46, "target": 215, "right": false, "left": true, "value": 1}, {"source": 46, "target": 186, "right": false, "left": true, "value": 1}, {"source": 46, "target": 220, "right": false, "left": true, "value": 1}, {"source": 46, "target": 61, "right": false, "left": true, "value": 1}, {"source": 46, "target": 62, "right": false, "left": true, "value": 1}, {"source": 47, "target": 191, "right": false, "left": true, "value": 1}, {"source": 48, "target": 220, "right": true, "left": false, "value": 1}, {"source": 49, "target": 169, "right": false, "left": true, "value": 1}, {"source": 49, "target": 123, "right": false, "left": true, "value": 1}, {"source": 49, "target": 172, "right": false, "left": true, "value": 1}, {"source": 50, "target": 198, "right": false, "left": true, "value": 1}, {"source": 50, "target": 103, "right": false, "left": true, "value": 1}, {"source": 50, "target": 52, "right": false, "left": true, "value": 1}, {"source": 50, "target": 153, "right": false, "left": true, "value": 1}, {"source": 50, "target": 124, "right": true, "left": false, "value": 1}, {"source": 51, "target": 72, "right": false, "left": true, "value": 1}, {"source": 53, "target": 141, "right": true, "left": false, "value": 1}, {"source": 54, "target": 139, "right": true, "left": true, "value": 1}, {"source": 55, "target": 144, "right": true, "left": false, "value": 1}, {"source": 55, "target": 213, "right": true, "left": false, "value": 1}, {"source": 55, "target": 117, "right": true, "left": false, "value": 1}, {"source": 56, "target": 170, "right": true, "left": false, "value": 1}, {"source": 56, "target": 146, "right": true, "left": false, "value": 1}, {"source": 57, "target": 209, "right": true, "left": false, "value": 1}, {"source": 58, "target": 92, "right": true, "left": false, "value": 1}, {"source": 59, "target": 220, "right": true, "left": false, "value": 1}, {"source": 60, "target": 209, "right": true, "left": false, "value": 1}, {"source": 61, "target": 197, "right": true, "left": false, "value": 1}, {"source": 62, "target": 220, "right": true, "left": false, "value": 1}, {"source": 62, "target": 101, "right": true, "left": true, "value": 1}, {"source": 63, "target": 209, "right": true, "left": false, "value": 1}, {"source": 64, "target": 207, "right": true, "left": false, "value": 1}, {"source": 66, "target": 205, "right": false, "left": true, "value": 1}, {"source": 66, "target": 134, "right": false, "left": true, "value": 1}, {"source": 67, "target": 213, "right": true, "left": false, "value": 1}, {"source": 67, "target": 117, "right": true, "left": false, "value": 1}, {"source": 69, "target": 79, "right": true, "left": false, "value": 1}, {"source": 70, "target": 101, "right": true, "left": false, "value": 1}, {"source": 71, "target": 217, "right": true, "left": false, "value": 1}, {"source": 73, "target": 177, "right": false, "left": true, "value": 1}, {"source": 74, "target": 114, "right": true, "left": false, "value": 1}, {"source": 74, "target": 212, "right": false, "left": true, "value": 1}, {"source": 75, "target": 204, "right": false, "left": true, "value": 1}, {"source": 76, "target": 175, "right": true, "left": false, "value": 1}, {"source": 77, "target": 213, "right": true, "left": false, "value": 1}, {"source": 77, "target": 117, "right": true, "left": false, "value": 1}, {"source": 77, "target": 119, "right": true, "left": false, "value": 1}, {"source": 78, "target": 79, "right": true, "left": false, "value": 1}, {"source": 79, "target": 135, "right": false, "left": true, "value": 1}, {"source": 79, "target": 210, "right": false, "left": true, "value": 1}, {"source": 79, "target": 149, "right": false, "left": true, "value": 1}, {"source": 79, "target": 151, "right": false, "left": true, "value": 1}, {"source": 79, "target": 154, "right": false, "left": true, "value": 1}, {"source": 79, "target": 219, "right": true, "left": false, "value": 1}, {"source": 79, "target": 158, "right": false, "left": true, "value": 1}, {"source": 80, "target": 200, "right": true, "left": false, "value": 1}, {"source": 81, "target": 213, "right": true, "left": false, "value": 1}, {"source": 81, "target": 117, "right": true, "left": false, "value": 1}, {"source": 82, "target": 114, "right": true, "left": false, "value": 1}, {"source": 83, "target": 146, "right": true, "left": false, "value": 1}, {"source": 84, "target": 209, "right": true, "left": false, "value": 1}, {"source": 84, "target": 175, "right": true, "left": false, "value": 1}, {"source": 85, "target": 116, "right": false, "left": true, "value": 1}, {"source": 85, "target": 118, "right": false, "left": true, "value": 1}, {"source": 86, "target": 213, "right": true, "left": false, "value": 1}, {"source": 86, "target": 117, "right": true, "left": false, "value": 1}, {"source": 87, "target": 117, "right": true, "left": false, "value": 1}, {"source": 87, "target": 173, "right": true, "left": false, "value": 1}, {"source": 88, "target": 209, "right": true, "left": false, "value": 1}, {"source": 89, "target": 162, "right": false, "left": true, "value": 1}, {"source": 90, "target": 105, "right": true, "left": false, "value": 1}, {"source": 91, "target": 163, "right": true, "left": false, "value": 1}, {"source": 92, "target": 227, "right": false, "left": true, "value": 1}, {"source": 94, "target": 201, "right": false, "left": true, "value": 1}, {"source": 95, "target": 209, "right": true, "left": false, "value": 1}, {"source": 98, "target": 136, "right": false, "left": true, "value": 1}, {"source": 99, "target": 223, "right": false, "left": true, "value": 1}, {"source": 100, "target": 114, "right": true, "left": false, "value": 1}, {"source": 101, "target": 160, "right": false, "left": true, "value": 1}, {"source": 101, "target": 165, "right": false, "left": true, "value": 1}, {"source": 101, "target": 104, "right": false, "left": true, "value": 1}, {"source": 101, "target": 121, "right": false, "left": true, "value": 1}, {"source": 102, "target": 209, "right": true, "left": false, "value": 1}, {"source": 102, "target": 114, "right": true, "left": false, "value": 1}, {"source": 103, "target": 110, "right": true, "left": false, "value": 1}, {"source": 106, "target": 213, "right": true, "left": false, "value": 1}, {"source": 106, "target": 117, "right": true, "left": false, "value": 1}, {"source": 107, "target": 179, "right": true, "left": false, "value": 1}, {"source": 108, "target": 153, "right": false, "left": true, "value": 1}, {"source": 108, "target": 214, "right": false, "left": true, "value": 1}, {"source": 109, "target": 217, "right": true, "left": false, "value": 1}, {"source": 111, "target": 197, "right": true, "left": false, "value": 1}, {"source": 112, "target": 209, "right": true, "left": false, "value": 1}, {"source": 112, "target": 157, "right": true, "left": false, "value": 1}, {"source": 112, "target": 175, "right": true, "left": false, "value": 1}, {"source": 113, "target": 193, "right": false, "left": true, "value": 1}, {"source": 113, "target": 190, "right": true, "left": false, "value": 1}, {"source": 114, "target": 192, "right": false, "left": true, "value": 1}, {"source": 114, "target": 225, "right": false, "left": true, "value": 1}, {"source": 114, "target": 132, "right": false, "left": true, "value": 1}, {"source": 114, "target": 212, "right": false, "left": true, "value": 1}, {"source": 114, "target": 125, "right": false, "left": true, "value": 1}, {"source": 114, "target": 191, "right": false, "left": true, "value": 1}, {"source": 115, "target": 219, "right": true, "left": false, "value": 1}, {"source": 117, "target": 226, "right": false, "left": true, "value": 1}, {"source": 117, "target": 228, "right": false, "left": true, "value": 1}, {"source": 117, "target": 203, "right": false, "left": true, "value": 1}, {"source": 117, "target": 173, "right": true, "left": true, "value": 1}, {"source": 117, "target": 177, "right": false, "left": true, "value": 1}, {"source": 117, "target": 211, "right": false, "left": true, "value": 1}, {"source": 117, "target": 119, "right": false, "left": true, "value": 1}, {"source": 117, "target": 213, "right": true, "left": true, "value": 1}, {"source": 117, "target": 183, "right": false, "left": true, "value": 1}, {"source": 117, "target": 126, "right": false, "left": true, "value": 1}, {"source": 119, "target": 213, "right": true, "left": false, "value": 1}, {"source": 120, "target": 209, "right": true, "left": false, "value": 1}, {"source": 122, "target": 186, "right": true, "left": false, "value": 1}, {"source": 123, "target": 169, "right": false, "left": true, "value": 1}, {"source": 124, "target": 200, "right": false, "left": true, "value": 1}, {"source": 125, "target": 209, "right": true, "left": false, "value": 1}, {"source": 127, "target": 213, "right": true, "left": false, "value": 1}, {"source": 128, "target": 209, "right": true, "left": false, "value": 1}, {"source": 129, "target": 147, "right": false, "left": true, "value": 1}, {"source": 131, "target": 217, "right": true, "left": false, "value": 1}, {"source": 131, "target": 146, "right": true, "left": false, "value": 1}, {"source": 135, "target": 219, "right": true, "left": false, "value": 1}, {"source": 137, "target": 209, "right": true, "left": false, "value": 1}, {"source": 138, "target": 209, "right": true, "left": false, "value": 1}, {"source": 139, "target": 209, "right": true, "left": false, "value": 1}, {"source": 140, "target": 209, "right": true, "left": false, "value": 1}, {"source": 143, "target": 181, "right": true, "left": true, "value": 1}, {"source": 146, "target": 170, "right": false, "left": true, "value": 1}, {"source": 146, "target": 152, "right": false, "left": true, "value": 1}, {"source": 148, "target": 216, "right": false, "left": true, "value": 1}, {"source": 148, "target": 209, "right": true, "left": false, "value": 1}, {"source": 148, "target": 182, "right": false, "left": true, "value": 1}, {"source": 149, "target": 219, "right": true, "left": false, "value": 1}, {"source": 150, "target": 221, "right": true, "left": false, "value": 1}, {"source": 150, "target": 206, "right": true, "left": false, "value": 1}, {"source": 152, "target": 217, "right": true, "left": false, "value": 1}, {"source": 154, "target": 210, "right": true, "left": false, "value": 1}, {"source": 155, "target": 209, "right": true, "left": false, "value": 1}, {"source": 156, "target": 186, "right": true, "left": false, "value": 1}, {"source": 156, "target": 197, "right": true, "left": false, "value": 1}, {"source": 156, "target": 215, "right": true, "left": false, "value": 1}, {"source": 157, "target": 225, "right": false, "left": true, "value": 1}, {"source": 157, "target": 209, "right": true, "left": false, "value": 1}, {"source": 158, "target": 210, "right": true, "left": false, "value": 1}, {"source": 161, "target": 171, "right": true, "left": false, "value": 1}, {"source": 164, "target": 217, "right": true, "left": false, "value": 1}, {"source": 166, "target": 220, "right": true, "left": false, "value": 1}, {"source": 167, "target": 184, "right": true, "left": true, "value": 1}, {"source": 167, "target": 207, "right": true, "left": false, "value": 1}, {"source": 168, "target": 209, "right": true, "left": false, "value": 1}, {"source": 171, "target": 209, "right": true, "left": false, "value": 1}, {"source": 173, "target": 228, "right": false, "left": true, "value": 1}, {"source": 173, "target": 208, "right": false, "left": true, "value": 1}, {"source": 173, "target": 183, "right": false, "left": true, "value": 1}, {"source": 177, "target": 213, "right": true, "left": false, "value": 1}, {"source": 178, "target": 209, "right": true, "left": false, "value": 1}, {"source": 179, "target": 209, "right": true, "left": false, "value": 1}, {"source": 182, "target": 209, "right": true, "left": false, "value": 1}, {"source": 185, "target": 209, "right": true, "left": false, "value": 1}, {"source": 186, "target": 197, "right": true, "left": false, "value": 1}, {"source": 187, "target": 200, "right": true, "left": false, "value": 1}, {"source": 190, "target": 193, "right": false, "left": true, "value": 1}, {"source": 192, "target": 209, "right": true, "left": false, "value": 1}, {"source": 194, "target": 209, "right": true, "left": false, "value": 1}, {"source": 195, "target": 212, "right": false, "left": true, "value": 1}, {"source": 196, "target": 209, "right": false, "left": true, "value": 1}, {"source": 203, "target": 213, "right": true, "left": false, "value": 1}, {"source": 206, "target": 221, "right": false, "left": true, "value": 1}, {"source": 209, "target": 218, "right": false, "left": true, "value": 1}, {"source": 209, "target": 222, "right": false, "left": true, "value": 1}, {"source": 209, "target": 225, "right": false, "left": true, "value": 1}, {"source": 210, "target": 219, "right": false, "left": true, "value": 1}, {"source": 213, "target": 226, "right": false, "left": true, "value": 1}, {"source": 213, "target": 228, "right": false, "left": true, "value": 1}, {"source": 220, "target": 224, "right": false, "left": true, "value": 1}]}