{"nodes": [{"asin": "B00006B6OY", "name": "C2G / Cables to Go - 04590 - 11-Piece Computer Tool Kit", "imUrl": "http://ecx.images-amazon.com/images/I/31CVQIYKoTL._SY300_.jpg", "price": 14.98, "numReviews": 9, "groups": [0], "averageRating": 3.888888888888889, "brand": "C2G"}, {"asin": "B0006SE5AC", "name": "Aleratec DVD/CD Disc Repair Plus Cleaning Kit Refill (Discontinued by Manufacturer)", "imUrl": "http://ecx.images-amazon.com/images/I/41Q7kWMrg%2BL._SY300_.jpg", "price": 33.99, "numReviews": 5, "groups": [1], "averageRating": 3.8}, {"asin": "B00BLSBSYC", "name": "Apple 922-8655 MacBook Aluminum and Macbook Pro Hard Drive Screws", "imUrl": "http://ecx.images-amazon.com/images/I/413mUi%2BwcNL._SX300_.jpg", "price": 7.97, "numReviews": 1, "groups": [2], "averageRating": 5.0, "brand": "Apple"}, {"asin": "B00C16Q1DG", "name": "Mini USB Vacuum Keyboard Cleaner Yellow for PC Laptop Computer", "imUrl": "http://ecx.images-amazon.com/images/I/41PaansWjrL._SY300_.jpg", "price": 4.7, "numReviews": 9, "groups": [3], "averageRating": 1.5555555555555556}, {"asin": "B002C03AIA", "name": "Cyber Clean 25054 Home & Office Foil Zip Bag - 2.65 oz.", "imUrl": "http://ecx.images-amazon.com/images/I/51KQ3tieeXL._SY300_.jpg", "price": 3.75, "numReviews": 106, "groups": [4], "averageRating": 3.6320754716981134, "brand": "Cyber Clean"}, {"asin": "B00006I58S", "name": "Fellowes Classroom Supplies, Pressurized Duster (99790)", "imUrl": "http://ecx.images-amazon.com/images/I/31Pq3hczDmL._SX300_.jpg", "price": 16.75, "numReviews": 34, "groups": [5], "averageRating": 4.088235294117647, "brand": "Fellowes", "salesRankCategory": "Office Products", "salesRank": 21038}, {"asin": "B003YVU534", "name": "Seismic Audio - Cable Tester - Test XLR, 1/4\" TRS, 1/4\" TS, Speakon (2 and 4 Pole), RCA, MIDI (3 and 5 Pin).  Includes Test Leads.  Audible Test Tone.  Boutique Look.  Heavy Duty", "imUrl": "http://ecx.images-amazon.com/images/I/51qwUjI9yqL._SY300_.jpg", "price": 32.99, "numReviews": 6, "groups": [6], "averageRating": 3.8333333333333335, "brand": "Seismic Audio", "salesRankCategory": "Musical Instruments", "salesRank": 7761}, {"asin": "B0001AU6YO", "name": "Tandberg LTO cleaning cartridge (Discontinued by Manufacturer)", "imUrl": "http://ecx.images-amazon.com/images/I/31jNeRZslhL._SY300_.jpg", "price": 41.84, "numReviews": 1, "groups": [7], "averageRating": 5.0}, {"asin": "B001OXYL0C", "name": "MANHATTAN 4-In-1 Cable Tester RJ-11, RJ-45, USB and BNC (351911)", "imUrl": "http://ecx.images-amazon.com/images/I/41uBBOmHNEL._SY300_.jpg", "price": 32.35, "numReviews": 6, "groups": [8], "averageRating": 4.666666666666667}, {"asin": "B00B2T9C8Y", "name": "iFixit Anti-static Wrist Strap (Adjustable up to Size XL)", "imUrl": "http://ecx.images-amazon.com/images/I/41zhIZQue5L._SY300_.jpg", "price": 8.95, "numReviews": 3, "groups": [9], "averageRating": 5.0}, {"asin": "B002GCXCZA", "name": "Falcon Dust-Off Professional Compressed Gas 12oz. (6-Pack)", "imUrl": "http://ecx.images-amazon.com/images/I/3174332gQ4L._SY300_.jpg", "price": 24.66, "numReviews": 47, "groups": [10], "averageRating": 4.212765957446808, "brand": "Falcon"}, {"asin": "B0075GCKPU", "name": "BestDealUSA Mini USB Vacuum Keyboard Cleaner for PC Laptop Computer Blue", "imUrl": "http://ecx.images-amazon.com/images/I/41CY1j1dWtL._SY300_.jpg", "price": 3.29, "numReviews": 4, "groups": [11], "averageRating": 3.25}, {"asin": "B001AFHDWC", "name": "Innovera 51501 Compressed Gas Duster, 10Oz Can", "imUrl": "http://ecx.images-amazon.com/images/I/41YOoJValWL._SY300_.jpg", "price": 9.99, "numReviews": 5, "groups": [12], "averageRating": 4.6}, {"asin": "B007ZW548E", "name": "Bluecell Repair Replacement Screws for Unibody Apple Macbook Pro 13\" 15\" 17\" Set of 10", "imUrl": "http://ecx.images-amazon.com/images/I/519m6FbYlSL._SX300_.jpg", "price": 4.04, "numReviews": 106, "groups": [13], "averageRating": 4.547169811320755}, {"asin": "B009K690LA", "name": "HDE 5 Point Pentalobe Screwdriver for Macbook (A1369 & A1370)", "imUrl": "http://ecx.images-amazon.com/images/I/318V22BUXcL._SY300_.jpg", "price": 1.99, "numReviews": 3, "groups": [14], "averageRating": 4.666666666666667}, {"asin": "B000MKF9C2", "name": "Electronics Anti-Static Service Kit 276-2370", "imUrl": "http://ecx.images-amazon.com/images/I/41pCtSZUMkL._SY300_.jpg", "price": 4.49, "numReviews": 8, "groups": [15], "averageRating": 5.0}, {"asin": "B004HI18ES", "name": "Cable Tester - Test XLR, 1/4\" TRS, 1/4\" TS, Speakon (2 and 4 Pole), RCA, MIDI (3 and 5 Pin).  Includes Test Leads.  Audible Test Tone.  Boutique Look.  Heavy Duty", "imUrl": "http://ecx.images-amazon.com/images/I/51E4jpM5lfL._SY300_.jpg", "price": 32.99, "numReviews": 4, "groups": [16], "averageRating": 4.5, "salesRankCategory": "Musical Instruments", "salesRank": 26393}, {"asin": "B003Q5GI2U", "name": "GELID Solutions Rubber / Silicone Computer Case Fan Vibration Dampening Soft Mounting Screws / Mounts", "imUrl": "http://ecx.images-amazon.com/images/I/41s-%2BV-LALL._SX300_.jpg", "price": 3.99, "numReviews": 11, "groups": [17], "averageRating": 4.636363636363637, "brand": "GELID"}, {"asin": "B00BGZ2N8A", "name": "10 x Blue Anodized Aluminum Computer Case Thumbscrews (6-32 Thread) for Cover / Power Supply / PCI Slots / Hard Drives", "imUrl": "http://ecx.images-amazon.com/images/I/41hht6Q%2BzgL._SX300_.jpg", "price": 4.99, "numReviews": 4, "groups": [18], "averageRating": 4.5}, {"asin": "B000VXOPLQ", "name": "CablesToBuy\u2122 Black USB Powered Mini Vacuum Cleaner", "imUrl": "http://ecx.images-amazon.com/images/I/2140Ofe0J4L.jpg", "price": 2.5, "numReviews": 28, "groups": [19], "averageRating": 2.142857142857143}, {"asin": "B003CNYHSI", "name": "MacBook Pro 15\" Unibody 2.66GHz Logic Board", "imUrl": "http://ecx.images-amazon.com/images/I/41hwhsZeqcL._SX300_.jpg", "price": 2.98, "numReviews": 1, "groups": [20], "averageRating": 1.0}, {"asin": "B003K645SO", "name": "DCLT Cleaning Kit", "imUrl": "http://ecx.images-amazon.com/images/I/51zCf53VylL._SY300_.jpg", "price": 12.99, "numReviews": 5, "groups": [21], "averageRating": 3.6}, {"asin": "B0007XP8GQ", "name": "Inland 55 Piece Computer Tool Kit (05212)", "imUrl": "http://ecx.images-amazon.com/images/I/51Px0puhsoL._SY300_.jpg", "price": 16.73, "numReviews": 20, "groups": [22], "averageRating": 3.65}, {"asin": "B00BGZ2AME", "name": "10 x Silver Anodized Aluminum Computer Case Thumbscrews (6-32 Thread) for Cover / Power Supply / PCI Slots / Hard Drives", "imUrl": "http://ecx.images-amazon.com/images/I/41dIbmRIf2L._SX300_.jpg", "price": 4.99, "numReviews": 3, "groups": [23], "averageRating": 4.666666666666667}, {"asin": "B007PDLSHY", "name": "Mini Turbo USB Hoover/Vacuum Cleaner for Laptop PC Computer Keyboard Dust -Blue", "imUrl": "http://ecx.images-amazon.com/images/I/41RQfu1E3uL._SY300_.jpg", "price": 2.85, "numReviews": 11, "groups": [24], "averageRating": 2.4545454545454546, "brand": ""}, {"asin": "B00C8R2K7E", "name": "Brand New Hello Kitty USB Vacuum Keyboard Cleaner for Pc Laptop", "imUrl": "http://ecx.images-amazon.com/images/I/41jadTuTtJL._SX300_.jpg", "price": 2.71, "numReviews": 9, "groups": [25], "averageRating": 3.0}, {"asin": "B0001I91JM", "name": "Belkin F8E412 Blaster Canned Air (12 Ounces)", "imUrl": "http://ecx.images-amazon.com/images/I/31AqzOzMJ3L.jpg", "price": 9.88, "numReviews": 9, "groups": [26], "averageRating": 3.3333333333333335}, {"asin": "B001DFJ994", "name": "Maxell 190025 Blast Away Canned Air 154a (CA-3)", "imUrl": "http://ecx.images-amazon.com/images/I/41h6so7hC1L._SY300_.jpg", "price": 8.75, "numReviews": 7, "groups": [27], "averageRating": 2.2857142857142856, "brand": "Maxell"}, {"asin": "B00768M2QE", "name": "ShieldMe Duster, 10oz", "imUrl": "http://ecx.images-amazon.com/images/I/414RW54zvKL._SY300_.jpg", "price": 5.52, "numReviews": 21, "groups": [28], "averageRating": 2.619047619047619}, {"asin": "B00AE0JRPA", "name": "Bluecell 4 Pcs of Black Color 1.5M Anti-Static Wrist Strap/Band with Adjustable Grounding for repair/maintenance", "imUrl": "http://ecx.images-amazon.com/images/I/41LPmgWoaIL.jpg", "price": 3.99, "numReviews": 3, "groups": [29], "averageRating": 4.333333333333333}, {"asin": "B00A3OHC7W", "name": "100 x Silver / Chrome Computer PC Case Cooling Fan Mounting Screws for 80mm / 90mm / 120mm / 140mm Fans", "imUrl": "http://ecx.images-amazon.com/images/I/31TO4A-pYBL.jpg", "price": 4.9, "numReviews": 2, "groups": [30], "averageRating": 5.0}, {"asin": "B0008GMHEI", "name": "Air Duster Cleaning Spray", "imUrl": "http://ecx.images-amazon.com/images/I/510maVKbwuL._SY300_.jpg", "price": 27.44, "numReviews": 122, "groups": [31], "averageRating": 4.344262295081967}, {"asin": "B0000AZK4G", "name": "TRENDnet 8P/RJ-45 and 6P/RJ-12, RJ-11 Crimp, Cut, and Strip Tool, TC-CT68", "imUrl": "http://ecx.images-amazon.com/images/I/411N56dASUL._SY300_.jpg", "price": 17.93, "numReviews": 354, "groups": [32], "averageRating": 4.491525423728813, "brand": "TRENDnet"}, {"asin": "B002DUCZBM", "name": "Cleaning Cart Labl LTO Ultrium Univ Series CLN040-CLN079 Cu Media", "imUrl": "http://ecx.images-amazon.com/images/I/11CGDRCGT-L.jpg", "price": 32.28, "numReviews": 1, "groups": [33], "averageRating": 5.0}, {"asin": "B00006B7Y2", "name": "1-pack LTO Ultrium Cleaning Cartuniversal 15-20 Cleaning Cycles", "imUrl": "http://ecx.images-amazon.com/images/I/31hSswVSM9L._SY300_.jpg", "price": 44.98, "numReviews": 1, "groups": [34], "averageRating": 5.0}, {"asin": "B00FEV7WYM", "name": "CASE LONG SCREW, 6-32, 5/16-Inches Long Black Metal Computer Case Thumbscrew - 10 Pack SCREWTHUMB", "imUrl": "http://ecx.images-amazon.com/images/I/51YBCokZHAL._SY300_.jpg", "price": 1.99, "numReviews": 1, "groups": [35], "averageRating": 5.0}, {"asin": "B0053DJEU6", "name": "LCD Repair, Gateway FPD2485W LCD Monitor, Capacitors, Not the Entire Board", "imUrl": "http://ecx.images-amazon.com/images/I/51a99bYvt%2BL._SX300_.jpg", "price": 13.95, "numReviews": 2, "groups": [36], "averageRating": 4.0}, {"asin": "B00004Z5L9", "name": "Fuji 4MM Cleaning Tape For DDS Drives", "imUrl": "http://ecx.images-amazon.com/images/I/41xC7fR7B1L._SY300_.jpg", "price": 2.96, "numReviews": 3, "groups": [37], "averageRating": 4.666666666666667}, {"asin": "B005CC1REE", "name": "Anodized Aluminum PC Case Thumbscrews (Pack of 10)", "imUrl": "http://ecx.images-amazon.com/images/I/41pk9LDiI5L._SY300_.jpg", "price": 2.98, "numReviews": 1, "groups": [38], "averageRating": 3.0, "brand": ""}, {"asin": "B00IB6I48K", "name": "Kingwin SKS-801 Laptop Screw Kit SKS-801", "imUrl": "http://ecx.images-amazon.com/images/I/510PIlPDUML._SY300_.jpg", "price": 9.99, "numReviews": 3, "groups": [39, 40], "averageRating": 4.0, "brand": "Kingwin"}, {"asin": "B00870WQM0", "name": "Bluecell Repair Replacement Screws for Unibody Apple Macbook AIR 13\" A1369 MC503 MC504 set of 10", "imUrl": "http://ecx.images-amazon.com/images/I/31jbO%2BOcFpL.jpg", "price": 4.25, "numReviews": 7, "groups": [41], "averageRating": 4.571428571428571}, {"asin": "B009016DZG", "name": "Fuchsia Cleaning Compound Dust Remover for Keyboard", "imUrl": "http://ecx.images-amazon.com/images/I/41s-qi-8WVL._SY300_.jpg", "price": 3.69, "numReviews": 1, "groups": [42], "averageRating": 4.0}, {"asin": "B0036ZJSOK", "name": "PC-Doctor Service Center Premier 8.0 Computer Diagnostics Repair Kit", "imUrl": "http://ecx.images-amazon.com/images/I/51-AQJHt8rL._SY300_.jpg", "price": 3.69, "numReviews": 6, "groups": [43], "averageRating": 4.0}, {"asin": "B00006HYZJ", "name": "Imation Ultrium Universal Cleaning Cartridge", "imUrl": "http://ecx.images-amazon.com/images/I/51JMNFWFRKL._SY300_.jpg", "price": 48.15, "numReviews": 1, "groups": [44], "averageRating": 5.0, "brand": "Imation"}, {"asin": "B0083QPG3Y", "name": "New Complete Genuine Laptop Screw Set Kit For IBM Lenovo Thinkpad T61,T61p", "imUrl": "http://ecx.images-amazon.com/images/I/5172NfNuUnL._SX300_.jpg", "price": 3.98, "numReviews": 1, "groups": [45], "averageRating": 5.0}, {"asin": "B00BW3QD3W", "name": "LaptopScrewsDirect 24 Pack of M2.5x8mm Laptop Screws Screw Pack Black Zinc Schrauben Vite Tornillo Dell Hp Asus Ibm Toshiba", "imUrl": "http://ecx.images-amazon.com/images/I/31O3%2BTlIPiL._SX300_.jpg", "price": 11.99, "numReviews": 2, "groups": [46], "averageRating": 5.0}, {"asin": "B0010ZX02O", "name": "Quantum DLT-VS1 Tape Cartridge", "imUrl": "http://ecx.images-amazon.com/images/I/21JUeHcmWmL.jpg", "price": 75.8, "numReviews": 1, "groups": [47], "averageRating": 5.0}, {"asin": "B00009R7WX", "name": "Falcon Dust-Off FGSR Classic Refill Cleaning Spray- Cleaning Spray", "imUrl": "http://ecx.images-amazon.com/images/I/41LrdrHXjeL._SY300_.jpg", "price": 10.34, "numReviews": 2, "groups": [48], "averageRating": 4.5, "brand": "Falcon"}, {"asin": "B000Q02I7C", "name": "Daffodil UVC01 Mini USB Vacuum Cleaner for Your Laptop / PC", "imUrl": "http://ecx.images-amazon.com/images/I/41elJRS4msL._SY300_.jpg", "price": 4.99, "numReviews": 4, "groups": [49], "averageRating": 1.0}, {"asin": "B00000J1E6", "name": "Maxell CD/CD-ROM Scratch Repair Kit (Discontinued by Manufacturer)", "imUrl": "http://ecx.images-amazon.com/images/I/41osKsDH0fL._SY300_.jpg", "price": 10.0, "numReviews": 34, "groups": [50], "averageRating": 2.764705882352941, "brand": "Maxell"}, {"asin": "B005FMX712", "name": "Fast Blast Duster 10 oz. Can Air Removes Dust and Debris", "imUrl": "http://ecx.images-amazon.com/images/I/41lRV8f6KBL._SY300_.jpg", "price": 3.99, "numReviews": 39, "groups": [51], "averageRating": 4.435897435897436}, {"asin": "B001E69CLW", "name": "ENDUST\u00ae for Electronics 100% Non-Flammable 10 oz Duster with Bitterant 255050", "imUrl": "http://ecx.images-amazon.com/images/I/41SuDObNeDL._SY300_.jpg", "price": 12.38, "numReviews": 5, "groups": [52], "averageRating": 2.0}, {"asin": "B003EEMDIG", "name": "ENDUST\u00ae for Electronics 10 oz Duster Twin Pack with Safety Bitterant 11407", "imUrl": "http://ecx.images-amazon.com/images/I/51rj3PJFueL._SY300_.jpg", "price": 14.16, "numReviews": 5, "groups": [53], "averageRating": 3.0}, {"asin": "B0002A9SJ2", "name": "Aleratec DVD CD Disc Repair Plus", "imUrl": "http://ecx.images-amazon.com/images/I/41WOEkLgoCL._SX300_.jpg", "price": 33.99, "numReviews": 162, "groups": [54], "averageRating": 3.240740740740741}, {"asin": "B009XP35N2", "name": "Black USB Powered Vacuum Cleaner w Detachable Nozzle for Computer", "imUrl": "http://ecx.images-amazon.com/images/I/41pbq71D8nL._SY300_.jpg", "price": 4.74, "numReviews": 1, "groups": [55], "averageRating": 1.0}, {"asin": "B00006B6OZ", "name": "C2G / Cables to Go - 04591 - 21-Piece Computer Tool Kit", "imUrl": "http://ecx.images-amazon.com/images/I/41KsJqY-p5L._SX300_.jpg", "price": 36.79, "numReviews": 6, "groups": [56], "averageRating": 4.5, "brand": "C2G"}, {"asin": "B004T2PBV8", "name": "iEssentials IEVAC Iessentials Ievac Usb Vacuum", "imUrl": "http://ecx.images-amazon.com/images/I/31S37Nbuq-L._SY300_.jpg", "price": 4.74, "numReviews": 1, "groups": [57], "averageRating": 1.0}, {"asin": "B00006OXEP", "name": "C2G / Cables to Go - 04622 - Dual RJ11 RJ45 Ratchet Crimp Tool", "imUrl": "http://ecx.images-amazon.com/images/I/41KAtkwvLjL._SX300_.jpg", "price": 16.9, "numReviews": 4, "groups": [58], "averageRating": 3.5}, {"asin": "B001W1SRHE", "name": "MAX Professional 7034 Winchester Gun Firearms Air Duster, GD-007-034 (10 oz)", "imUrl": "http://ecx.images-amazon.com/images/I/41rQBKdca4L._SY300_.jpg", "price": 12.99, "numReviews": 56, "groups": [59], "averageRating": 4.571428571428571, "brand": "Winchester", "salesRankCategory": "Sports & Outdoors", "salesRank": 26401}, {"asin": "B003X242PQ", "name": "Dust Off Compressed Gas Duster 12 oz. each can (Pack of 12)", "imUrl": "http://ecx.images-amazon.com/images/I/51uPtPD2SSL._SY300_.jpg", "price": 56.99, "numReviews": 63, "groups": [60], "averageRating": 4.507936507936508, "brand": "Dust Off"}, {"asin": "B009JI2KQ6", "name": "10 x Black Computer Case Thumbscrews (6-32 Thread) for Cover / Power Supply / PCI Slots / Hard Drives", "imUrl": "http://ecx.images-amazon.com/images/I/412Jtey9N6L._SX300_.jpg", "price": 4.75, "numReviews": 21, "groups": [61], "averageRating": 4.0476190476190474, "brand": ""}, {"asin": "B0000516RU", "name": "1-pack Quantum DLT tape Cleaning Tape III", "imUrl": "http://ecx.images-amazon.com/images/I/315SbiPXXsL._SY300_.jpg", "price": 39.95, "numReviews": 1, "groups": [62], "averageRating": 2.0}, {"asin": "B00JTO98TM", "name": "300pcs Laptop Notebook Screws Kit Set Applicable to most of Laptop / IBM THINKPAD HP TOSHIBA SONY DELL GATEWAY LENOVO SAMSUNG", "imUrl": "http://ecx.images-amazon.com/images/I/51EaoDOKUAL._SY300_.jpg", "price": 6.5, "numReviews": 1, "groups": [39, 40, 63], "averageRating": 5.0}, {"asin": "B001UJSAC0", "name": "MAXELL BLAST AWAY CANNED AIR SUPL 3OZ MUST SHIP GROUND ONLY", "imUrl": "http://ecx.images-amazon.com/images/I/41NiBzei80L._SY300_.jpg", "price": 4.24, "numReviews": 19, "groups": [64], "averageRating": 3.3684210526315788}, {"asin": "B007UMCGD0", "name": "BestDealUSA Black USB Vacuum Keyboard Cleaner for PC Laptop Computer MINI", "imUrl": "http://ecx.images-amazon.com/images/I/4131FHgEYjL._SY300_.jpg", "price": 7.12, "numReviews": 1, "groups": [65], "averageRating": 1.0}, {"asin": "B00EK52PTA", "name": "Bluecell Repair Replacement Screws for Unibody Apple Macbook Pro A1278 A1286 13\" 15\" 17\" 2 Sets of 10 (Not for Retina Display)", "imUrl": "http://ecx.images-amazon.com/images/I/31coDAnrszL.jpg", "price": 4.96, "numReviews": 12, "groups": [13], "averageRating": 4.666666666666667}, {"asin": "B0025U3TQ0", "name": "Falcon Compressed Gas (152a) Disposable Cleaning Duster 1 Count , 10 oz. can (DPSXL)", "imUrl": "http://ecx.images-amazon.com/images/I/41vMH43PecL._SY300_.jpg", "price": 3.95, "numReviews": 12, "groups": [66], "averageRating": 4.333333333333333, "brand": "Falcon"}, {"asin": "B009DB8AWM", "name": "Finejo MINI USB Vacuum Keyboard Cleaner for PC Laptop Computer", "imUrl": "http://ecx.images-amazon.com/images/I/418%2BdeOfOoL._SY300_.jpg", "price": 2.71, "numReviews": 5, "groups": [67], "averageRating": 1.0}, {"asin": "B008979NKO", "name": "BestDealUSA Cute Mini USB Vacuum Computer Keyboard Cleaner", "imUrl": "http://ecx.images-amazon.com/images/I/4190gKiJScL._SY300_.jpg", "price": 4.74, "numReviews": 4, "groups": [68], "averageRating": 2.0}, {"asin": "B00008EM9C", "name": "Belkin Medium Duty Crimp Tool", "imUrl": "http://ecx.images-amazon.com/images/I/31ukb4nwbIL._SX300_.jpg", "price": 39.62, "numReviews": 1, "groups": [69], "averageRating": 4.0}, {"asin": "B004I0LB3I", "name": "Cable N Wireless Laptop PC Computer Keyboard USB 2.0 Vaccum Cleaner with Brush (Black)", "imUrl": "http://ecx.images-amazon.com/images/I/41MVKrAUw%2BL._SX300_.jpg", "price": 2.71, "numReviews": 1, "groups": [70], "averageRating": 1.0}, {"asin": "B00004Z6N6", "name": "Belkin 36-Piece Demagnetized Computer Tool Kit  with Case (Black)", "imUrl": "http://ecx.images-amazon.com/images/I/51AMDQ1WY9L._SX300_.jpg", "price": 22.79, "numReviews": 124, "groups": [71], "averageRating": 4.435483870967742, "brand": "Belkin"}, {"asin": "B00BW3Q468", "name": "156 Laptop Screws DELL HP M2x3 m2.5x4 m2.5x5 m2.5x6.5 m2.5x8 m3x3 m3x4 VOSTRO INSPIRON LATITUDE XPS PRECISION STUDIO PAVILION PRESARIO SCREW PACK SET SCHRAUBEN VITE VIT", "imUrl": "http://ecx.images-amazon.com/images/I/41wQMOEcauL._SX300_.jpg", "price": 11.99, "numReviews": 5, "groups": [72], "averageRating": 5.0}, {"asin": "B00A3ZL1WI", "name": "Complete Screw Set for Macbook A1181", "imUrl": "http://ecx.images-amazon.com/images/I/41ThyWQH7jL._SX300_.jpg", "price": 1.99, "numReviews": 2, "groups": [73], "averageRating": 5.0}, {"asin": "B009XNOCWW", "name": "Computer Laptop PC Keyboard USB Vacuum Cleaner Blue", "imUrl": "http://ecx.images-amazon.com/images/I/31o2lEofsiL._SY300_.jpg", "price": 4.99, "numReviews": 6, "groups": [74], "averageRating": 1.3333333333333333}, {"asin": "B007W4OYTU", "name": "Apple Macbook Air Screw Set A1369", "imUrl": "http://ecx.images-amazon.com/images/I/51utsuFxoZL._SX300_.jpg", "price": 1.37, "numReviews": 1, "groups": [75], "averageRating": 5.0, "brand": "Apple"}, {"asin": "B000067SSZ", "name": "1-pack 4mm Cleaning Cartridge (Discontinued by Manufacturer)", "imUrl": "http://ecx.images-amazon.com/images/I/21gnBT6zK4L.jpg", "price": 12.66, "numReviews": 1, "groups": [76], "averageRating": 5.0}, {"asin": "B009PTUHUA", "name": "Bluecell Black and Blue Color 1.5m Anti-static Wrist Strap/band with Adjustable Grounding for Repair/maintenance", "imUrl": "http://ecx.images-amazon.com/images/I/31EO6WT5zFL.jpg", "price": 4.49, "numReviews": 3, "groups": [77], "averageRating": 4.333333333333333}, {"asin": "B00H48PCRC", "name": "Laptop Notebook Screws Kit Applicable to the majority of notebook screws", "imUrl": "http://ecx.images-amazon.com/images/I/51KDELqduRL._SY300_.jpg", "price": 11.99, "numReviews": 1, "groups": [39], "averageRating": 4.0}, {"asin": "B009DTYHHQ", "name": "BestDealUSA USB Mini Vacuum Cleaner for PC Computer Notebook Laptop", "imUrl": "http://ecx.images-amazon.com/images/I/41DYTM3UudL._SY300_.jpg", "price": 4.74, "numReviews": 1, "groups": [78], "averageRating": 1.0}, {"asin": "B00DZYEXPQ", "name": "Dust-Off Compressed Gas Duster - 4 Pack", "imUrl": "http://ecx.images-amazon.com/images/I/51xcsnWvqIL._SY300_.jpg", "price": 13.07, "numReviews": 55, "groups": [79], "averageRating": 4.054545454545455, "brand": "Dust-Off"}, {"asin": "B003I4FESI", "name": "Syba SY-ACC65030 Anti-Static Velcro Wrist Strap", "imUrl": "http://ecx.images-amazon.com/images/I/41EgBH8zlWL._SX300_.jpg", "price": 5.99, "numReviews": 18, "groups": [80], "averageRating": 4.111111111111111, "brand": "Syba"}, {"asin": "B00FWSJSBW", "name": "SUNOAD 1PC Cordless Wireless Anti-Static Wrist Strap NEW", "imUrl": "http://ecx.images-amazon.com/images/I/515GrExse3L._SY300_.jpg", "price": 4.04, "numReviews": 2, "groups": [81], "averageRating": 3.0}, {"asin": "B00BGZ1OFI", "name": "10 x Black Anodized Aluminum Computer Case Thumbscrews (6-32 Thread) for Cover / Power Supply / PCI Slots / Hard Drives", "imUrl": "http://ecx.images-amazon.com/images/I/41qybpzWCCL._SX300_.jpg", "price": 4.85, "numReviews": 9, "groups": [18, 61], "averageRating": 4.333333333333333}, {"asin": "B00H0157S2", "name": "Century Accessory Computer Laptop PC Keyboard USB 2.0 Vacuum Cleaner Black", "imUrl": "http://ecx.images-amazon.com/images/I/41LrsUghA1L._SY300_.jpg", "price": 1.95, "numReviews": 1, "groups": [82], "averageRating": 1.0}, {"asin": "B0017S3YUC", "name": "Link Depot Accessory Aluminum Screw Blue 10Pcs", "imUrl": "http://ecx.images-amazon.com/images/I/41b9lnjGkwL._SY300_.jpg", "price": 2.98, "numReviews": 4, "groups": [83], "averageRating": 5.0, "brand": "Link Depot"}, {"asin": "B007C1KPIC", "name": "Silverstone Tek 5.25-Inch Aluminum Cover Bay Converter for Slot-Load Slim Optical Disk Drive and 4X 2.5-Inch HDD/SSD Drives FP58S Silver", "imUrl": "http://ecx.images-amazon.com/images/I/3158I1rFwsL._SX300_.jpg", "price": 28.97, "numReviews": 2, "groups": [84], "averageRating": 4.5, "brand": "Silverstone Tek"}, {"asin": "B005EGKLJK", "name": "Rosewill Cable Tester - Pro RTK-007", "imUrl": "http://ecx.images-amazon.com/images/I/416en4oaDGL._SX300_.jpg", "price": 29.89, "numReviews": 1, "groups": [85], "averageRating": 4.0, "brand": "Rosewill"}, {"asin": "B00008PHGV", "name": "IBM Corp ULTRIUM LTO 2, 3, 4, 5, & 6 UNiVERSAL CLEANING CARTRIDGE 1 PK (IBM 35L2086) (Discontinued by Manufacturer)", "imUrl": "http://ecx.images-amazon.com/images/I/312ry%2B4Ym3L.jpg", "price": 50.89, "numReviews": 1, "groups": [86], "averageRating": 1.0, "brand": "IBM"}, {"asin": "B001M4HX8A", "name": "Audiovox Surface SURF303 10 Oz Canned Air for Electronics Cleaning (Discontinued by Manufacturer)", "imUrl": "http://ecx.images-amazon.com/images/I/31vUIsjE1ML._SY300_.jpg", "price": 6.49, "numReviews": 4, "groups": [87], "averageRating": 4.25}, {"asin": "B0032OX1N4", "name": "3M Dust Remover - Compressed Gas Duster - 10 oz - 3 Pack", "imUrl": "http://ecx.images-amazon.com/images/I/51k7u-M-RHL._SY300_.jpg", "price": 24.99, "numReviews": 54, "groups": [88], "averageRating": 3.5555555555555554, "salesRankCategory": "Health & Personal Care", "salesRank": 24228}, {"asin": "B007C1KPQY", "name": "Silverstone Tek 5.25-Inch Aluminum Cover Bay Converter for Slot-Load Slim Optical Disk Drive and 4X 2.5-Inch HDD/SSD Drives FP58B Black", "imUrl": "http://ecx.images-amazon.com/images/I/41TleW%2BjPkL._SX300_.jpg", "price": 22.49, "numReviews": 16, "groups": [89], "averageRating": 4.625, "brand": "Silverstone Tek"}, {"asin": "B00009VGVO", "name": "36 Piece Computer Tool Kit Black Case Demagnetized Tools", "imUrl": "http://ecx.images-amazon.com/images/I/31AA99V1RML.jpg", "price": 32.8, "numReviews": 2, "groups": [90], "averageRating": 5.0}, {"asin": "B0091IZ2L4", "name": "Rosewill 1.0 mm Thickness 4U Rackmount, Black Metal/Steel RSV-L4411", "imUrl": "http://ecx.images-amazon.com/images/I/41yj4-nxpLL._SX300_.jpg", "price": 199.99, "numReviews": 9, "groups": [91], "averageRating": 4.111111111111111, "brand": "Rosewill"}, {"asin": "B00AIJAZDU", "name": "IBM Thinkpad T40 T41 T42 T43 Screw Kit Set Screws Cover", "imUrl": "http://ecx.images-amazon.com/images/I/51Z40qUH5sL._SY300_.jpg", "price": 3.48, "numReviews": 2, "groups": [92], "averageRating": 3.0}, {"asin": "B00870VEGO", "name": "Bluecell Repair Replacement Screws for Unibody Apple Macbook AIR 11\" A1370 mc505 mc506 set of 10", "imUrl": "http://ecx.images-amazon.com/images/I/315M8icE1jL.jpg", "price": 1.2, "numReviews": 8, "groups": [41], "averageRating": 4.625}, {"asin": "B0000932PK", "name": "Sony 8MM Cleaning Cartridge", "imUrl": "http://ecx.images-amazon.com/images/I/518fiOV8G1L._SY300_.jpg", "price": 25.0, "numReviews": 8, "groups": [93], "averageRating": 4.0}, {"asin": "B00BW3QRD8", "name": "50 Pack of Black Zinc Laptop Screws Size M2.5x5MM / PM2.5X5.0 / M2.5X5L This screw is the most common screw used on nearly all Dell notebooks, Inspiron, Latitude,Vostro, Studio,Xps Alienware and many other makes..LaptopScrewsDirect", "imUrl": "http://ecx.images-amazon.com/images/I/31q3E%2BdHPlL._SX300_.jpg", "price": 9.99, "numReviews": 1, "groups": [94], "averageRating": 5.0}, {"asin": "B001UGVBAG", "name": "Endust for Electronics 10 oz Duster with Bitterant No.152 11384", "imUrl": "http://ecx.images-amazon.com/images/I/41IfYaqE15L._SY300_.jpg", "price": 10.41, "numReviews": 1, "groups": [95], "averageRating": 1.0, "brand": "Endust"}, {"asin": "B0050FZ0MI", "name": "Rosewill Network Cable Tester RTK-T05", "imUrl": "http://ecx.images-amazon.com/images/I/41V2ALKWZEL._SX300_.jpg", "price": 34.99, "numReviews": 4, "groups": [96], "averageRating": 3.5, "brand": "Rosewill"}, {"asin": "B008JAU6XE", "name": "Bluecell Light Blue Color 1.5M Anti-Static Wrist Strap/Band with Adjustable Grounding for repair/maintenance", "imUrl": "http://ecx.images-amazon.com/images/I/31Qg%2BjeH5nL._SX300_.jpg", "price": 4.99, "numReviews": 5, "groups": [97], "averageRating": 5.0}, {"asin": "B00HL2F6JK", "name": "LB1 High Performance New Premium Tools Kit for Apple 13.3\" MacBook Air Notebook 4 GB Memory and 128 GB Solid State Drive Silver MD231LL/A Multipurpose 38-Piece Precision Screwdrivers Repair Tools Set", "imUrl": "http://ecx.images-amazon.com/images/I/51%2B2OaZRIrL._SX300_.jpg", "price": 19.95, "numReviews": 1, "groups": [98], "averageRating": 5.0}, {"asin": "B00008EM7V", "name": "Memtek 32020017474 Optifix Pro Optical Media Cleaning and Repair Kit", "imUrl": "http://ecx.images-amazon.com/images/I/51RZBNKMNYL._SY300_.jpg", "price": 24.69, "numReviews": 76, "groups": [99], "averageRating": 2.4473684210526314}, {"asin": "B007KFT23Y", "name": "USB Mini Vacuum Cleaner for PC Computer Notebook Laptop Plug And Play", "imUrl": "http://ecx.images-amazon.com/images/I/41DYTM3UudL._SY300_.jpg", "price": 7.12, "numReviews": 4, "groups": [100], "averageRating": 3.25}, {"asin": "B0042TLACM", "name": "KingWin 3 3/4-Inch x 6-Inch Anti-Static Bag (ATS-B46)", "imUrl": "http://ecx.images-amazon.com/images/I/5103m2qJfNL._SY300_.jpg", "price": 6.75, "numReviews": 4, "groups": [101], "averageRating": 4.5}, {"asin": "B007HKLOTC", "name": "280 Pcs New Laptop Screws Assortment Kit for IBM Hp Sony Dell Gateway Compaq", "imUrl": "http://ecx.images-amazon.com/images/I/51MukXVHfdL._SY300_.jpg", "price": 9.99, "numReviews": 19, "groups": [63], "averageRating": 4.2105263157894735}, {"asin": "B008JATJAA", "name": "Bluecell Black Color 1.5M Anti-Static Wrist Strap/Band with Adjustable Grounding for repair/maintenance", "imUrl": "http://ecx.images-amazon.com/images/I/31wW8a1yxuL.jpg", "price": 6.39, "numReviews": 9, "groups": [102], "averageRating": 4.111111111111111}, {"asin": "B0053DG32I", "name": "Repair Kit, Gateway FPD2275W LCD Monitor, Capacitors, Not the Entire Board", "imUrl": "http://ecx.images-amazon.com/images/I/51IUsh8Mj4L._SX300_.jpg", "price": 13.95, "numReviews": 11, "groups": [103], "averageRating": 4.909090909090909}, {"asin": "B005SCYK60", "name": "Syba 43 Piece PC Basic Maintenance Tool Kit with Chip Extractor and Wire Stripper (SY-ACC65051)", "imUrl": "http://ecx.images-amazon.com/images/I/519fGn46ZJL._SX300_.jpg", "price": 26.2, "numReviews": 4, "groups": [104], "averageRating": 4.75, "brand": "Syba"}, {"asin": "B007IQBO2C", "name": "New FOR MacBook Pro 13\" Unibody A1278 A1286 A1297 Bottom Screw Set Screws x10", "imUrl": "http://ecx.images-amazon.com/images/I/51Jpa7cWsKL._SX300_.jpg", "price": 0.47, "numReviews": 5, "groups": [105], "averageRating": 5.0}, {"asin": "B00260Q6B4", "name": "Century Duster Disposable Compressed Gas Duster for Computers, 10 Ounce (FALCDS2)", "imUrl": "http://ecx.images-amazon.com/images/I/51yDcdBUCQL._SY300_.jpg", "price": 9.71, "numReviews": 2, "groups": [106], "averageRating": 3.0, "brand": "Century Duster"}, {"asin": "B0000AZK4D", "name": "TRENDnet Punch Down Tool with 110 and Krone Blade, TC-PDT", "imUrl": "http://ecx.images-amazon.com/images/I/41eZxyTT5BL._SX300_.jpg", "price": 22.66, "numReviews": 95, "groups": [107], "averageRating": 4.631578947368421, "brand": "TRENDnet"}, {"asin": "B00D7VHSV8", "name": "USB Powered Keyboard Mini Vacuum Cleaner For PC Notebook Laptop Black", "imUrl": "http://ecx.images-amazon.com/images/I/41U2ruOgroL._SY300_.jpg", "price": 6.02, "numReviews": 2, "groups": [108], "averageRating": 2.5}, {"asin": "B009TU5R78", "name": "Matek: Mini Usb Vacuum Keyboard Cleaner For Pc Laptop Computer", "imUrl": "http://ecx.images-amazon.com/images/I/41UCkmuy-RL._SY300_.jpg", "price": 4.99, "numReviews": 1, "groups": [109], "averageRating": 2.0}, {"asin": "B00FS8ZYMS", "name": "Ollow Hollow (TM)Cool 2.4M Silicon Anti-Static Wrist Strap Grounding Cord with Adjustable Band Red by On'H", "imUrl": "http://ecx.images-amazon.com/images/I/51j08gMSI8L._SY300_.jpg", "price": 7.23, "numReviews": 3, "groups": [110], "averageRating": 4.666666666666667}, {"asin": "B00004Z6XS", "name": "Belkin 55-Piece Computer Tool Kit with Black Case", "imUrl": "http://ecx.images-amazon.com/images/I/51p4Ii1rtZL._SY300_.jpg", "price": 43.24, "numReviews": 132, "groups": [111], "averageRating": 4.143939393939394, "brand": "Belkin"}, {"asin": "B00639BOMK", "name": "Manhattan Air Duster (410632)", "imUrl": "http://ecx.images-amazon.com/images/I/412PzZ80tnL._SY300_.jpg", "price": 39.54, "numReviews": 1, "groups": [112], "averageRating": 4.0}, {"asin": "B00006HOE6", "name": "MAXELL DVD-335 DVD Scratch and Repair Kit (Discontinued by Manufacturer)", "imUrl": "http://ecx.images-amazon.com/images/I/51PCKQK13BL._SY300_.jpg", "price": 16.49, "numReviews": 3, "groups": [113], "averageRating": 1.6666666666666667}, {"asin": "B004N91PJO", "name": "Rosewill Premium Anti-Static Wrist Strap RTK-001", "imUrl": "http://ecx.images-amazon.com/images/I/41qQe369deL._SX300_.jpg", "price": 6.99, "numReviews": 7, "groups": [114], "averageRating": 4.142857142857143, "brand": "Rosewill"}, {"asin": "B00GAU2CC8", "name": "YKS New Mini USB Vacuum Keyboard Cleaner Dust Collector LAPTOP Computer", "imUrl": "http://ecx.images-amazon.com/images/I/41Oevl-cmxL._SY300_.jpg", "price": 2.85, "numReviews": 2, "groups": [115], "averageRating": 3.5, "brand": "YKS"}, {"asin": "B001LIKC4E", "name": "High Speed Mini Vacuum Cleaner For Notebook & PC USB Port", "imUrl": "http://ecx.images-amazon.com/images/I/41wP7AgGcqL._SY300_.jpg", "price": 7.22, "numReviews": 15, "groups": [116], "averageRating": 2.066666666666667}, {"asin": "B009XOOMLC", "name": "Gino Black Plastic Housing USB Mini Vacuum Cleaner for PC Laptop Keyboard", "imUrl": "http://ecx.images-amazon.com/images/I/41z%2ByQS5wxL._SY300_.jpg", "price": 4.01, "numReviews": 9, "groups": [117], "averageRating": 1.0, "brand": "Gino"}, {"asin": "B002ZXOXD0", "name": "Anti-Static Wrist Strap Grounding Cord with Adjustable Band - Maroon", "imUrl": "http://ecx.images-amazon.com/images/I/31T7Oj34%2BML._SX300_.jpg", "price": 4.99, "numReviews": 5, "groups": [118], "averageRating": 4.6}, {"asin": "B00004Z5VL", "name": "Seagate DAT 30-Pass Cleaning Cartridge 4MM for DAT Drives 1-Pack (Discontinued by Manufacturer)", "imUrl": "http://ecx.images-amazon.com/images/I/31BNBTJJjBL.jpg", "price": 3.59, "numReviews": 1, "groups": [119], "averageRating": 4.0, "brand": "Seagate"}, {"asin": "B0050BYT3S", "name": "Hewlett Packard Tape, 4mm DDS-1,2,3,4 Clng Cartridge C5709A", "imUrl": "http://ecx.images-amazon.com/images/I/41gjm4FWZyL._SY300_.jpg", "price": 11.32, "numReviews": 1, "groups": [120], "averageRating": 5.0}, {"asin": "B00870UBBI", "name": "Bluecell Repair Replacement Screws for Unibody Apple Macbook Regular White 13\" A1342 MC207 MB207 MC516 MB516 set of 8", "imUrl": "http://ecx.images-amazon.com/images/I/31UJ0I6IWML.jpg", "price": 1.27, "numReviews": 10, "groups": [121], "averageRating": 3.7}, {"asin": "B00FM58A7I", "name": "Ultra Duster Canned Air Net 10 Oz 6-Pack", "imUrl": "http://ecx.images-amazon.com/images/I/51csK8MuBVL._SX300_.jpg", "price": 15.59, "numReviews": 12, "groups": [122], "averageRating": 4.916666666666667}, {"asin": "B003A538Y2", "name": "USB Keyboard Vacuum Cleaner", "imUrl": "http://ecx.images-amazon.com/images/I/41gyTGU%2B1gL._SX300_.jpg", "price": 7.95, "numReviews": 2, "groups": [123], "averageRating": 1.0}, {"asin": "B00004Z62S", "name": "Belkin RJ45 Medium Duty Crimp Tool", "imUrl": "http://ecx.images-amazon.com/images/I/31JKIpVBrTL._SY300_.jpg", "price": 12.5, "numReviews": 44, "groups": [124], "averageRating": 3.9545454545454546}, {"asin": "B005HBEZYE", "name": "Syba Accessory Sy-Acc65047 50 Piece Computer Network Installation Tool Kit Retail", "imUrl": "http://ecx.images-amazon.com/images/I/31uJYqnda3L.jpg", "price": 42.92, "numReviews": 1, "groups": [125], "averageRating": 3.0, "brand": "Syba"}, {"asin": "B00004Z5D1", "name": "Belkin Anti-Static Wrist Band with Adjustable Grounding", "imUrl": "http://ecx.images-amazon.com/images/I/313JV514DWL._SX300_.jpg", "price": 6.89, "numReviews": 346, "groups": [126], "averageRating": 4.465317919075145}, {"asin": "B005UMF3E6", "name": "Endust Multi-Surface Electronics Anti-Static Cleaner - 12 Pack (096000P12)", "imUrl": "http://ecx.images-amazon.com/images/I/51Eet8Ecj1L._SX300_.jpg", "price": 59.99, "numReviews": 9, "groups": [127], "averageRating": 4.333333333333333}, {"asin": "B004E2RG34", "name": "Dust-Off Compressed Gas Duster Single 12 oz. can", "imUrl": "http://ecx.images-amazon.com/images/I/41qWMddt1HL._SY300_.jpg", "price": 8.87, "numReviews": 12, "groups": [128], "averageRating": 4.583333333333333, "brand": "Dust-Off"}, {"asin": "B00004Z5VS", "name": "Belkin F8E060 10-Piece Computer Tool Kit", "imUrl": "http://ecx.images-amazon.com/images/I/41ajZlelEmL._SY300_.jpg", "price": 13.5, "numReviews": 97, "groups": [129], "averageRating": 4.443298969072165, "brand": "Belkin"}, {"asin": "B000093B0A", "name": "Quantum 1pk VS160 80/160GB DLT-V4 160/320GB Tape Catridge (MR-V1MQN-01 )", "imUrl": "http://ecx.images-amazon.com/images/I/41PFLD1-X8L._SY300_.jpg", "price": 58.32, "numReviews": 1, "groups": [130], "averageRating": 3.0}, {"asin": "B000B8WG3A", "name": "GE 98156 Dust Remover Spray", "imUrl": "http://ecx.images-amazon.com/images/I/41LhY1YPhiL._SY300_.jpg", "price": 22.69, "numReviews": 2, "groups": [131], "averageRating": 4.0}, {"asin": "B0007LBON4", "name": "Falcon Dust-Off XL, Disposable 10 oz. Can DPSXL 2-Pack-Camera", "imUrl": "http://ecx.images-amazon.com/images/I/71W3mF6UdHL._SY300_.gif", "price": 6.99, "numReviews": 19, "groups": [132], "averageRating": 4.052631578947368}, {"asin": "B004N96WQ0", "name": "Rosewill Anti-Static Mat Components Other RTK-ASM Black, Ivory", "imUrl": "http://ecx.images-amazon.com/images/I/21CI51dqNcL._SX300_.jpg", "price": 18.4, "numReviews": 43, "groups": [133], "averageRating": 4.558139534883721, "brand": "Rosewill"}, {"asin": "B00GAXXPPS", "name": "MacBook Pro Unibody 13\" A1278 15\" A1286 17\" A1297 Bottom Case Screw Set of 10", "imUrl": "http://ecx.images-amazon.com/images/I/417gXKh4t%2BL._SY300_.jpg", "price": 3.49, "numReviews": 1, "groups": [134], "averageRating": 5.0}, {"asin": "B00812J122", "name": "CleanDr CO2 Air Duster (3010300) -", "imUrl": "http://ecx.images-amazon.com/images/I/31-Im5xP-HL.jpg", "price": 10.16, "numReviews": 1, "groups": [135], "averageRating": 5.0}, {"asin": "B007SS6128", "name": "HP Sony Dell IBM Lenovo Gateway Toshiba Acer Tablet Apple Mac Laptop Repair Tool", "imUrl": "http://ecx.images-amazon.com/images/I/51dRjfxFkGL._SX300_.jpg", "price": 1.76, "numReviews": 1, "groups": [136], "averageRating": 5.0}, {"asin": "B000BSJHXC", "name": "Case Fan Screws Steel (25 Pack)", "imUrl": "http://ecx.images-amazon.com/images/I/312FQ6MB56L.jpg", "price": 3.89, "numReviews": 8, "groups": [137], "averageRating": 4.75}, {"asin": "B00HC5NNDC", "name": "USB Mini Vacuum Keyboard Cleaner 1.10M Length For Laptop Computer PC", "imUrl": "http://ecx.images-amazon.com/images/I/41xtkb028aL._SY300_.jpg", "price": 4.39, "numReviews": 1, "groups": [138], "averageRating": 4.0}, {"asin": "B00006HPIN", "name": "Fellowes 100-Piece Computer Tool Kit, Black (49107)", "imUrl": "http://ecx.images-amazon.com/images/I/41BHY9297FL._SX300_.jpg", "price": 69.99, "numReviews": 35, "groups": [139], "averageRating": 3.7714285714285714, "brand": "Fellowes"}, {"asin": "B00G5YWOJU", "name": "Estone 800pcs Laptop Screws Set + Screwdriver For IBM Toshiba Sony Dell Samsung Lenovo", "imUrl": "http://ecx.images-amazon.com/images/I/51%2BzcpPolAL._SY300_.jpg", "price": 11.99, "numReviews": 12, "groups": [40], "averageRating": 4.25}, {"asin": "B00006B6P0", "name": "C2G / Cables to Go - 04613 - RJ45 Modular Crimp Tool", "imUrl": "http://ecx.images-amazon.com/images/I/31TY9r2zCDL._SY300_.jpg", "price": 17.23, "numReviews": 6, "groups": [140], "averageRating": 4.166666666666667, "brand": "C2G"}, {"asin": "B005GKW5S4", "name": "High Quality Chrome Computer Case Thumbscrews, 6-32 Thread (10-Pack)", "imUrl": "http://ecx.images-amazon.com/images/I/41xU4R8E0UL._SY300_.jpg", "price": 4.56, "numReviews": 6, "groups": [141], "averageRating": 4.666666666666667}, {"asin": "B005GKXAH4", "name": "Computer Case Thumbscrews - Black (10pack), 6-32 Thread Type", "imUrl": "http://ecx.images-amazon.com/images/I/41O7yYgJBVL.jpg", "price": 4.95, "numReviews": 1, "groups": [142], "averageRating": 5.0, "brand": ""}, {"asin": "B003QJGTWA", "name": "Rubber Fan Mount for Closed Corner Fans, Black, 4pcs", "imUrl": "http://ecx.images-amazon.com/images/I/31dws7Pi14L.jpg", "price": 2.49, "numReviews": 1, "groups": [143], "averageRating": 2.0}, {"asin": "B00529F3JW", "name": "EVERMARKET Mini Vacuum Cleaner", "imUrl": "http://ecx.images-amazon.com/images/I/51myz3MO9OL._SX300_.jpg", "price": 2.71, "numReviews": 103, "groups": [144], "averageRating": 2.1359223300970873}, {"asin": "B00AE0LFXC", "name": "Bluecell 4 Pcs of Blue Color 1.5M Anti-Static Wrist Strap/Band with Adjustable Grounding for repair/maintenance", "imUrl": "http://ecx.images-amazon.com/images/I/41jE0Q0sorL.jpg", "price": 3.99, "numReviews": 3, "groups": [145], "averageRating": 3.0}, {"asin": "B00BW3QQRA", "name": "24 Pack of M2 x 3mm Small Laptop Screws Black Zinc Laptop Machine Screw Phillips Head\u00e1/ This screw is used on every make and model of laptop, Dell, Toshiba, Hp, Compaq,Ibm,Fujitsu,Samsung,Medion,Acer,Sony,Apple,Alienware,Gateway,Lenovo,Asus,LG,NEC(Please note it will not replace all screws on your laptop, the small m2x3mm screw is used on most wifi cards,some screen brackets,some keyboards, and other components within your laptop, it does not replace every screw,it will not replace base-plastic screws which are normally 5 to 20 mm long, wont replace screen bezel screws which are normally 4-6mm long, please check with your service guide or email me if unsure about what you need. please dont purchase and then leave negative feedback because they dont fit.", "imUrl": "http://ecx.images-amazon.com/images/I/31jUEjp7HZL._SX300_.jpg", "price": 9.99, "numReviews": 5, "groups": [146], "averageRating": 4.4}, {"asin": "B001UHFSHM", "name": "IEssentials IEVAC USB Vacuum", "imUrl": "http://ecx.images-amazon.com/images/I/5171yhwtNuL._SY300_.jpg", "price": 9.95, "numReviews": 13, "groups": [147], "averageRating": 2.8461538461538463}, {"asin": "B002XIHQ90", "name": "ENDUST\u00ae for Electronics 100% Non-Flammable Twin Pack 10 oz Duster with Safety Bitterant 248050", "imUrl": "http://ecx.images-amazon.com/images/I/51oVCtLlDML._SY300_.jpg", "price": 15.88, "numReviews": 2, "groups": [148], "averageRating": 4.5}, {"asin": "B00BK6YSJ2", "name": "NEW iPhone 4 4S 5 Point Star Pentalobe Screwdriver #1", "imUrl": "http://ecx.images-amazon.com/images/I/21jHhckmVUL._SX300_.jpg", "price": 2.99, "numReviews": 1, "groups": [149], "averageRating": 4.0}, {"asin": "B009PPJM64", "name": "mSATA Screws, 2-Pack, Stainless Phillips Pan Machine Screws", "imUrl": "http://ecx.images-amazon.com/images/I/31F97P68IjL._SX300_.jpg", "price": 4.78, "numReviews": 1, "groups": [150], "averageRating": 3.0}, {"asin": "B00HJ9XAPW", "name": "LB1 High Performance New Mini Universal Tools Kit for Apple MacBook Laptop Battery Multipurpose 38-Piece Precision Screwdrivers Repair Tool Set", "imUrl": "http://ecx.images-amazon.com/images/I/51%2B2OaZRIrL._SX300_.jpg", "price": 24.95, "numReviews": 2, "groups": [151], "averageRating": 5.0}, {"asin": "B00008L3IO", "name": "Sony LTO CLEANING TAPE-ALL DRIVE MANF ( LTXCL )", "imUrl": "http://ecx.images-amazon.com/images/I/31ng07b3zFL.jpg", "price": 48.47, "numReviews": 3, "groups": [86, 152], "averageRating": 5.0, "brand": "Sony"}, {"asin": "B004I0HM4K", "name": "Cable N Wireless Laptop PC Computer Keyboard USB 2.0 Vaccum Cleaner with Brush (Green)", "imUrl": "http://ecx.images-amazon.com/images/I/41%2Bcvgv2mUL._SX300_.jpg", "price": 4.75, "numReviews": 1, "groups": [153], "averageRating": 1.0}, {"asin": "B0006SE5AW", "name": "Aleratec DVD/CD Disc Repair Plus Buffer Refill Kit", "imUrl": "http://ecx.images-amazon.com/images/I/414C4YbDiqL._SX300_.jpg", "price": 10.99, "numReviews": 14, "groups": [154], "averageRating": 3.7857142857142856}, {"asin": "B0006SE5AM", "name": "Aleratec DVD/CD Disc Repair Plus Repair Kit Refill", "imUrl": "http://ecx.images-amazon.com/images/I/41mYIxjBovL._SY300_.jpg", "price": 32.95, "numReviews": 10, "groups": [155], "averageRating": 3.7}, {"asin": "B0002KKIUA", "name": "Stoner 94203 GUST Easy Air Duster - 12 oz.", "imUrl": "http://ecx.images-amazon.com/images/I/41G7uXo%2BG5L._SY300_.jpg", "price": 6.63, "numReviews": 73, "groups": [156], "averageRating": 4.109589041095891, "brand": "Stoner"}, {"asin": "B007W538QO", "name": "Apple Macbook Pro A1260 Laptop Screw Set", "imUrl": "http://ecx.images-amazon.com/images/I/51Leaf7OR-L._SY300_.jpg", "price": 14.99, "numReviews": 1, "groups": [157], "averageRating": 5.0, "brand": "Apple"}, {"asin": "B00006HTBR", "name": "C2G / Cables to Go 19579 RJ11/RJ45 Crimping Tool with Cable StripperBlack/Blue", "imUrl": "http://ecx.images-amazon.com/images/I/414mJFY0PWL._SX300_.jpg", "price": 29.47, "numReviews": 11, "groups": [158], "averageRating": 4.545454545454546, "brand": "C2G"}, {"asin": "B0091IZ1ZG", "name": "Rosewill 1.0 mm Thickness 4U Rackmount, Black Metal/Steel RSV-L4500", "imUrl": "http://ecx.images-amazon.com/images/I/31PXHlPanPL._SX300_.jpg", "price": 109.99, "numReviews": 12, "groups": [91], "averageRating": 4.416666666666667, "brand": "Rosewill"}, {"asin": "B003N0X5WO", "name": "Endust 10 Oz Non-Flammable Duster with Bitterant (3 Pack)", "imUrl": "http://ecx.images-amazon.com/images/I/51lxG43wgRL._SY300_.jpg", "price": 35.22, "numReviews": 1, "groups": [159], "averageRating": 5.0}, {"asin": "B002ZB6LZA", "name": "Falcon Compressed Gas (152a) Disposable Cleaning Duster 4 Count, 10 oz. Can (DPSXL4T)", "imUrl": "http://ecx.images-amazon.com/images/I/51xcsnWvqIL._SY300_.jpg", "price": 22.69, "numReviews": 14, "groups": [160], "averageRating": 4.071428571428571, "brand": "Falcon"}, {"asin": "B005CBXXBU", "name": "Blue Anodized Aluminum PC Case Thumbscrews (Pack of 10)", "imUrl": "http://ecx.images-amazon.com/images/I/41QyrLPuBVL._SY300_.jpg", "price": 4.99, "numReviews": 8, "groups": [161], "averageRating": 4.625, "brand": ""}, {"asin": "B002GKC73U", "name": "Syba 11-Piece Computer Tool Kit SY-TOOLKIT-11", "imUrl": "http://ecx.images-amazon.com/images/I/51UI6yx-eZL._SY300_.jpg", "price": 9.98, "numReviews": 2, "groups": [162], "averageRating": 4.5}, {"asin": "B006ZBC5XS", "name": "Pittsburgh 16-in-1 Electronic Repair Kit", "imUrl": "http://ecx.images-amazon.com/images/I/310wK9nrYsL._SY300_.jpg", "price": 8.6, "numReviews": 1, "groups": [163], "averageRating": 1.0, "brand": "Pittsburgh"}, {"asin": "B00006OXGH", "name": "C2G / Cables to Go - 04607 - 110 and 88 Non Impact Punch Down Tool (Discontinued by Manufacturer)", "imUrl": "http://ecx.images-amazon.com/images/I/31cpAqjzyfL._SY300_.jpg", "price": 5.98, "numReviews": 1, "groups": [164], "averageRating": 4.0}, {"asin": "B002HEPF1Q", "name": "DELL Ultrium LTO Universal Cleaning Cartridge, Part # 01X024 for LTO-1, LTO-2, LTO-3, LTO-4 & LTO-5 Ultrium Drives", "imUrl": "http://ecx.images-amazon.com/images/I/51AZqQt1YtL._SY300_.jpg", "price": 41.99, "numReviews": 2, "groups": [165], "averageRating": 5.0}, {"asin": "B005SCYK6A", "name": "Syba 2 Piece Multi Network Cable Tester for RJ45, RJ-11, RJ-12, Coaxial, and Modular Cables (SY-ACC65050)", "imUrl": "http://ecx.images-amazon.com/images/I/410Ic7u8seL._SY300_.jpg", "price": 11.5, "numReviews": 24, "groups": [166], "averageRating": 4.291666666666667, "brand": "Syba"}, {"asin": "B00004Z5V4", "name": "Sony 4MM DDS Cleaning Cartridge for DDS/DDS2/DDS3 Drives (Discontinued by Manufacturer)", "imUrl": "http://ecx.images-amazon.com/images/I/31xkPEyMgmL.jpg", "price": 14.02, "numReviews": 2, "groups": [37], "averageRating": 5.0, "brand": "Sony"}, {"asin": "B004WLK4K4", "name": "RCA 10 Oz Canned Air (TPH303)", "imUrl": "http://ecx.images-amazon.com/images/I/31GLGh2IlHL._SY300_.jpg", "price": 7.0, "numReviews": 11, "groups": [167], "averageRating": 3.272727272727273, "brand": "RCA"}, {"asin": "B0042TJ7VI", "name": "KingWin 6-Inch x 8-Inch Anti Static Bag (ATS-B68)", "imUrl": "http://ecx.images-amazon.com/images/I/41iUsa1w9JL._SY300_.jpg", "price": 6.24, "numReviews": 19, "groups": [168], "averageRating": 4.842105263157895}, {"asin": "B00004Z6PM", "name": "Fellowes Premium 30 Piece Computer Tool Kit", "imUrl": "http://ecx.images-amazon.com/images/I/51E0HXXZ75L._SX300_.jpg", "price": 29.18, "numReviews": 8, "groups": [169], "averageRating": 4.375, "brand": "Fellowes"}, {"asin": "B00004Z60N", "name": "Maxell Hs-8/Cl 8MM Cleaning Cartridge (1-Pack, 20-Cleanings) (Discontinued by Manufacturer)", "imUrl": "http://ecx.images-amazon.com/images/I/31ig7tJVK-L._SX300_.jpg", "price": 5.0, "numReviews": 5, "groups": [170], "averageRating": 4.4, "brand": "Maxell"}, {"asin": "B00004Z5VN", "name": "Hewlett Packard Dds Tape Cleaning Cartridge (1-Pack, 50 Cleanings) (Discontinued by Manufacturer)", "imUrl": "http://ecx.images-amazon.com/images/I/41ie1L8A7AL._SX300_.jpg", "price": 8.84, "numReviews": 3, "groups": [120], "averageRating": 5.0}, {"asin": "B005Z5MVOI", "name": "922-8986 Screw for Macbook Pro Bottom Case Pack of 5", "imUrl": "http://ecx.images-amazon.com/images/I/21PbD3PTOCL._SX300_.jpg", "price": 1.99, "numReviews": 3, "groups": [171], "averageRating": 5.0}, {"asin": "B00BW3QHRO", "name": "24 Pack of Black Zinc Laptop Hard Drive Screws will fit nearly all makes and models of 2.5\" Ide & Sata Drives, Toshiba,Fujitsu, Ibm Travelstar, Seagate, Western Digital, Samsung, Generic. Size M3x3MM \\ PM3X3.0 \\ M3X3L by LaptopScrewsDirect", "imUrl": "http://ecx.images-amazon.com/images/I/31Met42cLnL._SX300_.jpg", "price": 3.29, "numReviews": 1, "groups": [172], "averageRating": 3.0}, {"asin": "B00DDPMPO8", "name": "Eathtek\u00ae New Macbook Pro Unibody 13\" A1278 15\" A1286 17\" A1297 Complete Bottom Case Screw Set Kit -10 PCS", "imUrl": "http://ecx.images-amazon.com/images/I/519m6FbYlSL._SX300_.jpg", "price": 5.0, "numReviews": 1, "groups": [173], "averageRating": 4.0}, {"asin": "B00DDPJT0G", "name": "Eathtek\u00ae Repair Replacement Screws for Unibody Apple Macbook Pro 13\" 15\" 17\" Set of 10", "imUrl": "http://ecx.images-amazon.com/images/I/519m6FbYlSL._SX300_.jpg", "price": 10.45, "numReviews": 1, "groups": [174], "averageRating": 5.0}, {"asin": "B000056NNB", "name": "Allsop CD Scratch Repair Kit (Discontinued by Manufacturer)", "imUrl": "http://ecx.images-amazon.com/images/I/51EW%2BH6ewCL._SY300_.jpg", "price": 16.49, "numReviews": 14, "groups": [175], "averageRating": 2.2857142857142856}, {"asin": "B000095JBE", "name": "QVS CA226 Computer Anti-Static Wrist Strap", "imUrl": "http://ecx.images-amazon.com/images/I/41Z8P53FF5L._SY300_.jpg", "price": 5.91, "numReviews": 10, "groups": [176], "averageRating": 4.2}, {"asin": "B000VYAJG0", "name": "Manhattan Tool Kit 13 Pieces (400077)", "imUrl": "http://ecx.images-amazon.com/images/I/51-USNevpZL._SX300_.jpg", "price": 15.46, "numReviews": 3, "groups": [177], "averageRating": 5.0}, {"asin": "B0062EFXVE", "name": "Sony DGD15CL 4mm Cleaning Cartridge Tape for DDS/DDS2/DDS3 Drives - 15m / 50ft - 1 cartridge", "imUrl": "http://ecx.images-amazon.com/images/I/31Nj0xzPhbL.jpg", "price": 19.94, "numReviews": 1, "groups": [178], "averageRating": 5.0}, {"asin": "B00005T3Z7", "name": "Endust for Electronics 4 oz Anti-Static Cleaning and Dusting Pump Spray 097000", "imUrl": "http://ecx.images-amazon.com/images/I/31AvPfuJAvL._SY300_.jpg", "price": 3.99, "numReviews": 29, "groups": [179], "averageRating": 4.241379310344827}, {"asin": "B0002UCEPC", "name": "Quantum LTO Ultrium x 1 - cleaning cartridge ( MR-LUCQN-01 )", "imUrl": "http://ecx.images-amazon.com/images/I/41%2B7EYc6BsL._SX300_.jpg", "price": 49.39, "numReviews": 6, "groups": [152, 180], "averageRating": 3.6666666666666665, "brand": "Quantum"}, {"asin": "B009JI6LXE", "name": "10 x Silver/Chrome Computer Case Thumbscrews (6-32 Thread) for Cover / Power Supply / PCI Slots / Hard Drives", "imUrl": "http://ecx.images-amazon.com/images/I/41doiLcynRL._SX300_.jpg", "price": 4.69, "numReviews": 5, "groups": [181], "averageRating": 5.0}, {"asin": "B00870W29C", "name": "Bluecell Repair Replacement HDD hard Drive Screws for Unibody Apple Macbook PRO A1278 A1286 A1297 set of 4", "imUrl": "http://ecx.images-amazon.com/images/I/31ilrjB87aL.jpg", "price": 0.99, "numReviews": 18, "groups": [182], "averageRating": 4.833333333333333}, {"asin": "B00GMAZQY2", "name": "Desktop Laptop Computer Keyboard USB 2.0 Vacuum Cleaner Duster Yellow", "imUrl": "http://ecx.images-amazon.com/images/I/31nH5fp%2BouL._SY300_.jpg", "price": 2.5, "numReviews": 1, "groups": [183], "averageRating": 3.0}, {"asin": "B0001NYK8O", "name": "StarTech.com 19-Piece Computer Tool Kit with Carrying Case (CTK500)", "imUrl": "http://ecx.images-amazon.com/images/I/518jkaczkKL._SY300_.jpg", "price": 30.5, "numReviews": 3, "groups": [184], "averageRating": 4.0, "brand": "StarTech"}, {"asin": "B004N8ZQKY", "name": "Rosewill RTK-002 Anti-Static Wrist Strap Components Black, Yellow", "imUrl": "http://ecx.images-amazon.com/images/I/41Gcv2mCiAL._SX300_.jpg", "price": 6.99, "numReviews": 57, "groups": [126], "averageRating": 4.701754385964913, "brand": "Rosewill"}, {"asin": "B005E2YF5A", "name": "Monoprice Punch-Down Impact Tool for 66 Type", "imUrl": "http://ecx.images-amazon.com/images/I/41eG6O9tkBL._SX300_.jpg", "price": 17.88, "numReviews": 1, "groups": [185], "averageRating": 4.0, "brand": "Monoprice"}, {"asin": "B004EXPKHW", "name": "Hornady One Shot Canned Air", "imUrl": "http://ecx.images-amazon.com/images/I/41r2KFKKU1L._SY300_.jpg", "price": 16.64, "numReviews": 12, "groups": [186], "averageRating": 3.4166666666666665, "brand": "Hornady", "salesRankCategory": "Sports & Outdoors", "salesRank": 836}, {"asin": "B008BR9CXU", "name": "Dust Extinguisher Mini Portable Vacuum Cleaner Remover Sucker", "imUrl": "http://ecx.images-amazon.com/images/I/41wckJCSWpL._SY300_.jpg", "price": 7.12, "numReviews": 1, "groups": [187], "averageRating": 1.0}, {"asin": "B00006HYZQ", "name": "HP LTO Ultrium Universal Cleaning Cartridge", "imUrl": "http://ecx.images-amazon.com/images/I/41AhaK0IITL._SX300_.jpg", "price": 52.84, "numReviews": 8, "groups": [180], "averageRating": 4.875, "brand": "HP"}, {"asin": "B0000A4128", "name": "HP C5709A 4mm DDS Cleaning Data Tape Cartridge", "imUrl": "http://ecx.images-amazon.com/images/I/41nB3O9JZFL._SX300_.jpg", "price": 10.25, "numReviews": 1, "groups": [120], "averageRating": 5.0, "brand": "HP"}, {"asin": "B00AM9WK8E", "name": "Mini USB Vacuum Keyboard Cleaner Brush For PC Laptop Computer Air Fans Monitor Green", "imUrl": "http://ecx.images-amazon.com/images/I/41YHin5-VqL._SY300_.jpg", "price": 7.19, "numReviews": 1, "groups": [188], "averageRating": 1.0}, {"asin": "B003E7LNU2", "name": "Maxell 190026 Blast Away Canned Air 154a Formula, 2 Pack", "imUrl": "http://ecx.images-amazon.com/images/I/51FBXKa6sOL._SY300_.jpg", "price": 13.08, "numReviews": 28, "groups": [189], "averageRating": 4.107142857142857, "brand": "Maxell"}, {"asin": "B00HPVOVWU", "name": "3CLeader\u00ae Repair Replacement Screws For Unibody Macbook Pro Retina 15\" A1398 2012 MC975 MC976 Bottom Case Set of 10", "imUrl": "http://ecx.images-amazon.com/images/I/41mjx7xiYSL._SX300_.jpg", "price": 2.85, "numReviews": 1, "groups": [190], "averageRating": 5.0, "brand": "3CLeader"}, {"asin": "B00774QA3S", "name": "Portable USB Computer Laptop Yellow Mini Keyboard Vacuum Dust Collector Cleaner HK", "imUrl": "http://ecx.images-amazon.com/images/I/41qXO5vEplL._SX300_.jpg", "price": 6.04, "numReviews": 3, "groups": [191], "averageRating": 3.3333333333333335}], "links": [{"source": 0, "target": 133, "right": true, "left": false, "value": 1}, {"source": 1, "target": 160, "right": false, "left": true, "value": 1}, {"source": 1, "target": 53, "right": true, "left": false, "value": 1}, {"source": 2, "target": 13, "right": true, "left": false, "value": 1}, {"source": 2, "target": 190, "right": true, "left": false, "value": 1}, {"source": 3, "target": 149, "right": true, "left": false, "value": 1}, {"source": 4, "target": 41, "right": false, "left": true, "value": 1}, {"source": 5, "target": 89, "right": false, "left": true, "value": 1}, {"source": 6, "target": 16, "right": false, "left": true, "value": 1}, {"source": 7, "target": 157, "right": true, "left": false, "value": 1}, {"source": 8, "target": 172, "right": true, "left": false, "value": 1}, {"source": 9, "target": 137, "right": true, "left": false, "value": 1}, {"source": 9, "target": 130, "right": true, "left": false, "value": 1}, {"source": 9, "target": 193, "right": true, "left": false, "value": 1}, {"source": 10, "target": 166, "right": true, "left": false, "value": 1}, {"source": 10, "target": 135, "right": false, "left": true, "value": 1}, {"source": 10, "target": 80, "right": true, "left": false, "value": 1}, {"source": 10, "target": 59, "right": true, "left": false, "value": 1}, {"source": 10, "target": 126, "right": true, "left": false, "value": 1}, {"source": 11, "target": 149, "right": true, "left": false, "value": 1}, {"source": 12, "target": 80, "right": true, "left": false, "value": 1}, {"source": 12, "target": 50, "right": true, "left": false, "value": 1}, {"source": 13, "target": 65, "right": true, "left": true, "value": 1}, {"source": 13, "target": 162, "right": false, "left": true, "value": 1}, {"source": 13, "target": 40, "right": false, "left": true, "value": 1}, {"source": 13, "target": 201, "right": false, "left": true, "value": 1}, {"source": 13, "target": 138, "right": false, "left": true, "value": 1}, {"source": 13, "target": 109, "right": false, "left": true, "value": 1}, {"source": 13, "target": 20, "right": false, "left": true, "value": 1}, {"source": 13, "target": 181, "right": false, "left": true, "value": 1}, {"source": 13, "target": 182, "right": false, "left": true, "value": 1}, {"source": 13, "target": 125, "right": false, "left": true, "value": 1}, {"source": 13, "target": 95, "right": false, "left": true, "value": 1}, {"source": 14, "target": 154, "right": false, "left": true, "value": 1}, {"source": 15, "target": 137, "right": true, "left": false, "value": 1}, {"source": 15, "target": 130, "right": true, "left": false, "value": 1}, {"source": 17, "target": 148, "right": false, "left": true, "value": 1}, {"source": 18, "target": 83, "right": true, "left": true, "value": 1}, {"source": 18, "target": 189, "right": false, "left": true, "value": 1}, {"source": 18, "target": 23, "right": false, "left": true, "value": 1}, {"source": 19, "target": 48, "right": false, "left": true, "value": 1}, {"source": 19, "target": 64, "right": false, "left": true, "value": 1}, {"source": 19, "target": 149, "right": true, "left": false, "value": 1}, {"source": 21, "target": 66, "right": true, "left": false, "value": 1}, {"source": 22, "target": 71, "right": true, "left": false, "value": 1}, {"source": 23, "target": 83, "right": true, "left": false, "value": 1}, {"source": 23, "target": 60, "right": true, "left": false, "value": 1}, {"source": 24, "target": 67, "right": false, "left": true, "value": 1}, {"source": 24, "target": 142, "right": false, "left": true, "value": 1}, {"source": 24, "target": 112, "right": false, "left": true, "value": 1}, {"source": 24, "target": 84, "right": false, "left": true, "value": 1}, {"source": 24, "target": 149, "right": true, "left": false, "value": 1}, {"source": 24, "target": 121, "right": true, "left": false, "value": 1}, {"source": 25, "target": 74, "right": false, "left": true, "value": 1}, {"source": 25, "target": 149, "right": true, "left": false, "value": 1}, {"source": 26, "target": 80, "right": true, "left": false, "value": 1}, {"source": 26, "target": 50, "right": true, "left": false, "value": 1}, {"source": 26, "target": 59, "right": true, "left": false, "value": 1}, {"source": 27, "target": 80, "right": true, "left": false, "value": 1}, {"source": 27, "target": 50, "right": true, "left": false, "value": 1}, {"source": 27, "target": 66, "right": true, "left": false, "value": 1}, {"source": 27, "target": 200, "right": true, "left": false, "value": 1}, {"source": 28, "target": 89, "right": false, "left": true, "value": 1}, {"source": 28, "target": 110, "right": false, "left": true, "value": 1}, {"source": 29, "target": 193, "right": true, "left": false, "value": 1}, {"source": 29, "target": 130, "right": true, "left": false, "value": 1}, {"source": 30, "target": 141, "right": true, "left": false, "value": 1}, {"source": 31, "target": 139, "right": false, "left": true, "value": 1}, {"source": 31, "target": 116, "right": false, "left": true, "value": 1}, {"source": 32, "target": 128, "right": false, "left": true, "value": 1}, {"source": 32, "target": 129, "right": false, "left": true, "value": 1}, {"source": 32, "target": 99, "right": false, "left": true, "value": 1}, {"source": 32, "target": 163, "right": false, "left": true, "value": 1}, {"source": 32, "target": 69, "right": false, "left": true, "value": 1}, {"source": 32, "target": 145, "right": false, "left": true, "value": 1}, {"source": 32, "target": 57, "right": false, "left": true, "value": 1}, {"source": 33, "target": 188, "right": true, "left": false, "value": 1}, {"source": 33, "target": 157, "right": true, "left": false, "value": 1}, {"source": 34, "target": 188, "right": true, "left": false, "value": 1}, {"source": 35, "target": 60, "right": true, "left": false, "value": 1}, {"source": 36, "target": 107, "right": false, "left": true, "value": 1}, {"source": 37, "target": 178, "right": true, "left": false, "value": 1}, {"source": 37, "target": 123, "right": true, "left": false, "value": 1}, {"source": 37, "target": 173, "right": true, "left": true, "value": 1}, {"source": 38, "target": 146, "right": true, "left": false, "value": 1}, {"source": 39, "target": 144, "right": true, "left": true, "value": 1}, {"source": 39, "target": 78, "right": true, "left": true, "value": 1}, {"source": 39, "target": 62, "right": true, "left": true, "value": 1}, {"source": 39, "target": 105, "right": false, "left": true, "value": 1}, {"source": 40, "target": 75, "right": false, "left": true, "value": 1}, {"source": 40, "target": 95, "right": true, "left": true, "value": 1}, {"source": 42, "target": 130, "right": true, "left": false, "value": 1}, {"source": 43, "target": 188, "right": true, "left": false, "value": 1}, {"source": 43, "target": 157, "right": true, "left": false, "value": 1}, {"source": 44, "target": 144, "right": true, "left": false, "value": 1}, {"source": 44, "target": 105, "right": true, "left": false, "value": 1}, {"source": 45, "target": 72, "right": true, "left": false, "value": 1}, {"source": 45, "target": 105, "right": true, "left": false, "value": 1}, {"source": 45, "target": 144, "right": true, "left": false, "value": 1}, {"source": 46, "target": 134, "right": true, "left": false, "value": 1}, {"source": 47, "target": 80, "right": true, "left": false, "value": 1}, {"source": 47, "target": 59, "right": true, "left": false, "value": 1}, {"source": 49, "target": 117, "right": false, "left": true, "value": 1}, {"source": 49, "target": 183, "right": false, "left": true, "value": 1}, {"source": 50, "target": 200, "right": false, "left": true, "value": 1}, {"source": 50, "target": 187, "right": false, "left": true, "value": 1}, {"source": 50, "target": 110, "right": false, "left": true, "value": 1}, {"source": 50, "target": 174, "right": false, "left": true, "value": 1}, {"source": 50, "target": 51, "right": false, "left": true, "value": 1}, {"source": 50, "target": 89, "right": false, "left": true, "value": 1}, {"source": 50, "target": 63, "right": false, "left": true, "value": 1}, {"source": 51, "target": 58, "right": true, "left": false, "value": 1}, {"source": 52, "target": 80, "right": true, "left": false, "value": 1}, {"source": 52, "target": 161, "right": true, "left": false, "value": 1}, {"source": 52, "target": 98, "right": false, "left": true, "value": 1}, {"source": 52, "target": 153, "right": false, "left": true, "value": 1}, {"source": 53, "target": 160, "right": false, "left": true, "value": 1}, {"source": 53, "target": 102, "right": false, "left": true, "value": 1}, {"source": 53, "target": 159, "right": false, "left": true, "value": 1}, {"source": 54, "target": 121, "right": true, "left": false, "value": 1}, {"source": 55, "target": 115, "right": true, "left": false, "value": 1}, {"source": 55, "target": 71, "right": true, "left": false, "value": 1}, {"source": 56, "target": 152, "right": true, "left": false, "value": 1}, {"source": 56, "target": 121, "right": true, "left": false, "value": 1}, {"source": 58, "target": 98, "right": false, "left": true, "value": 1}, {"source": 58, "target": 139, "right": false, "left": true, "value": 1}, {"source": 60, "target": 167, "right": false, "left": true, "value": 1}, {"source": 60, "target": 146, "right": false, "left": true, "value": 1}, {"source": 60, "target": 83, "right": true, "left": true, "value": 1}, {"source": 60, "target": 147, "right": false, "left": true, "value": 1}, {"source": 60, "target": 189, "right": false, "left": true, "value": 1}, {"source": 61, "target": 188, "right": true, "left": false, "value": 1}, {"source": 62, "target": 144, "right": true, "left": true, "value": 1}, {"source": 62, "target": 105, "right": true, "left": true, "value": 1}, {"source": 62, "target": 78, "right": true, "left": true, "value": 1}, {"source": 63, "target": 80, "right": true, "left": false, "value": 1}, {"source": 63, "target": 132, "right": true, "left": false, "value": 1}, {"source": 65, "target": 162, "right": false, "left": true, "value": 1}, {"source": 65, "target": 201, "right": false, "left": true, "value": 1}, {"source": 65, "target": 138, "right": false, "left": true, "value": 1}, {"source": 65, "target": 109, "right": false, "left": true, "value": 1}, {"source": 65, "target": 179, "right": false, "left": true, "value": 1}, {"source": 65, "target": 182, "right": false, "left": true, "value": 1}, {"source": 65, "target": 190, "right": false, "left": true, "value": 1}, {"source": 67, "target": 202, "right": false, "left": true, "value": 1}, {"source": 67, "target": 149, "right": true, "left": false, "value": 1}, {"source": 67, "target": 158, "right": false, "left": true, "value": 1}, {"source": 68, "target": 149, "right": true, "left": false, "value": 1}, {"source": 69, "target": 128, "right": true, "left": false, "value": 1}, {"source": 70, "target": 149, "right": true, "left": false, "value": 1}, {"source": 71, "target": 192, "right": false, "left": true, "value": 1}, {"source": 71, "target": 108, "right": false, "left": true, "value": 1}, {"source": 71, "target": 176, "right": false, "left": true, "value": 1}, {"source": 71, "target": 115, "right": true, "left": false, "value": 1}, {"source": 71, "target": 92, "right": false, "left": true, "value": 1}, {"source": 72, "target": 144, "right": true, "left": false, "value": 1}, {"source": 72, "target": 105, "right": true, "left": false, "value": 1}, {"source": 72, "target": 151, "right": true, "left": false, "value": 1}, {"source": 73, "target": 125, "right": true, "left": false, "value": 1}, {"source": 74, "target": 121, "right": true, "left": false, "value": 1}, {"source": 75, "target": 95, "right": true, "left": false, "value": 1}, {"source": 76, "target": 173, "right": true, "left": false, "value": 1}, {"source": 77, "target": 130, "right": true, "left": false, "value": 1}, {"source": 78, "target": 144, "right": true, "left": false, "value": 1}, {"source": 78, "target": 105, "right": true, "left": false, "value": 1}, {"source": 79, "target": 121, "right": true, "left": false, "value": 1}, {"source": 80, "target": 131, "right": false, "left": true, "value": 1}, {"source": 80, "target": 135, "right": false, "left": true, "value": 1}, {"source": 80, "target": 136, "right": false, "left": true, "value": 1}, {"source": 80, "target": 200, "right": false, "left": true, "value": 1}, {"source": 80, "target": 187, "right": false, "left": true, "value": 1}, {"source": 80, "target": 110, "right": false, "left": true, "value": 1}, {"source": 80, "target": 174, "right": false, "left": true, "value": 1}, {"source": 81, "target": 137, "right": true, "left": false, "value": 1}, {"source": 81, "target": 130, "right": true, "left": false, "value": 1}, {"source": 81, "target": 193, "right": true, "left": false, "value": 1}, {"source": 82, "target": 193, "right": true, "left": false, "value": 1}, {"source": 82, "target": 130, "right": true, "left": false, "value": 1}, {"source": 83, "target": 167, "right": false, "left": true, "value": 1}, {"source": 83, "target": 147, "right": false, "left": true, "value": 1}, {"source": 84, "target": 149, "right": true, "left": false, "value": 1}, {"source": 85, "target": 146, "right": true, "left": false, "value": 1}, {"source": 85, "target": 167, "right": true, "left": false, "value": 1}, {"source": 86, "target": 91, "right": true, "left": false, "value": 1}, {"source": 87, "target": 172, "right": true, "left": false, "value": 1}, {"source": 88, "target": 197, "right": true, "left": false, "value": 1}, {"source": 88, "target": 171, "right": false, "left": true, "value": 1}, {"source": 88, "target": 188, "right": true, "left": false, "value": 1}, {"source": 88, "target": 157, "right": true, "left": true, "value": 1}, {"source": 90, "target": 110, "right": false, "left": true, "value": 1}, {"source": 90, "target": 135, "right": false, "left": true, "value": 1}, {"source": 92, "target": 115, "right": true, "left": false, "value": 1}, {"source": 93, "target": 164, "right": true, "left": true, "value": 1}, {"source": 94, "target": 105, "right": true, "left": false, "value": 1}, {"source": 96, "target": 177, "right": true, "left": false, "value": 1}, {"source": 97, "target": 105, "right": true, "left": false, "value": 1}, {"source": 97, "target": 151, "right": true, "left": false, "value": 1}, {"source": 99, "target": 172, "right": true, "left": false, "value": 1}, {"source": 100, "target": 193, "right": true, "left": false, "value": 1}, {"source": 100, "target": 106, "right": true, "left": false, "value": 1}, {"source": 100, "target": 130, "right": true, "left": false, "value": 1}, {"source": 101, "target": 156, "right": false, "left": true, "value": 1}, {"source": 103, "target": 152, "right": true, "left": false, "value": 1}, {"source": 103, "target": 149, "right": true, "left": false, "value": 1}, {"source": 104, "target": 175, "right": true, "left": false, "value": 1}, {"source": 105, "target": 151, "right": false, "left": true, "value": 1}, {"source": 106, "target": 193, "right": true, "left": false, "value": 1}, {"source": 106, "target": 130, "right": true, "left": false, "value": 1}, {"source": 108, "target": 115, "right": true, "left": false, "value": 1}, {"source": 109, "target": 138, "right": true, "left": false, "value": 1}, {"source": 109, "target": 179, "right": false, "left": true, "value": 1}, {"source": 109, "target": 181, "right": false, "left": true, "value": 1}, {"source": 111, "target": 194, "right": false, "left": true, "value": 1}, {"source": 111, "target": 170, "right": false, "left": true, "value": 1}, {"source": 112, "target": 121, "right": true, "left": false, "value": 1}, {"source": 112, "target": 152, "right": true, "left": false, "value": 1}, {"source": 113, "target": 149, "right": true, "left": false, "value": 1}, {"source": 114, "target": 137, "right": true, "left": false, "value": 1}, {"source": 114, "target": 130, "right": true, "left": false, "value": 1}, {"source": 114, "target": 193, "right": true, "left": false, "value": 1}, {"source": 115, "target": 143, "right": false, "left": true, "value": 1}, {"source": 115, "target": 176, "right": false, "left": true, "value": 1}, {"source": 118, "target": 193, "right": true, "left": false, "value": 1}, {"source": 118, "target": 130, "right": true, "left": false, "value": 1}, {"source": 119, "target": 149, "right": true, "left": false, "value": 1}, {"source": 119, "target": 142, "right": true, "left": false, "value": 1}, {"source": 119, "target": 191, "right": false, "left": true, "value": 1}, {"source": 120, "target": 149, "right": true, "left": false, "value": 1}, {"source": 121, "target": 199, "right": false, "left": true, "value": 1}, {"source": 121, "target": 149, "right": true, "left": false, "value": 1}, {"source": 121, "target": 127, "right": false, "left": true, "value": 1}, {"source": 122, "target": 193, "right": true, "left": false, "value": 1}, {"source": 123, "target": 178, "right": true, "left": false, "value": 1}, {"source": 124, "target": 178, "right": true, "left": true, "value": 1}, {"source": 124, "target": 173, "right": false, "left": true, "value": 1}, {"source": 124, "target": 198, "right": true, "left": true, "value": 1}, {"source": 127, "target": 152, "right": true, "left": false, "value": 1}, {"source": 130, "target": 193, "right": true, "left": true, "value": 1}, {"source": 130, "target": 168, "right": false, "left": true, "value": 1}, {"source": 130, "target": 150, "right": false, "left": true, "value": 1}, {"source": 130, "target": 184, "right": false, "left": true, "value": 1}, {"source": 130, "target": 185, "right": false, "left": true, "value": 1}, {"source": 132, "target": 136, "right": false, "left": true, "value": 1}, {"source": 132, "target": 200, "right": false, "left": true, "value": 1}, {"source": 133, "target": 169, "right": false, "left": true, "value": 1}, {"source": 133, "target": 185, "right": false, "left": true, "value": 1}, {"source": 133, "target": 168, "right": false, "left": true, "value": 1}, {"source": 136, "target": 195, "right": true, "left": false, "value": 1}, {"source": 136, "target": 166, "right": true, "left": false, "value": 1}, {"source": 137, "target": 193, "right": true, "left": false, "value": 1}, {"source": 137, "target": 150, "right": false, "left": true, "value": 1}, {"source": 137, "target": 184, "right": false, "left": true, "value": 1}, {"source": 140, "target": 144, "right": true, "left": false, "value": 1}, {"source": 144, "target": 151, "right": false, "left": true, "value": 1}, {"source": 146, "target": 167, "right": false, "left": true, "value": 1}, {"source": 146, "target": 189, "right": false, "left": true, "value": 1}, {"source": 149, "target": 196, "right": false, "left": true, "value": 1}, {"source": 149, "target": 152, "right": false, "left": true, "value": 1}, {"source": 149, "target": 158, "right": false, "left": true, "value": 1}, {"source": 149, "target": 191, "right": false, "left": true, "value": 1}, {"source": 150, "target": 193, "right": true, "left": false, "value": 1}, {"source": 151, "target": 180, "right": false, "left": true, "value": 1}, {"source": 151, "target": 155, "right": false, "left": true, "value": 1}, {"source": 153, "target": 165, "right": false, "left": true, "value": 1}, {"source": 157, "target": 197, "right": false, "left": true, "value": 1}, {"source": 157, "target": 171, "right": false, "left": true, "value": 1}, {"source": 157, "target": 188, "right": true, "left": true, "value": 1}, {"source": 171, "target": 197, "right": true, "left": false, "value": 1}, {"source": 171, "target": 188, "right": true, "left": false, "value": 1}, {"source": 173, "target": 178, "right": false, "left": true, "value": 1}, {"source": 173, "target": 186, "right": false, "left": true, "value": 1}, {"source": 174, "target": 195, "right": true, "left": false, "value": 1}, {"source": 178, "target": 198, "right": true, "left": true, "value": 1}, {"source": 188, "target": 197, "right": true, "left": true, "value": 1}, {"source": 195, "target": 200, "right": false, "left": true, "value": 1}]}