{"nodes": [{"asin": "B003LR5HRK", "name": "Samsung BN59-01041A Remote Control", "imUrl": "http://ecx.images-amazon.com/images/I/41wTiOTu4aL._SY300_.jpg", "price": 16.74, "numReviews": 182, "groups": [0], "averageRating": 4.543956043956044, "brand": "Samsung"}, {"asin": "B007XIWKGE", "name": "NEW Samsung HDTV LCD LED TV Remote Control BN59-00997A Supplied with models: LN19C450 LN22C450 LN26C450 LN32C450 PL42C430 PL42C450 PN42C430 PN42C450 PN50C430 PN50C450 LN32B550 LN32B640 LN37B550 LN40B550 LN40B610 LN46B550 LN46B610 LN52B550 LN52B610 PN50B550 PN50B560 PN58B550 PN58B560 PN63B550 PN63B590 LN40B650 LN46B650 LN55B650 PN50B650 PN58B650 UN40B6000VF UN46B6000VF UN55B6000VF UN40B6000 UN46B6000 UN55B6000 Also operates ALL late model Samsung TV's.", "imUrl": "http://ecx.images-amazon.com/images/I/51GzdhqhMTL._SX300_.jpg", "price": 8.95, "numReviews": 19, "groups": [1], "averageRating": 4.684210526315789, "brand": "Samsung"}, {"asin": "B0029U0HWU", "name": "BN59-00700A, Samsung Original Remote Control for", "imUrl": "http://ecx.images-amazon.com/images/I/41hc5dw%2BOYL._SY300_.jpg", "price": 9.3, "numReviews": 2, "groups": [2], "averageRating": 5.0}, {"asin": "B00AO7EY4C", "name": "Samsung AA59-00666A Remote Transmitter,", "imUrl": "http://ecx.images-amazon.com/images/I/41Lh-ijz3pL._SY300_.jpg", "price": 13.85, "numReviews": 4, "groups": [3], "averageRating": 5.0, "brand": "Samsung"}, {"asin": "B0002KH4UC", "name": "Samsung TV Remote Control", "imUrl": "http://ecx.images-amazon.com/images/I/31RK95NXQ3L._SY300_.jpg", "price": 24.5, "numReviews": 6, "groups": [4], "averageRating": 3.8333333333333335}, {"asin": "B00CJ8KTSE", "name": "NEW Vizio 3D TV dual side keyboard QWERTY Remote Control XRT301 XRT303----M-GO/Netflix/amazon/ 3D Key", "imUrl": "http://ecx.images-amazon.com/images/I/51ijIZxD59L._SX300_.jpg", "price": 16.48, "numReviews": 2, "groups": [5], "averageRating": 4.0}, {"asin": "B00DEE2X1S", "name": "BRAND NEW Original PHILIPS TV REMOTE for 32PFL3504D/F7 19PFL3504D 32PFL3514D 22PFL3504 42PFL370 32PFL3504D/F7 19PFL3504D/F7 42PFL3704D/F7 22PFL3504D/F7 32PFL3514D/F7 42PFL7603 42PFL7603D/27 47PFL7603 42PFL7603, 42PFL7603D/27, 42PFL7603D/F7, 42PFL7603D27, 42PFL7603DF7, 47PFL7603, 47PFL7603D/27, 47PFL7603D/F7, 47PFL7603D27, 47PFL7603DF7", "imUrl": "http://ecx.images-amazon.com/images/I/41YgL01o8aL._SY300_.jpg", "price": 15.57, "numReviews": 5, "groups": [6], "averageRating": 4.8}, {"asin": "B003EYV22O", "name": "One For All OARN03S 3 Device Remote (Black)", "imUrl": "http://ecx.images-amazon.com/images/I/31eLV0hEqUL._SY300_.jpg", "price": 9.98, "numReviews": 81, "groups": [7], "averageRating": 3.7160493827160495, "brand": "One For All"}, {"asin": "B008MF3GVA", "name": "RCA RCRC36BGR Combo Pack with 6 and 3 Function Univerasal Remote Control", "imUrl": "http://ecx.images-amazon.com/images/I/41ES01VXeHL._SY300_.jpg", "price": 7.98, "numReviews": 21, "groups": [8], "averageRating": 4.0476190476190474, "brand": "RCA"}, {"asin": "B00001W0DN", "name": "Sony RM-V701 8-in-1 Universal Audio/Video Remote (Discontinued by Manufacturer)", "imUrl": "http://ecx.images-amazon.com/images/I/11322YKKJ3L.jpg", "price": 10.49, "numReviews": 9, "groups": [9], "averageRating": 2.3333333333333335}, {"asin": "B009H5PBIU", "name": "SONY Replacement Remote Control for DAVDX250, 147922311, HCDDZ100, RMADU001, DAVDX150", "imUrl": "http://ecx.images-amazon.com/images/I/41uCNCIHkUL._SY300_.jpg", "price": 44.95, "numReviews": 1, "groups": [10], "averageRating": 4.0}, {"asin": "B009H5QEKO", "name": "SONY Replacement Remote Control for RMADP057, BDVE580, BDVT58, 148943811, BDVE280", "imUrl": "http://ecx.images-amazon.com/images/I/41AzOv-zSUL._SY300_.jpg", "price": 29.03, "numReviews": 1, "groups": [11], "averageRating": 4.0}, {"asin": "B001H7RJMW", "name": "LG Electronics/Zenith LG ELECTRONICS/ZENITH AKB36157102 REMOTE CONTROL", "imUrl": "http://ecx.images-amazon.com/images/I/31VT2ScxBkL.jpg", "price": 10.36, "numReviews": 63, "groups": [12], "averageRating": 4.7936507936507935}, {"asin": "B001YI26P4", "name": "Remote Commander", "imUrl": "http://ecx.images-amazon.com/images/I/31IodYztmqL._SY300_.jpg", "price": 16.43, "numReviews": 3, "groups": [13], "averageRating": 5.0}, {"asin": "B003ZXGNFA", "name": "Sony RM-KZ1 Universal Children's Remote Control", "imUrl": "http://ecx.images-amazon.com/images/I/412b7rh5xPL._SY300_.jpg", "price": 9.15, "numReviews": 193, "groups": [14], "averageRating": 4.160621761658031, "brand": "Sony"}, {"asin": "B00ASVWA68", "name": "BRAND NEW Original VIZIO XRT010 Remote E320VT E370VT E420VT E240AR E320AR E420AR E500AR E370VP E420VP E420VSE E390VL E322MV E321VT E321ME E321MV E191VA E221VA E261VA LCD TV", "imUrl": "http://ecx.images-amazon.com/images/I/41k07p4ZWWL._SX300_.jpg", "price": 6.08, "numReviews": 5, "groups": [15], "averageRating": 2.6, "brand": "VIZIO"}, {"asin": "B001905C62", "name": "Vizio VIZIO 0980-0304-9160 (VR1) REMOTE CONTROL", "imUrl": "http://ecx.images-amazon.com/images/I/21MB8xK8dBL.jpg", "price": 16.3, "numReviews": 137, "groups": [16], "averageRating": 4.671532846715328, "brand": "VIZIO"}, {"asin": "B00A0LVIMI", "name": "New Vizio VR10 Remote for M260VA M320VA M220VA M190VA E190VA E220VA E260VA E261V", "imUrl": "http://ecx.images-amazon.com/images/I/4136ZUSruBL._SY300_.jpg", "price": 6.8, "numReviews": 33, "groups": [17], "averageRating": 4.636363636363637}, {"asin": "B00BTFHOI6", "name": "New VIZIO dual side keyboard Internet remote for M470VSE M650VSE M550VSE E420i-A1 E500i-A1 E601i-A3 E470i-A0 M420KD---30 days warranty!", "imUrl": "http://ecx.images-amazon.com/images/I/51zTCv49cDL._SY300_.jpg", "price": 19.33, "numReviews": 21, "groups": [18], "averageRating": 4.666666666666667, "brand": "VIZIO"}, {"asin": "B001DE8TU0", "name": "Sony SONY 147833711 REMOTE CONTROL (REMOTE NUMBER RM-Y914)", "imUrl": "http://ecx.images-amazon.com/images/I/41fsBGTMl-L._SY300_.jpg", "price": 14.99, "numReviews": 11, "groups": [19], "averageRating": 4.909090909090909, "brand": "Sony"}, {"asin": "B000FCP1PM", "name": "RCA 6-DEVICE Remote Control (Discontinued by Manufacturer)", "imUrl": "http://ecx.images-amazon.com/images/I/41SHIyh9YpL._SY300_.jpg", "price": 24.99, "numReviews": 3, "groups": [20], "averageRating": 2.0, "brand": "RCA"}, {"asin": "B00BTFGOHS", "name": "New VIZIO dual side keyboard Internet remote---for VIZIO M420SL M470SL M550SL E701i-A3 601i-A3----30 days Warranty!", "imUrl": "http://ecx.images-amazon.com/images/I/51zTCv49cDL._SY300_.jpg", "price": 19.37, "numReviews": 2, "groups": [21], "averageRating": 4.5}, {"asin": "B003DNS88M", "name": "Philips Prestigo SRU6006/27 Universal 6-In-1 Remote Control", "imUrl": "http://ecx.images-amazon.com/images/I/31thlSNuCRL._SY300_.jpg", "price": 37.62, "numReviews": 26, "groups": [22], "averageRating": 3.576923076923077}, {"asin": "B003EYV22E", "name": "One For All OARN04S 4 Device Remote Black", "imUrl": "http://ecx.images-amazon.com/images/I/41UnOWoCVyL._SY300_.jpg", "price": 10.44, "numReviews": 81, "groups": [23], "averageRating": 3.7160493827160495, "brand": "One For All"}, {"asin": "B004XWE7SC", "name": "SONY 1-487-711-11 REMOTE CONTROL RM-YD037 OEM ORIGINAL PART 148771111", "imUrl": "http://ecx.images-amazon.com/images/I/21nmG0YSa4L.jpg", "price": 13.22, "numReviews": 6, "groups": [24], "averageRating": 5.0}, {"asin": "B00FMQSMK2", "name": "Estone New Universal Remote Control E-S920 For Sanyo Use LCD LED HDTV 3DTV Function", "imUrl": "http://ecx.images-amazon.com/images/I/51wmPiUWjML._SY300_.jpg", "price": 5.19, "numReviews": 1, "groups": [25], "averageRating": 1.0}, {"asin": "B00GQSYNSK", "name": "RCA voice activated remote control (141816)", "imUrl": "http://ecx.images-amazon.com/images/I/41RGrre8GQL._SY300_.jpg", "price": 19.99, "numReviews": 5, "groups": [26], "averageRating": 2.4}, {"asin": "B001VTPECS", "name": "RCA One For All Cable Replacement Remote OARP05S (Discontinued by Manufacturer)", "imUrl": "http://ecx.images-amazon.com/images/I/41BZCaFEaoL._SX300_.jpg", "price": 17.11, "numReviews": 11, "groups": [27], "averageRating": 4.545454545454546}, {"asin": "B00BTG027A", "name": "New Original VIZIO 3D keyboard remote for M3D550SL M3D651SV M3D550KDE M3D470KDE VIZIO 3D TV", "imUrl": "http://ecx.images-amazon.com/images/I/41-ePOC1s%2BL._SY300_.jpg", "price": 14.4, "numReviews": 4, "groups": [28], "averageRating": 5.0, "brand": "VIZIO"}, {"asin": "B000P0S7UK", "name": "Hy-Tek Tek Partner BW0561RD Universal Remote Control", "imUrl": "http://ecx.images-amazon.com/images/I/51%2BSFOALlmL._SX300_.jpg", "price": 34.49, "numReviews": 38, "groups": [29], "averageRating": 3.263157894736842}, {"asin": "B009OK5LBA", "name": "Jumbo Universal Remote", "imUrl": "http://ecx.images-amazon.com/images/I/51beLfVdOzL._SY300_.jpg", "price": 0.01, "numReviews": 1, "groups": [30], "averageRating": 1.0}, {"asin": "B003AM8S3G", "name": "Logitech Harmony 300 Remote Control (Black) (Discontinued by Manufacturer)", "imUrl": "http://ecx.images-amazon.com/images/I/41zEcAmIJnL._SY300_.jpg", "price": 49.99, "numReviews": 200, "groups": [31], "averageRating": 3.855, "brand": "Logitech"}, {"asin": "B00DEARX0S", "name": "Brand NEW Hisense Smart Internet TV REMOTE Control EN-33922A for Hisense Smart Internet TV LHD32K366WUS LTDN40K366NWUS LTDN40K366WUS LTDN50K366GWUS LTDN50K610GW LTDN55K610GW With Netflix key", "imUrl": "http://ecx.images-amazon.com/images/I/411Dk42p%2BML._SY300_.jpg", "price": 31.99, "numReviews": 8, "groups": [32], "averageRating": 4.75}, {"asin": "B000063S42", "name": "Philips PM335 3 + 2 Device Big Button Universal Remote Control", "imUrl": "http://ecx.images-amazon.com/images/I/41XHyuWSQsL._SY300_.jpg", "price": 14.99, "numReviews": 7, "groups": [33], "averageRating": 3.142857142857143}, {"asin": "B000F7JCRA", "name": "Sony RM-VL600 8-Device Universal Learning Remote (Discontinued by Manufacturer)", "imUrl": "http://ecx.images-amazon.com/images/I/31oOenecoAL._SY300_.jpg", "price": 89.75, "numReviews": 434, "groups": [34], "averageRating": 4.246543778801843, "brand": "Sony"}, {"asin": "B002WGW74W", "name": "Jumbo Universal TV Remote", "imUrl": "http://ecx.images-amazon.com/images/I/51J9i8Lg1lL._SY300_.jpg", "price": 12.49, "numReviews": 22, "groups": [35], "averageRating": 2.8636363636363638, "salesRankCategory": "Home & Kitchen", "salesRank": 88753}, {"asin": "B00FXNZBC6", "name": "Brand New Genuine VIZIO smart TV remote XRT510 for all VIZIO M-series Smart internet App TV such as: M701D-A3R M651D-A2R M601D-A3R M321i-A2 M321iA2 M401i-A3 M401iA3 M471i-A2 M471iA2 M501D-A2 M501DA2 M501D-A2R M501DA2R M551D-A2 M551DA2 M551D-A2R M551DA2R M601D-A3 M601DA3 M601D-A3R M601DA3R M651D-A2 M651DA2 M651D-A2R M651DA2R M701D-A3 M701DA3 M701D-A3R M701DA3R M801D-A3 M801DA3 M801D-A3R M801DA3R", "imUrl": "http://ecx.images-amazon.com/images/I/31jY8b4ejwL._SY300_.jpg", "price": 18.97, "numReviews": 4, "groups": [36], "averageRating": 4.5, "brand": "VIZIO"}, {"asin": "B004LD4EC2", "name": "Sony Trinitron Remote Control Model: RM-Y116 (Black), PN: 146696631 (1-466-966-31) For Sony Trinitron TV", "imUrl": "http://ecx.images-amazon.com/images/I/41FL%2BliOC-L._SX300_.jpg", "price": 10.5, "numReviews": 3, "groups": [37], "averageRating": 4.666666666666667}, {"asin": "B00CZCB9II", "name": "SONY OEM Original Part: 1-490-541-13 RM-ANU159 Home Theater Soundbar Remote Control", "imUrl": "http://ecx.images-amazon.com/images/I/41l9w2Hu1ML._SX300_.jpg", "price": 85.75, "numReviews": 3, "groups": [38], "averageRating": 4.333333333333333}, {"asin": "B00H7S6D2M", "name": "General Remote Replacement Control Fit For Sony RMT-B118A RMT-B119A 3D BD Blu-ray DVD Player", "imUrl": "http://ecx.images-amazon.com/images/I/31yMtgCHT9L._SY300_.jpg", "price": 15.79, "numReviews": 5, "groups": [39], "averageRating": 4.6}, {"asin": "B003EYV20Q", "name": "Wmu RCARCRN03BR 3-Device Backlit Universal Remote", "imUrl": "http://ecx.images-amazon.com/images/I/41orBlfKYXL._SY300_.jpg", "price": 8.99, "numReviews": 26, "groups": [40], "averageRating": 3.6538461538461537}, {"asin": "B000W8JFPG", "name": "Sony RM-EZ4 2-Device Universal Remote with Big Buttons", "imUrl": "http://ecx.images-amazon.com/images/I/41XsaxfthRL._SY300_.jpg", "price": 7.39, "numReviews": 271, "groups": [41], "averageRating": 3.915129151291513, "brand": "Sony"}, {"asin": "B005F62G24", "name": "iHip NFL  NFRC01PS 6-Device Universal TV Remote Control Features - Black", "imUrl": "http://ecx.images-amazon.com/images/I/41I0NtaoVVL._SY300_.jpg", "price": 14.99, "numReviews": 1, "groups": [42], "averageRating": 4.0}, {"asin": "B0000ALPBJ", "name": "One For All URC 9960 Kameleon 8-Device Upgradeable Universal Remote Control (Discontinued by Manufacturer)", "imUrl": "http://ecx.images-amazon.com/images/I/41AZ4KGBD4L._SY300_.jpg", "price": 23.36, "numReviews": 99, "groups": [43], "averageRating": 3.4444444444444446}, {"asin": "B001DFJRNC", "name": "SONY REMOTE CONTROL RM-YD005 OEM Original Part: 1-479-686-21", "imUrl": "http://ecx.images-amazon.com/images/I/51stdtDE-iL._SX300_.jpg", "price": 14.49, "numReviews": 18, "groups": [44], "averageRating": 4.666666666666667}, {"asin": "B00ASWPAT6", "name": "NEW! Original Vizio Universal internet APP Remote Control XRV4TV for E320i-A0 E320I-A2 E320i-A0 E322AR E422AR E502AR E370VP E420VT E422VLE M320SL M370SL E422VLE E472VLE E552VLE E322AR E422AR E472VLE/E552VLE and most App TV---30 days warranty!", "imUrl": "http://ecx.images-amazon.com/images/I/41Df%2BgF90zL._SY300_.jpg", "price": 18.41, "numReviews": 5, "groups": [45], "averageRating": 4.2}, {"asin": "B00GNWKDJC", "name": "New VIZIO keyboard dual side remote for VIZIO Blu-ray DVD VBR122 VBR135 VBR337 VBR338 VBR370 and App DVD", "imUrl": "http://ecx.images-amazon.com/images/I/41JYQ4cOG2L._SY300_.jpg", "price": 21.11, "numReviews": 1, "groups": [46], "averageRating": 5.0}, {"asin": "B00008ZLHJ", "name": "Sony RM-V402 7-Device Universal Remote Commander Universal Remote Control (Discontinued by Manufacturer)", "imUrl": "http://ecx.images-amazon.com/images/I/415E9AKPRYL._SY300_.jpg", "price": 32.99, "numReviews": 10, "groups": [47], "averageRating": 3.1}, {"asin": "B000TJILFS", "name": "Philips SRU4050/17 Universal Compact Remote (Silver/Black) (Discontinued by Manufacturer)", "imUrl": "http://ecx.images-amazon.com/images/I/41Ba6i2fMTL._SY300_.jpg", "price": 8.99, "numReviews": 18, "groups": [48], "averageRating": 3.5}, {"asin": "B003KUTAAS", "name": "SONY 1-487-830-11 REMOTE CONTROL RM-YD034 OEM ORIGINAL PART 148783011", "imUrl": "http://ecx.images-amazon.com/images/I/210sZ%2BT7WtL.jpg", "price": 13.22, "numReviews": 3, "groups": [49], "averageRating": 5.0}, {"asin": "B00FEDAI50", "name": "General Replacement Remote Control Fit For Sony BDV-E770W BDV-T7 BDV-T37 HBD-E570 HBD-E770W Blu-ray DVD Home Theater AV System", "imUrl": "http://ecx.images-amazon.com/images/I/316asA4w5wL._SY300_.jpg", "price": 18.33, "numReviews": 3, "groups": [50], "averageRating": 5.0}, {"asin": "B00FPNX40K", "name": "Sceptre X425BV-FHD Remote Control for TV Model X505BV-FHD", "imUrl": "http://ecx.images-amazon.com/images/I/51MgM5XhoFL._SY300_.jpg", "price": 14.95, "numReviews": 3, "groups": [51], "averageRating": 4.0}, {"asin": "B00ASLQJBU", "name": "NEW Vizio Dual side keyboard QWERTY Remote Control XRV1D3 for M420SV M470SV M550SV M420SL M470SL M550SL M370SR M420SR M420KD E551VA M3D650SV M3D550SL M3D470KD M3D550KD; E3D320VX E3D420VX E3D470VX - Vudu-Netflix-Amazon Internet Apps Keyboard", "imUrl": "http://ecx.images-amazon.com/images/I/51f-ZSniprL._SX300_.jpg", "price": 14.37, "numReviews": 9, "groups": [52], "averageRating": 4.0}, {"asin": "B005DNS3MG", "name": "Philips Remote Control Part # 996510012682", "imUrl": "http://ecx.images-amazon.com/images/I/41VgnH4HHQL._SY300_.jpg", "price": 39.95, "numReviews": 2, "groups": [53], "averageRating": 5.0, "brand": "Philip"}, {"asin": "B007C6HZOE", "name": "Sony Bravia LCD TV Remote Control RM-YD033 KDL-22EX308 KDL-32EX308 KDL-32EX700 KDL-32EX710 KDL-40EX700 KDL-40EX703 KDL-40EX710 KDL-40HX701 KDL-46EX700 KDL-46EX703 KDL-46EX710 KDL-46EX711 KDL-46HX701 KDL-52EX700 KDL-52EX701 KDL-52EX703 KDL-55EX710 KDL-55EX711 KDL-55HX701 KDL-60EX700 KDL-60EX701 KDL-60EX703 KDL-40NX700 KDL-46NX700 KDL-46NX800 KDL-52NX800 KDL-60NX800 KDL-60NX801", "imUrl": "http://ecx.images-amazon.com/images/I/5115FNDMDvL._SX300_.jpg", "price": 29.99, "numReviews": 43, "groups": [54], "averageRating": 4.8604651162790695}, {"asin": "B008SNQAVY", "name": "Battery Power Universal TV Remote Controller", "imUrl": "http://ecx.images-amazon.com/images/I/41RWcVyt-5L._SY300_.jpg", "price": 6.93, "numReviews": 5, "groups": [55], "averageRating": 1.0}, {"asin": "B00H7S75Y2", "name": "General Remote Replacement Control Fit For Sony BDP-S5100 BDP-S1700 BD Blu-ray DVD Player", "imUrl": "http://ecx.images-amazon.com/images/I/31meYgK42ZL._SY300_.jpg", "price": 15.71, "numReviews": 3, "groups": [56], "averageRating": 4.333333333333333}, {"asin": "B00IPRK9EW", "name": "New VIZIO XRT510 Remote with Wi-Fi Universal Backlit Remote Control For VIZIO M321i-A2 \u2022 M401i-A3 \u2022 M471i-A2 \u2022 M501d-A2R \u2022 M551d-A2 \u2022 M551d-A2R \u2022 M601d-A3 \u2022 M601d-A3R \u2022 M651d-A2 \u2022 M651d-A2R \u2022 M701d-A3 \u2022 M701d-A3R \u2022 M801d-A3 \u2022 M801d-A3R \u2022 M801i-A3 TV", "imUrl": "http://ecx.images-amazon.com/images/I/418WHfCJ5eL._SY300_.jpg", "price": 19.94, "numReviews": 2, "groups": [57], "averageRating": 4.0, "brand": "VIZIO"}, {"asin": "B000N3118O", "name": "Universal Remote Control FX1 - Preprogrammed Remote replaces up to 5 remotes (Discontinued by Manufacturer)", "imUrl": "http://ecx.images-amazon.com/images/I/41ViAhAhsgL._SY300_.jpg", "price": 17.74, "numReviews": 1, "groups": [58], "averageRating": 5.0}, {"asin": "B001ULCTKM", "name": "GE 24922 6-Device Universal Remote Control (Black)", "imUrl": "http://ecx.images-amazon.com/images/I/41aTcbAMmFL._SY300_.jpg", "price": 9.44, "numReviews": 1, "groups": [59], "averageRating": 2.0, "brand": "GE"}, {"asin": "B0056C7SWK", "name": "Philips SRC2063/27 Universal Remote Control Value Two-Pack with SimpleSetup", "imUrl": "http://ecx.images-amazon.com/images/I/41AlPeX3BXL._SY300_.jpg", "price": 16.99, "numReviews": 45, "groups": [60], "averageRating": 3.311111111111111, "brand": "Philips"}, {"asin": "B0010S49OY", "name": "weemote Sr. TV Remote for Adults, V7.6", "imUrl": "http://ecx.images-amazon.com/images/I/416COgi1PqL._SX300_.jpg", "price": 33.49, "numReviews": 14, "groups": [61], "averageRating": 4.571428571428571}, {"asin": "B001DHP9VO", "name": "Toshiba CT90159 Factory Original Remote Control", "imUrl": "http://ecx.images-amazon.com/images/I/21Kv51ZTFuL.jpg", "price": 5.39, "numReviews": 7, "groups": [62], "averageRating": 4.857142857142857}, {"asin": "B003E2SYLI", "name": "AmerTac - Zenith ZC300 3-Device Universal Remote", "imUrl": "http://ecx.images-amazon.com/images/I/410-0XRXZBL._SY300_.jpg", "price": 10.98, "numReviews": 2, "groups": [63], "averageRating": 3.5, "brand": "AmerTac - Zenith"}, {"asin": "B003H357Z0", "name": "Replacement Remote for Sony TV. No Programming Required", "imUrl": "http://ecx.images-amazon.com/images/I/41qZ%2BIFMZML._SY300_.jpg", "price": 10.48, "numReviews": 10, "groups": [64], "averageRating": 3.9}, {"asin": "B009AQHNXC", "name": "Black Universal TV RC Remote Controller for Hisense", "imUrl": "http://ecx.images-amazon.com/images/I/41U2uEcjRIL._SY300_.jpg", "price": 5.41, "numReviews": 7, "groups": [65], "averageRating": 3.857142857142857}, {"asin": "B009HWGQMI", "name": "TOSHIBA Replacement Remote Control for 42SL417U, 55SL417U, CT90366, 46SL417U, 75022763", "imUrl": "http://ecx.images-amazon.com/images/I/41PN03ua6QL._SY300_.jpg", "price": 27.86, "numReviews": 1, "groups": [66], "averageRating": 4.0}, {"asin": "B000QAPVUS", "name": "Giant Universal Remote Control", "imUrl": "http://ecx.images-amazon.com/images/I/51YYHh0UGZL._SY300_.jpg", "price": 34.49, "numReviews": 5, "groups": [67], "averageRating": 2.6}, {"asin": "B0028B0PD6", "name": "SONY OEM 1-487-180-11 148718011 REMOTE CONTROL (RM-YD028)", "imUrl": "http://ecx.images-amazon.com/images/I/41vevn7lY4L._SX300_.jpg", "price": 16.21, "numReviews": 44, "groups": [68], "averageRating": 4.681818181818182}, {"asin": "B00EU81K5M", "name": "Universal Remote Control Fit For Toshiba CT-90303 75011034 40XF550 42XV540 46XF550 46XV540 52XF550 52XV540 LCD HDTV TV", "imUrl": "http://ecx.images-amazon.com/images/I/41lSpcfpGSL._SY300_.jpg", "price": 17.99, "numReviews": 2, "groups": [69], "averageRating": 5.0}, {"asin": "B0055V5NQK", "name": "Remote Control Security Lock", "imUrl": "http://ecx.images-amazon.com/images/I/41XfHQ10%2BGL._SY300_.jpg", "price": 10.97, "numReviews": 18, "groups": [70], "averageRating": 4.666666666666667}, {"asin": "B00EU81IFE", "name": "Universal Remote Control Fit For Toshiba 55WX800 CT-90257 75003640 CT-90276 75006721 37LX96 LCD DVD HDTV TV", "imUrl": "http://ecx.images-amazon.com/images/I/41usllq7M8L._SY300_.jpg", "price": 17.99, "numReviews": 9, "groups": [71], "averageRating": 4.444444444444445}, {"asin": "B004LRO7FW", "name": "VIZIO XRU100 3 in 1 Universal Remote Control (Black)", "imUrl": "http://ecx.images-amazon.com/images/I/41lwt-%2BuRVL._SY300_.jpg", "price": 5.35, "numReviews": 39, "groups": [72], "averageRating": 3.58974358974359}, {"asin": "B00005T3AE", "name": "SONY Universal Remote Commander(R) Remote Control (Discontinued by Manufacturer)", "imUrl": "http://ecx.images-amazon.com/images/I/11DTZSDC6JL.jpg", "price": 22.89, "numReviews": 1, "groups": [73], "averageRating": 1.0}, {"asin": "B00061ODEW", "name": "Toshiba Remote Control (Discontinued by Manufacturer)", "imUrl": "http://ecx.images-amazon.com/images/I/41dNbi-4HiL._SY300_.jpg", "price": 12.95, "numReviews": 5, "groups": [74], "averageRating": 4.0}, {"asin": "B002UFGDPO", "name": "Multi-function jumbo universal remote (Gray)", "imUrl": "http://ecx.images-amazon.com/images/I/41BlvOuaRnL._SY300_.jpg", "price": 10.15, "numReviews": 9, "groups": [75], "averageRating": 3.7777777777777777}, {"asin": "B00BM40JH2", "name": "5 PCS--New! Original VIZIO XRV1TV Qwerty keyboard remote for M420SV M470SV M550SV M420SL M470SL M550SL M420SV M470SV M550SV M370SR M420SR M420KD E551VA M550SL M370SR M420SR M420KD E551VA E601i-A3 internet TV---30 days warranty!", "imUrl": "http://ecx.images-amazon.com/images/I/51c01og0lLL._SY300_.jpg", "price": 55.5, "numReviews": 1, "groups": [76], "averageRating": 5.0}, {"asin": "B0026L7B8A", "name": "Philips SRU5106/27 6 Device Universal Remote Control (Discontinued by Manufacturer)", "imUrl": "http://ecx.images-amazon.com/images/I/31Qa201WNnL._SY300_.jpg", "price": 17.23, "numReviews": 28, "groups": [77], "averageRating": 4.107142857142857}, {"asin": "B0044Y0CN8", "name": "VIZIO Remote Control VUR 12 - 0980-0306-0100", "imUrl": "http://ecx.images-amazon.com/images/I/31rn5C1OOcL._SX300_.jpg", "price": 16.42, "numReviews": 19, "groups": [78], "averageRating": 4.7368421052631575, "brand": "VIZIO"}, {"asin": "B00CPRFPXI", "name": "U5 Universal Remote control for Television TVs & VCRs", "imUrl": "http://ecx.images-amazon.com/images/I/51yrZqiauvL._SY300_.jpg", "price": 3.27, "numReviews": 2, "groups": [79], "averageRating": 1.0}, {"asin": "B00CZFJ7VG", "name": "SONY Replacement Remote Control for HTCT60, 149054113, RMANU159", "imUrl": "http://ecx.images-amazon.com/images/I/41Z4tU2CaXL._SY300_.jpg", "price": 30.76, "numReviews": 4, "groups": [38], "averageRating": 5.0}, {"asin": "B00JEWQYYQ", "name": "Universal Replacement Remote Control Fit For Vizio VA26LHDTV10T VA19LHDTV10T E420I-A0 LCD LED PLASMA HDTV TV", "imUrl": "http://ecx.images-amazon.com/images/I/31FlXeKQs3L._SX300_.jpg", "price": 14.39, "numReviews": 1, "groups": [80], "averageRating": 5.0}, {"asin": "B000069K8N", "name": "One for All URC 8910 Universal Remote Control (Discontinued by Manufacturer)", "imUrl": "http://ecx.images-amazon.com/images/I/4144BQPS85L._SY300_.jpg", "price": 23.36, "numReviews": 179, "groups": [81], "averageRating": 4.100558659217877}, {"asin": "B000M0EDDS", "name": "Invoca 3.0 Voice-Activated IR Remote", "imUrl": "http://ecx.images-amazon.com/images/I/418TRG9BRML._SY300_.jpg", "price": 39.99, "numReviews": 5, "groups": [82], "averageRating": 3.0}, {"asin": "B003LRX4RU", "name": "Flipper Remote", "imUrl": "http://ecx.images-amazon.com/images/I/31AQjj4dUQL._SY300_.jpg", "price": 29.95, "numReviews": 9, "groups": [83], "averageRating": 4.888888888888889}, {"asin": "B001IAMSCY", "name": "Philips Universal Remote", "imUrl": "http://ecx.images-amazon.com/images/I/41b-gXKHZ%2BL._SY300_.jpg", "price": 14.99, "numReviews": 9, "groups": [84], "averageRating": 3.4444444444444446}, {"asin": "B001IAX4WM", "name": "Philips SRU2103/27 Universal Big Button 3 Device Remote (Black)", "imUrl": "http://ecx.images-amazon.com/images/I/41bnyU4FjfL._SY300_.jpg", "price": 11.88, "numReviews": 33, "groups": [85], "averageRating": 3.787878787878788}, {"asin": "B0029SDZW6", "name": "Jumbo Universal Remote by WholesaleDeal", "imUrl": "http://ecx.images-amazon.com/images/I/415Aa-D0kKL._SX300_.jpg", "price": 10.15, "numReviews": 5, "groups": [86], "averageRating": 3.2}, {"asin": "B00H7S6W0U", "name": "General Remote Replacement Control Fit For Sony BDP-S760 BDP-S185 BD Blu-ray DVD Player", "imUrl": "http://ecx.images-amazon.com/images/I/319vo1oXgqL._SY300_.jpg", "price": 15.99, "numReviews": 3, "groups": [87], "averageRating": 4.666666666666667}, {"asin": "B009H5NNTE", "name": "VIZIO Replacement Remote Control for 098003059003, SV420XVT1A, VO47LFHDTV30A, SV320XVT", "imUrl": "http://ecx.images-amazon.com/images/I/41YhFNPmX1L._SY300_.jpg", "price": 29.86, "numReviews": 2, "groups": [88], "averageRating": 5.0}, {"asin": "B003EYV224", "name": "One For All OARN08G 8 Device Remote (Black)", "imUrl": "http://ecx.images-amazon.com/images/I/41UxZP%2BcAHL._SY300_.jpg", "price": 17.98, "numReviews": 81, "groups": [89], "averageRating": 3.7160493827160495, "brand": "One For All"}, {"asin": "B00029IZV0", "name": "ZENITH ZN-501S 5 Device Universal Remote", "imUrl": "http://ecx.images-amazon.com/images/I/415J6RVERFL._SY300_.jpg", "price": 19.97, "numReviews": 4, "groups": [90], "averageRating": 3.75}, {"asin": "B000AAL2TS", "name": "RCA RCR612N 6-DEVICE Remote Control (Discontinued by Manufacturer)", "imUrl": "http://ecx.images-amazon.com/images/I/41zlKlXwtqL._SY300_.jpg", "price": 17.11, "numReviews": 8, "groups": [91], "averageRating": 2.875}, {"asin": "B00BJIZV8I", "name": "New Original Toshiba Universal LCD HDTV Remote Control CT-90302 CT90302 subs CT-90275 fit for 32CV510U 32RV530U 37CV510U 37RV530U 42RV530U 46RV530U 52RV530U 42RV535U 46RV535U 52RV535U 46RV53CU 52RV53CU 26AV502U 32AV502U 37AV502U 52RV53U 46RV525U 40RV525U 37AV502R 37AV52R 32AV502R 32AV52R 40RV52R 40RV525R 46XV640U ---30 days warranty!", "imUrl": "http://ecx.images-amazon.com/images/I/41MKrc4IklL._SY300_.jpg", "price": 18.94, "numReviews": 1, "groups": [92], "averageRating": 5.0, "brand": "Toshiba"}, {"asin": "B000063SND", "name": "RCA SystemLink3 Universal Remote (RCU 300)", "imUrl": "http://ecx.images-amazon.com/images/I/41Fr%2B82DhFL._SY300_.jpg", "price": 8.9, "numReviews": 12, "groups": [93], "averageRating": 2.75, "brand": "RCA"}, {"asin": "B008UTQ0Y8", "name": "Genuine Toshiba CT-90277 Remote Control for LX177 series. Compatible with 42LX177 46LX177 52LX177 57LX177 LCD HDTV", "imUrl": "http://ecx.images-amazon.com/images/I/31FksZU0JSL._SX300_.jpg", "price": 34.25, "numReviews": 1, "groups": [94], "averageRating": 5.0}, {"asin": "B00BUZG7MY", "name": "New VIZIO VR10 Remote for VIZIO M260VA M320VA M220VA M190VA E190VA E220VA E260VA E261VA M260VA M320VA M220VA M190VA E190VA E220VA E260VA E261VA E320VA, E321VA, E370VA, E371VA, E420VA, E421VA, E470VA, E550VA M190VA, M220VA, M220VA-CA --Origina new! 30 days Warranty!", "imUrl": "http://ecx.images-amazon.com/images/I/4136ZUSruBL._SY300_.jpg", "price": 5.99, "numReviews": 1, "groups": [17], "averageRating": 4.0, "brand": "VIZIO"}, {"asin": "B00DEWSASA", "name": "Brand New SCEPTRE LCD LED TV REMOTE for SCEPTRE X425BV-FHD3 X328BV-FHD X325BV-FHDU X325BV-FHD E195BD-SHD E165BD-HD E165BD-HD E240_FHD SCEPTRE E Series LED HDTV E243 E243BD-FHD E245BD-FHD E245BV-FHD E240 E240BC-FHD E195BV-SHD E245BV-FHD E243PV-FHD E325BV-HDC E325BD-HD X325BV-FHD LCD LED TV", "imUrl": "http://ecx.images-amazon.com/images/I/41bVT-LpaKL._SY300_.jpg", "price": 17.91, "numReviews": 5, "groups": [95], "averageRating": 5.0, "brand": "SCEPTRE"}, {"asin": "B003097PAG", "name": "Sony SONY 148061712 (RM-YD023) REMOTE CONTROL", "imUrl": "http://ecx.images-amazon.com/images/I/21fJGzM4UnL.jpg", "price": 13.02, "numReviews": 14, "groups": [96], "averageRating": 4.5}, {"asin": "B002KTP842", "name": "Vizio Remote Control VR3 - 0980-0305-4041", "imUrl": "http://ecx.images-amazon.com/images/I/31BfTRri7vL._SX300_.jpg", "price": 10.15, "numReviews": 3, "groups": [97], "averageRating": 5.0}, {"asin": "B004WKQRPG", "name": "Sony Remote Control RM-YD041", "imUrl": "http://ecx.images-amazon.com/images/I/41YiLnLO3FL._SY300_.jpg", "price": 12.95, "numReviews": 3, "groups": [98], "averageRating": 4.333333333333333, "brand": "Sony"}, {"asin": "B0095TCMVC", "name": "Smash Mute - The Big Tv Mute Button with an Attitude!", "imUrl": "http://ecx.images-amazon.com/images/I/41Fmxh342oL._SX300_.jpg", "price": 14.36, "numReviews": 17, "groups": [99], "averageRating": 4.352941176470588}, {"asin": "B00008ZLHI", "name": "Sony RM-V302 5-Device Universal Remote Commander Universal Remote Control (Discontinued by Manufacturer)", "imUrl": "http://ecx.images-amazon.com/images/I/41XERD63CVL._SY300_.jpg", "price": 22.89, "numReviews": 11, "groups": [100], "averageRating": 2.3636363636363638}, {"asin": "B004IAG9DA", "name": "Philips SRU5107WM Perfect Replacement Universal Remote Control 7 in 1", "imUrl": "http://ecx.images-amazon.com/images/I/41x1TXPb5XL._SX300_.jpg", "price": 22.5, "numReviews": 8, "groups": [101], "averageRating": 4.25}, {"asin": "B0057A7P7E", "name": "NEW OEM TOSHIBA REMOTE CONTROL HAND UNIT CT-8021 PART# 75023633", "imUrl": "http://ecx.images-amazon.com/images/I/41CPgwo1J8L._SX300_.jpg", "price": 11.59, "numReviews": 2, "groups": [102], "averageRating": 5.0}, {"asin": "B005PPN6U6", "name": "RCA RCR412SIR 4-Device Backlit Universal Remote", "imUrl": "http://ecx.images-amazon.com/images/I/4174jN-C39L._SY300_.jpg", "price": 7.91, "numReviews": 3, "groups": [103], "averageRating": 4.333333333333333, "brand": "RCA"}, {"asin": "B002AGTZW6", "name": "VIZIO Remote Control VUR9 - 0980-0305-9005", "imUrl": "http://ecx.images-amazon.com/images/I/41pPhJZe55L._SY300_.jpg", "price": 10.15, "numReviews": 55, "groups": [104], "averageRating": 4.781818181818182, "brand": "VIZIO"}, {"asin": "B001DVWW5Q", "name": "Sony 147969211 REMOTE CONTROL RM-AAU006", "imUrl": "http://ecx.images-amazon.com/images/I/11HxfKI9UFL.jpg", "price": 7.64, "numReviews": 3, "groups": [105], "averageRating": 5.0}, {"asin": "B00EVTK1QE", "name": "New Genuine VIZIO Smart TV Qwerty dual side keyboard remote control for XVT323SV XVT373SV XVT423SV XVT473SV XVT553SV --this is original remote, do not need any program, only put into battery can work", "imUrl": "http://ecx.images-amazon.com/images/I/51cVAkkDhVL._SY300_.jpg", "price": 17.95, "numReviews": 1, "groups": [106], "averageRating": 3.0, "brand": "VIZIO"}, {"asin": "B00FMP5TDG", "name": "Estone New Universal Remote Control E-H918 For Hitachi Use LCD LED HDTV 3DTV Function", "imUrl": "http://ecx.images-amazon.com/images/I/51zYHdnqbFL._SY300_.jpg", "price": 5.29, "numReviews": 3, "groups": [107], "averageRating": 5.0}, {"asin": "B003B72GIS", "name": "Harmony 300i Remote", "imUrl": "http://ecx.images-amazon.com/images/I/41OyPQir4cL._SY300_.jpg", "price": 41.99, "numReviews": 5, "groups": [108], "averageRating": 3.8}, {"asin": "B0057G1C5Y", "name": "weemote X TV Remote Control, White", "imUrl": "http://ecx.images-amazon.com/images/I/31d4LHg8MBL.jpg", "price": 32.27, "numReviews": 7, "groups": [109], "averageRating": 4.142857142857143}, {"asin": "B0017LY5CK", "name": "Innovage Jumbo Remote Control with Window Box (Discontinued by Manufacturer)", "imUrl": "http://ecx.images-amazon.com/images/I/51u4Y-TFFrL._SY300_.jpg", "price": 14.97, "numReviews": 18, "groups": [110], "averageRating": 2.9444444444444446}, {"asin": "B00158JTBM", "name": "Sharper Image Jumbo-sized Universal TV Remote", "imUrl": "http://ecx.images-amazon.com/images/I/41rPDQ%2BNjCL._SX300_.jpg", "price": 49.99, "numReviews": 3, "groups": [111], "averageRating": 3.3333333333333335}, {"asin": "B009EP2KG4", "name": "New Original Vizio XRV13D Qwerty keyboard internet TV remote for M3D650SV M3D550SL M3D470KD M3D550KD; E3D320VX E3D420VX E3D470VX TV---30 days Warranty!!", "imUrl": "http://ecx.images-amazon.com/images/I/51F8vJB40fL._SX300_.jpg", "price": 14.39, "numReviews": 76, "groups": [112], "averageRating": 4.473684210526316}, {"asin": "B00BII1156", "name": "Brand NEW Original VIZIO Universal Remote control for 99% VIZIO BRAND LED LCD TV--30 Days warranty!", "imUrl": "http://ecx.images-amazon.com/images/I/41cfqm7ZoaL._SY300_.jpg", "price": 12.77, "numReviews": 2, "groups": [113], "averageRating": 4.0, "brand": "VIZIO"}, {"asin": "B001JT357G", "name": "RCA RCR311BIR Three-Device Universal Remote Control", "imUrl": "http://ecx.images-amazon.com/images/I/41jlZ526V5L._SY300_.jpg", "price": 10.61, "numReviews": 80, "groups": [114], "averageRating": 3.7375, "brand": "RCA"}, {"asin": "B00BHE0QFM", "name": "New VIZIO Qwerty dual side keyboard remote---for VIZIO M470VSE - M650VSE - M550VSE E420i-A1 E500i-A1 E601i-A3 E601i-A3 E420i-A1 E500i-A1 E601i-A3 E470i-A0 Internet TV", "imUrl": "http://ecx.images-amazon.com/images/I/51zTCv49cDL._SY300_.jpg", "price": 19.39, "numReviews": 14, "groups": [115], "averageRating": 4.642857142857143, "brand": "VIZIO"}, {"asin": "B00CQ4H5OW", "name": "New VIZIO Smart TV Qwerty keyboard remote XRT302", "imUrl": "http://ecx.images-amazon.com/images/I/51D8nditZTL._SX300_.jpg", "price": 12.28, "numReviews": 13, "groups": [116], "averageRating": 4.153846153846154, "brand": "VIZIO"}, {"asin": "B002JPY96K", "name": "VIZIO Remote Control VR2 - 0980-0305-3000", "imUrl": "http://ecx.images-amazon.com/images/I/318s1oi%2BsnL._SY300_.jpg", "price": 18.95, "numReviews": 136, "groups": [117], "averageRating": 4.367647058823529}, {"asin": "B009D5LEJE", "name": "SONY Replacement Remote Control for BDPS570, BDPS270, BDPBX57, RMTB107A, 148767311", "imUrl": "http://ecx.images-amazon.com/images/I/419trq8jyDL._SY300_.jpg", "price": 28.76, "numReviews": 3, "groups": [118], "averageRating": 3.6666666666666665}, {"asin": "B000EW8ENY", "name": "Philips Magnavox PMDVD6 6-Device Universal Learning Remote", "imUrl": "http://ecx.images-amazon.com/images/I/317uM4-bOdL.jpg", "price": 17.23, "numReviews": 2, "groups": [119], "averageRating": 3.0}, {"asin": "B003BWP9PA", "name": "Zenith ZP505 Universal Remote Control", "imUrl": "http://ecx.images-amazon.com/images/I/41thrxKO5SL._SY300_.jpg", "price": 5.97, "numReviews": 37, "groups": [120], "averageRating": 3.5405405405405403}, {"asin": "B0056DQQEA", "name": "Replacement Remote Control For Toshiba Televisions No Programming Needed Sleek Silver Finish", "imUrl": "http://ecx.images-amazon.com/images/I/41cdOCvwtOL._SY300_.jpg", "price": 5.39, "numReviews": 11, "groups": [121], "averageRating": 3.5454545454545454}, {"asin": "B00CMW1ZB2", "name": "VIZIO Replacement Remote Control for M470VT, M420VT, E320VA, E470VA, E420VA, E421VA", "imUrl": "http://ecx.images-amazon.com/images/I/41tKQqQYOxL._SY300_.jpg", "price": 30.36, "numReviews": 1, "groups": [122], "averageRating": 5.0}, {"asin": "B001DFPR9A", "name": "SONY 1-480-097-11 REMOTE CONTROL RM-AAU013 OEM ORIGINAL PART 148009711", "imUrl": "http://ecx.images-amazon.com/images/I/11a572G-QVL.jpg", "price": 7.64, "numReviews": 21, "groups": [123], "averageRating": 4.619047619047619}, {"asin": "B003DNS88C", "name": "Philips SRP4004/27 Universal 4 In 1 Remote Control for TV,VCR,DVD,SAT with XXL and Fluorescent Glow Buttons", "imUrl": "http://ecx.images-amazon.com/images/I/31dB%2B2WOF-L._SY300_.jpg", "price": 14.99, "numReviews": 180, "groups": [124], "averageRating": 3.672222222222222}, {"asin": "B00BUZKL4E", "name": "New VIZIO VR15 Remote for VIZIO E420VO E370VL E321VL E421VL E551VL E420VL E470VL E550VL E470VLE E421VO; E420VO E370VL E321VL E371VL E320VP E320VL E371VL E320VP E320VL E421VL E551VL E420VL E470VL E550VL E470VLE E421VO E420VO E370VL E321VL E371VL E320VP E320VL --Origina new! 30 days Warranty!", "imUrl": "http://ecx.images-amazon.com/images/I/41B3GQQ2sdL._SX300_.jpg", "price": 8.44, "numReviews": 6, "groups": [125], "averageRating": 5.0, "brand": "VIZIO"}, {"asin": "B00CBG0ZUG", "name": "NEW VIZIO xrt112 smart tv Remote control for VIZIO E551i-A2 E500d-A0 E551d-A0 E500i-A0 E470i-A0 E401i-A2 E291i-A1 E420i-A1 E551D-A0 E500D-A0 E420D-A0 TV remote control", "imUrl": "http://ecx.images-amazon.com/images/I/41cdmdVzOXL._SY300_.jpg", "price": 5.97, "numReviews": 13, "groups": [126], "averageRating": 5.0, "brand": "VIZIO"}, {"asin": "B00E6KRGS4", "name": "FIT PHILIPS Smart 39PFL2608/F7 26PFL4907 TV Remote Control", "imUrl": "http://ecx.images-amazon.com/images/I/41hE-o4R8gL._SX300_.jpg", "price": 14.99, "numReviews": 1, "groups": [127], "averageRating": 5.0}, {"asin": "B003H0539S", "name": "GE 24958 6-Device DVR Infrared Universal Remote Control", "imUrl": "http://ecx.images-amazon.com/images/I/41tcp0KfZfL._SY300_.jpg", "price": 12.95, "numReviews": 4, "groups": [128], "averageRating": 3.25}, {"asin": "B000QRCNHU", "name": "Philips Universal Replacement Remote - Controls 3 Devices- Big Buttons", "imUrl": "http://ecx.images-amazon.com/images/I/41A2-3PlquL._SY300_.jpg", "price": 14.99, "numReviews": 3, "groups": [129], "averageRating": 4.333333333333333}, {"asin": "B001DGTELG", "name": "Sony COMMANDER (RMT-V504A), (TYP", "imUrl": "http://ecx.images-amazon.com/images/I/11RUN07gUeL.jpg", "price": 13.99, "numReviews": 6, "groups": [130], "averageRating": 4.666666666666667}, {"asin": "B0057PLXRW", "name": "Vizio Remote Control VR12 - 0980-0306-0400", "imUrl": "http://ecx.images-amazon.com/images/I/315%2BjTrvzUL._SX300_.jpg", "price": 18.95, "numReviews": 7, "groups": [78], "averageRating": 5.0}, {"asin": "B005O81U9S", "name": "Logitech 915-000148 Harmony 200 Remote for Three Devices - Black (Discontinued by Manufacturer)", "imUrl": "http://ecx.images-amazon.com/images/I/416Cif4LT8L._SY300_.jpg", "price": 42.95, "numReviews": 177, "groups": [131], "averageRating": 3.790960451977401, "brand": "Logitech"}, {"asin": "B00AXEMXQ2", "name": "VIZIO REMOTE CONTROL XRT110 - WITH M-GO", "imUrl": "http://ecx.images-amazon.com/images/I/31qRVj1pX1L._SX300_.jpg", "price": 7.37, "numReviews": 19, "groups": [132], "averageRating": 4.2105263157894735}, {"asin": "B000CS8XM2", "name": "Television \"6 in 1\" Remote Control", "imUrl": "http://ecx.images-amazon.com/images/I/31Z0cNmKugL.jpg", "price": 5.41, "numReviews": 8, "groups": [133], "averageRating": 2.125}, {"asin": "B004D6674A", "name": "Colossal Remote Control - measures 11 inches long!", "imUrl": "http://ecx.images-amazon.com/images/I/417EG2bY61L._SY300_.jpg", "price": 37.99, "numReviews": 1, "groups": [134], "averageRating": 3.0}, {"asin": "B007WU3062", "name": "AmerTac - Zenith ZH101 1 Device Universal Remote Control, TV, SCAN - Silver", "imUrl": "http://ecx.images-amazon.com/images/I/41aGNBxCuAL._SY300_.jpg", "price": 5.99, "numReviews": 4, "groups": [135], "averageRating": 4.5}, {"asin": "B003E31O8W", "name": "Zenith ZC800 8-Device Universal Learning Remote", "imUrl": "http://ecx.images-amazon.com/images/I/41AUJKVj61L._SY300_.jpg", "price": 14.49, "numReviews": 3, "groups": [136], "averageRating": 2.3333333333333335}, {"asin": "B0016BUKJS", "name": "URC R6 Learning Remote Control (Discontinued by Manufacturer)", "imUrl": "http://ecx.images-amazon.com/images/I/41GKbVOMfuL._SY300_.jpg", "price": 67.99, "numReviews": 117, "groups": [137], "averageRating": 4.0085470085470085}, {"asin": "B00BTFVMSE", "name": "NEW VIZIO XRT010 Remote for E320-A0 E241-A1 E290-A1 E390-A1 E320-A1 E420-A0 E470-A0 E420VSE E390VL E471VLE E240AR E320AR E420AR E500AR E291-A1 ----30 days warranty!", "imUrl": "http://ecx.images-amazon.com/images/I/41k07p4ZWWL._SX300_.jpg", "price": 7.65, "numReviews": 7, "groups": [138], "averageRating": 4.428571428571429, "brand": "VIZIO"}, {"asin": "B0016RNSHS", "name": "Tek Pal Remote Control - TEK", "imUrl": "http://ecx.images-amazon.com/images/I/41h%2B9VMN3VL._SY300_.jpg", "price": 18.75, "numReviews": 461, "groups": [139], "averageRating": 4.386117136659436, "salesRankCategory": "Health & Personal Care", "salesRank": 8192}, {"asin": "B0039MJ4R6", "name": "URC SR3 Big Button Universal Remote Control with Easy-to-Hold Body and Simple Programming", "imUrl": "http://ecx.images-amazon.com/images/I/4114pr76%2BbL._SY300_.jpg", "price": 17.5, "numReviews": 48, "groups": [140], "averageRating": 3.6458333333333335, "brand": "URC"}, {"asin": "B006ZYKNTI", "name": "Sony RM-YD018 Remote Control Home LCD/LED TV Theater System 3D", "imUrl": "http://ecx.images-amazon.com/images/I/41eWQfwNV9L._SY300_.jpg", "price": 17.98, "numReviews": 1, "groups": [141], "averageRating": 2.0, "brand": "Sony"}, {"asin": "B000W8HALW", "name": "Sony Multi Brand Universal Remote, Controls 3 Components", "imUrl": "http://ecx.images-amazon.com/images/I/414JfXpCRiL._SY300_.jpg", "price": 10.48, "numReviews": 2, "groups": [142], "averageRating": 3.0}, {"asin": "B003EI2RUG", "name": "RCA RCRF03BR 3 Device Remote with Flashlight (Char Gray)", "imUrl": "http://ecx.images-amazon.com/images/I/41FDPRUpQ5L._SY300_.jpg", "price": 10.99, "numReviews": 5, "groups": [143], "averageRating": 4.8}, {"asin": "B000K245O0", "name": "Jumbo Remote Control", "imUrl": "http://ecx.images-amazon.com/images/I/41nnfj-MWPL._SY300_.jpg", "price": 10.15, "numReviews": 23, "groups": [144], "averageRating": 3.3043478260869565}, {"asin": "B007V60P88", "name": "TOSHIBA CT-90325 Remote", "imUrl": "http://ecx.images-amazon.com/images/I/419nG6VtthL._SY300_.jpg", "price": 5.39, "numReviews": 82, "groups": [145, 146], "averageRating": 4.402439024390244}, {"asin": "B00EZI4RY8", "name": "Audio Solutions AS-UNVREM Universal Learning Remote", "imUrl": "http://ecx.images-amazon.com/images/I/41JraKCewhL._SY300_.jpg", "price": 19.72, "numReviews": 3, "groups": [147], "averageRating": 3.3333333333333335, "brand": "Audio Solutions"}, {"asin": "B002GR1YZ0", "name": "Flipper Big Button Universal Remote for 2-Devices", "imUrl": "http://ecx.images-amazon.com/images/I/41Vt6VkWAtL._SY300_.jpg", "price": 29.95, "numReviews": 371, "groups": [41], "averageRating": 4.07277628032345}, {"asin": "B00DEBEFEE", "name": "Brand NEW Hisense TV REMOTE EN-31201A for Hisense LEDN32K15US LHD32K20AUS LHD32K26US LHD37V87US LHDN32V66AUS LTDN23K15US LTDN24K16US LTDN24K20US LTDN24V87US LTDN39V77US LTDN39V78US LTDN40K26US LTDN40V87US LTDN42K20US LTDN42K26US LTDN46K20US LTDN55V89GUS TV", "imUrl": "http://ecx.images-amazon.com/images/I/31cWpmHrIZL._SY300_.jpg", "price": 21.45, "numReviews": 1, "groups": [148], "averageRating": 5.0}, {"asin": "B0010SVHVC", "name": "weemote TV Remote for Kids, V7.6", "imUrl": "http://ecx.images-amazon.com/images/I/511Dp3OJsGL._SY300_.jpg", "price": 9.15, "numReviews": 8, "groups": [149], "averageRating": 4.25}, {"asin": "B00DEWF25E", "name": "Brand New SCEPTRE LCD LED TV REMOTE for SCEPTRE X19GV X23BV X23GV X425BV X328BV X325BV E240 E243 E245 TV X240PC-FHD X425BV-FHD3 X328BV-FHD X325BV-FHDU X325BV-FHD E195BD-SHD E165BD-HD E165BD-HD E240_FHD SCEPTRE E Series LED HDTV E243 E243BD-FHD E245BD-FHD E245BV-FHD E240 E240BC-FHD E195BV-SHD E245BV-FHD E243PV-FHD E325BV-HDC E325BD-HD X325BV-FHD X400BV-FHD X195BV-HD X240XX-FHD SCEPTRE 24\" LCD/LED HDTV X372BV-FHD X370BV-FHD X320BV-ECO X320PV-HD X320EV X320BV-Full HD X322BV-HD X19GV-HDTV, X23BV-NAGA , X23GV-KOMODO", "imUrl": "http://ecx.images-amazon.com/images/I/41StJtPO%2B8L._SY300_.jpg", "price": 24.94, "numReviews": 4, "groups": [95], "averageRating": 4.0, "brand": "SCEPTRE"}, {"asin": "B00A0LPBH6", "name": "New Vizio VR9 Remote for M260MV M190MV M220MV M160MV E320ME E260MV VM190XVT TV", "imUrl": "http://ecx.images-amazon.com/images/I/41VI7VbBP3L._SY300_.jpg", "price": 9.34, "numReviews": 3, "groups": [150], "averageRating": 4.666666666666667}, {"asin": "B00AXY9CF2", "name": "BRAND New Original VIZIO Internet Qwerty keyboard remote for VIZIO E420i-A1 E500i-A1 E601i-A3 E320i-A0 E601i-A3 LCD LED TV", "imUrl": "http://ecx.images-amazon.com/images/I/51c01og0lLL._SY300_.jpg", "price": 11.4, "numReviews": 208, "groups": [151], "averageRating": 4.509615384615385, "brand": "VIZIO"}, {"asin": "B000UVRTEY", "name": "GE 24904 3-Device Big Button Remote Control (Discontinued by Manufacturer)", "imUrl": "http://ecx.images-amazon.com/images/I/41EC84RLYeL._SY300_.jpg", "price": 6.61, "numReviews": 4, "groups": [152], "averageRating": 3.0}, {"asin": "B004JW9DLM", "name": "VIZIO Remote Control VR3P - 0980-0305-4010", "imUrl": "http://ecx.images-amazon.com/images/I/31VW1uuMBxL._SX300_.jpg", "price": 10.64, "numReviews": 26, "groups": [153], "averageRating": 4.538461538461538}, {"asin": "B006O6PNXS", "name": "Brand New Remote XRV1D3 for Class Theater 3DTM LCD HDTV with VIZIO Internet Apps work with VIZIO E3D470VX E3D420VX E3D320VX Ships from and sold by WennoW", "imUrl": "http://ecx.images-amazon.com/images/I/31qSE6EdyML._SX300_.jpg", "price": 10.11, "numReviews": 34, "groups": [154], "averageRating": 4.382352941176471, "brand": "VIZIO"}, {"asin": "B00005I9Q0", "name": "Sony RM-VL900 8-Device Universal Remote Control (Discontinued by Manufacturer)", "imUrl": "http://ecx.images-amazon.com/images/I/41HTJGYKY6L._SY300_.jpg", "price": 22.89, "numReviews": 35, "groups": [155], "averageRating": 4.257142857142857}, {"asin": "B001KW5UT8", "name": "Universal Jumbo Remote Control TV-DVD-Cable It's Huge!", "imUrl": "http://ecx.images-amazon.com/images/I/51nmA54TlZL._SY300_.jpg", "price": 9.99, "numReviews": 4, "groups": [156], "averageRating": 2.75}, {"asin": "B001DPM2ZW", "name": "Toshiba TOSHIBA 75006721 REMOTE CONTROL", "imUrl": "http://ecx.images-amazon.com/images/I/31Ni4MM9-4L.jpg", "price": 14.13, "numReviews": 4, "groups": [157], "averageRating": 4.5}, {"asin": "B000WS1VNU", "name": "Dynatron Miracle Remote Control - Toshiba, Hitachi And RCA Models Since 1988", "imUrl": "http://ecx.images-amazon.com/images/I/41bM7Ts3kJL._SY300_.jpg", "price": 11.99, "numReviews": 3, "groups": [158], "averageRating": 3.6666666666666665}, {"asin": "B001ER0KAS", "name": "GIANT Universal Remote", "imUrl": "http://ecx.images-amazon.com/images/I/411Gi-XNQQL._SY300_.jpg", "price": 29.98, "numReviews": 1, "groups": [159], "averageRating": 1.0}, {"asin": "B004134LPM", "name": "Invoca 72-29095 3 Voice Activated Remote (Discontinued by Manufacturer)", "imUrl": "http://ecx.images-amazon.com/images/I/41RkUl-%2BSDL._SY300_.jpg", "price": 39.99, "numReviews": 9, "groups": [160], "averageRating": 2.6666666666666665}, {"asin": "B00BTFFE5Q", "name": "New VIZIO dual side keyboard Internet remote for M420SV M470SV M550SV M420SL M470SL M550SL M370SR M420SR M420KD E551VA E601i-A3", "imUrl": "http://ecx.images-amazon.com/images/I/51zTCv49cDL._SY300_.jpg", "price": 18.49, "numReviews": 1, "groups": [161], "averageRating": 4.0, "brand": "VIZIO"}, {"asin": "B00D0GNAKS", "name": "NEW Original Vizio Universal Remote XRV4TV for almost all VIZIO Brand LCD LED TV---60 Days Warranty!", "imUrl": "http://ecx.images-amazon.com/images/I/41cdmdVzOXL._SY300_.jpg", "price": 9.37, "numReviews": 1, "groups": [162], "averageRating": 5.0, "brand": "VIZIO"}, {"asin": "B0057PLN9K", "name": "Vizio Remote Control VR15 - 0980-0306-0302", "imUrl": "http://ecx.images-amazon.com/images/I/315W8BbcIPL._SY300_.jpg", "price": 5.0, "numReviews": 82, "groups": [163], "averageRating": 4.646341463414634}, {"asin": "B00083ET5G", "name": "One For All URC 10820 10 Device Learning Universal Remote Control (Discontinued by Manufacturer)", "imUrl": "http://ecx.images-amazon.com/images/I/41HVNJ161YL._SY300_.jpg", "price": 18.22, "numReviews": 41, "groups": [164], "averageRating": 4.170731707317073}, {"asin": "B00ERAGS9G", "name": "BD RMT-B104P BLU-RAY DISC PLAYER REMOTE CONTROL For SONY BDP-S360/560", "imUrl": "http://ecx.images-amazon.com/images/I/31sMsaV%2BA7L._SX300_.jpg", "price": 6.89, "numReviews": 2, "groups": [165], "averageRating": 4.5}, {"asin": "B0027EWTQU", "name": "Philips Replacement Universal Remote Control Model SRU4100", "imUrl": "http://ecx.images-amazon.com/images/I/41piBGku2QL._SY300_.jpg", "price": 24.99, "numReviews": 5, "groups": [166], "averageRating": 4.6}, {"asin": "B004XWEDUY", "name": "SONY 1-487-641-11 REMOTE CONTROL INFRARED RM-ADU078 OEM ORIGINAL PART 148764111", "imUrl": "http://ecx.images-amazon.com/images/I/41qVmb2Ui7L._SX300_.jpg", "price": 19.14, "numReviews": 3, "groups": [167], "averageRating": 5.0}, {"asin": "B001DFQJLU", "name": "SONY 1-479-327-12 REMOTE CONTROL RM-YD002 OEM ORIGINAL PART 147932712", "imUrl": "http://ecx.images-amazon.com/images/I/21r0n0RJziL.jpg", "price": 10.49, "numReviews": 30, "groups": [168], "averageRating": 4.433333333333334}, {"asin": "B007TAMJWQ", "name": "RCA Rcrps04Gr 4-Device Universal Remote", "imUrl": "http://ecx.images-amazon.com/images/I/41FXGkR9aRL._SY300_.jpg", "price": 10.31, "numReviews": 56, "groups": [169], "averageRating": 4.0}, {"asin": "B000B8KAME", "name": "Miracle Remote for Toshiba TV", "imUrl": "http://ecx.images-amazon.com/images/I/41HYHQSRV1L._SY300_.jpg", "price": 11.99, "numReviews": 34, "groups": [170], "averageRating": 3.6470588235294117}, {"asin": "B0041KUZ96", "name": "Vizio Remote Control 0980-0305-3110 (VR2 White)", "imUrl": "http://ecx.images-amazon.com/images/I/31jdjeStKzL._SX300_.jpg", "price": 18.95, "numReviews": 18, "groups": [171], "averageRating": 4.388888888888889}, {"asin": "B00ASLOJBC", "name": "NEW Vizio Dual side keyboard QWERTY Remote Control XRV1TV for M420SV M470SV M550SV M420SL M470SL M550SL M370SR M420SR M420KD E551VA - Vudu-Netflix-Amazon Internet Apps Keyboard", "imUrl": "http://ecx.images-amazon.com/images/I/51zTCv49cDL._SY300_.jpg", "price": 19.39, "numReviews": 3, "groups": [172], "averageRating": 3.3333333333333335}, {"asin": "B0002M5NFI", "name": "X10 Universal 5-in-1 Learning Remote", "imUrl": "http://ecx.images-amazon.com/images/I/41x8yW4V-PL._SY300_.jpg", "price": 9.99, "numReviews": 3, "groups": [173], "averageRating": 2.6666666666666665}, {"asin": "B0040XQ7PK", "name": "One For All OARI06G Infinity Smart 6 Device Remote Control (Black) (Discontinued by Manufacturer)", "imUrl": "http://ecx.images-amazon.com/images/I/418Eg7qg%2BDL._SY300_.jpg", "price": 18.22, "numReviews": 33, "groups": [174], "averageRating": 3.909090909090909}, {"asin": "B00HVV1TBK", "name": "Universal Remote Replacement Control Fit For Vizio E320-VA E320VL E320-VL E320VP PLASMA LCD LED HDTV TV", "imUrl": "http://ecx.images-amazon.com/images/I/316jItwSQmL._SX300_.jpg", "price": 8.45, "numReviews": 1, "groups": [175], "averageRating": 5.0}, {"asin": "B00CPRF8JE", "name": "U40 Universal Television Remote Control for TVs & VCRs", "imUrl": "http://ecx.images-amazon.com/images/I/41fE-7P19DL._SY300_.jpg", "price": 14.99, "numReviews": 2, "groups": [176], "averageRating": 1.0}, {"asin": "B00D6X07YW", "name": "Original VIZIO VR17 Remote Control Replacement", "imUrl": "http://ecx.images-amazon.com/images/I/41lvZ9RXBjL._SY300_.jpg", "price": 12.72, "numReviews": 1, "groups": [177], "averageRating": 3.0, "brand": "VIZIO"}, {"asin": "B00F4D0QDY", "name": "SONY OEM Original Part: 1-480-617-12 RM-YD023 TV Remote Control", "imUrl": "http://ecx.images-amazon.com/images/I/21U54Mv8ynL.jpg", "price": 13.02, "numReviews": 4, "groups": [68], "averageRating": 4.5}, {"asin": "B007V5AVK6", "name": "Vizio Remote Control - 0980-0306-0900 (XRD1TV)", "imUrl": "http://ecx.images-amazon.com/images/I/31VwTtG9kkL._SX300_.jpg", "price": 10.48, "numReviews": 4, "groups": [178], "averageRating": 4.75}, {"asin": "B00E59WGTU", "name": "Remote Control For Sony RMT-B104P RMT-B104A RMT-B105A BD Blu-Ray DVD Disc Player", "imUrl": "http://ecx.images-amazon.com/images/I/31GMCDZA%2BbL._SY300_.jpg", "price": 14.89, "numReviews": 2, "groups": [179], "averageRating": 3.0}, {"asin": "B001R5E6U2", "name": "Lazboy LZ6100DC 8-Function Mega Universal Remote Control (Discontinued by Manufacturer)", "imUrl": "http://ecx.images-amazon.com/images/I/41ekhI8ZMTL._SY300_.jpg", "price": 4.99, "numReviews": 5, "groups": [180], "averageRating": 3.2}, {"asin": "B000FSF90S", "name": "Sony Universal Learning Remote Control RMVL600 8 device", "imUrl": "http://ecx.images-amazon.com/images/I/41nt1iwJk0L._SY300_.jpg", "price": 95.74, "numReviews": 9, "groups": [181], "averageRating": 4.777777777777778}, {"asin": "B001DPVGCW", "name": "Toshiba CT-90302 Factory Original Remote Control", "imUrl": "http://ecx.images-amazon.com/images/I/410ZrjJavDL._SX300_.jpg", "price": 10.56, "numReviews": 66, "groups": [145], "averageRating": 4.4393939393939394, "brand": "Toshiba"}, {"asin": "B00385XUF6", "name": "Sony RMVZ220 Remote Control Up To 4 Compatible Video Components (Black) (Discontinued by Manufacturer)", "imUrl": "http://ecx.images-amazon.com/images/I/41QuvpLSVEL._SY300_.jpg", "price": 9.82, "numReviews": 167, "groups": [182], "averageRating": 4.263473053892215, "brand": "Sony"}, {"asin": "B000B8NI28", "name": "Miracle Remote for Sony TV", "imUrl": "http://ecx.images-amazon.com/images/I/41R8HK7AMCL._SY300_.jpg", "price": 19.72, "numReviews": 9, "groups": [183], "averageRating": 3.4444444444444446}, {"asin": "B00B2D4DIO", "name": "EX T.I.T Big Button Universal Remote Control(U-43) - Retail Packaging", "imUrl": "http://ecx.images-amazon.com/images/I/41NFe5fDKIL._SY300_.jpg", "price": 8.49, "numReviews": 32, "groups": [184], "averageRating": 4.03125}, {"asin": "B009EPRCWG", "name": "New! Original Vizio VR17 Remote for:E472VL E552VL E422VA E322VL M261VP E422VA E552VL E472VL E320ND E371ND and More", "imUrl": "http://ecx.images-amazon.com/images/I/31m4xru2V%2BL._SX300_.jpg", "price": 5.17, "numReviews": 27, "groups": [185], "averageRating": 4.222222222222222}, {"asin": "B001CDOTSI", "name": "Philips SRU4105/27 Universal Icon Remote (Silver) (Discontinued by Manufacturer)", "imUrl": "http://ecx.images-amazon.com/images/I/41I9UQmx-TL._SY300_.jpg", "price": 67.99, "numReviews": 28, "groups": [186], "averageRating": 3.7142857142857144}, {"asin": "B00A7ENHTU", "name": "HISENSE Replacement Remote Control for EN31201A, F24V77C, F40V87C, F46K20E, H24V86", "imUrl": "http://ecx.images-amazon.com/images/I/413GqS5EeGL._SY300_.jpg", "price": 52.0, "numReviews": 1, "groups": [187], "averageRating": 4.0}, {"asin": "B007R7V562", "name": "Universal Television Remote Control", "imUrl": "http://ecx.images-amazon.com/images/I/31yDBGAKHXL.jpg", "price": 8.72, "numReviews": 3, "groups": [188], "averageRating": 5.0}, {"asin": "B009TPRG9A", "name": "New! Original VIZIO XRT302 Qwerty keyboard remote for M650VSE M550VSE M470VSE M-GO TV internet TV---30 days warranty!", "imUrl": "http://ecx.images-amazon.com/images/I/51J3woCL8lL._SY300_.jpg", "price": 8.99, "numReviews": 99, "groups": [189], "averageRating": 4.646464646464646, "brand": "VIZIO"}, {"asin": "B001UGR33K", "name": "Sony SONY 148072212 (RM-YD025) REMOTE CONTROL", "imUrl": "http://ecx.images-amazon.com/images/I/21xQr7jrHEL.jpg", "price": 23.95, "numReviews": 4, "groups": [190], "averageRating": 5.0, "brand": "Sony"}, {"asin": "B004O4S5IC", "name": "Universal TV Remote Television Control", "imUrl": "http://ecx.images-amazon.com/images/I/315oHsQsLAL.jpg", "price": 5.97, "numReviews": 1, "groups": [191], "averageRating": 5.0}, {"asin": "B00F1OVI6U", "name": "BRAND New Original VIZIO SMART TV alphanumeric (letters on back) remote control, Qwerty dual side keyboard remote control ---30 days warranty!", "imUrl": "http://ecx.images-amazon.com/images/I/51P%2BmLWPNdL._SY300_.jpg", "price": 19.5, "numReviews": 1, "groups": [192], "averageRating": 5.0, "brand": "VIZIO"}, {"asin": "B003E31O7I", "name": "Zenith ZC500 5-Device Remote Control", "imUrl": "http://ecx.images-amazon.com/images/I/41rF2DKmNwL._SY300_.jpg", "price": 7.32, "numReviews": 14, "groups": [193], "averageRating": 3.2857142857142856, "brand": "Zenith"}, {"asin": "B00EDTT9JW", "name": "Philips OEM Original Part: 242254902349 TV Remote Control", "imUrl": "http://ecx.images-amazon.com/images/I/41tNd0d5EZL._SY300_.jpg", "price": 18.99, "numReviews": 1, "groups": [194], "averageRating": 5.0, "brand": "Philips"}, {"asin": "B000YDD4ME", "name": "Sony Remote Control - RMEZ4TT (Silver)", "imUrl": "http://ecx.images-amazon.com/images/I/41vbnNmmQ0L._SY300_.jpg", "price": 11.99, "numReviews": 1, "groups": [195], "averageRating": 3.0}, {"asin": "B001881HIM", "name": "Big Button TV Universal Remote", "imUrl": "http://ecx.images-amazon.com/images/I/31%2BPB5yoZ0L.jpg", "price": 24.95, "numReviews": 1, "groups": [196], "averageRating": 2.0}, {"asin": "B00A3RX7PK", "name": "Brand New Remote Control VR15 for VIZIO E421VL E551VL E420VL E470VL E550VL E470VLE E421VO; E420VO E370VL E321VL E371VL E320VP E320VL", "imUrl": "http://ecx.images-amazon.com/images/I/4195eGvEEJL._SY300_.jpg", "price": 14.99, "numReviews": 4, "groups": [125, 163], "averageRating": 4.5, "brand": "VIZIO"}, {"asin": "B00ATM9ZL4", "name": "BRAND New Original VIZIO 3D XRV13D Qwerty keyboard remote for M3D650SV M3D550SL M3D470KD M3D550KD; E3D320VX E3D420VX E3D470VX M3D550KDE - M3D470KDE M3D550KDE M3D470KDE M3D550KD M3D650SV M3D550SL M3D470KD M3D550KD E3D320VX E3D420VX E3D470VX 3D internet TV---US Selling", "imUrl": "http://ecx.images-amazon.com/images/I/51f-ZSniprL._SX300_.jpg", "price": 8.93, "numReviews": 10, "groups": [154], "averageRating": 3.9, "brand": "VIZIO"}, {"asin": "B000FCSWX0", "name": "RCA RCR311BR Three-Device Universal Remote (Discontinued by Manufacturer)", "imUrl": "http://ecx.images-amazon.com/images/I/41xGHTA8vEL._SY300_.jpg", "price": 5.95, "numReviews": 117, "groups": [197], "averageRating": 3.700854700854701}, {"asin": "B000063CA2", "name": "Philips 5-Device Remote With Learning And Advanced DVD Functions (PM520G) (Discontinued by Manufacturer)", "imUrl": "http://ecx.images-amazon.com/images/I/112WAB7KH6L.jpg", "price": 19.95, "numReviews": 3, "groups": [198], "averageRating": 4.0}, {"asin": "B001ULCTK2", "name": "Jasco 24993 Universal Remote Control", "imUrl": "http://ecx.images-amazon.com/images/I/41LdFdQDhuL._SY300_.jpg", "price": 8.16, "numReviews": 10, "groups": [199], "averageRating": 3.3, "brand": "Jasco"}, {"asin": "B00442C8P0", "name": "Sony OEM 148767311 (RMT-B107A) Remote Control", "imUrl": "http://ecx.images-amazon.com/images/I/11HyGT-1OVL.jpg", "price": 17.99, "numReviews": 61, "groups": [39], "averageRating": 4.655737704918033, "brand": "Sony"}, {"asin": "B00CS34FQM", "name": "New VIZIO Smart TV keyboard remote XRV1TV", "imUrl": "http://ecx.images-amazon.com/images/I/41oeAfqad0L._SY300_.jpg", "price": 14.39, "numReviews": 3, "groups": [200], "averageRating": 5.0, "brand": "VIZIO"}, {"asin": "B001DFTH3C", "name": "Philips SRU2103S/27 Universal Big Button 3 Device Remote (Silver/Black) (Discontinued by Manufacturer)", "imUrl": "http://ecx.images-amazon.com/images/I/41IlWfJVpYL._SY300_.jpg", "price": 5.99, "numReviews": 2, "groups": [201], "averageRating": 5.0}, {"asin": "B00B1XC59E", "name": "8 in 1 Jumbo Universal Remote - Control up to 8 Devices - Tv, Dvd, Cable, Satelite, VCR", "imUrl": "http://ecx.images-amazon.com/images/I/51ili6WVSoL._SY300_.jpg", "price": 29.98, "numReviews": 1, "groups": [202], "averageRating": 5.0}, {"asin": "B000246UEE", "name": "Universal Remote Control, 8 Device Infrared, Black", "imUrl": "http://ecx.images-amazon.com/images/I/41S7wzQTuBL._SY300_.jpg", "price": 9.82, "numReviews": 4, "groups": [203], "averageRating": 3.0}, {"asin": "B00308SVPA", "name": "SONY OEM 1-487-196-11 REMOTE COMMANDER (RM", "imUrl": "http://ecx.images-amazon.com/images/I/21tfXB2IDuL.jpg", "price": 10.58, "numReviews": 3, "groups": [204], "averageRating": 5.0}, {"asin": "B009D5RDEY", "name": "TOSHIBA Replacement Remote Control for 20HLV86S, 20HLV16S, AH301805, 19HLV87, 23HLV87", "imUrl": "http://ecx.images-amazon.com/images/I/41Y-bK%2BUi1L._SY300_.jpg", "price": 49.95, "numReviews": 3, "groups": [205], "averageRating": 4.333333333333333}, {"asin": "B00CJELQNU", "name": "TOSHIBA OEM Original Part: 75023576 TV Remote Control", "imUrl": "http://ecx.images-amazon.com/images/I/41L7-15-SsL._SY300_.jpg", "price": 35.97, "numReviews": 3, "groups": [206], "averageRating": 5.0}, {"asin": "B0026L7B8U", "name": "Philips SRU5108/27 8 Device Universal Remote Control", "imUrl": "http://ecx.images-amazon.com/images/I/31SYHEmV5%2BL._SY300_.jpg", "price": 14.99, "numReviews": 28, "groups": [207], "averageRating": 3.9285714285714284}, {"asin": "B0077BNJ4E", "name": "GE Universal Remote Control", "imUrl": "http://ecx.images-amazon.com/images/I/41vuxN7E42L._SY300_.jpg", "price": 22.89, "numReviews": 3, "groups": [208], "averageRating": 2.6666666666666665}, {"asin": "B009H5NSZS", "name": "ENVISION Replacement Remote Control for L22W861, L19W861, 098TR7BD1NEENF, L22W861", "imUrl": "http://ecx.images-amazon.com/images/I/41q8VeeQT%2BL._SY300_.jpg", "price": 28.0, "numReviews": 1, "groups": [209], "averageRating": 5.0}, {"asin": "B001DH8LL4", "name": "Sony REMOTE RM-Y194", "imUrl": "http://ecx.images-amazon.com/images/I/41EJLLDyYwL._SY300_.jpg", "price": 10.49, "numReviews": 6, "groups": [210], "averageRating": 5.0}, {"asin": "B000R7NBIO", "name": "American Clocks Universal Giant Jumbo Remote Control", "imUrl": "http://ecx.images-amazon.com/images/I/41MNembu0VL._SY300_.jpg", "price": 7.48, "numReviews": 15, "groups": [211], "averageRating": 3.2}, {"asin": "B00DEA6SD6", "name": "Brand NEW Hisense TV REMOTE EN-22652A for Hisense LHD32A300MUS LHD32K20NUS LHD32K26NUS LHD32K360US LTDN39K310US LTDN39V77NUS LTDN40K360US LTDN42A300US LTDN42K26US LTDN42K310BUS LTDN50K310USLTDN46K360US LTDN50K310US LTDN50K360GUS LTDN55K310GUS LTDN55K310US LTDN55K362GUS TV", "imUrl": "http://ecx.images-amazon.com/images/I/41ySq5DnibL._SY300_.jpg", "price": 19.49, "numReviews": 4, "groups": [32, 148], "averageRating": 4.0}, {"asin": "B001DFA7CM", "name": "SONY 1-480-692-11 REMOTE CONTROL RM-YD026 OEM ORIGINAL PART 148069211", "imUrl": "http://ecx.images-amazon.com/images/I/21Zv%2BIDCLfL.jpg", "price": 11.09, "numReviews": 11, "groups": [212], "averageRating": 4.636363636363637}, {"asin": "B00B6U8OLU", "name": "Hype Jumbo Universal 3 In 1 Control", "imUrl": "http://ecx.images-amazon.com/images/I/51fhVskyA0L._SY300_.jpg", "price": 9.99, "numReviews": 1, "groups": [213], "averageRating": 2.0}, {"asin": "B000066AX5", "name": "Sony RM-AV3000 Universal Remote Control with Touch-key LCD Screen (Discontinued by Manufacturer)", "imUrl": "http://ecx.images-amazon.com/images/I/51SCEG3GPNL._SY300_.jpg", "price": 22.89, "numReviews": 55, "groups": [214], "averageRating": 3.581818181818182}, {"asin": "B009I1ZS3Q", "name": "TOSHIBA Replacement Remote Control for SDK1000KU, SDK1000, AH700793, SER0375", "imUrl": "http://ecx.images-amazon.com/images/I/41uw7NJm2YL._SY300_.jpg", "price": 24.68, "numReviews": 1, "groups": [215], "averageRating": 5.0}, {"asin": "B00IKZ1OGQ", "name": "New Genuine VIZIO Smart TV remote XRT510 work for all VIZIO M-series Smart internet App TV, for example below model: M701D-A3R M551DA2 M551D-A2R M551DA2R M601D-A3 M601DA3 M601D-A3R M601DA3R M651D-A2 M651DA2 M651D-A2R M651DA2R M701D-A3 M701DA3 M701D-A3R M701DA3R M801D-A3 M801DA3 M801D-A3R M651D-A2R M601D-A3R M321i-A2 M321iA2 M401i-A3 M401iA3 M471i-A2 M471iA2 M501D-A2 M501DA2 M501D-A2R M501DA2R M551D-A2 M801DA3R----USA Seller, quick shipping!", "imUrl": "http://ecx.images-amazon.com/images/I/418WHfCJ5eL._SY300_.jpg", "price": 17.98, "numReviews": 2, "groups": [216], "averageRating": 4.0, "brand": "VIZIO"}, {"asin": "B009H5Q4EA", "name": "TOSHIBA Replacement Remote Control for 32A46, 20A42, 32A36, AD301451, 27A45C, CT837", "imUrl": "http://ecx.images-amazon.com/images/I/41qrg8RnkLL._SY300_.jpg", "price": 19.03, "numReviews": 1, "groups": [217], "averageRating": 5.0}, {"asin": "B003ODKAFU", "name": "AmerTac - Zenith ZB410 4-Device Big Button Universal Remote", "imUrl": "http://ecx.images-amazon.com/images/I/416ZdgKL6HL._SY300_.jpg", "price": 11.68, "numReviews": 2, "groups": [218], "averageRating": 2.0, "brand": "AmerTac - Zenith"}, {"asin": "B00G3DMTHK", "name": "Toshiba 75028874 Remote Control Ct90325", "imUrl": "http://ecx.images-amazon.com/images/I/41VDely8VKL._SY300_.jpg", "price": 12.43, "numReviews": 1, "groups": [219], "averageRating": 5.0, "brand": "Toshiba"}, {"asin": "B00102VQZ0", "name": "Innovage 569976 Jumbo Universal Remote", "imUrl": "http://ecx.images-amazon.com/images/I/51Q5CNuRb4L._SY300_.jpg", "price": 17.97, "numReviews": 3, "groups": [220], "averageRating": 1.6666666666666667, "brand": "Innovage"}, {"asin": "B0032XFZC0", "name": "ONE4ALL Univ 3DEVICE Remote Blk Tv Directv Dvr Learns and Macro", "imUrl": "http://ecx.images-amazon.com/images/I/41cuMaHfdLL._SY300_.jpg", "price": 12.99, "numReviews": 15, "groups": [221], "averageRating": 3.6666666666666665}, {"asin": "B00006686A", "name": "Philips Magnavox PM435S 4-Device Universal Remote Control (Discontinued by Manufacturer)", "imUrl": "http://ecx.images-amazon.com/images/I/414E3F5JQDL._SY300_.jpg", "price": 14.99, "numReviews": 59, "groups": [222], "averageRating": 3.7966101694915255}, {"asin": "B003IZFCFW", "name": "Logitech Harmony 300 Remote Control 915-000143", "imUrl": "http://ecx.images-amazon.com/images/I/41PIZgDP9zL._SY300_.jpg", "price": 44.99, "numReviews": 374, "groups": [223], "averageRating": 3.8262032085561497, "brand": "Logitech"}, {"asin": "B004PYS45K", "name": "Philips SRP5107/27 Universal Remote Control featuring Simple Setup (Black)", "imUrl": "http://ecx.images-amazon.com/images/I/419AbX8VwWL._SY300_.jpg", "price": 14.99, "numReviews": 78, "groups": [224], "averageRating": 4.051282051282051}, {"asin": "B00J7KM5X4", "name": "Logitech Harmony 350 for Universal Control of Up To 8 Entertainment Devices", "imUrl": "http://ecx.images-amazon.com/images/I/41cmMb4oUML._SY300_.jpg", "price": 54.0, "numReviews": 11, "groups": [223], "averageRating": 3.4545454545454546, "brand": "Logitech"}, {"asin": "B000N2OBWS", "name": "RCA 4-Device Universal Remote Control (RCR4358)", "imUrl": "http://ecx.images-amazon.com/images/I/41xBdxj3nXL._SY300_.jpg", "price": 14.94, "numReviews": 36, "groups": [225], "averageRating": 2.6666666666666665, "brand": "RCA"}, {"asin": "B00CV4AHQ0", "name": "New Original VIZIO VR10 Remote for VIZIO M260VA M320VA M220VA M190VA E190VA E220VA E260VA E261VA M260VA E190VA E220VA E260VA M320VA M220VA M190VA E261VA M260VA M320VA M220VA M190VA E190VA E220VA E260VA E261VA E320VA, E321VA, E370VA, E371VA, E420VA, E421VA, E470VA, E550VA M190VA, M220VA, M220VA-CA --Origina new! 60 days Warranty!", "imUrl": "http://ecx.images-amazon.com/images/I/4136ZUSruBL._SY300_.jpg", "price": 9.96, "numReviews": 15, "groups": [17], "averageRating": 4.8, "brand": "VIZIO"}, {"asin": "B002DHYV1W", "name": "SONY 1-480-616-13 REMOTE CONTROL RM-YD024 OEM ORIGINAL PART 148061613", "imUrl": "http://ecx.images-amazon.com/images/I/41m2VM36jdL._SX300_.jpg", "price": 82.99, "numReviews": 5, "groups": [226], "averageRating": 4.6}, {"asin": "B0057PPM7E", "name": "Vizio Remote Control XRV1TV 3D - 0980-0306-0921", "imUrl": "http://ecx.images-amazon.com/images/I/41A5arZtl7L._SX300_.jpg", "price": 8.87, "numReviews": 222, "groups": [227], "averageRating": 4.40990990990991}, {"asin": "B00ASW0ZEQ", "name": "BRAND New Original VIZIO 3D XRT303 Qwerty keyboard remote for M3D550KDE M3D470KDE M3D550KD M3D650SV M3D550SL M3D470KD M3D550KD E3D320VX E3D420VX E3D470VX 3D M420SV M470SV M550SV M420SL M470SL M550SL M420SV M470SV M550SV M370SR M420SR M420KD E551VA internet TV---Qwerty keyboard dual side remote", "imUrl": "http://ecx.images-amazon.com/images/I/519R1tBqlcL._SX300_.jpg", "price": 10.76, "numReviews": 2, "groups": [228], "averageRating": 2.5, "brand": "VIZIO"}, {"asin": "B00008UVAB", "name": "RCA RCU300TMS Universal 3 Device Remote Control (Discontinued by Manufacturer)", "imUrl": "http://ecx.images-amazon.com/images/I/411H075XVFL._SY300_.jpg", "price": 3.99, "numReviews": 1, "groups": [229], "averageRating": 2.0, "brand": "RCA"}, {"asin": "B00308HN5E", "name": "Sony Rmt-d175a Remote Control", "imUrl": "http://ecx.images-amazon.com/images/I/11VMSi82hTL.jpg", "price": 10.35, "numReviews": 3, "groups": [230], "averageRating": 4.666666666666667}, {"asin": "B008DZ07ZM", "name": "Polaroid RC-6049 Remote Control", "imUrl": "http://ecx.images-amazon.com/images/I/31UzXG3ecxL._SY300_.jpg", "price": 9.49, "numReviews": 2, "groups": [231], "averageRating": 3.0}, {"asin": "B002JW7BN6", "name": "VIZIO Remote Control (VUR8) Universal Programmable Remote", "imUrl": "http://ecx.images-amazon.com/images/I/31myjlmpn8L._SY300_.jpg", "price": 12.84, "numReviews": 75, "groups": [232], "averageRating": 4.373333333333333}, {"asin": "B0077DEP6S", "name": "New Vizio LED Razor Remote Control VUR11 Ivory M190VA-W M220VA-W M260VA-W M190VA-CA M220VA-CA E320VA E321VA E370VA E371VA E420VA E421VA E470VA E550VA", "imUrl": "http://ecx.images-amazon.com/images/I/51Uyy1TVLxL._SX300_.jpg", "price": 3.49, "numReviews": 1, "groups": [233], "averageRating": 5.0}, {"asin": "B006LQEVVQ", "name": "Jumbo Large Universal Remote Control", "imUrl": "http://ecx.images-amazon.com/images/I/41TTlbeV9sL._SX300_.jpg", "price": 10.15, "numReviews": 3, "groups": [234], "averageRating": 4.666666666666667}, {"asin": "B00ASVYLQ0", "name": "BRAND New Original VIZIO XRT302 Qwerty keyboard remote for M420SV M470SV M550SV M420SL M470SL M550SL M420SV M470SV M550SV M370SR M420SR M420KD E551VA internet TV---Qwerty keyboard dual side remote", "imUrl": "http://ecx.images-amazon.com/images/I/51gA5Boi7yL._SX300_.jpg", "price": 19.31, "numReviews": 4, "groups": [235], "averageRating": 4.25, "brand": "VIZIO"}, {"asin": "B001DPRUMW", "name": "Toshiba CT90275 Factory Original Remote Control", "imUrl": "http://ecx.images-amazon.com/images/I/41Eqnf-pxNL._SX300_.jpg", "price": 14.81, "numReviews": 134, "groups": [146], "averageRating": 4.402985074626866, "brand": "Toshiba"}, {"asin": "B004JPLG96", "name": "VIZIO Remote Control VR10- 098GRABD7NEVZJ", "imUrl": "http://ecx.images-amazon.com/images/I/311ZGBzAvsL._SX300_.jpg", "price": 3.49, "numReviews": 110, "groups": [236], "averageRating": 4.509090909090909, "brand": "VIZIO"}, {"asin": "B007AUW3F8", "name": "Toshiba Blu-ray Remote Control SE-R0402", "imUrl": "http://ecx.images-amazon.com/images/I/41LtPYtysPL._SY300_.jpg", "price": 19.95, "numReviews": 2, "groups": [237], "averageRating": 3.0}, {"asin": "B003E2YYCG", "name": "AmerTac - Zenith ZC600 6-Device Universal Learning Remote", "imUrl": "http://ecx.images-amazon.com/images/I/41mZ5G9bXhL._SY300_.jpg", "price": 12.95, "numReviews": 30, "groups": [238], "averageRating": 4.233333333333333, "brand": "AmerTac - Zenith"}, {"asin": "B000VV3IMA", "name": "Journey's Edge Universal Jumbo Remote Control", "imUrl": "http://ecx.images-amazon.com/images/I/51oAYqp15eL._SY300_.jpg", "price": 18.5, "numReviews": 9, "groups": [239], "averageRating": 2.888888888888889}, {"asin": "B001DFJQ0G", "name": "SONY 1-479-641-11 REMOTE CONTROL RM-ADU003 OEM ORIGINAL PART 147964111", "imUrl": "http://ecx.images-amazon.com/images/I/31M2e6JsJrL._SY300_.jpg", "price": 49.17, "numReviews": 9, "groups": [123], "averageRating": 4.888888888888889}], "links": [{"source": 0, "target": 1, "right": false, "left": true, "value": 1}, {"source": 0, "target": 2, "right": false, "left": true, "value": 1}, {"source": 0, "target": 3, "right": false, "left": true, "value": 1}, {"source": 0, "target": 4, "right": false, "left": true, "value": 1}, {"source": 5, "target": 114, "right": true, "left": false, "value": 1}, {"source": 6, "target": 129, "right": false, "left": true, "value": 1}, {"source": 6, "target": 53, "right": false, "left": true, "value": 1}, {"source": 6, "target": 126, "right": true, "left": false, "value": 1}, {"source": 7, "target": 82, "right": false, "left": true, "value": 1}, {"source": 7, "target": 143, "right": true, "left": false, "value": 1}, {"source": 8, "target": 173, "right": true, "left": false, "value": 1}, {"source": 9, "target": 188, "right": true, "left": false, "value": 1}, {"source": 10, "target": 125, "right": true, "left": false, "value": 1}, {"source": 11, "target": 208, "right": true, "left": false, "value": 1}, {"source": 12, "target": 122, "right": true, "left": false, "value": 1}, {"source": 13, "target": 208, "right": true, "left": false, "value": 1}, {"source": 13, "target": 188, "right": true, "left": false, "value": 1}, {"source": 14, "target": 152, "right": false, "left": true, "value": 1}, {"source": 14, "target": 111, "right": false, "left": true, "value": 1}, {"source": 15, "target": 141, "right": true, "left": false, "value": 1}, {"source": 16, "target": 115, "right": false, "left": true, "value": 1}, {"source": 16, "target": 81, "right": false, "left": true, "value": 1}, {"source": 16, "target": 99, "right": false, "left": true, "value": 1}, {"source": 17, "target": 96, "right": true, "left": true, "value": 1}, {"source": 17, "target": 133, "right": false, "left": true, "value": 1}, {"source": 17, "target": 237, "right": true, "left": true, "value": 1}, {"source": 17, "target": 78, "right": false, "left": true, "value": 1}, {"source": 17, "target": 179, "right": false, "left": true, "value": 1}, {"source": 17, "target": 154, "right": false, "left": true, "value": 1}, {"source": 17, "target": 124, "right": false, "left": true, "value": 1}, {"source": 18, "target": 155, "right": true, "left": false, "value": 1}, {"source": 18, "target": 165, "right": false, "left": true, "value": 1}, {"source": 18, "target": 195, "right": true, "left": false, "value": 1}, {"source": 19, "target": 188, "right": true, "left": false, "value": 1}, {"source": 19, "target": 189, "right": false, "left": true, "value": 1}, {"source": 20, "target": 188, "right": true, "left": false, "value": 1}, {"source": 21, "target": 155, "right": true, "left": false, "value": 1}, {"source": 21, "target": 195, "right": true, "left": false, "value": 1}, {"source": 22, "target": 126, "right": true, "left": false, "value": 1}, {"source": 23, "target": 168, "right": false, "left": true, "value": 1}, {"source": 23, "target": 251, "right": true, "left": false, "value": 1}, {"source": 23, "target": 231, "right": false, "left": true, "value": 1}, {"source": 24, "target": 54, "right": true, "left": false, "value": 1}, {"source": 25, "target": 126, "right": true, "left": false, "value": 1}, {"source": 26, "target": 142, "right": true, "left": false, "value": 1}, {"source": 27, "target": 173, "right": true, "left": false, "value": 1}, {"source": 28, "target": 114, "right": true, "left": false, "value": 1}, {"source": 28, "target": 195, "right": true, "left": false, "value": 1}, {"source": 28, "target": 204, "right": true, "left": false, "value": 1}, {"source": 28, "target": 239, "right": true, "left": false, "value": 1}, {"source": 29, "target": 67, "right": false, "left": true, "value": 1}, {"source": 29, "target": 147, "right": false, "left": true, "value": 1}, {"source": 29, "target": 150, "right": true, "left": false, "value": 1}, {"source": 30, "target": 246, "right": true, "left": false, "value": 1}, {"source": 31, "target": 233, "right": true, "left": false, "value": 1}, {"source": 32, "target": 221, "right": true, "left": true, "value": 1}, {"source": 32, "target": 151, "right": false, "left": true, "value": 1}, {"source": 33, "target": 150, "right": true, "left": false, "value": 1}, {"source": 33, "target": 126, "right": true, "left": false, "value": 1}, {"source": 34, "target": 186, "right": false, "left": true, "value": 1}, {"source": 34, "target": 188, "right": true, "left": false, "value": 1}, {"source": 35, "target": 160, "right": false, "left": true, "value": 1}, {"source": 35, "target": 67, "right": false, "left": true, "value": 1}, {"source": 35, "target": 230, "right": false, "left": true, "value": 1}, {"source": 35, "target": 75, "right": false, "left": true, "value": 1}, {"source": 35, "target": 112, "right": false, "left": true, "value": 1}, {"source": 35, "target": 113, "right": false, "left": true, "value": 1}, {"source": 35, "target": 147, "right": false, "left": true, "value": 1}, {"source": 35, "target": 252, "right": false, "left": true, "value": 1}, {"source": 35, "target": 246, "right": false, "left": true, "value": 1}, {"source": 35, "target": 87, "right": false, "left": true, "value": 1}, {"source": 35, "target": 220, "right": false, "left": true, "value": 1}, {"source": 36, "target": 57, "right": true, "left": false, "value": 1}, {"source": 36, "target": 226, "right": false, "left": true, "value": 1}, {"source": 37, "target": 41, "right": true, "left": false, "value": 1}, {"source": 37, "target": 188, "right": true, "left": false, "value": 1}, {"source": 38, "target": 80, "right": true, "left": true, "value": 1}, {"source": 38, "target": 188, "right": true, "left": false, "value": 1}, {"source": 39, "target": 208, "right": true, "left": true, "value": 1}, {"source": 39, "target": 188, "right": true, "left": false, "value": 1}, {"source": 40, "target": 173, "right": true, "left": false, "value": 1}, {"source": 41, "target": 64, "right": false, "left": true, "value": 1}, {"source": 41, "target": 194, "right": false, "left": true, "value": 1}, {"source": 41, "target": 163, "right": false, "left": true, "value": 1}, {"source": 41, "target": 223, "right": false, "left": true, "value": 1}, {"source": 41, "target": 102, "right": false, "left": true, "value": 1}, {"source": 41, "target": 137, "right": false, "left": true, "value": 1}, {"source": 41, "target": 138, "right": false, "left": true, "value": 1}, {"source": 41, "target": 201, "right": false, "left": true, "value": 1}, {"source": 41, "target": 202, "right": false, "left": true, "value": 1}, {"source": 41, "target": 156, "right": false, "left": true, "value": 1}, {"source": 41, "target": 243, "right": false, "left": true, "value": 1}, {"source": 41, "target": 84, "right": false, "left": true, "value": 1}, {"source": 41, "target": 150, "right": true, "left": true, "value": 1}, {"source": 41, "target": 152, "right": false, "left": true, "value": 1}, {"source": 41, "target": 219, "right": false, "left": true, "value": 1}, {"source": 41, "target": 188, "right": true, "left": false, "value": 1}, {"source": 41, "target": 159, "right": false, "left": true, "value": 1}, {"source": 42, "target": 122, "right": true, "left": false, "value": 1}, {"source": 42, "target": 126, "right": true, "left": false, "value": 1}, {"source": 43, "target": 90, "right": true, "left": false, "value": 1}, {"source": 44, "target": 188, "right": true, "left": false, "value": 1}, {"source": 44, "target": 68, "right": true, "left": false, "value": 1}, {"source": 45, "target": 155, "right": true, "left": false, "value": 1}, {"source": 46, "target": 239, "right": true, "left": false, "value": 1}, {"source": 47, "target": 188, "right": true, "left": false, "value": 1}, {"source": 48, "target": 136, "right": false, "left": true, "value": 1}, {"source": 48, "target": 126, "right": true, "left": false, "value": 1}, {"source": 49, "target": 54, "right": true, "left": false, "value": 1}, {"source": 50, "target": 188, "right": true, "left": false, "value": 1}, {"source": 51, "target": 97, "right": true, "left": false, "value": 1}, {"source": 52, "target": 155, "right": true, "left": false, "value": 1}, {"source": 52, "target": 195, "right": true, "left": false, "value": 1}, {"source": 54, "target": 68, "right": true, "left": false, "value": 1}, {"source": 54, "target": 100, "right": false, "left": true, "value": 1}, {"source": 54, "target": 188, "right": true, "left": false, "value": 1}, {"source": 55, "target": 65, "right": false, "left": true, "value": 1}, {"source": 55, "target": 148, "right": true, "left": false, "value": 1}, {"source": 55, "target": 109, "right": true, "left": false, "value": 1}, {"source": 56, "target": 208, "right": true, "left": false, "value": 1}, {"source": 57, "target": 226, "right": false, "left": true, "value": 1}, {"source": 57, "target": 155, "right": true, "left": false, "value": 1}, {"source": 58, "target": 143, "right": true, "left": false, "value": 1}, {"source": 59, "target": 188, "right": true, "left": false, "value": 1}, {"source": 59, "target": 207, "right": false, "left": true, "value": 1}, {"source": 60, "target": 129, "right": false, "left": true, "value": 1}, {"source": 60, "target": 131, "right": false, "left": true, "value": 1}, {"source": 60, "target": 77, "right": false, "left": true, "value": 1}, {"source": 60, "target": 121, "right": false, "left": true, "value": 1}, {"source": 60, "target": 126, "right": true, "left": false, "value": 1}, {"source": 61, "target": 150, "right": true, "left": false, "value": 1}, {"source": 61, "target": 142, "right": true, "left": false, "value": 1}, {"source": 61, "target": 111, "right": true, "left": false, "value": 1}, {"source": 62, "target": 148, "right": true, "left": false, "value": 1}, {"source": 63, "target": 251, "right": true, "left": false, "value": 1}, {"source": 63, "target": 126, "right": true, "left": false, "value": 1}, {"source": 63, "target": 199, "right": true, "left": false, "value": 1}, {"source": 64, "target": 188, "right": true, "left": false, "value": 1}, {"source": 64, "target": 68, "right": true, "left": false, "value": 1}, {"source": 65, "target": 193, "right": false, "left": true, "value": 1}, {"source": 65, "target": 151, "right": false, "left": true, "value": 1}, {"source": 65, "target": 221, "right": false, "left": true, "value": 1}, {"source": 65, "target": 126, "right": true, "left": false, "value": 1}, {"source": 66, "target": 148, "right": true, "left": false, "value": 1}, {"source": 66, "target": 215, "right": true, "left": false, "value": 1}, {"source": 67, "target": 147, "right": true, "left": false, "value": 1}, {"source": 68, "target": 100, "right": false, "left": true, "value": 1}, {"source": 68, "target": 196, "right": false, "left": true, "value": 1}, {"source": 68, "target": 213, "right": false, "left": true, "value": 1}, {"source": 68, "target": 182, "right": true, "left": true, "value": 1}, {"source": 68, "target": 188, "right": true, "left": false, "value": 1}, {"source": 68, "target": 222, "right": false, "left": true, "value": 1}, {"source": 69, "target": 187, "right": true, "left": false, "value": 1}, {"source": 69, "target": 71, "right": true, "left": false, "value": 1}, {"source": 70, "target": 150, "right": true, "left": false, "value": 1}, {"source": 70, "target": 142, "right": true, "left": false, "value": 1}, {"source": 71, "target": 248, "right": true, "left": false, "value": 1}, {"source": 71, "target": 187, "right": true, "left": false, "value": 1}, {"source": 71, "target": 148, "right": true, "left": false, "value": 1}, {"source": 72, "target": 244, "right": true, "left": false, "value": 1}, {"source": 72, "target": 239, "right": true, "left": false, "value": 1}, {"source": 73, "target": 188, "right": true, "left": false, "value": 1}, {"source": 74, "target": 248, "right": true, "left": false, "value": 1}, {"source": 74, "target": 225, "right": true, "left": false, "value": 1}, {"source": 75, "target": 147, "right": true, "left": false, "value": 1}, {"source": 76, "target": 155, "right": true, "left": false, "value": 1}, {"source": 77, "target": 234, "right": true, "left": false, "value": 1}, {"source": 77, "target": 126, "right": true, "left": false, "value": 1}, {"source": 78, "target": 244, "right": true, "left": false, "value": 1}, {"source": 78, "target": 133, "right": true, "left": true, "value": 1}, {"source": 79, "target": 116, "right": true, "left": false, "value": 1}, {"source": 79, "target": 126, "right": true, "left": false, "value": 1}, {"source": 83, "target": 164, "right": true, "left": false, "value": 1}, {"source": 83, "target": 150, "right": true, "left": false, "value": 1}, {"source": 84, "target": 150, "right": true, "left": false, "value": 1}, {"source": 84, "target": 142, "right": true, "left": false, "value": 1}, {"source": 84, "target": 143, "right": true, "left": false, "value": 1}, {"source": 85, "target": 126, "right": true, "left": false, "value": 1}, {"source": 86, "target": 210, "right": false, "left": true, "value": 1}, {"source": 86, "target": 126, "right": true, "left": false, "value": 1}, {"source": 87, "target": 112, "right": true, "left": false, "value": 1}, {"source": 87, "target": 246, "right": true, "left": false, "value": 1}, {"source": 88, "target": 208, "right": true, "left": false, "value": 1}, {"source": 89, "target": 106, "right": true, "left": false, "value": 1}, {"source": 89, "target": 244, "right": true, "left": false, "value": 1}, {"source": 90, "target": 168, "right": false, "left": true, "value": 1}, {"source": 90, "target": 178, "right": false, "left": true, "value": 1}, {"source": 91, "target": 122, "right": true, "left": false, "value": 1}, {"source": 91, "target": 251, "right": true, "left": false, "value": 1}, {"source": 92, "target": 116, "right": true, "left": false, "value": 1}, {"source": 93, "target": 248, "right": true, "left": false, "value": 1}, {"source": 93, "target": 187, "right": true, "left": false, "value": 1}, {"source": 94, "target": 241, "right": false, "left": true, "value": 1}, {"source": 94, "target": 188, "right": true, "left": false, "value": 1}, {"source": 95, "target": 248, "right": true, "left": false, "value": 1}, {"source": 95, "target": 187, "right": true, "left": false, "value": 1}, {"source": 96, "target": 249, "right": true, "left": false, "value": 1}, {"source": 96, "target": 237, "right": true, "left": true, "value": 1}, {"source": 97, "target": 153, "right": true, "left": true, "value": 1}, {"source": 98, "target": 182, "right": true, "left": false, "value": 1}, {"source": 99, "target": 106, "right": true, "left": false, "value": 1}, {"source": 100, "target": 188, "right": true, "left": false, "value": 1}, {"source": 101, "target": 150, "right": true, "left": false, "value": 1}, {"source": 101, "target": 142, "right": true, "left": false, "value": 1}, {"source": 102, "target": 188, "right": true, "left": false, "value": 1}, {"source": 103, "target": 234, "right": true, "left": false, "value": 1}, {"source": 103, "target": 126, "right": true, "left": false, "value": 1}, {"source": 104, "target": 248, "right": true, "left": false, "value": 1}, {"source": 104, "target": 187, "right": true, "left": false, "value": 1}, {"source": 104, "target": 148, "right": true, "left": false, "value": 1}, {"source": 105, "target": 173, "right": true, "left": false, "value": 1}, {"source": 106, "target": 244, "right": true, "left": false, "value": 1}, {"source": 106, "target": 157, "right": false, "left": true, "value": 1}, {"source": 107, "target": 125, "right": true, "left": false, "value": 1}, {"source": 108, "target": 155, "right": true, "left": false, "value": 1}, {"source": 108, "target": 195, "right": true, "left": false, "value": 1}, {"source": 110, "target": 233, "right": true, "left": false, "value": 1}, {"source": 110, "target": 235, "right": true, "left": false, "value": 1}, {"source": 110, "target": 134, "right": true, "left": false, "value": 1}, {"source": 111, "target": 150, "right": true, "left": false, "value": 1}, {"source": 112, "target": 163, "right": false, "left": true, "value": 1}, {"source": 112, "target": 230, "right": false, "left": true, "value": 1}, {"source": 112, "target": 113, "right": false, "left": true, "value": 1}, {"source": 112, "target": 147, "right": true, "left": false, "value": 1}, {"source": 112, "target": 246, "right": false, "left": true, "value": 1}, {"source": 112, "target": 252, "right": false, "left": true, "value": 1}, {"source": 113, "target": 211, "right": true, "left": false, "value": 1}, {"source": 114, "target": 195, "right": true, "left": false, "value": 1}, {"source": 114, "target": 204, "right": false, "left": true, "value": 1}, {"source": 114, "target": 176, "right": false, "left": true, "value": 1}, {"source": 114, "target": 155, "right": true, "left": false, "value": 1}, {"source": 114, "target": 158, "right": false, "left": true, "value": 1}, {"source": 115, "target": 195, "right": true, "left": false, "value": 1}, {"source": 116, "target": 205, "right": false, "left": true, "value": 1}, {"source": 116, "target": 146, "right": false, "left": true, "value": 1}, {"source": 116, "target": 180, "right": false, "left": true, "value": 1}, {"source": 116, "target": 185, "right": false, "left": true, "value": 1}, {"source": 117, "target": 155, "right": true, "left": false, "value": 1}, {"source": 117, "target": 165, "right": false, "left": true, "value": 1}, {"source": 117, "target": 195, "right": true, "left": false, "value": 1}, {"source": 118, "target": 155, "right": true, "left": false, "value": 1}, {"source": 118, "target": 195, "right": true, "left": false, "value": 1}, {"source": 119, "target": 249, "right": true, "left": false, "value": 1}, {"source": 120, "target": 208, "right": true, "left": false, "value": 1}, {"source": 120, "target": 188, "right": true, "left": false, "value": 1}, {"source": 121, "target": 234, "right": true, "left": false, "value": 1}, {"source": 121, "target": 126, "right": true, "left": false, "value": 1}, {"source": 122, "target": 251, "right": true, "left": false, "value": 1}, {"source": 122, "target": 126, "right": true, "left": false, "value": 1}, {"source": 123, "target": 187, "right": true, "left": false, "value": 1}, {"source": 123, "target": 148, "right": true, "left": false, "value": 1}, {"source": 123, "target": 174, "right": true, "left": false, "value": 1}, {"source": 124, "target": 249, "right": true, "left": false, "value": 1}, {"source": 125, "target": 188, "right": true, "left": false, "value": 1}, {"source": 125, "target": 253, "right": true, "left": true, "value": 1}, {"source": 126, "target": 129, "right": false, "left": true, "value": 1}, {"source": 126, "target": 131, "right": false, "left": true, "value": 1}, {"source": 126, "target": 146, "right": false, "left": true, "value": 1}, {"source": 126, "target": 153, "right": false, "left": true, "value": 1}, {"source": 126, "target": 170, "right": false, "left": true, "value": 1}, {"source": 126, "target": 180, "right": false, "left": true, "value": 1}, {"source": 126, "target": 188, "right": true, "left": false, "value": 1}, {"source": 126, "target": 192, "right": false, "left": true, "value": 1}, {"source": 126, "target": 200, "right": false, "left": true, "value": 1}, {"source": 126, "target": 206, "right": false, "left": true, "value": 1}, {"source": 126, "target": 210, "right": false, "left": true, "value": 1}, {"source": 126, "target": 216, "right": false, "left": true, "value": 1}, {"source": 126, "target": 218, "right": false, "left": true, "value": 1}, {"source": 126, "target": 232, "right": false, "left": true, "value": 1}, {"source": 126, "target": 234, "right": false, "left": true, "value": 1}, {"source": 127, "target": 203, "right": true, "left": true, "value": 1}, {"source": 127, "target": 167, "right": true, "left": false, "value": 1}, {"source": 128, "target": 195, "right": true, "left": false, "value": 1}, {"source": 130, "target": 231, "right": false, "left": true, "value": 1}, {"source": 132, "target": 188, "right": true, "left": false, "value": 1}, {"source": 135, "target": 195, "right": true, "left": false, "value": 1}, {"source": 135, "target": 239, "right": true, "left": false, "value": 1}, {"source": 137, "target": 150, "right": true, "left": false, "value": 1}, {"source": 138, "target": 190, "right": true, "left": false, "value": 1}, {"source": 139, "target": 251, "right": true, "left": false, "value": 1}, {"source": 140, "target": 251, "right": true, "left": false, "value": 1}, {"source": 141, "target": 155, "right": true, "left": false, "value": 1}, {"source": 142, "target": 223, "right": false, "left": true, "value": 1}, {"source": 143, "target": 228, "right": false, "left": true, "value": 1}, {"source": 143, "target": 197, "right": false, "left": true, "value": 1}, {"source": 143, "target": 199, "right": false, "left": true, "value": 1}, {"source": 143, "target": 202, "right": false, "left": true, "value": 1}, {"source": 143, "target": 150, "right": true, "left": false, "value": 1}, {"source": 144, "target": 188, "right": true, "left": false, "value": 1}, {"source": 145, "target": 188, "right": true, "left": false, "value": 1}, {"source": 146, "target": 173, "right": true, "left": false, "value": 1}, {"source": 148, "target": 229, "right": false, "left": true, "value": 1}, {"source": 148, "target": 174, "right": false, "left": true, "value": 1}, {"source": 148, "target": 248, "right": true, "left": true, "value": 1}, {"source": 148, "target": 250, "right": false, "left": true, "value": 1}, {"source": 148, "target": 187, "right": true, "left": true, "value": 1}, {"source": 149, "target": 251, "right": true, "left": false, "value": 1}, {"source": 150, "target": 194, "right": false, "left": true, "value": 1}, {"source": 150, "target": 164, "right": false, "left": true, "value": 1}, {"source": 150, "target": 202, "right": false, "left": true, "value": 1}, {"source": 150, "target": 152, "right": false, "left": true, "value": 1}, {"source": 150, "target": 190, "right": true, "left": false, "value": 1}, {"source": 151, "target": 193, "right": false, "left": true, "value": 1}, {"source": 151, "target": 221, "right": true, "left": true, "value": 1}, {"source": 154, "target": 249, "right": true, "left": false, "value": 1}, {"source": 155, "target": 195, "right": true, "left": false, "value": 1}, {"source": 155, "target": 165, "right": false, "left": true, "value": 1}, {"source": 155, "target": 166, "right": false, "left": true, "value": 1}, {"source": 155, "target": 198, "right": false, "left": true, "value": 1}, {"source": 155, "target": 239, "right": false, "left": true, "value": 1}, {"source": 155, "target": 247, "right": false, "left": true, "value": 1}, {"source": 155, "target": 191, "right": false, "left": true, "value": 1}, {"source": 157, "target": 249, "right": true, "left": false, "value": 1}, {"source": 157, "target": 244, "right": true, "left": false, "value": 1}, {"source": 158, "target": 204, "right": true, "left": true, "value": 1}, {"source": 158, "target": 239, "right": true, "left": false, "value": 1}, {"source": 159, "target": 188, "right": true, "left": false, "value": 1}, {"source": 160, "target": 163, "right": false, "left": true, "value": 1}, {"source": 160, "target": 211, "right": false, "left": true, "value": 1}, {"source": 161, "target": 248, "right": true, "left": false, "value": 1}, {"source": 161, "target": 187, "right": true, "left": false, "value": 1}, {"source": 162, "target": 174, "right": true, "left": false, "value": 1}, {"source": 163, "target": 211, "right": true, "left": false, "value": 1}, {"source": 167, "target": 249, "right": true, "left": false, "value": 1}, {"source": 167, "target": 203, "right": true, "left": true, "value": 1}, {"source": 169, "target": 208, "right": true, "left": false, "value": 1}, {"source": 170, "target": 234, "right": true, "left": false, "value": 1}, {"source": 171, "target": 188, "right": true, "left": false, "value": 1}, {"source": 172, "target": 188, "right": true, "left": false, "value": 1}, {"source": 173, "target": 199, "right": false, "left": true, "value": 1}, {"source": 173, "target": 236, "right": false, "left": true, "value": 1}, {"source": 173, "target": 205, "right": false, "left": true, "value": 1}, {"source": 174, "target": 227, "right": false, "left": true, "value": 1}, {"source": 174, "target": 187, "right": true, "left": false, "value": 1}, {"source": 175, "target": 249, "right": true, "left": false, "value": 1}, {"source": 176, "target": 239, "right": true, "left": false, "value": 1}, {"source": 177, "target": 251, "right": true, "left": false, "value": 1}, {"source": 178, "target": 233, "right": true, "left": false, "value": 1}, {"source": 181, "target": 191, "right": true, "left": false, "value": 1}, {"source": 182, "target": 188, "right": true, "left": false, "value": 1}, {"source": 182, "target": 196, "right": false, "left": true, "value": 1}, {"source": 183, "target": 239, "right": true, "left": false, "value": 1}, {"source": 184, "target": 208, "right": true, "left": false, "value": 1}, {"source": 187, "target": 214, "right": false, "left": true, "value": 1}, {"source": 187, "target": 248, "right": false, "left": true, "value": 1}, {"source": 188, "target": 189, "right": false, "left": true, "value": 1}, {"source": 188, "target": 212, "right": false, "left": true, "value": 1}, {"source": 188, "target": 218, "right": false, "left": true, "value": 1}, {"source": 188, "target": 219, "right": false, "left": true, "value": 1}, {"source": 188, "target": 222, "right": false, "left": true, "value": 1}, {"source": 188, "target": 224, "right": false, "left": true, "value": 1}, {"source": 188, "target": 238, "right": false, "left": true, "value": 1}, {"source": 188, "target": 242, "right": false, "left": true, "value": 1}, {"source": 188, "target": 244, "right": false, "left": true, "value": 1}, {"source": 188, "target": 253, "right": false, "left": true, "value": 1}, {"source": 193, "target": 221, "right": true, "left": false, "value": 1}, {"source": 195, "target": 198, "right": false, "left": true, "value": 1}, {"source": 195, "target": 247, "right": false, "left": true, "value": 1}, {"source": 195, "target": 204, "right": false, "left": true, "value": 1}, {"source": 195, "target": 240, "right": false, "left": true, "value": 1}, {"source": 199, "target": 251, "right": true, "left": false, "value": 1}, {"source": 204, "target": 239, "right": true, "left": false, "value": 1}, {"source": 204, "target": 240, "right": false, "left": true, "value": 1}, {"source": 209, "target": 239, "right": true, "left": false, "value": 1}, {"source": 214, "target": 248, "right": true, "left": false, "value": 1}, {"source": 216, "target": 234, "right": true, "left": false, "value": 1}, {"source": 217, "target": 251, "right": true, "left": false, "value": 1}, {"source": 233, "target": 235, "right": true, "left": true, "value": 1}, {"source": 237, "target": 249, "right": true, "left": false, "value": 1}, {"source": 239, "target": 240, "right": false, "left": true, "value": 1}, {"source": 245, "target": 249, "right": true, "left": false, "value": 1}]}