{"nodes": [{"asin": "B002JNR3R4", "name": "Dell 1908FP UltraSharp Black 19-inch Flat Panel Monitor 1280X1024 with Height Adjustable Stand", "imUrl": "http://ecx.images-amazon.com/images/I/41u1-J828KL._SY300_.jpg", "price": 99.99, "numReviews": 14, "groups": [0], "averageRating": 4.142857142857143, "salesRankCategory": "Electronics", "salesRank": 23014}, {"asin": "B00FZ2AQOI", "name": "Dell P1914S Black 19-inch 1280 x 1024,  8ms (GTG) LED Backlight Height, Pivot, Swivel, Tilt LCD Monitor, IPS 250 cd/m2 1000:1", "imUrl": "http://ecx.images-amazon.com/images/I/51gYVUN-JnL._SY300_.jpg", "price": 202.97, "numReviews": 2, "groups": [1], "averageRating": 2.5, "brand": "Dell", "salesRankCategory": "Electronics", "salesRank": 14762}, {"asin": "B00283DWGG", "name": "Vizio VMM26L 26\" Class LCD Monitor", "imUrl": "http://ecx.images-amazon.com/images/I/41timo4KCWL.jpg", "price": 129.99, "numReviews": 13, "groups": [2], "averageRating": 3.769230769230769, "salesRankCategory": "Electronics", "salesRank": 136795}, {"asin": "B003P78CSW", "name": "Acer G205H Bbd 20-Inch Widescreen LCD Display (Black)", "imUrl": "http://ecx.images-amazon.com/images/I/314wWYa2GvL._SX300_.jpg", "price": 89.99, "numReviews": 3, "groups": [3], "averageRating": 5.0, "salesRankCategory": "Computers & Accessories", "salesRank": 17705}, {"asin": "B003Z5S2NY", "name": "Samsung XL2270 22\" Widescreen LED LCD Monitor", "imUrl": "http://ecx.images-amazon.com/images/I/41kXdd84MoL._SY300_.jpg", "price": 187.97, "numReviews": 4, "groups": [4], "averageRating": 3.0, "salesRankCategory": "Electronics", "salesRank": 130770}, {"asin": "B001J2YYZ0", "name": "ViewSonic VX2260WM 22-Inch 1080p HDMI LCD Monitor", "imUrl": "http://ecx.images-amazon.com/images/I/412SGTAZz7L._SY300_.jpg", "price": 136.99, "numReviews": 21, "groups": [5], "averageRating": 4.285714285714286, "salesRankCategory": "Computers & Accessories", "salesRank": 16068}, {"asin": "B003E1U7DM", "name": "Acer V223WEJbmd 22-Inch LCD Monitor", "imUrl": "http://ecx.images-amazon.com/images/I/41G%2BG4LePxL._SY300_.jpg", "price": 143.48, "numReviews": 1, "groups": [6], "averageRating": 5.0, "salesRankCategory": "Computers & Accessories", "salesRank": 19684}, {"asin": "B003E1Z44E", "name": "Acer B273H ET.HB3HP.002 27-Inch Screen LCD Monitor", "imUrl": "http://ecx.images-amazon.com/images/I/31FA7GQxAJL._SX300_.jpg", "price": 234.99, "numReviews": 3, "groups": [7], "averageRating": 3.6666666666666665, "salesRankCategory": "Computers & Accessories", "salesRank": 17377}, {"asin": "B007ZS3O62", "name": "Hannspree HL269DPB 26-Inch Screen LED-lit Monitor", "imUrl": "http://ecx.images-amazon.com/images/I/51emiDyE7pL._SX300_.jpg", "price": 159.99, "numReviews": 84, "groups": [8], "averageRating": 4.404761904761905, "brand": "Hannspree", "salesRankCategory": "Computers & Accessories", "salesRank": 486}, {"asin": "B008OZSICA", "name": "E1913S 19\" LED 1280 x 1024 1000:1 E-Series Monitor - Black", "imUrl": "http://ecx.images-amazon.com/images/I/31L4TJYCTJL.jpg", "price": 176.41, "numReviews": 1, "groups": [9], "averageRating": 5.0, "salesRankCategory": "Electronics", "salesRank": 102949}, {"asin": "B0013DMTBQ", "name": "Samsung SyncMaster 743BX 17-inch LCD Monitor", "imUrl": "http://ecx.images-amazon.com/images/I/41euE6620tL._SY300_.jpg", "price": 129.99, "numReviews": 5, "groups": [10], "averageRating": 4.8, "salesRankCategory": "Computers & Accessories", "salesRank": 22146}, {"asin": "B001Z7LSFI", "name": "Dell E1709WFP 17-Inch LCD Widescreen Monitor", "imUrl": "http://ecx.images-amazon.com/images/I/21Ou3AK19tL.jpg", "price": 75.03, "numReviews": 3, "groups": [11], "averageRating": 5.0, "salesRankCategory": "Electronics", "salesRank": 40533}, {"asin": "B009HPGC9C", "name": "BenQ VW2430H 24-Inch LED-Lit PC/Mac Compatible Monitor (Brilliant White)", "imUrl": "http://ecx.images-amazon.com/images/I/41WFUeHAw1L._SY300_.jpg", "price": 189.99, "numReviews": 19, "groups": [12], "averageRating": 4.315789473684211, "brand": "BenQ", "salesRankCategory": "Computers & Accessories", "salesRank": 1715}, {"asin": "B008ZEFKWG", "name": "eMachine E202HL 20in 1600x900 LCD Monitor Refurb", "imUrl": "http://ecx.images-amazon.com/images/I/41Sg9pRh6OL._SX300_.jpg", "price": 89.99, "numReviews": 6, "groups": [13], "averageRating": 4.666666666666667, "salesRankCategory": "Electronics", "salesRank": 55682}, {"asin": "B00B332A9C", "name": "HP Pavilion 27xi 27-Inch Screen LED-lit Monitor", "imUrl": "http://ecx.images-amazon.com/images/I/41xrxK2mWgL._SX300_.jpg", "price": 265.0, "numReviews": 251, "groups": [14], "averageRating": 4.52988047808765, "brand": "HP", "salesRankCategory": "Computers & Accessories", "salesRank": 189}, {"asin": "B00413PHEQ", "name": "ASUS ML228H 21.5-Inch Ultra-Thin Full-HD LED Monitor", "imUrl": "http://ecx.images-amazon.com/images/I/516%2Btxd0PQL._SX300_.jpg", "price": 129.99, "numReviews": 91, "groups": [15], "averageRating": 4.417582417582418, "salesRankCategory": "Computers & Accessories", "salesRank": 7371}, {"asin": "B0045UEXAO", "name": "LG E2260V-PN 21.5-Inch Super Slim Widescreen LED LCD Monitor", "imUrl": "http://ecx.images-amazon.com/images/I/41uN2hmOzqL._SX300_.jpg", "price": 129.99, "numReviews": 10, "groups": [16], "averageRating": 4.1, "salesRankCategory": "Computers & Accessories", "salesRank": 15178}, {"asin": "B004SSAEJM", "name": "Samsung S20A300B 20-Inch Class LED Monitor - Black", "imUrl": "http://ecx.images-amazon.com/images/I/41zpsptCizL._SX300_.jpg", "price": 129.99, "numReviews": 7, "groups": [17], "averageRating": 3.5714285714285716, "salesRankCategory": "Computers & Accessories", "salesRank": 13012}, {"asin": "B00GJO7GOE", "name": "HP Envy 23-Inch Screen LED-Lit Monitor", "imUrl": "http://ecx.images-amazon.com/images/I/41yhTJjYm3L._SX300_.jpg", "price": 209.99, "numReviews": 17, "groups": [18], "averageRating": 4.0588235294117645, "brand": "HP", "salesRankCategory": "Computers & Accessories", "salesRank": 2252}, {"asin": "B00F0JWZEU", "name": "Planar PXL2240MW 997-7144-00 22-Inch Screen LCD Monitor", "imUrl": "http://ecx.images-amazon.com/images/I/41-auilOPWL._SX300_.jpg", "price": 223.96, "numReviews": 1, "groups": [19], "averageRating": 5.0, "brand": "Planar", "salesRankCategory": "Computers & Accessories", "salesRank": 3468}, {"asin": "B002DHQ4XA", "name": "SAMSUNG P2570 24.6-Inch LCD Monitor", "imUrl": "http://ecx.images-amazon.com/images/I/41zAQ5K0QdL._SY300_.jpg", "price": 129.99, "numReviews": 15, "groups": [20], "averageRating": 4.266666666666667, "salesRankCategory": "Computers & Accessories", "salesRank": 3325}, {"asin": "B004M47YEU", "name": "DELL E-SERIES E2213H 22-inch WIDE SCREEN LCD TFT MONITOR", "imUrl": "http://ecx.images-amazon.com/images/I/412zEIDXFfL._SY300_.jpg", "price": 143.99, "numReviews": 1, "groups": [21], "averageRating": 1.0, "salesRankCategory": "Electronics", "salesRank": 135197}, {"asin": "B0059031XE", "name": "Samsung S27A750D 27-Inch Class 3D LED Monitor - Black", "imUrl": "http://ecx.images-amazon.com/images/I/3112pKWn6OL._SY300_.jpg", "price": 372.95, "numReviews": 13, "groups": [22], "averageRating": 3.8461538461538463, "salesRankCategory": "Computers & Accessories", "salesRank": 16251}, {"asin": "B007KB7FOQ", "name": "Hannspree HL248DPB 24-Inch LED-lit Monitor", "imUrl": "http://ecx.images-amazon.com/images/I/41tXcgAQJaL._SY300_.jpg", "price": 156.44, "numReviews": 6, "groups": [23], "averageRating": 3.3333333333333335, "salesRankCategory": "Computers & Accessories", "salesRank": 15703}, {"asin": "B0087HMFSS", "name": "Acer 21.5\" 1920 x 1080 LED Monitor | P216HL ABM", "imUrl": "http://ecx.images-amazon.com/images/I/41ynEF7HVsL._SY300_.jpg", "price": 143.48, "numReviews": 5, "groups": [24], "averageRating": 3.6, "salesRankCategory": "Electronics", "salesRank": 115122}, {"asin": "B00ARJNLIM", "name": "Samsung S27C450D 27-Inch Screen LED-Lit Monitor", "imUrl": "http://ecx.images-amazon.com/images/I/41A20h0eLcL._SX300_.jpg", "price": 307.83, "numReviews": 4, "groups": [25], "averageRating": 5.0, "brand": "Samsung", "salesRankCategory": "Computers & Accessories", "salesRank": 4430}, {"asin": "B00BWBEL1U", "name": "Acer V226WL bd 22-Inch Screen LED-Lit Monitor", "imUrl": "http://ecx.images-amazon.com/images/I/41h3zKNJ-4L._SY300_.jpg", "price": 126.19, "numReviews": 21, "groups": [26], "averageRating": 4.333333333333333, "brand": "Acer", "salesRankCategory": "Computers & Accessories", "salesRank": 568}, {"asin": "B007YJ0JH4", "name": "Hannspree IL IL195ABB 19-Inch Screen LED-Lit Monitor", "imUrl": "http://ecx.images-amazon.com/images/I/31GXlzcUoFL.jpg", "price": 73.25, "numReviews": 10, "groups": [27], "averageRating": 3.8, "salesRankCategory": "Computers & Accessories", "salesRank": 10875}, {"asin": "B009C8RD5Q", "name": "Insignia NS-20EM50A13 20\" 16:9 Widescreen Flat-Panel LED HD Monitor VESA", "imUrl": "http://ecx.images-amazon.com/images/I/31yLfkdCJKL._SX300_.jpg", "price": 129.99, "numReviews": 11, "groups": [28], "averageRating": 4.0, "salesRankCategory": "Electronics", "salesRank": 95252}, {"asin": "B002J9GVG2", "name": "Dell ST2010 20-Inch 16:9 Aspect Ratio Flat Panel Monitor", "imUrl": "http://ecx.images-amazon.com/images/I/21LHPVKAqwL._SX300_.jpg", "price": 136.99, "numReviews": 26, "groups": [29], "averageRating": 3.8076923076923075, "salesRankCategory": "Computers & Accessories", "salesRank": 3262}, {"asin": "B00439563A", "name": "Acer S273HL bmii 27\" Full HD LED Monitor", "imUrl": "http://ecx.images-amazon.com/images/I/31-rhWD1NCL._SX300_.jpg", "price": 195.98, "numReviews": 28, "groups": [30], "averageRating": 4.214285714285714, "salesRankCategory": "Computers & Accessories", "salesRank": 10355}, {"asin": "B00E7LVBCE", "name": "Dell E2014H 19.5-Inch Screen LED-Lit Monitor", "imUrl": "http://ecx.images-amazon.com/images/I/412rVHB0HTL._SY300_.jpg", "price": 102.99, "numReviews": 48, "groups": [31], "averageRating": 4.0, "brand": "Dell", "salesRankCategory": "Electronics", "salesRank": 1307}, {"asin": "B00EQ3H2U8", "name": "DELL E2014H 19.5\" LED LCD Monitor - 16:9 - 5 ms / 1600 x 900 / 469-4319 /", "imUrl": "http://ecx.images-amazon.com/images/I/31MwquBD8BL._SY300_.jpg", "price": 128.69, "numReviews": 1, "groups": [32], "averageRating": 4.0, "salesRankCategory": "Electronics", "salesRank": 35757}, {"asin": "B002UQQC18", "name": "TFT1780PS+ Gateway TFT1780PS+ GATEWAY TFT1780PS+", "imUrl": "http://ecx.images-amazon.com/images/I/41zvBiGrilL._SX300_.jpg", "price": 13.95, "numReviews": 2, "groups": [33], "averageRating": 5.0, "salesRankCategory": "Electronics", "salesRank": 127723}, {"asin": "B002ZT0784", "name": "Planar Systems PX2710MW 27-Inch VGA Monitor", "imUrl": "http://ecx.images-amazon.com/images/I/5123jPNraCL._SY300_.jpg", "price": 262.79, "numReviews": 37, "groups": [34], "averageRating": 4.648648648648648, "salesRankCategory": "Computers & Accessories", "salesRank": 9686}, {"asin": "B00DTNOU1K", "name": "Yiynova DP10U+ 10.1\" USB Digitizer Tablet LCD(Win/Mac)", "imUrl": "http://ecx.images-amazon.com/images/I/41hGbYmQgRL._SX300_.jpg", "price": 319.0, "numReviews": 14, "groups": [35], "averageRating": 4.0, "salesRankCategory": "Electronics", "salesRank": 14672}, {"asin": "B00E82KZ4C", "name": "Yiynova MVP22U(V1) Tablet Monitor, VESA Stand, TN Panel(Mac & Windows)", "imUrl": "http://ecx.images-amazon.com/images/I/41JV5EdF3%2BL._SX300_.jpg", "price": 619.0, "numReviews": 1, "groups": [36], "averageRating": 3.0, "salesRankCategory": "Electronics", "salesRank": 162145}, {"asin": "B0000E2E2U", "name": "eMachines 15\" Flat-Panel LCD Monitor (E15T)", "imUrl": "http://ecx.images-amazon.com/images/I/41Mh2GajpWL._SX300_.jpg", "price": 3.0, "numReviews": 1, "groups": [37], "averageRating": 5.0, "salesRankCategory": "Electronics", "salesRank": 207629}, {"asin": "B005IVWQ2G", "name": "Hannspree HL HL193ABB 18.5-Inch Screen LED-Lit Monitor", "imUrl": "http://ecx.images-amazon.com/images/I/51zptaMauML._SY300_.jpg", "price": 73.28, "numReviews": 5, "groups": [38], "averageRating": 3.6, "salesRankCategory": "Computers & Accessories", "salesRank": 9811}, {"asin": "B004MXKSAS", "name": "Dell ST2220L 21.5\" Widescreen Flat Panel LED Monitor", "imUrl": "http://ecx.images-amazon.com/images/I/41GKB2bTzvL._SY300_.jpg", "price": 128.96, "numReviews": 71, "groups": [39], "averageRating": 4.507042253521127, "salesRankCategory": "Computers & Accessories", "salesRank": 5909}, {"asin": "B006VGJWG0", "name": "Dell E171FPb 17\" Computer Monitor Flat Panel LCD", "imUrl": "http://ecx.images-amazon.com/images/I/41s5Fict7DL._SY300_.jpg", "price": 69.98, "numReviews": 1, "groups": [40], "averageRating": 3.0, "salesRankCategory": "Electronics", "salesRank": 8149}, {"asin": "B009H0XQPU", "name": "Dell S2240M CFGKT-IPS-LED 21.5-Inch Screen LED-lit Monitor", "imUrl": "http://ecx.images-amazon.com/images/I/41tEyZP-4LL._SY300_.jpg", "price": 151.84, "numReviews": 289, "groups": [41], "averageRating": 4.446366782006921, "brand": "Dell", "salesRankCategory": "Electronics", "salesRank": 390}, {"asin": "B003IXQFDW", "name": "Dell 17\" LCD - 1704FPV Flat Panel Monitor", "imUrl": "http://ecx.images-amazon.com/images/I/51WvF%2BBeynL._SY300_.jpg", "price": 73.28, "numReviews": 3, "groups": [42], "averageRating": 4.666666666666667, "salesRankCategory": "Electronics", "salesRank": 75943}, {"asin": "B000LZF24S", "name": "Lenovo ThinkVision L171P 17-inch LCD Monitor", "imUrl": "http://ecx.images-amazon.com/images/I/414kXyrvVAL._SY300_.jpg", "price": 6.99, "numReviews": 1, "groups": [43], "averageRating": 4.0, "salesRankCategory": "Computers & Accessories", "salesRank": 12246}, {"asin": "B00AGQ4WZC", "name": "ViewSonic Monitor VA926-LED 19 inch Screen LED-lit Monitor", "imUrl": "http://ecx.images-amazon.com/images/I/51eZAJ8eSBL._SY300_.jpg", "price": 177.58, "numReviews": 3, "groups": [44], "averageRating": 4.0, "brand": "ViewSonic"}, {"asin": "B004UBUQJU", "name": "19IN LCD Ws 1366X768 16:9 992SW2 5MS", "imUrl": "http://ecx.images-amazon.com/images/I/41N5nrPX6qL._SY300_.jpg", "price": 51.49, "numReviews": 2, "groups": [45], "averageRating": 4.0}, {"asin": "B00B332A4C", "name": "HP Pavilion 22xi IPS LED Backlit Monitor", "imUrl": "http://ecx.images-amazon.com/images/I/41rQC3G7IHL._SX300_.jpg", "price": 144.99, "numReviews": 148, "groups": [46], "averageRating": 4.304054054054054, "brand": "HP"}, {"asin": "B00CEQEGWG", "name": "Gateway 21.5\" LED Widescreen Monitor | FHX2153L bmd", "imUrl": "http://ecx.images-amazon.com/images/I/41S62JNGYyL._SY300_.jpg", "price": 129.99, "numReviews": 6, "groups": [47], "averageRating": 3.6666666666666665, "salesRankCategory": "Electronics", "salesRank": 70824}, {"asin": "B00966IW6I", "name": "Acer T272HL bmidz 27-Inch Touch Screen LCD Display", "imUrl": "http://ecx.images-amazon.com/images/I/41u4GTZR-RL._SX300_.jpg", "price": 752.11, "numReviews": 41, "groups": [48], "averageRating": 4.121951219512195, "brand": "Acer", "salesRankCategory": "Computers & Accessories", "salesRank": 5721}, {"asin": "B0099XBO5E", "name": "ASUS VE278H 27inch Screen LED-lit 2ms Monitor", "imUrl": "http://ecx.images-amazon.com/images/I/41MzPXdCF2L._SX300_.jpg", "price": 247.98, "numReviews": 122, "groups": [49], "averageRating": 4.155737704918033, "salesRankCategory": "Computers & Accessories", "salesRank": 542}, {"asin": "B00GMG3E1S", "name": "ViewSonic TD2240 22-Inch Screen LCD Monitor", "imUrl": "http://ecx.images-amazon.com/images/I/41tbuzqhViL._SY300_.jpg", "price": 420.78, "numReviews": 5, "groups": [50], "averageRating": 4.0, "brand": "ViewSonic", "salesRankCategory": "Computers & Accessories", "salesRank": 23909}, {"asin": "B000MMJ6U6", "name": "Dell Ultrasharp 18\" LCD Monitor", "imUrl": "http://ecx.images-amazon.com/images/I/517WFu0hf2L._SY300_.jpg", "price": 3.0, "numReviews": 7, "groups": [51], "averageRating": 4.857142857142857, "salesRankCategory": "Electronics", "salesRank": 75815}, {"asin": "B00HQBMR5C", "name": "YAMAKASI 301 SPARTA 30\" LCD S-IPS 2560x1600 16:10 DVI (Dual Link) PC Monitor *Perfect Pixel", "imUrl": "http://ecx.images-amazon.com/images/I/41OzunzvQ3L._SY300_.jpg", "price": 408.69, "numReviews": 1, "groups": [52], "averageRating": 1.0, "brand": "YAMAKASI", "salesRankCategory": "Electronics", "salesRank": 96169}, {"asin": "B002CZE55M", "name": "19\" HP 1940 DVI Rotating LCD Monitor w/USB 2.0 Hub (Silver) - Rotates to Portrait or Landscape View!", "imUrl": "http://ecx.images-amazon.com/images/I/5158ZU6ghCL._SX300_.jpg", "price": 7.99, "numReviews": 2, "groups": [53], "averageRating": 3.0, "salesRankCategory": "Electronics", "salesRank": 159021}, {"asin": "B00G5AH2YG", "name": "Acer H276HL bmid 27-Inch (1920 x 1080) IPS Widescreen Monitor", "imUrl": "http://ecx.images-amazon.com/images/I/31ve57O%2BDuL._SX300_.jpg", "price": 275.23, "numReviews": 11, "groups": [54], "averageRating": 4.181818181818182, "brand": "Acer", "salesRankCategory": "Computers & Accessories", "salesRank": 4030}, {"asin": "B00I14DPC2", "name": "Acer FT220HQL bmjj 21.5-Inch Full HD (1920 x 1080) Touchscreen Monitor", "imUrl": "http://ecx.images-amazon.com/images/I/51o1UmgWy8L._SY300_.jpg", "price": 236.99, "numReviews": 16, "groups": [55], "averageRating": 4.375, "brand": "Acer", "salesRankCategory": "Computers & Accessories", "salesRank": 1297}, {"asin": "B003E1Z45S", "name": "Acer ET.VV3HP.A01 23-Inch Widescreen LCD Monitor (Black)", "imUrl": "http://ecx.images-amazon.com/images/I/41H8oZvdBGL._SY300_.jpg", "price": 179.99, "numReviews": 15, "groups": [56], "averageRating": 4.0, "salesRankCategory": "Computers & Accessories", "salesRank": 9228}, {"asin": "B00465UNXO", "name": "Viewsonic VA926G 19-Inch LCD Monitor with Digital and Analog Dual Inputs and Energy Star 5.0 - Black", "imUrl": "http://ecx.images-amazon.com/images/I/51kQQrIG-lL._SY300_.jpg", "price": 169.99, "numReviews": 9, "groups": [57], "averageRating": 4.0, "salesRankCategory": "Computers & Accessories", "salesRank": 9809}, {"asin": "B00IQCRLXS", "name": "ASUS VN Series VN289H 28-Inch Screen LED-Lit Monitor", "imUrl": "http://ecx.images-amazon.com/images/I/41xABBVm5ML._SY300_.jpg", "price": 294.91, "numReviews": 1, "groups": [58], "averageRating": 3.0, "salesRankCategory": "Computers & Accessories", "salesRank": 17081}, {"asin": "B008RM235I", "name": "ViewSonic VX2370SMH-LED 23-Inch SuperClear IPS LED Monitor (Frameless Design, Full HD 1080p, 30M:1 DCR, HDMI/DVI/VGA)", "imUrl": "http://ecx.images-amazon.com/images/I/51MPCMJ7mpL._SY300_.jpg", "price": 163.49, "numReviews": 572, "groups": [59], "averageRating": 4.263986013986014, "brand": "ViewSonic", "salesRankCategory": "Computers & Accessories", "salesRank": 293}, {"asin": "B000P0PPKK", "name": "ViewSonic VX2435wm 24\" Wide Multifunction LCD Display", "imUrl": "http://ecx.images-amazon.com/images/I/21KzSB5B0xL.jpg", "price": 141.72, "numReviews": 2, "groups": [60], "averageRating": 5.0, "salesRankCategory": "Computers & Accessories", "salesRank": 36792}, {"asin": "B001M383P8", "name": "eMachines E17T6W 17\" Widescreen LCD Monitor", "imUrl": "http://ecx.images-amazon.com/images/I/418nUSzIqmL._SY300_.jpg", "price": 75.03, "numReviews": 21, "groups": [61], "averageRating": 4.333333333333333, "salesRankCategory": "Electronics", "salesRank": 31908}, {"asin": "B009AEURB4", "name": "LG Electronics N/A EB2742V-BN 27-Inch Screen LED-Lit Monitor", "imUrl": "http://ecx.images-amazon.com/images/I/51onHgcdPkL._SY300_.jpg", "price": 245.98, "numReviews": 4, "groups": [62], "averageRating": 3.75, "salesRankCategory": "Computers & Accessories", "salesRank": 17799}, {"asin": "B009F1IKFC", "name": "ViewSonic TD2220 22-Inch Screen LED-Lit Touch Display Monitor", "imUrl": "http://ecx.images-amazon.com/images/I/51btzY9Zm0L._SX300_.jpg", "price": 271.0, "numReviews": 68, "groups": [63], "averageRating": 4.338235294117647, "brand": "ViewSonic", "salesRankCategory": "Computers & Accessories", "salesRank": 974}, {"asin": "B00CR0JNIG", "name": "HP W2271d 21.5-Inch Screen LED-Lit Monitor", "imUrl": "http://ecx.images-amazon.com/images/I/41VpfWzvboL._SX300_.jpg", "price": 152.37, "numReviews": 5, "groups": [64], "averageRating": 4.4, "brand": "HP", "salesRankCategory": "Computers & Accessories", "salesRank": 1702}, {"asin": "B0012RLOD2", "name": "HP L1910 19\" Flat Panel Screen LCD Monitor GS918A", "imUrl": "http://ecx.images-amazon.com/images/I/41Vee5CV14L._SY300_.jpg", "price": 99.99, "numReviews": 8, "groups": [65], "averageRating": 4.75, "salesRankCategory": "Computers & Accessories", "salesRank": 6470}, {"asin": "B00CHDHE0W", "name": "Nixeus Vue 30\" IPS 2560x1600 WQXGA Monitor", "imUrl": "http://ecx.images-amazon.com/images/I/41BnN2tiQDL._SX300_.jpg", "price": 649.95, "numReviews": 28, "groups": [66], "averageRating": 4.0, "salesRankCategory": "Electronics", "salesRank": 6603}, {"asin": "B00FUTDRWY", "name": "Dell P2014H 20-Inch Screen LED-Lit Monitor", "imUrl": "http://ecx.images-amazon.com/images/I/51eKc8spA6L._SY300_.jpg", "price": 124.99, "numReviews": 12, "groups": [31, 41], "averageRating": 4.333333333333333, "brand": "Dell", "salesRankCategory": "Computers & Accessories", "salesRank": 491}, {"asin": "B00AA6TU2I", "name": "V193L 19\" LED LCD Monitor - 5 ms", "imUrl": "http://ecx.images-amazon.com/images/I/41lDfwgLlWL._SY300_.jpg", "price": 109.99, "numReviews": 2, "groups": [67], "averageRating": 3.0}, {"asin": "B00009ZHVA", "name": "HP Pavilion F1503 15\" LCD Monitor", "imUrl": "http://ecx.images-amazon.com/images/I/51EDW76KEDL._SY300_.jpg", "price": 9.69, "numReviews": 8, "groups": [68], "averageRating": 4.0, "salesRankCategory": "Computers & Accessories", "salesRank": 18157}, {"asin": "B003D59FEG", "name": "Acer V203H CJBD 20-Inch LCD Display", "imUrl": "http://ecx.images-amazon.com/images/I/31vtCmOf3eL._SX300_.jpg", "price": 129.99, "numReviews": 3, "groups": [69], "averageRating": 4.333333333333333, "salesRankCategory": "Computers & Accessories", "salesRank": 11019}, {"asin": "B005GKSBTG", "name": "2201L 22\" LED LCD Touchscreen Monitor - 16:9 - 5 ms", "imUrl": "http://ecx.images-amazon.com/images/I/41Tv4n0OD4L._SY300_.jpg", "price": 434.99, "numReviews": 3, "groups": [70], "averageRating": 2.3333333333333335, "salesRankCategory": "Computers & Accessories", "salesRank": 4901}, {"asin": "B009AENE78", "name": "Lenovo 18200525 21-Inch Screen LED-Lit Monitor", "imUrl": "http://ecx.images-amazon.com/images/I/31Xmy5kjakL._SX300_.jpg", "price": 143.99, "numReviews": 12, "groups": [71], "averageRating": 4.583333333333333, "salesRankCategory": "Computers & Accessories", "salesRank": 3312}, {"asin": "B009TS47PS", "name": "Samsung 27\" Class LED Monitor", "imUrl": "http://ecx.images-amazon.com/images/I/41-A00NH--L._SY300_.jpg", "price": 234.99, "numReviews": 1, "groups": [72], "averageRating": 1.0, "salesRankCategory": "Electronics", "salesRank": 198979}, {"asin": "B000NL2H3Y", "name": "Dell E197FP 19-inch Flat Panel Monitor", "imUrl": "http://ecx.images-amazon.com/images/I/31jlRK5zhFL._SX300_.jpg", "price": 98.88, "numReviews": 20, "groups": [73], "averageRating": 4.65, "salesRankCategory": "Computers & Accessories", "salesRank": 9904}, {"asin": "B004S977PK", "name": "Dell 21.5IN WS LCD 1920X1080 1000:1 MNTR E2211H VGA DVI-D 5MS FP WITH LED", "imUrl": "http://ecx.images-amazon.com/images/I/412zEIDXFfL._SY300_.jpg", "price": 299.88, "numReviews": 6, "groups": [74], "averageRating": 4.833333333333333, "salesRankCategory": "Electronics", "salesRank": 75062}, {"asin": "B00FAYEFES", "name": "Lenovo LI2341t 23-Inch Screen LED-Lit Monitor", "imUrl": "http://ecx.images-amazon.com/images/I/51U81tNBLJL._SX300_.jpg", "price": 299.99, "numReviews": 14, "groups": [75], "averageRating": 3.7857142857142856, "salesRankCategory": "Computers & Accessories", "salesRank": 2944}, {"asin": "B001LYPIIS", "name": "Asus VH242H 23.6-Inch Full-HD LCD Monitor with Integrated Speakers", "imUrl": "http://ecx.images-amazon.com/images/I/41KrmL5waeL._SX300_.jpg", "price": 164.99, "numReviews": 167, "groups": [76], "averageRating": 4.095808383233533, "salesRankCategory": "Computers & Accessories", "salesRank": 5287}, {"asin": "B003D59FDM", "name": "Acer V173 Djb 17-Inch LCD Monitor - Black", "imUrl": "http://ecx.images-amazon.com/images/I/41Gs3G7IlpL._SX300_.jpg", "price": 99.99, "numReviews": 95, "groups": [77], "averageRating": 4.526315789473684, "salesRankCategory": "Computers & Accessories", "salesRank": 2521}, {"asin": "B000JD4D06", "name": "ViewSonic VG930m 19-inch LCD Monitor", "imUrl": "http://ecx.images-amazon.com/images/I/41Z2uCy1GAL._SY300_.jpg", "price": 104.39, "numReviews": 12, "groups": [78], "averageRating": 4.5, "salesRankCategory": "Computers & Accessories", "salesRank": 15634}, {"asin": "B003FMUL7M", "name": "HP S2031 20-Inch Diagonal LCD Monitor - Black", "imUrl": "http://ecx.images-amazon.com/images/I/31AxDJDIwmL._SX300_.jpg", "price": 129.99, "numReviews": 99, "groups": [79], "averageRating": 4.424242424242424}, {"asin": "B003H2EGUI", "name": "Samsung B1740R 17-Inch 1280 x 1024 5ms 16.7M High Performance LCD Monitor", "imUrl": "http://ecx.images-amazon.com/images/I/21WS9F-PzlL._SY300_.jpg", "price": 79.0, "numReviews": 2, "groups": [80], "averageRating": 5.0, "salesRankCategory": "Computers & Accessories", "salesRank": 7348}, {"asin": "B005OHPW1Q", "name": "Dell U2212HM PF48H 21.5-Inch Screen LED-Lit Monitor", "imUrl": "http://ecx.images-amazon.com/images/I/418VBedM3PL._SY300_.jpg", "price": 299.88, "numReviews": 16, "groups": [81], "averageRating": 3.875, "salesRankCategory": "Computers & Accessories", "salesRank": 6368}, {"asin": "B00CQSNORA", "name": "HP 20\" LED Widescreen Monitor | 20WM", "imUrl": "http://ecx.images-amazon.com/images/I/41hlrE0m1KL._SY300_.jpg", "price": 99.99, "numReviews": 3, "groups": [82], "averageRating": 4.666666666666667, "salesRankCategory": "Electronics", "salesRank": 102959}, {"asin": "B00IEZGY2Q", "name": "Samsung 27-Inch Wide Viewing Angle LED Monitor (S27D390H)", "imUrl": "http://ecx.images-amazon.com/images/I/41HYHBRO7tL._SX300_.jpg", "price": 299.99, "numReviews": 16, "groups": [83], "averageRating": 4.1875, "brand": "Samsung", "salesRankCategory": "Electronics", "salesRank": 967}, {"asin": "B00HWHVMYM", "name": "LG Electronics 22MP55HQ-P 22-Inch Screen LCD Monitor", "imUrl": "http://ecx.images-amazon.com/images/I/317C6XfoCQL._SX300_.jpg", "price": 144.19, "numReviews": 2, "groups": [84], "averageRating": 4.0, "brand": "LG", "salesRankCategory": "Computers & Accessories", "salesRank": 1893}, {"asin": "B002S53CFU", "name": "Dell ST2210 21.5-Inch 16:9 Aspect Ratio Flat Panel Monitor", "imUrl": "http://ecx.images-amazon.com/images/I/41YrngwsMlL._SY300_.jpg", "price": 136.99, "numReviews": 17, "groups": [85], "averageRating": 3.8823529411764706, "salesRankCategory": "Computers & Accessories", "salesRank": 16696}, {"asin": "B007WLR4C2", "name": "NEC Display EA273WM 27 Full HD Widescreen LED Monitor 16:9 5ms 1920x1080 1000:1 Speakers DVI/HDMI/VGA/DisplayPort/USB", "imUrl": "http://ecx.images-amazon.com/images/I/51gfTy%2B%2BSTL._SY300_.jpg", "price": 239.5, "numReviews": 1, "groups": [86], "averageRating": 1.0, "salesRankCategory": "Electronics", "salesRank": 227162}, {"asin": "B00CMKOVPQ", "name": "AOC e2752She 27-Inch Class LED Backlit Monitor with 2 MS Response Time, VGA and 2 HDMI Ports, Earphone Audio port, 1920 x 1080 Resolution Display", "imUrl": "http://ecx.images-amazon.com/images/I/41yC3gGtlHL._SX300_.jpg", "price": 199.99, "numReviews": 85, "groups": [8], "averageRating": 4.035294117647059, "brand": "AOC", "salesRankCategory": "Computers & Accessories", "salesRank": 505}, {"asin": "B0045332VW", "name": "Dell E2014H 20-Inch Full HD Widescreen LED Backlite Monitor", "imUrl": "http://ecx.images-amazon.com/images/I/41L5TjYDKWL._SY300_.jpg", "price": 131.24, "numReviews": 3, "groups": [87], "averageRating": 4.666666666666667}, {"asin": "B00D601UC8", "name": "ViewSonic VA2446M-LED 24-Inch LED-Lit LCD Monitor, Full HD 1080p, DVI/VGA, Speakers, VESA", "imUrl": "http://ecx.images-amazon.com/images/I/41FH0LyEWuL._SY300_.jpg", "price": 159.99, "numReviews": 391, "groups": [88], "averageRating": 4.296675191815857, "brand": "ViewSonic", "salesRankCategory": "Computers & Accessories", "salesRank": 69}, {"asin": "B004TPTW1A", "name": "Samsung S27A550H 27-Inch Class LED Monitor - Black", "imUrl": "http://ecx.images-amazon.com/images/I/41RXjVm8ooL._SY300_.jpg", "price": 259.49, "numReviews": 42, "groups": [89], "averageRating": 4.166666666666667, "salesRankCategory": "Computers & Accessories", "salesRank": 8346}, {"asin": "B005FM5P8A", "name": "NEC E322 32-Inch LCD HDTV", "imUrl": "http://ecx.images-amazon.com/images/I/515uTyaxm5L._SY300_.jpg", "price": 245.98, "numReviews": 1, "groups": [90], "averageRating": 5.0}, {"asin": "B00AG3GGBI", "name": "19\" Dell 1907FPt DVI Rotating LCD Monitor w/USB 2.0 Hub (Silver/Black) - Rotates to Portrait or Landscape View!", "imUrl": "http://ecx.images-amazon.com/images/I/51tj%2Bt1ufaL._SY300_.jpg", "price": 129.99, "numReviews": 6, "groups": [91], "averageRating": 4.333333333333333, "salesRankCategory": "Electronics", "salesRank": 53231}, {"asin": "B00F36Y9XU", "name": "HP Pavilion 23TM 23-inch Touchscreen LED Monitor", "imUrl": "http://ecx.images-amazon.com/images/I/41ygndbkJ9L._SX300_.jpg", "price": 318.62, "numReviews": 25, "groups": [92], "averageRating": 4.44, "brand": "HP", "salesRankCategory": "Computers & Accessories", "salesRank": 977}, {"asin": "B00560VKGW", "name": "18.5\" HP S1931a DVI Blu-ray 720p Widescreen LCD Monitor w/Speakers & HDCP Support (Black)", "imUrl": "http://ecx.images-amazon.com/images/I/31t-LI03nlL._SX300_.jpg", "price": 129.99, "numReviews": 2, "groups": [93], "averageRating": 4.5, "salesRankCategory": "Electronics", "salesRank": 97206}, {"asin": "B005ZPEQRS", "name": "Dell Ultra slim S2230MX 21.5-Inch Screen LED-lit Monitor", "imUrl": "http://ecx.images-amazon.com/images/I/31mahSJKZwL._SX300_.jpg", "price": 234.99, "numReviews": 40, "groups": [94], "averageRating": 4.625, "salesRankCategory": "Computers & Accessories", "salesRank": 6936}, {"asin": "B007RG2QNY", "name": "ASUS VK248H-CSM 24-Inch Full-HD LED-Lit LCD Monitor with Integrated Speakers and Webcam", "imUrl": "http://ecx.images-amazon.com/images/I/41NNaOPFf4L._SX300_.jpg", "price": 198.95, "numReviews": 86, "groups": [95], "averageRating": 3.883720930232558, "salesRankCategory": "Computers & Accessories", "salesRank": 1090}, {"asin": "B00007LAYP", "name": "NEC MultiSync LCD1560V 15\" LCD Monitor", "imUrl": "http://ecx.images-amazon.com/images/I/511SQ95CRCL._SX300_.jpg", "price": 76.59, "numReviews": 2, "groups": [96], "averageRating": 5.0, "salesRankCategory": "Electronics", "salesRank": 231020}, {"asin": "B002ZLORYM", "name": "ViewSonic VA705B 17-Inch LCD Monitor", "imUrl": "http://ecx.images-amazon.com/images/I/51TCsc2qusL._SY300_.jpg", "price": 99.99, "numReviews": 7, "groups": [97], "averageRating": 4.714285714285714, "salesRankCategory": "Computers & Accessories", "salesRank": 9262}, {"asin": "B0044UHXJI", "name": "Asus VG236HE 23-Inch LED Monitor", "imUrl": "http://ecx.images-amazon.com/images/I/41EjYE46yvL._SX300_.jpg", "price": 264.99, "numReviews": 24, "groups": [98], "averageRating": 4.583333333333333, "salesRankCategory": "Computers & Accessories", "salesRank": 3847}, {"asin": "B008RWPO9U", "name": "ASUS VB Series VB178T 17-Inch Screen LED-Lit Monitor", "imUrl": "http://ecx.images-amazon.com/images/I/51WzkJ6ElgL._SX300_.jpg", "price": 99.99, "numReviews": 5, "groups": [99], "averageRating": 4.2}, {"asin": "B0009VT9R0", "name": "Samsung SyncMaster 204T 20\" LCD Monitor- Black", "imUrl": "http://ecx.images-amazon.com/images/I/31RV1Z2XXHL.jpg", "price": 129.99, "numReviews": 12, "groups": [100], "averageRating": 4.416666666666667, "salesRankCategory": "Computers & Accessories", "salesRank": 16200}, {"asin": "B005B9A2DU", "name": "Viewsonic VA2231WM-LED 22-Inch Widescreen LED Monitor", "imUrl": "http://ecx.images-amazon.com/images/I/41Tor24dZ4L._SY300_.jpg", "price": 129.99, "numReviews": 79, "groups": [101], "averageRating": 4.341772151898734, "salesRankCategory": "Computers & Accessories", "salesRank": 4767}, {"asin": "B0088PU5LI", "name": "ViewSonic VA2232WM-LED 22-Inch Screen LED-Lit Monitor", "imUrl": "http://ecx.images-amazon.com/images/I/41165lKABRL._SY300_.jpg", "price": 156.94, "numReviews": 2, "groups": [102], "averageRating": 5.0, "brand": "ViewSonic", "salesRankCategory": "Computers & Accessories", "salesRank": 5449}, {"asin": "B000I91MXC", "name": "ViewSonic VX2235WM 22-inch Wide LCD Monitor", "imUrl": "http://ecx.images-amazon.com/images/I/51YjN4lpb0L._SY300_.jpg", "price": 149.99, "numReviews": 25, "groups": [103], "averageRating": 4.12, "salesRankCategory": "Computers & Accessories", "salesRank": 17621}, {"asin": "B008DWISF6", "name": "ASUS VK VK228H-CSM 21.5-Inch Screen LED-Lit Monitor", "imUrl": "http://ecx.images-amazon.com/images/I/41H72qi%2BMXL._SY300_.jpg", "price": 156.48, "numReviews": 31, "groups": [104], "averageRating": 3.7096774193548385, "salesRankCategory": "Computers & Accessories", "salesRank": 2838}, {"asin": "B00188BWGO", "name": "17\" Dell 1704FPTT DVI/VGA LCD Monitor w/USB (Black & Silver)", "imUrl": "http://ecx.images-amazon.com/images/I/41YM2sIMAbL._SX300_.jpg", "price": 69.98, "numReviews": 6, "groups": [105], "averageRating": 5.0, "salesRankCategory": "Electronics", "salesRank": 54774}, {"asin": "B004QNHNWK", "name": "Samsung S27A350H 27-Inch Class LED Monitor - Black", "imUrl": "http://ecx.images-amazon.com/images/I/51EZuHVhAZL._SY300_.jpg", "price": 259.49, "numReviews": 52, "groups": [106], "averageRating": 3.7115384615384617, "salesRankCategory": "Computers & Accessories", "salesRank": 6218}, {"asin": "B006KXQXY8", "name": "Acer V Series ET.WV3HP.B05 21.5-Inch Screen LED-lit Monitor", "imUrl": "http://ecx.images-amazon.com/images/I/31wp0p5NJuL._SY300_.jpg", "price": 129.99, "numReviews": 1, "groups": [107], "averageRating": 5.0}, {"asin": "B00DBVPOZG", "name": "ASUS VX279Q 27-Inch Screen LED-Lit Monitor", "imUrl": "http://ecx.images-amazon.com/images/I/41hMfITypVL._SY300_.jpg", "price": 308.55, "numReviews": 44, "groups": [108], "averageRating": 3.9545454545454546, "salesRankCategory": "Computers & Accessories", "salesRank": 1405}, {"asin": "B008PEWTIO", "name": "LG 22\" Wide 1080p LED Monitor, VGA, DVI", "imUrl": "http://ecx.images-amazon.com/images/I/31Tydz8bp3L._SX300_.jpg", "price": 136.99, "numReviews": 2, "groups": [109], "averageRating": 4.0, "salesRankCategory": "Electronics", "salesRank": 43541}, {"asin": "B00DZT96C6", "name": "Acer G206HQL bd 19.5-Inch LED Back-Lit Widescreen Display", "imUrl": "http://ecx.images-amazon.com/images/I/41LilP5eBqL._SX300_.jpg", "price": 94.48, "numReviews": 5, "groups": [110], "averageRating": 4.2, "brand": "Acer", "salesRankCategory": "Computers & Accessories", "salesRank": 4153}, {"asin": "B007TO3EK8", "name": "Samsung B550 Series S23B550V 23-Inch Screen LED-Lit Monitor", "imUrl": "http://ecx.images-amazon.com/images/I/41i-Kk%2BbOLL._SX300_.jpg", "price": 196.64, "numReviews": 15, "groups": [111], "averageRating": 3.6666666666666665, "salesRankCategory": "Computers & Accessories", "salesRank": 7664}, {"asin": "B008YO6X00", "name": "Dell E Series E1913S 19-Inch Monitor with LED Screen", "imUrl": "http://ecx.images-amazon.com/images/I/314F-y%2BIoeL._SX300_.jpg", "price": 173.98, "numReviews": 3, "groups": [9], "averageRating": 4.0, "brand": "Dell"}, {"asin": "B002M9QSCQ", "name": "17\" Dell 1707FPT DVI LCD Monitor w/USB Hub (Silver)", "imUrl": "http://ecx.images-amazon.com/images/I/41UwOJ0FsVL.jpg", "price": 69.98, "numReviews": 13, "groups": [112], "averageRating": 4.6923076923076925, "salesRankCategory": "Electronics", "salesRank": 7624}, {"asin": "B008L2VF4E", "name": "Acer V Series UM.DV3AA.B02 20-Inch LED-Lit Monitor", "imUrl": "http://ecx.images-amazon.com/images/I/41-33aClsrL._SY300_.jpg", "price": 118.19, "numReviews": 1, "groups": [113], "averageRating": 2.0}, {"asin": "B001AZX3PS", "name": "Dell E178FP 17\" LCD Monitor", "imUrl": "http://ecx.images-amazon.com/images/I/41KmUF83mQL._SY300_.jpg", "price": 75.03, "numReviews": 11, "groups": [114], "averageRating": 4.2727272727272725, "salesRankCategory": "Computers & Accessories", "salesRank": 3322}, {"asin": "B003C2B1O2", "name": "Hannspree HZ281HPB 28-Inch Screen LED-lit Monitor", "imUrl": "http://ecx.images-amazon.com/images/I/311yBiNZF8L._SY300_.jpg", "price": 199.99, "numReviews": 42, "groups": [115], "averageRating": 3.3095238095238093, "salesRankCategory": "Computers & Accessories", "salesRank": 9634}, {"asin": "B003EJ2KWA", "name": "Elo Intellitouch E603162 17-Inch Screen LCD Monitor", "imUrl": "http://ecx.images-amazon.com/images/I/41%2BMYSTPGvL._SY300_.jpg", "price": 547.0, "numReviews": 1, "groups": [116], "averageRating": 5.0, "salesRankCategory": "Computers & Accessories", "salesRank": 2642}, {"asin": "B00IKDFL4O", "name": "BenQ GL GL2460HM 24-Inch Screen LED-Lit Monitor", "imUrl": "http://ecx.images-amazon.com/images/I/51KpoRUwReL._SY300_.jpg", "price": 159.95, "numReviews": 7, "groups": [117], "averageRating": 4.571428571428571, "brand": "BenQ"}, {"asin": "B008ABP3S0", "name": "V7 LED185W2R-8N 18.5-Inch Screen LED-Lit Monitor", "imUrl": "http://ecx.images-amazon.com/images/I/51mqX8u0jJL._SY300_.jpg", "price": 129.99, "numReviews": 2, "groups": [118], "averageRating": 3.5, "salesRankCategory": "Computers & Accessories", "salesRank": 26038}, {"asin": "B0071CVTAK", "name": "Hannspree HL HL161ABB 16-Inch Screen LED-Lit Monitor", "imUrl": "http://ecx.images-amazon.com/images/I/41%2BcONNba6L._SX300_.jpg", "price": 69.98, "numReviews": 175, "groups": [119], "averageRating": 3.9485714285714284, "brand": "Hannspree", "salesRankCategory": "Computers & Accessories", "salesRank": 1117}, {"asin": "B003BRB080", "name": "LG W2340VG 23-Inch Widescreen1080p LCD Monitor (Black)", "imUrl": "http://ecx.images-amazon.com/images/I/41tTH2psSHL._SX300_.jpg", "price": 169.99, "numReviews": 3, "groups": [120], "averageRating": 4.333333333333333, "salesRankCategory": "Computers & Accessories", "salesRank": 21926}, {"asin": "B003UT2C4U", "name": "Asus VE276Q 27-Inch Full-HD LCD Monitor with Integrated Speakers", "imUrl": "http://ecx.images-amazon.com/images/I/41ylwKDp6CL._SY300_.jpg", "price": 239.5, "numReviews": 75, "groups": [121], "averageRating": 4.253333333333333, "salesRankCategory": "Computers & Accessories", "salesRank": 6659}, {"asin": "B003D59FEQ", "name": "Acer V223W EJBD 22-Inch Wide LCD Display", "imUrl": "http://ecx.images-amazon.com/images/I/41ify-dGqwL._SX300_.jpg", "price": 136.18, "numReviews": 76, "groups": [122], "averageRating": 4.407894736842105}, {"asin": "B004XIALVS", "name": "Viewsonic's VA2333-LED 23-Inch Full HD Widescreen LED Monitor (Black)", "imUrl": "http://ecx.images-amazon.com/images/I/41aKK5IIYhL._SY300_.jpg", "price": 149.99, "numReviews": 22, "groups": [123], "averageRating": 4.5, "salesRankCategory": "Computers & Accessories", "salesRank": 10963}, {"asin": "B00361G33S", "name": "ViewSonic VA2232WM 22-Inch Widescreen LCD Monitor - Black", "imUrl": "http://ecx.images-amazon.com/images/I/51F6ILje3%2BL._SX300_.jpg", "price": 129.99, "numReviews": 6, "groups": [124], "averageRating": 4.833333333333333, "salesRankCategory": "Computers & Accessories", "salesRank": 10911}, {"asin": "B0043T34RK", "name": "Asus VE278Q 27-Inch Full-HD LED Monitor with Integrated Speakers", "imUrl": "http://ecx.images-amazon.com/images/I/41toSCzvokL._SX300_.jpg", "price": 249.99, "numReviews": 267, "groups": [49], "averageRating": 4.213483146067416, "brand": "Asus", "salesRankCategory": "Computers & Accessories", "salesRank": 206}, {"asin": "B0088PU6GC", "name": "ViewSonic VA2451M-LED 24-Inch Screen LED-Lit Monitor", "imUrl": "http://ecx.images-amazon.com/images/I/41PkBWX7RiL._SY300_.jpg", "price": 169.77, "numReviews": 21, "groups": [125], "averageRating": 4.571428571428571, "brand": "ViewSonic", "salesRankCategory": "Computers & Accessories", "salesRank": 2034}, {"asin": "B000GEDMNW", "name": "Acer AL1706AB 17\" LCD Monitor", "imUrl": "http://ecx.images-amazon.com/images/I/413GNFG9TML._SX300_.jpg", "price": 75.03, "numReviews": 59, "groups": [126], "averageRating": 4.52542372881356, "salesRankCategory": "Computers & Accessories", "salesRank": 15443}, {"asin": "B001H5UUNE", "name": "EA241WM-BK 24-Inch Wide LCD with DVI Speaker (Black)", "imUrl": "http://ecx.images-amazon.com/images/I/418N5Id9CeL._SX300_.jpg", "price": 265.0, "numReviews": 6, "groups": [127], "averageRating": 4.0}, {"asin": "B004PZ4J5I", "name": "LG E2241V 21.5\" LED Monitor", "imUrl": "http://ecx.images-amazon.com/images/I/31OWXSlvnGL.jpg", "price": 129.99, "numReviews": 2, "groups": [128], "averageRating": 5.0, "salesRankCategory": "Electronics", "salesRank": 97843}, {"asin": "B00BI37RNG", "name": "Acer UM.FV6AA.003 24-Inch Screen LCD Monitor", "imUrl": "http://ecx.images-amazon.com/images/I/31ug0UBtA%2BL._SY300_.jpg", "price": 154.1, "numReviews": 4, "groups": [129], "averageRating": 5.0, "brand": "Acer", "salesRankCategory": "Computers & Accessories", "salesRank": 4275}, {"asin": "B00DUO4F4U", "name": "V7 LED D185W1-8N 18.5-Inch Screen LED-lit Monitor", "imUrl": "http://ecx.images-amazon.com/images/I/41xOgiWc6iL._SY300_.jpg", "price": 106.0, "numReviews": 1, "groups": [130], "averageRating": 4.0, "brand": "V7", "salesRankCategory": "Computers & Accessories", "salesRank": 3008}, {"asin": "B00CKAPWE2", "name": "LG 24\" Wide 1080p Slim LED Monitor, VGA, DVI", "imUrl": "http://ecx.images-amazon.com/images/I/41ib393m8hL._SY300_.jpg", "price": 156.44, "numReviews": 5, "groups": [131], "averageRating": 4.6, "salesRankCategory": "Electronics", "salesRank": 68108}, {"asin": "B008SBO1IK", "name": "HP Compaq L2206tm - LED monitor - 21.5\" (B0L55A8#ABA) -", "imUrl": "http://ecx.images-amazon.com/images/I/41Gkrfo6vDL._SX300_.jpg", "price": 350.36, "numReviews": 2, "groups": [132], "averageRating": 4.0, "brand": "HP", "salesRankCategory": "Electronics", "salesRank": 69487}, {"asin": "B002ZVCGXQ", "name": "ASUS MS238H - 23-Inch Wide LED Monitor", "imUrl": "http://ecx.images-amazon.com/images/I/41spB5MjxfL._SX300_.jpg", "price": 156.44, "numReviews": 92, "groups": [133], "averageRating": 4.434782608695652, "salesRankCategory": "Computers & Accessories", "salesRank": 2812}, {"asin": "B003MQLX6Y", "name": "LG E2050T 20-Inch Slim Widescreen LED Monitor (Glossy Black)", "imUrl": "http://ecx.images-amazon.com/images/I/51aZzKy1Q4L._SY300_.jpg", "price": 99.99, "numReviews": 5, "groups": [134], "averageRating": 3.6, "salesRankCategory": "Computers & Accessories", "salesRank": 18012}, {"asin": "B00ANI4R3U", "name": "ASUS VB198T-P 19-Inch Screen LED-lit Monitor", "imUrl": "http://ecx.images-amazon.com/images/I/416iNVi3B9L._SY300_.jpg", "price": 139.99, "numReviews": 8, "groups": [135], "averageRating": 5.0, "salesRankCategory": "Computers & Accessories", "salesRank": 1773}, {"asin": "B0045JFTXU", "name": "Asus VE208T 20-Inch LED Monitor", "imUrl": "http://ecx.images-amazon.com/images/I/41kqnNAG4cL._SX300_.jpg", "price": 121.82, "numReviews": 35, "groups": [136], "averageRating": 4.228571428571429, "brand": "Asus", "salesRankCategory": "Computers & Accessories", "salesRank": 1078}, {"asin": "B008G341YO", "name": "DELL Professional P1913S 19.0-Inch Screen LED-lit Monitor", "imUrl": "http://ecx.images-amazon.com/images/I/41UBmOprCWL._SY300_.jpg", "price": 278.16, "numReviews": 5, "groups": [137], "averageRating": 4.8}, {"asin": "B000EYPNSG", "name": "Dell E156FP 15\"LCD Monitor", "imUrl": "http://ecx.images-amazon.com/images/I/318AXRHG65L.jpg", "price": 75.03, "numReviews": 6, "groups": [138], "averageRating": 4.5, "salesRankCategory": "Electronics", "salesRank": 97442}, {"asin": "B001TH7FB0", "name": "Dell 2709W 27-Inch LCD Widescreen Monitor", "imUrl": "http://ecx.images-amazon.com/images/I/31cTK6Hdi3L._SX300_.jpg", "price": 296.54, "numReviews": 9, "groups": [139], "averageRating": 4.0, "salesRankCategory": "Computers & Accessories", "salesRank": 16869}, {"asin": "B00E19CBQW", "name": "Yiynova MVP10UHD 10.1\" USB Digitizer Tablet HD Display (Mac/Windows)", "imUrl": "http://ecx.images-amazon.com/images/I/51nzBSNDx3L._SX300_.jpg", "price": 619.0, "numReviews": 12, "groups": [140], "averageRating": 3.5833333333333335, "salesRankCategory": "Electronics", "salesRank": 85064}, {"asin": "B00E82L01E", "name": "Business E271i 27\" LED LCD Monitor - 16:9 - 7 ms", "imUrl": "http://ecx.images-amazon.com/images/I/41Jca5hwNRL._SY300_.jpg", "price": 343.16, "numReviews": 2, "groups": [141], "averageRating": 5.0, "salesRankCategory": "Electronics", "salesRank": 120596}, {"asin": "B002C98QIU", "name": "Acer V173Bb 17-Inch LCD Monitor", "imUrl": "http://ecx.images-amazon.com/images/I/41Gs3G7IlpL._SX300_.jpg", "price": 99.99, "numReviews": 27, "groups": [142], "averageRating": 4.518518518518518, "salesRankCategory": "Computers & Accessories", "salesRank": 8457}, {"asin": "B000BT2PZS", "name": "Samsung SyncMaster 740N 17-inch LCD Monitor", "imUrl": "http://ecx.images-amazon.com/images/I/51XXXWFNRXL._SY300_.jpg", "price": 75.03, "numReviews": 52, "groups": [143], "averageRating": 4.211538461538462, "salesRankCategory": "Computers & Accessories", "salesRank": 4325}, {"asin": "B0001KO7V2", "name": "Sony SDM-HS53/B Flat Panel 15\" LCD Monitor (Black)", "imUrl": "http://ecx.images-amazon.com/images/I/41VQAR9EZ9L._SY300_.jpg", "price": 76.59, "numReviews": 3, "groups": [144], "averageRating": 5.0, "salesRankCategory": "Computers & Accessories", "salesRank": 4423}, {"asin": "B0007LZH7S", "name": "Dell E173FP 17\" Flat Panel Color Monitor", "imUrl": "http://ecx.images-amazon.com/images/I/41QHK55XPJL._SY300_.jpg", "price": 69.98, "numReviews": 42, "groups": [145], "averageRating": 4.333333333333333, "salesRankCategory": "Computers & Accessories", "salesRank": 1406}, {"asin": "B0013PZW5O", "name": "Samsung SyncMaster 2053BW 20-inch LCD Monitor", "imUrl": "http://ecx.images-amazon.com/images/I/51Whq87sHZL._SY300_.jpg", "price": 34.99, "numReviews": 7, "groups": [146], "averageRating": 4.0, "salesRankCategory": "Computers & Accessories", "salesRank": 25464}, {"asin": "B001769KP2", "name": "Samsung Touch Of Color T220 22-inch LCD Monitor", "imUrl": "http://ecx.images-amazon.com/images/I/31R9qRx1JyL._SX300_.jpg", "price": 188.99, "numReviews": 41, "groups": [147], "averageRating": 4.0, "salesRankCategory": "Computers & Accessories", "salesRank": 13957}, {"asin": "B00632TQUY", "name": "Acer Factory Recertified Emachine E202HL 20IN 1600X900 HD+ 12M:1-CONTRAST 5MS-RE", "imUrl": "http://ecx.images-amazon.com/images/I/41z%2BQPpPgNL.jpg", "price": 119.99, "numReviews": 4, "groups": [148], "averageRating": 4.5, "salesRankCategory": "Computers & Accessories", "salesRank": 21457}, {"asin": "B008C0UA4G", "name": "BenQ VA LED GL2450 24-Inch Screen LED-lit Monitor", "imUrl": "http://ecx.images-amazon.com/images/I/510tZlPdakL._SX300_.jpg", "price": 203.39, "numReviews": 12, "groups": [149], "averageRating": 4.416666666666667, "salesRankCategory": "Computers & Accessories", "salesRank": 9635}, {"asin": "B008F83YS4", "name": "LG Electronics N/A IPS224V-PN 21.55-Inch Screen LED-Lit Monitor", "imUrl": "http://ecx.images-amazon.com/images/I/31UbdCSUelL._SY300_.jpg", "price": 154.02, "numReviews": 1, "groups": [150], "averageRating": 5.0, "brand": "LG", "salesRankCategory": "Computers & Accessories", "salesRank": 2490}, {"asin": "B00EZSUWFG", "name": "ViewSonic VX2252MH 22-Inch LED-Lit LCD Monitor, Full HD 1080p, 2ms, 50M:1 DCR, Game Mode, HDMI/DVI/VGA, VESA", "imUrl": "http://ecx.images-amazon.com/images/I/51mZz4C88zL._SX300_.jpg", "price": 154.99, "numReviews": 230, "groups": [151], "averageRating": 4.439130434782609, "brand": "ViewSonic", "salesRankCategory": "Computers & Accessories", "salesRank": 173}, {"asin": "B00G0UAYDW", "name": "Dell E2214H LED monitor - 22 inch - 1920 x 1080 - TN - 250 cd/m2 - 1000:1 - 5 ms - DVI-D, VGA - black", "imUrl": "http://ecx.images-amazon.com/images/I/41wi25m4A-L._SX300_.jpg", "price": 173.65, "numReviews": 1, "groups": [152], "averageRating": 5.0, "brand": "Dell", "salesRankCategory": "Electronics", "salesRank": 184306}, {"asin": "B003FU0OCQ", "name": "Samsung E1920X  18.5-Inch 1360 x 768 5ms 16.7M High Performance LCD Monitor", "imUrl": "http://ecx.images-amazon.com/images/I/41PCFJSmODL._SX300_.jpg", "price": 129.99, "numReviews": 37, "groups": [153], "averageRating": 4.1891891891891895, "salesRankCategory": "Computers & Accessories", "salesRank": 6500}, {"asin": "B00E8CHOFA", "name": "CROSSOVER BLACK TUNE 30X-P DRIVER PIVOT LED Slim Design 30\" S-IPS 2560x1600 WQHD Display Port, HDMI, DVI-D, PC Monitor", "imUrl": "http://ecx.images-amazon.com/images/I/41C%2B1Ig3eJL._SY300_.jpg", "price": 789.95, "numReviews": 3, "groups": [154], "averageRating": 4.666666666666667, "salesRankCategory": "Electronics", "salesRank": 120113}, {"asin": "B00ITORMDC", "name": "BenQ GW Series GW2760HS 27-Inch Screen LED-Lit Monitor", "imUrl": "http://ecx.images-amazon.com/images/I/412l4pYMpHL._SX300_.jpg", "price": 202.99, "numReviews": 7, "groups": [155], "averageRating": 4.857142857142857, "brand": "BenQ", "salesRankCategory": "Computers & Accessories", "salesRank": 313}, {"asin": "B00127OUZQ", "name": "HP L1710 17-inch LCD Monitor", "imUrl": "http://ecx.images-amazon.com/images/I/41uEBHB2c8L._SY300_.jpg", "price": 69.98, "numReviews": 19, "groups": [156], "averageRating": 4.421052631578948, "salesRankCategory": "Computers & Accessories", "salesRank": 5733}, {"asin": "B001MTYX10", "name": "Acer H243H bmid 24-Inch Widescreen LCD Display (Black)", "imUrl": "http://ecx.images-amazon.com/images/I/31YX%2BqIajjL._SY300_.jpg", "price": 129.99, "numReviews": 52, "groups": [157], "averageRating": 4.096153846153846, "salesRankCategory": "Computers & Accessories", "salesRank": 9493}, {"asin": "B008FC8DYK", "name": "ViewSonic VA705-LED 17-Inch Screen LED-lit Monitor", "imUrl": "http://ecx.images-amazon.com/images/I/515HZfOLM1L._SY300_.jpg", "price": 133.99, "numReviews": 8, "groups": [158], "averageRating": 4.375, "brand": "ViewSonic", "salesRankCategory": "Computers & Accessories", "salesRank": 1514}, {"asin": "B00006B6XB", "name": "ViewSonic VE155B 15\" LCD Monitor", "imUrl": "http://ecx.images-amazon.com/images/I/51QXDQAY9KL._SY300_.jpg", "price": 76.59, "numReviews": 1, "groups": [159], "averageRating": 2.0, "salesRankCategory": "Electronics", "salesRank": 69711}, {"asin": "B000PIYVKC", "name": "Gateway - 17 inch Widescreen LCD Monitor Black - Model# FPD1775W", "imUrl": "http://ecx.images-amazon.com/images/I/41UTZXlPVmL.jpg", "price": 75.03, "numReviews": 9, "groups": [160], "averageRating": 2.6666666666666665, "salesRankCategory": "Electronics", "salesRank": 54940}, {"asin": "B002RW08F6", "name": "HP LA1905WG 19-INCH LCD Monitor.", "imUrl": "http://ecx.images-amazon.com/images/I/413By0W0dqL._SY300_.jpg", "price": 89.99, "numReviews": 1, "groups": [161], "averageRating": 5.0, "salesRankCategory": "Electronics", "salesRank": 137072}, {"asin": "B008I8XQIE", "name": "Samsung S22B310B 22in LED Monitor", "imUrl": "http://ecx.images-amazon.com/images/I/410L2I498LL._SY300_.jpg", "price": 218.99, "numReviews": 3, "groups": [162], "averageRating": 3.0, "salesRankCategory": "Electronics", "salesRank": 128386}, {"asin": "B00DQN3SRA", "name": "Samsung C370 S24C370HL 23.6-Inch Screen LED-Lit Monitor", "imUrl": "http://ecx.images-amazon.com/images/I/31UICU1yYNL._SX300_.jpg", "price": 156.44, "numReviews": 1, "groups": [163], "averageRating": 5.0, "salesRankCategory": "Computers & Accessories", "salesRank": 13360}, {"asin": "B00001OPJ5", "name": "ViewSonic VP150 15\" LCD Monitor (PC/Mac)", "imUrl": "http://ecx.images-amazon.com/images/I/51KNS21J22L._SY300_.jpg", "price": 69.98, "numReviews": 1, "groups": [164], "averageRating": 5.0, "salesRankCategory": "Computers & Accessories", "salesRank": 31629}, {"asin": "B0012MBIJ2", "name": "Dell Ultrasharp 1907FP 19\" LCD Flat Panel Monitor", "imUrl": "http://ecx.images-amazon.com/images/I/41u1-J828KL._SY300_.jpg", "price": 98.88, "numReviews": 23, "groups": [165], "averageRating": 4.478260869565218, "salesRankCategory": "Electronics", "salesRank": 34493}, {"asin": "B007D3MHJY", "name": "Elo 1729L Touchscreen LCD Monitor 17 - 5-wire Resistive - 1280 x 1024 - 5:4 - Grey", "imUrl": "http://ecx.images-amazon.com/images/I/41vkMkSD8xL._SX300_.jpg", "price": 674.63, "numReviews": 2, "groups": [166], "averageRating": 5.0, "salesRankCategory": "Electronics", "salesRank": 78658}, {"asin": "B007HSKSP0", "name": "BenQ VA GW2750HM 27-Inch Screen LED-lit Monitor", "imUrl": "http://ecx.images-amazon.com/images/I/51IVdNg%2BJSL._SY300_.jpg", "price": 208.98, "numReviews": 135, "groups": [155], "averageRating": 4.518518518518518, "brand": "BenQ"}, {"asin": "B009F1K79Y", "name": "ViewSonic VA2406M-LED 24-Inch Screen LED-Lit Monitor", "imUrl": "http://ecx.images-amazon.com/images/I/41vuPQmIW9L._SY300_.jpg", "price": 149.99, "numReviews": 131, "groups": [167], "averageRating": 4.450381679389313}, {"asin": "B00374ON22", "name": "WinTouch 18.5\" Touch Screen Kit, Converts your PC Monitor to Touch Screen via USB, No Installation Required - Fits Monitors up to 18.5\"", "imUrl": "http://ecx.images-amazon.com/images/I/51kba5rcuvL._SY300_.jpg", "price": 169.97, "numReviews": 9, "groups": [168], "averageRating": 3.7777777777777777, "salesRankCategory": "Electronics", "salesRank": 90250}, {"asin": "B0037U7M88", "name": "Dell S2409Wb HDMI 24\" Widescreen LCD Monitor", "imUrl": "http://ecx.images-amazon.com/images/I/41f%2B2mUusHL.jpg", "price": 265.0, "numReviews": 2, "groups": [169], "averageRating": 5.0, "salesRankCategory": "Electronics", "salesRank": 179309}, {"asin": "B00B5Q6Y8U", "name": "ASUS VS207D-P 19.5-Inch Screen LED-Lit Monitor", "imUrl": "http://ecx.images-amazon.com/images/I/41bm9VE5VcL._SX300_.jpg", "price": 100.86, "numReviews": 92, "groups": [170], "averageRating": 3.9347826086956523, "salesRankCategory": "Computers & Accessories", "salesRank": 194}, {"asin": "B00BV9AOL4", "name": "BenQ High Performance Gaming XL2720T 27-Inch Screen LED-Lit Monitor", "imUrl": "http://ecx.images-amazon.com/images/I/41UEhKgEYtL._SY300_.jpg", "price": 449.92, "numReviews": 60, "groups": [171], "averageRating": 4.166666666666667}, {"asin": "B00DGHKV6W", "name": "Lenovo LT2013p 60A0MAR1US 19.5-Inch Screen LED-lit Monitor", "imUrl": "http://ecx.images-amazon.com/images/I/41gL8TPzAdL._SY300_.jpg", "price": 197.71, "numReviews": 1, "groups": [172], "averageRating": 5.0, "brand": "Lenovo", "salesRankCategory": "Computers & Accessories", "salesRank": 13450}, {"asin": "B00F0834T6", "name": "ViewSonic VA2349S 23-Inch SuperClear IPS LED-Lit LCD Monitor, Full HD 1080p, 20M:1 DCR, DVI/VGA", "imUrl": "http://ecx.images-amazon.com/images/I/41mPvWYp-uL._SY300_.jpg", "price": 155.71, "numReviews": 25, "groups": [173], "averageRating": 4.2, "brand": "ViewSonic"}, {"asin": "B00AVYOG5K", "name": "ASUS VE198TL 19-Inch Screen LED-Lit Monitor", "imUrl": "http://ecx.images-amazon.com/images/I/411CUlGZg3L._SY300_.jpg", "price": 138.87, "numReviews": 6, "groups": [174], "averageRating": 4.333333333333333, "salesRankCategory": "Computers & Accessories", "salesRank": 8867}, {"asin": "B0036FOREG", "name": "Insignia\u00ae - 32\" Class / 720p / 60hz / LCD Hdtv Ns-l32q09-10a", "imUrl": "http://ecx.images-amazon.com/images/I/31jktkXPViL._SX300_.jpg", "price": 184.99, "numReviews": 4, "groups": [175], "averageRating": 2.5}, {"asin": "B00GOBD2WW", "name": "Acer FT200HQL bmjj 19.5-Inch Full HD (1600 x 900) Touchscreen Monitor", "imUrl": "http://ecx.images-amazon.com/images/I/51o1UmgWy8L._SY300_.jpg", "price": 196.07, "numReviews": 3, "groups": [55], "averageRating": 4.666666666666667, "brand": "Acer"}, {"asin": "B002TTB716", "name": "Thinkvision L2251X Wide Monitor", "imUrl": "http://ecx.images-amazon.com/images/I/41Pet50G4eL._SY300_.jpg", "price": 179.95, "numReviews": 2, "groups": [176], "averageRating": 4.5}, {"asin": "B003UUEPDU", "name": "Samsung BX2250 22in LED Monitor", "imUrl": "http://ecx.images-amazon.com/images/I/2117TeyK80L.jpg", "price": 129.99, "numReviews": 3, "groups": [177], "averageRating": 4.333333333333333, "salesRankCategory": "Electronics", "salesRank": 183943}, {"asin": "B005NJ46SU", "name": "Dell E171Fp 17\" LCD Computer Monitor", "imUrl": "http://ecx.images-amazon.com/images/I/416ygLYdBKL._SY300_.jpg", "price": 69.98, "numReviews": 3, "groups": [178], "averageRating": 3.3333333333333335, "salesRankCategory": "Electronics", "salesRank": 26535}, {"asin": "B009DYF7FW", "name": "S271HL 27\" LED LCD Monitor - 16:9 - 6 ms", "imUrl": "http://ecx.images-amazon.com/images/I/41snmkHzNsL._SY300_.jpg", "price": 349.83, "numReviews": 1, "groups": [179], "averageRating": 5.0, "salesRankCategory": "Electronics", "salesRank": 90256}, {"asin": "B003B459YE", "name": "Widescreen PL1910W 18.5-Inch Screen LCD Monitor", "imUrl": "http://ecx.images-amazon.com/images/I/41Q9mMakWWL._SY300_.jpg", "price": 69.98, "numReviews": 2, "groups": [180], "averageRating": 4.5, "salesRankCategory": "Computers & Accessories", "salesRank": 19762}, {"asin": "B00D3PJKZ0", "name": "Acer S200HQ UM.IS0AA.002 19.5-Inch Screen LED-Lit Monitor", "imUrl": "http://ecx.images-amazon.com/images/I/41tpQ7gzOGL._SY300_.jpg", "price": 118.19, "numReviews": 3, "groups": [181], "averageRating": 3.0, "salesRankCategory": "Computers & Accessories", "salesRank": 9778}, {"asin": "B00EUBLPH2", "name": "Acer T272HUL bmidpcz 27-Inch WQHD Touch Screen Widescreen Monitor", "imUrl": "http://ecx.images-amazon.com/images/I/51rrpQScr3L._SX300_.jpg", "price": 895.49, "numReviews": 11, "groups": [182], "averageRating": 4.454545454545454, "brand": "Acer", "salesRankCategory": "Computers & Accessories", "salesRank": 2247}, {"asin": "B000B7E404", "name": "ViewSonic VE710b-4 17\" LCD Monitor- Black", "imUrl": "http://ecx.images-amazon.com/images/I/41A1PHRTAQL._SY300_.jpg", "price": 75.03, "numReviews": 3, "groups": [183], "averageRating": 3.3333333333333335, "salesRankCategory": "Computers & Accessories", "salesRank": 21207}, {"asin": "B00906HM6K", "name": "ASUS VG Series VG278HE 27-Inch Screen LED-lit LCD Monitor", "imUrl": "http://ecx.images-amazon.com/images/I/41GqfEKkY0L._SY300_.jpg", "price": 373.99, "numReviews": 134, "groups": [184], "averageRating": 4.1940298507462686, "salesRankCategory": "Computers & Accessories", "salesRank": 770}, {"asin": "B004YCMEBI", "name": "Acer HS244HQ 24\" Widescreen 2ms 3D LED Monitor", "imUrl": "http://ecx.images-amazon.com/images/I/41cLB7HDvwL.jpg", "price": 9.36, "numReviews": 3, "groups": [185], "averageRating": 2.6666666666666665, "salesRankCategory": "Electronics", "salesRank": 207368}, {"asin": "B007948V24", "name": "Touch Screen 15-Inch POS TFT LCD TouchScreen Monitor", "imUrl": "http://ecx.images-amazon.com/images/I/41bXd1FQbWL._SY300_.jpg", "price": 249.99, "numReviews": 13, "groups": [186], "averageRating": 3.1538461538461537, "salesRankCategory": "Electronics", "salesRank": 23728}, {"asin": "B007WTGWBS", "name": "AOC E2251SWDN 21.5-Inch Widescreen LED Monitor - Black", "imUrl": "http://ecx.images-amazon.com/images/I/41a5XL7EZvL._SX300_.jpg", "price": 129.99, "numReviews": 43, "groups": [187], "averageRating": 3.697674418604651, "salesRankCategory": "Computers & Accessories", "salesRank": 6593}, {"asin": "B009AENEVO", "name": "Lenovo LI2721sW 27-Inch LED-Lit Monitor (18200587)", "imUrl": "http://ecx.images-amazon.com/images/I/5132aK%2B7enL._SX300_.jpg", "price": 299.99, "numReviews": 41, "groups": [188], "averageRating": 4.414634146341464, "salesRankCategory": "Computers & Accessories", "salesRank": 1354}, {"asin": "B003VWXWWC", "name": "AOC 2770VH1 27-Inch LCD Monitor", "imUrl": "http://ecx.images-amazon.com/images/I/412nW5ipG0L._SX300_.jpg", "price": 199.99, "numReviews": 6, "groups": [189], "averageRating": 4.833333333333333, "salesRankCategory": "Computers & Accessories", "salesRank": 15255}, {"asin": "B00D951WSC", "name": "Planar Planar 997-7199-00 27-Inch Screen LCD Monitor", "imUrl": "http://ecx.images-amazon.com/images/I/51xq80X8MXL._SX300_.jpg", "price": 171.19, "numReviews": 2, "groups": [190], "averageRating": 4.5, "salesRankCategory": "Computers & Accessories", "salesRank": 10290}, {"asin": "B00DCQQRE2", "name": "ASUS VW22AT-CSM 22-Inch Screen LCD Monitor", "imUrl": "http://ecx.images-amazon.com/images/I/41VTslw816L._SY300_.jpg", "price": 139.99, "numReviews": 2, "groups": [191], "averageRating": 4.5, "salesRankCategory": "Computers & Accessories", "salesRank": 16902}, {"asin": "B000PHS8HK", "name": "NEC MultiSync LCD195WXM-BK 19 inch Wide Screen 700:1 5ms DVI LCD Monitor (Black)", "imUrl": "http://ecx.images-amazon.com/images/I/51Dr1NJoQjL._SX300_.jpg", "price": 2.52, "numReviews": 3, "groups": [192], "averageRating": 5.0, "salesRankCategory": "Computers & Accessories", "salesRank": 5397}, {"asin": "B00C18YTCO", "name": "Samsung S23C570H 23-Inch Screen LED-Lit Monitor", "imUrl": "http://ecx.images-amazon.com/images/I/41q5bvLlahL._SX300_.jpg", "price": 196.99, "numReviews": 22, "groups": [193], "averageRating": 4.0, "brand": "Samsung", "salesRankCategory": "Computers & Accessories", "salesRank": 2224}, {"asin": "B00CRMSSJE", "name": "Acer P206hvb 20in Widescreen Lcd Monitor, Black, 1600x900, 5000:1 Dcr, 5ms, D-sub; Black", "imUrl": "http://ecx.images-amazon.com/images/I/41nMrKuoU0L._SX300_.jpg", "price": 92.24, "numReviews": 1, "groups": [194], "averageRating": 5.0, "salesRankCategory": "Electronics", "salesRank": 68967}, {"asin": "B000OK1046", "name": "HP W1907 19-inch Widescreen Flat Panel LCD Monitor", "imUrl": "http://ecx.images-amazon.com/images/I/517WHxwTLTL._SY300_.jpg", "price": 129.99, "numReviews": 86, "groups": [195], "averageRating": 4.058139534883721, "salesRankCategory": "Computers & Accessories", "salesRank": 2380}, {"asin": "B00B7XYVV8", "name": "Acer 27\" LED Widescreen 3D LCD Monitor (Certified Refurbished)", "imUrl": "http://ecx.images-amazon.com/images/I/31xqWyFt%2BgL._SX300_.jpg", "price": 579.44, "numReviews": 6, "groups": [196], "averageRating": 3.3333333333333335, "brand": "Acer", "salesRankCategory": "Computers & Accessories", "salesRank": 13919}, {"asin": "B00EPRCZ16", "name": "HL205ABB 19.5\" LED 1600 x 900 1000:1 LCD Monitor - Black", "imUrl": "http://ecx.images-amazon.com/images/I/51OdkbSKvUL._SY300_.jpg", "price": 86.99, "numReviews": 34, "groups": [197], "averageRating": 4.294117647058823, "salesRankCategory": "Electronics", "salesRank": 2427}, {"asin": "B000FI6R72", "name": "Dell UltraSharp 2007WFP - 20.1\" 1680x1050 resolution w/ USB hub", "imUrl": "http://ecx.images-amazon.com/images/I/41FZtuWd1KL._SX300_.jpg", "price": 219.99, "numReviews": 18, "groups": [198], "averageRating": 4.555555555555555, "salesRankCategory": "Electronics", "salesRank": 49139}, {"asin": "B002TLTEAA", "name": "Acer T230H bmidh 23-Inch Wide Touch Screen Display - Black", "imUrl": "http://ecx.images-amazon.com/images/I/51n2CnsJ%2B1L._SX300_.jpg", "price": 395.99, "numReviews": 38, "groups": [199], "averageRating": 4.105263157894737, "salesRankCategory": "Computers & Accessories", "salesRank": 10932}, {"asin": "B002VY6R5K", "name": "ASUS MS226H - 21.5-Inch Wide LCD Monitor", "imUrl": "http://ecx.images-amazon.com/images/I/419ya9bPIiL._SX300_.jpg", "price": 129.99, "numReviews": 16, "groups": [200], "averageRating": 4.0625, "salesRankCategory": "Computers & Accessories", "salesRank": 16000}, {"asin": "B000VZRPF2", "name": "Dell E198WFP 19\" Widescreen Flat Panel LCD Monitor", "imUrl": "http://ecx.images-amazon.com/images/I/41I%2BrZZQBeL._SX300_.jpg", "price": 98.88, "numReviews": 16, "groups": [201], "averageRating": 4.1875}, {"asin": "B000N4VRM8", "name": "Hanns.G HW173DBB 17\" Widescreen LCD TFT Display Monitor", "imUrl": "http://ecx.images-amazon.com/images/I/51QoDkpDjhL._SY300_.jpg", "price": 75.03, "numReviews": 6, "groups": [202], "averageRating": 3.6666666666666665, "salesRankCategory": "Computers & Accessories", "salesRank": 3842}, {"asin": "B00413PHDM", "name": "Asus VE228H 21.5-Inch Full-HD LED Monitor with Integrated Speakers", "imUrl": "http://ecx.images-amazon.com/images/I/51Z5AZJDsdL._SY300_.jpg", "price": 133.09, "numReviews": 403, "groups": [203], "averageRating": 4.258064516129032, "brand": "Asus"}], "links": [{"source": 0, "target": 65, "right": false, "left": true, "value": 1}, {"source": 0, "target": 169, "right": false, "left": true, "value": 1}, {"source": 0, "target": 31, "right": true, "left": false, "value": 1}, {"source": 1, "target": 67, "right": true, "left": false, "value": 1}, {"source": 1, "target": 141, "right": false, "left": true, "value": 1}, {"source": 2, "target": 8, "right": true, "left": false, "value": 1}, {"source": 2, "target": 171, "right": true, "left": false, "value": 1}, {"source": 3, "target": 203, "right": true, "left": false, "value": 1}, {"source": 3, "target": 175, "right": true, "left": false, "value": 1}, {"source": 4, "target": 209, "right": true, "left": false, "value": 1}, {"source": 5, "target": 97, "right": true, "left": false, "value": 1}, {"source": 5, "target": 155, "right": true, "left": false, "value": 1}, {"source": 6, "target": 103, "right": true, "left": false, "value": 1}, {"source": 7, "target": 8, "right": true, "left": false, "value": 1}, {"source": 7, "target": 88, "right": true, "left": false, "value": 1}, {"source": 8, "target": 196, "right": false, "left": true, "value": 1}, {"source": 8, "target": 171, "right": true, "left": false, "value": 1}, {"source": 8, "target": 23, "right": false, "left": true, "value": 1}, {"source": 8, "target": 88, "right": true, "left": true, "value": 1}, {"source": 9, "target": 114, "right": true, "left": true, "value": 1}, {"source": 9, "target": 139, "right": true, "left": false, "value": 1}, {"source": 9, "target": 141, "right": true, "left": false, "value": 1}, {"source": 10, "target": 162, "right": true, "left": false, "value": 1}, {"source": 11, "target": 122, "right": true, "left": false, "value": 1}, {"source": 12, "target": 120, "right": true, "left": false, "value": 1}, {"source": 13, "target": 209, "right": true, "left": false, "value": 1}, {"source": 14, "target": 145, "right": false, "left": true, "value": 1}, {"source": 14, "target": 194, "right": false, "left": true, "value": 1}, {"source": 15, "target": 209, "right": true, "left": false, "value": 1}, {"source": 16, "target": 209, "right": true, "left": false, "value": 1}, {"source": 17, "target": 209, "right": true, "left": false, "value": 1}, {"source": 18, "target": 94, "right": true, "left": false, "value": 1}, {"source": 19, "target": 55, "right": true, "left": false, "value": 1}, {"source": 20, "target": 90, "right": true, "left": false, "value": 1}, {"source": 21, "target": 41, "right": true, "left": false, "value": 1}, {"source": 22, "target": 190, "right": true, "left": false, "value": 1}, {"source": 24, "target": 209, "right": true, "left": false, "value": 1}, {"source": 25, "target": 84, "right": true, "left": false, "value": 1}, {"source": 26, "target": 104, "right": false, "left": true, "value": 1}, {"source": 26, "target": 125, "right": false, "left": true, "value": 1}, {"source": 26, "target": 200, "right": false, "left": true, "value": 1}, {"source": 27, "target": 122, "right": true, "left": false, "value": 1}, {"source": 27, "target": 38, "right": true, "left": false, "value": 1}, {"source": 28, "target": 209, "right": true, "left": false, "value": 1}, {"source": 29, "target": 209, "right": true, "left": false, "value": 1}, {"source": 29, "target": 155, "right": true, "left": false, "value": 1}, {"source": 30, "target": 171, "right": true, "left": false, "value": 1}, {"source": 31, "target": 32, "right": false, "left": true, "value": 1}, {"source": 31, "target": 67, "right": true, "left": true, "value": 1}, {"source": 31, "target": 41, "right": true, "left": false, "value": 1}, {"source": 31, "target": 207, "right": false, "left": true, "value": 1}, {"source": 31, "target": 114, "right": false, "left": true, "value": 1}, {"source": 31, "target": 89, "right": false, "left": true, "value": 1}, {"source": 33, "target": 122, "right": true, "left": false, "value": 1}, {"source": 34, "target": 196, "right": true, "left": false, "value": 1}, {"source": 35, "target": 144, "right": false, "left": true, "value": 1}, {"source": 35, "target": 36, "right": false, "left": true, "value": 1}, {"source": 37, "target": 122, "right": true, "left": false, "value": 1}, {"source": 38, "target": 122, "right": true, "left": false, "value": 1}, {"source": 39, "target": 41, "right": true, "left": false, "value": 1}, {"source": 39, "target": 209, "right": true, "left": false, "value": 1}, {"source": 40, "target": 122, "right": true, "left": false, "value": 1}, {"source": 41, "target": 96, "right": false, "left": true, "value": 1}, {"source": 41, "target": 67, "right": true, "left": true, "value": 1}, {"source": 41, "target": 75, "right": false, "left": true, "value": 1}, {"source": 41, "target": 204, "right": false, "left": true, "value": 1}, {"source": 41, "target": 82, "right": false, "left": true, "value": 1}, {"source": 41, "target": 85, "right": false, "left": true, "value": 1}, {"source": 41, "target": 89, "right": false, "left": true, "value": 1}, {"source": 41, "target": 156, "right": false, "left": true, "value": 1}, {"source": 42, "target": 122, "right": true, "left": false, "value": 1}, {"source": 43, "target": 175, "right": true, "left": false, "value": 1}, {"source": 44, "target": 57, "right": true, "left": false, "value": 1}, {"source": 44, "target": 139, "right": true, "left": false, "value": 1}, {"source": 45, "target": 122, "right": true, "left": false, "value": 1}, {"source": 46, "target": 64, "right": false, "left": true, "value": 1}, {"source": 46, "target": 209, "right": true, "left": false, "value": 1}, {"source": 47, "target": 209, "right": true, "left": false, "value": 1}, {"source": 47, "target": 155, "right": true, "left": false, "value": 1}, {"source": 48, "target": 188, "right": true, "left": false, "value": 1}, {"source": 49, "target": 128, "right": true, "left": true, "value": 1}, {"source": 49, "target": 73, "right": false, "left": true, "value": 1}, {"source": 49, "target": 108, "right": false, "left": true, "value": 1}, {"source": 49, "target": 58, "right": false, "left": true, "value": 1}, {"source": 49, "target": 91, "right": false, "left": true, "value": 1}, {"source": 49, "target": 190, "right": true, "left": false, "value": 1}, {"source": 49, "target": 62, "right": false, "left": true, "value": 1}, {"source": 50, "target": 63, "right": true, "left": false, "value": 1}, {"source": 51, "target": 122, "right": true, "left": false, "value": 1}, {"source": 52, "target": 128, "right": true, "left": false, "value": 1}, {"source": 53, "target": 67, "right": true, "left": false, "value": 1}, {"source": 54, "target": 128, "right": true, "left": false, "value": 1}, {"source": 55, "target": 181, "right": true, "left": true, "value": 1}, {"source": 55, "target": 94, "right": false, "left": true, "value": 1}, {"source": 56, "target": 209, "right": true, "left": false, "value": 1}, {"source": 57, "target": 99, "right": false, "left": true, "value": 1}, {"source": 57, "target": 139, "right": true, "left": false, "value": 1}, {"source": 58, "target": 128, "right": true, "left": false, "value": 1}, {"source": 59, "target": 131, "right": false, "left": true, "value": 1}, {"source": 59, "target": 178, "right": false, "left": true, "value": 1}, {"source": 59, "target": 90, "right": true, "left": false, "value": 1}, {"source": 59, "target": 155, "right": false, "left": true, "value": 1}, {"source": 59, "target": 60, "right": false, "left": true, "value": 1}, {"source": 61, "target": 122, "right": true, "left": false, "value": 1}, {"source": 62, "target": 190, "right": true, "left": false, "value": 1}, {"source": 63, "target": 136, "right": false, "left": true, "value": 1}, {"source": 63, "target": 205, "right": false, "left": true, "value": 1}, {"source": 63, "target": 94, "right": true, "left": false, "value": 1}, {"source": 65, "target": 122, "right": true, "left": false, "value": 1}, {"source": 66, "target": 158, "right": false, "left": true, "value": 1}, {"source": 67, "target": 102, "right": false, "left": true, "value": 1}, {"source": 67, "target": 89, "right": false, "left": true, "value": 1}, {"source": 67, "target": 93, "right": false, "left": true, "value": 1}, {"source": 68, "target": 139, "right": true, "left": false, "value": 1}, {"source": 69, "target": 122, "right": true, "left": false, "value": 1}, {"source": 70, "target": 209, "right": true, "left": false, "value": 1}, {"source": 71, "target": 119, "right": true, "left": false, "value": 1}, {"source": 72, "target": 177, "right": false, "left": true, "value": 1}, {"source": 73, "target": 88, "right": true, "left": false, "value": 1}, {"source": 74, "target": 203, "right": true, "left": false, "value": 1}, {"source": 76, "target": 94, "right": true, "left": false, "value": 1}, {"source": 77, "target": 155, "right": true, "left": false, "value": 1}, {"source": 78, "target": 162, "right": true, "left": false, "value": 1}, {"source": 78, "target": 122, "right": true, "left": false, "value": 1}, {"source": 78, "target": 146, "right": false, "left": true, "value": 1}, {"source": 79, "target": 122, "right": true, "left": false, "value": 1}, {"source": 80, "target": 209, "right": true, "left": false, "value": 1}, {"source": 80, "target": 95, "right": false, "left": true, "value": 1}, {"source": 81, "target": 122, "right": true, "left": false, "value": 1}, {"source": 83, "target": 203, "right": true, "left": false, "value": 1}, {"source": 83, "target": 175, "right": true, "left": false, "value": 1}, {"source": 86, "target": 209, "right": true, "left": false, "value": 1}, {"source": 86, "target": 155, "right": true, "left": false, "value": 1}, {"source": 87, "target": 128, "right": true, "left": false, "value": 1}, {"source": 88, "target": 195, "right": false, "left": true, "value": 1}, {"source": 88, "target": 171, "right": true, "left": false, "value": 1}, {"source": 88, "target": 118, "right": false, "left": true, "value": 1}, {"source": 90, "target": 129, "right": false, "left": true, "value": 1}, {"source": 90, "target": 133, "right": false, "left": true, "value": 1}, {"source": 90, "target": 135, "right": false, "left": true, "value": 1}, {"source": 90, "target": 105, "right": false, "left": true, "value": 1}, {"source": 90, "target": 172, "right": false, "left": true, "value": 1}, {"source": 90, "target": 174, "right": false, "left": true, "value": 1}, {"source": 90, "target": 126, "right": false, "left": true, "value": 1}, {"source": 92, "target": 128, "right": true, "left": false, "value": 1}, {"source": 94, "target": 205, "right": false, "left": true, "value": 1}, {"source": 95, "target": 209, "right": true, "left": false, "value": 1}, {"source": 97, "target": 106, "right": false, "left": true, "value": 1}, {"source": 97, "target": 182, "right": false, "left": true, "value": 1}, {"source": 98, "target": 122, "right": true, "left": false, "value": 1}, {"source": 99, "target": 162, "right": true, "left": false, "value": 1}, {"source": 100, "target": 190, "right": true, "left": false, "value": 1}, {"source": 101, "target": 162, "right": true, "left": false, "value": 1}, {"source": 101, "target": 122, "right": true, "left": false, "value": 1}, {"source": 102, "target": 209, "right": true, "left": false, "value": 1}, {"source": 103, "target": 155, "right": true, "left": false, "value": 1}, {"source": 103, "target": 183, "right": false, "left": true, "value": 1}, {"source": 104, "target": 155, "right": true, "left": false, "value": 1}, {"source": 104, "target": 127, "right": false, "left": true, "value": 1}, {"source": 106, "target": 209, "right": true, "left": false, "value": 1}, {"source": 107, "target": 122, "right": true, "left": false, "value": 1}, {"source": 109, "target": 209, "right": true, "left": false, "value": 1}, {"source": 110, "target": 128, "right": true, "left": false, "value": 1}, {"source": 111, "target": 209, "right": true, "left": false, "value": 1}, {"source": 111, "target": 155, "right": true, "left": false, "value": 1}, {"source": 112, "target": 187, "right": false, "left": true, "value": 1}, {"source": 112, "target": 175, "right": true, "left": false, "value": 1}, {"source": 113, "target": 155, "right": true, "left": false, "value": 1}, {"source": 113, "target": 199, "right": true, "left": false, "value": 1}, {"source": 114, "target": 139, "right": true, "left": false, "value": 1}, {"source": 114, "target": 141, "right": true, "left": false, "value": 1}, {"source": 115, "target": 122, "right": true, "left": false, "value": 1}, {"source": 116, "target": 209, "right": true, "left": false, "value": 1}, {"source": 116, "target": 140, "right": true, "left": false, "value": 1}, {"source": 117, "target": 122, "right": true, "left": false, "value": 1}, {"source": 120, "target": 153, "right": false, "left": true, "value": 1}, {"source": 121, "target": 209, "right": true, "left": false, "value": 1}, {"source": 122, "target": 130, "right": false, "left": true, "value": 1}, {"source": 122, "target": 142, "right": false, "left": true, "value": 1}, {"source": 122, "target": 147, "right": false, "left": true, "value": 1}, {"source": 122, "target": 148, "right": false, "left": true, "value": 1}, {"source": 122, "target": 149, "right": false, "left": true, "value": 1}, {"source": 122, "target": 157, "right": false, "left": true, "value": 1}, {"source": 122, "target": 160, "right": false, "left": true, "value": 1}, {"source": 122, "target": 163, "right": false, "left": true, "value": 1}, {"source": 122, "target": 164, "right": false, "left": true, "value": 1}, {"source": 122, "target": 168, "right": false, "left": true, "value": 1}, {"source": 122, "target": 175, "right": true, "left": false, "value": 1}, {"source": 122, "target": 184, "right": false, "left": true, "value": 1}, {"source": 122, "target": 189, "right": false, "left": true, "value": 1}, {"source": 122, "target": 198, "right": false, "left": true, "value": 1}, {"source": 122, "target": 208, "right": false, "left": true, "value": 1}, {"source": 123, "target": 209, "right": true, "left": false, "value": 1}, {"source": 124, "target": 128, "right": true, "left": false, "value": 1}, {"source": 128, "target": 143, "right": false, "left": true, "value": 1}, {"source": 128, "target": 185, "right": false, "left": true, "value": 1}, {"source": 132, "target": 209, "right": true, "left": false, "value": 1}, {"source": 134, "target": 175, "right": true, "left": false, "value": 1}, {"source": 137, "target": 155, "right": true, "left": false, "value": 1}, {"source": 138, "target": 209, "right": true, "left": false, "value": 1}, {"source": 139, "target": 141, "right": false, "left": true, "value": 1}, {"source": 140, "target": 209, "right": true, "left": false, "value": 1}, {"source": 147, "target": 203, "right": true, "left": false, "value": 1}, {"source": 150, "target": 209, "right": true, "left": false, "value": 1}, {"source": 151, "target": 209, "right": true, "left": false, "value": 1}, {"source": 152, "target": 175, "right": true, "left": false, "value": 1}, {"source": 153, "target": 171, "right": true, "left": false, "value": 1}, {"source": 154, "target": 209, "right": true, "left": false, "value": 1}, {"source": 155, "target": 161, "right": false, "left": true, "value": 1}, {"source": 155, "target": 178, "right": false, "left": true, "value": 1}, {"source": 157, "target": 175, "right": true, "left": false, "value": 1}, {"source": 159, "target": 171, "right": true, "left": true, "value": 1}, {"source": 165, "target": 203, "right": true, "left": false, "value": 1}, {"source": 166, "target": 209, "right": true, "left": false, "value": 1}, {"source": 167, "target": 199, "right": true, "left": false, "value": 1}, {"source": 169, "target": 175, "right": true, "left": false, "value": 1}, {"source": 170, "target": 192, "right": true, "left": false, "value": 1}, {"source": 170, "target": 181, "right": true, "left": false, "value": 1}, {"source": 171, "target": 185, "right": false, "left": true, "value": 1}, {"source": 171, "target": 196, "right": false, "left": true, "value": 1}, {"source": 171, "target": 180, "right": false, "left": true, "value": 1}, {"source": 173, "target": 181, "right": true, "left": false, "value": 1}, {"source": 175, "target": 200, "right": false, "left": true, "value": 1}, {"source": 175, "target": 207, "right": false, "left": true, "value": 1}, {"source": 175, "target": 209, "right": true, "left": false, "value": 1}, {"source": 175, "target": 179, "right": false, "left": true, "value": 1}, {"source": 176, "target": 190, "right": true, "left": false, "value": 1}, {"source": 179, "target": 209, "right": true, "left": false, "value": 1}, {"source": 184, "target": 203, "right": true, "left": false, "value": 1}, {"source": 186, "target": 203, "right": true, "left": false, "value": 1}, {"source": 190, "target": 202, "right": false, "left": true, "value": 1}, {"source": 190, "target": 191, "right": false, "left": true, "value": 1}, {"source": 193, "target": 209, "right": true, "left": false, "value": 1}, {"source": 197, "target": 209, "right": true, "left": false, "value": 1}, {"source": 201, "target": 209, "right": true, "left": false, "value": 1}, {"source": 201, "target": 203, "right": true, "left": false, "value": 1}, {"source": 206, "target": 209, "right": true, "left": false, "value": 1}]}