{"nodes": [{"asin": "B0000AFPUW", "name": "GE TL26523 Line Cord (25 Ft., White, 6-Conductor Wire)", "imUrl": "http://ecx.images-amazon.com/images/I/51eEFuilR6L._SY300_.jpg", "price": 5.38, "numReviews": 12, "groups": [0], "averageRating": 4.916666666666667}, {"asin": "B003AJDGKE", "name": "HP 8121-0811 Telephone cable (2-wire) - RJ11 (M) connectors - 3m (10ft) long (USA, Canada, Mexico, Latin America, Greece, Poland, Saudi Arabia, Portugal, and Spain)", "imUrl": "http://ecx.images-amazon.com/images/I/51oivWdS6RL._SX300_.jpg", "price": 13.94, "numReviews": 9, "groups": [1], "averageRating": 4.666666666666667}, {"asin": "B00C7WVGUM", "name": "Cloth Covered Telephone Line Phone Cord - Brown - Spade to Modular", "imUrl": "http://ecx.images-amazon.com/images/I/31P7Cj2GPiL.jpg", "price": 10.75, "numReviews": 1, "groups": [2], "averageRating": 5.0}, {"asin": "B00DY89ND0", "name": "Telephone Cord Handset Curly - Tough Long Lasting And Resilient - Phone Color Classic Blue 15ft - 2 Year Replacement Warranty - Works on virtually all Trimline Phones and Princess Telephones - Also Available in 25ft Cord Lengths - Landline Telephone Accessory - TM iSoHo Phones", "imUrl": "http://ecx.images-amazon.com/images/I/515rYFbjVpL._SX300_.jpg", "price": 14.95, "numReviews": 2, "groups": [3], "averageRating": 4.5}, {"asin": "B00DY9HFWA", "name": "Telephone Cord Handset Curly - Tough Long Lasting And Resilient - Phone Color Ladies Pink 25ft - 2 Year Replacement Warranty - Works on virtually all Trimline Phones and Princess Telephones - Also Available in 15ft Cord Lengths - Landline Telephone Accessory - TM iSoHo Phones", "imUrl": "http://ecx.images-amazon.com/images/I/41Ve0oNxtqL._SY300_.jpg", "price": 16.95, "numReviews": 1, "groups": [4], "averageRating": 5.0}, {"asin": "B003EI4GW8", "name": "50FT 6-WIRE Mod Tel Cord Wht Premium Retail Blister Pack", "imUrl": "http://ecx.images-amazon.com/images/I/41cIxLNuZiL._SY300_.jpg", "price": 7.84, "numReviews": 1, "groups": [5], "averageRating": 5.0}, {"asin": "B000OYLZHE", "name": "CableWholesale 2-Feet RJ11, 6P/4C Flat Reverse Telephone Cable (8101-64202)", "imUrl": "http://ecx.images-amazon.com/images/I/41CHDpJ5LIL._SY300_.jpg", "price": 4.68, "numReviews": 3, "groups": [6], "averageRating": 5.0, "brand": "CableWholesale"}, {"asin": "B00006JQ7D", "name": "SOUTHWESTERN BELL S60067 White Handset Cord 12 Feet", "imUrl": "http://ecx.images-amazon.com/images/I/41st-qdbzYL._SY300_.jpg", "price": 5.35, "numReviews": 28, "groups": [7], "averageRating": 4.142857142857143}, {"asin": "B004U77SCW", "name": "ativa 16-Foot Retractable Handset Cord", "imUrl": "http://ecx.images-amazon.com/images/I/31dJjcntxHL.jpg", "price": 19.94, "numReviews": 2, "groups": [8], "averageRating": 4.0}, {"asin": "B0009AIKBW", "name": "JASCO JAS-TL96178 911353 / 25' ALMOND Handset Co", "imUrl": "http://ecx.images-amazon.com/images/I/41K16LS1uaL._SY300_.jpg", "price": 5.0, "numReviews": 2, "groups": [9], "averageRating": 5.0}, {"asin": "B004NEUJPA", "name": "Steren 302-015BK 15-Feet Handset Cord, Black", "imUrl": "http://ecx.images-amazon.com/images/I/41yfsWoxJFL._SX300_.jpg", "price": 5.09, "numReviews": 2, "groups": [10], "averageRating": 4.0}, {"asin": "B002MVQF40", "name": "Black Coiled Telephone Phone Handset Cable Cord, Coiled Length 16 inches to 6 feet Uncoiled", "imUrl": "http://ecx.images-amazon.com/images/I/41AOEJVR%2B8L._SY300_.jpg", "price": 4.48, "numReviews": 32, "groups": [11], "averageRating": 3.96875}, {"asin": "B00006JQ88", "name": "SOUTHWESTERN BELL S60610 6-Conductor Inline Modular Coupler", "imUrl": "http://ecx.images-amazon.com/images/I/41or%2BPTmUzL._SY300_.jpg", "price": 2.44, "numReviews": 1, "groups": [12], "averageRating": 1.0}, {"asin": "B0000AFPVA", "name": "Ge Tl26579 Line Cords (15 Ft Black 4-Conductor)", "imUrl": "http://ecx.images-amazon.com/images/I/31a-Ihzq68L._SY300_.jpg", "price": 4.29, "numReviews": 1, "groups": [13], "averageRating": 1.0}, {"asin": "B007DMUY5Y", "name": "Telephone Cable Straight Rj11 200ft", "imUrl": "http://ecx.images-amazon.com/images/I/31AJ3-jWtYL.jpg", "price": 31.99, "numReviews": 1, "groups": [14], "averageRating": 5.0}, {"asin": "B0000AFPUJ", "name": "Ge Tl26325 Ultra Thin Line Cord (50 Ft)", "imUrl": "http://ecx.images-amazon.com/images/I/21JvpJwVc-L._SX300_.jpg", "price": 8.75, "numReviews": 1, "groups": [15], "averageRating": 5.0}, {"asin": "B00006IBH8", "name": "ATT 12ft. Handset Cord, Black (Discontinued by Manufacturer)", "imUrl": "http://ecx.images-amazon.com/images/I/21aOdhYg7gL._SY300_.jpg", "price": 13.97, "numReviews": 1, "groups": [16], "averageRating": 5.0}, {"asin": "B00009UHCK", "name": "GE TL96177 12 Foot Coil Phone Cord (Black)", "imUrl": "http://ecx.images-amazon.com/images/I/41lla2ynzRL._SY300_.jpg", "price": 3.4, "numReviews": 9, "groups": [17], "averageRating": 2.111111111111111}, {"asin": "B005S8LKCG", "name": "GE 76114 Line Cord", "imUrl": "http://ecx.images-amazon.com/images/I/31K1kRopOPL._SY300_.jpg", "price": 9.0, "numReviews": 1, "groups": [18], "averageRating": 5.0, "brand": "GE"}, {"asin": "B00D6NRI6C", "name": "Telephone 4 prong plug to modular adapter RJ-11 Four Prong for Vintage Rotary", "imUrl": "http://ecx.images-amazon.com/images/I/41YPIrZ-6PL._SX300_.jpg", "price": 20.88, "numReviews": 2, "groups": [19], "averageRating": 5.0}, {"asin": "B005E95HQE", "name": "ICC GCHA444025-FMG / 25' CHARCOAL", "imUrl": "http://ecx.images-amazon.com/images/I/317EVF8JSOL._SY300_.jpg", "price": 7.02, "numReviews": 2, "groups": [20], "averageRating": 5.0}, {"asin": "B008XYFP7I", "name": "EarlyBirdSavings 2Wire 1-Line Inline DSL Filters for single line telephones or phoneline devices", "imUrl": "http://ecx.images-amazon.com/images/I/31Ao6-IjrhL._SY300_.jpg", "price": 5.08, "numReviews": 4, "groups": [21], "averageRating": 5.0}, {"asin": "B00009W3FO", "name": "RCA TP280WN 12-Feet Handset Coil Cord, White", "imUrl": "http://ecx.images-amazon.com/images/I/51S5jTuyMTL._SY300_.jpg", "price": 2.99, "numReviews": 3, "groups": [22], "averageRating": 3.3333333333333335, "brand": "RCA"}, {"asin": "B0052URI3K", "name": "6 Foot Off White Handset Cords", "imUrl": "http://ecx.images-amazon.com/images/I/31KSANFwo4L._SY300_.jpg", "price": 4.72, "numReviews": 1, "groups": [23], "averageRating": 5.0}, {"asin": "B004BUTGD2", "name": "OEM 25 feet Ivory Phone Telephone Extension Cord Cable Line Wire With Standard RJ-11 Plugs Jacks", "imUrl": "http://ecx.images-amazon.com/images/I/41tPk68OYRL._SX300_.jpg", "price": 6.99, "numReviews": 37, "groups": [24], "averageRating": 4.756756756756757}, {"asin": "B00000JBJP", "name": "AT&T Tuff Cord 25-Ft. (White)", "imUrl": "http://ecx.images-amazon.com/images/I/41Z2EMRWC1L._SY300_.jpg", "price": 4.88, "numReviews": 4, "groups": [25], "averageRating": 5.0}, {"asin": "B0048BPUSE", "name": "RCA 7 Foot Modular Line Cord TP210WHN (White)", "imUrl": "http://ecx.images-amazon.com/images/I/41o3F-nZVqL._SX300_.jpg", "price": 3.35, "numReviews": 3, "groups": [26], "averageRating": 5.0, "brand": "RCA"}, {"asin": "B000U0HC9C", "name": "ICC GCHA444025-FAR / 25' ASH Hands", "imUrl": "http://ecx.images-amazon.com/images/I/41N7V4cSySL._SX300_.jpg", "price": 4.75, "numReviews": 5, "groups": [27], "averageRating": 4.2}, {"asin": "B002HEQDA8", "name": "GE 76572 Dual Jack Cord (25 Feet, White)", "imUrl": "http://ecx.images-amazon.com/images/I/41lTJ-rVE0L._SY300_.jpg", "price": 3.26, "numReviews": 1, "groups": [28], "averageRating": 5.0, "brand": "GE"}, {"asin": "B007WAMGR6", "name": "Ativa Retractable Handset Cord, 8 foot, Color - Clear : Replaces Tangle-Prone Coil Cords, Space Saver AT26811", "imUrl": "http://ecx.images-amazon.com/images/I/11lLiwrCKZL.jpg", "price": 14.96, "numReviews": 2, "groups": [29], "averageRating": 1.0}, {"asin": "B004Y35C3O", "name": "PcConnect RJ11, 6P / 4C, Silver Satin Flat, 1:1, 1 ft (Data)", "imUrl": "http://ecx.images-amazon.com/images/I/31a6ZiwkPHL._SY300_.jpg", "price": 5.85, "numReviews": 2, "groups": [30, 31], "averageRating": 5.0}, {"asin": "B0000ACKR1", "name": "GE TL26192 Line Cord (15 Ft., White, 4-Conductor)", "imUrl": "http://ecx.images-amazon.com/images/I/41GPIR6rQOL._SX300_.jpg", "price": 7.72, "numReviews": 22, "groups": [32], "averageRating": 4.818181818181818, "brand": "GE"}, {"asin": "B000EFLPDW", "name": "Softalk 01500 Twisstop Phone Cord Detangler Clear Landline Telephone Accessory", "imUrl": "http://ecx.images-amazon.com/images/I/41o494XCGtL._SY300_.jpg", "price": 4.85, "numReviews": 56, "groups": [33], "averageRating": 2.732142857142857, "brand": "Softalk"}, {"asin": "B005G9RB3Y", "name": "Handset Cord 12 Ft Black Heavy Duty New in a Factory Sealed Bag", "imUrl": "http://ecx.images-amazon.com/images/I/41zpU6iYGpL._SY300_.jpg", "price": 5.95, "numReviews": 51, "groups": [34], "averageRating": 4.529411764705882}, {"asin": "B0007KMZ8I", "name": "AT&T 14762 25-Feet Handset Cord", "imUrl": "http://ecx.images-amazon.com/images/I/41VLd4VftZL._SY300_.jpg", "price": 5.0, "numReviews": 3, "groups": [35], "averageRating": 4.333333333333333, "brand": "AT&T"}, {"asin": "B000LNMZ0O", "name": "GE Retractable Handset Cord 16ft Black (TL26303)", "imUrl": "http://ecx.images-amazon.com/images/I/61-xlPGCG9L.gif", "price": 14.97, "numReviews": 3, "groups": [36], "averageRating": 3.6666666666666665}, {"asin": "B00002N5H4", "name": "Leviton C0258-50I 50-Foot Modular Flat Phone Wire, Color Ivory", "imUrl": "http://ecx.images-amazon.com/images/I/71G7MXRQS5L._SX300_.gif", "price": 7.0, "numReviews": 1, "groups": [37], "averageRating": 1.0, "brand": "Leviton"}, {"asin": "B000NLBKP0", "name": "Retractable Telephone Line Cord", "imUrl": "http://ecx.images-amazon.com/images/I/41OEBAVbbfL._SY300_.jpg", "price": 17.64, "numReviews": 1, "groups": [38], "averageRating": 3.0}, {"asin": "B00002N5G8", "name": "Leviton C2413-25I 25-Feet Flatwire Modular Phone Line Cord with Modular Plugs, Ivory", "imUrl": "http://ecx.images-amazon.com/images/I/412GqwxxQxL._SY300_.jpg", "price": 0.01, "numReviews": 3, "groups": [39], "averageRating": 4.333333333333333, "brand": "Leviton"}, {"asin": "B003J90SVA", "name": "50 FT. MODULAR COIL CORD. IVORY", "imUrl": "http://ecx.images-amazon.com/images/I/31LdxOc6v8L._SY300_.jpg", "price": 7.5, "numReviews": 13, "groups": [40], "averageRating": 4.3076923076923075}, {"asin": "B002FYLYCM", "name": "Cablesys dGCHA444012-FDG / 12' MEDIUM G AC Adapters & Power Cords", "imUrl": "http://ecx.images-amazon.com/images/I/21X9hllIL3L.jpg", "price": 4.56, "numReviews": 3, "groups": [41], "averageRating": 4.666666666666667, "brand": "Cablesys"}, {"asin": "B006G7Q14K", "name": "NEEWER\u00ae Phone Telephone Modular Line Jack 3-Way Outlet Splitter", "imUrl": "http://ecx.images-amazon.com/images/I/41XGkQQR7%2BL._SY300_.jpg", "price": 3.92, "numReviews": 5, "groups": [42], "averageRating": 4.0}, {"asin": "B00GVILBFI", "name": "Handset Cord 12 Ft Charcoal (Flat Black) With Long Lead New in a Factory Sealed Bag Guaranteed", "imUrl": "http://ecx.images-amazon.com/images/I/51Nne1jJuXL._SY300_.jpg", "price": 2.95, "numReviews": 2, "groups": [43], "averageRating": 3.0}, {"asin": "B00002NAXD", "name": "Leviton C2406-25W 25-Foot Flat wire Modular Phone Line Extension Cord, White", "imUrl": "http://ecx.images-amazon.com/images/I/31R5JR7X6BL._SY300_.jpg", "price": 6.99, "numReviews": 13, "groups": [44], "averageRating": 4.923076923076923, "brand": "Leviton"}, {"asin": "B0012FGD94", "name": "RJ-9 Phone Adapter", "imUrl": "http://ecx.images-amazon.com/images/I/21sxdu2RJuL._SY300_.jpg", "price": 6.37, "numReviews": 7, "groups": [45], "averageRating": 4.571428571428571}, {"asin": "B001VGA98A", "name": "Monoprice 100942RJ12 6P6C Straight Landline Telephone Cable, 25-Feet for Data", "imUrl": "http://ecx.images-amazon.com/images/I/31-0vfAA1tL._SX300_.jpg", "price": 3.85, "numReviews": 2, "groups": [46], "averageRating": 3.0, "brand": "Monoprice"}, {"asin": "B00009UHDQ", "name": "GE TL96530 Phone Line Cord (50 ft, White, 4-conductor)", "imUrl": "http://ecx.images-amazon.com/images/I/412K9Q9SRZL.jpg", "price": 7.39, "numReviews": 1, "groups": [47], "averageRating": 5.0}, {"asin": "B006L27EKK", "name": "GE 76580 4 Conductor 25-Feet Line Cord, Black", "imUrl": "http://ecx.images-amazon.com/images/I/31kBY0%2B0xFL._SY300_.jpg", "price": 5.37, "numReviews": 7, "groups": [48], "averageRating": 5.0, "brand": "GE"}, {"asin": "B002MVU7IA", "name": "Valley Black Coiled Telephone Phone Handset Cable Cord, Coiled Length 3 feet to 12 feet Uncoiled", "imUrl": "http://ecx.images-amazon.com/images/I/51eq4jFDfQL._SY300_.jpg", "price": 3.42, "numReviews": 43, "groups": [34, 49], "averageRating": 4.27906976744186, "brand": "Valley"}, {"asin": "B003EHV0T6", "name": "100FT 6-WIRE Mod Tel Cord Wht Premium Retail Blister Pack", "imUrl": "http://ecx.images-amazon.com/images/I/41WD8vyQXuL._SY300_.jpg", "price": 10.55, "numReviews": 8, "groups": [50], "averageRating": 4.875}, {"asin": "B003YKG8GI", "name": "GE 76530 Line Cord (50 Feet, White)", "imUrl": "http://ecx.images-amazon.com/images/I/51gTTZmFnsL._SY300_.jpg", "price": 4.95, "numReviews": 1, "groups": [51], "averageRating": 5.0, "brand": "GE"}, {"asin": "B003YKG8I6", "name": "GE 76139 Coil Cord (25 Feet, Black)", "imUrl": "http://ecx.images-amazon.com/images/I/41zZxI7wLLL._SY300_.jpg", "price": 3.99, "numReviews": 17, "groups": [52], "averageRating": 4.235294117647059, "brand": "GE"}, {"asin": "B00HZ7VYYC", "name": "BoostWaves 100' Foot White Telephone Extension Cord Cable Line Wire RJ-11 LifeTime Warranty", "imUrl": "http://ecx.images-amazon.com/images/I/41vOV1hvy1L.jpg", "price": 3.48, "numReviews": 2, "groups": [53], "averageRating": 3.0}, {"asin": "B000067RC1", "name": "Belkin Pro Series 25 feet Telephone Handset Cord", "imUrl": "http://ecx.images-amazon.com/images/I/417cpwPYZzL._SY300_.jpg", "price": 6.49, "numReviews": 157, "groups": [54], "averageRating": 4.1847133757961785}, {"asin": "B004NEUJ5U", "name": "Steren 314-007SL 7-feet Modular Telephone Cord - UL Landline Telephone Accessory", "imUrl": "http://ecx.images-amazon.com/images/I/412LrhY3HKL._SX300_.jpg", "price": 4.23, "numReviews": 5, "groups": [55], "averageRating": 4.2, "brand": "Steren"}, {"asin": "B0086TAOWQ", "name": "BestDealUSA 3-Way One To Three Phone Telephone Modular Line Jack Outlet Adapter Splitter", "imUrl": "http://ecx.images-amazon.com/images/I/41XGkQQR7%2BL._SY300_.jpg", "price": 3.92, "numReviews": 8, "groups": [42], "averageRating": 3.75, "brand": "BestDealUSA"}, {"asin": "B001B0AW9W", "name": "Softalk Softalk II Telephone Shoulder Rest", "imUrl": "http://ecx.images-amazon.com/images/I/311KktnIWyL._SY300_.jpg", "price": 14.42, "numReviews": 7, "groups": [56], "averageRating": 3.2857142857142856, "brand": "Softalk"}, {"asin": "B002FYGRTM", "name": "Handset Cord 25',Dark Gray 4\" Lead (PANA)", "imUrl": "http://ecx.images-amazon.com/images/I/217WltLM3RL.jpg", "price": 4.73, "numReviews": 2, "groups": [57], "averageRating": 4.5}, {"asin": "B0000AN3UX", "name": "GE Cord Untangler (TL26135)", "imUrl": "http://ecx.images-amazon.com/images/I/41s4Z8CkNTL._SY300_.jpg", "price": 6.79, "numReviews": 2, "groups": [58], "averageRating": 4.5}, {"asin": "B003H93LAC", "name": "Softalk 48102 Phone Coil Cord 12-Feet Black Landline Telephone Accessory", "imUrl": "http://ecx.images-amazon.com/images/I/51vFgLNLQ4L._SY300_.jpg", "price": 3.65, "numReviews": 8, "groups": [59], "averageRating": 4.375, "brand": "Softalk"}, {"asin": "B000EFNTQI", "name": "Softalk 03201 Phone Coil Cord with Twisstop 25-Feet Black Landline Telephone Accessory", "imUrl": "http://ecx.images-amazon.com/images/I/41g1mgtgzqL._SY300_.jpg", "price": 11.33, "numReviews": 50, "groups": [60], "averageRating": 3.0, "brand": "Softalk"}, {"asin": "B00E6OLN1G", "name": "Beige RJ11 6P4C 1 to 2 Female Plug Telephone line Splitter Connector 10 Pcs", "imUrl": "http://ecx.images-amazon.com/images/I/41qL2u9q2SL._SY300_.jpg", "price": 6.74, "numReviews": 2, "groups": [61], "averageRating": 1.0}, {"asin": "B00G6T7UBG", "name": "318b Four Prong to Modern Modular Telephone Converter Adapter, Black", "imUrl": "http://ecx.images-amazon.com/images/I/31rRVvxTZML._SX300_.jpg", "price": 20.88, "numReviews": 2, "groups": [62], "averageRating": 5.0}, {"asin": "B00F8LPPA6", "name": "Softalk 00833M Softalk II Antimicrobial Shoulder Rest with Microban Pearl Gray Landline Telephone Accessory", "imUrl": "http://ecx.images-amazon.com/images/I/31Ibakfrs-L._SY300_.jpg", "price": 11.93, "numReviews": 1, "groups": [63], "averageRating": 3.0, "brand": "Softalk"}, {"asin": "B003D0JW6W", "name": "50' Modular Handset Cord - White TS-650", "imUrl": "http://ecx.images-amazon.com/images/I/41LfwrXdD5L._SX300_.jpg", "price": 6.95, "numReviews": 26, "groups": [40], "averageRating": 4.423076923076923}, {"asin": "B006LGUJCQ", "name": "GE 76192 4 Conductor 15-Feet Line Cord, White", "imUrl": "http://ecx.images-amazon.com/images/I/315%2BLhSS%2B2L._SY300_.jpg", "price": 3.99, "numReviews": 4, "groups": [64], "averageRating": 4.5, "brand": "GE"}, {"asin": "B006LGUJ3A", "name": "GE 76118 4 Conductor 25-Feet Line Cord, Ivory", "imUrl": "http://ecx.images-amazon.com/images/I/41CYWM5A2RL._SY300_.jpg", "price": 5.25, "numReviews": 2, "groups": [65], "averageRating": 5.0, "brand": "GE"}, {"asin": "B006LGUJMQ", "name": "GE 76579 4 Conductor 15-Feet Line Cord, Black", "imUrl": "http://ecx.images-amazon.com/images/I/313GSw-xh1L._SY300_.jpg", "price": 4.29, "numReviews": 20, "groups": [66], "averageRating": 4.6, "brand": "GE"}, {"asin": "B00006JQ7B", "name": "SOUTHWESTERN BELL S60054 White Handset Cords", "imUrl": "http://ecx.images-amazon.com/images/I/51AEwLw0F5L._SY300_.jpg", "price": 5.91, "numReviews": 1, "groups": [67], "averageRating": 5.0}, {"asin": "B000LNON86", "name": "Philips 50-feet Phone Line Cord - White (SWL6170W/17)", "imUrl": "http://ecx.images-amazon.com/images/I/31-9OyWMpIL._SX300_.jpg", "price": 5.95, "numReviews": 1, "groups": [68], "averageRating": 5.0}, {"asin": "B00006HO3Z", "name": "AT&T 24048 25 Foot Phone Line Cord - Black", "imUrl": "http://ecx.images-amazon.com/images/I/41HG5K02V0L._SY300_.jpg", "price": 5.35, "numReviews": 10, "groups": [69], "averageRating": 4.4}, {"asin": "B004P3NR9O", "name": "Mini Softalk SF-301 Shoulder Rest", "imUrl": "http://ecx.images-amazon.com/images/I/411e32ZplCL._SY300_.jpg", "price": 7.61, "numReviews": 17, "groups": [70], "averageRating": 3.9411764705882355, "brand": "Softalk"}, {"asin": "B00D8HBVSM", "name": "Softalk 00601M Antibacterial PhoneRest Shoulder Rest with Microban Black Landline Telephone Accessory", "imUrl": "http://ecx.images-amazon.com/images/I/31YBlhXwB-L._SY300_.jpg", "price": 8.64, "numReviews": 3, "groups": [71], "averageRating": 4.0, "brand": "Softalk"}, {"asin": "B00FKH7BEG", "name": "Telephone Cord Detangler For Corded Phone Handset - A Fun Gift Idea - A Unique Swivel That Works With Virtually All Corded Phones - Universal Color Neutral Porcelain - Telephone Cord Untangler Allows Unrestricted Freedom Of Movement - Phone Handset Cord Cable Management - Detangler - Life-Time Warranty Replacement - No Questions Asked - Automatically - Attaches Easily To Handset - Just Plugs In - Prolongs Life of Phone Handset Cord - Unique Holiday Gifts and Stocking Stuffers - TM iSoHo Phone Accessories", "imUrl": "http://ecx.images-amazon.com/images/I/51oUKS8Gd2L._SY300_.jpg", "price": 9.26, "numReviews": 6, "groups": [72], "averageRating": 2.8333333333333335}, {"asin": "B0000A8XHC", "name": "GE Handset Cord (TL26122)", "imUrl": "http://ecx.images-amazon.com/images/I/21CJS63AD4L.jpg", "price": 2.25, "numReviews": 56, "groups": [73], "averageRating": 3.6964285714285716, "brand": "GE"}, {"asin": "B0000AHO91", "name": "GE TL26190 Telephone In-Line Coupler (White)", "imUrl": "http://ecx.images-amazon.com/images/I/41Fbcgo-vXL._SY300_.jpg", "price": 0.85, "numReviews": 51, "groups": [74], "averageRating": 4.7254901960784315}, {"asin": "B005L3U7H2", "name": "Handset Cord 12 Ft White Heavy Duty New in a Factory Sealed Bag", "imUrl": "http://ecx.images-amazon.com/images/I/51Rss1OSjgL._SX300_.jpg", "price": 5.93, "numReviews": 4, "groups": [75], "averageRating": 4.0}, {"asin": "B000I21YJ6", "name": "CableWholesale RJ11 / RJ12 Vertical Termination Keystone Jack, White (320-120WH)", "imUrl": "http://ecx.images-amazon.com/images/I/416LkYGOnGL._SY300_.jpg", "price": 4.07, "numReviews": 1, "groups": [76], "averageRating": 1.0, "brand": "CableWholesale"}, {"asin": "B00009UHCJ", "name": "GE TL96176 12 Foot Coil Phone Cord (Almond)", "imUrl": "http://ecx.images-amazon.com/images/I/4108C2WvZvL._SY300_.jpg", "price": 4.58, "numReviews": 20, "groups": [77], "averageRating": 4.3}, {"asin": "B000OPZ8C6", "name": "Six Wire 2 Way Phone Splitter, Almond", "imUrl": "http://ecx.images-amazon.com/images/I/31Dvr1CdPFL._SY300_.jpg", "price": 0.1, "numReviews": 1, "groups": [78], "averageRating": 5.0}, {"asin": "B00DY9GTO0", "name": "Telephone Cord Handset Curly - Tough Long Lasting And Resilient - Phone Color Black 25ft - 2 Year Replacement Warranty - Works on virtually all Trimline Phones and Princess Telephones - Also Available in 15ft Cord Lengths - Landline Telephone Accessory - TM iSoHo Phones", "imUrl": "http://ecx.images-amazon.com/images/I/51823Kr%2BEUL._SY300_.jpg", "price": 16.95, "numReviews": 1, "groups": [79], "averageRating": 5.0}, {"asin": "B00AU8IGEO", "name": "Handset Cord 9 Ft White Heavy Duty New in a Factory Sealed Bag", "imUrl": "http://ecx.images-amazon.com/images/I/51G8Qlkk9yL._SX300_.jpg", "price": 5.95, "numReviews": 4, "groups": [80], "averageRating": 4.5}, {"asin": "B000I1YUF2", "name": "CableWholesale 50-Feet RJ11, 6P/4C Silver Satin Flat Reverse Cable (8101-64250)", "imUrl": "http://ecx.images-amazon.com/images/I/31%2BC81RK9lL._SY300_.jpg", "price": 6.99, "numReviews": 1, "groups": [81], "averageRating": 5.0, "brand": "CableWholesale"}, {"asin": "B00DY83O2G", "name": "Telephone Cord Handset Curly - Tough Long Lasting And Resilient - Phone Color Choctaw White 15ft - 2 Year Replacement Warranty - Works on virtually all Trimline Phones and Princess Telephones - Also Available in 25ft Cord Lengths - Landline Telephone Accessory - TM iSoHo Phones", "imUrl": "http://ecx.images-amazon.com/images/I/41hQilSOYRL._SX300_.jpg", "price": 14.95, "numReviews": 4, "groups": [82], "averageRating": 2.5}, {"asin": "B0000AHO99", "name": "GE TL26530 Line Cord (50 Ft., White, 4-Conductor)", "imUrl": "http://ecx.images-amazon.com/images/I/51SpW8YolkL._SX300_.jpg", "price": 3.89, "numReviews": 103, "groups": [83], "averageRating": 4.621359223300971, "brand": "GE"}, {"asin": "B007K1CWL2", "name": "3 foot 4 Conductor Silver Satin Telephone Phone Cable Cord - Flat Cable Body. 4 Conductors RJ11 Connectors - Used for 2 phone lines", "imUrl": "http://ecx.images-amazon.com/images/I/31KhfVcg%2BYL._SX300_.jpg", "price": 6.99, "numReviews": 1, "groups": [84], "averageRating": 4.0}, {"asin": "B004E2POVK", "name": "Softalk Products - Softalk - Twisstop Detangler w/Coiled, 25-Foot Phone Cord, Ivory - Sold As 1 Each - Ends twisted and tangled phone cords. - Automatically rotates with telephone. - Installs easily.", "imUrl": "http://ecx.images-amazon.com/images/I/41JdZykVsbL._SY300_.jpg", "price": 14.5, "numReviews": 1, "groups": [85], "averageRating": 3.0, "brand": "Softalk"}, {"asin": "B003EHV0MI", "name": "7FT 6-WIRE Tel Ln Cord Ivory Premium Retail Blister Pack", "imUrl": "http://ecx.images-amazon.com/images/I/41-NovnG7nL._SY300_.jpg", "price": 4.06, "numReviews": 2, "groups": [86], "averageRating": 5.0}, {"asin": "B003L137RI", "name": "Monoprice 100935RJ11 6P4C Straight Landline Telephone Cable, 50-Feet for Data", "imUrl": "http://ecx.images-amazon.com/images/I/41iR8z-0kYL._SX300_.jpg", "price": 2.75, "numReviews": 4, "groups": [87], "averageRating": 4.5, "brand": "Monoprice"}, {"asin": "B004NIK7X0", "name": "Handset Cord 25 Ft Misty Cream (Off White) Heavy Duty New in a Factory Sealed Bag", "imUrl": "http://ecx.images-amazon.com/images/I/41NRN-hgz%2BL._SX300_.jpg", "price": 7.95, "numReviews": 4, "groups": [88], "averageRating": 4.25}, {"asin": "B000V9OCMC", "name": "Softalk 04130 Corded Duplex Jack 25-Feet Almond Landline Telephone Accessory", "imUrl": "http://ecx.images-amazon.com/images/I/41A3ycKe2RL._SX300_.jpg", "price": 6.42, "numReviews": 1, "groups": [89], "averageRating": 4.0, "brand": "Softalk"}, {"asin": "B002VAPSB8", "name": "1 feet Telephone Cord RJ11, 6P/4C Flat Silver Satin Cable", "imUrl": "http://ecx.images-amazon.com/images/I/21i5wJ2cuHL._SY300_.jpg", "price": 2.99, "numReviews": 4, "groups": [30], "averageRating": 4.75}, {"asin": "B004QPU6JK", "name": "Handset Cord 9 Ft Black Heavy Duty New in a Factory Sealed Bag", "imUrl": "http://ecx.images-amazon.com/images/I/51cfR6GgPRL._SY300_.jpg", "price": 2.75, "numReviews": 19, "groups": [49, 54], "averageRating": 3.9473684210526314}, {"asin": "B00000J0MS", "name": "AT&T 25-Ft. Line Cord (White)", "imUrl": "http://ecx.images-amazon.com/images/I/71SZBT6JS0L._SX300_.gif", "price": 5.78, "numReviews": 2, "groups": [90], "averageRating": 5.0, "brand": "AT&T"}, {"asin": "B00754HTNU", "name": "Handset Cord 12 Ft Dark Grey New in a Factory Sealed Bag Guaranteed", "imUrl": "http://ecx.images-amazon.com/images/I/51ykW5nOjsL._SX300_.jpg", "price": 2.7, "numReviews": 3, "groups": [91], "averageRating": 3.0}, {"asin": "B003EHWS3I", "name": "7FT 6-WIRE Tele Line Cord Wht Premium Retail Blister Pack", "imUrl": "http://ecx.images-amazon.com/images/I/417BUFXalGL._SY300_.jpg", "price": 4.68, "numReviews": 1, "groups": [92], "averageRating": 1.0}, {"asin": "B008LTIFMC", "name": "3 Pcs 1.2M 3.9Ft RJ11 Telephone Phone Extension Cord Cable", "imUrl": "http://ecx.images-amazon.com/images/I/41hltDuhHVL._SY300_.jpg", "price": 4.13, "numReviews": 2, "groups": [93], "averageRating": 2.5}, {"asin": "B00D8HBWEA", "name": "Softalk 00301M Antibacterial Mini Shoulder Rest with Microban Black Landline Telephone Accessory", "imUrl": "http://ecx.images-amazon.com/images/I/41GG2tZWJWL._SY300_.jpg", "price": 7.0, "numReviews": 3, "groups": [70], "averageRating": 2.6666666666666665, "brand": "Softalk"}, {"asin": "B00AUBFNWY", "name": "Red Coiled Stretchy Cable RJ9 4P4C Connector Plug Telephone Handsets Cable Line", "imUrl": "http://ecx.images-amazon.com/images/I/41zwB8Fdt2L._SY300_.jpg", "price": 6.23, "numReviews": 3, "groups": [94], "averageRating": 2.3333333333333335}, {"asin": "B00DY8KUY6", "name": "Telephone Cord Handset Curly - Tough Long Lasting And Resilient - Phone Color Black 15ft - 2 Year Replacement Warranty - Works on virtually all Trimline Phones and Princess Telephones - Also Available in 25ft Cord Lengths - Landline Telephone Accessory - TM iSoHo Phones", "imUrl": "http://ecx.images-amazon.com/images/I/418KFDPgD8L._SY300_.jpg", "price": 14.95, "numReviews": 2, "groups": [95], "averageRating": 3.5}, {"asin": "B003EI2O2C", "name": "25FT 6-WIRE Mod Tel Cord Wht Premium Retail Blister Pack", "imUrl": "http://ecx.images-amazon.com/images/I/41dSgQIOEYL._SY300_.jpg", "price": 5.56, "numReviews": 11, "groups": [24], "averageRating": 4.0}, {"asin": "B003VUX9WC", "name": "Hamburger Cheeseburger Burger Phone Telephone in Juno(telephone)", "imUrl": "http://ecx.images-amazon.com/images/I/41%2B8ZHIz7yL._SY300_.jpg", "price": 19.99, "numReviews": 2, "groups": [96], "averageRating": 3.5}, {"asin": "B00DY8J4ES", "name": "Telephone Cord Handset Curly - Tough Long Lasting And Resilient - Phone Color Classic Clay Tan 15ft - 2 Year Replacement Warranty - Works on virtually all Trimline Phones and Princess Telephones - Also Available in 25ft Cord Lengths - Landline Telephone Accessory - TM iSoHo Phones", "imUrl": "http://ecx.images-amazon.com/images/I/41MqJisn2AL._SX300_.jpg", "price": 14.95, "numReviews": 2, "groups": [97], "averageRating": 3.0}, {"asin": "B00009UHE6", "name": "GE TL96581 Phone Line Cord (7 ft, White, 4-conductor)", "imUrl": "http://ecx.images-amazon.com/images/I/41DM31EP1KL.jpg", "price": 6.99, "numReviews": 2, "groups": [98], "averageRating": 5.0}, {"asin": "B000Q4L11W", "name": "Philips 50-feet Phone Line Cord - Almond (SWL6170/17)", "imUrl": "http://ecx.images-amazon.com/images/I/31rS5cgPaqL._SX300_.jpg", "price": 9.99, "numReviews": 2, "groups": [99], "averageRating": 3.0, "brand": "Philips"}, {"asin": "B004NEUKNQ", "name": "Steren 302-007BK Black Coiled Handset Cord Landline Telephone Accessory", "imUrl": "http://ecx.images-amazon.com/images/I/419AkqfLTxL._SX300_.jpg", "price": 4.13, "numReviews": 6, "groups": [100], "averageRating": 3.6666666666666665, "brand": "Steren"}, {"asin": "B0000A8XGU", "name": "GE Phone Line Cord (TL26117), 15 ft., Ivory", "imUrl": "http://ecx.images-amazon.com/images/I/1197ZQF48CL.jpg", "price": 0.49, "numReviews": 3, "groups": [101], "averageRating": 3.3333333333333335}, {"asin": "B0000AHO9G", "name": "GE Phone Line Cord with Dual Jack (TL26572)", "imUrl": "http://ecx.images-amazon.com/images/I/51Hhmd0a7mL._SX300_.jpg", "price": 0.01, "numReviews": 11, "groups": [102], "averageRating": 3.8181818181818183}, {"asin": "B008ML3BUA", "name": "Male to Female 4 Pin RJ11 Plug Telephone Adapter Cable", "imUrl": "http://ecx.images-amazon.com/images/I/31kbQFtrJvL._SY300_.jpg", "price": 2.83, "numReviews": 1, "groups": [103], "averageRating": 3.0}, {"asin": "B00BXYJCEW", "name": "Softalk 00801M Softalk II Antimicrobial Shoulder Rest with Microban Black Landline Telephone Accessory", "imUrl": "http://ecx.images-amazon.com/images/I/41atNsWa2qL._SY300_.jpg", "price": 8.99, "numReviews": 10, "groups": [104], "averageRating": 4.1, "brand": "Softalk"}, {"asin": "B000I94F3G", "name": "Cable Wholesale RJ11 / RJ12, 6P6C, (Straight) Telephone Inline Coupler", "imUrl": "http://ecx.images-amazon.com/images/I/41UDFYwwgVL._SY300_.jpg", "price": 3.34, "numReviews": 10, "groups": [74], "averageRating": 4.7}, {"asin": "B0013L7FOY", "name": "Softalk 21000 Phone Cord Detangler White Landline Telephone Accessory", "imUrl": "http://ecx.images-amazon.com/images/I/313N1vAqM6L._SY300_.jpg", "price": 9.22, "numReviews": 85, "groups": [105], "averageRating": 2.9647058823529413, "brand": "Softalk"}, {"asin": "B000LNNXNM", "name": "Philips 25-feet Phone Line Cord - Almond (SWL6160/17)", "imUrl": "http://ecx.images-amazon.com/images/I/31R9m6-Wp8L._SX300_.jpg", "price": 2.67, "numReviews": 1, "groups": [106], "averageRating": 5.0}, {"asin": "B0007KPK5S", "name": "Belkin 12ft. Pro Series Line Cord, Black", "imUrl": "http://ecx.images-amazon.com/images/I/319MPI8H10L._SY300_.jpg", "price": 0.49, "numReviews": 1, "groups": [107], "averageRating": 5.0, "brand": "Belkin"}, {"asin": "B003EI4GOQ", "name": "25FT Handset Cord Ivory Premium Retail Blister Pack", "imUrl": "http://ecx.images-amazon.com/images/I/51sse7VneAL._SY300_.jpg", "price": 7.79, "numReviews": 6, "groups": [108, 109, 110], "averageRating": 4.333333333333333}, {"asin": "B004NEUKJ0", "name": "Steren 304-707SL Silver 4C Data Cable Landline Telephone Accessory", "imUrl": "http://ecx.images-amazon.com/images/I/41pAx5rPkaL._SY300_.jpg", "price": 0.27, "numReviews": 3, "groups": [111], "averageRating": 4.666666666666667, "brand": "Steren"}, {"asin": "B005MFLFNE", "name": "Softalk Twisstop Detangler w/Coiled 25-Foot Phone Cord Black W/25-ft phone cord Installs easily", "imUrl": "http://ecx.images-amazon.com/images/I/31hWcp7bpgL._SY300_.jpg", "price": 20.8, "numReviews": 1, "groups": [112], "averageRating": 1.0}, {"asin": "B00009UHE5", "name": "GE TL96580 Phone Line Cord (25 ft, Black, 4-conductor)", "imUrl": "http://ecx.images-amazon.com/images/I/21PZCYGH1TL.jpg", "price": 8.8, "numReviews": 2, "groups": [113], "averageRating": 3.0}, {"asin": "B00HGAJBWU", "name": "Black RJ9 4P4C Connector Stretchy Coiled Telephone Phone Cable 2M", "imUrl": "http://ecx.images-amazon.com/images/I/41wFz-Lp-cL._SY300_.jpg", "price": 3.43, "numReviews": 1, "groups": [114], "averageRating": 4.0}, {"asin": "B002HVY920", "name": "Monoprice 100928RJ11 6P4C Straight Landline Telephone Cable, 7-Feet for Data", "imUrl": "http://ecx.images-amazon.com/images/I/31v6Z5ZdKiL._SX300_.jpg", "price": 2.76, "numReviews": 2, "groups": [115], "averageRating": 5.0, "brand": "Monoprice"}, {"asin": "B0002J1HPG", "name": "C2G / Cables to Go 01920 RJ11 4-pin Modular Inline Coupler Straight-Through (Ivory)", "imUrl": "http://ecx.images-amazon.com/images/I/31-rWVkhPxL._SY300_.jpg", "price": 3.42, "numReviews": 1, "groups": [116], "averageRating": 5.0, "brand": "C2G"}, {"asin": "B000EVGPFE", "name": "Softalk Standard Telephone Shoulder Rest, 7 Long x 2w x 2-1/2h, Black", "imUrl": "http://ecx.images-amazon.com/images/I/31p6U95fJoL._SY300_.jpg", "price": 5.61, "numReviews": 18, "groups": [117], "averageRating": 4.111111111111111, "brand": "Softalk"}, {"asin": "B0028RI6MM", "name": "Monoprice 100933RJ11 6P4C Straight Landline Telephone Cable, 25-Feet for Data", "imUrl": "http://ecx.images-amazon.com/images/I/31Hutz09NkL._SX300_.jpg", "price": 3.59, "numReviews": 2, "groups": [118], "averageRating": 4.5, "brand": "Monoprice"}, {"asin": "B00IB006OQ", "name": "Panasonic 9 Ft. Black Handset Cord For KX-T7000/7100/7200/7400 Series Phones", "imUrl": "http://ecx.images-amazon.com/images/I/31jZmjw0MKL.jpg", "price": 2.69, "numReviews": 1, "groups": [119], "averageRating": 5.0, "brand": "Panasonic"}, {"asin": "B00006ICZI", "name": "AT&T 91078 Cord Detangler - 3 Pack (Clear) (Discontinued by Manufacturer)", "imUrl": "http://ecx.images-amazon.com/images/I/41pLjoBKNIL._SY300_.jpg", "price": 6.79, "numReviews": 8, "groups": [120], "averageRating": 3.25}, {"asin": "B002VAVU92", "name": "2 ft Telephone Cord RJ11, 6P/4C Flat Silver Satin Cable", "imUrl": "http://ecx.images-amazon.com/images/I/21i5wJ2cuHL._SY300_.jpg", "price": 4.99, "numReviews": 1, "groups": [6], "averageRating": 3.0}, {"asin": "B00I2Z4QYG", "name": "BoostWaves 100' Foot Black Telephone Extension Cord Cable Line Wire RJ-11 LifeTime Warranty", "imUrl": "http://ecx.images-amazon.com/images/I/51xg-%2BmPGAL._SY300_.jpg", "price": 2.49, "numReviews": 2, "groups": [53, 121], "averageRating": 4.5}, {"asin": "B00024EFW8", "name": "C2G / Cables to Go 01919 RJ11 4-pin Modular Inline Coupler Crossed (Ivory)", "imUrl": "http://ecx.images-amazon.com/images/I/31ORD3oLFHL._SY300_.jpg", "price": 4.25, "numReviews": 1, "groups": [122], "averageRating": 3.0, "brand": "C2G"}, {"asin": "B000Q4L0TU", "name": "Philips 50-feet Phone Fine Line Cord - White (SWL6173W/17)", "imUrl": "http://ecx.images-amazon.com/images/I/31Ji7g6PCXL._SX300_.jpg", "price": 6.99, "numReviews": 2, "groups": [123], "averageRating": 4.0, "brand": "Philips"}, {"asin": "B00GA4DHFK", "name": "Handset Cord 25 Ft Dark Grey Extra Long New in a Factory Sealed Bag", "imUrl": "http://ecx.images-amazon.com/images/I/41TQ-xKudzL._SX300_.jpg", "price": 3.5, "numReviews": 2, "groups": [124], "averageRating": 4.5}, {"asin": "B000U0HC4M", "name": "Cablesys 2500W GCHA444025-FWH / 25feet WHITE Handset Cord", "imUrl": "http://ecx.images-amazon.com/images/I/51IkhSNeUrL._SY300_.jpg", "price": 3.99, "numReviews": 2, "groups": [125], "averageRating": 5.0, "brand": "Cablesys"}, {"asin": "B000NCUTY2", "name": "GE 26123 Coil Cord (25 Feet, Ivory)", "imUrl": "http://ecx.images-amazon.com/images/I/51XBoX93j1L._SY300_.jpg", "price": 7.42, "numReviews": 3, "groups": [126], "averageRating": 3.0}, {"asin": "B001E8PGFQ", "name": "Cablesys GCHA444006-FMG 6' Handset Cord in Dark Gray", "imUrl": "http://ecx.images-amazon.com/images/I/31tbeu00iJL.jpg", "price": 2.37, "numReviews": 3, "groups": [127], "averageRating": 2.6666666666666665, "brand": "Cablesys"}, {"asin": "B007Q01ESE", "name": "2 Pcs RJ11 1 to 2 Female Plug Telephone Modular Splitter Jointer", "imUrl": "http://ecx.images-amazon.com/images/I/31tOjkxazuL._SY300_.jpg", "price": 1.67, "numReviews": 6, "groups": [128], "averageRating": 3.6666666666666665}, {"asin": "B004E3LPO4", "name": "Softalk, LLC Products - Telephone Cord Manager, 8' - Black", "imUrl": "http://ecx.images-amazon.com/images/I/41UehnrWR0L._SY300_.jpg", "price": 14.96, "numReviews": 7, "groups": [129], "averageRating": 3.4285714285714284}, {"asin": "B002FYM1GA", "name": "HANDSET CORD 25',OFF WHITE", "imUrl": "http://ecx.images-amazon.com/images/I/21Mc4B8fd0L.jpg", "price": 7.29, "numReviews": 2, "groups": [130], "averageRating": 1.5}, {"asin": "B000Q64G80", "name": "Softalk, LLC Telephone Cord Manager, 8', Clear", "imUrl": "http://ecx.images-amazon.com/images/I/41Coej2JNsL._SY300_.jpg", "price": 17.64, "numReviews": 3, "groups": [131], "averageRating": 2.3333333333333335}, {"asin": "B00CJ0BQ6Q", "name": "Tisonic 50 Ft Handset Modular Coil Cord-TS-650Bh Black", "imUrl": "http://ecx.images-amazon.com/images/I/51nFNRAR1KL._SX300_.jpg", "price": 6.75, "numReviews": 8, "groups": [40], "averageRating": 3.75}, {"asin": "B000I9B23W", "name": "CableWholesale RJ11 6P/4C Reverse Silver Satin Flat, 1 Foot (Voice)(8101-64201)", "imUrl": "http://ecx.images-amazon.com/images/I/31zkphLYuCL._SY300_.jpg", "price": 3.59, "numReviews": 1, "groups": [31], "averageRating": 5.0, "brand": "CableWholesale"}, {"asin": "B003EI4GP0", "name": "25FT Handset Cord White Premium Retail Blister Pack", "imUrl": "http://ecx.images-amazon.com/images/I/41DwFvW%2BptL._SY300_.jpg", "price": 7.54, "numReviews": 20, "groups": [7], "averageRating": 4.9}, {"asin": "B007Q01DJE", "name": "RJ45 Female 1 to 2 Telephone Y Splitter Connector Adapter", "imUrl": "http://ecx.images-amazon.com/images/I/41nmXYE0f3L._SY300_.jpg", "price": 3.62, "numReviews": 2, "groups": [132], "averageRating": 3.0}, {"asin": "B008LKGJVA", "name": "Handset Cord 25 Ft White Extra Long New in a Factory Sealed Bag", "imUrl": "http://ecx.images-amazon.com/images/I/41AgJdL9b1L._SX300_.jpg", "price": 7.95, "numReviews": 4, "groups": [133], "averageRating": 5.0}, {"asin": "B00HGDZS56", "name": "Line Cord 14 Ft Silver Satin 4 Conductor New in a Factory Sealed Bag", "imUrl": "http://ecx.images-amazon.com/images/I/41oqSIM3ZJL._SX300_.jpg", "price": 3.5, "numReviews": 2, "groups": [134], "averageRating": 5.0}, {"asin": "B00000JBJR", "name": "AT&T Tuff Cord 25-Feet (Dove Gray)", "imUrl": "http://ecx.images-amazon.com/images/I/41ojl4RJI7L._SX300_.jpg", "price": 8.8, "numReviews": 6, "groups": [135], "averageRating": 4.166666666666667}, {"asin": "B000EFPZRY", "name": "Softalk 01105 Cord Manager 8-Feet Ivory Landline Telephone Accessory", "imUrl": "http://ecx.images-amazon.com/images/I/41-YqLgz0GL._SY300_.jpg", "price": 13.67, "numReviews": 1, "groups": [136], "averageRating": 4.0}, {"asin": "B003807GK6", "name": "In-line DSL Filter w/ Splitter", "imUrl": "http://ecx.images-amazon.com/images/I/31%2BVNumnhNL._SY300_.jpg", "price": 2.5, "numReviews": 124, "groups": [137], "averageRating": 4.201612903225806}, {"asin": "B00HGE0GJ8", "name": "Line Cord 25 Ft Silver Satin 4 Conductor New in a Factory Sealed Bag", "imUrl": "http://ecx.images-amazon.com/images/I/41zF09Cu8vL._SX300_.jpg", "price": 4.0, "numReviews": 1, "groups": [138], "averageRating": 4.0}, {"asin": "B003XPF6GW", "name": "COIL CORD DETANGLER 6 CONDUCTOR", "imUrl": "http://ecx.images-amazon.com/images/I/41%2BwyRQKacL._SY300_.jpg", "price": 6.99, "numReviews": 2, "groups": [139], "averageRating": 3.0}, {"asin": "B00HZ7UREU", "name": "BoostWaves 50' Foot White Telephone Extension Cord Cable Line Wire RJ-11 LifeTime Warranty", "imUrl": "http://ecx.images-amazon.com/images/I/41vOV1hvy1L.jpg", "price": 2.49, "numReviews": 1, "groups": [140], "averageRating": 1.0}, {"asin": "B008XP3IBC", "name": "100 PCs Telephone Handset 4P4C Plug Connector Crimp End RJ9/RJ22 Phone", "imUrl": "http://ecx.images-amazon.com/images/I/41rY5CXT8iL._SY300_.jpg", "price": 11.99, "numReviews": 4, "groups": [141], "averageRating": 5.0}, {"asin": "B00009W3FR", "name": "RCA 25 feet Handset Coil Cord, White (TP282W)", "imUrl": "http://ecx.images-amazon.com/images/I/41hAZuTaxnL._SY300_.jpg", "price": 4.9, "numReviews": 141, "groups": [7], "averageRating": 4.3120567375886525, "brand": "RCA"}, {"asin": "B00002N7JF", "name": "Leviton C2427-25I 25-Foot Phone Line Dual Extension Cord, Color Ivory", "imUrl": "http://ecx.images-amazon.com/images/I/71WJ6BV44XL._SX300_.gif", "price": 5.83, "numReviews": 3, "groups": [142], "averageRating": 5.0, "brand": "Leviton"}, {"asin": "B0099L1H94", "name": "5.7ft Black Telephone Extension Coil Cable Cord", "imUrl": "http://ecx.images-amazon.com/images/I/419HWFtHzwL._SY300_.jpg", "price": 3.54, "numReviews": 1, "groups": [143], "averageRating": 5.0}, {"asin": "B00C7WGC7O", "name": "Cloth Covered Telephone Line Phone Cord - Black - Spade to Modular", "imUrl": "http://ecx.images-amazon.com/images/I/417TI5T7BUL._SX300_.jpg", "price": 10.75, "numReviews": 1, "groups": [2], "averageRating": 5.0}, {"asin": "B005KRNER4", "name": "TEC-340 Line Coupler", "imUrl": "http://ecx.images-amazon.com/images/I/31tlgFxKxdL._SY300_.jpg", "price": 7.7, "numReviews": 8, "groups": [144], "averageRating": 4.625}, {"asin": "B00CN48WZQ", "name": "S9Q Geek Hamburger Burger Cheeseburger Telephone Home Desktop Corded Juno Phone", "imUrl": "http://ecx.images-amazon.com/images/I/51c5dch6DYL._SY300_.jpg", "price": 8.29, "numReviews": 1, "groups": [145], "averageRating": 5.0}, {"asin": "B0000AHO9F", "name": "GE 26571 Line Cord with Coupler (25 Feet, White)", "imUrl": "http://ecx.images-amazon.com/images/I/41-0LhkRdbL._SY300_.jpg", "price": 2.47, "numReviews": 3, "groups": [146], "averageRating": 3.3333333333333335, "brand": "GE"}, {"asin": "B000V99KF6", "name": "Softalk 04328 Phone Cord Connector Landline Telephone Accessory", "imUrl": "http://ecx.images-amazon.com/images/I/31CKgWlOXaL._SY300_.jpg", "price": 4.12, "numReviews": 1, "groups": [147], "averageRating": 1.0, "brand": "Softalk"}, {"asin": "B002DN8QZ8", "name": "JASCO 12' WHITE Handset Cord", "imUrl": "http://ecx.images-amazon.com/images/I/41PImTaqwvL.jpg", "price": 3.96, "numReviews": 4, "groups": [148], "averageRating": 4.0}, {"asin": "B004HJ39ZS", "name": "Steren Handset Detangler Low-Profile (300-251)", "imUrl": "http://ecx.images-amazon.com/images/I/31d6mwBxG%2BL._SY300_.jpg", "price": 0.9, "numReviews": 19, "groups": [149], "averageRating": 2.4210526315789473, "brand": "Steren"}, {"asin": "B003EHV0W8", "name": "100FT 6-WIRE Mod Tel Cord Wht Premium Retail Blister Pack", "imUrl": "http://ecx.images-amazon.com/images/I/41iTU7TXNyL._SY300_.jpg", "price": 5.5, "numReviews": 16, "groups": [121], "averageRating": 5.0}, {"asin": "B006ZZSBS2", "name": "NEW 25 FT FOOT TELEPHONE PHONE EXTENSION CORD CABLE LINE WIRE BLACK RJ11 MODULAR", "imUrl": "http://ecx.images-amazon.com/images/I/31mUz9fDMpL._SY300_.jpg", "price": 2.18, "numReviews": 1, "groups": [150], "averageRating": 5.0}, {"asin": "B008ZS326S", "name": "Handset Cord 12 Ft Misty Cream (Off White) Heavy Duty New in a Factory Sealed Bag", "imUrl": "http://ecx.images-amazon.com/images/I/517icGdo0rL._SX300_.jpg", "price": 3.0, "numReviews": 1, "groups": [151], "averageRating": 5.0}, {"asin": "B000WCK99I", "name": "GCHA444012-FBK / 12' BLACK Handset Cord", "imUrl": "http://ecx.images-amazon.com/images/I/41KWD0EXUtL._SY300_.jpg", "price": 3.48, "numReviews": 6, "groups": [152], "averageRating": 4.166666666666667}, {"asin": "B00DY9ECRG", "name": "Telephone Cord Handset Curly - Tough Long Lasting And Resilient - Phone Color Choctaw White 25ft - 2 Year Replacement Warranty - Works on virtually all Trimline Phones and Princess Telephones - Also Available in 15ft Cord Lengths - Landline Telephone Accessory - TM iSoHo Phones", "imUrl": "http://ecx.images-amazon.com/images/I/41UBevkmDaL._SY300_.jpg", "price": 16.95, "numReviews": 3, "groups": [153], "averageRating": 2.6666666666666665}, {"asin": "B0016KM6XC", "name": "ICC GCHA444025-FDG / 25' MEDIUM GR", "imUrl": "http://ecx.images-amazon.com/images/I/41xR1rUytBL._SY300_.jpg", "price": 6.74, "numReviews": 5, "groups": [91], "averageRating": 5.0}, {"asin": "B00009W3FL", "name": "RCA TP278 Phone Cord Twist Detangler", "imUrl": "http://ecx.images-amazon.com/images/I/21Vmv%2BmA0oL.jpg", "price": 4.66, "numReviews": 2, "groups": [154], "averageRating": 3.0}, {"asin": "B002DNAT58", "name": "Cord Detangler", "imUrl": "http://ecx.images-amazon.com/images/I/31kPW3mNOlL._SY300_.jpg", "price": 8.57, "numReviews": 2, "groups": [155], "averageRating": 1.5}, {"asin": "B000QOHFZS", "name": "AUDIOVOX TP282ARV Modular Handset Cord, 25-Feet , Almond", "imUrl": "http://ecx.images-amazon.com/images/I/510tCauSEYL._SY300_.jpg", "price": 5.76, "numReviews": 2, "groups": [156], "averageRating": 5.0}, {"asin": "B007DMUS6E", "name": "Telephone Cable Straight Rj11 150ft", "imUrl": "http://ecx.images-amazon.com/images/I/31AJ3-jWtYL.jpg", "price": 26.99, "numReviews": 2, "groups": [157], "averageRating": 5.0}, {"asin": "B006GLMI9S", "name": "NEEWER\u00ae 5 Outlet Modular Phone Jack Telephone Line Splitter", "imUrl": "http://ecx.images-amazon.com/images/I/31bqLpbTIUL._SY300_.jpg", "price": 4.99, "numReviews": 5, "groups": [158], "averageRating": 4.6}, {"asin": "B008X9ZVBS", "name": "Round Phone Cable 300ft Black Roll (100 M - 328 ft) 4X1/0.4 Reel Telephone Cord", "imUrl": "http://ecx.images-amazon.com/images/I/41-beLxAObL._SX300_.jpg", "price": 24.99, "numReviews": 1, "groups": [159], "averageRating": 3.0}, {"asin": "B00110TZUY", "name": "Cablesys ICHC406FBR GCHA444006-FBR / 6feet BROWN Handset Cord", "imUrl": "http://ecx.images-amazon.com/images/I/31jm8DQ8C1L._SY300_.jpg", "price": 4.87, "numReviews": 6, "groups": [35], "averageRating": 4.666666666666667, "brand": "Cablesys"}, {"asin": "B003EI0U0A", "name": "25FT Handset Cord Black Premium Retail Blister Pack", "imUrl": "http://ecx.images-amazon.com/images/I/41o8hXWmZNL._SY300_.jpg", "price": 5.38, "numReviews": 12, "groups": [52], "averageRating": 4.416666666666667}, {"asin": "B00DY8UMDK", "name": "Telephone Cord Handset Curly - Tough Long Lasting And Resilient - Phone Color Classic Clay Tan 25ft - 2 Year Replacement Warranty - Works on virtually all Trimline Phones and Princess Telephones - Also Available in 15ft Cord Lengths - Landline Telephone Accessory - TM iSoHo Phones", "imUrl": "http://ecx.images-amazon.com/images/I/41Q3YN8EXSL._SX300_.jpg", "price": 16.95, "numReviews": 2, "groups": [97], "averageRating": 1.5}, {"asin": "B0016L6GPA", "name": "Cablesys 1200LG GCHA444012-FLG / 12feet LT GRAY HC", "imUrl": "http://ecx.images-amazon.com/images/I/31Z8BZ2W5oL._SY300_.jpg", "price": 4.99, "numReviews": 1, "groups": [160], "averageRating": 5.0, "brand": "Cablesys"}, {"asin": "B007UGLMFY", "name": "Softalk 42265 Phone Coil Cord 25-Feet Ivory Landline Telephone Accessory", "imUrl": "http://ecx.images-amazon.com/images/I/51oLpw1AErL._SY300_.jpg", "price": 6.81, "numReviews": 6, "groups": [108], "averageRating": 3.3333333333333335, "brand": "Softalk"}, {"asin": "B0000A8XH3", "name": "GE Phone Line Cord (TL26119)", "imUrl": "http://ecx.images-amazon.com/images/I/2126MXNSCHL.jpg", "price": 3.99, "numReviews": 1, "groups": [161], "averageRating": 5.0}, {"asin": "B0000AHO90", "name": "GE 26164 Line Cord with Coupler (25 Feet, Ivory)", "imUrl": "http://ecx.images-amazon.com/images/I/51kVRmEQbHL._SY300_.jpg", "price": 4.88, "numReviews": 1, "groups": [162], "averageRating": 5.0}, {"asin": "B001GLWV0O", "name": "GCHA444006-FIV - 6' Handset Co", "imUrl": "http://ecx.images-amazon.com/images/I/31ie8zQboqL._SY300_.jpg", "price": 4.71, "numReviews": 7, "groups": [163], "averageRating": 3.5714285714285716}, {"asin": "B00AUBFOTG", "name": "Uxcell a12112400ux0191 RJ9 4P4C Plug Coiled Stretchy Telephone Handsets Cable for Landline Telephone, Black", "imUrl": "http://ecx.images-amazon.com/images/I/41MP-L3ueCL._SY300_.jpg", "price": 4.7, "numReviews": 3, "groups": [164], "averageRating": 3.3333333333333335}, {"asin": "B0010V5FKI", "name": "25FT Gray Coiled RJ11 M/m Phone Cable for Modular Handset", "imUrl": "http://ecx.images-amazon.com/images/I/31mGexieOtL._SY300_.jpg", "price": 2.19, "numReviews": 3, "groups": [165], "averageRating": 3.6666666666666665}, {"asin": "B0021PF26Y", "name": "GE 26385 Coil Cord Untangler (Black)", "imUrl": "http://ecx.images-amazon.com/images/I/41eSOlND9qL._SY300_.jpg", "price": 6.79, "numReviews": 5, "groups": [166], "averageRating": 4.2}, {"asin": "B000I96AKW", "name": "CableWholesale RJ11 / RJ12 Toolless Keystone Jack, White (331-120WH)", "imUrl": "http://ecx.images-amazon.com/images/I/41Jh13dp4HL._SY300_.jpg", "price": 4.98, "numReviews": 6, "groups": [167], "averageRating": 3.6666666666666665, "brand": "CableWholesale"}, {"asin": "B001QXVDVU", "name": "Telephone Cord Manager", "imUrl": "http://ecx.images-amazon.com/images/I/31dpBrNs8uL.jpg", "price": 10.88, "numReviews": 6, "groups": [29, 136], "averageRating": 4.166666666666667}, {"asin": "B002O00176", "name": "Modular Telephone Line Cord Black RJ11 4C 25 ft.", "imUrl": "http://ecx.images-amazon.com/images/I/21ICSYyDzML.jpg", "price": 1.5, "numReviews": 1, "groups": [168], "averageRating": 3.0}, {"asin": "B00EOYKUOO", "name": "Handset Cord 9 Ft Dark Grey Heavy Duty New in a Factory Sealed Bag", "imUrl": "http://ecx.images-amazon.com/images/I/41Oaq1EPG-L.jpg", "price": 2.95, "numReviews": 3, "groups": [169], "averageRating": 2.3333333333333335}, {"asin": "B003YKG8HW", "name": "GE 76122 Coil Cord (25 Feet, White)", "imUrl": "http://ecx.images-amazon.com/images/I/51M8fzdcoIL._SY300_.jpg", "price": 1.09, "numReviews": 3, "groups": [170], "averageRating": 4.666666666666667, "brand": "GE"}, {"asin": "B00HZ5JTS2", "name": "BoostWaves SuperClear 100' FT Foot Ivory Beige Telephone Extension Cord Cable Line Wire RJ-11 LifeTime Warranty", "imUrl": "http://ecx.images-amazon.com/images/I/41Fy0AjTjrL._SY300_.jpg", "price": 3.49, "numReviews": 1, "groups": [171], "averageRating": 5.0}, {"asin": "B00CTTDGGA", "name": "Cable N Wireless Beige 50 Feet Phone Line Coil Cord Telephone Extension Cable RJ-11 Plug for Handset (US Seller)", "imUrl": "http://ecx.images-amazon.com/images/I/41oyksZfEiL._SY300_.jpg", "price": 6.95, "numReviews": 2, "groups": [172], "averageRating": 5.0}, {"asin": "B00DOFCPAG", "name": "Cablesys - GCHA444006-FIV / 6' IVORY Handset Cord", "imUrl": "http://ecx.images-amazon.com/images/I/31wf7N8SFhL._SY300_.jpg", "price": 7.85, "numReviews": 1, "groups": [173], "averageRating": 5.0, "brand": "Cablesys"}, {"asin": "B00ED5UGC0", "name": "Handset Cord 12 Ft Dove Grey Heavy Duty New in a Factory Sealed Bag (Light Grey)", "imUrl": "http://ecx.images-amazon.com/images/I/51MMiuh2NkL._SX300_.jpg", "price": 6.74, "numReviews": 1, "groups": [174], "averageRating": 4.0}, {"asin": "B00006ID3S", "name": "Belkin 25ft. Handset Cord, White", "imUrl": "http://ecx.images-amazon.com/images/I/31DNFS1SXHL._SY300_.jpg", "price": 12.16, "numReviews": 5, "groups": [175], "averageRating": 4.8}, {"asin": "B0014WJIEC", "name": "GCHA444012-FDG / 12' DV GRAY H", "imUrl": "http://ecx.images-amazon.com/images/I/2127un2BnDL.jpg", "price": 10.67, "numReviews": 1, "groups": [176], "averageRating": 5.0}, {"asin": "B00011CNVC", "name": "AT&T 92022 50 Foot Flat Line Cord - Dove Grey", "imUrl": "http://ecx.images-amazon.com/images/I/4109XG3NE3L._SY300_.jpg", "price": 5.5, "numReviews": 5, "groups": [177], "averageRating": 4.4}, {"asin": "B0058RW5QM", "name": "RJ11/12 (CAT3) Toolless Keystone Jack", "imUrl": "http://ecx.images-amazon.com/images/I/41rliEZZSHL._SY300_.jpg", "price": 2.0, "numReviews": 1, "groups": [178], "averageRating": 2.0}, {"asin": "B000067RC2", "name": "Belkin Pro Series Telephone Cord, Ivory (12 feet)", "imUrl": "http://ecx.images-amazon.com/images/I/41iCTJ24yOL._SY300_.jpg", "price": 6.38, "numReviews": 31, "groups": [109], "averageRating": 3.838709677419355, "brand": "Belkin"}, {"asin": "B0034KHQZU", "name": "50 Ft Telephone Extension Cord Phone Cable Foot Ivory", "imUrl": "http://ecx.images-amazon.com/images/I/410ClucPB%2BL._SX300_.jpg", "price": 5.07, "numReviews": 3, "groups": [179], "averageRating": 4.666666666666667}, {"asin": "B00006RVTR", "name": "Belkin 25ft. Handset Cord, Ivory", "imUrl": "http://ecx.images-amazon.com/images/I/412S8x98Q9L._SY300_.jpg", "price": 11.5, "numReviews": 14, "groups": [110], "averageRating": 3.857142857142857}, {"asin": "B00006I5Q3", "name": "Recoton T59  Tangle Free Adapter, Clear", "imUrl": "http://ecx.images-amazon.com/images/I/31VMQ9Z492L.jpg", "price": 6.79, "numReviews": 3, "groups": [180], "averageRating": 3.3333333333333335}, {"asin": "B006ZZSX26", "name": "NEW 5-WAY PHONE LINE JACK PLUG OUTLET SOCKET SPLITTER ADAPTER 4 3 2 RJ11 6' CORD", "imUrl": "http://ecx.images-amazon.com/images/I/21oOUG%2B7xML._SY300_.jpg", "price": 4.98, "numReviews": 16, "groups": [181], "averageRating": 4.3125}, {"asin": "B001R3PLW6", "name": "New - 75ft RJ11 Modular Telephone Cable - 9594", "imUrl": "http://ecx.images-amazon.com/images/I/21mnApv0QAL.jpg", "price": 16.5, "numReviews": 1, "groups": [182], "averageRating": 5.0}, {"asin": "B00009UHE3", "name": "GE TL96578 15-feet 6-Conductor Phone Line Cords (White)", "imUrl": "http://ecx.images-amazon.com/images/I/51u3Y3dXDmL._SY300_.jpg", "price": 5.32, "numReviews": 1, "groups": [183], "averageRating": 5.0}, {"asin": "B00006HO40", "name": "AT&T 24101 Phone Splitter Cord", "imUrl": "http://ecx.images-amazon.com/images/I/51swlktGbBL._SY300_.jpg", "price": 5.3, "numReviews": 3, "groups": [184], "averageRating": 3.6666666666666665}, {"asin": "B004M4B7T8", "name": "Telephone Cord De-Tangler : UT-24", "imUrl": "http://ecx.images-amazon.com/images/I/219c0rQJZrL.jpg", "price": 4.95, "numReviews": 1, "groups": [185], "averageRating": 1.0}, {"asin": "B001UKIZ60", "name": "6 Foot Ash Handset Cord", "imUrl": "http://ecx.images-amazon.com/images/I/31092r6xOzL._SY300_.jpg", "price": 6.75, "numReviews": 1, "groups": [186], "averageRating": 4.0}, {"asin": "B00009UHBS", "name": "GE TL96119 Phone Line Cord (25 ft, White, 4-conductor)", "imUrl": "http://ecx.images-amazon.com/images/I/418NSWYBJ7L.jpg", "price": 12.75, "numReviews": 18, "groups": [187], "averageRating": 4.555555555555555}, {"asin": "B0000DIZYM", "name": "ARISTA 24-4960 Flat 4-Conductor Telephone Line Cord ( Ivory ) - 100 Feet", "imUrl": "http://ecx.images-amazon.com/images/I/41gcLhKXwWL._SY300_.jpg", "price": 4.88, "numReviews": 2, "groups": [188], "averageRating": 4.5}, {"asin": "B004HMMPKK", "name": "Rca 25feet Handset Coiled Phone Cord-Black Connects Telephone-Handset/-Phone-Base Tp282bl", "imUrl": "http://ecx.images-amazon.com/images/I/312neYXx2NL.jpg", "price": 4.59, "numReviews": 2, "groups": [189], "averageRating": 5.0}, {"asin": "B00DY8NI8G", "name": "Telephone Cord Handset Curly - Tough Long Lasting And Resilient - Phone Color Ladies Pink 15ft - 2 Year Replacement Warranty - Works on virtually all Trimline Phones and Princess Telephones - Also Available in 25ft Cord Lengths - Landline Telephone Accessory - TM iSoHo Phones", "imUrl": "http://ecx.images-amazon.com/images/I/51zjovJle7L._SX300_.jpg", "price": 14.95, "numReviews": 2, "groups": [4], "averageRating": 2.0}, {"asin": "B0002J2PXY", "name": "C2G / Cables to Go 41062 Two Line Telephone Splitter L1 + L2", "imUrl": "http://ecx.images-amazon.com/images/I/41Ps1%2BM2yOL._SY300_.jpg", "price": 0.01, "numReviews": 6, "groups": [190], "averageRating": 3.5, "brand": "C2G"}, {"asin": "B003F11VEK", "name": "Telephone RJ11/12 Punch Down Type Keystone Jack, White, Intellinet 502795", "imUrl": "http://ecx.images-amazon.com/images/I/31BiN87vg0L._SY300_.jpg", "price": 4.99, "numReviews": 4, "groups": [191], "averageRating": 3.25}, {"asin": "B00760OTPE", "name": "Modular Conversion Plug for a 4-prong / 4 pin Telephone Cord Adapter (qty1)", "imUrl": "http://ecx.images-amazon.com/images/I/41obhyk7rtL._SY300_.jpg", "price": 16.97, "numReviews": 5, "groups": [19], "averageRating": 4.6}, {"asin": "B00000J0QI", "name": "AT&T 15929 25-Feet Extension Line", "imUrl": "http://ecx.images-amazon.com/images/I/41camj%2BId1L._SY300_.jpg", "price": 5.21, "numReviews": 5, "groups": [192], "averageRating": 4.0}, {"asin": "B004BUVAS6", "name": "25' FT FOOT BLACK PHONE TELEPHONE EXTENSION CORD CABLE LINE WIRE WITH STANDARD RJ-11 PLUGS", "imUrl": "http://ecx.images-amazon.com/images/I/21ibASOEYUL.jpg", "price": 5.7, "numReviews": 43, "groups": [193], "averageRating": 3.9767441860465116}, {"asin": "B0000AFPVJ", "name": "GE TL26582 Phone Line Cord (100 ft., White)", "imUrl": "http://ecx.images-amazon.com/images/I/51-Qz0aYsEL._SY300_.jpg", "price": 4.88, "numReviews": 25, "groups": [194], "averageRating": 4.2}, {"asin": "B000U0HBR0", "name": "ICC GCHA444025-FCR / 25' RED Hands", "imUrl": "http://ecx.images-amazon.com/images/I/41o6EhZWQbL._SY300_.jpg", "price": 6.73, "numReviews": 28, "groups": [195], "averageRating": 3.5357142857142856}, {"asin": "B003EHWS60", "name": "15FT 6-WIRE Tele Line Cord Wht Premium Retail Blister Pack", "imUrl": "http://ecx.images-amazon.com/images/I/41-d8%2B2riyL._SY300_.jpg", "price": 5.32, "numReviews": 6, "groups": [196], "averageRating": 5.0}, {"asin": "B003TN1CAW", "name": "Black Coiled Telephone Phone Handset Cable Cord, Coiled Length 4 feet to 16 feet Uncoiled", "imUrl": "http://ecx.images-amazon.com/images/I/31C-76hMkzL.jpg", "price": 4.69, "numReviews": 16, "groups": [197], "averageRating": 3.9375}, {"asin": "B006Z96Y46", "name": "4 Pin RJ10 4P4C Connector Plug for Handset Cable 4 Pcs", "imUrl": "http://ecx.images-amazon.com/images/I/41OPuEhDvtL._SY300_.jpg", "price": 7.99, "numReviews": 2, "groups": [198], "averageRating": 4.0}, {"asin": "B004E2P3FC", "name": "Softalk Products - Softalk - Coiled Phone Cord, Plug/Plug, 25 ft., Beige - Sold As 1 Each - Connects handset to telephone. - Excellent memory retention so there is less twisting and tangling. - Available in many different colors.", "imUrl": "http://ecx.images-amazon.com/images/I/41VCUcm6QIL._SY300_.jpg", "price": 15.99, "numReviews": 3, "groups": [199], "averageRating": 2.3333333333333335}, {"asin": "B005XR1T3C", "name": "Monster Telephone Handset Coil Cord", "imUrl": "http://ecx.images-amazon.com/images/I/41S3zPrGXBL._SY300_.jpg", "price": 5.28, "numReviews": 5, "groups": [200], "averageRating": 3.4}, {"asin": "B0009ANLF2", "name": "Handset Cord Black", "imUrl": "http://ecx.images-amazon.com/images/I/31KKRFL8%2B1L._SY300_.jpg", "price": 3.83, "numReviews": 20, "groups": [201], "averageRating": 3.85}, {"asin": "B0014ZRH9C", "name": "Leviton 42400-8FG 8-Conductor Flat Telephone Patch Cords, 8-Inch Long", "imUrl": "http://ecx.images-amazon.com/images/I/31vyddYeqhL._SY300_.jpg", "price": 18.27, "numReviews": 2, "groups": [202], "averageRating": 5.0}, {"asin": "B00DY8PNHA", "name": "Telephone Cord Handset Curly - Tough Long Lasting And Resilient - Phone Color Crimson Red 15ft - 2 Year Replacement Warranty - Works on virtually all Trimline Phones and Princess Telephones - Also Available in 25ft Cord Lengths - Landline Telephone Accessory - TM iSoHo Phones", "imUrl": "http://ecx.images-amazon.com/images/I/512n2JRKdaL._SX300_.jpg", "price": 14.95, "numReviews": 1, "groups": [203], "averageRating": 1.0}, {"asin": "B001EKSGLU", "name": "Cablesys ICC-ICHC406FWH GCHA444006-FWH / 6 Handset Cord - White", "imUrl": "http://ecx.images-amazon.com/images/I/31OXFWwZXBL._SY300_.jpg", "price": 5.12, "numReviews": 3, "groups": [163], "averageRating": 2.3333333333333335, "brand": "Cablesys"}, {"asin": "B000I1YUFM", "name": "RJ11, 6P / 4C, Black Flat, Reverse, 25 ft (Voice)", "imUrl": "http://ecx.images-amazon.com/images/I/319Pv1xe0tL._SY300_.jpg", "price": 40.99, "numReviews": 3, "groups": [204], "averageRating": 4.333333333333333}, {"asin": "B00DB8M8BC", "name": "Ativa(R) Phone Cord Untangler, Black", "imUrl": "http://ecx.images-amazon.com/images/I/21rdbbqKLJL.jpg", "price": 6.79, "numReviews": 1, "groups": [205], "averageRating": 1.0}, {"asin": "B00009UHC2", "name": "GE TL26139 25' Coil Phone Cord (Black)", "imUrl": "http://ecx.images-amazon.com/images/I/314egFYq1FL._SY300_.jpg", "price": 0.99, "numReviews": 27, "groups": [206], "averageRating": 3.7037037037037037}], "links": [{"source": 0, "target": 67, "right": true, "left": false, "value": 1}, {"source": 0, "target": 100, "right": true, "left": false, "value": 1}, {"source": 0, "target": 47, "right": true, "left": false, "value": 1}, {"source": 1, "target": 214, "right": true, "left": false, "value": 1}, {"source": 2, "target": 153, "right": true, "left": true, "value": 1}, {"source": 3, "target": 196, "right": true, "left": false, "value": 1}, {"source": 3, "target": 53, "right": true, "left": false, "value": 1}, {"source": 4, "target": 209, "right": true, "left": true, "value": 1}, {"source": 5, "target": 100, "right": true, "left": false, "value": 1}, {"source": 5, "target": 49, "right": true, "left": false, "value": 1}, {"source": 5, "target": 84, "right": true, "left": false, "value": 1}, {"source": 6, "target": 96, "right": false, "left": true, "value": 1}, {"source": 6, "target": 91, "right": false, "left": true, "value": 1}, {"source": 6, "target": 85, "right": false, "left": true, "value": 1}, {"source": 6, "target": 125, "right": true, "left": true, "value": 1}, {"source": 7, "target": 192, "right": false, "left": true, "value": 1}, {"source": 7, "target": 225, "right": false, "left": true, "value": 1}, {"source": 7, "target": 68, "right": false, "left": true, "value": 1}, {"source": 7, "target": 196, "right": false, "left": true, "value": 1}, {"source": 7, "target": 74, "right": false, "left": true, "value": 1}, {"source": 7, "target": 139, "right": true, "left": true, "value": 1}, {"source": 7, "target": 76, "right": false, "left": true, "value": 1}, {"source": 7, "target": 78, "right": false, "left": true, "value": 1}, {"source": 7, "target": 16, "right": false, "left": true, "value": 1}, {"source": 7, "target": 81, "right": false, "left": true, "value": 1}, {"source": 7, "target": 83, "right": false, "left": true, "value": 1}, {"source": 7, "target": 150, "right": true, "left": true, "value": 1}, {"source": 7, "target": 22, "right": false, "left": true, "value": 1}, {"source": 7, "target": 158, "right": false, "left": true, "value": 1}, {"source": 8, "target": 144, "right": true, "left": false, "value": 1}, {"source": 8, "target": 29, "right": true, "left": false, "value": 1}, {"source": 9, "target": 196, "right": true, "left": false, "value": 1}, {"source": 10, "target": 33, "right": true, "left": false, "value": 1}, {"source": 10, "target": 218, "right": true, "left": false, "value": 1}, {"source": 11, "target": 98, "right": false, "left": true, "value": 1}, {"source": 11, "target": 205, "right": false, "left": true, "value": 1}, {"source": 11, "target": 48, "right": false, "left": true, "value": 1}, {"source": 11, "target": 180, "right": false, "left": true, "value": 1}, {"source": 11, "target": 53, "right": true, "left": false, "value": 1}, {"source": 11, "target": 118, "right": false, "left": true, "value": 1}, {"source": 11, "target": 23, "right": false, "left": true, "value": 1}, {"source": 11, "target": 181, "right": false, "left": true, "value": 1}, {"source": 11, "target": 89, "right": false, "left": true, "value": 1}, {"source": 11, "target": 58, "right": false, "left": true, "value": 1}, {"source": 11, "target": 92, "right": true, "left": false, "value": 1}, {"source": 11, "target": 222, "right": false, "left": true, "value": 1}, {"source": 12, "target": 75, "right": true, "left": false, "value": 1}, {"source": 12, "target": 84, "right": true, "left": false, "value": 1}, {"source": 13, "target": 67, "right": true, "left": false, "value": 1}, {"source": 13, "target": 214, "right": true, "left": false, "value": 1}, {"source": 14, "target": 49, "right": true, "left": false, "value": 1}, {"source": 14, "target": 75, "right": true, "left": false, "value": 1}, {"source": 14, "target": 84, "right": true, "left": false, "value": 1}, {"source": 15, "target": 128, "right": true, "left": false, "value": 1}, {"source": 16, "target": 48, "right": true, "left": false, "value": 1}, {"source": 16, "target": 33, "right": true, "left": false, "value": 1}, {"source": 17, "target": 33, "right": true, "left": false, "value": 1}, {"source": 17, "target": 53, "right": true, "left": false, "value": 1}, {"source": 18, "target": 91, "right": true, "left": false, "value": 1}, {"source": 18, "target": 125, "right": true, "left": false, "value": 1}, {"source": 18, "target": 223, "right": false, "left": true, "value": 1}, {"source": 19, "target": 212, "right": true, "left": true, "value": 1}, {"source": 19, "target": 62, "right": false, "left": true, "value": 1}, {"source": 20, "target": 53, "right": true, "left": false, "value": 1}, {"source": 21, "target": 145, "right": true, "left": false, "value": 1}, {"source": 22, "target": 150, "right": true, "left": false, "value": 1}, {"source": 23, "target": 225, "right": true, "left": false, "value": 1}, {"source": 23, "target": 196, "right": true, "left": false, "value": 1}, {"source": 24, "target": 161, "right": false, "left": true, "value": 1}, {"source": 24, "target": 66, "right": false, "left": true, "value": 1}, {"source": 24, "target": 100, "right": true, "left": true, "value": 1}, {"source": 24, "target": 206, "right": false, "left": true, "value": 1}, {"source": 24, "target": 112, "right": false, "left": true, "value": 1}, {"source": 24, "target": 115, "right": false, "left": true, "value": 1}, {"source": 24, "target": 117, "right": false, "left": true, "value": 1}, {"source": 24, "target": 214, "right": true, "left": false, "value": 1}, {"source": 24, "target": 151, "right": false, "left": true, "value": 1}, {"source": 25, "target": 139, "right": true, "left": false, "value": 1}, {"source": 25, "target": 150, "right": true, "left": false, "value": 1}, {"source": 26, "target": 65, "right": true, "left": false, "value": 1}, {"source": 26, "target": 67, "right": true, "left": false, "value": 1}, {"source": 27, "target": 114, "right": true, "left": false, "value": 1}, {"source": 27, "target": 39, "right": true, "left": false, "value": 1}, {"source": 28, "target": 90, "right": false, "left": true, "value": 1}, {"source": 28, "target": 84, "right": true, "left": false, "value": 1}, {"source": 29, "target": 184, "right": true, "left": true, "value": 1}, {"source": 29, "target": 33, "right": true, "left": false, "value": 1}, {"source": 29, "target": 35, "right": false, "left": true, "value": 1}, {"source": 30, "target": 138, "right": true, "left": true, "value": 1}, {"source": 30, "target": 91, "right": true, "left": true, "value": 1}, {"source": 31, "target": 103, "right": false, "left": true, "value": 1}, {"source": 31, "target": 106, "right": false, "left": true, "value": 1}, {"source": 31, "target": 202, "right": false, "left": true, "value": 1}, {"source": 31, "target": 206, "right": true, "left": false, "value": 1}, {"source": 31, "target": 177, "right": false, "left": true, "value": 1}, {"source": 31, "target": 84, "right": true, "left": false, "value": 1}, {"source": 31, "target": 217, "right": true, "left": false, "value": 1}, {"source": 32, "target": 73, "right": false, "left": true, "value": 1}, {"source": 32, "target": 60, "right": true, "left": false, "value": 1}, {"source": 32, "target": 167, "right": false, "left": true, "value": 1}, {"source": 33, "target": 163, "right": false, "left": true, "value": 1}, {"source": 33, "target": 199, "right": false, "left": true, "value": 1}, {"source": 33, "target": 218, "right": false, "left": true, "value": 1}, {"source": 33, "target": 42, "right": false, "left": true, "value": 1}, {"source": 33, "target": 173, "right": false, "left": true, "value": 1}, {"source": 33, "target": 60, "right": false, "left": true, "value": 1}, {"source": 33, "target": 111, "right": false, "left": true, "value": 1}, {"source": 33, "target": 48, "right": true, "left": true, "value": 1}, {"source": 33, "target": 124, "right": false, "left": true, "value": 1}, {"source": 33, "target": 208, "right": false, "left": true, "value": 1}, {"source": 33, "target": 53, "right": false, "left": true, "value": 1}, {"source": 33, "target": 182, "right": false, "left": true, "value": 1}, {"source": 33, "target": 58, "right": false, "left": true, "value": 1}, {"source": 33, "target": 123, "right": false, "left": true, "value": 1}, {"source": 33, "target": 92, "right": true, "left": false, "value": 1}, {"source": 33, "target": 222, "right": false, "left": true, "value": 1}, {"source": 34, "target": 172, "right": true, "left": true, "value": 1}, {"source": 34, "target": 53, "right": true, "left": false, "value": 1}, {"source": 34, "target": 150, "right": true, "left": false, "value": 1}, {"source": 35, "target": 184, "right": true, "left": false, "value": 1}, {"source": 36, "target": 84, "right": true, "left": false, "value": 1}, {"source": 37, "target": 184, "right": true, "left": false, "value": 1}, {"source": 38, "target": 84, "right": true, "left": false, "value": 1}, {"source": 38, "target": 214, "right": true, "left": false, "value": 1}, {"source": 39, "target": 64, "right": true, "left": true, "value": 1}, {"source": 39, "target": 137, "right": true, "left": true, "value": 1}, {"source": 39, "target": 53, "right": true, "left": false, "value": 1}, {"source": 39, "target": 221, "right": false, "left": true, "value": 1}, {"source": 39, "target": 220, "right": false, "left": true, "value": 1}, {"source": 39, "target": 189, "right": false, "left": true, "value": 1}, {"source": 40, "target": 48, "right": true, "left": false, "value": 1}, {"source": 40, "target": 57, "right": false, "left": true, "value": 1}, {"source": 40, "target": 193, "right": false, "left": true, "value": 1}, {"source": 40, "target": 94, "right": true, "left": false, "value": 1}, {"source": 41, "target": 200, "right": true, "left": false, "value": 1}, {"source": 41, "target": 55, "right": true, "left": true, "value": 1}, {"source": 42, "target": 53, "right": true, "left": false, "value": 1}, {"source": 43, "target": 75, "right": true, "left": false, "value": 1}, {"source": 43, "target": 213, "right": false, "left": true, "value": 1}, {"source": 43, "target": 214, "right": true, "left": false, "value": 1}, {"source": 43, "target": 151, "right": false, "left": true, "value": 1}, {"source": 43, "target": 90, "right": false, "left": true, "value": 1}, {"source": 43, "target": 156, "right": false, "left": true, "value": 1}, {"source": 43, "target": 157, "right": false, "left": true, "value": 1}, {"source": 44, "target": 110, "right": true, "left": false, "value": 1}, {"source": 45, "target": 214, "right": true, "left": false, "value": 1}, {"source": 46, "target": 84, "right": true, "left": false, "value": 1}, {"source": 47, "target": 161, "right": false, "left": true, "value": 1}, {"source": 47, "target": 66, "right": false, "left": true, "value": 1}, {"source": 47, "target": 67, "right": false, "left": true, "value": 1}, {"source": 47, "target": 70, "right": false, "left": true, "value": 1}, {"source": 47, "target": 106, "right": false, "left": true, "value": 1}, {"source": 47, "target": 177, "right": false, "left": true, "value": 1}, {"source": 47, "target": 84, "right": true, "left": false, "value": 1}, {"source": 47, "target": 214, "right": true, "left": false, "value": 1}, {"source": 47, "target": 185, "right": false, "left": true, "value": 1}, {"source": 48, "target": 99, "right": false, "left": true, "value": 1}, {"source": 48, "target": 163, "right": false, "left": true, "value": 1}, {"source": 48, "target": 227, "right": false, "left": true, "value": 1}, {"source": 48, "target": 167, "right": false, "left": true, "value": 1}, {"source": 48, "target": 105, "right": false, "left": true, "value": 1}, {"source": 48, "target": 204, "right": false, "left": true, "value": 1}, {"source": 48, "target": 180, "right": false, "left": true, "value": 1}, {"source": 48, "target": 118, "right": false, "left": true, "value": 1}, {"source": 48, "target": 152, "right": false, "left": true, "value": 1}, {"source": 48, "target": 218, "right": false, "left": true, "value": 1}, {"source": 48, "target": 59, "right": false, "left": true, "value": 1}, {"source": 48, "target": 92, "right": true, "left": true, "value": 1}, {"source": 48, "target": 222, "right": false, "left": true, "value": 1}, {"source": 49, "target": 160, "right": false, "left": true, "value": 1}, {"source": 49, "target": 169, "right": false, "left": true, "value": 1}, {"source": 49, "target": 201, "right": false, "left": true, "value": 1}, {"source": 49, "target": 84, "right": true, "left": false, "value": 1}, {"source": 49, "target": 215, "right": false, "left": true, "value": 1}, {"source": 49, "target": 126, "right": true, "left": false, "value": 1}, {"source": 50, "target": 84, "right": true, "left": false, "value": 1}, {"source": 51, "target": 208, "right": false, "left": true, "value": 1}, {"source": 51, "target": 173, "right": true, "left": true, "value": 1}, {"source": 52, "target": 160, "right": true, "left": false, "value": 1}, {"source": 52, "target": 188, "right": false, "left": true, "value": 1}, {"source": 52, "target": 84, "right": true, "left": false, "value": 1}, {"source": 52, "target": 126, "right": true, "left": true, "value": 1}, {"source": 53, "target": 129, "right": false, "left": true, "value": 1}, {"source": 53, "target": 134, "right": false, "left": true, "value": 1}, {"source": 53, "target": 143, "right": false, "left": true, "value": 1}, {"source": 53, "target": 147, "right": false, "left": true, "value": 1}, {"source": 53, "target": 150, "right": true, "left": false, "value": 1}, {"source": 53, "target": 164, "right": false, "left": true, "value": 1}, {"source": 53, "target": 165, "right": false, "left": true, "value": 1}, {"source": 53, "target": 173, "right": false, "left": true, "value": 1}, {"source": 53, "target": 181, "right": false, "left": true, "value": 1}, {"source": 53, "target": 182, "right": false, "left": true, "value": 1}, {"source": 53, "target": 57, "right": false, "left": true, "value": 1}, {"source": 53, "target": 186, "right": false, "left": true, "value": 1}, {"source": 53, "target": 59, "right": false, "left": true, "value": 1}, {"source": 53, "target": 80, "right": false, "left": true, "value": 1}, {"source": 53, "target": 208, "right": false, "left": true, "value": 1}, {"source": 53, "target": 214, "right": false, "left": true, "value": 1}, {"source": 53, "target": 218, "right": false, "left": true, "value": 1}, {"source": 53, "target": 92, "right": true, "left": true, "value": 1}, {"source": 53, "target": 224, "right": false, "left": true, "value": 1}, {"source": 53, "target": 99, "right": false, "left": true, "value": 1}, {"source": 53, "target": 228, "right": false, "left": true, "value": 1}, {"source": 53, "target": 105, "right": false, "left": true, "value": 1}, {"source": 53, "target": 116, "right": false, "left": true, "value": 1}, {"source": 53, "target": 117, "right": false, "left": true, "value": 1}, {"source": 54, "target": 103, "right": false, "left": true, "value": 1}, {"source": 54, "target": 75, "right": true, "left": false, "value": 1}, {"source": 54, "target": 115, "right": false, "left": true, "value": 1}, {"source": 54, "target": 84, "right": true, "left": false, "value": 1}, {"source": 54, "target": 214, "right": true, "left": false, "value": 1}, {"source": 54, "target": 119, "right": false, "left": true, "value": 1}, {"source": 56, "target": 109, "right": true, "left": false, "value": 1}, {"source": 57, "target": 165, "right": true, "left": false, "value": 1}, {"source": 59, "target": 92, "right": true, "left": false, "value": 1}, {"source": 60, "target": 134, "right": false, "left": true, "value": 1}, {"source": 60, "target": 166, "right": false, "left": true, "value": 1}, {"source": 60, "target": 199, "right": false, "left": true, "value": 1}, {"source": 60, "target": 73, "right": false, "left": true, "value": 1}, {"source": 60, "target": 116, "right": false, "left": true, "value": 1}, {"source": 60, "target": 86, "right": false, "left": true, "value": 1}, {"source": 60, "target": 159, "right": false, "left": true, "value": 1}, {"source": 61, "target": 133, "right": false, "left": true, "value": 1}, {"source": 62, "target": 212, "right": true, "left": false, "value": 1}, {"source": 63, "target": 109, "right": true, "left": false, "value": 1}, {"source": 63, "target": 150, "right": true, "left": false, "value": 1}, {"source": 64, "target": 137, "right": true, "left": true, "value": 1}, {"source": 64, "target": 141, "right": false, "left": true, "value": 1}, {"source": 64, "target": 150, "right": true, "left": false, "value": 1}, {"source": 64, "target": 221, "right": false, "left": true, "value": 1}, {"source": 64, "target": 187, "right": false, "left": true, "value": 1}, {"source": 64, "target": 189, "right": false, "left": true, "value": 1}, {"source": 65, "target": 67, "right": true, "left": false, "value": 1}, {"source": 65, "target": 142, "right": true, "left": false, "value": 1}, {"source": 66, "target": 84, "right": true, "left": false, "value": 1}, {"source": 66, "target": 214, "right": true, "left": false, "value": 1}, {"source": 67, "target": 217, "right": false, "left": true, "value": 1}, {"source": 67, "target": 70, "right": false, "left": true, "value": 1}, {"source": 67, "target": 142, "right": false, "left": true, "value": 1}, {"source": 67, "target": 113, "right": false, "left": true, "value": 1}, {"source": 67, "target": 117, "right": false, "left": true, "value": 1}, {"source": 67, "target": 214, "right": false, "left": true, "value": 1}, {"source": 67, "target": 87, "right": false, "left": true, "value": 1}, {"source": 67, "target": 185, "right": false, "left": true, "value": 1}, {"source": 69, "target": 84, "right": true, "left": false, "value": 1}, {"source": 70, "target": 214, "right": true, "left": false, "value": 1}, {"source": 71, "target": 97, "right": true, "left": true, "value": 1}, {"source": 71, "target": 109, "right": true, "left": false, "value": 1}, {"source": 72, "target": 109, "right": true, "left": false, "value": 1}, {"source": 74, "target": 150, "right": true, "left": false, "value": 1}, {"source": 75, "target": 194, "right": false, "left": true, "value": 1}, {"source": 75, "target": 107, "right": false, "left": true, "value": 1}, {"source": 75, "target": 110, "right": true, "left": true, "value": 1}, {"source": 75, "target": 171, "right": false, "left": true, "value": 1}, {"source": 75, "target": 178, "right": false, "left": true, "value": 1}, {"source": 75, "target": 213, "right": false, "left": true, "value": 1}, {"source": 75, "target": 120, "right": false, "left": true, "value": 1}, {"source": 75, "target": 154, "right": false, "left": true, "value": 1}, {"source": 75, "target": 157, "right": false, "left": true, "value": 1}, {"source": 75, "target": 127, "right": false, "left": true, "value": 1}, {"source": 76, "target": 81, "right": false, "left": true, "value": 1}, {"source": 76, "target": 150, "right": true, "left": false, "value": 1}, {"source": 77, "target": 211, "right": true, "left": false, "value": 1}, {"source": 78, "target": 168, "right": false, "left": true, "value": 1}, {"source": 78, "target": 179, "right": false, "left": true, "value": 1}, {"source": 78, "target": 150, "right": true, "left": false, "value": 1}, {"source": 78, "target": 92, "right": true, "left": false, "value": 1}, {"source": 79, "target": 84, "right": true, "left": false, "value": 1}, {"source": 79, "target": 133, "right": true, "left": false, "value": 1}, {"source": 80, "target": 208, "right": false, "left": true, "value": 1}, {"source": 80, "target": 99, "right": true, "left": false, "value": 1}, {"source": 80, "target": 173, "right": true, "left": false, "value": 1}, {"source": 81, "target": 225, "right": false, "left": true, "value": 1}, {"source": 81, "target": 150, "right": true, "left": false, "value": 1}, {"source": 82, "target": 84, "right": true, "left": false, "value": 1}, {"source": 83, "target": 150, "right": true, "left": false, "value": 1}, {"source": 84, "target": 128, "right": false, "left": true, "value": 1}, {"source": 84, "target": 142, "right": false, "left": true, "value": 1}, {"source": 84, "target": 148, "right": false, "left": true, "value": 1}, {"source": 84, "target": 160, "right": false, "left": true, "value": 1}, {"source": 84, "target": 178, "right": false, "left": true, "value": 1}, {"source": 84, "target": 194, "right": false, "left": true, "value": 1}, {"source": 84, "target": 197, "right": false, "left": true, "value": 1}, {"source": 84, "target": 206, "right": false, "left": true, "value": 1}, {"source": 84, "target": 207, "right": false, "left": true, "value": 1}, {"source": 84, "target": 214, "right": true, "left": false, "value": 1}, {"source": 84, "target": 215, "right": false, "left": true, "value": 1}, {"source": 84, "target": 88, "right": false, "left": true, "value": 1}, {"source": 84, "target": 103, "right": false, "left": true, "value": 1}, {"source": 84, "target": 104, "right": false, "left": true, "value": 1}, {"source": 84, "target": 106, "right": false, "left": true, "value": 1}, {"source": 87, "target": 95, "right": false, "left": true, "value": 1}, {"source": 88, "target": 122, "right": true, "left": false, "value": 1}, {"source": 89, "target": 196, "right": true, "left": false, "value": 1}, {"source": 89, "target": 92, "right": true, "left": false, "value": 1}, {"source": 89, "target": 150, "right": true, "left": false, "value": 1}, {"source": 90, "target": 203, "right": false, "left": true, "value": 1}, {"source": 92, "target": 163, "right": false, "left": true, "value": 1}, {"source": 92, "target": 105, "right": false, "left": true, "value": 1}, {"source": 92, "target": 123, "right": false, "left": true, "value": 1}, {"source": 92, "target": 172, "right": false, "left": true, "value": 1}, {"source": 92, "target": 152, "right": false, "left": true, "value": 1}, {"source": 92, "target": 186, "right": false, "left": true, "value": 1}, {"source": 93, "target": 100, "right": false, "left": true, "value": 1}, {"source": 93, "target": 214, "right": true, "left": false, "value": 1}, {"source": 94, "target": 129, "right": true, "left": false, "value": 1}, {"source": 94, "target": 193, "right": false, "left": true, "value": 1}, {"source": 94, "target": 132, "right": false, "left": true, "value": 1}, {"source": 94, "target": 165, "right": true, "left": true, "value": 1}, {"source": 94, "target": 186, "right": true, "left": false, "value": 1}, {"source": 98, "target": 224, "right": true, "left": false, "value": 1}, {"source": 100, "target": 202, "right": false, "left": true, "value": 1}, {"source": 100, "target": 214, "right": true, "left": false, "value": 1}, {"source": 100, "target": 217, "right": false, "left": true, "value": 1}, {"source": 101, "target": 155, "right": false, "left": true, "value": 1}, {"source": 102, "target": 114, "right": true, "left": false, "value": 1}, {"source": 102, "target": 196, "right": true, "left": false, "value": 1}, {"source": 102, "target": 174, "right": true, "left": true, "value": 1}, {"source": 102, "target": 150, "right": true, "left": false, "value": 1}, {"source": 108, "target": 149, "right": true, "left": false, "value": 1}, {"source": 109, "target": 121, "right": false, "left": true, "value": 1}, {"source": 110, "target": 120, "right": false, "left": true, "value": 1}, {"source": 110, "target": 156, "right": false, "left": true, "value": 1}, {"source": 111, "target": 159, "right": true, "left": false, "value": 1}, {"source": 112, "target": 214, "right": true, "left": false, "value": 1}, {"source": 113, "target": 214, "right": true, "left": false, "value": 1}, {"source": 113, "target": 142, "right": true, "left": false, "value": 1}, {"source": 114, "target": 196, "right": true, "left": true, "value": 1}, {"source": 114, "target": 198, "right": true, "left": true, "value": 1}, {"source": 114, "target": 135, "right": false, "left": true, "value": 1}, {"source": 114, "target": 168, "right": false, "left": true, "value": 1}, {"source": 114, "target": 176, "right": true, "left": true, "value": 1}, {"source": 114, "target": 220, "right": false, "left": true, "value": 1}, {"source": 115, "target": 214, "right": true, "left": false, "value": 1}, {"source": 117, "target": 206, "right": true, "left": false, "value": 1}, {"source": 120, "target": 127, "right": false, "left": true, "value": 1}, {"source": 126, "target": 160, "right": true, "left": true, "value": 1}, {"source": 126, "target": 188, "right": false, "left": true, "value": 1}, {"source": 130, "target": 192, "right": true, "left": false, "value": 1}, {"source": 130, "target": 139, "right": true, "left": false, "value": 1}, {"source": 130, "target": 150, "right": true, "left": false, "value": 1}, {"source": 131, "target": 176, "right": true, "left": false, "value": 1}, {"source": 131, "target": 196, "right": true, "left": false, "value": 1}, {"source": 132, "target": 165, "right": true, "left": false, "value": 1}, {"source": 133, "target": 140, "right": false, "left": true, "value": 1}, {"source": 135, "target": 150, "right": true, "left": false, "value": 1}, {"source": 136, "target": 184, "right": true, "left": false, "value": 1}, {"source": 139, "target": 192, "right": false, "left": true, "value": 1}, {"source": 139, "target": 168, "right": false, "left": true, "value": 1}, {"source": 139, "target": 141, "right": false, "left": true, "value": 1}, {"source": 139, "target": 174, "right": false, "left": true, "value": 1}, {"source": 139, "target": 176, "right": false, "left": true, "value": 1}, {"source": 139, "target": 150, "right": true, "left": true, "value": 1}, {"source": 139, "target": 187, "right": false, "left": true, "value": 1}, {"source": 141, "target": 150, "right": true, "left": false, "value": 1}, {"source": 142, "target": 146, "right": false, "left": true, "value": 1}, {"source": 143, "target": 150, "right": true, "left": false, "value": 1}, {"source": 144, "target": 184, "right": true, "left": true, "value": 1}, {"source": 146, "target": 214, "right": true, "left": false, "value": 1}, {"source": 147, "target": 159, "right": true, "left": false, "value": 1}, {"source": 149, "target": 219, "right": false, "left": true, "value": 1}, {"source": 150, "target": 159, "right": false, "left": true, "value": 1}, {"source": 150, "target": 164, "right": false, "left": true, "value": 1}, {"source": 150, "target": 174, "right": false, "left": true, "value": 1}, {"source": 150, "target": 176, "right": false, "left": true, "value": 1}, {"source": 150, "target": 187, "right": false, "left": true, "value": 1}, {"source": 150, "target": 192, "right": false, "left": true, "value": 1}, {"source": 150, "target": 196, "right": false, "left": true, "value": 1}, {"source": 150, "target": 198, "right": false, "left": true, "value": 1}, {"source": 150, "target": 221, "right": false, "left": true, "value": 1}, {"source": 152, "target": 222, "right": true, "left": false, "value": 1}, {"source": 154, "target": 210, "right": true, "left": false, "value": 1}, {"source": 156, "target": 178, "right": false, "left": true, "value": 1}, {"source": 156, "target": 214, "right": true, "left": false, "value": 1}, {"source": 159, "target": 166, "right": false, "left": true, "value": 1}, {"source": 161, "target": 214, "right": true, "left": false, "value": 1}, {"source": 162, "target": 196, "right": true, "left": false, "value": 1}, {"source": 165, "target": 173, "right": true, "left": false, "value": 1}, {"source": 165, "target": 181, "right": false, "left": true, "value": 1}, {"source": 170, "target": 200, "right": true, "left": false, "value": 1}, {"source": 175, "target": 191, "right": true, "left": false, "value": 1}, {"source": 176, "target": 198, "right": false, "left": true, "value": 1}, {"source": 176, "target": 187, "right": false, "left": true, "value": 1}, {"source": 177, "target": 206, "right": true, "left": false, "value": 1}, {"source": 179, "target": 205, "right": false, "left": true, "value": 1}, {"source": 179, "target": 225, "right": true, "left": true, "value": 1}, {"source": 179, "target": 222, "right": true, "left": false, "value": 1}, {"source": 183, "target": 195, "right": false, "left": true, "value": 1}, {"source": 183, "target": 211, "right": false, "left": true, "value": 1}, {"source": 185, "target": 214, "right": true, "left": false, "value": 1}, {"source": 190, "target": 196, "right": true, "left": false, "value": 1}, {"source": 196, "target": 225, "right": false, "left": true, "value": 1}, {"source": 198, "target": 220, "right": false, "left": true, "value": 1}, {"source": 202, "target": 217, "right": true, "left": false, "value": 1}, {"source": 205, "target": 222, "right": true, "left": false, "value": 1}, {"source": 213, "target": 214, "right": true, "left": false, "value": 1}, {"source": 214, "target": 217, "right": false, "left": true, "value": 1}, {"source": 214, "target": 226, "right": false, "left": true, "value": 1}, {"source": 216, "target": 224, "right": false, "left": true, "value": 1}]}