{"nodes": [{"asin": "B002GNYDOS", "name": "P43 LGA775 MAX-16GB DDR3 Atx PCIE16 6SATA Gbe", "imUrl": "http://ecx.images-amazon.com/images/I/511yGspVIGL._SY300_.jpg", "price": 84.99, "numReviews": 3, "groups": [0], "averageRating": 5.0}, {"asin": "B00F0PLQDK", "name": "ASRock Micro ATX DDR2 1066 AM2.AM3 Motherboard (960GC-GS FX)", "imUrl": "http://ecx.images-amazon.com/images/I/51gVNLPdTgL._SX300_.jpg", "price": 59.99, "numReviews": 7, "groups": [1], "averageRating": 4.142857142857143, "brand": "ASRock"}, {"asin": "B004WJRBUW", "name": "ASRock Core 2 Quad/Intel G41/DDR3/A & V & L/Micro ATX LGA 775 Motherboards G41M-VS3", "imUrl": "http://ecx.images-amazon.com/images/I/51NK3vMeFuL._SX300_.jpg", "price": 75.15, "numReviews": 14, "groups": [2], "averageRating": 4.071428571428571, "brand": "ASRock"}, {"asin": "B0016JVOLS", "name": "Intel DX48BT2 Extreme Series X48 Desktop Board, ATX, DDR3 1600, 3xPCIe x16, 1600MHz FSB, LGA775, Retail Motherboard", "imUrl": "http://ecx.images-amazon.com/images/I/51eLoFQF%2BAL._SY300_.jpg", "price": 84.99, "numReviews": 12, "groups": [3], "averageRating": 4.5}, {"asin": "B004GZ8FEI", "name": "Biostar 945GC-M4 7.x Motherboard", "imUrl": "http://ecx.images-amazon.com/images/I/51EitklMd3L.jpg", "price": 65.0, "numReviews": 1, "groups": [4], "averageRating": 5.0}, {"asin": "B00CCBJ286", "name": "A960D+ Desktop Motherboard - AMD 760G Chipset - Socket AM3+", "imUrl": "http://ecx.images-amazon.com/images/I/41C6yY92TmL.jpg", "price": 41.67, "numReviews": 4, "groups": [5], "averageRating": 4.0}, {"asin": "B00GH9MZCY", "name": "ECS Elitegroup Gank Drone Gaming ATX DDR3 1333 LGA 1150 Motherboards Z87H3-A3X (1.0)", "imUrl": "http://ecx.images-amazon.com/images/I/51jdZ2FbjkL._SX300_.jpg", "price": 119.48, "numReviews": 3, "groups": [6], "averageRating": 4.333333333333333}, {"asin": "B003378K7M", "name": "Gigabyte LGA1366/ Intel X58 SATA3 ATI CrossFireX ATX Motherboard GA-X58A-UD5", "imUrl": "http://ecx.images-amazon.com/images/I/51gUh7%2B1WiL._SX300_.jpg", "price": 7.92, "numReviews": 11, "groups": [7], "averageRating": 3.909090909090909}, {"asin": "B003L870JM", "name": "ASRock Socket AM3/AMD 880G/Hybrid CrossFireX/A&V&GbE/MATX Motherboard 880GM-LE", "imUrl": "http://ecx.images-amazon.com/images/I/616UYzRT-%2BL._SX300_.jpg", "price": 51.49, "numReviews": 15, "groups": [8], "averageRating": 4.866666666666666}, {"asin": "B000CZ0OE0", "name": "Atx-intel 945PL Express-socket 775-SATA II-10/100 Lan-pci Express X16-HIGH Defin", "imUrl": "http://ecx.images-amazon.com/images/I/41SY7HE8Q2L._SX300_.jpg", "price": 13.0, "numReviews": 8, "groups": [9], "averageRating": 4.25}, {"asin": "B001A1RD8A", "name": "ASUS AM2+/AM3 M3N-H/HDMI MOther Board; NVIDIA 8300; 4xDDR2 1066/800; 1xPCIe 16X, 2xPCIe 1X, 3xPCI; VID, 8CH, GbE, 6xSATA 2 RAID, 10xUSB2.0", "imUrl": "http://ecx.images-amazon.com/images/I/31q0cbLyJlL.jpg", "price": 4.79, "numReviews": 1, "groups": [10], "averageRating": 5.0}, {"asin": "B004OT7XLM", "name": "ASUS MAXIMUS IV EXTREME <REV 3.0> LGA 1155 Rebublic of Gamers Intel P67 DDR3 2400 ATX Motherboard", "imUrl": "http://ecx.images-amazon.com/images/I/51Izs8Gor8L._SY300_.jpg", "price": 156.99, "numReviews": 17, "groups": [11], "averageRating": 4.411764705882353}, {"asin": "B007NP5SVQ", "name": "AS Rock LGA1155 Intel Z77 Quad CrossFirex Quad SLI SATA3 USB3.0 A GbE MATX Motherboard  Z77 PROFESSIONAL-M", "imUrl": "http://ecx.images-amazon.com/images/I/51DZjU6yHuL._SX300_.jpg", "price": 7.92, "numReviews": 10, "groups": [12], "averageRating": 4.3}, {"asin": "B004JAZG8S", "name": "MSI E350IA-E45 AMD Zacate E350 AMD Hudson M1 DDR3 SATA3 and USB 3.0 A&GbE Mini-ITX Motherboard", "imUrl": "http://ecx.images-amazon.com/images/I/51WGPDATbbL._SX300_.jpg", "price": 86.88, "numReviews": 11, "groups": [13], "averageRating": 3.272727272727273}, {"asin": "B00G47W6DM", "name": "ASUS ATX DDR3 2400 Motherboards A88X-Pro", "imUrl": "http://ecx.images-amazon.com/images/I/511lvxwdqYL._SY300_.jpg", "price": 127.25, "numReviews": 11, "groups": [14], "averageRating": 4.636363636363637}, {"asin": "B0054OWTJC", "name": "GIGABYTE GA-Z68XP-UD4 LGA 1155 Intel Z68 HDMI SATA 6Gb/s USB 3.0 ATX Intel Motherboard", "imUrl": "http://ecx.images-amazon.com/images/I/61iXiFyzbqL._SY300_.jpg", "price": 164.64, "numReviews": 9, "groups": [15], "averageRating": 4.555555555555555}, {"asin": "B008F9P5L2", "name": "Intel Desktop Board Classic Series Form Factor MicroATX DDR3 1333 Intel - LGA 1155 Motherboard BOXDH61HO", "imUrl": "http://ecx.images-amazon.com/images/I/512CTMNZ71L._SX300_.jpg", "price": 79.99, "numReviews": 3, "groups": [16], "averageRating": 4.0}, {"asin": "B005T481MQ", "name": "GIGABYTE FM1 AMD A55 Hudson D2 DDR3 1800 Micro ATX AMD Motherboard GA-A55M-DS2", "imUrl": "http://ecx.images-amazon.com/images/I/61mpBRdsL5L._SX300_.jpg", "price": 51.3, "numReviews": 21, "groups": [17], "averageRating": 4.428571428571429}, {"asin": "B007W1KDKW", "name": "BLKDZ77GA70K Extreme DZ77GA-70K Desktop Motherboard - Intel Z77 Express Chipset - Socket H2 LGA-1155 - 10 x Bulk Pack", "imUrl": "http://ecx.images-amazon.com/images/I/410T4QhXxtL.jpg", "price": 438.15, "numReviews": 3, "groups": [18], "averageRating": 2.3333333333333335, "brand": "Intel"}, {"asin": "B00119MDB8", "name": "ASUS P5N-T Deluxe LGA775 Nvidia 780i DDR2 1066 ATX Motherboard", "imUrl": "http://ecx.images-amazon.com/images/I/31EoooaKj5L.jpg", "price": 7.81, "numReviews": 8, "groups": [19], "averageRating": 3.5}, {"asin": "B00B7AN51I", "name": "Asrock AMD 990FX Extreme9 AMD 3-Way CrossFirex", "imUrl": "http://ecx.images-amazon.com/images/I/51%2BYQ4cgEuL._SX300_.jpg", "price": 214.33, "numReviews": 12, "groups": [20], "averageRating": 4.25}, {"asin": "B0007COBH4", "name": "Asus A8N-SLI Deluxe NVIDIA nForce4 SLI Motherboard", "imUrl": "http://ecx.images-amazon.com/images/I/31W7PQXYZ9L.jpg", "price": 329.95, "numReviews": 13, "groups": [21], "averageRating": 4.153846153846154}, {"asin": "B009F1DTZI", "name": "ASUS AMD A85X MicroATX DDR3 2400 370 Motherboards F2A85-M/CSM", "imUrl": "http://ecx.images-amazon.com/images/I/51xLpscd7NL._SX300_.jpg", "price": 110.77, "numReviews": 11, "groups": [22], "averageRating": 4.363636363636363}, {"asin": "B0073JYZ48", "name": "MSI Computer Corp. Motherboard North Bridge AMD 970 & South Bridge AMD SB950 Chipset ATX DDR3 800 AMD AM3+ Motherboards (970A-G46)", "imUrl": "http://ecx.images-amazon.com/images/I/61OFrbwCX9L._SY300_.jpg", "price": 82.59, "numReviews": 127, "groups": [23], "averageRating": 3.8188976377952755, "brand": "MSI"}, {"asin": "B003OEHLX8", "name": "Intel Desktop Board BOXD915PDTL microATX LGA775", "imUrl": "http://ecx.images-amazon.com/images/I/51tbl4oWqRL._SY300_.jpg", "price": 65.0, "numReviews": 1, "groups": [24], "averageRating": 1.0}, {"asin": "B0051UY1QI", "name": "Intel Boxed Desktop Board BOXDZ68DB Media Series Socket LGA1155 ATX Motherboard", "imUrl": "http://ecx.images-amazon.com/images/I/51qHEotID2L._SY300_.jpg", "price": 7.81, "numReviews": 16, "groups": [25], "averageRating": 3.875}, {"asin": "B0053YM70Y", "name": "ASUS M5A99X Evo - AM3+ - 990X - SATA 6Gbps and USB 3.0 - ATX DDR3 2133 Motherboards", "imUrl": "http://ecx.images-amazon.com/images/I/51jcES1TkzL._SX300_.jpg", "price": 179.99, "numReviews": 54, "groups": [26], "averageRating": 4.333333333333333}, {"asin": "B001T0HW88", "name": "Asus M4A78T-E Socket AM3/ AMD 790GX/ Hybrid CrossFireX/ HDMI/ A&V&GbE/ ATX Motherboard", "imUrl": "http://ecx.images-amazon.com/images/I/51ewgNKxOhL._SY300_.jpg", "price": 79.99, "numReviews": 12, "groups": [27], "averageRating": 4.583333333333333}, {"asin": "B007MS8UPK", "name": "Intel D2500HN Atom D2500 Fanless Mini-ITX Motherboard,VGA, BLKD2500HN", "imUrl": "http://ecx.images-amazon.com/images/I/51MkT31MOgL._SY300_.jpg", "price": 84.95, "numReviews": 2, "groups": [28], "averageRating": 3.0}, {"asin": "B00EWGSGVS", "name": "MSI Computer Corp. ATX DDR3 1066 LGA 1150 Motherboards Z87 MPOWER SP", "imUrl": "http://ecx.images-amazon.com/images/I/510NKwmS-RL._SX300_.jpg", "price": 234.63, "numReviews": 14, "groups": [29], "averageRating": 4.214285714285714, "brand": "MSI"}, {"asin": "B00HY85AYC", "name": "Gigabyte Mini ITX DDR3 1600 LGA 1150 Motherboard GA-B85N", "imUrl": "http://ecx.images-amazon.com/images/I/61d3sSDfGbL._SY300_.jpg", "price": 80.07, "numReviews": 6, "groups": [30], "averageRating": 4.0, "brand": "Gigabyte"}, {"asin": "B00IFE4VF8", "name": "Gigabyte Intel Dual-Core Celeron J1800 Soc 2.14GHz Built-In Mini ITX DDR3 1333 NA Motherboards GA-J1800N-D2H", "imUrl": "http://ecx.images-amazon.com/images/I/51K0yvL84CL._SX300_.jpg", "price": 76.38, "numReviews": 10, "groups": [31], "averageRating": 3.1, "brand": "Gigabyte"}, {"asin": "B00295RAMA", "name": "MSI X58 Pro-E Core i7/Intel X58/6DDR3-1333/ATI CrossFireX/GbE/R/A/1394/ATX Motherboard", "imUrl": "http://ecx.images-amazon.com/images/I/51zInbUei%2BL._SY300_.jpg", "price": 7.81, "numReviews": 9, "groups": [32], "averageRating": 3.888888888888889}, {"asin": "B005WUUFBW", "name": "ASUS M5A78L-M LX PLUS AM3+ AMD 760G Micro ATX AMD Motherboard", "imUrl": "http://ecx.images-amazon.com/images/I/51M-Ji%2BIQ9L._SX300_.jpg", "price": 57.99, "numReviews": 85, "groups": [33], "averageRating": 4.223529411764706}, {"asin": "B007SSJWDS", "name": "Intel Desktop Motherboard LGA1155 DDR3 1600 ATX - BOXDZ77GA-70K", "imUrl": "http://ecx.images-amazon.com/images/I/51rQ5lVMIQL._SY300_.jpg", "price": 300.0, "numReviews": 38, "groups": [34], "averageRating": 4.026315789473684}, {"asin": "B0091158A6", "name": "ECS Elitegroup Intel Motherboard Intel H61 Mini ITX DDR3 1600 Intel LGA 1155 Motherboards H61H2-I3", "imUrl": "http://ecx.images-amazon.com/images/I/51n65xl7wQL._SX300_.jpg", "price": 54.26, "numReviews": 17, "groups": [35], "averageRating": 3.6470588235294117, "brand": "ECS Elitegroup"}, {"asin": "B009LHWDEO", "name": "ECS Elitegroup AM3+ AMD 760G Micro ATX AMD DDR3 1800 Motherboards A960M-M2", "imUrl": "http://ecx.images-amazon.com/images/I/51mkFV3ZjvL._SX300_.jpg", "price": 49.89, "numReviews": 2, "groups": [36], "averageRating": 3.0}, {"asin": "B005FGMQAQ", "name": "ASRock MB-P67E4G3 LGA 1155 Intel P67 SATA 6Gb/s USB 3.0 ATX Intel Motherboard", "imUrl": "http://ecx.images-amazon.com/images/I/51QZ6HqTDxL._SY300_.jpg", "price": 129.99, "numReviews": 10, "groups": [37], "averageRating": 4.2}, {"asin": "B000O0K678", "name": "eVGA nForce 680i SLI Motherboard 122-CK-NF68-A1", "imUrl": "http://ecx.images-amazon.com/images/I/51hXChyr9YL._SY300_.jpg", "price": 128.25, "numReviews": 32, "groups": [38], "averageRating": 4.28125}, {"asin": "B0055QYKRI", "name": "GIGABYTE GA-990FXA-UD7 AM3+ AMD 990FX SATA 6Gb/s USB 3.0 ATX AMD Motherboard", "imUrl": "http://ecx.images-amazon.com/images/I/61bP4rmRwhL._SX300_.jpg", "price": 203.0, "numReviews": 28, "groups": [39], "averageRating": 4.285714285714286}, {"asin": "B00A6O7YJU", "name": "ASUS F2A85-V PRO - Socket FM2 AMD A85X Chipset MicroATX Motherboard DDR3 SATA 6Gb/s DVI/HDMI/Display Port PCIE Gigabit LAN 7.1CH HD Audio USB3.0", "imUrl": "http://ecx.images-amazon.com/images/I/516R-qKgTOL._SY300_.jpg", "price": 58.0, "numReviews": 1, "groups": [40], "averageRating": 5.0}, {"asin": "B0009HMUCU", "name": "EliteGroup K8M800-M2 (1.0) - Motherboard - micro ATX - Socket 754 - K8M800 - Ethernet - onboard graphics - 6-channel audio", "imUrl": "http://ecx.images-amazon.com/images/I/41Lfk6MTwwL._SX300_.jpg", "price": 149.95, "numReviews": 3, "groups": [41], "averageRating": 5.0}, {"asin": "B0083B6HEQ", "name": "AS Rock FX Socket AM3 Plus NVIDIA GeForce 7025 A V GbE Micro ATX Motherboard N68C-GS FX", "imUrl": "http://ecx.images-amazon.com/images/I/51pZWfBKBaL._SX300_.jpg", "price": 109.99, "numReviews": 149, "groups": [42], "averageRating": 4.201342281879195}, {"asin": "B00B98107O", "name": "ECS Elitegroup ATX DDR3 2133 AMD - AM3+ Motherboards A990FXM-A", "imUrl": "http://ecx.images-amazon.com/images/I/51Q66lPGLIL._SX300_.jpg", "price": 149.99, "numReviews": 8, "groups": [43], "averageRating": 3.125}, {"asin": "B00DPOI4LA", "name": "Asus P9X79-E WS -LGA2011 Intel X79 Chipset DDR3 SATA PCI Express 3.0 USB ATX Motherboard", "imUrl": "http://ecx.images-amazon.com/images/I/41XbomNgMSL._SY300_.jpg", "price": 578.99, "numReviews": 1, "groups": [44], "averageRating": 1.0}, {"asin": "B002JJNGBK", "name": "Biostar 6.x Core 2 Quad/Intel G41/A&V&L/Micro ATX Motherboard s G41-M7", "imUrl": "http://ecx.images-amazon.com/images/I/61gHucP7ZTL._SX300_.jpg", "price": 89.99, "numReviews": 7, "groups": [45], "averageRating": 4.142857142857143}, {"asin": "B002ML56J0", "name": "MSI G41M4-F Intel Core 2 Quad/Socket 775/Intel G41/FSB 1333/2DDR2-800/Intel GMA4500/GbE/7.1-CH Micro ATX Motherboard", "imUrl": "http://ecx.images-amazon.com/images/I/61mod-8z2aL._SY300_.jpg", "price": 64.49, "numReviews": 13, "groups": [46], "averageRating": 4.153846153846154}, {"asin": "B002SYENWW", "name": "ZOTAC LGA 775 Micro ATX Intel Motherboard G41MAT-A-E", "imUrl": "http://ecx.images-amazon.com/images/I/51srGigNvQL._SX300_.jpg", "price": 75.99, "numReviews": 3, "groups": [47], "averageRating": 3.6666666666666665}, {"asin": "B0041YQT2O", "name": "ASUS PTGD1-LA PUFFER HP COMPAQ 775 i915P MOTHERBOARD", "imUrl": "http://ecx.images-amazon.com/images/I/51f7QJfZubL._SY300_.jpg", "price": 84.99, "numReviews": 1, "groups": [48], "averageRating": 5.0}, {"asin": "B0055QYKQ4", "name": "GIGABYTE GA-990XA-UD3 AM3+ AMD 990X SATA 6Gb/s USB 3.0 ATX AMD Motherboard", "imUrl": "http://ecx.images-amazon.com/images/I/61TkvINtYEL._SX300_.jpg", "price": 127.0, "numReviews": 12, "groups": [49], "averageRating": 4.0}, {"asin": "B005A31PVA", "name": "MSI Computer Corp. 990FXA-GD65 AMD 990FX ATX DDR3 2133 AMD - AM3+ Motherboard", "imUrl": "http://ecx.images-amazon.com/images/I/41xLSnFTpVL._SX300_.jpg", "price": 179.99, "numReviews": 2, "groups": [50], "averageRating": 4.5}, {"asin": "B0058VWOPU", "name": "ASUS P5G41-M LX2/GB Intel G41 Socket 775 micro-ATX Motherboard w/Video, Audio & Gigabit LAN", "imUrl": "http://ecx.images-amazon.com/images/I/51l93%2BaSP9L.jpg", "price": 84.99, "numReviews": 1, "groups": [51], "averageRating": 1.0}, {"asin": "B00JKCHEPS", "name": "Gigabyte GA-Z97X-SOC FORCE LGA 1150 Z97 Premium 4-Way CrossFire Support with OC Brace Killer E2200 Gaming Networking ATX Motherboard", "imUrl": "http://ecx.images-amazon.com/images/I/61Eok75OszL._SY300_.jpg", "price": 208.88, "numReviews": 2, "groups": [52], "averageRating": 3.0, "brand": "Gigabyte"}, {"asin": "B000E95FNY", "name": "BLK D915PGNX Intel Motherboard Desktop Board Socket 775", "imUrl": "http://ecx.images-amazon.com/images/I/5119JwYptcL._SX300_.jpg", "price": 13.0, "numReviews": 14, "groups": [53], "averageRating": 3.357142857142857}, {"asin": "B000UFOZUQ", "name": "Intel DQ35JOE Executive Series Q35 Desktop Board, uATX DDR2 800, vPro, Intel Graphics, PCIe x16, 1333MHz FSB, LGA775, Retail Motherboard", "imUrl": "http://ecx.images-amazon.com/images/I/51pyhzFFEfL._SY300_.jpg", "price": 99.0, "numReviews": 1, "groups": [54], "averageRating": 5.0}, {"asin": "B007WLRE8Q", "name": "ASUS P5G41T-M LX PLUS - LGA775 Intel G41 Chipset MicroATX Desktop Motherboard DDR3 7.1CH Audio USB D-Sub PCI-E", "imUrl": "http://ecx.images-amazon.com/images/I/41XHq-PGMEL._SY300_.jpg", "price": 84.99, "numReviews": 1, "groups": [55], "averageRating": 5.0}, {"asin": "B000GUR69M", "name": "GIGABYTE GA-965P-DS3 P965, ATX, LGA775, PCI-EX16, 8GB, 4XDDR2", "imUrl": "http://ecx.images-amazon.com/images/I/61oLXyR1SKL._SY300_.jpg", "price": 64.49, "numReviews": 7, "groups": [56], "averageRating": 3.4285714285714284}, {"asin": "B0013BAOOW", "name": "ECS Socket AM2+/ GeForce 6100/ DDR2/ SATA2/ A&V&L/ MATX Motherboard GeForce6100PM-M2 (V2.0)", "imUrl": "http://ecx.images-amazon.com/images/I/61QYCJWqjIL._SY300_.jpg", "price": 7.81, "numReviews": 3, "groups": [57], "averageRating": 4.666666666666667}, {"asin": "B007PN2C10", "name": "MSI A55M-P33 FM1 AMD A55 Micro ATX AMD Motherboard", "imUrl": "http://ecx.images-amazon.com/images/I/41ZqZrx7WuL._SX300_.jpg", "price": 54.62, "numReviews": 22, "groups": [58], "averageRating": 4.2272727272727275, "brand": "MSI"}, {"asin": "B0058G65I2", "name": "ASUS F1A75-V Pro - F1 Socket - A75 - SATA 6Gbps and USB 3.0 - ATX AMD (Hudson D3) ATX DDR3 1800 AMD - FM1 Motherboards", "imUrl": "http://ecx.images-amazon.com/images/I/51To9a2LpQL._SY300_.jpg", "price": 94.17, "numReviews": 20, "groups": [59], "averageRating": 4.4}, {"asin": "B002M9SOYG", "name": "Intel Core 2 Quad/Intel G43/HDMI/A&V&GbE/MATX Motherboard, Bulk BLKDG43GT", "imUrl": "http://ecx.images-amazon.com/images/I/51ZOOZSjhdL._SX300_.jpg", "price": 64.49, "numReviews": 19, "groups": [60], "averageRating": 4.421052631578948}, {"asin": "B000BYOTXY", "name": "ASUS Socket 939 NVIDIA nForce SPP 100 ATX AMD Motherboard (A8N32-SLI Deluxe)", "imUrl": "http://ecx.images-amazon.com/images/I/51FGSNMBX2L._SY300_.jpg", "price": 329.95, "numReviews": 8, "groups": [61], "averageRating": 4.125}, {"asin": "B0044952F6", "name": "MSI Intel G41 DDR3 1333 LGA 775 Motherboards (G41M-P25)", "imUrl": "http://ecx.images-amazon.com/images/I/41jTUaq0tQL._SX300_.jpg", "price": 84.99, "numReviews": 7, "groups": [62], "averageRating": 4.428571428571429}, {"asin": "B00789PYDY", "name": "Ultra Durable 4 Classic GA-H61M-S2PV Desktop Motherboard - Intel - Socket H2 LGA-1155", "imUrl": "http://ecx.images-amazon.com/images/I/515jliufbFL._SY300_.jpg", "price": 57.41, "numReviews": 1, "groups": [63], "averageRating": 1.0}, {"asin": "B000QJ57TE", "name": "Intel DP35DP Media Series P35 ATX DDR2 800 PCIe x161333MHz FSB LGA775 Desktop Board - Retail", "imUrl": "http://ecx.images-amazon.com/images/I/51c0VnPezLL._SY300_.jpg", "price": 64.49, "numReviews": 26, "groups": [64], "averageRating": 4.076923076923077}, {"asin": "B004CRJVX4", "name": "Asus KCMA-D8 Dual Socket C32/ AMD SR5670/ DDR3/V&2GbE/ ATX Server Motherboard  AMD - AM3+ Motherboards", "imUrl": "http://ecx.images-amazon.com/images/I/61Nlel7cxBL._SY300_.jpg", "price": 278.95, "numReviews": 6, "groups": [65], "averageRating": 4.333333333333333, "brand": "Asus"}, {"asin": "B009F1DTLM", "name": "ASUS AMD A85X SATA 6.0 Gb-s 240-Pin DDR3 2400 Motherboards F2A85-M PRO", "imUrl": "http://ecx.images-amazon.com/images/I/51ZcnGQwi-L._SX300_.jpg", "price": 109.99, "numReviews": 26, "groups": [66], "averageRating": 4.576923076923077}, {"asin": "B007RIFKUS", "name": "ASUS SABERTOOTH Z77 LGA 1155 Intel Z77 HDMI SATA 6Gb/s USB 3.0 ATX Intel Motherboard", "imUrl": "http://ecx.images-amazon.com/images/I/513wfysRHEL._SX300_.jpg", "price": 7.92, "numReviews": 130, "groups": [67], "averageRating": 4.384615384615385}, {"asin": "B0053HD25K", "name": "ASUS P6X58-E Pro - LGA 1366 - X58 - SATA 6Gbps, USB 3.0, Bluetooth - ATX Intel X58 DDR3 2200 Motherboards", "imUrl": "http://ecx.images-amazon.com/images/I/51eY6zOgm1L._SX300_.jpg", "price": 7.81, "numReviews": 12, "groups": [68], "averageRating": 3.5833333333333335}, {"asin": "B0058SYF7I", "name": "Biostar TA75M+ DDR3 2000 USB3 SATA3 AMD FM1 A75 MATX Motherboard", "imUrl": "http://ecx.images-amazon.com/images/I/61X-tyuwvNL._SX300_.jpg", "price": 58.0, "numReviews": 1, "groups": [69], "averageRating": 5.0}, {"asin": "B00D94X4DO", "name": "Gigabyte GA-H87N-WIFI LGA 1150 Intel H87 HDMI SATA 6Gb/s USB 3.0 Mini ITX Intel Motherboard Mini", "imUrl": "http://ecx.images-amazon.com/images/I/51SkTmwW3bL._SX300_.jpg", "price": 120.81, "numReviews": 35, "groups": [70], "averageRating": 3.8285714285714287}, {"asin": "B008224900", "name": "Genuine Dell F4491 Main System Motherboard with Video for Dimension 4600 Systems Dell Part Numbers: N2828, E210882", "imUrl": "http://ecx.images-amazon.com/images/I/51O8FG9MZHL._SX300_.jpg", "price": 7.81, "numReviews": 4, "groups": [71], "averageRating": 5.0}, {"asin": "B0082JRLP8", "name": "MSI Socket AM3+/AMD 990FX/DDR3/CrossFireX/SATA3 and USB 3.0/A and GbE/ATX Motherboard 990FXA-GD65 V2", "imUrl": "http://ecx.images-amazon.com/images/I/41xBaxLIQUL._SX300_.jpg", "price": 142.43, "numReviews": 12, "groups": [72], "averageRating": 3.4166666666666665, "brand": "MSI"}, {"asin": "B001U3YJB2", "name": "Asus M2N68-AM SE2 Socket AM2+/ nVidia GeForce 7025/ DDR2-1066/ A&V&L/ MATX Motherboard", "imUrl": "http://ecx.images-amazon.com/images/I/51ZN25qldfL._SX300_.jpg", "price": 49.79, "numReviews": 5, "groups": [73], "averageRating": 3.8}, {"asin": "B004DLJEPO", "name": "ZOTAC Socket AM2+/GeForce 6100/DDR2/A&V&GbE/Mini ITX Motherboard GF6100-E-E", "imUrl": "http://ecx.images-amazon.com/images/I/51i15U3YdhL._SY300_.jpg", "price": 39.99, "numReviews": 4, "groups": [74], "averageRating": 3.0}, {"asin": "B005AI207S", "name": "ASRock MB-A75PR4M Socket FM1/ AMD A75 FCH/ AMD Quad CrossFireX/ SATA3&USB3.0/ A&GbE/ Micro ATX Motherboard", "imUrl": "http://ecx.images-amazon.com/images/I/51XkCQuNpKL._SY300_.jpg", "price": 94.17, "numReviews": 2, "groups": [75], "averageRating": 3.0}, {"asin": "B0012PT2OW", "name": "ASUS P5N-D LGA775 Nvidia 750i DDR2-800 ATX Motherboard", "imUrl": "http://ecx.images-amazon.com/images/I/614%2BHh1rtFL._SX300_.jpg", "price": 64.49, "numReviews": 28, "groups": [76], "averageRating": 4.25}, {"asin": "B0036RFDJC", "name": "DG41CN Desktop Board - Intel Chipset", "imUrl": "http://ecx.images-amazon.com/images/I/61KZPl1AflL._SX300_.jpg", "price": 7.92, "numReviews": 2, "groups": [77], "averageRating": 5.0}, {"asin": "B004UR2J1W", "name": "ZOTAC Turion II Neo K625 AMD M880G SATA3&USB3.0 WiFi A&V&GbE Mini ITX Motherboard - M880GITX-A-E", "imUrl": "http://ecx.images-amazon.com/images/I/51%2ByuZNhcsL._SY300_.jpg", "price": 89.99, "numReviews": 1, "groups": [78], "averageRating": 4.0}, {"asin": "B000E85NWI", "name": "Intel Desktop Board BOXD975XBXLKR ATX Motherboard with Intel 975X (Socket 775)", "imUrl": "http://ecx.images-amazon.com/images/I/4112C1VX9SL._SX300_.jpg", "price": 398.95, "numReviews": 10, "groups": [79], "averageRating": 3.8}, {"asin": "B003A7OT0M", "name": "ASUS Socket 1156/Intel P55/SATA3&USB 3.0/A&GbE/ATX Motherboard s P7P55D-E LX", "imUrl": "http://ecx.images-amazon.com/images/I/51kqSi7O%2BlL._SY300_.jpg", "price": 149.0, "numReviews": 5, "groups": [80], "averageRating": 4.6}, {"asin": "B000O8C9RU", "name": "ASUS M2A-VM AM2 AMD 690G DDR2-1066 AMD X1250 IGP ATX Motherboard", "imUrl": "http://ecx.images-amazon.com/images/I/514b5Kqm-5L._SX300_.jpg", "price": 7.92, "numReviews": 10, "groups": [81], "averageRating": 4.0}, {"asin": "B004G60AI6", "name": "MSI LGA 775 Intel G41 1 PCIEx16/1 PCIEx1/1 PCI Micro-ATX Motherboard G41M-P28", "imUrl": "http://ecx.images-amazon.com/images/I/41CsFQc6hBL._SX300_.jpg", "price": 85.54, "numReviews": 4, "groups": [82], "averageRating": 4.25}, {"asin": "B00906DHLE", "name": "ASUS Crosshair V Formula-Z AM3+ AMD 990FX SATA 6Gb/s USB 3.0 ATX AMD Motherboard", "imUrl": "http://ecx.images-amazon.com/images/I/41tn0wUe56L._SX300_.jpg", "price": 235.41, "numReviews": 115, "groups": [83], "averageRating": 4.434782608695652}, {"asin": "B0050K3KO8", "name": "Biostar G41D3C Core 2 Quad Intel G41 DDR3 A&V&L MATX Motherboard", "imUrl": "http://ecx.images-amazon.com/images/I/51MUdXA2tOL.jpg", "price": 84.99, "numReviews": 13, "groups": [84], "averageRating": 3.769230769230769}, {"asin": "B007NP5QSQ", "name": "ASRock LGA1155/DDR3/SATA3 USB 3.0/Quad CrossFireX and Quad SLI/A&2GbE/ATX Motherboard Z77 PROFESSIONAL", "imUrl": "http://ecx.images-amazon.com/images/I/51%2BpE7Gj2nL._SX300_.jpg", "price": 229.99, "numReviews": 6, "groups": [85], "averageRating": 4.5}, {"asin": "B00FJR0DD8", "name": "Ecs A740gm-m V8.0 Amd Am2+ Am3 Ddr2 Sata2 Micro Atx Desktop Motherboard", "imUrl": "http://ecx.images-amazon.com/images/I/51YE%2BSMblXL._SX300_.jpg", "price": 49.79, "numReviews": 2, "groups": [86], "averageRating": 5.0}, {"asin": "B0047O2AL2", "name": "Zotac GeForce 6100 Micro-ATX AMD Motherboard GF6100-F-E", "imUrl": "http://ecx.images-amazon.com/images/I/51UrWAuNAQL._SX300_.jpg", "price": 49.79, "numReviews": 1, "groups": [87], "averageRating": 5.0}, {"asin": "B004INXLKQ", "name": "Foxconn MB-A88GMV Socket AM3/ AMD 880G/ DDR3/ A&V&GbE/ MATX Motherboard", "imUrl": "http://ecx.images-amazon.com/images/I/41QR0hk6kKL._SX300_.jpg", "price": 20.64, "numReviews": 9, "groups": [88], "averageRating": 3.888888888888889}, {"asin": "B008KW62WA", "name": "MSI Z77A-G41 PCi Express GEN3 Click Blos II Military Class Mainboard.", "imUrl": "http://ecx.images-amazon.com/images/I/515yoSPkmKL._SY300_.jpg", "price": 144.56, "numReviews": 28, "groups": [89], "averageRating": 4.357142857142857}, {"asin": "B008LG7CHE", "name": "ASUS P8H61-M LX PLUS R2.0 LGA 1155 Intel H61 Micro ATX Intel Motherboard", "imUrl": "http://ecx.images-amazon.com/images/I/61lr5dFVwYL._SX300_.jpg", "price": 61.0, "numReviews": 2, "groups": [90], "averageRating": 4.5}, {"asin": "B000RH3W88", "name": "Intel BOXD201GLYL SiS662 DDR2 533 VGA LAN PCI PATA DIMM Audio Mini ITX Retail Motherboard", "imUrl": "http://ecx.images-amazon.com/images/I/61BzRSsbJaL._SY300_.jpg", "price": 39.99, "numReviews": 2, "groups": [91], "averageRating": 4.5}, {"asin": "B00863R2MM", "name": "MSI Computer Corporation LGA 1155 Intel Z77 SATA 6 Gb/s USB 3.0 3 PCI-E x16 3.0 ATX Motherboard Z77A-GD80", "imUrl": "http://ecx.images-amazon.com/images/I/41sB-pO8R8L._SX300_.jpg", "price": 7.81, "numReviews": 3, "groups": [92], "averageRating": 4.666666666666667}, {"asin": "B0086T7C62", "name": "ASROCK LGA1155/Intel Z77/DDR3/Quad CrossFireX and Quad SLI/SATA3 and USB 3.0/A&V&GbE/ATX Motherboard Z77 EXTREME9", "imUrl": "http://ecx.images-amazon.com/images/I/61DQW58DO7L._SX300_.jpg", "price": 329.99, "numReviews": 5, "groups": [93], "averageRating": 4.2}, {"asin": "B0091153C4", "name": "ECS LGA1155/Intel H61/DDR3/SATA3 USB 3.0/A&GbE/ATX Motherboard H61H2-A2 DELUXE", "imUrl": "http://ecx.images-amazon.com/images/I/51aV-jf2DQL._SX300_.jpg", "price": 84.87, "numReviews": 1, "groups": [94], "averageRating": 3.0}, {"asin": "B00APZXYGM", "name": "Gigabyte LGA 1155 DDR3 1600 Intel Z77 HDMI SATA 6Gb/s USB 3.0 ATX Intel Motherboard with UEFI BIOS GA-Z77-HD3", "imUrl": "http://ecx.images-amazon.com/images/I/61uLfsbZDYL._SY300_.jpg", "price": 110.0, "numReviews": 7, "groups": [95], "averageRating": 4.142857142857143, "brand": "Gigabyte"}, {"asin": "B004498TDI", "name": "GIGABYTE GA-X58-USB3 LGA 1366 Intel X58 USB 3.0 ATX Intel Motherboard", "imUrl": "http://ecx.images-amazon.com/images/I/61NWUjgoGPL._SY300_.jpg", "price": 7.92, "numReviews": 3, "groups": [96], "averageRating": 3.6666666666666665}, {"asin": "B002I353IQ", "name": "Supermicro Intel X58  DDR3 800 LGA 1366 Motherboards X8STI-3F-O", "imUrl": "http://ecx.images-amazon.com/images/I/518xH9iWKqL.jpg", "price": 256.44, "numReviews": 1, "groups": [97], "averageRating": 3.0, "brand": "Supermicro"}, {"asin": "B00BJ6Y80W", "name": "TA970 Desktop Motherboard - AMD 970 Chipset - Socket AM3+", "imUrl": "http://ecx.images-amazon.com/images/I/4158Kcj7VjL._SY300_.jpg", "price": 70.5, "numReviews": 6, "groups": [98], "averageRating": 3.3333333333333335}, {"asin": "B00486MAI2", "name": "MSI 785GTM-E45 AMD Socket AM2+ Motherboard", "imUrl": "http://ecx.images-amazon.com/images/I/5158y7n41%2BL._SY300_.jpg", "price": 7.92, "numReviews": 3, "groups": [99], "averageRating": 5.0}, {"asin": "B005SEB336", "name": "MSI Computer Corp. 760GM-P23 (FX) AMD 760G + SB710 Micro ATX DDR3 1333 AMD - AM3+ Motherboard", "imUrl": "http://ecx.images-amazon.com/images/I/41imYJvfUSL._SX300_.jpg", "price": 49.9, "numReviews": 17, "groups": [100], "averageRating": 3.588235294117647, "brand": "MSI"}, {"asin": "B008RC5USK", "name": "Intel BLKD975XBX2KR LGA 775 Intel 975X ATX Intel Motherboard", "imUrl": "http://ecx.images-amazon.com/images/I/51HHdD3ZC8L._SX300_.jpg", "price": 99.0, "numReviews": 1, "groups": [101], "averageRating": 1.0}, {"asin": "B00IMNQA24", "name": "NARRA3-GL8E HP NARRA3-GL8E Desktop Motherboard 462798-001, M2N68-LA", "imUrl": "http://ecx.images-amazon.com/images/I/61RkR5SqYQL._SX300_.jpg", "price": 49.79, "numReviews": 1, "groups": [102], "averageRating": 1.0}, {"asin": "B007YC32I4", "name": "ASUS P8Z77-V LK - LGA1155 Intel Z77 Chipset ATX Motherboard DDR3 SATA 6Gb/s DisplayPort/HDMI/DVI USB3.0 8CH HD Audio Gigabit LAN PCIE3.0", "imUrl": "http://ecx.images-amazon.com/images/I/61WrycfqM8L._SX300_.jpg", "price": 156.02, "numReviews": 1, "groups": [103], "averageRating": 4.0}, {"asin": "B005FGQLO8", "name": "ASRock Gen3 LGA 1155 Intel Z68 DDR3 2133 LGA 1156 HDMI SATA 6Gb/s USB 3.0 ATX Intel Motherboard - Z68 EXTREME7 GEN3", "imUrl": "http://ecx.images-amazon.com/images/I/51nZvs2L9XL._SY300_.jpg", "price": 7.81, "numReviews": 6, "groups": [104], "averageRating": 4.166666666666667}, {"asin": "B004G600CC", "name": "MSI LGA 775 Intel G41 1 PCIEx16/1 PCIEx1/1 PCI Micro-ATX Motherboard G41M-P26", "imUrl": "http://ecx.images-amazon.com/images/I/61-0Qz0bjRL._SX300_.jpg", "price": 84.99, "numReviews": 3, "groups": [105], "averageRating": 3.6666666666666665}, {"asin": "B007C1I3MC", "name": "Biostar A55MLV Socket FM1/ AMD A55/ A&L/ MATX Motherboard", "imUrl": "http://ecx.images-amazon.com/images/I/517BAPWqQIL._SX300_.jpg", "price": 109.99, "numReviews": 3, "groups": [106], "averageRating": 4.666666666666667}, {"asin": "B005LU2Z2K", "name": "ASRock Socket AM3/AMD 785G/Hybrid CrossFireX/A&V&GbE/MATX Motherboard A785GM-LE", "imUrl": "http://ecx.images-amazon.com/images/I/61iOKIbNzCL._SX300_.jpg", "price": 79.34, "numReviews": 4, "groups": [107], "averageRating": 4.5}, {"asin": "B000JFHR5C", "name": "Intel D975XBX2KR Intel Core 2 Duo Ready Socket 775 ATX Motherboard", "imUrl": "http://ecx.images-amazon.com/images/I/51-Z0ab2%2BML._SY300_.jpg", "price": 7.92, "numReviews": 19, "groups": [108], "averageRating": 4.7368421052631575}, {"asin": "B002PHC99Q", "name": "Asrock Raid ATX Motherboard A785GXH/128M", "imUrl": "http://ecx.images-amazon.com/images/I/61K0-9yrAqL._SX300_.jpg", "price": 49.79, "numReviews": 2, "groups": [109], "averageRating": 4.5}, {"asin": "B00DU01JGG", "name": "Intel BOXDQ45EK LGA775/ Intel Q45/ DDR2/ A&V&GbE/ Mini-ITX Motherboard", "imUrl": "http://ecx.images-amazon.com/images/I/51mO5lG3C4L._SY300_.jpg", "price": 64.49, "numReviews": 2, "groups": [110], "averageRating": 5.0}, {"asin": "B00E0EXPDQ", "name": "ECS Elitegroup H61H2-I5 Motherboard (Mini ITX form factor, DDR3 1600, LGA 1155 socket)", "imUrl": "http://ecx.images-amazon.com/images/I/51av1Uga9BL._SX300_.jpg", "price": 42.99, "numReviews": 2, "groups": [111], "averageRating": 5.0}, {"asin": "B00JKCHDKY", "name": "Gigabyte GA-Z97X-UD5H LGA 1150 Z97 with Killer E2200 and Intel Gaming Networking SATA Express M.2 SSD ATX Motherboard", "imUrl": "http://ecx.images-amazon.com/images/I/6182ArUoYfL._SY300_.jpg", "price": 183.83, "numReviews": 6, "groups": [112], "averageRating": 4.833333333333333, "brand": "Gigabyte"}, {"asin": "B0019VAFEA", "name": "Intel DG33BU Intel G33 Socket 775 mATX w/Core 2 Quad Support", "imUrl": "http://ecx.images-amazon.com/images/I/51usU7K7PmL.jpg", "price": 90.41, "numReviews": 3, "groups": [113], "averageRating": 2.6666666666666665}, {"asin": "B00B98108I", "name": "ECS Elitegroup ATX DDR3 2133 AMD ? AM3+ Motherboard A970M-A DELUXE", "imUrl": "http://ecx.images-amazon.com/images/I/51kaRKyhbJL._SX300_.jpg", "price": 83.6, "numReviews": 5, "groups": [114], "averageRating": 3.2, "brand": "ECS Elitegroup"}, {"asin": "B00HUWNDE6", "name": "ASRock Fatal1ty FM2A88X+ Killer FM2+ / FM2 AMD A88X (Bolton D4) HDMI SATA 6Gb/s USB 3.0 ATX AMD Motherboard", "imUrl": "http://ecx.images-amazon.com/images/I/51gmPPcOfAL._SX300_.jpg", "price": 130.0, "numReviews": 1, "groups": [115], "averageRating": 5.0, "brand": "ASRock"}, {"asin": "B00792VUT2", "name": "ASUS CrossFireX Support AMD A55 FCH Micro ATX DDR3 2200 FM1 Motherboards F1A55-M LX PLUS", "imUrl": "http://ecx.images-amazon.com/images/I/5137LfG4uKL._SY300_.jpg", "price": 53.99, "numReviews": 3, "groups": [116], "averageRating": 3.6666666666666665}, {"asin": "B009LKNGB0", "name": "ECS Elitegroup Intel NM10 Mini ITX DDR3 1066 BGA 559 Motherboards CDC-I/D2500", "imUrl": "http://ecx.images-amazon.com/images/I/51zLTcEvA5L._SX300_.jpg", "price": 62.99, "numReviews": 1, "groups": [117], "averageRating": 3.0}, {"asin": "B000RAGPI4", "name": "BLKDG33TLM Intel DG33TL Desktop Motherboard BLKDG33TLM", "imUrl": "http://ecx.images-amazon.com/images/I/51ouOZuICmL._SY300_.jpg", "price": 400.0, "numReviews": 1, "groups": [118], "averageRating": 5.0}, {"asin": "B0009GVWBG", "name": "Intel D945GCZLR 1066/800/533 Fsb DDR2 533 Raid 10/100 Lom GMA950 Pcie Micro Btx Motherboard", "imUrl": "http://ecx.images-amazon.com/images/I/31C56ASE3DL.jpg", "price": 35.0, "numReviews": 4, "groups": [119], "averageRating": 4.25}, {"asin": "B004S9OGK4", "name": "MSI Socket AM3/AMD 880G/DDR3/A&GbE/ATX Motherboard 880G-E45", "imUrl": "http://ecx.images-amazon.com/images/I/41qpC-URm0L._SX300_.jpg", "price": 58.0, "numReviews": 3, "groups": [120], "averageRating": 3.3333333333333335}, {"asin": "B000GS2QX0", "name": "Atx - Intel P965 Express - LGA775 Socket - UDMA133, Serial ATA-300 - Gigabit Eth", "imUrl": "http://ecx.images-amazon.com/images/I/41HJSEobY0L._SX300_.jpg", "price": 13.0, "numReviews": 30, "groups": [121], "averageRating": 4.466666666666667}, {"asin": "B000KGYP1E", "name": "Asus P5N32-E SLI AiLifestyle Series Motherboard", "imUrl": "http://ecx.images-amazon.com/images/I/51XteoXq5uL._SY300_.jpg", "price": 82.99, "numReviews": 3, "groups": [122], "averageRating": 3.6666666666666665}, {"asin": "B001FRR66I", "name": "Asrock A780fullhd Am3/am2+ Mother Board; AMD 780g/sb700; 4xddr2 1066/800/667; 1xpcie X16, 1xpcie X1, 2xpci; Vid, 6 Ch, Gbe, 6xsata2 Raid; 10xusb2.0", "imUrl": "http://ecx.images-amazon.com/images/I/31WXXRz5HaL.jpg", "price": 49.79, "numReviews": 2, "groups": [123], "averageRating": 5.0}, {"asin": "B00H7OHW8A", "name": "Gigabyte Intel H81 Mini ITX DDR3 1600 LGA 1150 Motherboard GA-H81N", "imUrl": "http://ecx.images-amazon.com/images/I/51GiQV1IFsL._SY300_.jpg", "price": 78.79, "numReviews": 4, "groups": [124], "averageRating": 4.5, "brand": "Gigabyte"}, {"asin": "B001BBTX64", "name": "Intel DG43NB Classic Series G43 ATX Intel Graphics DVI+VGA 1333MHz LGA775 Desktop Motherboard", "imUrl": "http://ecx.images-amazon.com/images/I/51AKOMLcBjL._SY300_.jpg", "price": 64.49, "numReviews": 1, "groups": [125], "averageRating": 4.0}, {"asin": "B004MF4IB6", "name": "GIGABYTE GA-M68MT-S2P AM3 NVIDIA GeForce 7025/nForce 630a chipset Micro ATX AMD Motherboard", "imUrl": "http://ecx.images-amazon.com/images/I/61cv5ePKNFL._SY300_.jpg", "price": 164.64, "numReviews": 8, "groups": [126], "averageRating": 4.5}, {"asin": "B009SOD5OM", "name": "Genuine Intel D945GCNL D97184-107 MicroATX mATX Desktop System Motherboard Logic Board Main Board Intel 945GC Chipset LGA775 DDR2 SDRAM Compatible Part Numbers: D945GCNL, D97184-107, BTNL846003AN", "imUrl": "http://ecx.images-amazon.com/images/I/41YoRqxu-bL._SX300_.jpg", "price": 64.49, "numReviews": 6, "groups": [127], "averageRating": 2.8333333333333335}, {"asin": "B001BN17ZM", "name": "Intel DQ45EK Executive Series Q45 Mini-ITX DDR2 800 vPro Intel Graphics 1333MHz FSB LGA775 Desktop Board - Retail", "imUrl": "http://ecx.images-amazon.com/images/I/31m4RvcKoSL.jpg", "price": 73.99, "numReviews": 32, "groups": [110], "averageRating": 4.0625, "brand": "Intel"}, {"asin": "B00J0P042U", "name": "Gigabyte Built-In Intel Celeron J1900 (2.0 GHz) Dual LAN Mini ITX DDR3 1333 NA Motherboard GA-J1900N-D3V", "imUrl": "http://ecx.images-amazon.com/images/I/61Ho%2Bh3VzyL._SY300_.jpg", "price": 93.43, "numReviews": 2, "groups": [128], "averageRating": 3.0, "brand": "Gigabyte"}, {"asin": "B009LHWEGG", "name": "ECS Elitegroup AM3+ AMD 760G Micro ATX AMD DDR3 1800 Motherboard A960M-M3", "imUrl": "http://ecx.images-amazon.com/images/I/51THMvRlS0L._SX300_.jpg", "price": 49.89, "numReviews": 8, "groups": [129], "averageRating": 3.875}, {"asin": "B0031M9QWC", "name": "Intel Socket 1156/Intel H55/DDR3/A&GbE/ATX Motherboard, Retail BOXDH55HC", "imUrl": "http://ecx.images-amazon.com/images/I/51V-B%2B%2BuvzL._SY300_.jpg", "price": 193.99, "numReviews": 13, "groups": [130], "averageRating": 4.230769230769231}, {"asin": "B0051W6PHE", "name": "ASRock LGA1155/ Intel P67/ DDR3/ SATA3&USB3.0/ A&GbE/ ATX Motherboard, FATAL1TY P67 PERFORMANCE", "imUrl": "http://ecx.images-amazon.com/images/I/51sH4sckFbL._SY300_.jpg", "price": 229.99, "numReviews": 2, "groups": [131], "averageRating": 3.5}, {"asin": "B00A2CQBKE", "name": "ASROCK LGA1155/Intel Z77/DDR3/Quad CrossFireX and Quad SLI EATX Motherboard Z77 Extreme11", "imUrl": "http://ecx.images-amazon.com/images/I/51TGZIg-xKL._SX300_.jpg", "price": 432.15, "numReviews": 2, "groups": [132], "averageRating": 4.5}, {"asin": "B004R9HFYY", "name": "Asus Motherboard P5G41T-M LX3Core 2 Quad Intel G41LGA775 DDR3 PCI Express Audio USB microATX Retail", "imUrl": "http://ecx.images-amazon.com/images/I/61J3SSsrEGL._SY300_.jpg", "price": 84.99, "numReviews": 5, "groups": [133], "averageRating": 4.8}, {"asin": "B00DMLZEQ4", "name": "Gigabyte Desktop AMD A45 Chipset Mini ITX DDR3 1600 NA Motherboard GA-E350N WIN8", "imUrl": "http://ecx.images-amazon.com/images/I/61OnnUlFgjL._SY300_.jpg", "price": 86.88, "numReviews": 11, "groups": [134], "averageRating": 4.545454545454546}, {"asin": "B005OJRGYA", "name": "Gigabyte G41MT-S2PT LGA 775 G41 Micro ATX Intel Motherboard DDR3 1333 Motherboard", "imUrl": "http://ecx.images-amazon.com/images/I/61OeThvlGcL._SX300_.jpg", "price": 79.0, "numReviews": 52, "groups": [2], "averageRating": 3.6923076923076925, "brand": "Gigabyte"}, {"asin": "B00DMLRW50", "name": "970a-G46 970+sb950 Am3 Max-32gb 4ddr3 Atx 2pcie16 2pci 6statiii", "imUrl": "http://ecx.images-amazon.com/images/I/41-wPI6gDkL._SY300_.jpg", "price": 99.83, "numReviews": 1, "groups": [135], "averageRating": 3.0}, {"asin": "B003FSTAVO", "name": "Zotac GeForce 6100 Mini ITX AMD Motherboard GF6100-E-E", "imUrl": "http://ecx.images-amazon.com/images/I/517XlPpbKtL._SX300_.jpg", "price": 60.79, "numReviews": 9, "groups": [136], "averageRating": 3.888888888888889}, {"asin": "B005ZANXRM", "name": "Intel Motherboard BOXDZ68ZV Z6", "imUrl": "http://ecx.images-amazon.com/images/I/41A7SjR2R6L._SY300_.jpg", "price": 153.95, "numReviews": 2, "groups": [137], "averageRating": 2.5, "brand": "Intel"}, {"asin": "B003H2AQG6", "name": "Asus Rampage III Extreme Socket 1366/ Intel X58/ 3-Way SLI & CrossFireX/ SATA3&USB3.0/ WiFi/ A&GbE Motherboard", "imUrl": "http://ecx.images-amazon.com/images/I/51qnwECvnWL._SY300_.jpg", "price": 7.92, "numReviews": 29, "groups": [138], "averageRating": 4.172413793103448}, {"asin": "B00D12OBEU", "name": "MSI Computer Corp. Motherboard ATX DDR3 1333 LGA 1150 Motherboards Z87-G45 GAMING", "imUrl": "http://ecx.images-amazon.com/images/I/51X0FrnHE6L._SX300_.jpg", "price": 150.23, "numReviews": 114, "groups": [139], "averageRating": 4.2631578947368425, "brand": "MSI"}, {"asin": "B008FSEBDG", "name": "ASUS Maximus V EXTREME LGA 1155 Intel Z77 HDMI SATA 6Gb/s USB 3.0 Extended ATX Intel Motherboard", "imUrl": "http://ecx.images-amazon.com/images/I/51dEzzigeVL._SX300_.jpg", "price": 7.92, "numReviews": 32, "groups": [140], "averageRating": 4.53125}, {"asin": "B00FU85LRY", "name": "Gigabyte LGA 1150 Intel H87 SO-DIMM Memory slots UEFI DualBIOS Mini ITX DDR3 1600 Motherboard (GA-H87TN)", "imUrl": "http://ecx.images-amazon.com/images/I/61iEOPtHFKL._SY300_.jpg", "price": 124.96, "numReviews": 1, "groups": [141], "averageRating": 5.0, "brand": "Gigabyte"}, {"asin": "B0058G670I", "name": "ASUS F1A75-M Pro -F1 Socket - A75 - SATA 6Gbps and USB 3.0 - mATX AMD (Hudson D3) Micro ATX DDR3 1800 AMD - FM1 Motherboards", "imUrl": "http://ecx.images-amazon.com/images/I/51GUDzt-u1L._SX300_.jpg", "price": 109.48, "numReviews": 8, "groups": [142], "averageRating": 4.375}, {"asin": "B00C99MXBE", "name": "Gigabyte LGA 1155 Intel H77 HDMI SATA 6Gb/s USB 3.0 Thin Mini-ITX Intel Motherboard GA-H77TN", "imUrl": "http://ecx.images-amazon.com/images/I/61ZqfswqmEL._SX300_.jpg", "price": 107.67, "numReviews": 1, "groups": [143], "averageRating": 4.0, "brand": "Gigabyte"}, {"asin": "B007QWI9K8", "name": "MSI Computer Corp. DDR3 1600 Intel LGA 1155 Motherboards (Z77A-G43)", "imUrl": "http://ecx.images-amazon.com/images/I/41QiE2ZUT2L._SX300_.jpg", "price": 229.99, "numReviews": 17, "groups": [144], "averageRating": 4.411764705882353}, {"asin": "B001HH2WE2", "name": "GIGABYTE GA-EP45-UD3P LGA 775 Intel P45 ATX Intel Motherboard", "imUrl": "http://ecx.images-amazon.com/images/I/61KM4qn-tzL._SX300_.jpg", "price": 84.99, "numReviews": 36, "groups": [145], "averageRating": 4.083333333333333}, {"asin": "B003TGRFFA", "name": "ASUS M4A88T-M Socket AM3 AMD 880G Hybrid CrossFireX HDMI A&V&GbE MATX Motherboard", "imUrl": "http://ecx.images-amazon.com/images/I/51%2BUAYS9jnL._SY300_.jpg", "price": 54.99, "numReviews": 5, "groups": [146], "averageRating": 4.0}, {"asin": "B0015NLJQ0", "name": "Intel Core2 Quad/LGA 775/Intel G35/FSB 1333/4DDR2-800/Intel GMA X3500/GbE/5.1-CH/VGA/1394 Micro ATX Motherboard", "imUrl": "http://ecx.images-amazon.com/images/I/41iJQeewQZL._SX300_.jpg", "price": 105.0, "numReviews": 10, "groups": [147], "averageRating": 4.0}, {"asin": "B003F8DKEM", "name": "Intel Core 2 Quad/Intel P43/DDR3/A&GbE/ATX Motherboard ,Retail BOXDP43BF", "imUrl": "http://ecx.images-amazon.com/images/I/41Suuy%2BssFL._SX300_.jpg", "price": 84.99, "numReviews": 28, "groups": [148], "averageRating": 3.9285714285714284}, {"asin": "B003L838IE", "name": "ASRock Socket AM3/AMD 870/Hybrid CrossFireX/SATA3&USB 3.0/A&GbE/ATX Motherboard 870 Extreme3", "imUrl": "http://ecx.images-amazon.com/images/I/61Q5B2d%2BZmL._SX300_.jpg", "price": 79.99, "numReviews": 11, "groups": [149], "averageRating": 4.0}, {"asin": "B00C0RCKY0", "name": "ASUS Sabertooth 990FX/GEN3 R2.0 DDR3 1800 AM3 Motherboards", "imUrl": "http://ecx.images-amazon.com/images/I/61nuhp3FCTL._SY300_.jpg", "price": 170.27, "numReviews": 22, "groups": [150], "averageRating": 3.8636363636363638}, {"asin": "B003ICWAVE", "name": "ASUS M4A88TD-V EVO/USB3 - AM3 - AMD 880G - DDR3 - USB 3.0 SATA 6 Gb/s - ATX Motherboard", "imUrl": "http://ecx.images-amazon.com/images/I/610Y77p3slL._SX300_.jpg", "price": 54.99, "numReviews": 28, "groups": [151], "averageRating": 4.25}, {"asin": "B005FE52X6", "name": "ASRock MB-Z68X4G3 LGA 1155 Intel Z68 HDMI SATA 6Gb/s USB 3.0 ATX Intel Motherboard", "imUrl": "http://ecx.images-amazon.com/images/I/51A17sBPcxL._SY300_.jpg", "price": 129.99, "numReviews": 22, "groups": [152], "averageRating": 3.6818181818181817}, {"asin": "B004RPS010", "name": "ASUS LGA1366 Xeon Intel X58 DDR3 1333 Quad CrossFireX and 3-Way SLI USB3.0 ATX Workstation Motherboard P6X58-E WS", "imUrl": "http://ecx.images-amazon.com/images/I/51EY2VbX1sL._SY300_.jpg", "price": 7.92, "numReviews": 6, "groups": [153], "averageRating": 4.0}, {"asin": "B005UDITT6", "name": "ASUS P8Z68-V/GEN3 LGA 1155 Intel Z68 HDMI SATA 6Gb/s USB 3.0 ATX Intel Motherboard", "imUrl": "http://ecx.images-amazon.com/images/I/51Ny0QpwDEL._SY300_.jpg", "price": 229.99, "numReviews": 41, "groups": [154], "averageRating": 4.2439024390243905}, {"asin": "B009JDTUCI", "name": "Biostar B75MU3B DDR3 1066, Intel B75 LGA 1155, USB 3.0, MicroATX Motherboard", "imUrl": "http://ecx.images-amazon.com/images/I/41xGTZMy8SL.jpg", "price": 54.99, "numReviews": 1, "groups": [155], "averageRating": 4.0, "brand": "Biostar"}, {"asin": "B000JXQJO4", "name": "Intel BLKDG965PZMKR Conroe LGA775 1066 800FSB DDR2 A/V Lan Raid SATA pBTX Motherboard", "imUrl": "http://ecx.images-amazon.com/images/I/51sa92%2BC0KL._SY300_.jpg", "price": 225.0, "numReviews": 3, "groups": [156], "averageRating": 3.6666666666666665}, {"asin": "B00A0HZNAU", "name": "ASUS DDR3 1600 AM3+ Motherboard M5A78L-M LX3", "imUrl": "http://ecx.images-amazon.com/images/I/51tMoKGFpVL._SY300_.jpg", "price": 54.98, "numReviews": 3, "groups": [157], "averageRating": 2.6666666666666665}, {"asin": "B001LNQS4W", "name": "Intel DG41TY Classic Series G41 micro-ATX Intel Graphics DVI+VGA 1333MHz LGA775 Desktop Motherboard", "imUrl": "http://ecx.images-amazon.com/images/I/21QNxiYqAaL.jpg", "price": 84.99, "numReviews": 17, "groups": [158], "averageRating": 3.3529411764705883}, {"asin": "B003N6TK90", "name": "Asus M4A89TD PRO/USB3 Socket AM3/ AMD 890FX/ SATA3&USB3.0/ CrossFireX/ A&GbE/ ATX Motherboard", "imUrl": "http://ecx.images-amazon.com/images/I/51gigsZ5MCL._SY300_.jpg", "price": 109.99, "numReviews": 5, "groups": [159], "averageRating": 4.6}, {"asin": "B002ZD6NBA", "name": "Intel Socket 1156/Intel H55/MATX Motherboard, Retail BOXDH55TC", "imUrl": "http://ecx.images-amazon.com/images/I/51lRyKcfD3L._SY300_.jpg", "price": 149.0, "numReviews": 12, "groups": [160], "averageRating": 4.25}, {"asin": "B007KTY4A6", "name": "AS Rock LGA1155 DDR3 SATA3 USB3.0 Quad CrossFireX and Quad SLI A GbE ATX Motherboard Z77 EXTREME4", "imUrl": "http://ecx.images-amazon.com/images/I/51dJBP9f9mL._SX300_.jpg", "price": 159.99, "numReviews": 155, "groups": [161], "averageRating": 4.251612903225807}, {"asin": "B007RUG8CA", "name": "Biostar Intel LGA1155 Z77 Chipset ATX 2600MHz DDR3 Memory Motherboard (TZ77A)", "imUrl": "http://ecx.images-amazon.com/images/I/61g1MFrBlaL._SX300_.jpg", "price": 78.71, "numReviews": 2, "groups": [162], "averageRating": 5.0, "brand": "Biostar"}, {"asin": "B003EUUMV0", "name": "Genuine Dell OptiPlex GX280 Motherboard Systemboard Mainboard For The Small Mini Tower (SMT) System, Compatible Dell Part Numbers: G5611, Y5638, U4100, H7276, FC928, U7915, K5146, KC361, XF961, XF954, X7967", "imUrl": "http://ecx.images-amazon.com/images/I/519BLX%2BUm6L._SY300_.jpg", "price": 13.3, "numReviews": 4, "groups": [163], "averageRating": 4.5}, {"asin": "B005A0B4AA", "name": "ASRock nVidia GeForce 7025 & nForce 630a Micro ATX DDR3 1600 AM3 Motherboard (N68-VS3 UCC)", "imUrl": "http://ecx.images-amazon.com/images/I/61-wiiWuJ7L._SX300_.jpg", "price": 54.99, "numReviews": 2, "groups": [164], "averageRating": 5.0}, {"asin": "B008B6ONXK", "name": "ASUS M5A99FX PRO R2.0 AM3+ AMD 990FX SATA 6Gb/s USB 3.0 ATX AMD Motherboard", "imUrl": "http://ecx.images-amazon.com/images/I/61p%2BAEcOwNL._SX300_.jpg", "price": 149.8, "numReviews": 148, "groups": [165], "averageRating": 4.4324324324324325}, {"asin": "B007RS70YW", "name": "AS Rock LGA1155 Intel Z77 Quad CrossFireX SATA3 USB3.0 A GbE MATX Motherboard Z77 PRO4-M", "imUrl": "http://ecx.images-amazon.com/images/I/51ZedB7JVvL._SY300_.jpg", "price": 229.99, "numReviews": 19, "groups": [166], "averageRating": 4.157894736842105}, {"asin": "B000VDDWY2", "name": "ASUS P5GC-MX LGA775 Intel 945GC DDR2-667 Intel GMA 950 IGP ATX Motherboard", "imUrl": "http://ecx.images-amazon.com/images/I/51fjD4W5vZL._SX300_.jpg", "price": 7.92, "numReviews": 5, "groups": [167], "averageRating": 4.4}, {"asin": "B007F54XVA", "name": "Intel Desktop Board DDR3 1066 BGA 413 Motherboards, BOXD2500HN", "imUrl": "http://ecx.images-amazon.com/images/I/61tMFKgSnHL._SY300_.jpg", "price": 84.95, "numReviews": 2, "groups": [168], "averageRating": 5.0}, {"asin": "B007VOLMJG", "name": "Foxconn Intel G31 DDR3 1066 Intel - LGA 1155 Motherboards D250S", "imUrl": "http://ecx.images-amazon.com/images/I/51nIRXMXEgL._SX300_.jpg", "price": 20.64, "numReviews": 4, "groups": [169], "averageRating": 3.25}, {"asin": "B001BP41XU", "name": "XFX MDA72P7509 nForce 750A GeForce 8200 Integrated Graphics with HDMI AMD Socket AM2+ DDR2 ATX Hybrid SLI Ready Motherboard", "imUrl": "http://ecx.images-amazon.com/images/I/31ptFqo5hmL.jpg", "price": 7.92, "numReviews": 8, "groups": [170], "averageRating": 3.25}, {"asin": "B003E6LQ82", "name": "Classic DG43RK Desktop Motherboard - Intel Chipset", "imUrl": "http://ecx.images-amazon.com/images/I/51ud5cp3mtL._SY300_.jpg", "price": 68.5, "numReviews": 8, "groups": [171], "averageRating": 4.125}, {"asin": "B001BN17XY", "name": "Intel DG45FC Media Series G45 Mini-ITX DDR2 800 Intel Graphics HDMI+DVI 1333MHz FSB LGA775 Desktop Board  - Retail", "imUrl": "http://ecx.images-amazon.com/images/I/31d36q7LaLL.jpg", "price": 65.0, "numReviews": 4, "groups": [172], "averageRating": 4.0}, {"asin": "B0044UHWM6", "name": "MSI LGA 775 Intel G41 1 PCIEx16/1 PCIEx1/1 PCI Micro-ATX Motherboard G41M-P23", "imUrl": "http://ecx.images-amazon.com/images/I/61tZf6CzKwL._SX300_.jpg", "price": 64.49, "numReviews": 3, "groups": [173], "averageRating": 5.0}, {"asin": "B005DOUIIC", "name": "Biostar AMD FM1 Socket - A75 Chipset - SATA 6 Gbps and USB 3.0 - DDR3 2000Mhz - MicroATX Motherboard (TA75M)", "imUrl": "http://ecx.images-amazon.com/images/I/61X-tyuwvNL._SX300_.jpg", "price": 93.99, "numReviews": 7, "groups": [174], "averageRating": 4.142857142857143}, {"asin": "B005X64M4G", "name": "GIGABYTE AM3+ NVIDIA GeForce 7025/nForce 630a Chipset DDR3 1600 Micro ATX AMD Motherboard GA-M68MT-S2", "imUrl": "http://ecx.images-amazon.com/images/I/61hDxLAmmAL._SX300_.jpg", "price": 54.99, "numReviews": 24, "groups": [175], "averageRating": 4.125}, {"asin": "B00GSQMTWM", "name": "Gigabyte Intel NM70 Dual-Core Celeron 1037U with Built-In Mini-ITX DDR3 1600 NA Motherboards GA-C1037UN", "imUrl": "http://ecx.images-amazon.com/images/I/61oyp49T-AL._SY300_.jpg", "price": 85.88, "numReviews": 10, "groups": [176], "averageRating": 4.8, "brand": "Gigabyte"}, {"asin": "B005G2U7AA", "name": "EVGA Z68 ATX DDR3 2133 Intel - LGA 1155 Motherboards 130-SB-E685-KR", "imUrl": "http://ecx.images-amazon.com/images/I/51jElSw3-vL._SY300_.jpg", "price": 29.99, "numReviews": 12, "groups": [177], "averageRating": 3.4166666666666665}, {"asin": "B009AG1NCY", "name": "ASRock 990FX EXTREME4 Socket AM3+/ AMD 990FX/ AMD Quad CrossFireX& nVidia Quad SLI/ SATA3&USB3.0/ A&GbE/ ATX Motherboard", "imUrl": "http://ecx.images-amazon.com/images/I/21SNei5wCUL.jpg", "price": 195.59, "numReviews": 1, "groups": [178], "averageRating": 5.0}, {"asin": "B00CRJUGTC", "name": "ASUS Maximus VI GENE DDR3 1600 Intel Z87 LGA 1150 Motherboard", "imUrl": "http://ecx.images-amazon.com/images/I/51fGSpX4eVL._SY300_.jpg", "price": 208.29, "numReviews": 28, "groups": [179], "averageRating": 4.607142857142857}, {"asin": "B00J2CCCJE", "name": "ASRock Motherboard Mini ITX DDR3 1066 Q1900B-ITX", "imUrl": "http://ecx.images-amazon.com/images/I/516NVAja%2BmL._SX300_.jpg", "price": 69.99, "numReviews": 3, "groups": [180], "averageRating": 4.333333333333333}, {"asin": "B00K23BYAU", "name": "MSI Mini ITX DDR3 2600 LGA 1150 Motherboards Z97I GAMING AC", "imUrl": "http://ecx.images-amazon.com/images/I/41sGDA%2By0ML._SX300_.jpg", "price": 191.98, "numReviews": 2, "groups": [181], "averageRating": 3.5, "brand": "MSI"}, {"asin": "B007SDKT2Q", "name": "ASUS P8B75-V LGA 1155 Intel B75 SATA 6Gb/s USB 3.0 ATX Intel Motherboard", "imUrl": "http://ecx.images-amazon.com/images/I/51GQiJFsoJL._SY300_.jpg", "price": 145.98, "numReviews": 8, "groups": [182], "averageRating": 4.375}, {"asin": "B007VOLMIM", "name": "Foxconn Intel G31 DDR3 800 Intel - LGA 1155 Motherboards D270S", "imUrl": "http://ecx.images-amazon.com/images/I/51pYI%2Bp9zGL._SX300_.jpg", "price": 28.5, "numReviews": 2, "groups": [183], "averageRating": 4.0}, {"asin": "B003CH8BEK", "name": "ASRock Core 2 Quad/ Intel G41/ DDR2/ A&V&L/ MATX Motherboard G41M-VS2", "imUrl": "http://ecx.images-amazon.com/images/I/51twOE5PtlL._SY300_.jpg", "price": 64.49, "numReviews": 1, "groups": [184], "averageRating": 1.0}, {"asin": "B0057TG69S", "name": "GIGABYTE GA-A75-UD4H FM1 AMD A75 (Hudson D3) HDMI SATA 6Gb/s USB 3.0 ATX AMD Motherboard", "imUrl": "http://ecx.images-amazon.com/images/I/61NLivRLSrL._SX300_.jpg", "price": 109.48, "numReviews": 8, "groups": [185], "averageRating": 3.5}, {"asin": "B001BN3548", "name": "Intel DP45SG Extreme Series P45 ATX DDR3 1333 2xPCIe 2.0x16 3xPCI 1333MHz FSB LGA775 Desktop Board - Retail", "imUrl": "http://ecx.images-amazon.com/images/I/515G6ttodxL._SY300_.jpg", "price": 84.99, "numReviews": 43, "groups": [186], "averageRating": 3.6744186046511627}, {"asin": "B005ZEWJKU", "name": "EVGA nVidia nForce 790i 3 Way Ultra SLI LGA 775 Intel Motherboard", "imUrl": "http://ecx.images-amazon.com/images/I/51xLa9gVQ8L._SX300_.jpg", "price": 7.92, "numReviews": 1, "groups": [187], "averageRating": 4.0}, {"asin": "B004MF4IAW", "name": "GIGABYTE GA-G41MT-S2P LGA 775 Intel G41 Micro ATX DDR3 1333 Desktop Motherboard", "imUrl": "http://ecx.images-amazon.com/images/I/610i3Fv1nyL._SY300_.jpg", "price": 84.99, "numReviews": 7, "groups": [188], "averageRating": 4.857142857142857}, {"asin": "B001V9KQPI", "name": "MSI 790FX-GD70 Socket AM3--140 Watt CPU--AMD 790FX CrossFire--4DDR3-2133(OC)--ATI Quad/Triple CrossFireX--ATX Motherboard", "imUrl": "http://ecx.images-amazon.com/images/I/61ChAhu0FIL._SY300_.jpg", "price": 79.99, "numReviews": 19, "groups": [189], "averageRating": 4.578947368421052}, {"asin": "B00D1A8094", "name": "Gigabyte Intel NM70 Chipset HDMI SATA 6Gbps Mini ITX DDR3 1600 Intel Motherboards GA-C1007UN-D", "imUrl": "http://ecx.images-amazon.com/images/I/61dKL6EP7kL._SY300_.jpg", "price": 96.0, "numReviews": 12, "groups": [176], "averageRating": 4.916666666666667, "brand": "Gigabyte"}, {"asin": "B00BFNF0NI", "name": "Biostar DDR3 800 Socket P Motherboard COMBOA7L3C", "imUrl": "http://ecx.images-amazon.com/images/I/61v4P8gBsrL._SY300_.jpg", "price": 80.87, "numReviews": 2, "groups": [190], "averageRating": 3.0, "brand": "Biostar"}, {"asin": "B000PYFFIS", "name": "Intel BOXDG33BUC Classic Series G33 uATX DDR2 800 Intel Graphics PCI-Express X16 1333MHz FSB LGA775 Desktop Board - Retail", "imUrl": "http://ecx.images-amazon.com/images/I/51AAZqlidHL._SY300_.jpg", "price": 7.92, "numReviews": 7, "groups": [191], "averageRating": 4.714285714285714}, {"asin": "B0058GXUGM", "name": "Gigabyte A75-D3H AMD Socket FM1 for AMD Llano CPU, HDMI, Dual Graphic, ATX Motherboard", "imUrl": "http://ecx.images-amazon.com/images/I/61JMz6GdS0L._SY300_.jpg", "price": 71.7, "numReviews": 7, "groups": [192], "averageRating": 3.7142857142857144, "brand": "Gigabyte"}, {"asin": "B0013VJA7Y", "name": "ASRock K8Upgrade-NF3 NVIDIA nForce3-250 S754 ATX Motherboard with LAN", "imUrl": "http://ecx.images-amazon.com/images/I/51b5-0kqlLL.jpg", "price": 49.79, "numReviews": 2, "groups": [193], "averageRating": 4.0}, {"asin": "B009VCJYJ6", "name": "Biostar Socket AM3/AMD 760G/DDR3 MicroATX Motherboard A780L3C", "imUrl": "http://ecx.images-amazon.com/images/I/61x1Z08pHGL._SX300_.jpg", "price": 38.77, "numReviews": 6, "groups": [194], "averageRating": 3.6666666666666665, "brand": "Biostar"}, {"asin": "B002N58BWY", "name": "MSI Socket AM3/GeForce 6150SE/DDR3/A&V&GbE/MATX Motherboard GF615M-P33", "imUrl": "http://ecx.images-amazon.com/images/I/51UCI9Sgh%2BL._SY300_.jpg", "price": 89.99, "numReviews": 4, "groups": [195], "averageRating": 4.25}, {"asin": "B0046HP4ZE", "name": "ASUS Socket AM3/AMD 760G/A&V&GbE/Micro ATX Motherboard s M4A78LT-M", "imUrl": "http://ecx.images-amazon.com/images/I/615IwsItACL._SX300_.jpg", "price": 49.89, "numReviews": 15, "groups": [196], "averageRating": 3.8666666666666667}, {"asin": "B007RIFKS0", "name": "ASUS P8Z77-M LGA 1155 Intel Z77 HDMI SATA 6Gb/s USB 3.0 Micro ATX Intel Motherboard", "imUrl": "http://ecx.images-amazon.com/images/I/51mJqsuRUGL._SX300_.jpg", "price": 229.99, "numReviews": 29, "groups": [197], "averageRating": 4.586206896551724}, {"asin": "B000WVXOP0", "name": "ASUS P5E-VM DO LGA775 Intel Q35 DDR2-1066 Intel GMA X3100 IGP mATX Motherboard", "imUrl": "http://ecx.images-amazon.com/images/I/61wzVWAgwyL._SY300_.jpg", "price": 7.92, "numReviews": 1, "groups": [198], "averageRating": 5.0}, {"asin": "B004HE3WIM", "name": "This is a Genuine Dell Optiplex 745 Desktop DT Motherboard Intel Q965 (ICH8) Express Chipset Dell Compatible Part Numbers: HP962, KW628, PT395, RF705, MM599, WW034,YJ137, NW444, NX183, KW628", "imUrl": "http://ecx.images-amazon.com/images/I/61c%2BOTMJ5ML._SY300_.jpg", "price": 7.92, "numReviews": 2, "groups": [199], "averageRating": 5.0}, {"asin": "B00AUH3BRW", "name": "Gigabyte Intel Celeron 847 1.1 GHz Intel NM70 Mini ITX DDR3 1333 Motherboard/CPU/VGA Combo GA-C847N-D", "imUrl": "http://ecx.images-amazon.com/images/I/51XxGYQ9PdL._SX300_.jpg", "price": 104.82, "numReviews": 11, "groups": [200], "averageRating": 4.2727272727272725, "brand": "Gigabyte"}, {"asin": "B00CX8BLO6", "name": "ASUS M5A99FX Pro R2.0 Socket AM3+ Motherboa Bundle", "imUrl": "http://ecx.images-amazon.com/images/I/41XRKIK3mcL.jpg", "price": 149.99, "numReviews": 1, "groups": [201], "averageRating": 5.0}, {"asin": "B001CX4EQ0", "name": "Asus M3A78-CM Socket AM2+/ AMD 780V/ Hybrid CrossFireX/ DVI/ DisplayPort/ A&V&GbE/ MATX Motherboard", "imUrl": "http://ecx.images-amazon.com/images/I/61rCz3SXD9L._SY300_.jpg", "price": 7.92, "numReviews": 4, "groups": [202], "averageRating": 5.0}, {"asin": "B003DVZZLM", "name": "Asus M4N75TD Socket AM3/ nForce 750a SLI/ Hybird SLI/ A&GbE/ ATX Motherboard", "imUrl": "http://ecx.images-amazon.com/images/I/51pgnCJUbDL._SX300_.jpg", "price": 179.99, "numReviews": 5, "groups": [203], "averageRating": 4.8}, {"asin": "B004P3X4V0", "name": "MSI P67A-GD55 (B3) LGA1155 Intel P67 B3 DDR3 SATA3 and USB 3.0 A&GbE ATX Motherboard", "imUrl": "http://ecx.images-amazon.com/images/I/51-r37ngdJL._SX300_.jpg", "price": 7.92, "numReviews": 12, "groups": [204], "averageRating": 3.6666666666666665}, {"asin": "B007S9PF92", "name": "Intel Desktop Motherboard LGA1155 DDR3 1600 mini-ITX - BOXDH77DF", "imUrl": "http://ecx.images-amazon.com/images/I/51rgoBUJn9L._SX300_.jpg", "price": 74.49, "numReviews": 26, "groups": [205], "averageRating": 4.346153846153846}, {"asin": "B007SSH3J8", "name": "Intel Desktop Motherboard LGA1155 DDR3 1600 ATX - BOXDH77KC", "imUrl": "http://ecx.images-amazon.com/images/I/51rhTydYBOL._SY300_.jpg", "price": 199.99, "numReviews": 40, "groups": [206], "averageRating": 4.35, "brand": "Intel"}, {"asin": "B00BGTRNXQ", "name": "MSI Computer Corp. LGA1155 Intel H61 DDR3 A&GbE MicroATX Motherboard H61M-P32 (W8)", "imUrl": "http://ecx.images-amazon.com/images/I/61pAOYzExtL._SX300_.jpg", "price": 57.35, "numReviews": 2, "groups": [207], "averageRating": 5.0, "brand": "MSI"}, {"asin": "B00JKCHDC2", "name": "GigabyteGA-Z97X-UD3H LGA 1150 Z97 Ultral Durable UEFI DualBIOS ATX Motherboard", "imUrl": "http://ecx.images-amazon.com/images/I/610vog0KTBL._SY300_.jpg", "price": 149.67, "numReviews": 7, "groups": [208], "averageRating": 3.857142857142857, "brand": "Gigabyte"}, {"asin": "B008ANIJSY", "name": "Gigabyte GA-G41MT-S2PT - LGA775 Intel G41 Chipset Micro ATX Motherboard DDR3 SATA 3Gb/s 7.1CH HD Audio VGA", "imUrl": "http://ecx.images-amazon.com/images/I/610OZ1qExIL._SY300_.jpg", "price": 99.99, "numReviews": 3, "groups": [209], "averageRating": 5.0, "brand": "Gigabyte"}, {"asin": "B008NA1K0S", "name": "ASUS P8H61-M LE/CSM R2.0 LGA 1155 Intel H61 Micro ATX Intel Motherboard", "imUrl": "http://ecx.images-amazon.com/images/I/61XPlNk8NnL._SX300_.jpg", "price": 64.52, "numReviews": 10, "groups": [210], "averageRating": 3.6}, {"asin": "B0090KIJFO", "name": "ASRock DDR3 2600 Intel LGA 1155 Motherboards Z77 OC FORMULA", "imUrl": "http://ecx.images-amazon.com/images/I/51e4qyKjfQL._SY300_.jpg", "price": 99.95, "numReviews": 10, "groups": [211], "averageRating": 4.7}, {"asin": "B005POPQZA", "name": "ASRock 990FX EXTREME3 Socket AM3+/ AMD 990FX/ AMD Quad CrossFireX& nVidia Quad SLI/ SATA3&USB3.0/ A&GbE/ ATX Motherboard", "imUrl": "http://ecx.images-amazon.com/images/I/51%2BBMzy%2B5EL._SY300_.jpg", "price": 128.7, "numReviews": 21, "groups": [212], "averageRating": 3.9047619047619047, "brand": "ASRock"}, {"asin": "B007MKGF82", "name": "ASUS P8Z77-V LX LGA 1155 Intel Z77 HDMI SATA 6Gb/s USB 3.0 ATX Intel Motherboard", "imUrl": "http://ecx.images-amazon.com/images/I/51kFdccAN%2BL._SX300_.jpg", "price": 153.21, "numReviews": 98, "groups": [213], "averageRating": 4.163265306122449}, {"asin": "B00863R1FA", "name": "ZOTAC Socket AM3/AMD 760G + SB710/SATA3/A/V/L/Micro-ATX Motherboard 760GMAT-A-E", "imUrl": "http://ecx.images-amazon.com/images/I/51vc7X-AamL._SY300_.jpg", "price": 54.99, "numReviews": 2, "groups": [214], "averageRating": 3.0}, {"asin": "B009F1DUAM", "name": "ASUS AMD A85X SATA 6.0 Gb-s 240-Pin DDR3 2400 Motherboards F2A85-V PRO", "imUrl": "http://ecx.images-amazon.com/images/I/61oTI7c408L._SY300_.jpg", "price": 167.1, "numReviews": 21, "groups": [215], "averageRating": 4.761904761904762}, {"asin": "B0009MW8DG", "name": "BLKD925XEBC2LK Intel D925XEBC2 Desktop Motherboard BLKD925XEBC2LK", "imUrl": "http://ecx.images-amazon.com/images/I/41tP1KElojL.jpg", "price": 63.05, "numReviews": 1, "groups": [216], "averageRating": 5.0}, {"asin": "B0031OD4OQ", "name": "ZOTAC LGA 775 NVIDIA GeForce 7050 Mini-ITX Motherboard NF610I-K-E", "imUrl": "http://ecx.images-amazon.com/images/I/510FSQquKJL._SY300_.jpg", "price": 65.0, "numReviews": 8, "groups": [217], "averageRating": 3.375}, {"asin": "B00DGMUHI4", "name": "Asus P9X79-E WS Workstation Motherboard - Intel X79 Express Chipset - Socket R LGA-2011 X79 LGA2011 E5-1600 E-2600 8X DIMM 7X PCIE3.0 DUAL INTEL I210 SSI CEB - 1 x Processor Support - 64 GB DDR3 SDRAM Maximum RAM - SLI, CrossFireX Support - Serial ATA/300, Serial ATA/600 RAID Supported Controller - 7 x PCIe x16 Slot - 2 x USB 3.0 Port", "imUrl": "http://ecx.images-amazon.com/images/I/51TZHUnRhRL._SY300_.jpg", "price": 578.99, "numReviews": 2, "groups": [218], "averageRating": 2.5}, {"asin": "B00K2R6E0Q", "name": "Asus Z97I-PLUS Motherboard", "imUrl": "http://ecx.images-amazon.com/images/I/51NNTqoBmDL._SY300_.jpg", "price": 160.83, "numReviews": 4, "groups": [219], "averageRating": 5.0, "brand": "Asus"}, {"asin": "B004SQ0QGU", "name": "GIGABYTE GA-870A-USB3 AM3 AMD 870 SATA 6Gb/s USB 3.0 ATX AMD Motherboard", "imUrl": "http://ecx.images-amazon.com/images/I/6105xngtNOL._SY300_.jpg", "price": 127.0, "numReviews": 2, "groups": [220], "averageRating": 5.0}, {"asin": "B008ANROMG", "name": "MSI 970A-G46 - Socket AM3 AMD 970 Chipset ATX Motherboard SLI CrossFireX SATA 6Gb/s USB 3.0 Port 8CH Aduio", "imUrl": "http://ecx.images-amazon.com/images/I/419hHJg4vJL._SY300_.jpg", "price": 117.57, "numReviews": 2, "groups": [221], "averageRating": 3.0, "brand": "MSI"}, {"asin": "B003BAH6TE", "name": "Asus M4N98TD Socket AM3/ nForce 980a SLI/ A&GbE/ ATX Motherboard", "imUrl": "http://ecx.images-amazon.com/images/I/515RqHY17ZL._SY300_.jpg", "price": 79.99, "numReviews": 7, "groups": [222], "averageRating": 4.285714285714286}, {"asin": "B002OI5Z24", "name": "Supermicro C2G41 Motherboard, Intel Core 2, Quad and Duo Pentium Dual-core, Celeron Dual-core Processors In Lg", "imUrl": "http://ecx.images-amazon.com/images/I/51HFIxjTWuL._SY300_.jpg", "price": 90.0, "numReviews": 1, "groups": [223], "averageRating": 5.0, "brand": "Supermicro"}, {"asin": "B003YMK8H6", "name": "ECS Elitegroup Intel G41 MicroATX DDR3 1333 LGA 775 Motherboards G41T-M7", "imUrl": "http://ecx.images-amazon.com/images/I/51etdbz%2BJ%2BL._SX300_.jpg", "price": 64.49, "numReviews": 4, "groups": [224], "averageRating": 4.0}, {"asin": "B004FDII1G", "name": "HP Pegatron M2N78-LA ASUS OEM Violet6-GL8E NVIDIA 9100 AM3 Motherboard", "imUrl": "http://ecx.images-amazon.com/images/I/51D6kmZboiL._SX300_.jpg", "price": 54.99, "numReviews": 8, "groups": [225], "averageRating": 1.5}, {"asin": "B007KTY4QU", "name": "AS Rock LGA1155 DDR3 SATA3 USB3.0 Quad CrossFireX and Quad SLI A GbE ATX Motherboard Z77 EXTREME6", "imUrl": "http://ecx.images-amazon.com/images/I/51svnbzTwAL._SX300_.jpg", "price": 168.99, "numReviews": 37, "groups": [226], "averageRating": 4.297297297297297}, {"asin": "B002ZV6YFC", "name": "MSI ATX Motherboard P43-C51", "imUrl": "http://ecx.images-amazon.com/images/I/5148o4%2BI%2B6L._SY300_.jpg", "price": 84.99, "numReviews": 3, "groups": [227], "averageRating": 2.3333333333333335}, {"asin": "B000WN4UDS", "name": "Intel DX38BT Extreme Series X38 ATX DDR3 1333 3xPCIe 2.0x16 1333MHz FSB LGA775 Desktop Board - Retail", "imUrl": "http://ecx.images-amazon.com/images/I/51p6zu7bm0L._SY300_.jpg", "price": 84.99, "numReviews": 5, "groups": [228], "averageRating": 3.8}, {"asin": "B001BN50DM", "name": "Intel DG45ID Media Series G45 micro-ATX Intel Graphics HDMI+DVI 1333MHz LGA775 Desktop Motherboard", "imUrl": "http://ecx.images-amazon.com/images/I/51a0xR8JjsL._SY300_.jpg", "price": 84.99, "numReviews": 17, "groups": [229], "averageRating": 3.764705882352941}, {"asin": "B005EQS7KA", "name": "Biostar VIA C7-D 1.8 GHz DDR3 CPU Combo VIA VX900 Micro ATX DDR3 1066 478 Motherboards (Viotech 3200+)", "imUrl": "http://ecx.images-amazon.com/images/I/61V0XeYsKGL._SX300_.jpg", "price": 20.64, "numReviews": 5, "groups": [230], "averageRating": 2.8}, {"asin": "B00A7J8BWI", "name": "ZOTAC Socket FM2/AMD A55/DDR3 Mini-ITX Motherboard A55ITX-B-E", "imUrl": "http://ecx.images-amazon.com/images/I/41Gt-QzdrAL._SX300_.jpg", "price": 58.0, "numReviews": 1, "groups": [231], "averageRating": 4.0}, {"asin": "B000YIIV4U", "name": "ASUS P5K PRO LGA 775 Intel P35 ATX Intel Motherboard", "imUrl": "http://ecx.images-amazon.com/images/I/31N02soJRsL.jpg", "price": 64.49, "numReviews": 3, "groups": [232], "averageRating": 4.333333333333333}, {"asin": "B00195GK90", "name": "Intel DG31GL Essential Series G31 Desktop Board, uATX, DDR2 800, Intel Graphics, 1066MHz FSB, LGA775, Retail Motherboard", "imUrl": "http://ecx.images-amazon.com/images/I/31j54CyRZXL.jpg", "price": 69.99, "numReviews": 4, "groups": [233], "averageRating": 4.25}, {"asin": "B00IYJS8U8", "name": "MSI Computer Corp. ATX DDR3 2400 Motherboards A88X-G45 GAMING", "imUrl": "http://ecx.images-amazon.com/images/I/51WFIPaRpEL._SX300_.jpg", "price": 131.58, "numReviews": 3, "groups": [234], "averageRating": 4.666666666666667, "brand": "MSI"}, {"asin": "B0054OWT0G", "name": "Gigabyte AMD 760G + SB710 Chipset DDR3 1333 AM3+ Micro ATX Motherboard (GA-78LMT-S2P)", "imUrl": "http://ecx.images-amazon.com/images/I/613CKJysVVL._SX300_.jpg", "price": 60.71, "numReviews": 65, "groups": [235], "averageRating": 4.030769230769231, "brand": "Gigabyte"}, {"asin": "B004QF0VDG", "name": "ASUS P8P67 DELUXE <REV 3.0> LGA 1155 SATA 6Gbps and USB 3.0 Supported Intel P67 DDR3 2400 ATX Motherboard", "imUrl": "http://ecx.images-amazon.com/images/I/51%2ByVEe35AL._SX300_.jpg", "price": 7.92, "numReviews": 34, "groups": [236], "averageRating": 3.0588235294117645}, {"asin": "B00BK7AI7M", "name": "ASUS M5A99FX Pro R2.0 Socket AM3+ Motherboa Bundle", "imUrl": "http://ecx.images-amazon.com/images/I/4150QsSfd%2BL.jpg", "price": 134.99, "numReviews": 1, "groups": [237], "averageRating": 1.0}, {"asin": "B0009G2FX0", "name": "Intel D945GCZL Classic Series Desktop Board with Intel 945G Express Chipset for LGA775 Intel Processors (MicroBTX)", "imUrl": "http://ecx.images-amazon.com/images/I/31E025AMCSL.jpg", "price": 13.0, "numReviews": 8, "groups": [238], "averageRating": 4.5}, {"asin": "B002ISSD9M", "name": "ASUS P5G41-M LE/CSM - LGA 775 - G41 - DDR2 - Corporate Stable Model - uATX Motherboard", "imUrl": "http://ecx.images-amazon.com/images/I/61Ul6f2wiaL._SY300_.jpg", "price": 84.99, "numReviews": 7, "groups": [239], "averageRating": 4.142857142857143}, {"asin": "B002YVBEYE", "name": "ASRock G41M-S3 Core 2 Quad/ Intel G41/ DDR3/ A&V&L/ MATX Motherboard", "imUrl": "http://ecx.images-amazon.com/images/I/61b8UAL38JL._SX300_.jpg", "price": 84.99, "numReviews": 5, "groups": [240], "averageRating": 4.2}, {"asin": "B007RIFKTY", "name": "Asus P8Z77-V LK Intel Z77 DDR3 LGA 1155 Motherboards", "imUrl": "http://ecx.images-amazon.com/images/I/51XovCPDOGL._SX300_.jpg", "price": 142.44, "numReviews": 93, "groups": [241], "averageRating": 3.924731182795699, "brand": "Asus"}, {"asin": "B008FHKPR8", "name": "MSI 990FXA-GD80 V2 -AM3 990FX SB950 Chipset DDR3 PCIE SATA 6Gb s ATX Motherboard", "imUrl": "http://ecx.images-amazon.com/images/I/51wAqRyuiqL._SY300_.jpg", "price": 214.91, "numReviews": 1, "groups": [242], "averageRating": 1.0}, {"asin": "B00CBFPZDO", "name": "MSI Computer Corp. DDR3 1066 Intel-LGA 1155 Motherboard Z77A-G45 GAMING", "imUrl": "http://ecx.images-amazon.com/images/I/51O6QRzhkKL._SX300_.jpg", "price": 58.0, "numReviews": 32, "groups": [243], "averageRating": 4.21875}, {"asin": "B003TLBUYW", "name": "Supermicro H8SGL-F Motherboard - Amd Magny Cours Single Socket with on-board Ipmi", "imUrl": "http://ecx.images-amazon.com/images/I/51vZAaWRWhL._SY300_.jpg", "price": 239.87, "numReviews": 2, "groups": [244], "averageRating": 5.0, "brand": "Supermicro"}, {"asin": "B006DY3ACM", "name": "Biostar Motherboard AMD 760G Micro ATX DDR3 1600 AM3 Motherboards A780L3B", "imUrl": "http://ecx.images-amazon.com/images/I/51ELe4Yea1L._SX300_.jpg", "price": 39.34, "numReviews": 6, "groups": [245], "averageRating": 1.8333333333333333}, {"asin": "B00A2VJIQE", "name": "MSI Computer Corp. DDR3 1066 FM2 Motherboard FM2-A75IA-E53", "imUrl": "http://ecx.images-amazon.com/images/I/41R6dsZu%2BQL._SX300_.jpg", "price": 92.99, "numReviews": 28, "groups": [246], "averageRating": 4.071428571428571}, {"asin": "B00B5LI1G8", "name": "ASRock Mini ITX DDR3 1600 FM2 Motherboard FM2A85X-ITX", "imUrl": "http://ecx.images-amazon.com/images/I/61b0kdfn9aL._SY300_.jpg", "price": 116.99, "numReviews": 2, "groups": [247], "averageRating": 1.0}, {"asin": "B001MUZHQ4", "name": "Asus P6T6 WS Revolution Core i7 / Intel X58/ DDR3/ CrossFireX & 3-Way SLI/ A&2GL/ ATX Motherboard", "imUrl": "http://ecx.images-amazon.com/images/I/51q%2Bke6-Z3L._SY300_.jpg", "price": 7.92, "numReviews": 4, "groups": [248], "averageRating": 3.0}, {"asin": "B005VULSXM", "name": "MSI 990XA-GD55 AM3+ DDR3 SATA 6Gb/s USB 3.0 ATX AMD Motherboard", "imUrl": "http://ecx.images-amazon.com/images/I/518plKW7DHL._SY300_.jpg", "price": 179.99, "numReviews": 13, "groups": [249], "averageRating": 4.0}, {"asin": "B00B1N07RQ", "name": "Gigabyte LGA 1155 DDR3 1333 Intel H61 HDMI Micro ATX Intel Motherboard with UEFI BIOS GA-H61M-HD2", "imUrl": "http://ecx.images-amazon.com/images/I/61T4yfPy4FL._SY300_.jpg", "price": 71.3, "numReviews": 7, "groups": [250], "averageRating": 4.714285714285714, "brand": "Gigabyte"}, {"asin": "B002OJVNRO", "name": "ASUS M4A785-M - AM3 - AMD785G - DDR2 - HDMI - uATX Motherboard", "imUrl": "http://ecx.images-amazon.com/images/I/51MRG9LVjdL._SY300_.jpg", "price": 54.99, "numReviews": 36, "groups": [251], "averageRating": 3.888888888888889}, {"asin": "B004FN1EGW", "name": "Zotac WIFI AMD 880G SB850 Chipset Mini-ITX Motherboard 880GITX-A-E", "imUrl": "http://ecx.images-amazon.com/images/I/51ifky4AHKL._SX300_.jpg", "price": 37.99, "numReviews": 2, "groups": [252], "averageRating": 4.5}, {"asin": "B004YVSAMQ", "name": "UATX - AMD 880G - SOCKET AM3 - DDR3 SDRAM - 16 GB - PCI EXPRESS X16", "imUrl": "http://ecx.images-amazon.com/images/I/61mszkh9R3L._SX300_.jpg", "price": 47.99, "numReviews": 1, "groups": [253], "averageRating": 4.0}, {"asin": "B007P709YI", "name": "ASRock LGA1155/Intel Z75/DDR3/Quad CrossFireX /CrossFireX/SATA3/USB3.0/A/GBE/ATX Motherboard Z75 PRO3", "imUrl": "http://ecx.images-amazon.com/images/I/510yvUvA99L._SY300_.jpg", "price": 94.99, "numReviews": 36, "groups": [254], "averageRating": 3.9722222222222223, "brand": "ASRock"}, {"asin": "B00981571O", "name": "Gigabyte AM3+ AMD DDR3 1333 760G Micro ATX Motherboard GA-78LMT-S2", "imUrl": "http://ecx.images-amazon.com/images/I/510O%2BCm5MuL._SX300_.jpg", "price": 43.75, "numReviews": 29, "groups": [255], "averageRating": 3.9310344827586206, "brand": "Gigabyte"}, {"asin": "B001P4ACDU", "name": "Asrock A780gm-le Socket Am3/am2+mother Board", "imUrl": "http://ecx.images-amazon.com/images/I/51ZM7M6EGtL._SY300_.jpg", "price": 49.79, "numReviews": 3, "groups": [256], "averageRating": 3.6666666666666665}, {"asin": "B003PBVKYG", "name": "Intel Classic Series Mini-ITX Desktop Motherboard Supporting Many Processors in LGA775 Socket DG41AN", "imUrl": "http://ecx.images-amazon.com/images/I/51IsS8XH6BL._SY300_.jpg", "price": 65.0, "numReviews": 4, "groups": [257], "averageRating": 3.5}, {"asin": "B001N3OV8K", "name": "XFX MB-750I-72P9 NVIDIA nForce 750i SLI Socket 775 ATX Motherboard w/Audio, eSATA, Gigabit LAN & RAID", "imUrl": "http://ecx.images-amazon.com/images/I/21tS8ccvumL.jpg", "price": 299.95, "numReviews": 14, "groups": [258], "averageRating": 3.142857142857143}, {"asin": "B004R9PCNK", "name": "ASRock P67 Pro3 B3 Intel P67 ATX DDR3 2133 Motherboard", "imUrl": "http://ecx.images-amazon.com/images/I/51i0L0F-MBL._SX300_.jpg", "price": 82.99, "numReviews": 4, "groups": [259], "averageRating": 4.5}, {"asin": "B00686I638", "name": "ASUS P9X79 WS LGA 2011 Intel X79 SATA 6Gb/s USB 3.0 SSI CEB Intel Motherboard", "imUrl": "http://ecx.images-amazon.com/images/I/517QwUtkt3L._SY300_.jpg", "price": 381.45, "numReviews": 17, "groups": [260], "averageRating": 4.117647058823529}, {"asin": "B008YDJHWM", "name": "ASUS SABERTOOTH 990FX R2.0 AM3+ AMD 990FX SATA 6Gb/s USB 3.0 ATX AMD Motherboard", "imUrl": "http://ecx.images-amazon.com/images/I/516wZiMbfrL._SX300_.jpg", "price": 189.56, "numReviews": 210, "groups": [261], "averageRating": 4.247619047619048}, {"asin": "B00CXIVEA2", "name": "ASUS MAXIMUS VI HERO DDR3 2800 LGA 1150 Motherboard  socket for 4th Generation Intel Core i7/ i5/ i3/ Pentium / Celeron Processors", "imUrl": "http://ecx.images-amazon.com/images/I/41hajC8pxDL._SY300_.jpg", "price": 198.99, "numReviews": 80, "groups": [262], "averageRating": 4.375}, {"asin": "B001RJO0CW", "name": "Intel Core2 Quad/LGA 775/Intel G41/FSB 1333/2DDR2-800/Intel GMA X4500/GbE/5.1-CH/VGA Micro ATX Motherboard", "imUrl": "http://ecx.images-amazon.com/images/I/517UTmrLjeL._SY300_.jpg", "price": 69.99, "numReviews": 9, "groups": [263], "averageRating": 4.555555555555555}, {"asin": "B005FGQLLG", "name": "ASRock 990FX PROFESSIONAL AMD 990FX & SB950 ATX DDR3 800 AMD - AM3+ Motherboard", "imUrl": "http://ecx.images-amazon.com/images/I/414JhrXewsL._SX300_.jpg", "price": 149.99, "numReviews": 11, "groups": [264], "averageRating": 4.454545454545454}, {"asin": "B000FS4OOU", "name": "Asus M2N32-SLI Deluxe/Wireless Edition (Socket AM2)", "imUrl": "http://ecx.images-amazon.com/images/I/41OvA8-tO9L._SX300_.jpg", "price": 7.81, "numReviews": 7, "groups": [265], "averageRating": 4.285714285714286}, {"asin": "B006MIM7LY", "name": "Dell Optiplex GX280 Small Mini Tower (SMT) Motherboard Mainboard Systemboard, Compatible Dell Part Numbers: G5611, Y5638, U4100, H7276, FC928, U7915, K5146, KC361, XF961, XF954, X7967, C5706", "imUrl": "http://ecx.images-amazon.com/images/I/51eCBmq6KuL._SX300_.jpg", "price": 7.92, "numReviews": 1, "groups": [266], "averageRating": 5.0}, {"asin": "B00A3658NU", "name": "Gigabyte DDR3 1600 Intel - LGA 1155 B75 HDMI and DVI mATX Motherboard GA-B75M-HD3", "imUrl": "http://ecx.images-amazon.com/images/I/51i5ebBRLKL._SX300_.jpg", "price": 74.97, "numReviews": 13, "groups": [267], "averageRating": 3.6153846153846154, "brand": "Gigabyte"}, {"asin": "B003964KK8", "name": "Asus M4A89GTD PRO/USB3 Socket AM3 AMD 890GX/SB850 6 SATA USB 3.0 ATX Motherboard", "imUrl": "http://ecx.images-amazon.com/images/I/51IW64UIxdL._SX300_.jpg", "price": 7.92, "numReviews": 58, "groups": [268], "averageRating": 3.7586206896551726}, {"asin": "B0041UEBC8", "name": "Asus M4A88T-I DELUXE Socket AM3/ AMD 880G/ USB3.0/ Hybrid CrossFireX/ A&V&GbE/ Mini-ITX Motherboard", "imUrl": "http://ecx.images-amazon.com/images/I/51buVD1A%2BaL._SY300_.jpg", "price": 22.17, "numReviews": 5, "groups": [269], "averageRating": 4.2}], "links": [{"source": 0, "target": 136, "right": true, "left": false, "value": 1}, {"source": 0, "target": 188, "right": true, "left": false, "value": 1}, {"source": 1, "target": 259, "right": false, "left": true, "value": 1}, {"source": 1, "target": 196, "right": false, "left": true, "value": 1}, {"source": 1, "target": 228, "right": false, "left": true, "value": 1}, {"source": 1, "target": 102, "right": false, "left": true, "value": 1}, {"source": 1, "target": 73, "right": false, "left": true, "value": 1}, {"source": 1, "target": 42, "right": false, "left": true, "value": 1}, {"source": 1, "target": 107, "right": false, "left": true, "value": 1}, {"source": 1, "target": 109, "right": false, "left": true, "value": 1}, {"source": 1, "target": 81, "right": false, "left": true, "value": 1}, {"source": 1, "target": 86, "right": false, "left": true, "value": 1}, {"source": 1, "target": 87, "right": false, "left": true, "value": 1}, {"source": 1, "target": 57, "right": false, "left": true, "value": 1}, {"source": 1, "target": 123, "right": false, "left": true, "value": 1}, {"source": 2, "target": 160, "right": false, "left": true, "value": 1}, {"source": 2, "target": 226, "right": false, "left": true, "value": 1}, {"source": 2, "target": 227, "right": false, "left": true, "value": 1}, {"source": 2, "target": 136, "right": true, "left": true, "value": 1}, {"source": 2, "target": 235, "right": false, "left": true, "value": 1}, {"source": 2, "target": 46, "right": false, "left": true, "value": 1}, {"source": 2, "target": 19, "right": false, "left": true, "value": 1}, {"source": 2, "target": 243, "right": false, "left": true, "value": 1}, {"source": 2, "target": 188, "right": false, "left": true, "value": 1}, {"source": 2, "target": 62, "right": false, "left": true, "value": 1}, {"source": 3, "target": 136, "right": true, "left": false, "value": 1}, {"source": 3, "target": 188, "right": true, "left": false, "value": 1}, {"source": 3, "target": 231, "right": false, "left": true, "value": 1}, {"source": 4, "target": 128, "right": true, "left": false, "value": 1}, {"source": 4, "target": 42, "right": true, "left": false, "value": 1}, {"source": 5, "target": 23, "right": true, "left": false, "value": 1}, {"source": 6, "target": 167, "right": true, "left": false, "value": 1}, {"source": 7, "target": 155, "right": true, "left": false, "value": 1}, {"source": 8, "target": 238, "right": true, "left": false, "value": 1}, {"source": 9, "target": 77, "right": false, "left": true, "value": 1}, {"source": 9, "target": 53, "right": false, "left": true, "value": 1}, {"source": 9, "target": 119, "right": false, "left": true, "value": 1}, {"source": 9, "target": 24, "right": false, "left": true, "value": 1}, {"source": 9, "target": 121, "right": true, "left": false, "value": 1}, {"source": 10, "target": 42, "right": true, "left": false, "value": 1}, {"source": 11, "target": 265, "right": true, "left": false, "value": 1}, {"source": 12, "target": 163, "right": true, "left": false, "value": 1}, {"source": 13, "target": 78, "right": true, "left": false, "value": 1}, {"source": 14, "target": 115, "right": false, "left": true, "value": 1}, {"source": 15, "target": 67, "right": true, "left": false, "value": 1}, {"source": 16, "target": 25, "right": true, "left": false, "value": 1}, {"source": 17, "target": 58, "right": true, "left": false, "value": 1}, {"source": 17, "target": 59, "right": false, "left": true, "value": 1}, {"source": 17, "target": 116, "right": false, "left": true, "value": 1}, {"source": 18, "target": 34, "right": true, "left": false, "value": 1}, {"source": 20, "target": 264, "right": true, "left": false, "value": 1}, {"source": 20, "target": 167, "right": true, "left": false, "value": 1}, {"source": 21, "target": 264, "right": true, "left": false, "value": 1}, {"source": 21, "target": 61, "right": false, "left": true, "value": 1}, {"source": 22, "target": 66, "right": true, "left": false, "value": 1}, {"source": 23, "target": 224, "right": false, "left": true, "value": 1}, {"source": 23, "target": 225, "right": false, "left": true, "value": 1}, {"source": 23, "target": 98, "right": false, "left": true, "value": 1}, {"source": 23, "target": 137, "right": false, "left": true, "value": 1}, {"source": 23, "target": 206, "right": false, "left": true, "value": 1}, {"source": 23, "target": 151, "right": false, "left": true, "value": 1}, {"source": 23, "target": 120, "right": false, "left": true, "value": 1}, {"source": 23, "target": 27, "right": false, "left": true, "value": 1}, {"source": 23, "target": 252, "right": false, "left": true, "value": 1}, {"source": 23, "target": 191, "right": false, "left": true, "value": 1}, {"source": 24, "target": 128, "right": true, "left": false, "value": 1}, {"source": 24, "target": 121, "right": true, "left": false, "value": 1}, {"source": 26, "target": 264, "right": true, "left": false, "value": 1}, {"source": 26, "target": 167, "right": true, "left": false, "value": 1}, {"source": 28, "target": 170, "right": false, "left": true, "value": 1}, {"source": 28, "target": 178, "right": true, "left": false, "value": 1}, {"source": 29, "target": 141, "right": true, "left": false, "value": 1}, {"source": 30, "target": 124, "right": false, "left": true, "value": 1}, {"source": 31, "target": 129, "right": true, "left": false, "value": 1}, {"source": 31, "target": 178, "right": true, "left": false, "value": 1}, {"source": 31, "target": 182, "right": true, "left": false, "value": 1}, {"source": 32, "target": 155, "right": true, "left": false, "value": 1}, {"source": 33, "target": 248, "right": false, "left": true, "value": 1}, {"source": 33, "target": 130, "right": false, "left": true, "value": 1}, {"source": 33, "target": 258, "right": false, "left": true, "value": 1}, {"source": 33, "target": 100, "right": false, "left": true, "value": 1}, {"source": 33, "target": 36, "right": false, "left": true, "value": 1}, {"source": 33, "target": 197, "right": false, "left": true, "value": 1}, {"source": 33, "target": 199, "right": false, "left": true, "value": 1}, {"source": 33, "target": 272, "right": false, "left": true, "value": 1}, {"source": 33, "target": 177, "right": false, "left": true, "value": 1}, {"source": 33, "target": 88, "right": false, "left": true, "value": 1}, {"source": 33, "target": 254, "right": false, "left": true, "value": 1}, {"source": 33, "target": 159, "right": false, "left": true, "value": 1}, {"source": 35, "target": 138, "right": false, "left": true, "value": 1}, {"source": 35, "target": 111, "right": false, "left": true, "value": 1}, {"source": 37, "target": 163, "right": true, "left": false, "value": 1}, {"source": 37, "target": 244, "right": true, "left": false, "value": 1}, {"source": 38, "target": 136, "right": true, "left": false, "value": 1}, {"source": 39, "target": 264, "right": true, "left": false, "value": 1}, {"source": 40, "target": 218, "right": true, "left": false, "value": 1}, {"source": 41, "target": 196, "right": false, "left": true, "value": 1}, {"source": 42, "target": 130, "right": false, "left": true, "value": 1}, {"source": 42, "target": 138, "right": false, "left": true, "value": 1}, {"source": 42, "target": 268, "right": false, "left": true, "value": 1}, {"source": 42, "target": 166, "right": false, "left": true, "value": 1}, {"source": 42, "target": 172, "right": false, "left": true, "value": 1}, {"source": 42, "target": 47, "right": false, "left": true, "value": 1}, {"source": 42, "target": 57, "right": false, "left": true, "value": 1}, {"source": 42, "target": 193, "right": false, "left": true, "value": 1}, {"source": 42, "target": 197, "right": false, "left": true, "value": 1}, {"source": 42, "target": 198, "right": false, "left": true, "value": 1}, {"source": 42, "target": 73, "right": false, "left": true, "value": 1}, {"source": 42, "target": 74, "right": false, "left": true, "value": 1}, {"source": 42, "target": 205, "right": false, "left": true, "value": 1}, {"source": 42, "target": 81, "right": false, "left": true, "value": 1}, {"source": 42, "target": 217, "right": false, "left": true, "value": 1}, {"source": 42, "target": 99, "right": false, "left": true, "value": 1}, {"source": 42, "target": 233, "right": false, "left": true, "value": 1}, {"source": 42, "target": 107, "right": false, "left": true, "value": 1}, {"source": 42, "target": 254, "right": false, "left": true, "value": 1}, {"source": 43, "target": 167, "right": true, "left": false, "value": 1}, {"source": 44, "target": 263, "right": true, "left": false, "value": 1}, {"source": 45, "target": 136, "right": true, "left": false, "value": 1}, {"source": 48, "target": 136, "right": true, "left": false, "value": 1}, {"source": 49, "target": 264, "right": true, "left": false, "value": 1}, {"source": 50, "target": 167, "right": true, "left": false, "value": 1}, {"source": 51, "target": 136, "right": true, "left": false, "value": 1}, {"source": 52, "target": 112, "right": true, "left": false, "value": 1}, {"source": 53, "target": 241, "right": false, "left": true, "value": 1}, {"source": 53, "target": 121, "right": true, "left": false, "value": 1}, {"source": 54, "target": 136, "right": true, "left": false, "value": 1}, {"source": 55, "target": 136, "right": true, "left": false, "value": 1}, {"source": 56, "target": 121, "right": true, "left": false, "value": 1}, {"source": 58, "target": 106, "right": false, "left": true, "value": 1}, {"source": 58, "target": 116, "right": false, "left": true, "value": 1}, {"source": 58, "target": 69, "right": false, "left": true, "value": 1}, {"source": 59, "target": 75, "right": true, "left": false, "value": 1}, {"source": 60, "target": 64, "right": true, "left": false, "value": 1}, {"source": 62, "target": 136, "right": true, "left": false, "value": 1}, {"source": 63, "target": 253, "right": true, "left": false, "value": 1}, {"source": 64, "target": 128, "right": false, "left": true, "value": 1}, {"source": 64, "target": 101, "right": false, "left": true, "value": 1}, {"source": 64, "target": 76, "right": false, "left": true, "value": 1}, {"source": 64, "target": 110, "right": false, "left": true, "value": 1}, {"source": 64, "target": 175, "right": false, "left": true, "value": 1}, {"source": 64, "target": 121, "right": false, "left": true, "value": 1}, {"source": 64, "target": 186, "right": false, "left": true, "value": 1}, {"source": 64, "target": 125, "right": false, "left": true, "value": 1}, {"source": 65, "target": 264, "right": true, "left": false, "value": 1}, {"source": 66, "target": 218, "right": false, "left": true, "value": 1}, {"source": 67, "target": 104, "right": false, "left": true, "value": 1}, {"source": 67, "target": 92, "right": false, "left": true, "value": 1}, {"source": 68, "target": 155, "right": true, "left": false, "value": 1}, {"source": 69, "target": 176, "right": false, "left": true, "value": 1}, {"source": 70, "target": 208, "right": false, "left": true, "value": 1}, {"source": 70, "target": 145, "right": false, "left": true, "value": 1}, {"source": 70, "target": 143, "right": false, "left": true, "value": 1}, {"source": 71, "target": 121, "right": true, "left": false, "value": 1}, {"source": 72, "target": 167, "right": true, "left": false, "value": 1}, {"source": 76, "target": 136, "right": true, "left": false, "value": 1}, {"source": 77, "target": 266, "right": true, "left": false, "value": 1}, {"source": 79, "target": 101, "right": true, "left": false, "value": 1}, {"source": 80, "target": 162, "right": true, "left": false, "value": 1}, {"source": 82, "target": 136, "right": true, "left": false, "value": 1}, {"source": 83, "target": 264, "right": true, "left": false, "value": 1}, {"source": 83, "target": 152, "right": false, "left": true, "value": 1}, {"source": 83, "target": 167, "right": true, "left": false, "value": 1}, {"source": 84, "target": 136, "right": true, "left": false, "value": 1}, {"source": 85, "target": 163, "right": true, "left": false, "value": 1}, {"source": 85, "target": 229, "right": true, "left": false, "value": 1}, {"source": 89, "target": 244, "right": true, "left": false, "value": 1}, {"source": 90, "target": 213, "right": true, "left": false, "value": 1}, {"source": 91, "target": 128, "right": true, "left": false, "value": 1}, {"source": 91, "target": 192, "right": true, "left": false, "value": 1}, {"source": 93, "target": 163, "right": true, "left": false, "value": 1}, {"source": 93, "target": 229, "right": true, "left": false, "value": 1}, {"source": 94, "target": 164, "right": true, "left": false, "value": 1}, {"source": 95, "target": 244, "right": true, "left": false, "value": 1}, {"source": 96, "target": 155, "right": true, "left": false, "value": 1}, {"source": 97, "target": 155, "right": true, "left": false, "value": 1}, {"source": 100, "target": 130, "right": false, "left": true, "value": 1}, {"source": 101, "target": 121, "right": true, "left": false, "value": 1}, {"source": 103, "target": 244, "right": true, "left": false, "value": 1}, {"source": 105, "target": 136, "right": true, "left": false, "value": 1}, {"source": 108, "target": 121, "right": true, "left": false, "value": 1}, {"source": 110, "target": 128, "right": true, "left": true, "value": 1}, {"source": 112, "target": 211, "right": true, "left": false, "value": 1}, {"source": 113, "target": 136, "right": true, "left": false, "value": 1}, {"source": 114, "target": 167, "right": true, "left": false, "value": 1}, {"source": 115, "target": 237, "right": true, "left": false, "value": 1}, {"source": 115, "target": 167, "right": true, "left": false, "value": 1}, {"source": 117, "target": 128, "right": true, "left": false, "value": 1}, {"source": 118, "target": 121, "right": true, "left": false, "value": 1}, {"source": 119, "target": 241, "right": false, "left": true, "value": 1}, {"source": 119, "target": 121, "right": true, "left": false, "value": 1}, {"source": 121, "target": 194, "right": false, "left": true, "value": 1}, {"source": 121, "target": 227, "right": false, "left": true, "value": 1}, {"source": 121, "target": 165, "right": false, "left": true, "value": 1}, {"source": 121, "target": 169, "right": false, "left": true, "value": 1}, {"source": 121, "target": 202, "right": false, "left": true, "value": 1}, {"source": 121, "target": 266, "right": false, "left": true, "value": 1}, {"source": 121, "target": 150, "right": false, "left": true, "value": 1}, {"source": 121, "target": 219, "right": false, "left": true, "value": 1}, {"source": 121, "target": 158, "right": false, "left": true, "value": 1}, {"source": 121, "target": 127, "right": false, "left": true, "value": 1}, {"source": 122, "target": 188, "right": true, "left": false, "value": 1}, {"source": 126, "target": 238, "right": true, "left": false, "value": 1}, {"source": 128, "target": 260, "right": false, "left": true, "value": 1}, {"source": 128, "target": 169, "right": false, "left": true, "value": 1}, {"source": 128, "target": 171, "right": false, "left": true, "value": 1}, {"source": 128, "target": 174, "right": false, "left": true, "value": 1}, {"source": 128, "target": 242, "right": false, "left": true, "value": 1}, {"source": 128, "target": 149, "right": false, "left": true, "value": 1}, {"source": 128, "target": 185, "right": false, "left": true, "value": 1}, {"source": 128, "target": 220, "right": false, "left": true, "value": 1}, {"source": 128, "target": 158, "right": false, "left": true, "value": 1}, {"source": 129, "target": 182, "right": true, "left": false, "value": 1}, {"source": 131, "target": 209, "right": true, "left": false, "value": 1}, {"source": 132, "target": 163, "right": true, "left": false, "value": 1}, {"source": 133, "target": 163, "right": true, "left": false, "value": 1}, {"source": 133, "target": 244, "right": true, "left": false, "value": 1}, {"source": 134, "target": 136, "right": true, "left": false, "value": 1}, {"source": 135, "target": 178, "right": true, "left": false, "value": 1}, {"source": 136, "target": 260, "right": false, "left": true, "value": 1}, {"source": 136, "target": 147, "right": false, "left": true, "value": 1}, {"source": 136, "target": 150, "right": false, "left": true, "value": 1}, {"source": 136, "target": 160, "right": false, "left": true, "value": 1}, {"source": 136, "target": 173, "right": false, "left": true, "value": 1}, {"source": 136, "target": 174, "right": false, "left": true, "value": 1}, {"source": 136, "target": 188, "right": false, "left": true, "value": 1}, {"source": 136, "target": 190, "right": false, "left": true, "value": 1}, {"source": 136, "target": 201, "right": false, "left": true, "value": 1}, {"source": 136, "target": 212, "right": false, "left": true, "value": 1}, {"source": 136, "target": 226, "right": false, "left": true, "value": 1}, {"source": 136, "target": 230, "right": false, "left": true, "value": 1}, {"source": 136, "target": 231, "right": false, "left": true, "value": 1}, {"source": 136, "target": 232, "right": false, "left": true, "value": 1}, {"source": 136, "target": 242, "right": false, "left": true, "value": 1}, {"source": 136, "target": 243, "right": false, "left": true, "value": 1}, {"source": 139, "target": 244, "right": true, "left": false, "value": 1}, {"source": 140, "target": 155, "right": true, "left": false, "value": 1}, {"source": 141, "target": 179, "right": false, "left": true, "value": 1}, {"source": 141, "target": 246, "right": false, "left": true, "value": 1}, {"source": 142, "target": 265, "right": true, "left": false, "value": 1}, {"source": 144, "target": 187, "right": true, "left": false, "value": 1}, {"source": 146, "target": 163, "right": true, "left": false, "value": 1}, {"source": 148, "target": 238, "right": true, "left": false, "value": 1}, {"source": 150, "target": 188, "right": true, "left": false, "value": 1}, {"source": 152, "target": 264, "right": true, "left": false, "value": 1}, {"source": 153, "target": 167, "right": true, "left": false, "value": 1}, {"source": 154, "target": 244, "right": true, "left": false, "value": 1}, {"source": 155, "target": 251, "right": false, "left": true, "value": 1}, {"source": 156, "target": 216, "right": true, "left": false, "value": 1}, {"source": 157, "target": 270, "right": true, "left": false, "value": 1}, {"source": 160, "target": 266, "right": false, "left": true, "value": 1}, {"source": 161, "target": 167, "right": true, "left": false, "value": 1}, {"source": 163, "target": 164, "right": false, "left": true, "value": 1}, {"source": 163, "target": 168, "right": false, "left": true, "value": 1}, {"source": 163, "target": 229, "right": false, "left": true, "value": 1}, {"source": 163, "target": 179, "right": false, "left": true, "value": 1}, {"source": 163, "target": 244, "right": true, "left": false, "value": 1}, {"source": 164, "target": 244, "right": true, "left": false, "value": 1}, {"source": 165, "target": 269, "right": true, "left": false, "value": 1}, {"source": 167, "target": 223, "right": false, "left": true, "value": 1}, {"source": 167, "target": 215, "right": false, "left": true, "value": 1}, {"source": 167, "target": 264, "right": false, "left": true, "value": 1}, {"source": 167, "target": 204, "right": false, "left": true, "value": 1}, {"source": 167, "target": 271, "right": false, "left": true, "value": 1}, {"source": 167, "target": 240, "right": false, "left": true, "value": 1}, {"source": 167, "target": 180, "right": false, "left": true, "value": 1}, {"source": 167, "target": 252, "right": false, "left": true, "value": 1}, {"source": 167, "target": 191, "right": false, "left": true, "value": 1}, {"source": 177, "target": 238, "right": true, "left": false, "value": 1}, {"source": 178, "target": 192, "right": true, "left": true, "value": 1}, {"source": 181, "target": 265, "right": true, "left": false, "value": 1}, {"source": 183, "target": 222, "right": true, "left": false, "value": 1}, {"source": 184, "target": 216, "right": true, "left": false, "value": 1}, {"source": 184, "target": 244, "right": true, "left": false, "value": 1}, {"source": 187, "target": 195, "right": false, "left": true, "value": 1}, {"source": 188, "target": 261, "right": false, "left": true, "value": 1}, {"source": 188, "target": 231, "right": false, "left": true, "value": 1}, {"source": 188, "target": 189, "right": false, "left": true, "value": 1}, {"source": 192, "target": 203, "right": false, "left": true, "value": 1}, {"source": 194, "target": 266, "right": true, "left": false, "value": 1}, {"source": 197, "target": 248, "right": false, "left": true, "value": 1}, {"source": 200, "target": 244, "right": true, "left": false, "value": 1}, {"source": 207, "target": 244, "right": true, "left": false, "value": 1}, {"source": 210, "target": 253, "right": true, "left": false, "value": 1}, {"source": 214, "target": 229, "right": true, "left": false, "value": 1}, {"source": 216, "target": 244, "right": true, "left": false, "value": 1}, {"source": 217, "target": 238, "right": true, "left": false, "value": 1}, {"source": 221, "target": 263, "right": true, "left": false, "value": 1}, {"source": 223, "target": 264, "right": true, "left": false, "value": 1}, {"source": 234, "target": 249, "right": true, "left": false, "value": 1}, {"source": 236, "target": 266, "right": true, "left": false, "value": 1}, {"source": 238, "target": 256, "right": false, "left": true, "value": 1}, {"source": 239, "target": 244, "right": true, "left": false, "value": 1}, {"source": 244, "target": 257, "right": false, "left": true, "value": 1}, {"source": 245, "target": 264, "right": true, "left": false, "value": 1}, {"source": 247, "target": 264, "right": true, "left": false, "value": 1}, {"source": 249, "target": 250, "right": false, "left": true, "value": 1}, {"source": 249, "target": 255, "right": false, "left": true, "value": 1}, {"source": 256, "target": 258, "right": true, "left": false, "value": 1}, {"source": 257, "target": 262, "right": false, "left": true, "value": 1}, {"source": 264, "target": 267, "right": false, "left": true, "value": 1}]}