{"nodes": [{"asin": "B004QQZKP4", "name": "Yamaha RX-V571BL 7.1- Channel AV Receiver (Discontinued by Manufacturer)", "imUrl": "http://ecx.images-amazon.com/images/I/312EMiQy8oL._SX300_.jpg", "price": 449.99, "numReviews": 50, "groups": [0], "averageRating": 4.28, "brand": "Yamaha", "salesRankCategory": "Electronics", "salesRank": 52361}, {"asin": "B00548SKH8", "name": "Harman Kardon AVR 1565 5.1-channel, 70-Watt Audio/Video Receiver with HDMI v.1.4a ,3-D (Discontinued by Manufacturer)", "imUrl": "http://ecx.images-amazon.com/images/I/314u%2Bh3biiL._SX300_.jpg", "price": 259.0, "numReviews": 65, "groups": [1], "averageRating": 4.153846153846154, "brand": "Harman Kardon", "salesRankCategory": "Electronics", "salesRank": 45608}, {"asin": "B00022RV9E", "name": "Sony STRDE197 Stereo Receiver (Discontinued by Manufacturer)", "imUrl": "http://ecx.images-amazon.com/images/I/31pkWsXvSPL._SX300_.jpg", "price": 128.0, "numReviews": 53, "groups": [2], "averageRating": 3.7547169811320753, "salesRankCategory": "Electronics", "salesRank": 73053}, {"asin": "B000JF54GQ", "name": "Yamaha RXV2700 7.1-channel Network Home Theater Receiver", "imUrl": "http://ecx.images-amazon.com/images/I/31NUEk8hcNL._SX300_.jpg", "price": 399.95, "numReviews": 18, "groups": [3], "averageRating": 4.722222222222222, "salesRankCategory": "Electronics", "salesRank": 131068}, {"asin": "B004ZP72MU", "name": "Denon AVR-1712 A/V Surround Receiver (Black) (Discontinued by Manufacturer)", "imUrl": "http://ecx.images-amazon.com/images/I/41x5PRvrUGL._SX300_.jpg", "price": 9.68, "numReviews": 44, "groups": [4], "averageRating": 4.181818181818182, "salesRankCategory": "Electronics", "salesRank": 62189}, {"asin": "B00JRTMOGS", "name": "Denon AVR-S700W 7.2-Channel Network A/V Receiver with Bluetooth and Wi-Fi", "imUrl": "http://ecx.images-amazon.com/images/I/41b%2BwWlYocL._SX300_.jpg", "price": 449.0, "numReviews": 6, "groups": [5], "averageRating": 3.3333333333333335, "brand": "Denon", "salesRankCategory": "Electronics", "salesRank": 1842}, {"asin": "B000066R5S", "name": "Harman Kardon AVR 125 Dolby Digital Receiver (Discontinued by Manufacturer)", "imUrl": "http://ecx.images-amazon.com/images/I/413PQGMXPWL._SX300_.jpg", "price": 119.99, "numReviews": 3, "groups": [6], "averageRating": 4.666666666666667, "salesRankCategory": "Electronics", "salesRank": 320093}, {"asin": "B000BQOBU8", "name": "Harman Kardon AVR 140 6.1-Channel A/V Receiver, Silver (Discontinued by Manufacturer)", "imUrl": "http://ecx.images-amazon.com/images/I/41WPVZV5HTL._SX300_.jpg", "price": 249.0, "numReviews": 5, "groups": [7], "averageRating": 4.6, "salesRankCategory": "Electronics", "salesRank": 242307}, {"asin": "B00022RV9O", "name": "Sony STR-DE697 Audio / Video Receiver (Discontinued by Manufacturer)", "imUrl": "http://ecx.images-amazon.com/images/I/31Q3VQETN5L._SX300_.jpg", "price": 128.0, "numReviews": 11, "groups": [8], "averageRating": 4.0, "salesRankCategory": "Electronics", "salesRank": 166285}, {"asin": "B0039XQQXA", "name": "Pioneer VSX-1120-K 7.1 Home Theater Receiver (Discontinued by Manufacturer)", "imUrl": "http://ecx.images-amazon.com/images/I/41o7boLqm9L._SX300_.jpg", "price": 596.99, "numReviews": 87, "groups": [9], "averageRating": 3.8505747126436782, "salesRankCategory": "Electronics", "salesRank": 58550}, {"asin": "B003H04Q8C", "name": "Denon AVR-591 5.1 Channel Home Theater Receiver with HDMI 1.4a (Black) (Discontinued by Manufacturer)", "imUrl": "http://ecx.images-amazon.com/images/I/41lm8PDX9aL._SX300_.jpg", "price": 194.99, "numReviews": 56, "groups": [10], "averageRating": 3.767857142857143, "salesRankCategory": "Electronics", "salesRank": 68138}, {"asin": "B0007KIWRQ", "name": "Pioneer VSX-D514 Multi-Channel Digital A/V Receiver", "imUrl": "http://ecx.images-amazon.com/images/I/41K25KATYJL._SY300_.jpg", "price": 9.68, "numReviews": 4, "groups": [11], "averageRating": 3.5, "salesRankCategory": "Electronics", "salesRank": 201227}, {"asin": "B000WIUSPW", "name": "Denon AVR-1908 A/V Dolby Digital Surround Receiver w/ HDMI Switching (Discontinued by Manufacturer)", "imUrl": "http://ecx.images-amazon.com/images/I/41HSDHb0pKL._SX300_.jpg", "price": 199.0, "numReviews": 17, "groups": [12], "averageRating": 4.0588235294117645, "salesRankCategory": "Electronics", "salesRank": 149148}, {"asin": "B001FXSDR8", "name": "Marantz SR5003 Audio Video Receiver (Discontinued by Manufacturer)", "imUrl": "http://ecx.images-amazon.com/images/I/410K9Ncv0vL._SX300_.jpg", "price": 399.0, "numReviews": 5, "groups": [13], "averageRating": 4.8, "salesRankCategory": "Electronics", "salesRank": 98670}, {"asin": "B007JF85WE", "name": "Yamaha RX-V673 7.2-Channel Network AV Receiver (Discontinued by Manufacturer)", "imUrl": "http://ecx.images-amazon.com/images/I/41dgwsq082L._SY300_.jpg", "price": 569.95, "numReviews": 427, "groups": [14], "averageRating": 4.395784543325527, "brand": "Yamaha", "salesRankCategory": "Electronics", "salesRank": 4937}, {"asin": "B00002EIXN", "name": "Yamaha RX-V795 Surround Receiver (Discontinued by Manufacturer)", "imUrl": "http://ecx.images-amazon.com/images/I/314HKK2TD7L._SX300_.jpg", "price": 199.0, "numReviews": 3, "groups": [15], "averageRating": 3.6666666666666665, "salesRankCategory": "Electronics", "salesRank": 325967}, {"asin": "B001TOZTCA", "name": "Sony STR-DH500 5.1-Channel A/V Receiver (Black) (Discontinued by Manufacturer)", "imUrl": "http://ecx.images-amazon.com/images/I/41odjaUCNNL._SX300_.jpg", "price": 228.0, "numReviews": 57, "groups": [16], "averageRating": 3.8596491228070176, "salesRankCategory": "Electronics", "salesRank": 42917}, {"asin": "B008U3XVPK", "name": "Technical Pro RX51URI Professional Receiver with USB & SD Card Inputs, Built-In 7 Band Equalizer, FM Manual Tuner, 20Hz-20KHz Frequency Response", "imUrl": "http://ecx.images-amazon.com/images/I/41meyjDnepL._SY300_.jpg", "price": 133.0, "numReviews": 8, "groups": [17], "averageRating": 2.75, "brand": "Technical Pro", "salesRankCategory": "Electronics", "salesRank": 98984}, {"asin": "B00BKXCKPY", "name": "Pioneer Channel AV Receiver, VSX-1023 (Black)", "imUrl": "http://ecx.images-amazon.com/images/I/41Bn4Vskh4L._SX300_.jpg", "price": 496.99, "numReviews": 25, "groups": [18], "averageRating": 2.96, "brand": "Pioneer", "salesRankCategory": "Electronics", "salesRank": 13974}, {"asin": "B000HC0BJG", "name": "Pioneer VSX-1016TXV-K 7.1 Channel Audio/Video Receiver (Discontinued by Manufacturer)", "imUrl": "http://ecx.images-amazon.com/images/I/41Fr5uZaSJL._SX300_.jpg", "price": 399.95, "numReviews": 47, "groups": [19], "averageRating": 4.361702127659575, "salesRankCategory": "Electronics", "salesRank": 157664}, {"asin": "B000OGA802", "name": "Sony STR-DG910 7.1 Channel Home Theater Receiver (Discontinued by Manufacturer)", "imUrl": "http://ecx.images-amazon.com/images/I/41sxsHP5aVL._SX300_.jpg", "price": 126.99, "numReviews": 56, "groups": [20], "averageRating": 4.035714285714286, "salesRankCategory": "Electronics", "salesRank": 112857}, {"asin": "B00007IGG7", "name": "Onkyo TX-SR800 THX Select 7.1-Channel Digital Home Theater Receiver (Discontinued by Manufacturer)", "imUrl": "http://ecx.images-amazon.com/images/I/41GAM5W435L._SY300_.jpg", "price": 399.95, "numReviews": 2, "groups": [21], "averageRating": 5.0, "salesRankCategory": "Electronics", "salesRank": 261946}, {"asin": "B00ILCS11E", "name": "Yamaha RX-V477 5.1-channel Network AV Receiver", "imUrl": "http://ecx.images-amazon.com/images/I/31mc2h%2BIn%2BL._SX300_.jpg", "price": 359.95, "numReviews": 9, "groups": [22], "averageRating": 4.0, "brand": "Yamaha", "salesRankCategory": "Electronics", "salesRank": 5579}, {"asin": "B0016BN5CM", "name": "Harman Kardon AVR-154 5x30W 5.1-Channel Home Theater Receiver (Discontinued by Manufacturer)", "imUrl": "http://ecx.images-amazon.com/images/I/31AgwfPDVrL._SX300_.jpg", "price": 249.95, "numReviews": 22, "groups": [23], "averageRating": 3.8636363636363638, "salesRankCategory": "Electronics", "salesRank": 92895}, {"asin": "B00009L3NV", "name": "Onkyo TX-SR501 6.1-Channel Home Theater Receiver", "imUrl": "http://ecx.images-amazon.com/images/I/318KPM56GKL._SX300_.jpg", "price": 199.0, "numReviews": 4, "groups": [24], "averageRating": 4.0}, {"asin": "B007ZGG1OQ", "name": "Pyle Stereo Receiver and iPod Dock Package - PT590AU 5.1 Channel 350 Watts Built-In AM/FM Radio/USB/SD Card HDMI Amplifier Receiver W/3D Pass-Thru - PIDOCK1 Universal iPod/iPhone Docking Station For Audio Output Charging - Sync W/iTunes And Remote control", "imUrl": "http://ecx.images-amazon.com/images/I/41EQcKfKVVL._SY300_.jpg", "price": 167.99, "numReviews": 1, "groups": [25], "averageRating": 1.0, "salesRankCategory": "Electronics", "salesRank": 255480}, {"asin": "B00009L3OF", "name": "Sony STR-DE595 - AV receiver - 5.1 channel", "imUrl": "http://ecx.images-amazon.com/images/I/41XNP83HVKL._SY300_.jpg", "price": 274.95, "numReviews": 9, "groups": [26], "averageRating": 3.888888888888889, "salesRankCategory": "Electronics", "salesRank": 164441}, {"asin": "B000UPA4OM", "name": "Denon AVR-788 Dolby Digital Surround Receiver (Discontinued by Manufacturer)", "imUrl": "http://ecx.images-amazon.com/images/I/31qjkEElX5L._SX300_.jpg", "price": 349.98, "numReviews": 17, "groups": [27], "averageRating": 3.7058823529411766, "salesRankCategory": "Electronics", "salesRank": 196174}, {"asin": "B0000665PD", "name": "Sony STR-DE485 Audio/Video Receiver with Surround Sound (Discontinued by Manufacturer)", "imUrl": "http://ecx.images-amazon.com/images/I/41ZOTWqTYrL._SX300_.jpg", "price": 128.0, "numReviews": 4, "groups": [28], "averageRating": 3.5, "salesRankCategory": "Electronics", "salesRank": 139503}, {"asin": "B000C25TJ8", "name": "Yamaha RX-V1600 7.1 Channel Digital Home Theater Receiver", "imUrl": "http://ecx.images-amazon.com/images/I/419FSmYLRyL._SY300_.jpg", "price": 429.0, "numReviews": 3, "groups": [29], "averageRating": 4.666666666666667}, {"asin": "B000HD0CBC", "name": "Denon DRA-297 AM/FM Satellite-Ready Stereo Receiver (Discontinued by Manufacturer)", "imUrl": "http://ecx.images-amazon.com/images/I/31wGgbs8njL._SX300_.jpg", "price": 241.0, "numReviews": 9, "groups": [30], "averageRating": 3.5555555555555554, "salesRankCategory": "Electronics", "salesRank": 101102}, {"asin": "B0013Z9F5C", "name": "Yamaha HTR-6140BL 525 Watt 5.1-Channel Home Theater Receiver (Discontinued by Manufacturer)", "imUrl": "http://ecx.images-amazon.com/images/I/41MyiYeFNAL._SX300_.jpg", "price": 5.99, "numReviews": 16, "groups": [31], "averageRating": 3.875, "salesRankCategory": "Electronics", "salesRank": 157017}, {"asin": "B005GNWHFM", "name": "Pyle Home PT980AUH 7.1-Channel 350 Watts AM/FM Radio with USB/SD Card and HDMI Amplifier Receiver", "imUrl": "http://ecx.images-amazon.com/images/I/41BASxH0YWL._SX300_.jpg", "price": 156.99, "numReviews": 13, "groups": [32], "averageRating": 3.0, "brand": "Pyle"}, {"asin": "B00000JDKE", "name": "Sony STR-DE525 Surround Receiver (Discontinued by Manufacturer)", "imUrl": "http://ecx.images-amazon.com/images/I/417YMGDBGAL._SX300_.jpg", "price": 128.0, "numReviews": 6, "groups": [33], "averageRating": 3.3333333333333335, "salesRankCategory": "Electronics", "salesRank": 258037}, {"asin": "B00004U54I", "name": "Philips FR965 Audio/Video Receiver (Discontinued by Manufacturer)", "imUrl": "http://ecx.images-amazon.com/images/I/41nUv5ykJ7L._SY300_.jpg", "price": 73.21, "numReviews": 4, "groups": [34], "averageRating": 4.75, "salesRankCategory": "Electronics", "salesRank": 269859}, {"asin": "B000OBLARC", "name": "Onkyo TX-SR605 7.1 Channel Home Theater Receiver (Black) (Discontinued by Manufacturer)", "imUrl": "http://ecx.images-amazon.com/images/I/41YzCnAIXcL._SX300_.jpg", "price": 295.0, "numReviews": 237, "groups": [35], "averageRating": 4.071729957805907, "salesRankCategory": "Electronics", "salesRank": 77649}, {"asin": "B000051SDS", "name": "Harman Kardon 3370 Audio/Video Receiver (Discontinued by Manufacturer)", "imUrl": "http://ecx.images-amazon.com/images/I/31D26GX1FRL._SX300_.jpg", "price": 119.99, "numReviews": 6, "groups": [36], "averageRating": 4.166666666666667, "salesRankCategory": "Electronics", "salesRank": 124989}, {"asin": "B003IPC5FM", "name": "Denon AVR-1611 7.1 Channel A/V Home Theater Receiver (Black) (Discontinued by Manufacturer)", "imUrl": "http://ecx.images-amazon.com/images/I/41Zds3yk1QL._SX300_.jpg", "price": 349.0, "numReviews": 39, "groups": [37], "averageRating": 3.923076923076923, "salesRankCategory": "Electronics", "salesRank": 68536}, {"asin": "B007R8U5QW", "name": "Denon AVR-1613 5.1 Channel 3D Home Theater AV Receiver with Networking and Airplay (Discontinued by Manufacturer)", "imUrl": "http://ecx.images-amazon.com/images/I/31CAdMyMuJL._SX300_.jpg", "price": 339.0, "numReviews": 100, "groups": [38], "averageRating": 4.07, "brand": "Denon", "salesRankCategory": "Electronics", "salesRank": 36497}, {"asin": "B00BKXCKRC", "name": "Pioneer VSX-1123 7.2-Channel Network A/V Receiver (Black)", "imUrl": "http://ecx.images-amazon.com/images/I/41NP3lKE9CL._SX300_.jpg", "price": 349.0, "numReviews": 61, "groups": [39], "averageRating": 3.9508196721311477, "salesRankCategory": "Electronics", "salesRank": 1927}, {"asin": "B004QR56SE", "name": "Yamaha RX-V671 7.1- Channel Network AV Receiver", "imUrl": "http://ecx.images-amazon.com/images/I/317QyiP3pSL._SX300_.jpg", "price": 539.95, "numReviews": 233, "groups": [40], "averageRating": 4.330472103004292, "salesRankCategory": "Electronics", "salesRank": 23913}, {"asin": "B000GHDPHC", "name": "Onkyo TX-8522 100 Watt Stereo Receiver (Discontinued by Manufacturer)", "imUrl": "http://ecx.images-amazon.com/images/I/31mU9tJr6pL._SX300_.jpg", "price": 241.0, "numReviews": 40, "groups": [41], "averageRating": 4.05, "salesRankCategory": "Electronics", "salesRank": 131533}, {"asin": "B0039XQL44", "name": "Pioneer VSX-920-K 7.1 Home Theater Receiver (Discontinued by Manufacturer)", "imUrl": "http://ecx.images-amazon.com/images/I/41NVfpWilJL._SX300_.jpg", "price": 496.99, "numReviews": 86, "groups": [42], "averageRating": 3.0348837209302326, "salesRankCategory": "Electronics", "salesRank": 57032}, {"asin": "B000051SDQ", "name": "Harman Kardon AVR 110 Audio/Video Receiver (Discontinued by Manufacturer)", "imUrl": "http://ecx.images-amazon.com/images/I/41D9WTYDRNL._SX300_.jpg", "price": 279.0, "numReviews": 5, "groups": [43], "averageRating": 4.8, "salesRankCategory": "Electronics", "salesRank": 89022}, {"asin": "B0037WLS4U", "name": "PYLE PT260A 200-Watt Digital AM/FM Stereo Receiver", "imUrl": "http://ecx.images-amazon.com/images/I/41hivQKxZiL._SX300_.jpg", "price": 76.06, "numReviews": 140, "groups": [44], "averageRating": 3.3, "salesRankCategory": "Electronics", "salesRank": 3084}, {"asin": "B003XDU48O", "name": "Yamaha RX-A1000 7.1-Channel Home Theater Receiver (OLD VERSION) (Discontinued by Manufacturer)", "imUrl": "http://ecx.images-amazon.com/images/I/31NWgT27cCL._SX300_.jpg", "price": 849.0, "numReviews": 18, "groups": [45], "averageRating": 4.166666666666667, "salesRankCategory": "Electronics", "salesRank": 90700}, {"asin": "B004Z0S7JW", "name": "Denon AVR2312CI Integrated Network A/V Surround Receiver (Discontinued by Manufacturer)", "imUrl": "http://ecx.images-amazon.com/images/I/41e4YifqVpL._SX300_.jpg", "price": 699.99, "numReviews": 45, "groups": [46], "averageRating": 4.155555555555556, "brand": "Denon", "salesRankCategory": "Electronics", "salesRank": 55561}, {"asin": "B000J1SBME", "name": "Harman Kardon AVR 245 7.1 Channel Audio/Video Receiver (Discontinued by Manufacturer)", "imUrl": "http://ecx.images-amazon.com/images/I/41NFUslRIeL._SX300_.jpg", "price": 279.0, "numReviews": 18, "groups": [47], "averageRating": 4.388888888888889, "salesRankCategory": "Electronics", "salesRank": 203806}, {"asin": "B00005T3X0", "name": "Sherwood Rx4103 Remote-Controlled Stereo Receiver", "imUrl": "http://ecx.images-amazon.com/images/I/31YMPPM5JFL._SX300_.jpg", "price": 99.99, "numReviews": 12, "groups": [48], "averageRating": 3.6666666666666665, "salesRankCategory": "Electronics", "salesRank": 224392}, {"asin": "B000OBLARM", "name": "Onkyo TX-SR605 7.1 Channel Home Theater Receiver (Black) (Discontinued by Manufacturer)", "imUrl": "http://ecx.images-amazon.com/images/I/41YzCnAIXcL._SX300_.jpg", "price": 295.0, "numReviews": 237, "groups": [49], "averageRating": 4.071729957805907, "salesRankCategory": "Electronics", "salesRank": 77649}, {"asin": "B001EU0HLM", "name": "Marantz SR4003 Surround Receiver (Discontinued by Manufacturer)", "imUrl": "http://ecx.images-amazon.com/images/I/41tvIYb8mSL._SX300_.jpg", "price": 279.0, "numReviews": 4, "groups": [50], "averageRating": 4.25, "salesRankCategory": "Electronics", "salesRank": 51068}, {"asin": "B001S2RD90", "name": "Yamaha RX-V765BL 665 Watt 7-Channel Home Theater Receiver (Discontinued by Manufacturer)", "imUrl": "http://ecx.images-amazon.com/images/I/41dR7UxwloL._SY300_.jpg", "price": 549.0, "numReviews": 20, "groups": [51], "averageRating": 4.2, "brand": "Yamaha", "salesRankCategory": "Electronics", "salesRank": 88715}, {"asin": "B00D4MQ06E", "name": "Pioneer SC-1223-K 7.2-Channel Network A/V Receiver", "imUrl": "http://ecx.images-amazon.com/images/I/418z0DDSkdL._SX300_.jpg", "price": 349.0, "numReviews": 27, "groups": [52], "averageRating": 4.518518518518518, "salesRankCategory": "Electronics", "salesRank": 38266}, {"asin": "B000BOC05I", "name": "Harman Kardon AVR 240 7.1-Channel A/V Receiver, Silver (Discontinued by Manufacturer)", "imUrl": "http://ecx.images-amazon.com/images/I/41RBDKH2WYL._SX300_.jpg", "price": 549.95, "numReviews": 33, "groups": [53], "averageRating": 4.424242424242424, "salesRankCategory": "Electronics", "salesRank": 169844}, {"asin": "B000I68HOC", "name": "Yamaha HTR-6090BL 7.1-Channel Digital Home Theater Receiver (Discontinued by Manufacturer)", "imUrl": "http://ecx.images-amazon.com/images/I/4113S0YuEgL._SX300_.jpg", "price": 50.98, "numReviews": 8, "groups": [54], "averageRating": 4.125, "salesRankCategory": "Electronics", "salesRank": 221980}, {"asin": "B00004SSRL", "name": "JVC RX-6000VBK Dolby Digital/DTS Audio/Video Receiver (Discontinued by Manufacturer)", "imUrl": "http://ecx.images-amazon.com/images/I/41AVGGAPYQL._SX300_.jpg", "price": 199.0, "numReviews": 9, "groups": [55], "averageRating": 3.2222222222222223, "salesRankCategory": "Electronics", "salesRank": 296051}, {"asin": "B0009PMVIA", "name": "Yamaha RXV657 7.1 Channel Digital Home Theater Receiver", "imUrl": "http://ecx.images-amazon.com/images/I/41mgYftW-wL._SX300_.jpg", "price": 599.95, "numReviews": 1, "groups": [56], "averageRating": 5.0, "salesRankCategory": "Electronics", "salesRank": 262594}, {"asin": "B001NJU3PE", "name": "Pyle Home PD3000A 3000-Watt AM-FM Receiver with Built-In DVD/MP3/USB", "imUrl": "http://ecx.images-amazon.com/images/I/51WjtzvI6KL._SY300_.jpg", "price": 174.49, "numReviews": 35, "groups": [57], "averageRating": 3.057142857142857, "brand": "Pyle"}, {"asin": "B0002266A4", "name": "Denon DRA-295 AM/FM Stereo Receiver (Discontinued by Manufacturer)", "imUrl": "http://ecx.images-amazon.com/images/I/41BQ68SEJ8L._SX300_.jpg", "price": 128.0, "numReviews": 2, "groups": [58], "averageRating": 4.5, "salesRankCategory": "Electronics", "salesRank": 240370}, {"asin": "B002N4AQO6", "name": "VSX21TXH PIONEER VSX21TXH PIONEER VSX21TXH", "imUrl": "http://ecx.images-amazon.com/images/I/218UF9mDFML.jpg", "price": 9.68, "numReviews": 20, "groups": [59], "averageRating": 4.25, "salesRankCategory": "Electronics", "salesRank": 160050}, {"asin": "B000HDK2A8", "name": "Denon AVR1907 7.1 CH/5.1+2 CH Independent Zone Home Theater Receiver", "imUrl": "http://ecx.images-amazon.com/images/I/41CGS22TMFL._SX300_.jpg", "price": 249.95, "numReviews": 4, "groups": [60], "averageRating": 3.75, "salesRankCategory": "Electronics", "salesRank": 267916}, {"asin": "B007ZS49OI", "name": "Pyle Stereo Receiver and iPod Dock Package - PD3000A 3000 Watt AM-FM Receiver w/ Built-In DVD/MP3/USB - PIDOCK1 Universal iPod/iPhone Docking Station For Audio Output Charging - Sync W/iTunes And Remote control", "imUrl": "http://ecx.images-amazon.com/images/I/517WdVpZpZL._SY300_.jpg", "price": 228.99, "numReviews": 1, "groups": [61], "averageRating": 5.0, "salesRankCategory": "Electronics", "salesRank": 173911}, {"asin": "B002AKKFQW", "name": "Denon AVR790 7.1-Channel Multi-Zone Home Theater Receiver with 1080p HDMI Connectivity (Discontinued by Manufacturer)", "imUrl": "http://ecx.images-amazon.com/images/I/41Kq6ZjZYnL._SX300_.jpg", "price": 349.0, "numReviews": 16, "groups": [62], "averageRating": 4.0625, "salesRankCategory": "Electronics", "salesRank": 116415}, {"asin": "B000066OBR", "name": "ONKYO TX-SR600 A/V Receiver (Discontinued by Manufacturer)", "imUrl": "http://ecx.images-amazon.com/images/I/41ZM3DJJ7CL._SX300_.jpg", "price": 199.0, "numReviews": 1, "groups": [63], "averageRating": 5.0, "salesRankCategory": "Electronics", "salesRank": 144105}, {"asin": "B0001FI49I", "name": "Harman Kardon HK3480 Stereo Receiver (Discontinued by Manufacturer)", "imUrl": "http://ecx.images-amazon.com/images/I/4198ZSDS3WL._SX300_.jpg", "price": 241.0, "numReviews": 75, "groups": [64], "averageRating": 4.08, "salesRankCategory": "Electronics", "salesRank": 147835}, {"asin": "B00548SKMI", "name": "Harman Kardon AVR 1650 5.1-Channel, 95-Watt Audio/Video Receiver with HDMI v.1.4a, 3-D, Deep Color and Audio Return Channel (Discontinued by Manufacturer)", "imUrl": "http://ecx.images-amazon.com/images/I/31uBjizbSML._SX300_.jpg", "price": 309.99, "numReviews": 52, "groups": [65], "averageRating": 4.096153846153846, "salesRankCategory": "Electronics", "salesRank": 50702}, {"asin": "B00000K0JM", "name": "Technics SA-EX110 Stereo Receiver with 200-Watt Amp (Discontinued by Manufacturer)", "imUrl": "http://ecx.images-amazon.com/images/I/61J76XE8C5L._SX300_.gif", "price": 128.0, "numReviews": 9, "groups": [66], "averageRating": 4.0, "salesRankCategory": "Electronics", "salesRank": 172945}, {"asin": "B0001LXQEU", "name": "Harman Kardon HK3380 Component Stereo Receiver (Discontinued by Manufacturer)", "imUrl": "http://ecx.images-amazon.com/images/I/41S2X649D2L._SX300_.jpg", "price": 119.99, "numReviews": 17, "groups": [67], "averageRating": 4.588235294117647, "salesRankCategory": "Electronics", "salesRank": 202704}, {"asin": "B00CAAQHBE", "name": "Sony STR-DN840 7.2 Channel 1050-Watt A/V Receiver (Black)", "imUrl": "http://ecx.images-amazon.com/images/I/31ZcROPVGVL._SX300_.jpg", "price": 539.95, "numReviews": 132, "groups": [68], "averageRating": 3.9696969696969697, "salesRankCategory": "Electronics", "salesRank": 7948}, {"asin": "B003BIFOL8", "name": "Onkyo TX-SR608 7.2-Channel Home Theater Receiver (Black) (Discontinued by Manufacturer)", "imUrl": "http://ecx.images-amazon.com/images/I/4156nE7AMaL._SX300_.jpg", "price": 295.0, "numReviews": 196, "groups": [69], "averageRating": 4.025510204081633, "salesRankCategory": "Electronics", "salesRank": 42058}, {"asin": "B005EVGS2E", "name": "Harman Kardon AVR 3650 7.1-Channel, 110-Watt Audio/Video Receiver with HDMI v.1.4a, 3-D, Deep Color and Audio Return Channel (Discontinued by Manufacturer)", "imUrl": "http://ecx.images-amazon.com/images/I/314Y%2BScUAML._SX300_.jpg", "price": 769.99, "numReviews": 19, "groups": [70], "averageRating": 3.8947368421052633, "salesRankCategory": "Electronics", "salesRank": 72472}, {"asin": "B000ENALWA", "name": "Yamaha HTR-5940BL 6.1-Channel Digital Home Theater Receiver (Discontinued by Manufacturer)", "imUrl": "http://ecx.images-amazon.com/images/I/41AD7VJBBPL._SX300_.jpg", "price": 149.95, "numReviews": 11, "groups": [71], "averageRating": 3.909090909090909, "salesRankCategory": "Electronics", "salesRank": 188898}, {"asin": "B003CP0K96", "name": "Yamaha RX-V567BL 7.1 Channel Home Theater Receiver (OLD VERSION) (Discontinued by Manufacturer)", "imUrl": "http://ecx.images-amazon.com/images/I/31s5yhZC61L._SX300_.jpg", "price": 414.95, "numReviews": 23, "groups": [72], "averageRating": 4.173913043478261, "salesRankCategory": "Electronics", "salesRank": 73138}, {"asin": "B000MWPD0I", "name": "Harman Kardon AVR 146 Home Theater Receiver with iPod Control and HDMI connectivity (Discontinued by Manufacturer)", "imUrl": "http://ecx.images-amazon.com/images/I/41tmoQuoIHL._SX300_.jpg", "price": 128.0, "numReviews": 25, "groups": [73], "averageRating": 3.64, "salesRankCategory": "Electronics", "salesRank": 135773}, {"asin": "B005ETIBHQ", "name": "Pioneer Elite VSX-50 7.1-Channel 3-D Ready A/V Receiver", "imUrl": "http://ecx.images-amazon.com/images/I/41c4VdGVX4L._SX300_.jpg", "price": 529.99, "numReviews": 9, "groups": [74], "averageRating": 3.4444444444444446, "brand": "Pioneer", "salesRankCategory": "Electronics", "salesRank": 95712}, {"asin": "B00005T3MB", "name": "Sony STR-DE1075 A/V Receiver with Dolby Digital, DTS, and 6.1 Decoding", "imUrl": "http://ecx.images-amazon.com/images/I/11QTKNSB3NL.jpg", "price": 128.0, "numReviews": 1, "groups": [75], "averageRating": 5.0, "salesRankCategory": "Electronics", "salesRank": 123219}, {"asin": "B000136P9G", "name": "SONY STR-DA3000ES ES ( Elevated Standard ) Audio / Video Receiver (Discontinued by Manufacturer)", "imUrl": "http://ecx.images-amazon.com/images/I/41VX360KMHL._SX300_.jpg", "price": 16.69, "numReviews": 6, "groups": [76], "averageRating": 3.6666666666666665, "salesRankCategory": "Electronics", "salesRank": 154541}, {"asin": "B000OG6I42", "name": "Sony STR-DG710 6.1 Channel Home Theater Receiver (Discontinued by Manufacturer)", "imUrl": "http://ecx.images-amazon.com/images/I/41FPx7pLX%2BL._SX300_.jpg", "price": 9.68, "numReviews": 28, "groups": [77], "averageRating": 3.107142857142857, "salesRankCategory": "Electronics", "salesRank": 122830}, {"asin": "B003P2V52M", "name": "Yamaha RX-V667 7.2-Channel Home Theater Receiver (OLD VERSION)", "imUrl": "http://ecx.images-amazon.com/images/I/31TH-ERbmfL._SX300_.jpg", "price": 499.99, "numReviews": 100, "groups": [78], "averageRating": 4.13, "salesRankCategory": "Electronics", "salesRank": 42707}, {"asin": "B00B981F38", "name": "Yamaha RX-V375 5.1 Channel 3D A/V Home Theater Receiver (Black)", "imUrl": "http://ecx.images-amazon.com/images/I/41pX-W2Q3aL._SX300_.jpg", "price": 299.0, "numReviews": 233, "groups": [79], "averageRating": 4.291845493562231, "salesRankCategory": "Electronics", "salesRank": 5084}, {"asin": "B000782SR8", "name": "Yamaha RX-V2500 Home Theater Receiver (Black)", "imUrl": "http://ecx.images-amazon.com/images/I/41JMJTVZBHL._SX300_.jpg", "price": 9.68, "numReviews": 1, "groups": [80], "averageRating": 4.0, "salesRankCategory": "Electronics", "salesRank": 218162}, {"asin": "B003CP0KGE", "name": "Yamaha HTR-4063BL 5.1 Channel 525 Watt AV Receiver (Each, Black) (Discontinued by Manufacturer)", "imUrl": "http://ecx.images-amazon.com/images/I/31lBqKa-HmL._SX300_.jpg", "price": 311.6, "numReviews": 3, "groups": [81], "averageRating": 3.3333333333333335, "brand": "Yamaha", "salesRankCategory": "Electronics", "salesRank": 143017}, {"asin": "B003QP3M8I", "name": "Denon AVR-391 5.1 Channel AV Home Theater Receiver with HDMI 1.4a (Black) (Discontinued by Manufacturer)", "imUrl": "http://ecx.images-amazon.com/images/I/418iZZloC0L._SY300_.jpg", "price": 194.99, "numReviews": 47, "groups": [82], "averageRating": 3.5531914893617023, "salesRankCategory": "Electronics", "salesRank": 68708}, {"asin": "B00B981F2O", "name": "Yamaha RX-V475 5.1-Channel Network AV Receiver with Airplay", "imUrl": "http://ecx.images-amazon.com/images/I/41WN1Yy-R0L._SX300_.jpg", "price": 399.95, "numReviews": 140, "groups": [22], "averageRating": 4.242857142857143, "salesRankCategory": "Electronics", "salesRank": 4316}, {"asin": "B00005Q5WZ", "name": "Harman Kardon AVR320 Audio/Video Receiver (Discontinued by Manufacturer)", "imUrl": "http://ecx.images-amazon.com/images/I/41A4Z4M99PL._SX300_.jpg", "price": 9.68, "numReviews": 7, "groups": [83], "averageRating": 3.2857142857142856, "salesRankCategory": "Electronics", "salesRank": 263290}, {"asin": "B0006IJHEQ", "name": "Yamaha RX-396 Stereo Receiver", "imUrl": "http://ecx.images-amazon.com/images/I/4149FP8V37L._SY300_.jpg", "price": 119.99, "numReviews": 2, "groups": [84], "averageRating": 4.5}, {"asin": "B00CLXO14K", "name": "Onkyo HT-RC560 7.2-Channel Network A/V Receiver (Built-in Wi-fi & Bluetooth)", "imUrl": "http://ecx.images-amazon.com/images/I/41u6rHQRf-L._SX300_.jpg", "price": 399.95, "numReviews": 16, "groups": [85], "averageRating": 3.875, "salesRankCategory": "Electronics", "salesRank": 5003}, {"asin": "B00963S6TE", "name": "Yamaha HTR-4065BL 5.1-Channel 575-Watt Audio/Video Receiver, Black (Discontinued by Manufacturer)", "imUrl": "http://ecx.images-amazon.com/images/I/41AZGBMIVEL._SY300_.jpg", "price": 449.99, "numReviews": 75, "groups": [86], "averageRating": 4.04, "salesRankCategory": "Electronics", "salesRank": 91970}, {"asin": "B001S2RDB8", "name": "Yamaha HTR-6230BL 500 Watt 5- Channel Home Theater Receiver (Discontinued by Manufacturer)", "imUrl": "http://ecx.images-amazon.com/images/I/415sMp5slVL._SX300_.jpg", "price": 249.95, "numReviews": 15, "groups": [87], "averageRating": 3.1333333333333333, "salesRankCategory": "Electronics", "salesRank": 18625}, {"asin": "B003BEDQQW", "name": "Onkyo TX-SR508 7.1-Channel Home Theater Receiver (Black) (Discontinued by Manufacturer)", "imUrl": "http://ecx.images-amazon.com/images/I/41dETWTY6KL._SX300_.jpg", "price": 179.99, "numReviews": 131, "groups": [88], "averageRating": 3.8091603053435112, "salesRankCategory": "Electronics", "salesRank": 39752}, {"asin": "B003CP0K8W", "name": "Yamaha RX-V467BL 525-Watt 5.1 Channel AV Receiver (OLD VERSION) (Discontinued by Manufacturer)", "imUrl": "http://ecx.images-amazon.com/images/I/31GtQaoCa3L._SX300_.jpg", "price": 329.95, "numReviews": 27, "groups": [89], "averageRating": 4.2592592592592595, "brand": "Yamaha", "salesRankCategory": "Electronics", "salesRank": 67809}, {"asin": "B00BLZDKZ0", "name": "Marantz NR1604 Slim Line 7.1 Network AV Receiver with Apple AirPlay \u00ae (Discontinued by Manufacturer)", "imUrl": "http://ecx.images-amazon.com/images/I/31u9a-05VWL._SX300_.jpg", "price": 699.0, "numReviews": 30, "groups": [90], "averageRating": 4.433333333333334, "salesRankCategory": "Electronics", "salesRank": 26544}, {"asin": "B00829USMQ", "name": "Denon AVR-2313CI Networking Home Theater Receiver with AirPlay and Powered Zone 2 (Discontinued by Manufacturer)", "imUrl": "http://ecx.images-amazon.com/images/I/31Y47eyJWbL._SX300_.jpg", "price": 593.88, "numReviews": 30, "groups": [91], "averageRating": 4.066666666666666, "brand": "Denon", "salesRankCategory": "Electronics", "salesRank": 44651}, {"asin": "B000FJKJHU", "name": "Onkyo TX-SR304B Home Theater Receiver (Black) (Discontinued by Manufacturer)", "imUrl": "http://ecx.images-amazon.com/images/I/31YPDZHTuGL._SX300_.jpg", "price": 199.0, "numReviews": 76, "groups": [92], "averageRating": 4.381578947368421, "salesRankCategory": "Electronics", "salesRank": 86686}, {"asin": "B001BNX5I4", "name": "Denon AVR-589 375-Watt 5.1 Channel Home Theater Receiver (Discontinued by Manufacturer)", "imUrl": "http://ecx.images-amazon.com/images/I/41m4cbxZ8rL._SX300_.jpg", "price": 9.68, "numReviews": 4, "groups": [93], "averageRating": 3.75, "salesRankCategory": "Electronics", "salesRank": 13049}, {"asin": "B002KKCPAG", "name": "Marantz SR5004 Audio/video Receiver (Black) (Discontinued by Manufacturer)", "imUrl": "http://ecx.images-amazon.com/images/I/4188h5s1eAL._SX300_.jpg", "price": 184.22, "numReviews": 10, "groups": [94], "averageRating": 4.2, "salesRankCategory": "Electronics", "salesRank": 144827}, {"asin": "B000BMHERE", "name": "Yamaha HTR-5990 XM-Ready 7.1-Channel A/V Surround Receiver (Black) (Discontinued by Manufacturer)", "imUrl": "http://ecx.images-amazon.com/images/I/4170N4DN1VL._SX300_.jpg", "price": 549.95, "numReviews": 8, "groups": [95], "averageRating": 4.375, "salesRankCategory": "Electronics", "salesRank": 241335}, {"asin": "B000P1JFAK", "name": "Yamaha RX-V361BL 500 Watt 5.1-Channel Home Theater Receiver (OLD VERSION) (Discontinued by Manufacturer)", "imUrl": "http://ecx.images-amazon.com/images/I/41gA8NjVAeL._SY300_.jpg", "price": 249.95, "numReviews": 10, "groups": [96], "averageRating": 3.9, "salesRankCategory": "Electronics", "salesRank": 179363}, {"asin": "B0015HKR46", "name": "Sony STRDG720 7.1 Audio Video Receiver - Black (Discontinued by Manufacturer)", "imUrl": "http://ecx.images-amazon.com/images/I/412xLh11xBL._SX300_.jpg", "price": 319.95, "numReviews": 92, "groups": [97], "averageRating": 4.0978260869565215, "salesRankCategory": "Electronics", "salesRank": 83147}, {"asin": "B00CE3XTHM", "name": "Teac CR-H260I-B  CD/SD Receiver  with Bluetooth (Black)", "imUrl": "http://ecx.images-amazon.com/images/I/41147wkdAIL._SY300_.jpg", "price": 259.99, "numReviews": 3, "groups": [98], "averageRating": 4.0, "brand": "Teac"}, {"asin": "B00008ZPJN", "name": "Motorola DCP501 All-In-One Home Theater Receiver", "imUrl": "http://ecx.images-amazon.com/images/I/412KoYTOrEL._SX300_.jpg", "price": 199.0, "numReviews": 21, "groups": [99], "averageRating": 3.1904761904761907, "salesRankCategory": "Electronics", "salesRank": 86560}, {"asin": "B001UADEPC", "name": "Pioneer VSX-1019AH-K 7-Channel Home Theater Receiver (Black) (Discontinued by Manufacturer)", "imUrl": "http://ecx.images-amazon.com/images/I/41V459vYx%2BL._SX300_.jpg", "price": 496.99, "numReviews": 125, "groups": [100], "averageRating": 4.0, "salesRankCategory": "Electronics", "salesRank": 53821}, {"asin": "B002DUCO54", "name": "Marantz NR1501 Slim Line Home Theater Receiver (Discontinued by Manufacturer)", "imUrl": "http://ecx.images-amazon.com/images/I/31IiBZZrKCL._SX300_.jpg", "price": 399.0, "numReviews": 26, "groups": [101], "averageRating": 3.6923076923076925, "salesRankCategory": "Electronics", "salesRank": 87154}, {"asin": "B001S2RD9U", "name": "Yamaha RX-V465BL 525 Watt 5-Channel Home Theater Receiver (OLD VERSION) (Discontinued by Manufacturer)", "imUrl": "http://ecx.images-amazon.com/images/I/31SSq2JgVOL._SX300_.jpg", "price": 359.95, "numReviews": 76, "groups": [102], "averageRating": 4.092105263157895, "salesRankCategory": "Electronics", "salesRank": 78866}, {"asin": "B006U1VH2S", "name": "Sony STRDH130 2 Channel Stereo Receiver (Black)", "imUrl": "http://ecx.images-amazon.com/images/I/41YSwYSkIjL._SY300_.jpg", "price": 128.0, "numReviews": 314, "groups": [103], "averageRating": 4.111464968152866, "brand": "Sony", "salesRankCategory": "Electronics", "salesRank": 755}, {"asin": "B0044779IG", "name": "Yamaha T-S500BL Home Theater AM/FM Tuner (Black)", "imUrl": "http://ecx.images-amazon.com/images/I/31qBOFw-vcL._SX300_.jpg", "price": 249.95, "numReviews": 4, "groups": [104], "averageRating": 3.75, "brand": "Yamaha", "salesRankCategory": "Electronics", "salesRank": 14660}, {"asin": "B000AQQI1E", "name": "Denon AVR-1906 7 Channels Home Theater A/V Receiver", "imUrl": "http://ecx.images-amazon.com/images/I/41EG791MTGL._SX300_.jpg", "price": 249.0, "numReviews": 1, "groups": [105], "averageRating": 4.0, "salesRankCategory": "Electronics", "salesRank": 57323}, {"asin": "B004149A52", "name": "Pioneer VSX-33 Elite Audio/Video Multi-Channel Receiver (Discontinued by Manufacturer)", "imUrl": "http://ecx.images-amazon.com/images/I/21i6qJcN8DL.jpg", "price": 9.68, "numReviews": 23, "groups": [106], "averageRating": 4.304347826086956, "salesRankCategory": "Electronics", "salesRank": 35171}, {"asin": "B0066AYGCQ", "name": "Sherwood RD-606i Audio and Video Component Receivers (Black) (Discontinued by Manufacturer)", "imUrl": "http://ecx.images-amazon.com/images/I/51hABSKLPGL._SY300_.jpg", "price": 179.99, "numReviews": 2, "groups": [107], "averageRating": 5.0, "salesRankCategory": "Electronics", "salesRank": 211077}, {"asin": "B0016BGRX6", "name": "Harman Kardon AVR-254 7x50W 7.1-Channel Home Theater Receiver with HDMI 1.3a Repeater (Discontinued by Manufacturer)", "imUrl": "http://ecx.images-amazon.com/images/I/313y3oFA2NL._SX300_.jpg", "price": 9.99, "numReviews": 72, "groups": [108], "averageRating": 3.638888888888889, "salesRankCategory": "Electronics", "salesRank": 106235}, {"asin": "B0054N9RQQ", "name": "Harman Kardon AVR 2650 7.1 Channel 95-Watt Audio/Video Receiver with HDMI v.1.4a, 3-D, Deep Color and Audio Return Channel (Discontinued by Manufacturer)", "imUrl": "http://ecx.images-amazon.com/images/I/31mcb3rG9tL._SX300_.jpg", "price": 325.94, "numReviews": 37, "groups": [109], "averageRating": 3.3513513513513513, "brand": "Harman Kardon", "salesRankCategory": "Electronics", "salesRank": 9407}, {"asin": "B00B7X2OV2", "name": "Denon AVR-E300 5.1 Channel 3D Pass Through and Networking Home Theater AV Receiver with AirPlay", "imUrl": "http://ecx.images-amazon.com/images/I/41mErwrXplL._SX300_.jpg", "price": 249.99, "numReviews": 144, "groups": [110], "averageRating": 4.173611111111111, "brand": "Denon", "salesRankCategory": "Electronics", "salesRank": 919}, {"asin": "B005E1HWN8", "name": "Pioneer VSX-53 7.1-Channel 3D Ready Elite A/V Receiver (Discontinued by Manufacturer)", "imUrl": "http://ecx.images-amazon.com/images/I/21WQZ9z29pL.jpg", "price": 639.0, "numReviews": 32, "groups": [111], "averageRating": 3.5, "brand": "Pioneer", "salesRankCategory": "Electronics", "salesRank": 36837}, {"asin": "B00004SD9G", "name": "Pioneer VSX-D509S Dolby Digital Audio/Video Receiver (Discontinued by Manufacturer)", "imUrl": "http://ecx.images-amazon.com/images/I/41SNHTBRXYL._SX300_.jpg", "price": 4.45, "numReviews": 8, "groups": [112], "averageRating": 3.25, "salesRankCategory": "Electronics", "salesRank": 181684}, {"asin": "B004H1PJAE", "name": "InsigniaTM NS-R2001 200W 2.0 Channel Stereo Receiver black", "imUrl": "http://ecx.images-amazon.com/images/I/51x3Vz9tZlL._SY300_.jpg", "price": 112.0, "numReviews": 10, "groups": [113], "averageRating": 4.1, "brand": "Insignia", "salesRankCategory": "Electronics", "salesRank": 42803}, {"asin": "B0081N916M", "name": "Marantz NR1403 Slim Line 5.1-channel Home Theater AV receiver", "imUrl": "http://ecx.images-amazon.com/images/I/31%2B84o%2BuMXL._SX300_.jpg", "price": 399.0, "numReviews": 79, "groups": [114], "averageRating": 4.30379746835443, "brand": "Marantz", "salesRankCategory": "Electronics", "salesRank": 3312}, {"asin": "B009A021SA", "name": "Insignia NS-AV511 Home Theater Receiver", "imUrl": "http://ecx.images-amazon.com/images/I/51D8X38nlPL._SX300_.jpg", "price": 179.99, "numReviews": 6, "groups": [115], "averageRating": 3.5, "salesRankCategory": "Electronics", "salesRank": 101792}, {"asin": "B00BLGUKBQ", "name": "Onkyo TX-NR727 3D Ready A/V Receiver - 7.2 Channel", "imUrl": "http://ecx.images-amazon.com/images/I/41cgvSwc5NL._SX300_.jpg", "price": 594.0, "numReviews": 35, "groups": [116], "averageRating": 4.228571428571429, "brand": "Onkyo", "salesRankCategory": "Electronics", "salesRank": 13986}, {"asin": "B00EXTVPOE", "name": "Denon AVR-S900W 7.2-Channel Network A/V Receiver with Bluetooth and Wi-Fi", "imUrl": "http://ecx.images-amazon.com/images/I/41DSL6Y5zPL._SX300_.jpg", "price": 599.0, "numReviews": 7, "groups": [5], "averageRating": 3.7142857142857144, "brand": "Denon", "salesRankCategory": "Electronics", "salesRank": 8372}, {"asin": "B000HXNF8O", "name": "Onkyo TX-8222 50 Watt Stereo Receiver (Discontinued by Manufacturer)", "imUrl": "http://ecx.images-amazon.com/images/I/31ZlbOTvQAL._SX300_.jpg", "price": 159.0, "numReviews": 24, "groups": [117], "averageRating": 4.166666666666667, "salesRankCategory": "Electronics", "salesRank": 149269}, {"asin": "B000OBOGEQ", "name": "Onkyo TX-SR575 7.1 Channel Home Theater Receiver (Black)", "imUrl": "http://ecx.images-amazon.com/images/I/31PBF56dAaL._SX300_.jpg", "price": 199.0, "numReviews": 21, "groups": [118], "averageRating": 3.9523809523809526, "salesRankCategory": "Electronics", "salesRank": 159581}, {"asin": "B004SF20FG", "name": "Technical Pro 72-RX35U 800-Watts TP Pro Digital Home Receiver with iPod Input", "imUrl": "http://ecx.images-amazon.com/images/I/41IOUNGweTL._SY300_.jpg", "price": 115.99, "numReviews": 89, "groups": [119], "averageRating": 2.6292134831460676, "salesRankCategory": "Electronics", "salesRank": 24119}, {"asin": "B0000665PB", "name": "ONKYO TX-SR500 A/V Receiver (Discontinued by Manufacturer)", "imUrl": "http://ecx.images-amazon.com/images/I/1123YR8XV3L.jpg", "price": 199.0, "numReviews": 2, "groups": [120], "averageRating": 4.5, "salesRankCategory": "Electronics", "salesRank": 190488}, {"asin": "B000066R5R", "name": "Harman Kardon AVR 225 Dolby Digital Receiver (Discontinued by Manufacturer)", "imUrl": "http://ecx.images-amazon.com/images/I/41QS4J2R79L._SX300_.jpg", "price": 279.0, "numReviews": 5, "groups": [121], "averageRating": 4.4, "salesRankCategory": "Electronics", "salesRank": 234747}, {"asin": "B0001XAJ70", "name": "Yamaha HTR-5730SL 5.1-Channel A/V Surround Receiver (Silver) (Discontinued by Manufacturer)", "imUrl": "http://ecx.images-amazon.com/images/I/31V5XTR7P7L._SX300_.jpg", "price": 249.95, "numReviews": 11, "groups": [122], "averageRating": 3.909090909090909, "salesRankCategory": "Electronics", "salesRank": 228967}, {"asin": "B001AMSOYG", "name": "Onkyo TX-SR706 7.1 Channel Home Theater Receiver (Black) (Discontinued by Manufacturer)", "imUrl": "http://ecx.images-amazon.com/images/I/418S3g4cELL._SX300_.jpg", "price": 398.0, "numReviews": 87, "groups": [123], "averageRating": 4.022988505747127, "salesRankCategory": "Electronics", "salesRank": 90719}, {"asin": "B000MBUSD6", "name": "Sherwood RX-4109 105 Watt Stereo Receiver (Black)", "imUrl": "http://ecx.images-amazon.com/images/I/51j3tcy96sL._SY300_.jpg", "price": 119.99, "numReviews": 331, "groups": [103], "averageRating": 4.069486404833837, "brand": "Sherwood", "salesRankCategory": "Electronics", "salesRank": 995}, {"asin": "B003HFZADC", "name": "SHERWOOD R-904NW NETBOXX 100-Watt x 7 Surround Receiver with Wi-Fi and Internet Radio (White) (Discontinued by Manufacturer)", "imUrl": "http://ecx.images-amazon.com/images/I/31ApZUuV3AL._SX300_.jpg", "price": 399.0, "numReviews": 2, "groups": [124], "averageRating": 3.0, "salesRankCategory": "Electronics", "salesRank": 158282}, {"asin": "B00CMNZH1A", "name": "Harman Kardon AVR 1510 5.1-Channel 75-Watt Networked Audio/Video Receiver", "imUrl": "http://ecx.images-amazon.com/images/I/31hlO6CmYEL._SX300_.jpg", "price": 294.99, "numReviews": 16, "groups": [125], "averageRating": 4.375, "brand": "Harman Kardon", "salesRankCategory": "Electronics", "salesRank": 12438}, {"asin": "B00005I9RA", "name": "Sony STR-DE675 Surround Sound Receiver (Discontinued by Manufacturer)", "imUrl": "http://ecx.images-amazon.com/images/I/11ZFCMHJHQL.jpg", "price": 199.0, "numReviews": 4, "groups": [126], "averageRating": 4.25, "salesRankCategory": "Electronics", "salesRank": 82853}, {"asin": "B000OBJW1I", "name": "Onkyo TX-SR705 7.1 Channel Home Theater Receiver (Black) (Discontinued by Manufacturer)", "imUrl": "http://ecx.images-amazon.com/images/I/41P0TeJd%2B7L._SX300_.jpg", "price": 5.99, "numReviews": 179, "groups": [127], "averageRating": 4.301675977653631, "salesRankCategory": "Electronics", "salesRank": 84343}, {"asin": "B0015DEIHW", "name": "Pioneer VSX-818V 5.1-Channel AV Receiver", "imUrl": "http://ecx.images-amazon.com/images/I/41utJ-l88KL._SX300_.jpg", "price": 4.45, "numReviews": 14, "groups": [128], "averageRating": 3.857142857142857, "salesRankCategory": "Electronics", "salesRank": 160344}, {"asin": "B0015HPYD0", "name": "Sony STR-DG520 5.1 Audio Video Receiver - Black (Discontinued by Manufacturer)", "imUrl": "http://ecx.images-amazon.com/images/I/41I6oj4qKJL._SX300_.jpg", "price": 199.0, "numReviews": 43, "groups": [129], "averageRating": 3.488372093023256, "salesRankCategory": "Electronics", "salesRank": 54807}, {"asin": "B0077V8930", "name": "Onkyo TX-SR313 5.1- Channel Home Theater A/V Receiver, Black", "imUrl": "http://ecx.images-amazon.com/images/I/4145hHuVGAL._SX300_.jpg", "price": 199.99, "numReviews": 284, "groups": [130], "averageRating": 3.9471830985915495, "brand": "Onkyo", "salesRankCategory": "Electronics", "salesRank": 519}, {"asin": "B00005AY94", "name": "JVC RX-6010VBK Audio/Video Receiver (Discontinued by Manufacturer)", "imUrl": "http://ecx.images-amazon.com/images/I/41SBVZ8KG7L._SX300_.jpg", "price": 128.0, "numReviews": 3, "groups": [131], "averageRating": 2.3333333333333335, "salesRankCategory": "Electronics", "salesRank": 104293}, {"asin": "B00007LA2A", "name": "Yamaha HTR-5280 - AV receiver - 5.1 channel - black", "imUrl": "http://ecx.images-amazon.com/images/I/518V9YfJj2L._SX300_.jpg", "price": 8.99, "numReviews": 2, "groups": [132], "averageRating": 5.0}, {"asin": "B0000658AY", "name": "Yamaha HTR-5550 Audio/Video Receiver (Discontinued by Manufacturer)", "imUrl": "http://ecx.images-amazon.com/images/I/4146S8SBCVL._SX300_.jpg", "price": 9.68, "numReviews": 8, "groups": [133], "averageRating": 4.375, "salesRankCategory": "Electronics", "salesRank": 281398}, {"asin": "B0013ZGOYM", "name": "Yamaha RX-V363BL 500 Watt 5.1-Channel Home Theater Receiver (OLD VERSION) (Discontinued by Manufacturer)", "imUrl": "http://ecx.images-amazon.com/images/I/41CNVqM%2BYQL._SX300_.jpg", "price": 249.95, "numReviews": 54, "groups": [134], "averageRating": 4.203703703703703, "salesRankCategory": "Electronics", "salesRank": 91760}, {"asin": "B002AKKFQM", "name": "Denon AVR590 5.1-Channel Home Theater Receiver with 1080p HDMI Connectivity (Discontinued by Manufacturer)", "imUrl": "http://ecx.images-amazon.com/images/I/41f8DM42h2L._SX300_.jpg", "price": 194.99, "numReviews": 23, "groups": [135], "averageRating": 4.217391304347826, "salesRankCategory": "Electronics", "salesRank": 108633}, {"asin": "B004V8KWQO", "name": "Onkyo TX-NR709 7.2-Channel Network A/V Receiver (Black) (Discontinued by Manufacturer)", "imUrl": "http://ecx.images-amazon.com/images/I/41eWUpslijL._SX300_.jpg", "price": 788.0, "numReviews": 115, "groups": [136], "averageRating": 3.591304347826087, "salesRankCategory": "Electronics", "salesRank": 36722}, {"asin": "B000F44NU4", "name": "Denon AVR-2807 A/V Surround Receiver", "imUrl": "http://ecx.images-amazon.com/images/I/41W0ED8HSJL._SX300_.jpg", "price": 199.0, "numReviews": 15, "groups": [137], "averageRating": 3.7333333333333334, "salesRankCategory": "Electronics", "salesRank": 162288}, {"asin": "B003H3JFOO", "name": "SHERWOOD RD-6505 5.1-Channel 110-Watt A/V Receiver with HDMI Switching (Discontinued by Manufacturer)", "imUrl": "http://ecx.images-amazon.com/images/I/51cyf-PpumL._SY300_.jpg", "price": 249.95, "numReviews": 8, "groups": [138], "averageRating": 4.375, "salesRankCategory": "Electronics", "salesRank": 114066}, {"asin": "B000EU0UVA", "name": "Sony STR-DG800 7.1-Channel Home Theater Receiver with HDMI Passthrough (Discontinued by Manufacturer)", "imUrl": "http://ecx.images-amazon.com/images/I/41WZ5K6NNYL._SX300_.jpg", "price": 399.95, "numReviews": 55, "groups": [139], "averageRating": 3.8181818181818183, "salesRankCategory": "Electronics", "salesRank": 107272}, {"asin": "B0039XQKXQ", "name": "Pioneer VSX-520-K 5.1 Home Theater Receiver (Discontinued by Manufacturer)", "imUrl": "http://ecx.images-amazon.com/images/I/41K2%2BJ7QH3L._SX300_.jpg", "price": 246.99, "numReviews": 95, "groups": [140], "averageRating": 4.0, "salesRankCategory": "Electronics", "salesRank": 53674}, {"asin": "B000ETUG38", "name": "Sony STR-DG600 7.1 Channel Home Theater Receiver with XM Connect-and-Play (Discontinued by Manufacturer)", "imUrl": "http://ecx.images-amazon.com/images/I/41AS45S5D3L._SX300_.jpg", "price": 128.0, "numReviews": 24, "groups": [141], "averageRating": 4.458333333333333, "salesRankCategory": "Electronics", "salesRank": 71634}, {"asin": "B000PDY3Y6", "name": "Onkyo HT-R530 7.1 Channel Surround Sound Receiver", "imUrl": "http://ecx.images-amazon.com/images/I/516BORTjfKL._SX300_.jpg", "price": 199.0, "numReviews": 6, "groups": [142], "averageRating": 4.666666666666667, "salesRankCategory": "Electronics", "salesRank": 194742}, {"asin": "B00020M092", "name": "Denon Avr-3805", "imUrl": "http://ecx.images-amazon.com/images/I/41aLzjkdWrL._SX300_.jpg", "price": 249.0, "numReviews": 10, "groups": [143], "averageRating": 4.1}, {"asin": "B0013ZAL28", "name": "Yamaha RX-V563BL 630 Watt 7.1-Channel Home Theater Receiver (OLD VERSION) (Discontinued by Manufacturer)", "imUrl": "http://ecx.images-amazon.com/images/I/418K%2BimaOfL._SX300_.jpg", "price": 9.99, "numReviews": 4, "groups": [144], "averageRating": 4.75, "salesRankCategory": "Electronics", "salesRank": 148064}, {"asin": "B005ETJVUM", "name": "Pioneer Elite VSX-51 7.1-Channel 3-D Ready A/V Receiver", "imUrl": "http://ecx.images-amazon.com/images/I/41PcwozFvgL._SX300_.jpg", "price": 549.95, "numReviews": 39, "groups": [145], "averageRating": 3.641025641025641, "salesRankCategory": "Electronics", "salesRank": 59324}, {"asin": "B00ILCS164", "name": "Yamaha RX-V777BT 7.2-channel Wi-Fi Network AV Receiver with Bluetooth\u00ae adapter", "imUrl": "http://ecx.images-amazon.com/images/I/31%2BR30ZNbtL._SX300_.jpg", "price": 799.95, "numReviews": 1, "groups": [146], "averageRating": 5.0, "brand": "Yamaha", "salesRankCategory": "Electronics", "salesRank": 4543}, {"asin": "B000PCEG58", "name": "Yamaha RX-V861BL 7.1-Channel XM-Ready Home Theater Receiver (Discontinued by Manufacturer)", "imUrl": "http://ecx.images-amazon.com/images/I/41RaLCcTo5L._SX300_.jpg", "price": 41.49, "numReviews": 13, "groups": [147], "averageRating": 4.384615384615385, "salesRankCategory": "Electronics", "salesRank": 15701}, {"asin": "B002FU5OKO", "name": "Sony Stereo STR-DA1500ES 2-Channel Audio Receiver (Black) (Discontinued by Manufacturer)", "imUrl": "http://ecx.images-amazon.com/images/I/41T3%2Boo1qwL._SY300_.jpg", "price": 549.99, "numReviews": 2, "groups": [148], "averageRating": 5.0, "salesRankCategory": "Electronics", "salesRank": 183420}, {"asin": "B0087EW83I", "name": "Sony STRDH820 7.2 Channel 3D AV Receiver (Black) + High Speed HDMI Cable and 50ft 16 AWG Speaker Wire", "imUrl": "http://ecx.images-amazon.com/images/I/41GwasGxaFL._SX300_.jpg", "price": 319.95, "numReviews": 2, "groups": [149], "averageRating": 5.0, "salesRankCategory": "Electronics", "salesRank": 173722}, {"asin": "B00C31Q7D8", "name": "Pioneer VSX-70 7.2-Channel CI Focused Home Theater Receiver (Discontinued by Manufacturer)", "imUrl": "http://ecx.images-amazon.com/images/I/411Mkp8ZijL._SX300_.jpg", "price": 599.0, "numReviews": 14, "groups": [150], "averageRating": 4.714285714285714, "salesRankCategory": "Electronics", "salesRank": 62596}, {"asin": "B003CP0KGY", "name": "Yamaha HTR-5063BL 630-Watt 7.1 Channel AV Receiver (Each, Black) (Discontinued by Manufacturer)", "imUrl": "http://ecx.images-amazon.com/images/I/31mop0cnwiL._SX300_.jpg", "price": 499.95, "numReviews": 17, "groups": [151], "averageRating": 4.588235294117647, "salesRankCategory": "Electronics", "salesRank": 84238}, {"asin": "B004BD9W4W", "name": "Onkyo CS-445 CD Receiver System", "imUrl": "http://ecx.images-amazon.com/images/I/415uGQjW3wL._SX300_.jpg", "price": 189.95, "numReviews": 190, "groups": [152], "averageRating": 4.347368421052631, "brand": "Onkyo", "salesRankCategory": "Electronics", "salesRank": 3715}, {"asin": "B0006UD8FS", "name": "Sherwood RD-8601 6.1-Channel Home Theater Receiver with Dolby Digital and DTS Decoding (Discontinued by Manufacturer)", "imUrl": "http://ecx.images-amazon.com/images/I/415888ZV01L._SY300_.jpg", "price": 249.95, "numReviews": 12, "groups": [153], "averageRating": 3.9166666666666665, "salesRankCategory": "Electronics", "salesRank": 112253}, {"asin": "B001S0NTRM", "name": "Sherwood RD6504 100 Watt 5.1 Dolby Digital Receiver (Black)", "imUrl": "http://ecx.images-amazon.com/images/I/41hKD-HhRkL._SX300_.jpg", "price": 199.0, "numReviews": 5, "groups": [154], "averageRating": 4.8, "salesRankCategory": "Electronics", "salesRank": 138915}, {"asin": "B000OBMX0K", "name": "Onkyo TX-SR705 7.1 Channel Home Theater Receiver (Black) (Discontinued by Manufacturer)", "imUrl": "http://ecx.images-amazon.com/images/I/41P0TeJd%2B7L._SX300_.jpg", "price": 5.99, "numReviews": 179, "groups": [155], "averageRating": 4.301675977653631, "salesRankCategory": "Electronics", "salesRank": 84343}, {"asin": "B001CSBEKE", "name": "Denon AVR-989 805-Watt 7.1 Channel Home Theater Receiver (Discontinued by Manufacturer)", "imUrl": "http://ecx.images-amazon.com/images/I/41WNbC02tDL._SX300_.jpg", "price": 10.99, "numReviews": 6, "groups": [156], "averageRating": 4.666666666666667, "salesRankCategory": "Electronics", "salesRank": 181775}, {"asin": "B00BKXCKP4", "name": "Pioneer VSX-523 5.1-Channel A/V Receiver (Black)", "imUrl": "http://ecx.images-amazon.com/images/I/41p32DY4b5L._SX300_.jpg", "price": 246.99, "numReviews": 34, "groups": [157], "averageRating": 3.5588235294117645, "salesRankCategory": "Electronics", "salesRank": 28678}, {"asin": "B000HASETW", "name": "Denon AVR-987 7.1-Channel Home Theater Receiver (Discontinued by Manufacturer)", "imUrl": "http://ecx.images-amazon.com/images/I/41BYNYAZR9L._SX300_.jpg", "price": 24.05, "numReviews": 4, "groups": [158], "averageRating": 4.25, "salesRankCategory": "Electronics", "salesRank": 217728}, {"asin": "B004QQXDVC", "name": "Yamaha RX-V371BL 5.1- Channel A/V Receiver (Discontinued by Manufacturer)", "imUrl": "http://ecx.images-amazon.com/images/I/41LWz1wJU2L._SX300_.jpg", "price": 249.95, "numReviews": 248, "groups": [159], "averageRating": 4.217741935483871, "salesRankCategory": "Electronics", "salesRank": 23501}, {"asin": "B0054HEFX2", "name": "Brand New Technical Pro Rx35u 800 Watt Professional Receiver w/ Dual Mic + USB and Sd Card Input + Remote Control", "imUrl": "http://ecx.images-amazon.com/images/I/41RmO2Yf8VL._SX300_.jpg", "price": 199.99, "numReviews": 1, "groups": [160], "averageRating": 5.0}, {"asin": "B007JOO4YS", "name": "Onkyo TX-NR717 7.2-Channel Network A/V Receiver (Discontinued by Manufacturer)", "imUrl": "http://ecx.images-amazon.com/images/I/41PqdIVf72L._SX300_.jpg", "price": 699.99, "numReviews": 215, "groups": [161], "averageRating": 4.316279069767442, "brand": "Onkyo", "salesRankCategory": "Electronics", "salesRank": 23372}, {"asin": "B001S2RDA4", "name": "Yamaha RX-V365BL 500 Watt 5-Channel Home Theater Receiver (OLD VERSION) (Discontinued by Manufacturer)", "imUrl": "http://ecx.images-amazon.com/images/I/41PWPT6In1L._SX300_.jpg", "price": 249.95, "numReviews": 40, "groups": [162], "averageRating": 3.975, "salesRankCategory": "Electronics", "salesRank": 79375}, {"asin": "B000UPBQOO", "name": "Denon AVR-888 7.1-Channel/5.1+2-Channel Independent Zone Home Theater Receiver with HDMI I/O and Serial I/R Control (Black) (Discontinued by Manufacturer)", "imUrl": "http://ecx.images-amazon.com/images/I/41hiilSlcrL._SX300_.jpg", "price": 549.95, "numReviews": 47, "groups": [163], "averageRating": 4.340425531914893, "salesRankCategory": "Electronics", "salesRank": 115093}, {"asin": "B00903GP8O", "name": "Technical Pro RX55URIBT Professional Receiver with USB & SD Card Inputs and Bluetooth Compatibility, 1500 Watts Peak Power", "imUrl": "http://ecx.images-amazon.com/images/I/41-3BbVNOsL._SY300_.jpg", "price": 154.95, "numReviews": 3, "groups": [164], "averageRating": 3.0, "brand": "Technical Pro", "salesRankCategory": "Musical Instruments", "salesRank": 52233}, {"asin": "B0044779G8", "name": "Yamaha R-S700BL Natural Sound Stereo Receiver (Black)", "imUrl": "http://ecx.images-amazon.com/images/I/316oBsD7UVL._SX300_.jpg", "price": 499.95, "numReviews": 181, "groups": [165], "averageRating": 4.425414364640884, "brand": "Yamaha", "salesRankCategory": "Electronics", "salesRank": 7425}, {"asin": "B00BHC7ZTE", "name": "Sony STR-DH740 7.2 Channel 4K AV Receiver (Black)", "imUrl": "http://ecx.images-amazon.com/images/I/31xO7Xjr8wL._SY300_.jpg", "price": 229.0, "numReviews": 159, "groups": [166], "averageRating": 4.2578616352201255, "salesRankCategory": "Electronics", "salesRank": 498}, {"asin": "B003BEDQQM", "name": "Onkyo TX-SR308 5.1-Channel Home Theater Receiver (Black) (Discontinued by Manufacturer)", "imUrl": "http://ecx.images-amazon.com/images/I/41pm1Icnh-L._SX300_.jpg", "price": 249.0, "numReviews": 89, "groups": [167], "averageRating": 4.123595505617978, "salesRankCategory": "Electronics", "salesRank": 53137}, {"asin": "B0009319S0", "name": "Yamaha HTR-5840 XM-Ready 6.1-Channel A/V Surround Receiver (Black) (Discontinued by Manufacturer)", "imUrl": "http://ecx.images-amazon.com/images/I/31DF09CNHYL._SX300_.jpg", "price": 128.0, "numReviews": 4, "groups": [168], "averageRating": 4.0, "salesRankCategory": "Electronics", "salesRank": 69255}, {"asin": "B004H1MJXE", "name": "Insignia 450W 51-Ch 3D Pass Through A/V Home Theater Receiver wi", "imUrl": "http://ecx.images-amazon.com/images/I/310Rpq5uCjL._SX300_.jpg", "price": 9.68, "numReviews": 2, "groups": [169], "averageRating": 3.0, "salesRankCategory": "Electronics", "salesRank": 204779}, {"asin": "B00CALM12W", "name": "Denon AVR-X3000 7.2-Channel 4K Ultra HD Networking Home Theater Receiver with AirPlay", "imUrl": "http://ecx.images-amazon.com/images/I/41uHCGgTBYL._SX300_.jpg", "price": 899.0, "numReviews": 26, "groups": [170], "averageRating": 4.384615384615385, "brand": "Denon", "salesRankCategory": "Electronics", "salesRank": 10242}, {"asin": "B002AKKFPS", "name": "Denon AVR2310CI 7.1-Channel Multi-Zone Home Theater Receiver with 1080p HDMI Connectivity (Discontinued by Manufacturer)", "imUrl": "http://ecx.images-amazon.com/images/I/41tOUNGRTdL._SX300_.jpg", "price": 349.0, "numReviews": 29, "groups": [171], "averageRating": 3.9310344827586206, "salesRankCategory": "Electronics", "salesRank": 91788}, {"asin": "B00BSZQDY8", "name": "Cambridge Audio - Azur 351R - 5.1 AV Receiver - Black", "imUrl": "http://ecx.images-amazon.com/images/I/31aSYgFQFTL._SX300_.jpg", "price": 799.0, "numReviews": 1, "groups": [172], "averageRating": 5.0, "brand": "Cambridge Audio", "salesRankCategory": "Electronics", "salesRank": 147967}, {"asin": "B0056HRK9G", "name": "Yamaha RX-A810BL 7.2-Channel Network AV Receiver (OLD VERSION) (Discontinued by Manufacturer)", "imUrl": "http://ecx.images-amazon.com/images/I/31dvHzuLIiL._SX300_.jpg", "price": 699.0, "numReviews": 16, "groups": [173], "averageRating": 4.0, "salesRankCategory": "Electronics", "salesRank": 91671}, {"asin": "B003CP0K8C", "name": "Yamaha RX-V367BL 500-Watt 5.1- Channel AV Receiver (Discontinued by Manufacturer)", "imUrl": "http://ecx.images-amazon.com/images/I/3191SWpT1PL._SX300_.jpg", "price": 249.95, "numReviews": 77, "groups": [174], "averageRating": 3.8701298701298703, "salesRankCategory": "Electronics", "salesRank": 50695}, {"asin": "B00HZE2WW8", "name": "Yamaha RX-V377 5.1-Channel A/V Home Theater Receiver", "imUrl": "http://ecx.images-amazon.com/images/I/31Cl2ylwH0L._SX300_.jpg", "price": 249.95, "numReviews": 29, "groups": [175], "averageRating": 4.551724137931035, "brand": "Yamaha", "salesRankCategory": "Electronics", "salesRank": 822}, {"asin": "B00007BKU2", "name": "Harman Kardon AVR 525 Dolby Digital Receiver (Discontinued by Manufacturer)", "imUrl": "http://ecx.images-amazon.com/images/I/41B7P8A27DL._SY300_.jpg", "price": 279.0, "numReviews": 7, "groups": [176], "averageRating": 4.571428571428571, "salesRankCategory": "Electronics", "salesRank": 259313}, {"asin": "B000INJP3W", "name": "Onkyo TX-SR603X 7.1 Channel Home Theater Receiver (Black)", "imUrl": "http://ecx.images-amazon.com/images/I/410H25E3WAL._SX300_.jpg", "price": 9.68, "numReviews": 4, "groups": [177], "averageRating": 4.5}, {"asin": "B000OBMX00", "name": "Onkyo TX-SR505 7.1 Channel Home Theater Receiver (Black) (Discontinued by Manufacturer)", "imUrl": "http://ecx.images-amazon.com/images/I/312HRWFRlBL._SX300_.jpg", "price": 199.0, "numReviews": 97, "groups": [178], "averageRating": 4.061855670103093, "salesRankCategory": "Electronics", "salesRank": 47704}, {"asin": "B002IKKFU0", "name": "Harman/Kardon AVR2600 7 x 65W 7.1-Channel A/V Receiver", "imUrl": "http://ecx.images-amazon.com/images/I/31uELX4%2BwCL._SY300_.jpg", "price": 799.95, "numReviews": 41, "groups": [179], "averageRating": 3.731707317073171, "salesRankCategory": "Electronics", "salesRank": 62527}, {"asin": "B000EYH8TS", "name": "Pioneer VSX-816-K 7.1-channel XM-Ready A/V Receiver, Black", "imUrl": "http://ecx.images-amazon.com/images/I/41Y3BPTDRKL._SX300_.jpg", "price": 179.0, "numReviews": 24, "groups": [180], "averageRating": 2.9583333333333335, "salesRankCategory": "Electronics", "salesRank": 155785}, {"asin": "B0032HFR2Y", "name": "Teac CR-H238i AM/FM Receiver USB iPod Interface (Black) (Discontinued by Manufacturer)", "imUrl": "http://ecx.images-amazon.com/images/I/41y0sEIF9CL._SY300_.jpg", "price": 239.99, "numReviews": 2, "groups": [181], "averageRating": 3.0, "salesRankCategory": "Electronics", "salesRank": 229471}, {"asin": "B0052T82H2", "name": "Marantz NR1402 AV Receiver (Discontinued by Manufacturer)", "imUrl": "http://ecx.images-amazon.com/images/I/31hBkdIYzBL._SX300_.jpg", "price": 399.0, "numReviews": 32, "groups": [182], "averageRating": 4.1875, "salesRankCategory": "Electronics", "salesRank": 65216}, {"asin": "B00GP8SRRY", "name": "Yamaha HTR-3066 Home Theater Receiver HDMI 3D YPAO USB connection for Ipod Iphone Ipad or android phones and Tablets HTR3066", "imUrl": "http://ecx.images-amazon.com/images/I/319K3nL5ShL._SY300_.jpg", "price": 16.69, "numReviews": 1, "groups": [183], "averageRating": 3.0, "salesRankCategory": "Electronics", "salesRank": 108245}, {"asin": "B001EMBKNO", "name": "Marantz SR4023 Stereo Receiver", "imUrl": "http://ecx.images-amazon.com/images/I/41Ww-eT32qL._SX300_.jpg", "price": 499.0, "numReviews": 17, "groups": [184], "averageRating": 4.176470588235294, "brand": "Marantz", "salesRankCategory": "Electronics", "salesRank": 50651}, {"asin": "B007R8U5R6", "name": "Denon AVR-1913 7.1 Channel 3D Pass Through and Networking Home Theater AV Receiver with AirPlay (Discontinued by Manufacturer)", "imUrl": "http://ecx.images-amazon.com/images/I/41NzGwZFQeL._SX300_.jpg", "price": 569.99, "numReviews": 111, "groups": [185], "averageRating": 3.981981981981982, "brand": "Denon", "salesRankCategory": "Electronics", "salesRank": 8182}, {"asin": "B00KLC08L8", "name": "Denon AVR-X1100W 7.2 Channel Full 4K Ultra HD A/V Receiver with Bluetooth and Wi-Fi", "imUrl": "http://ecx.images-amazon.com/images/I/41v0T1NPhSL._SX300_.jpg", "price": 499.0, "numReviews": 1, "groups": [186], "averageRating": 4.0, "brand": "Denon", "salesRankCategory": "Electronics", "salesRank": 6513}, {"asin": "B0015S8PGW", "name": "Onkyo TX-SR606 7.1 Channel Home Theater Receiver (Black) (Discontinued by Manufacturer)", "imUrl": "http://ecx.images-amazon.com/images/I/41BBTex1cgL._SX300_.jpg", "price": 295.0, "numReviews": 433, "groups": [187], "averageRating": 3.4133949191685913, "salesRankCategory": "Electronics", "salesRank": 58660}, {"asin": "B003R7KMQU", "name": "Marantz NR1601 Audio/Video 7.1 Channel Surround Receiver (Black) (Discontinued by Manufacturer)", "imUrl": "http://ecx.images-amazon.com/images/I/31WIa637jLL._SX300_.jpg", "price": 399.0, "numReviews": 17, "groups": [188], "averageRating": 4.705882352941177, "salesRankCategory": "Electronics", "salesRank": 109255}, {"asin": "B00005T3WF", "name": "ONKYO TX-8511 Stereo Receiver (Discontinued by Manufacturer)", "imUrl": "http://ecx.images-amazon.com/images/I/11744278Q2L.jpg", "price": 241.0, "numReviews": 20, "groups": [189], "averageRating": 4.4, "salesRankCategory": "Electronics", "salesRank": 97990}, {"asin": "B0002TGKXU", "name": "Pioneer VSXD814K 6.1 Channel Digital AV Surround Receiver (Black)", "imUrl": "http://ecx.images-amazon.com/images/I/41lRg7ckn1L._SY300_.jpg", "price": 315.98, "numReviews": 3, "groups": [190], "averageRating": 3.3333333333333335, "salesRankCategory": "Electronics", "salesRank": 238854}, {"asin": "B000OOQUTC", "name": "Yamaha RX-V661BL 7.1-Channel Digital Home Theater Receiver (OLD VERSION) (Discontinued by Manufacturer)", "imUrl": "http://ecx.images-amazon.com/images/I/41dK3HBy5BL._SX300_.jpg", "price": 599.95, "numReviews": 32, "groups": [191], "averageRating": 4.0625, "salesRankCategory": "Electronics", "salesRank": 44507}, {"asin": "B0000658AZ", "name": "Yamaha HTR-5560 Dolby Digital Audio/Video Receiver (Discontinued by Manufacturer)", "imUrl": "http://ecx.images-amazon.com/images/I/41Y1YX9T3AL._SX300_.jpg", "price": 499.95, "numReviews": 12, "groups": [192], "averageRating": 4.0, "salesRankCategory": "Electronics", "salesRank": 55243}, {"asin": "B004P20FTU", "name": "Sony STR-DN1020 3D Blu-ray Disc A/V Receiver (Black)", "imUrl": "http://ecx.images-amazon.com/images/I/41ygHgiM7HL._SY300_.jpg", "price": 229.0, "numReviews": 51, "groups": [193], "averageRating": 3.8627450980392157, "salesRankCategory": "Electronics", "salesRank": 49753}, {"asin": "B007L8Q75G", "name": "Pioneer VSX-522-K 400W 5-Channel A/V Receiver, iPod & iPhone, Black", "imUrl": "http://ecx.images-amazon.com/images/I/41f51aWRIaL._SY300_.jpg", "price": 179.0, "numReviews": 311, "groups": [194], "averageRating": 3.6237942122186495, "brand": "Pioneer", "salesRankCategory": "Electronics", "salesRank": 3192}, {"asin": "B00829USIU", "name": "Denon AVR-2113CI Networking Home Theater Receiver with AirPlay and Powered Zone 2 (Discontinued by Manufacturer)", "imUrl": "http://ecx.images-amazon.com/images/I/417r50%2BAWsL._SX300_.jpg", "price": 429.0, "numReviews": 31, "groups": [195], "averageRating": 3.838709677419355, "salesRankCategory": "Electronics", "salesRank": 48755}, {"asin": "B00000JRHX", "name": "Sony STR-DE835 Surround Receiver (Discontinued by Manufacturer)", "imUrl": "http://ecx.images-amazon.com/images/I/41ES3SH115L._SX300_.jpg", "price": 4.45, "numReviews": 2, "groups": [196], "averageRating": 4.5, "salesRankCategory": "Electronics", "salesRank": 242163}, {"asin": "B003IPC5FW", "name": "Denon AVR-1911 7.1 Channel A/V Home Theater Receiver (Black) (Discontinued by Manufacturer)", "imUrl": "http://ecx.images-amazon.com/images/I/41z3yR1lzzL._SX300_.jpg", "price": 349.0, "numReviews": 37, "groups": [197], "averageRating": 4.0, "salesRankCategory": "Electronics", "salesRank": 67399}, {"asin": "B003TX5V0Y", "name": "Yamaha Micro Home Theater Receiver Sound System with Integrated iPod Docking Station, High Quality CD Player, FM Radio with 30 Preset Stations, USB Port for Flash Drive, Remote Control, All Weather Indoor / Outdoor Speakers (Black) & 50ft 16 AWG Speaker Wire", "imUrl": "http://ecx.images-amazon.com/images/I/411yiLCjbHL._SX300_.jpg", "price": 449.95, "numReviews": 1, "groups": [198], "averageRating": 4.0}, {"asin": "B007R8U5VM", "name": "Denon AVR-1513 5.1 Channel 3D Pass Through Home Theater AV Receiver", "imUrl": "http://ecx.images-amazon.com/images/I/31nJo8SeERL._SX300_.jpg", "price": 249.0, "numReviews": 49, "groups": [199], "averageRating": 4.244897959183674, "salesRankCategory": "Electronics", "salesRank": 38958}, {"asin": "B000233T80", "name": "Onkyo TX-SR502 Home theater receiver with Dolby Digital EX, DTS-ES, and Dolby Pro Logic IIx Black", "imUrl": "http://ecx.images-amazon.com/images/I/3106Q0DMD5L._SY300_.jpg", "price": 199.0, "numReviews": 8, "groups": [200], "averageRating": 4.125, "salesRankCategory": "Electronics", "salesRank": 206903}, {"asin": "B002AKKF3U", "name": "Denon AVR1610 5.1-Channel Home Theater Receiver with 1080p HDMI Connectivity (Discontinued by Manufacturer)", "imUrl": "http://ecx.images-amazon.com/images/I/41Oo9VOUoCL._SX300_.jpg", "price": 279.0, "numReviews": 36, "groups": [201], "averageRating": 4.444444444444445, "salesRankCategory": "Electronics", "salesRank": 84915}, {"asin": "B00ILCS182", "name": "Yamaha RX-V677 7.2-channel Wi-Fi Network AV Receiver", "imUrl": "http://ecx.images-amazon.com/images/I/3169Cy7R4nL._SX300_.jpg", "price": 599.95, "numReviews": 3, "groups": [202], "averageRating": 4.333333333333333, "brand": "Yamaha", "salesRankCategory": "Electronics", "salesRank": 3838}, {"asin": "B001VEI290", "name": "Onkyo TX-SR507 5.1-Channel A/V Surround Home Theater Receiver (Black) (Discontinued by Manufacturer)", "imUrl": "http://ecx.images-amazon.com/images/I/41LZJp9PAVL._SX300_.jpg", "price": 199.0, "numReviews": 92, "groups": [203], "averageRating": 4.369565217391305, "salesRankCategory": "Electronics", "salesRank": 66071}, {"asin": "B003TX403I", "name": "Yamaha Micro Home Theater Receiver Sound System with Integrated iPod Docking Station", "imUrl": "http://ecx.images-amazon.com/images/I/41eWSmm6lUL._SX300_.jpg", "price": 224.0, "numReviews": 1, "groups": [204], "averageRating": 5.0}, {"asin": "B004QOA920", "name": "Sony STRDH820 7.2 Channel 3D AV Receiver (Black)", "imUrl": "http://ecx.images-amazon.com/images/I/41RrOwtu9mL._SY300_.jpg", "price": 229.0, "numReviews": 134, "groups": [205], "averageRating": 3.917910447761194, "salesRankCategory": "Electronics", "salesRank": 37124}, {"asin": "B0038C5FWA", "name": "Sherwood RD-5405 350 Watt 5.1 Receiver with HDMI Switching and AM/FM Stereo (Black) (Discontinued by Manufacturer)", "imUrl": "http://ecx.images-amazon.com/images/I/51k0-IvYRzL._SY300_.jpg", "price": 148.82, "numReviews": 10, "groups": [206], "averageRating": 3.8, "brand": "Sherwood", "salesRankCategory": "Electronics", "salesRank": 31235}, {"asin": "B00005T3WC", "name": "ONKYO TX-8211 Stereo Receiver (Discontinued by Manufacturer)", "imUrl": "http://ecx.images-amazon.com/images/I/21X410N1H0L.jpg", "price": 241.0, "numReviews": 9, "groups": [207], "averageRating": 4.888888888888889, "salesRankCategory": "Electronics", "salesRank": 123362}, {"asin": "B0000658AQ", "name": "Yamaha HTR-5540 Audio/Video Receiver (Discontinued by Manufacturer)", "imUrl": "http://ecx.images-amazon.com/images/I/31S7J1P5C4L._SX300_.jpg", "price": 199.0, "numReviews": 6, "groups": [208], "averageRating": 4.166666666666667, "salesRankCategory": "Electronics", "salesRank": 264309}, {"asin": "B007R8U5W6", "name": "Denon AVR-1713 5.1 Channel 3D Pass Through and Networking Home Theater AV Receiver with AirPlay (Discontinued by Manufacturer)", "imUrl": "http://ecx.images-amazon.com/images/I/31ecI5R1VBL._SX300_.jpg", "price": 474.99, "numReviews": 44, "groups": [209], "averageRating": 4.181818181818182, "salesRankCategory": "Electronics", "salesRank": 34329}, {"asin": "B003R7KMRE", "name": "Marantz SR6005 Audio Video Receiver (Black) (Discontinued by Manufacturer)", "imUrl": "http://ecx.images-amazon.com/images/I/31EUYJvQmLL._SX300_.jpg", "price": 26.95, "numReviews": 19, "groups": [210], "averageRating": 4.578947368421052, "salesRankCategory": "Electronics", "salesRank": 83268}, {"asin": "B007JF8FD8", "name": "Yamaha RX-V373 5.1-Channel AV Receiver", "imUrl": "http://ecx.images-amazon.com/images/I/41689j6FhQL._SY300_.jpg", "price": 249.95, "numReviews": 303, "groups": [211], "averageRating": 4.198019801980198, "salesRankCategory": "Electronics", "salesRank": 2583}, {"asin": "B0081N91BM", "name": "Marantz SR7007 7.2 channel Home Theater AV Receiver (Discontinued by Manufacturer)", "imUrl": "http://ecx.images-amazon.com/images/I/41R8eMC-REL._SX300_.jpg", "price": 999.0, "numReviews": 18, "groups": [212], "averageRating": 3.5555555555555554, "brand": "Marantz", "salesRankCategory": "Electronics", "salesRank": 4473}, {"asin": "B007ZG0DYU", "name": "Pyle Stereo Receiver and iPod Dock Package - PT260A 200 Watts Digital AM/FM Stereo Receiver - PIDOCK1 Universal iPod/iPhone Docking Station For Audio Output Charging - Sync W/iTunes And Remote control", "imUrl": "http://ecx.images-amazon.com/images/I/51Bidl9X-XL._SY300_.jpg", "price": 100.99, "numReviews": 1, "groups": [213], "averageRating": 2.0, "salesRankCategory": "Electronics", "salesRank": 150212}, {"asin": "B00IO8JGA0", "name": "Yamaha RX-V375-R 5.1-Channel Factory Refurbished 3D A/V Home Theater Receiver", "imUrl": "http://ecx.images-amazon.com/images/I/41pX-W2Q3aL._SX300_.jpg", "price": 194.99, "numReviews": 37, "groups": [214], "averageRating": 4.27027027027027, "salesRankCategory": "Electronics", "salesRank": 19070}, {"asin": "B00004VVUQ", "name": "Sony STR-DE135 Surround Receiver (Discontinued by Manufacturer)", "imUrl": "http://ecx.images-amazon.com/images/I/41GEmAFrxXL._SY300_.jpg", "price": 128.0, "numReviews": 4, "groups": [215], "averageRating": 5.0, "salesRankCategory": "Electronics", "salesRank": 148559}, {"asin": "B000GU8AJ2", "name": "TEAC TR-680RS AM/FM Stereo Tuner with RS-232C Data Interface (Discontinued by Manufacturer)", "imUrl": "http://ecx.images-amazon.com/images/I/31WKMUYt0pL._SX300_.jpg", "price": 129.99, "numReviews": 4, "groups": [216], "averageRating": 4.5, "salesRankCategory": "Electronics", "salesRank": 146043}, {"asin": "B000A6PTHI", "name": "TEAC AG-790A Stereo Receiver (Discontinued by Manufacturer)", "imUrl": "http://ecx.images-amazon.com/images/I/41rkBtCqDUL._SY300_.jpg", "price": 129.0, "numReviews": 133, "groups": [217], "averageRating": 4.082706766917293, "salesRankCategory": "Electronics", "salesRank": 11240}, {"asin": "B00B981F4M", "name": "Yamaha RX-V575 7.2-Channel Network AV Receiver with Airplay", "imUrl": "http://ecx.images-amazon.com/images/I/41A8xmrAAOL._SX300_.jpg", "price": 379.0, "numReviews": 88, "groups": [218], "averageRating": 4.113636363636363, "brand": "Yamaha", "salesRankCategory": "Electronics", "salesRank": 2628}], "links": [{"source": 0, "target": 40, "right": true, "left": false, "value": 1}, {"source": 1, "target": 128, "right": true, "left": false, "value": 1}, {"source": 1, "target": 64, "right": false, "left": true, "value": 1}, {"source": 1, "target": 133, "right": true, "left": false, "value": 1}, {"source": 1, "target": 6, "right": false, "left": true, "value": 1}, {"source": 1, "target": 43, "right": false, "left": true, "value": 1}, {"source": 1, "target": 47, "right": false, "left": true, "value": 1}, {"source": 2, "target": 104, "right": true, "left": false, "value": 1}, {"source": 2, "target": 126, "right": true, "left": false, "value": 1}, {"source": 3, "target": 169, "right": true, "left": false, "value": 1}, {"source": 3, "target": 14, "right": true, "left": false, "value": 1}, {"source": 4, "target": 111, "right": true, "left": false, "value": 1}, {"source": 5, "target": 189, "right": false, "left": true, "value": 1}, {"source": 5, "target": 118, "right": true, "left": true, "value": 1}, {"source": 5, "target": 111, "right": true, "left": false, "value": 1}, {"source": 6, "target": 104, "right": true, "left": false, "value": 1}, {"source": 6, "target": 126, "right": true, "left": false, "value": 1}, {"source": 7, "target": 111, "right": true, "left": false, "value": 1}, {"source": 8, "target": 104, "right": true, "left": false, "value": 1}, {"source": 8, "target": 169, "right": true, "left": false, "value": 1}, {"source": 8, "target": 133, "right": true, "left": false, "value": 1}, {"source": 9, "target": 111, "right": true, "left": false, "value": 1}, {"source": 9, "target": 39, "right": true, "left": false, "value": 1}, {"source": 10, "target": 111, "right": true, "left": false, "value": 1}, {"source": 11, "target": 133, "right": true, "left": false, "value": 1}, {"source": 12, "target": 133, "right": true, "left": false, "value": 1}, {"source": 13, "target": 115, "right": true, "left": false, "value": 1}, {"source": 13, "target": 187, "right": true, "left": false, "value": 1}, {"source": 13, "target": 14, "right": true, "left": false, "value": 1}, {"source": 14, "target": 135, "right": false, "left": true, "value": 1}, {"source": 14, "target": 148, "right": false, "left": true, "value": 1}, {"source": 14, "target": 154, "right": false, "left": true, "value": 1}, {"source": 14, "target": 166, "right": false, "left": true, "value": 1}, {"source": 14, "target": 40, "right": false, "left": true, "value": 1}, {"source": 14, "target": 45, "right": false, "left": true, "value": 1}, {"source": 14, "target": 174, "right": false, "left": true, "value": 1}, {"source": 14, "target": 176, "right": false, "left": true, "value": 1}, {"source": 14, "target": 51, "right": false, "left": true, "value": 1}, {"source": 14, "target": 53, "right": false, "left": true, "value": 1}, {"source": 14, "target": 54, "right": false, "left": true, "value": 1}, {"source": 14, "target": 59, "right": false, "left": true, "value": 1}, {"source": 14, "target": 70, "right": false, "left": true, "value": 1}, {"source": 14, "target": 72, "right": false, "left": true, "value": 1}, {"source": 14, "target": 78, "right": false, "left": true, "value": 1}, {"source": 14, "target": 80, "right": false, "left": true, "value": 1}, {"source": 14, "target": 81, "right": false, "left": true, "value": 1}, {"source": 14, "target": 83, "right": true, "left": false, "value": 1}, {"source": 14, "target": 95, "right": false, "left": true, "value": 1}, {"source": 14, "target": 96, "right": false, "left": true, "value": 1}, {"source": 15, "target": 221, "right": true, "left": false, "value": 1}, {"source": 15, "target": 133, "right": true, "left": false, "value": 1}, {"source": 15, "target": 79, "right": true, "left": false, "value": 1}, {"source": 16, "target": 169, "right": true, "left": false, "value": 1}, {"source": 16, "target": 133, "right": true, "left": false, "value": 1}, {"source": 17, "target": 104, "right": true, "left": false, "value": 1}, {"source": 17, "target": 126, "right": true, "left": false, "value": 1}, {"source": 17, "target": 167, "right": false, "left": true, "value": 1}, {"source": 18, "target": 39, "right": true, "left": false, "value": 1}, {"source": 19, "target": 169, "right": true, "left": false, "value": 1}, {"source": 20, "target": 169, "right": true, "left": false, "value": 1}, {"source": 21, "target": 86, "right": true, "left": false, "value": 1}, {"source": 22, "target": 178, "right": true, "left": false, "value": 1}, {"source": 22, "target": 83, "right": true, "left": true, "value": 1}, {"source": 23, "target": 133, "right": true, "left": false, "value": 1}, {"source": 23, "target": 79, "right": true, "left": false, "value": 1}, {"source": 24, "target": 133, "right": true, "left": false, "value": 1}, {"source": 24, "target": 111, "right": true, "left": false, "value": 1}, {"source": 25, "target": 162, "right": true, "left": false, "value": 1}, {"source": 26, "target": 104, "right": true, "left": false, "value": 1}, {"source": 26, "target": 133, "right": true, "left": false, "value": 1}, {"source": 26, "target": 79, "right": true, "left": false, "value": 1}, {"source": 27, "target": 38, "right": true, "left": false, "value": 1}, {"source": 28, "target": 104, "right": true, "left": false, "value": 1}, {"source": 28, "target": 197, "right": true, "left": false, "value": 1}, {"source": 28, "target": 133, "right": true, "left": false, "value": 1}, {"source": 29, "target": 164, "right": true, "left": false, "value": 1}, {"source": 30, "target": 104, "right": true, "left": false, "value": 1}, {"source": 31, "target": 133, "right": true, "left": false, "value": 1}, {"source": 32, "target": 169, "right": true, "left": false, "value": 1}, {"source": 32, "target": 133, "right": true, "left": false, "value": 1}, {"source": 33, "target": 104, "right": true, "left": false, "value": 1}, {"source": 33, "target": 121, "right": true, "left": false, "value": 1}, {"source": 33, "target": 126, "right": true, "left": false, "value": 1}, {"source": 34, "target": 104, "right": true, "left": false, "value": 1}, {"source": 34, "target": 44, "right": true, "left": false, "value": 1}, {"source": 34, "target": 126, "right": true, "left": false, "value": 1}, {"source": 35, "target": 169, "right": true, "left": false, "value": 1}, {"source": 35, "target": 133, "right": true, "left": false, "value": 1}, {"source": 35, "target": 86, "right": true, "left": false, "value": 1}, {"source": 36, "target": 126, "right": true, "left": false, "value": 1}, {"source": 37, "target": 188, "right": true, "left": false, "value": 1}, {"source": 37, "target": 111, "right": true, "left": false, "value": 1}, {"source": 38, "target": 111, "right": true, "left": false, "value": 1}, {"source": 39, "target": 169, "right": true, "left": false, "value": 1}, {"source": 39, "target": 42, "right": false, "left": true, "value": 1}, {"source": 39, "target": 74, "right": false, "left": true, "value": 1}, {"source": 39, "target": 112, "right": false, "left": true, "value": 1}, {"source": 39, "target": 52, "right": false, "left": true, "value": 1}, {"source": 39, "target": 148, "right": false, "left": true, "value": 1}, {"source": 39, "target": 153, "right": false, "left": true, "value": 1}, {"source": 41, "target": 104, "right": true, "left": false, "value": 1}, {"source": 44, "target": 134, "right": false, "left": true, "value": 1}, {"source": 44, "target": 48, "right": false, "left": true, "value": 1}, {"source": 44, "target": 113, "right": false, "left": true, "value": 1}, {"source": 44, "target": 216, "right": false, "left": true, "value": 1}, {"source": 44, "target": 218, "right": false, "left": true, "value": 1}, {"source": 44, "target": 126, "right": true, "left": false, "value": 1}, {"source": 46, "target": 92, "right": true, "left": false, "value": 1}, {"source": 48, "target": 104, "right": true, "left": false, "value": 1}, {"source": 48, "target": 126, "right": true, "left": false, "value": 1}, {"source": 49, "target": 169, "right": true, "left": false, "value": 1}, {"source": 49, "target": 133, "right": true, "left": false, "value": 1}, {"source": 49, "target": 86, "right": true, "left": false, "value": 1}, {"source": 50, "target": 187, "right": true, "left": false, "value": 1}, {"source": 53, "target": 169, "right": true, "left": false, "value": 1}, {"source": 55, "target": 133, "right": true, "left": false, "value": 1}, {"source": 56, "target": 133, "right": true, "left": false, "value": 1}, {"source": 57, "target": 104, "right": true, "left": false, "value": 1}, {"source": 57, "target": 61, "right": false, "left": true, "value": 1}, {"source": 58, "target": 104, "right": true, "left": false, "value": 1}, {"source": 60, "target": 162, "right": true, "left": false, "value": 1}, {"source": 62, "target": 221, "right": true, "left": false, "value": 1}, {"source": 62, "target": 133, "right": true, "left": false, "value": 1}, {"source": 63, "target": 133, "right": true, "left": false, "value": 1}, {"source": 65, "target": 79, "right": true, "left": false, "value": 1}, {"source": 66, "target": 104, "right": true, "left": false, "value": 1}, {"source": 66, "target": 126, "right": true, "left": false, "value": 1}, {"source": 67, "target": 126, "right": true, "left": false, "value": 1}, {"source": 68, "target": 208, "right": false, "left": true, "value": 1}, {"source": 68, "target": 169, "right": true, "left": false, "value": 1}, {"source": 69, "target": 169, "right": true, "left": false, "value": 1}, {"source": 69, "target": 133, "right": true, "left": false, "value": 1}, {"source": 70, "target": 110, "right": true, "left": false, "value": 1}, {"source": 71, "target": 79, "right": true, "left": false, "value": 1}, {"source": 73, "target": 104, "right": true, "left": false, "value": 1}, {"source": 73, "target": 111, "right": true, "left": false, "value": 1}, {"source": 75, "target": 104, "right": true, "left": false, "value": 1}, {"source": 76, "target": 169, "right": true, "left": false, "value": 1}, {"source": 77, "target": 133, "right": true, "left": false, "value": 1}, {"source": 79, "target": 131, "right": false, "left": true, "value": 1}, {"source": 79, "target": 147, "right": false, "left": true, "value": 1}, {"source": 79, "target": 150, "right": false, "left": true, "value": 1}, {"source": 79, "target": 162, "right": false, "left": true, "value": 1}, {"source": 79, "target": 165, "right": false, "left": true, "value": 1}, {"source": 79, "target": 177, "right": false, "left": true, "value": 1}, {"source": 79, "target": 178, "right": true, "left": false, "value": 1}, {"source": 79, "target": 179, "right": false, "left": true, "value": 1}, {"source": 79, "target": 193, "right": false, "left": true, "value": 1}, {"source": 79, "target": 195, "right": false, "left": true, "value": 1}, {"source": 79, "target": 206, "right": false, "left": true, "value": 1}, {"source": 79, "target": 209, "right": false, "left": true, "value": 1}, {"source": 79, "target": 211, "right": false, "left": true, "value": 1}, {"source": 79, "target": 87, "right": false, "left": true, "value": 1}, {"source": 79, "target": 89, "right": false, "left": true, "value": 1}, {"source": 79, "target": 90, "right": false, "left": true, "value": 1}, {"source": 79, "target": 94, "right": false, "left": true, "value": 1}, {"source": 79, "target": 97, "right": false, "left": true, "value": 1}, {"source": 79, "target": 108, "right": false, "left": true, "value": 1}, {"source": 79, "target": 116, "right": false, "left": true, "value": 1}, {"source": 79, "target": 124, "right": false, "left": true, "value": 1}, {"source": 80, "target": 164, "right": true, "left": false, "value": 1}, {"source": 81, "target": 133, "right": true, "left": false, "value": 1}, {"source": 82, "target": 133, "right": true, "left": false, "value": 1}, {"source": 82, "target": 111, "right": true, "left": false, "value": 1}, {"source": 83, "target": 128, "right": false, "left": true, "value": 1}, {"source": 83, "target": 103, "right": false, "left": true, "value": 1}, {"source": 83, "target": 154, "right": false, "left": true, "value": 1}, {"source": 83, "target": 186, "right": false, "left": true, "value": 1}, {"source": 83, "target": 177, "right": false, "left": true, "value": 1}, {"source": 83, "target": 178, "right": true, "left": false, "value": 1}, {"source": 83, "target": 115, "right": false, "left": true, "value": 1}, {"source": 83, "target": 87, "right": false, "left": true, "value": 1}, {"source": 83, "target": 90, "right": false, "left": true, "value": 1}, {"source": 83, "target": 93, "right": false, "left": true, "value": 1}, {"source": 84, "target": 162, "right": true, "left": false, "value": 1}, {"source": 85, "target": 126, "right": true, "left": false, "value": 1}, {"source": 86, "target": 145, "right": false, "left": true, "value": 1}, {"source": 88, "target": 104, "right": true, "left": false, "value": 1}, {"source": 88, "target": 133, "right": true, "left": false, "value": 1}, {"source": 89, "target": 133, "right": true, "left": false, "value": 1}, {"source": 90, "target": 133, "right": true, "left": false, "value": 1}, {"source": 91, "target": 115, "right": true, "left": false, "value": 1}, {"source": 92, "target": 174, "right": false, "left": true, "value": 1}, {"source": 92, "target": 173, "right": true, "left": false, "value": 1}, {"source": 93, "target": 133, "right": true, "left": false, "value": 1}, {"source": 93, "target": 111, "right": true, "left": false, "value": 1}, {"source": 98, "target": 169, "right": true, "left": false, "value": 1}, {"source": 99, "target": 104, "right": true, "left": false, "value": 1}, {"source": 99, "target": 184, "right": false, "left": true, "value": 1}, {"source": 100, "target": 104, "right": true, "left": false, "value": 1}, {"source": 100, "target": 133, "right": true, "left": false, "value": 1}, {"source": 101, "target": 169, "right": true, "left": false, "value": 1}, {"source": 101, "target": 133, "right": true, "left": false, "value": 1}, {"source": 102, "target": 115, "right": true, "left": false, "value": 1}, {"source": 104, "target": 131, "right": false, "left": true, "value": 1}, {"source": 104, "target": 132, "right": false, "left": true, "value": 1}, {"source": 104, "target": 134, "right": false, "left": true, "value": 1}, {"source": 104, "target": 144, "right": false, "left": true, "value": 1}, {"source": 104, "target": 151, "right": false, "left": true, "value": 1}, {"source": 104, "target": 157, "right": false, "left": true, "value": 1}, {"source": 104, "target": 171, "right": false, "left": true, "value": 1}, {"source": 104, "target": 183, "right": false, "left": true, "value": 1}, {"source": 104, "target": 187, "right": false, "left": true, "value": 1}, {"source": 104, "target": 192, "right": false, "left": true, "value": 1}, {"source": 104, "target": 193, "right": false, "left": true, "value": 1}, {"source": 104, "target": 195, "right": false, "left": true, "value": 1}, {"source": 104, "target": 201, "right": false, "left": true, "value": 1}, {"source": 104, "target": 203, "right": false, "left": true, "value": 1}, {"source": 104, "target": 209, "right": false, "left": true, "value": 1}, {"source": 104, "target": 216, "right": false, "left": true, "value": 1}, {"source": 104, "target": 218, "right": false, "left": true, "value": 1}, {"source": 104, "target": 220, "right": false, "left": true, "value": 1}, {"source": 104, "target": 105, "right": false, "left": true, "value": 1}, {"source": 104, "target": 114, "right": false, "left": true, "value": 1}, {"source": 104, "target": 119, "right": false, "left": true, "value": 1}, {"source": 104, "target": 121, "right": false, "left": true, "value": 1}, {"source": 104, "target": 126, "right": true, "left": true, "value": 1}, {"source": 106, "target": 111, "right": true, "left": false, "value": 1}, {"source": 107, "target": 133, "right": true, "left": false, "value": 1}, {"source": 108, "target": 133, "right": true, "left": false, "value": 1}, {"source": 109, "target": 169, "right": true, "left": false, "value": 1}, {"source": 110, "target": 182, "right": false, "left": true, "value": 1}, {"source": 111, "target": 128, "right": false, "left": true, "value": 1}, {"source": 111, "target": 138, "right": false, "left": true, "value": 1}, {"source": 111, "target": 146, "right": false, "left": true, "value": 1}, {"source": 111, "target": 147, "right": false, "left": true, "value": 1}, {"source": 111, "target": 160, "right": false, "left": true, "value": 1}, {"source": 111, "target": 161, "right": false, "left": true, "value": 1}, {"source": 111, "target": 178, "right": false, "left": true, "value": 1}, {"source": 111, "target": 188, "right": false, "left": true, "value": 1}, {"source": 111, "target": 198, "right": false, "left": true, "value": 1}, {"source": 111, "target": 200, "right": false, "left": true, "value": 1}, {"source": 111, "target": 202, "right": false, "left": true, "value": 1}, {"source": 111, "target": 204, "right": false, "left": true, "value": 1}, {"source": 111, "target": 206, "right": false, "left": true, "value": 1}, {"source": 111, "target": 212, "right": false, "left": true, "value": 1}, {"source": 111, "target": 115, "right": false, "left": true, "value": 1}, {"source": 114, "target": 126, "right": true, "left": false, "value": 1}, {"source": 114, "target": 199, "right": false, "left": true, "value": 1}, {"source": 115, "target": 191, "right": false, "left": true, "value": 1}, {"source": 115, "target": 175, "right": false, "left": true, "value": 1}, {"source": 115, "target": 185, "right": false, "left": true, "value": 1}, {"source": 115, "target": 127, "right": false, "left": true, "value": 1}, {"source": 116, "target": 133, "right": true, "left": false, "value": 1}, {"source": 117, "target": 139, "right": false, "left": true, "value": 1}, {"source": 117, "target": 164, "right": false, "left": true, "value": 1}, {"source": 120, "target": 133, "right": true, "left": false, "value": 1}, {"source": 121, "target": 163, "right": false, "left": true, "value": 1}, {"source": 121, "target": 126, "right": true, "left": false, "value": 1}, {"source": 122, "target": 133, "right": true, "left": false, "value": 1}, {"source": 122, "target": 126, "right": true, "left": false, "value": 1}, {"source": 123, "target": 133, "right": true, "left": false, "value": 1}, {"source": 125, "target": 164, "right": true, "left": false, "value": 1}, {"source": 126, "target": 165, "right": false, "left": true, "value": 1}, {"source": 126, "target": 218, "right": false, "left": true, "value": 1}, {"source": 126, "target": 141, "right": false, "left": true, "value": 1}, {"source": 126, "target": 220, "right": false, "left": true, "value": 1}, {"source": 126, "target": 157, "right": false, "left": true, "value": 1}, {"source": 127, "target": 133, "right": true, "left": false, "value": 1}, {"source": 129, "target": 133, "right": true, "left": false, "value": 1}, {"source": 130, "target": 133, "right": true, "left": false, "value": 1}, {"source": 132, "target": 169, "right": true, "left": false, "value": 1}, {"source": 132, "target": 133, "right": true, "left": false, "value": 1}, {"source": 133, "target": 137, "right": false, "left": true, "value": 1}, {"source": 133, "target": 138, "right": false, "left": true, "value": 1}, {"source": 133, "target": 140, "right": false, "left": true, "value": 1}, {"source": 133, "target": 141, "right": false, "left": true, "value": 1}, {"source": 133, "target": 143, "right": false, "left": true, "value": 1}, {"source": 133, "target": 145, "right": false, "left": true, "value": 1}, {"source": 133, "target": 156, "right": false, "left": true, "value": 1}, {"source": 133, "target": 157, "right": false, "left": true, "value": 1}, {"source": 133, "target": 158, "right": false, "left": true, "value": 1}, {"source": 133, "target": 160, "right": false, "left": true, "value": 1}, {"source": 133, "target": 161, "right": false, "left": true, "value": 1}, {"source": 133, "target": 162, "right": false, "left": true, "value": 1}, {"source": 133, "target": 163, "right": false, "left": true, "value": 1}, {"source": 133, "target": 165, "right": false, "left": true, "value": 1}, {"source": 133, "target": 166, "right": false, "left": true, "value": 1}, {"source": 133, "target": 169, "right": true, "left": false, "value": 1}, {"source": 133, "target": 170, "right": false, "left": true, "value": 1}, {"source": 133, "target": 171, "right": false, "left": true, "value": 1}, {"source": 133, "target": 172, "right": false, "left": true, "value": 1}, {"source": 133, "target": 178, "right": true, "left": false, "value": 1}, {"source": 133, "target": 177, "right": false, "left": true, "value": 1}, {"source": 133, "target": 180, "right": false, "left": true, "value": 1}, {"source": 133, "target": 181, "right": false, "left": true, "value": 1}, {"source": 133, "target": 183, "right": false, "left": true, "value": 1}, {"source": 133, "target": 197, "right": false, "left": true, "value": 1}, {"source": 133, "target": 203, "right": false, "left": true, "value": 1}, {"source": 133, "target": 204, "right": false, "left": true, "value": 1}, {"source": 133, "target": 206, "right": false, "left": true, "value": 1}, {"source": 133, "target": 209, "right": false, "left": true, "value": 1}, {"source": 133, "target": 210, "right": false, "left": true, "value": 1}, {"source": 133, "target": 211, "right": false, "left": true, "value": 1}, {"source": 133, "target": 214, "right": false, "left": true, "value": 1}, {"source": 136, "target": 162, "right": true, "left": false, "value": 1}, {"source": 137, "target": 162, "right": true, "left": false, "value": 1}, {"source": 139, "target": 164, "right": true, "left": false, "value": 1}, {"source": 141, "target": 162, "right": true, "left": false, "value": 1}, {"source": 142, "target": 169, "right": true, "left": false, "value": 1}, {"source": 143, "target": 197, "right": true, "left": false, "value": 1}, {"source": 145, "target": 169, "right": true, "left": false, "value": 1}, {"source": 149, "target": 205, "right": true, "left": false, "value": 1}, {"source": 150, "target": 169, "right": true, "left": false, "value": 1}, {"source": 151, "target": 169, "right": true, "left": false, "value": 1}, {"source": 152, "target": 208, "right": true, "left": false, "value": 1}, {"source": 155, "target": 201, "right": false, "left": true, "value": 1}, {"source": 155, "target": 207, "right": false, "left": true, "value": 1}, {"source": 156, "target": 162, "right": true, "left": false, "value": 1}, {"source": 159, "target": 188, "right": true, "left": false, "value": 1}, {"source": 160, "target": 197, "right": true, "left": false, "value": 1}, {"source": 160, "target": 214, "right": true, "left": false, "value": 1}, {"source": 162, "target": 193, "right": false, "left": true, "value": 1}, {"source": 162, "target": 178, "right": true, "left": false, "value": 1}, {"source": 168, "target": 187, "right": false, "left": true, "value": 1}, {"source": 169, "target": 178, "right": false, "left": true, "value": 1}, {"source": 169, "target": 181, "right": false, "left": true, "value": 1}, {"source": 169, "target": 190, "right": false, "left": true, "value": 1}, {"source": 169, "target": 194, "right": false, "left": true, "value": 1}, {"source": 169, "target": 196, "right": false, "left": true, "value": 1}, {"source": 169, "target": 208, "right": false, "left": true, "value": 1}, {"source": 169, "target": 221, "right": false, "left": true, "value": 1}, {"source": 178, "target": 197, "right": false, "left": true, "value": 1}, {"source": 178, "target": 214, "right": false, "left": true, "value": 1}, {"source": 178, "target": 217, "right": false, "left": true, "value": 1}, {"source": 183, "target": 197, "right": true, "left": false, "value": 1}, {"source": 213, "target": 215, "right": true, "left": false, "value": 1}, {"source": 214, "target": 217, "right": false, "left": true, "value": 1}, {"source": 219, "target": 220, "right": true, "left": false, "value": 1}]}