{"nodes": [{"asin": "B00GN5OFFW", "name": "16:9 Wide Screen Red Colour New Multifunction 5 Inch Hd Home Theater Projector 1024*600 Hdmi USB Pc Ypbpr WII Ps3 2000 Lumens 1200:1 Contrast Ratio Cast/display/sling Projection Method Manual Focus", "imUrl": "http://ecx.images-amazon.com/images/I/310L%2BFShLRL._SX300_.jpg", "price": 349.99, "numReviews": 2, "groups": [0], "averageRating": 5.0}, {"asin": "B0052D3A84", "name": "HMDX HX-LP140 60-Inches Front Projector", "imUrl": "http://ecx.images-amazon.com/images/I/417ARnHY11L._SX300_.jpg", "price": 179.95, "numReviews": 30, "groups": [1], "averageRating": 3.0}, {"asin": "B00CY9PWKI", "name": "Optoma ML550 WXGA 500 Lumen 3D Ready Portable DLP LED Projector with HDMI", "imUrl": "http://ecx.images-amazon.com/images/I/417BQLUWhDL._SX300_.jpg", "price": 499.0, "numReviews": 66, "groups": [2], "averageRating": 4.196969696969697, "brand": "Optoma"}, {"asin": "B000JJK4LC", "name": "Optoma EP749 Multimedia Data Projector", "imUrl": "http://ecx.images-amazon.com/images/I/41RZZGJ181L._SX300_.jpg", "price": 799.0, "numReviews": 9, "groups": [3], "averageRating": 2.6666666666666665}, {"asin": "B0033PRQE2", "name": "ViewSonic PJD6531w WXGA Wide DLP Projector -120Hz/3D Ready, 3000 Lumens, 3200:1 DCR, HDMI", "imUrl": "http://ecx.images-amazon.com/images/I/41bzcM4wV3L._SX300_.jpg", "price": 505.05, "numReviews": 94, "groups": [4], "averageRating": 3.776595744680851}, {"asin": "B004ZBSFTI", "name": "NEC 2600-lumen High-Brightness Mobile Projector (NP-V260X)", "imUrl": "http://ecx.images-amazon.com/images/I/41P-YqiAQLL._SY300_.jpg", "price": 449.0, "numReviews": 9, "groups": [5], "averageRating": 4.444444444444445, "brand": "NEC"}, {"asin": "B0053O7TAM", "name": "AF115 SXRD Projector - 1080p - 16:9", "imUrl": "http://ecx.images-amazon.com/images/I/417pHNHYFaL._SY300_.jpg", "price": 112.31, "numReviews": 5, "groups": [6], "averageRating": 5.0}, {"asin": "B00689HPWI", "name": "Mitsubishi HC7800D 1080p DLP Home Theater 3D Projector", "imUrl": "http://ecx.images-amazon.com/images/I/41krLK385GL._SX300_.jpg", "price": 869.0, "numReviews": 11, "groups": [7], "averageRating": 4.2727272727272725}, {"asin": "B002R0JK0W", "name": "ViewSonic PJD6251 XGA DLP Projector", "imUrl": "http://ecx.images-amazon.com/images/I/21BnS0scujL.jpg", "price": 349.99, "numReviews": 7, "groups": [8], "averageRating": 4.857142857142857}, {"asin": "B005QUQPXA", "name": "FAVI RioHD-LED-4 HD Projector (1024 x 768)", "imUrl": "http://ecx.images-amazon.com/images/I/413HTQJ54ZL._SX300_.jpg", "price": 222.16, "numReviews": 6, "groups": [9], "averageRating": 4.333333333333333}, {"asin": "B002PLLZKG", "name": "Sony VPLHW15 Home Theater SXRD Projector (Black)", "imUrl": "http://ecx.images-amazon.com/images/I/41Np5JsqEqL._SX300_.jpg", "price": 24.99, "numReviews": 7, "groups": [10], "averageRating": 5.0}, {"asin": "B003AM2TYU", "name": "LG HX300G 1024x768 XGA 270 Lumens Ultra-Mobile LED Projector 2000:1", "imUrl": "http://ecx.images-amazon.com/images/I/31ypyYpQ3LL._SX300_.jpg", "price": 150.89, "numReviews": 15, "groups": [11], "averageRating": 4.533333333333333}, {"asin": "B007ZW42CI", "name": "BenQ MX503 2700L SmartEco XGA 3D Ready DLP Projector", "imUrl": "http://ecx.images-amazon.com/images/I/41nkDA9jftL._SX300_.jpg", "price": 348.0, "numReviews": 9, "groups": [12], "averageRating": 3.888888888888889}, {"asin": "B009PK2MNY", "name": "Epson VS220 SVGA 2700 lumens color brightness, 2700 lumens white brightness, HDMI, 3LCD Projector", "imUrl": "http://ecx.images-amazon.com/images/I/41yaISWqOlL._SX300_.jpg", "price": 599.99, "numReviews": 189, "groups": [13], "averageRating": 4.444444444444445}, {"asin": "B00556F900", "name": "Optoma GT750 Projector", "imUrl": "http://ecx.images-amazon.com/images/I/41WpW52mVtL._SY300_.jpg", "price": 589.0, "numReviews": 4, "groups": [14], "averageRating": 4.5}, {"asin": "B009YC615I", "name": "REPLACEMENT PROJECTOR REMOTE CONTROL", "imUrl": "http://ecx.images-amazon.com/images/I/31W9LwUaKQL._SY300_.jpg", "price": 35.66, "numReviews": 1, "groups": [15], "averageRating": 5.0}, {"asin": "B005FJ28T2", "name": "In Focus IN124 DLP Projector", "imUrl": "http://ecx.images-amazon.com/images/I/41za2cevXaL._SX300_.jpg", "price": 514.3, "numReviews": 13, "groups": [16], "averageRating": 4.461538461538462}, {"asin": "B00E1CF3U0", "name": "Mini UC28 400 Lumens Brightness Color LED Digital Projector Multimedia Home Cinema Theater perfect for DVD's pictures support AV USB SD 1080P", "imUrl": "http://ecx.images-amazon.com/images/I/41UvJj7IF4L._SY300_.jpg", "price": 55.55, "numReviews": 18, "groups": [17], "averageRating": 1.9444444444444444}, {"asin": "B007T0Q9UE", "name": "Optoma TX631-3D XGA 3500 Lumen 3D Ready DLP Network Projector with HDMI", "imUrl": "http://ecx.images-amazon.com/images/I/41%2BfNstZWhL._SX300_.jpg", "price": 587.15, "numReviews": 19, "groups": [18], "averageRating": 4.2105263157894735, "brand": "Optoma"}, {"asin": "B002HR8EUW", "name": "Optoma PRO250X 2800 Lumen XGA DLP Multimedia Projector", "imUrl": "http://ecx.images-amazon.com/images/I/31K4l5SWrsL._SX300_.jpg", "price": 398.99, "numReviews": 9, "groups": [19], "averageRating": 3.111111111111111}, {"asin": "B00CZ20AEW", "name": "Multimedia Mini LED Projector | Portable Digital Projector for Computers, Game Machines, DVD Players", "imUrl": "http://ecx.images-amazon.com/images/I/41GsN9uO0TL._SX300_.jpg", "price": 59.89, "numReviews": 1, "groups": [20], "averageRating": 1.0}, {"asin": "B000I6RO3M", "name": "TOSHIBA TDP-T45U Portable DLP Projector", "imUrl": "http://ecx.images-amazon.com/images/I/41Oj4kE3Z6L._SY300_.jpg", "price": 53.98, "numReviews": 3, "groups": [21], "averageRating": 5.0}, {"asin": "B005IZVUQ0", "name": "Wonderwall Entertainment Projector", "imUrl": "http://ecx.images-amazon.com/images/I/31rfSzk5v%2BL.jpg", "price": 141.96, "numReviews": 3, "groups": [22], "averageRating": 2.3333333333333335}, {"asin": "B006C6E6VU", "name": "Viewsonic PLED-W500 DLP Projector - 1080p - HDTV - 16:10. LED 3D PROJ WXGA 720P 500 ANSI LUMENS 120HZ READY SPKR LCD-PR. PAL, SECAM, NTSC - 1280 x 800 - WXGA - 6000:1 - 500 lm - HDMI - USB - VGA - Secure Digital High Capacity (SDHC) Card - Black Color - 3 Year Warranty", "imUrl": "http://ecx.images-amazon.com/images/I/41f3Tpa19pL._SY300_.jpg", "price": 731.32, "numReviews": 1, "groups": [23], "averageRating": 5.0}, {"asin": "B00AXJ7UCO", "name": "Mitsubishi EX241U2 600 lms XGA  2700:1  720p DLP Projector", "imUrl": "http://ecx.images-amazon.com/images/I/31tx4htfOzL._SX300_.jpg", "price": 449.99, "numReviews": 1, "groups": [24], "averageRating": 5.0}, {"asin": "B00CPJJEWO", "name": "HTP Brand HD Ready LED Home Movie Projector USB HDMI 1080i/p PS3 Xbox PC 2000 lumens Black", "imUrl": "http://ecx.images-amazon.com/images/I/51ZDAARXE7L._SY300_.jpg", "price": 206.08, "numReviews": 1, "groups": [25], "averageRating": 4.0}, {"asin": "B00EWLYKCC", "name": "Green Fashion 60\" Portable Mini 48 Lumens Multimedia HD LED LCD Portable White Projector Cinema Theater, Support PC Laptop VGA Input and SD + USB + AV Input+HDMI Input with Music Photos Videos Compatible with Smart Phone for Iphone 4/4s,ipad,samsung Galaxy s3/s4/noteii", "imUrl": "http://ecx.images-amazon.com/images/I/310ISxin4wL.jpg", "price": 79.99, "numReviews": 8, "groups": [26], "averageRating": 3.0}, {"asin": "B0068484A0", "name": "Sharp XR55X 3D Ready DLP Projector - 1080p - HDTV - 4:3. XR55X DLP PROJECTOR XGA 2000:1 2700 LUMENS WL 6.2LBS 100-240V DLP-PR. F/2.4-2.6 - NTSC, PAL, SECAM - 1024 x 768 - XGA - 2000:1 - 2700 lm - USB - VGA - 274 W - 1 Year Warranty", "imUrl": "http://ecx.images-amazon.com/images/I/31ESlL-4eaL.jpg", "price": 489.99, "numReviews": 2, "groups": [27], "averageRating": 3.5, "brand": "Sharp"}, {"asin": "B004VELBAO", "name": "Optoma PRO160S, SVGA, 3000 ANSI Lumens, 3D-Multimedia Projector", "imUrl": "http://ecx.images-amazon.com/images/I/41QWYFmGluL._SX300_.jpg", "price": 304.99, "numReviews": 61, "groups": [28], "averageRating": 4.491803278688525}, {"asin": "B00GFG7DXK", "name": "iDGLAX DG-737L LED HDMI Projector 1080P HD Compatible(Native 800x480) Widescreen for Home Theater,Home Cinema,Movie,Video Games", "imUrl": "http://ecx.images-amazon.com/images/I/41nn71zuz1L._SX300_.jpg", "price": 167.0, "numReviews": 19, "groups": [29], "averageRating": 2.526315789473684, "brand": "iDGLAX"}, {"asin": "B000OLG72U", "name": "ViewSonic PJ503D DLP Projector", "imUrl": "http://ecx.images-amazon.com/images/I/4186BMixmHL._SY300_.jpg", "price": 299.99, "numReviews": 56, "groups": [30], "averageRating": 4.535714285714286}, {"asin": "B000BS3JO0", "name": "Sanyo PLV Z4 - LCD projector - 1000 ANSI lumens - 1280 x 720 - w", "imUrl": "http://ecx.images-amazon.com/images/I/418RDNKD6NL._SX300_.jpg", "price": 62.86, "numReviews": 8, "groups": [31], "averageRating": 5.0}, {"asin": "B003FMKF8C", "name": "Vivitek D837 3D-Ready XGA Education DLP Projector with 3500 ANSI Lumens", "imUrl": "http://ecx.images-amazon.com/images/I/41Ibteva3RL._SX300_.jpg", "price": 613.25, "numReviews": 2, "groups": [32], "averageRating": 4.5}, {"asin": "B00A9YR54Q", "name": "The Black Series Portable Entertainment Projector", "imUrl": "http://ecx.images-amazon.com/images/I/51hVmGI2x1L._SX300_.jpg", "price": 58.84, "numReviews": 8, "groups": [33], "averageRating": 2.25}, {"asin": "B00AE2ISEE", "name": "HD 1080P Home Theatre LED Projector 30000Hours 800*600 2000Lumens HDMI TV 1000:1", "imUrl": "http://ecx.images-amazon.com/images/I/41-qpHpH9TL._SY300_.jpg", "price": 238.06, "numReviews": 4, "groups": [34], "averageRating": 4.25}, {"asin": "B003B143S0", "name": "Olens Technology XPJ Personal Entertainment Projector", "imUrl": "http://ecx.images-amazon.com/images/I/41gDn1yL-UL._SX300_.jpg", "price": 179.95, "numReviews": 30, "groups": [35], "averageRating": 3.2}, {"asin": "B00ED9WNAE", "name": "DBPOWER LED Projector 1080P HDMI USB Home Cinema Projector System for School Classrooms, Home Entertainment, Home Schooling, Sports Bars/Restaurants, Conference Rooms (Black, LED-66 Updated)", "imUrl": "http://ecx.images-amazon.com/images/I/41-WPNPSziL._SY300_.jpg", "price": 202.68, "numReviews": 24, "groups": [36], "averageRating": 3.9166666666666665}, {"asin": "B000EI5QWA", "name": "Optoma HD72 720p DLP Home Theater Projector", "imUrl": "http://ecx.images-amazon.com/images/I/31BQQCA8C7L._SY300_.jpg", "price": 60.76, "numReviews": 24, "groups": [37], "averageRating": 4.291666666666667}, {"asin": "B00F3V4YZ8", "name": "LED Projector Cinema VGA/USB/SD/AV HDMI Input White", "imUrl": "http://ecx.images-amazon.com/images/I/51XXZRef6mL._SX300_.jpg", "price": 65.49, "numReviews": 18, "groups": [38], "averageRating": 1.7222222222222223}, {"asin": "B00G2HX6OW", "name": "BenQ MW523 WXGA 3000 Lumen 3D 10K Hour Lamp Life DLP Projector", "imUrl": "http://ecx.images-amazon.com/images/I/41lfMIOkgoL._SX300_.jpg", "price": 437.0, "numReviews": 7, "groups": [39], "averageRating": 4.428571428571429, "brand": "BenQ"}, {"asin": "B00G4ZRF94", "name": "HDMI VGA AV SD USB Mini LED Portable Projector 320x240 LCD with Remote Control 60\" Display", "imUrl": "http://ecx.images-amazon.com/images/I/41ynInvizxL._SY300_.jpg", "price": 67.99, "numReviews": 1, "groups": [40], "averageRating": 1.0}, {"asin": "B00EB1ODNO", "name": "Optoma GT760 720p 3400 Lumen Full 3D DLP Gaming Projector with HDMI ready for PS4 and Xbox One", "imUrl": "http://ecx.images-amazon.com/images/I/31j0bGMZY%2BL._SX300_.jpg", "price": 663.43, "numReviews": 29, "groups": [41], "averageRating": 4.620689655172414, "brand": "Optoma"}, {"asin": "B00H2FN9D6", "name": "Bolic BLC-007B Mini Trendy Portable HD Home Theater Cinema Digital LCD Projector LED / AV / TV Black", "imUrl": "http://ecx.images-amazon.com/images/I/41bltROvmNL._SY300_.jpg", "price": 92.0, "numReviews": 2, "groups": [42], "averageRating": 3.0}, {"asin": "B00E5LOKVU", "name": "Mini LED Portable Projector 320x240 Av VGA Sd USB Slot with Remote Control *Black", "imUrl": "http://ecx.images-amazon.com/images/I/41JFZmTa3RL._SY300_.jpg", "price": 58.85, "numReviews": 10, "groups": [43], "averageRating": 2.2}, {"asin": "B0012PQ7AY", "name": "InFocus Work Big IN2102 Projector 13.0 X 16.5 X 9.4", "imUrl": "http://ecx.images-amazon.com/images/I/41q9BMB4ZnL._SX300_.jpg", "price": 279.99, "numReviews": 8, "groups": [44], "averageRating": 4.625}, {"asin": "B00E7O6E3M", "name": "Hottest!!!UC20 1080p hot mini projector", "imUrl": "http://ecx.images-amazon.com/images/I/41KKBH%2Bo3TL._SX300_.jpg", "price": 57.81, "numReviews": 1, "groups": [45], "averageRating": 1.0}, {"asin": "B007BYPBZ2", "name": "Pyle Home PRJG42 480i 17-67-Inch 4:3/16:9 LED Video Game Projector", "imUrl": "http://ecx.images-amazon.com/images/I/41uCP8cdSsL._SY300_.jpg", "price": 58.84, "numReviews": 8, "groups": [46], "averageRating": 2.375}, {"asin": "B004G7GR7I", "name": "Shift3 Light Blast Entertainment Projector", "imUrl": "http://ecx.images-amazon.com/images/I/41ahw-YTXVL._SX300_.jpg", "price": 105.95, "numReviews": 60, "groups": [47], "averageRating": 2.4833333333333334, "brand": "Shift3"}, {"asin": "B005OVJSSK", "name": "Diamond Bulb Only EAQ43069401 / AJ-LAF1 for LG Projector with a Philips bulb", "imUrl": "http://ecx.images-amazon.com/images/I/61lMRhbRw9L._SX300_.jpg", "price": 121.76, "numReviews": 3, "groups": [48], "averageRating": 4.333333333333333, "brand": "LG"}, {"asin": "B00F26ZV5G", "name": "NEW Wireless Wifi Mini Mobile Cinema Hd DLP Projector Fo Iphone Android Phone Tablet", "imUrl": "http://ecx.images-amazon.com/images/I/41LektYrZKL._SY300_.jpg", "price": 224.99, "numReviews": 1, "groups": [49], "averageRating": 1.0}, {"asin": "B00GZG7GLO", "name": "Bestface New Portable LED Projector UC28 Home Cinema Theater PC Laptop VGA USB SD AV HDMI (Black)", "imUrl": "http://ecx.images-amazon.com/images/I/51k5M6Q8OIL._SY300_.jpg", "price": 58.84, "numReviews": 3, "groups": [50], "averageRating": 1.6666666666666667}, {"asin": "B000IMXHQY", "name": "Epson Moviemate 30s Home Theater Projector with Built-In DVD Player", "imUrl": "http://ecx.images-amazon.com/images/I/31jnNRbhKzL._SX300_.jpg", "price": 349.99, "numReviews": 10, "groups": [51], "averageRating": 4.8}, {"asin": "B001L7YI7C", "name": "Optoma TX1080 1080p DLP Home Theater Projector", "imUrl": "http://ecx.images-amazon.com/images/I/419ntnWzh5L._SX300_.jpg", "price": 695.99, "numReviews": 8, "groups": [52], "averageRating": 4.75}, {"asin": "B004ALM80A", "name": "ViewSonic PJD7583wi Interactive WXGA Ultra Short Throw DLP Projector - 3000 Lumens, 3000:1 DCR, 120Hz / 3D Ready, 10W Speakers", "imUrl": "http://ecx.images-amazon.com/images/I/31e1xN-1ddL.jpg", "price": 879.99, "numReviews": 8, "groups": [53], "averageRating": 3.625}, {"asin": "B005GU0H5W", "name": "Epson PowerLite 1221 XGA 3LCD Projector V11H429320", "imUrl": "http://ecx.images-amazon.com/images/I/31HBS9LX7eL._SX300_.jpg", "price": 588.5, "numReviews": 6, "groups": [54], "averageRating": 4.833333333333333, "brand": "Epson"}, {"asin": "B008OT3KVU", "name": "Sourcingbay Mini LED Projector Av/usb/sd - 300:1, 320x240, 30 Lumens", "imUrl": "http://ecx.images-amazon.com/images/I/41UoV6vmtzL._SY300_.jpg", "price": 59.95, "numReviews": 3, "groups": [55], "averageRating": 1.6666666666666667}, {"asin": "B002FJUKAY", "name": "ViewSonic PJD6381 XGA Short Throw DLP Projector -120Hz/3D Ready, 2500 Lumens, 2400:1 DCR", "imUrl": "http://ecx.images-amazon.com/images/I/2136vJJuLGL.jpg", "price": 349.99, "numReviews": 6, "groups": [56], "averageRating": 3.8333333333333335}, {"asin": "B001B6ARDW", "name": "Mitsubishi HC5500 1080p LCD Home Theater Projector", "imUrl": "http://ecx.images-amazon.com/images/I/41jIlGXWM8L._SX300_.jpg", "price": 59.98, "numReviews": 18, "groups": [57], "averageRating": 4.333333333333333}, {"asin": "B008BUPFFG", "name": "Vivitek D512-3D-KIT 2600 Lumen SVGA HDMI Portable DLP Projector with Xpand X102 3D Glasses - 2 pair", "imUrl": "http://ecx.images-amazon.com/images/I/41oOeuM8%2BfL._SX300_.jpg", "price": 449.99, "numReviews": 3, "groups": [58], "averageRating": 2.0, "brand": "Vivitek"}, {"asin": "B00606O9HI", "name": "HDGrahamGannon Portable Home Theater Video Projector with Built in DVD Player. INCLUDES FREE 6'HDMI CABLE FREE! Supports 20\"- 120\" screen size & 1080i/P, Wii, ps2, TV", "imUrl": "http://ecx.images-amazon.com/images/I/41GW1imRIAL._SX300_.jpg", "price": 210.94, "numReviews": 6, "groups": [59], "averageRating": 4.333333333333333}, {"asin": "B006A93M7I", "name": "Joybee GP2 iPhone/iPod/iPad Projector", "imUrl": "http://ecx.images-amazon.com/images/I/412sAsmJanL._SX300_.jpg", "price": 649.99, "numReviews": 25, "groups": [60], "averageRating": 3.72}, {"asin": "B0071QOF16", "name": "Visionmax Digital LCD Projector 1920x1080P Model:HD-4K", "imUrl": "http://ecx.images-amazon.com/images/I/41Py7MqrjDL._SX300_.jpg", "price": 34.31, "numReviews": 4, "groups": [61], "averageRating": 2.0}, {"asin": "B00DVEUL2E", "name": "SainSonic UC28 Mini LED Portable Projector 320x240 AV VGA SD USB Slot with Remote Control *White*", "imUrl": "http://ecx.images-amazon.com/images/I/41FLpIou9WL._SY300_.jpg", "price": 59.99, "numReviews": 17, "groups": [62], "averageRating": 3.4705882352941178}, {"asin": "B000WHBHAI", "name": "Optoma EP1691 WXGA DLP Multimedia Data Projector", "imUrl": "http://ecx.images-amazon.com/images/I/41fy0PY67HL._SX300_.jpg", "price": 64.0, "numReviews": 14, "groups": [63], "averageRating": 4.071428571428571}, {"asin": "B002VPQAVA", "name": "Dell Value Series Projector", "imUrl": "http://ecx.images-amazon.com/images/I/41Z58J%2B3zEL._SX300_.jpg", "price": 313.39, "numReviews": 3, "groups": [64], "averageRating": 2.6666666666666665, "brand": "Dell"}, {"asin": "B005FZWZEO", "name": "BenQ W1060 Plug 'n Play Home Theater Projector\"", "imUrl": "http://ecx.images-amazon.com/images/I/416RVjBTj7L._SY300_.jpg", "price": 8.84, "numReviews": 5, "groups": [65], "averageRating": 3.6}, {"asin": "B00D12B2JW", "name": "Mini Home HD LED Projector 60\" movies Remote control VGA USB SD input White", "imUrl": "http://ecx.images-amazon.com/images/I/3141zbquSLL._SY300_.jpg", "price": 59.99, "numReviews": 5, "groups": [66], "averageRating": 2.0}, {"asin": "B00C7KHRMA", "name": "BEST NEW LED HD Home Theater Multimedia LCD Projector 1080P AV VGA HDMI SD USB TV S-Video PS3 WII US Stock (LED-33, Black)", "imUrl": "http://ecx.images-amazon.com/images/I/41eJVDDkHXL._SX300_.jpg", "price": 239.99, "numReviews": 3, "groups": [67], "averageRating": 3.0, "salesRankCategory": "Home & Kitchen", "salesRank": 1674819}, {"asin": "B00G1WYWF0", "name": "Hdmi Portable Mini LED Projector Home Cinema Theater Av VGA USB Sd", "imUrl": "http://ecx.images-amazon.com/images/I/41IstNfR0zL._SY300_.jpg", "price": 56.55, "numReviews": 33, "groups": [68], "averageRating": 2.757575757575758}, {"asin": "B00HJKPRRK", "name": "MaxLum\u00ae 24W Mini Multimedia LCD Image System LED Projector with SD / USB / AV / VGA / HDMI Port - Gloden", "imUrl": "http://ecx.images-amazon.com/images/I/41DqT6oZ0LL._SY300_.jpg", "price": 58.84, "numReviews": 6, "groups": [69], "averageRating": 3.6666666666666665}, {"asin": "B002HRAEQE", "name": "Optoma PRO150S 2800 Lumen SVGA DLP Multimedia Projector", "imUrl": "http://ecx.images-amazon.com/images/I/41HSVXrbZxL._SX300_.jpg", "price": 429.96, "numReviews": 8, "groups": [70], "averageRating": 4.0}, {"asin": "B00J93EDMA", "name": "Aokdis New Fashion Portable Multimedia LED Projector Home Cinema Theater Support Av VGA USB Sd Hdmi for Iphone Pc Notebook Ipad (White)", "imUrl": "http://ecx.images-amazon.com/images/I/41wXsGDChuL._SY300_.jpg", "price": 66.66, "numReviews": 5, "groups": [71], "averageRating": 2.6}, {"asin": "B00BQWX1P2", "name": "Optoma HD25-LV 1080p 3200 Lumen Full 3D DLP Home Theater Projector with HDMI", "imUrl": "http://ecx.images-amazon.com/images/I/41lUC38i0JL._SX300_.jpg", "price": 870.0, "numReviews": 59, "groups": [72], "averageRating": 4.559322033898305, "brand": "Optoma"}, {"asin": "B0012PUO6M", "name": "InFocus Work Big IN2104 Projector", "imUrl": "http://ecx.images-amazon.com/images/I/31-VUMZrseL._SX300_.jpg", "price": 349.0, "numReviews": 5, "groups": [73], "averageRating": 4.6}, {"asin": "B004CSZVDM", "name": "SVP NEW! PP003 Portable Pocket Projector", "imUrl": "http://ecx.images-amazon.com/images/I/51nvWqmQ36L._SY300_.jpg", "price": 69.99, "numReviews": 42, "groups": [74], "averageRating": 2.7142857142857144, "brand": "SVP"}, {"asin": "B00H4IQ3Q6", "name": "Lumex Wifi DLP Wireless Multimedia Projector MX-80W", "imUrl": "http://ecx.images-amazon.com/images/I/517pUvW0wUL._SX300_.jpg", "price": 499.99, "numReviews": 1, "groups": [75], "averageRating": 3.0}, {"asin": "B00154QKH2", "name": "NEC  2000 Lumens 800 x 600 Resolution DLP Projector", "imUrl": "http://ecx.images-amazon.com/images/I/41ODoJ%2B4P0L._SX300_.jpg", "price": 451.99, "numReviews": 5, "groups": [76], "averageRating": 3.4}, {"asin": "B001125K7O", "name": "ViewSonic PJ551D 2300 Lumen DLP XGA Projector", "imUrl": "http://ecx.images-amazon.com/images/I/41ZWHD7hDML._SX300_.jpg", "price": 48.1, "numReviews": 17, "groups": [77], "averageRating": 4.352941176470588}, {"asin": "B00C13ON7K", "name": "LG Electronics PA75U Slim LED Projector with WXGA Resolution WiDi and Smart TV  (2013 Model)", "imUrl": "http://ecx.images-amazon.com/images/I/31bu2xILwIL._SX300_.jpg", "price": 543.6, "numReviews": 64, "groups": [78], "averageRating": 4.296875}, {"asin": "B00E4JEDWE", "name": "Optoma HD131Xe 1080p 2500 Lumen Full 3D DLP Home Theater Projector with HDMI (Black)", "imUrl": "http://ecx.images-amazon.com/images/I/418ya%2B7kF%2BL._SX300_.jpg", "price": 637.49, "numReviews": 126, "groups": [79], "averageRating": 4.357142857142857, "brand": "Optoma"}, {"asin": "B000A4AWP4", "name": "ViewSonic PJ256D Portable DLP Projector", "imUrl": "http://ecx.images-amazon.com/images/I/41MZQCR2E3L._SY300_.jpg", "price": 349.99, "numReviews": 2, "groups": [80], "averageRating": 4.5}, {"asin": "B000CPSM6W", "name": "VT580 NEC VT580 Portable Projector VT580", "imUrl": "http://ecx.images-amazon.com/images/I/31eqMr9Y3SL._SX300_.jpg", "price": 59.99, "numReviews": 3, "groups": [81], "averageRating": 4.333333333333333}, {"asin": "B004S0SBZE", "name": "BenQ W1200 300-Inch 1080p Front Projector - White", "imUrl": "http://ecx.images-amazon.com/images/I/41Bk34ZU%2B6L._SX300_.jpg", "price": 789.0, "numReviews": 9, "groups": [82], "averageRating": 3.888888888888889}, {"asin": "B00A2T6USA", "name": "NEC NP-VE281X Projector", "imUrl": "http://ecx.images-amazon.com/images/I/31HACAPIeBL.jpg", "price": 405.29, "numReviews": 14, "groups": [83], "averageRating": 4.5, "brand": "NEC"}, {"asin": "B00AZCZ59O", "name": "DBPOWER HD Ready LED Home Movie Projector USB HDMI 1080i/p PS3 Xbox PC 2000 lumens", "imUrl": "http://ecx.images-amazon.com/images/I/419Ul1NLBEL._SY300_.jpg", "price": 188.05, "numReviews": 12, "groups": [84], "averageRating": 3.4166666666666665}, {"asin": "B00DNVQUMA", "name": "HD LED 3D Projector 16:9&4:3 Video 3D Projector 3000 lumens 3*HDMI USB SD Support 1280*1024 and 1366*768,1080P,1080I,720P", "imUrl": "http://ecx.images-amazon.com/images/I/416Dy7KPBUL._SY300_.jpg", "price": 322.65, "numReviews": 7, "groups": [85], "averageRating": 3.5714285714285716}, {"asin": "B0041RRSTY", "name": "Optoma DS216 2600 Lumen SVGA DLP Multimedia Projector", "imUrl": "http://ecx.images-amazon.com/images/I/41ZWhSVPR5L._SX300_.jpg", "price": 599.99, "numReviews": 3, "groups": [86], "averageRating": 5.0}, {"asin": "B006OAWANA", "name": "ViewSonic PJD6243 300-Inches 1080p XGA 1024x768 DLP Projector, 3200 ANSI Lumens, 3000:1 contrast ratio, HDMI, 120Hz/3D-Ready -Black", "imUrl": "http://ecx.images-amazon.com/images/I/41LachVWSAL._SX300_.jpg", "price": 24.99, "numReviews": 4, "groups": [87], "averageRating": 4.0}, {"asin": "B00I4ZMNQW", "name": "Pyle PRJG45 Multimedia Home Theater Mini Projector with HDMI, AV, VGA Inputs, SD/USB Readers", "imUrl": "http://ecx.images-amazon.com/images/I/41VwX9eN-IL._SX300_.jpg", "price": 89.36, "numReviews": 6, "groups": [88], "averageRating": 2.3333333333333335, "brand": "Pyle"}, {"asin": "B00433SN7M", "name": "EPSON EX7200 Multimedia Projector (V11H367120)", "imUrl": "http://ecx.images-amazon.com/images/I/41mosHt6upL._SX300_.jpg", "price": 599.99, "numReviews": 26, "groups": [89], "averageRating": 4.8076923076923075}, {"asin": "B004FEQW4K", "name": "NEC U310W - DLP projector - 3D Ready - 3100 ANSI lumens - WXGA (1280 x 800) - widescreen - High Definition 720p", "imUrl": "http://ecx.images-amazon.com/images/I/41DL7mbNELL._SY300_.jpg", "price": 879.99, "numReviews": 1, "groups": [90], "averageRating": 1.0}, {"asin": "B001K0QCH4", "name": "Epson PowerLite Home Cinema 6100 1080p 3LCD Home Theater Projector", "imUrl": "http://ecx.images-amazon.com/images/I/41YORBFfU2L._SX300_.jpg", "price": 24.99, "numReviews": 11, "groups": [91], "averageRating": 4.636363636363637}, {"asin": "B0089WLRT4", "name": "Elite Screens LED-V20 VMAX Multimedia LED Projector (200 Lumens VGA) (Black)", "imUrl": "http://ecx.images-amazon.com/images/I/41m5oGbjtnL._SX300_.jpg", "price": 179.0, "numReviews": 1, "groups": [92], "averageRating": 5.0}, {"asin": "B00HQ2IZ6Q", "name": "ASK Proxima C3255-A 2700 Lumens 2000:1 Contrast 3 LCD Projector", "imUrl": "http://ecx.images-amazon.com/images/I/41BoYjQMeGL._SX300_.jpg", "price": 261.29, "numReviews": 1, "groups": [93], "averageRating": 4.0, "brand": "ASK Proxima"}, {"asin": "B00193B8PS", "name": "Sharp XR32SL Multimedia Projector", "imUrl": "http://ecx.images-amazon.com/images/I/41yuBCRYBsL._SX300_.jpg", "price": 439.99, "numReviews": 4, "groups": [94], "averageRating": 4.25}, {"asin": "B00AE2IT5M", "name": "White HD 1080P Home Theatre LED Projector 30000Hours 800*600 2000Lumens HDMI TV SD White", "imUrl": "http://ecx.images-amazon.com/images/I/41fFuERqAiL._SY300_.jpg", "price": 238.06, "numReviews": 9, "groups": [95], "averageRating": 4.0}, {"asin": "B00EL4VAIM", "name": "( 2200 Lumens 50000 Hours, Display: 5 Inch TFT LCD Screen + LED Light Bulbs) Black New Brand BL D9HU 1080P LED Projector HDMI USB 1080P 3D", "imUrl": "http://ecx.images-amazon.com/images/I/418lvIVXYQL._SY300_.jpg", "price": 349.99, "numReviews": 1, "groups": [96], "averageRating": 5.0}, {"asin": "B003N349NU", "name": "LED Movie Projector, 800x600 Pixels, HDMI Port, 1080i/p Compatible, Game TV Home", "imUrl": "http://ecx.images-amazon.com/images/I/41ua257oUiL._SX300_.jpg", "price": 209.95, "numReviews": 82, "groups": [97], "averageRating": 3.902439024390244}, {"asin": "B00CPV2TM4", "name": "3*HDMI USB 3D LED Multimedia HD 3000 lumen Projector 1080P Native 1280*768 Contrast Ratio 2000: 1", "imUrl": "http://ecx.images-amazon.com/images/I/41sm9sCrR6L._SY300_.jpg", "price": 323.85, "numReviews": 14, "groups": [98], "averageRating": 3.2142857142857144}, {"asin": "B002OEBMS4", "name": "Epson EX51 Multimedia Projector", "imUrl": "http://ecx.images-amazon.com/images/I/31rVW%2Ba7XyL._SX300_.jpg", "price": 499.99, "numReviews": 16, "groups": [99], "averageRating": 4.5}, {"asin": "B003B43FEA", "name": "Optoma GT700 3D Game Time Projector", "imUrl": "http://ecx.images-amazon.com/images/I/41V47Z0trUL._SX300_.jpg", "price": 589.0, "numReviews": 51, "groups": [100], "averageRating": 4.1568627450980395}, {"asin": "B004HJ7GLG", "name": "Pyle Home PRJSD188 100-Inch 1080p Front Projector", "imUrl": "http://ecx.images-amazon.com/images/I/41a4vpbvbyL._SX300_.jpg", "price": 24.99, "numReviews": 10, "groups": [101], "averageRating": 3.4}, {"asin": "B008FJXIIO", "name": "LG PB61U Micro-Portable LED Projector with Integrated ATSC Tuner Projector", "imUrl": "http://ecx.images-amazon.com/images/I/21jGVADA2PL._SY300_.jpg", "price": 24.99, "numReviews": 5, "groups": [102], "averageRating": 4.6}, {"asin": "B002AKHHHM", "name": "Discovery Expedition Entertainment Projector", "imUrl": "http://ecx.images-amazon.com/images/I/41FmgTZUbYL._SX300_.jpg", "price": 175.95, "numReviews": 233, "groups": [103], "averageRating": 2.467811158798283}, {"asin": "B00A9S3OOC", "name": "ViewSonic PJD5134 SVGA DLP Projector, 3000 Lumens,3D Blu-Ray w/HDMI, 120Hz", "imUrl": "http://ecx.images-amazon.com/images/I/31yk50Wh32L._SX300_.jpg", "price": 344.79, "numReviews": 462, "groups": [104], "averageRating": 4.584415584415584, "brand": "ViewSonic"}, {"asin": "B000XOKZ8U", "name": "Optoma HD65 720p DLP Home Theater Projector (2008 Model)", "imUrl": "http://ecx.images-amazon.com/images/I/416NBDC-2FL._SX300_.jpg", "price": 737.25, "numReviews": 81, "groups": [105], "averageRating": 4.08641975308642}, {"asin": "B003KGBCZS", "name": "ViewSonic PJD5122 SVGA DLP Projector", "imUrl": "http://ecx.images-amazon.com/images/I/41PgXTDa7oL._SY300_.jpg", "price": 299.99, "numReviews": 92, "groups": [106], "averageRating": 4.25}, {"asin": "B003J2S4TA", "name": "Sharp Electronics XR50SL 2700 Lumens, SVGA, DLP Multimedia Projector.", "imUrl": "http://ecx.images-amazon.com/images/I/318KMwKiMoL._SX300_.jpg", "price": 439.99, "numReviews": 2, "groups": [107], "averageRating": 4.5}, {"asin": "B00CPV31EY", "name": "LED 3D HD Digital Projector Home Theater 3000 lumens 3*HDMI USB SD PVR WII PS3 Black", "imUrl": "http://ecx.images-amazon.com/images/I/51xi54ZaRvL._SY300_.jpg", "price": 321.96, "numReviews": 2, "groups": [108], "averageRating": 1.0}, {"asin": "B00E87E1ME", "name": "Epson EX6220 WXGA 3LCD Projector, 3000 lumen color, 3000 lumen white (V11H550220)", "imUrl": "http://ecx.images-amazon.com/images/I/31XDkVRY%2BcL._SX300_.jpg", "price": 649.0, "numReviews": 31, "groups": [109], "averageRating": 4.709677419354839, "brand": "Epson"}, {"asin": "B00E87E1LK", "name": "Epson EX5220 Wireless XGA 3LCD Projector, 3000 color lumens, 3000 while lumens (V11H551020)", "imUrl": "http://ecx.images-amazon.com/images/I/41a3nS8d9nL._SX300_.jpg", "price": 539.99, "numReviews": 25, "groups": [109], "averageRating": 4.12, "brand": "Epson"}, {"asin": "B002WXMNX0", "name": "Optoma PRO350W, 2800 lumen, XGA, DLP Multimedia Projector", "imUrl": "http://ecx.images-amazon.com/images/I/31K4l5SWrsL._SX300_.jpg", "price": 449.0, "numReviews": 10, "groups": [110], "averageRating": 4.0}, {"asin": "B0041RRS8U", "name": "Optoma PT100, WVGA, 50 LED Lumens, Gaming Projector", "imUrl": "http://ecx.images-amazon.com/images/I/31Q8j64PlSL._SX300_.jpg", "price": 369.99, "numReviews": 240, "groups": [111], "averageRating": 3.629166666666667}, {"asin": "B00CPZ05MQ", "name": "LED 2700 Lumens LCD Projector 1280*768 HD-Ready 1080P Home Theater HDMI USB XBOX LED-86 Black", "imUrl": "http://ecx.images-amazon.com/images/I/41nxHwn-VnL._SY300_.jpg", "price": 235.49, "numReviews": 1, "groups": [112], "averageRating": 4.0}, {"asin": "B00JXFY32O", "name": "Home Cinema Theater Multimedia LED LCD Projector HD 1080P PC AV TV VGA USB HDMI", "imUrl": "http://ecx.images-amazon.com/images/I/41ixeZHNwYL._SY300_.jpg", "price": 63.8, "numReviews": 8, "groups": [113], "averageRating": 2.0}, {"asin": "B00004Y7LM", "name": "ViewSonic PJ1060 Office Theater Projector", "imUrl": "http://ecx.images-amazon.com/images/I/4167HD728KL._SX300_.jpg", "price": 599.99, "numReviews": 2, "groups": [114], "averageRating": 4.0}, {"asin": "B0002H4KVG", "name": "Sharp XR-1S Ultra Portable DLP Video Projector -1100 Lumens SVGA", "imUrl": "http://ecx.images-amazon.com/images/I/41NH0QQDG1L._SX300_.jpg", "price": 6.99, "numReviews": 2, "groups": [115], "averageRating": 4.5}, {"asin": "B004FP3RYM", "name": "Vivitek Qumi Q2 300 Lumen WXGA HDMI 3D-Ready Pocket DLP Projector (Black)", "imUrl": "http://ecx.images-amazon.com/images/I/419tOB8iDrL._SX300_.jpg", "price": 2.86, "numReviews": 82, "groups": [116], "averageRating": 4.329268292682927}, {"asin": "B005LMWP82", "name": "Epson VS210 Projector (Portable SVGA 3LCD, 2600 lumens color brightness, 2600 lumens white brightness, rapid setup)", "imUrl": "http://ecx.images-amazon.com/images/I/31F30o8N1IL._SX300_.jpg", "price": 329.0, "numReviews": 97, "groups": [117], "averageRating": 4.556701030927835}, {"asin": "B004H5WVS8", "name": "ViewSonic PJD7383 XGA 1024x768 Ultra Short Throw DLP Projector - 3000 Lumens, 3000:1 DCR, 120Hz/3D Ready, 10W Speakers", "imUrl": "http://ecx.images-amazon.com/images/I/51WLuqqD3rL._SY300_.jpg", "price": 694.53, "numReviews": 1, "groups": [118], "averageRating": 5.0}, {"asin": "B009RCVH2C", "name": "LED Multimedia Projector with DVD Player - 480x320, 20 Lumens, 100:1", "imUrl": "http://ecx.images-amazon.com/images/I/41AxZEMc%2BOL._SY300_.jpg", "price": 159.75, "numReviews": 5, "groups": [119], "averageRating": 1.6}, {"asin": "B00H468HXU", "name": "Vigrand 2013 Latest Projector 50 Ansil Lumens Hdmi Multimedia Portable Mini Hd LED LCD Projector Cinema Theater with Music Photos Videos Compatible with for Iphone 4/4s,ipad,samsung Galaxy I9300,n7000,i9100,support Vga/usb/sd/av/hdmi/ef Interface with Aluminum Alloy Tripod, Best Choice for Home Education/entertainment/party--blue Color", "imUrl": "http://ecx.images-amazon.com/images/I/41SVqA1hOdL._SY300_.jpg", "price": 89.87, "numReviews": 1, "groups": [120], "averageRating": 3.0}, {"asin": "B00HJNPN08", "name": "MaxLum\u00ae E03 16W Mini Multimedia LCD Image System LED Projector with HDMI / USB / VGA / Micro SD / TV Port- White (320 x 240)", "imUrl": "http://ecx.images-amazon.com/images/I/413MeHyOn1L._SY300_.jpg", "price": 89.63, "numReviews": 2, "groups": [121], "averageRating": 1.5}, {"asin": "B0098V3DLU", "name": "PyleHome PRJ3D89 32-Inch to 200-Inch 4:3/16:9 HD 5-Inch LCD Projector", "imUrl": "http://ecx.images-amazon.com/images/I/41-YFTpVhHL._SX300_.jpg", "price": 199.99, "numReviews": 3, "groups": [122], "averageRating": 3.6666666666666665}, {"asin": "B009LG0OS2", "name": "Vivitek Qumi Q2-LITE B 300 Lumen WXGA HDMI 3D-Ready HD 720p Pocket DLP Projector (Black)", "imUrl": "http://ecx.images-amazon.com/images/I/41oOeuM8%2BfL._SX300_.jpg", "price": 417.48, "numReviews": 25, "groups": [123], "averageRating": 4.28, "brand": "Vivitek"}, {"asin": "B0058DFIL0", "name": "FAVI RioHD-LED-3T Home Theater Projector with 150\" Picture", "imUrl": "http://ecx.images-amazon.com/images/I/41p-%2BPPxXOL._SX300_.jpg", "price": 222.16, "numReviews": 22, "groups": [124], "averageRating": 4.363636363636363}, {"asin": "B00G2478VM", "name": "Epson EX3212 SVGA 3LCD Projector", "imUrl": "http://ecx.images-amazon.com/images/I/31UYCeLvu1L.jpg", "price": 599.99, "numReviews": 4, "groups": [125], "averageRating": 4.5}, {"asin": "B002ZWU33U", "name": "Optoma HD66, HD (720p), 2500 ANSI Lumens, Home Theater Projector", "imUrl": "http://ecx.images-amazon.com/images/I/41OmcT6-frL._SX300_.jpg", "price": 505.05, "numReviews": 297, "groups": [126], "averageRating": 4.171717171717172}, {"asin": "B009ZGK5AA", "name": "EX7210 2800 Lumens 1280 x 800 3,000:1 LCD Projector (Refurbished)", "imUrl": "http://ecx.images-amazon.com/images/I/31ZLhzpC7lL.jpg", "price": 679.99, "numReviews": 2, "groups": [127], "averageRating": 4.0}, {"asin": "B00CPV7P32", "name": "Optoma W303 WXGA 3200 Lumen Full 3D DLP Easy to Use Performance Projector with HDMI", "imUrl": "http://ecx.images-amazon.com/images/I/31VYbds1QTL._SX300_.jpg", "price": 444.99, "numReviews": 23, "groups": [128], "averageRating": 4.260869565217392, "brand": "Optoma"}, {"asin": "B00EKLQU36", "name": "New Arrival Portable Mini HD Wireless WiFi DLP Projector for iPhone Android Phone Laptop PC, HDMI Mobile Home Cinema, Built-in Power Bank & Battery", "imUrl": "http://ecx.images-amazon.com/images/I/413%2BQX1sJnL._SY300_.jpg", "price": 235.99, "numReviews": 12, "groups": [129], "averageRating": 3.3333333333333335}, {"asin": "B000088UU8", "name": "NEC VT460 Video Projector", "imUrl": "http://ecx.images-amazon.com/images/I/11HAGNFTTEL.jpg", "price": 8.87, "numReviews": 1, "groups": [130], "averageRating": 5.0}, {"asin": "B003L7VH1K", "name": "BenQ projector W600+", "imUrl": "http://ecx.images-amazon.com/images/I/41FG2XrsSmL._SX300_.jpg", "price": 7.01, "numReviews": 3, "groups": [131], "averageRating": 4.0}, {"asin": "B007ZYUO7I", "name": "Optoma DS339, SVGA, 2600 ANSI Lumens, 3D-Multimedia Projector", "imUrl": "http://ecx.images-amazon.com/images/I/411ybYmtdrL._SX300_.jpg", "price": 278.99, "numReviews": 74, "groups": [132], "averageRating": 4.283783783783784}, {"asin": "B00BRM8YEY", "name": "Optoma W304M WXGA 3100 Lumen Full 3D Portable DLP Projector with HDMI", "imUrl": "http://ecx.images-amazon.com/images/I/41y33Bjd39L._SX300_.jpg", "price": 709.0, "numReviews": 8, "groups": [133], "averageRating": 4.875, "brand": "Optoma"}, {"asin": "B000IYH8A8", "name": "Sony VPL-VW50 SXRD 1080p Home Theater Front Projector", "imUrl": "http://ecx.images-amazon.com/images/I/31Cijg5iL0L._SX300_.jpg", "price": 699.99, "numReviews": 1, "groups": [134], "averageRating": 5.0}, {"asin": "B004ULKUWI", "name": "ViewSonic PJD5523w WXGA DLP Projector - 720p, HDMI, 2700 Lumens, 3000:1 DCR, 120Hz/3D Ready, Speaker", "imUrl": "http://ecx.images-amazon.com/images/I/41PnwXj8ZyL._SX300_.jpg", "price": 505.05, "numReviews": 63, "groups": [135], "averageRating": 4.396825396825397}, {"asin": "B00EWNL50U", "name": "Green Fashion 60\" Portable Mini 48 Lumens Multimedia HD LED LCD BLACK Projector Cinema Theater, Support PC Laptop VGA Input and SD + USB + AV Input+HDMI Input with Music Photos Videos Compatible with Smart Phone for Iphone 4/4s,ipad,samsung Galaxy s3/s4/noteii(Black)", "imUrl": "http://ecx.images-amazon.com/images/I/31JJJsihgIL._SX300_.jpg", "price": 70.98, "numReviews": 7, "groups": [136], "averageRating": 2.2857142857142856}, {"asin": "B001CH9YMK", "name": "Vivitek D825MS 2600 Lumen SVGA DLP Projector", "imUrl": "http://ecx.images-amazon.com/images/I/31xq0hgNpcL._SX300_.jpg", "price": 349.99, "numReviews": 55, "groups": [137], "averageRating": 4.472727272727273}, {"asin": "B00HRK2OPK", "name": "InFocus IN124A DLP Projector", "imUrl": "http://ecx.images-amazon.com/images/I/41LeR10aJaL._SX300_.jpg", "price": 497.99, "numReviews": 1, "groups": [16], "averageRating": 5.0, "brand": "InFocus"}, {"asin": "B002Q4U5BM", "name": "LG HS201 Slim LED Front Projector (2009 Model)", "imUrl": "http://ecx.images-amazon.com/images/I/41ofUZBSloL._SY300_.jpg", "price": 499.0, "numReviews": 103, "groups": [138], "averageRating": 4.135922330097087}, {"asin": "B00F9ZQ9RE", "name": "Epson POWERLITE X17 XGA 3 LCD Projector", "imUrl": "http://ecx.images-amazon.com/images/I/41iRRAXJsxL._SX300_.jpg", "price": 444.99, "numReviews": 5, "groups": [139], "averageRating": 4.2, "brand": "Epson"}, {"asin": "B004DUMR9U", "name": "Vivitek H1081 2000 Lumen 1080p Home Theater Projector Black", "imUrl": "http://ecx.images-amazon.com/images/I/31aQ6esf4yL._SX300_.jpg", "price": 847.85, "numReviews": 5, "groups": [140], "averageRating": 4.6, "brand": "Vivitek"}, {"asin": "B005FIZX40", "name": "NEC NP-V300W - DLP projector - 3D Ready - 3000 ANSI lumens - WXGA (1280 x 800) - widescreen - High Definition 720p", "imUrl": "http://ecx.images-amazon.com/images/I/41FGsYQcCpL._SY300_.jpg", "price": 8.84, "numReviews": 4, "groups": [141], "averageRating": 4.25}, {"asin": "B005G2HR80", "name": "Optoma DS326 SVGA, 2600 Lumen, 3-D Capable Projector", "imUrl": "http://ecx.images-amazon.com/images/I/41HSVXrbZxL._SX300_.jpg", "price": 278.99, "numReviews": 2, "groups": [142], "averageRating": 4.0}, {"asin": "B00BDXNZB4", "name": "Epson EX5210 XGA 3LCD Refurbished Projector", "imUrl": "http://ecx.images-amazon.com/images/I/31v9RQCX0wL.jpg", "price": 549.99, "numReviews": 3, "groups": [143], "averageRating": 4.666666666666667}, {"asin": "B0040F9048", "name": "Backyard Outdoor Home Theater In a Box, Portable dvd Projector with Outdoor Movie Screen and Projector Stand!", "imUrl": "http://ecx.images-amazon.com/images/I/41Xq6MMYMJL.jpg", "price": 349.99, "numReviews": 3, "groups": [144], "averageRating": 4.333333333333333}, {"asin": "B0023PZDW0", "name": "ViewSonic PJD5111 2500 Lumens Portable DLP Projector", "imUrl": "http://ecx.images-amazon.com/images/I/41FULeqjZ4L._SX300_.jpg", "price": 299.99, "numReviews": 33, "groups": [145], "averageRating": 4.242424242424242}, {"asin": "B00EQ2WJ84", "name": "Vigrand Projector 80 Ansil Lumens Multimedia LED LCD Portable Black Projector with Music Photos Videos Compatible with Smart Phone for Iphone 4/4s,ipad,samsung Galaxy I9300,n7000,i9100, Support Hdmi & VGA Interface", "imUrl": "http://ecx.images-amazon.com/images/I/41PtiRFVu8L._SY300_.jpg", "price": 57.8, "numReviews": 70, "groups": [146], "averageRating": 2.4}, {"asin": "B002HM2EWG", "name": "TS526 SVGA DLP Proj 3000:1 2800 Lumens 2WATT Audio", "imUrl": "http://ecx.images-amazon.com/images/I/315a9CXMclL._SY300_.jpg", "price": 699.0, "numReviews": 1, "groups": [147], "averageRating": 5.0}, {"asin": "B00CPZ04YU", "name": "LED 2800 Lumens LCD Projector 1280*768 HD-Ready 1080P Home Theater HDMI USB LED-86 Black", "imUrl": "http://ecx.images-amazon.com/images/I/41hSX-ZVyPL._SY300_.jpg", "price": 234.56, "numReviews": 2, "groups": [148], "averageRating": 5.0}, {"asin": "B004OWQRGQ", "name": "InFocus IN1112 Ultra Mobile Widescreen DLP Projector, 2.75 lbs, WXGA, 2200 Lumens", "imUrl": "http://ecx.images-amazon.com/images/I/41tXvlH4C9L._SY300_.jpg", "price": 864.89, "numReviews": 1, "groups": [149], "averageRating": 4.0}, {"asin": "B00EU9V3S0", "name": "Epson Home Cinema 730HD 720p 3LCD Projector", "imUrl": "http://ecx.images-amazon.com/images/I/31nwtmAZ2FL._SX300_.jpg", "price": 588.0, "numReviews": 58, "groups": [150], "averageRating": 4.586206896551724, "brand": "Epson"}, {"asin": "B00H45Z6HQ", "name": "Vigrand 2013 latest Projector 50 Ansil Lumens HDMI Multimedia Portable Mini HD LED LCD Projector Cinema Theater with Music Photos Videos Compatible with for Iphone 4/4s,ipad,samsung Galaxy I9300,n7000,i9100,Support VGA/USB/SD/AV/HDMI/EF Interfacewith Aluminum alloy tripod, best choice for home education/entertainment/party--yellow color", "imUrl": "http://ecx.images-amazon.com/images/I/41kJ4DbSf8L._SY300_.jpg", "price": 75.99, "numReviews": 4, "groups": [151], "averageRating": 2.25}, {"asin": "B00556F9I2", "name": "Optoma ML500, WXGA, 500 LED Lumens, Mobile Projector", "imUrl": "http://ecx.images-amazon.com/images/I/41uqlWZ8e6L._SX300_.jpg", "price": 995.0, "numReviews": 136, "groups": [152], "averageRating": 3.7720588235294117, "brand": "Optoma"}, {"asin": "B00GMG1C4Y", "name": "E-rainbow 60\" Portable Mini Hd LED Projector Cinema Theater,Support PC Laptop HDMI VGA Input and SD + USB + AV Input,for iphone,galaxy,laptop,mac.with Remote Control *White*,Only for home", "imUrl": "http://ecx.images-amazon.com/images/I/41%2B-ZQq9R8L._SY300_.jpg", "price": 54.94, "numReviews": 46, "groups": [146, 153], "averageRating": 2.4347826086956523, "brand": "E-rainbow"}, {"asin": "B0088B5DPU", "name": "Epson EX3200 Multimedia Projector", "imUrl": "http://ecx.images-amazon.com/images/I/41VCaibCfbL._SX300_.jpg", "price": 329.0, "numReviews": 2, "groups": [154], "averageRating": 4.5}, {"asin": "B001GWFBNM", "name": "Sharper Image Wonderwall Entertainment Projector", "imUrl": "http://ecx.images-amazon.com/images/I/41gV-z9H0zL._SX300_.jpg", "price": 179.95, "numReviews": 33, "groups": [155], "averageRating": 2.8484848484848486}, {"asin": "B00HJKZ5SG", "name": "MaxLum\u00ae 24W Mini Multimedia LCD Image System LED Projector with SD / USB / AV / VGA / HDMI Port with 1.5M HDMI Cable", "imUrl": "http://ecx.images-amazon.com/images/I/4139vx0aCbL._SY300_.jpg", "price": 56.49, "numReviews": 3, "groups": [156], "averageRating": 1.6666666666666667}, {"asin": "B004IP0I5K", "name": "Vivitek D512-3D 2600 Lumen SVGA HDMI 120 Hz 2D to 3D Portable DLP Projector", "imUrl": "http://ecx.images-amazon.com/images/I/417nknXfEnL._SX300_.jpg", "price": 477.82, "numReviews": 31, "groups": [157], "averageRating": 4.354838709677419}, {"asin": "B0030EQPUM", "name": "Mediawise LCD Projector - FREE HDMI & XTRA BULB - Xbox, Wii, PS1, PS2, PS3, Gamecube", "imUrl": "http://ecx.images-amazon.com/images/I/41qrOss7U8L._SX300_.jpg", "price": 7.0, "numReviews": 7, "groups": [158], "averageRating": 3.857142857142857}, {"asin": "B00JST4R1W", "name": "LG Electronics PA77U WXGA 3D LED Projector with Smart TV and Built-In Digital TV Tuner", "imUrl": "http://ecx.images-amazon.com/images/I/21ruDPO4I6L._SX300_.jpg", "price": 649.0, "numReviews": 7, "groups": [159], "averageRating": 4.571428571428571}, {"asin": "B002673AY8", "name": "Epson PowerLite 410W Business Projector (WXGA Resolution 1280x800) (V11H330020)", "imUrl": "http://ecx.images-amazon.com/images/I/31AUIi2P7mL._SX300_.jpg", "price": 33.1, "numReviews": 2, "groups": [160], "averageRating": 2.5}, {"asin": "B007RFCGLM", "name": "Sharp XV-Z30000 3D Ready DLP Projector - 1080p - HDTV - 16:9 - 1920 x 1080 - Full HD - 50,000:1 - 1600 lm - HDMI - Ethernet", "imUrl": "http://ecx.images-amazon.com/images/I/414HQCpe1-L._SX300_.jpg", "price": 749.0, "numReviews": 3, "groups": [161], "averageRating": 4.333333333333333}, {"asin": "B00AQFK52C", "name": "Epson V11H429420 VS320 XGA 3LCD 2700 Lumens Color Brightness Projector", "imUrl": "http://ecx.images-amazon.com/images/I/415EHru4iwL._SY300_.jpg", "price": 399.99, "numReviews": 19, "groups": [162], "averageRating": 4.7894736842105265}, {"asin": "B004SCRC98", "name": "LG HX350T 720p LED Front Projector with Digital TV Tuner", "imUrl": "http://ecx.images-amazon.com/images/I/41SyB7gwdiL._SY300_.jpg", "price": 2.86, "numReviews": 41, "groups": [163], "averageRating": 4.390243902439025}, {"asin": "B005J31BCY", "name": "Epson EX5210 Projector (Portable XGA 3LCD, 2800 lumens color brightness, 2800 lumens white brightness, HDMI, rapid setup)", "imUrl": "http://ecx.images-amazon.com/images/I/31DMTNnuT9L._SX300_.jpg", "price": 547.88, "numReviews": 120, "groups": [164], "averageRating": 4.616666666666666, "brand": "Epson"}, {"asin": "B00ESJ5G9E", "name": "60\" Portable Mini Hd LED Projector Cinema Theater, Support Pc Laptop Hdmi VGA Input and Sd + USB + Av Input", "imUrl": "http://ecx.images-amazon.com/images/I/41IstNfR0zL._SY300_.jpg", "price": 54.94, "numReviews": 10, "groups": [165], "averageRating": 1.7}, {"asin": "B002GWL6WG", "name": "Optoma TX542, XGA, 2800 lumen, networkable, DLP Multimedia Projector", "imUrl": "http://ecx.images-amazon.com/images/I/41lFyhCCJrL._SX300_.jpg", "price": 679.99, "numReviews": 3, "groups": [166], "averageRating": 5.0, "brand": "Optoma"}, {"asin": "B005MXK1ZY", "name": "Optoma PT105, WVGA, 75 LED Lumens, Gaming Projector", "imUrl": "http://ecx.images-amazon.com/images/I/41jc6aCZaXL._SX300_.jpg", "price": 369.99, "numReviews": 123, "groups": [167], "averageRating": 3.5121951219512195}, {"asin": "B003PSN63W", "name": "Indoor Specter Projector with Sound", "imUrl": "http://ecx.images-amazon.com/images/I/41KkjRig5NL._SY300_.jpg", "price": 67.49, "numReviews": 2, "groups": [168], "averageRating": 3.5}, {"asin": "B007HOHV9U", "name": "Epson V11H475020 318-Inches PowerLite Home Cinema 710 HD 720p 3LCD Home Theater Projector", "imUrl": "http://ecx.images-amazon.com/images/I/31ek%2BzDtcnL._SX300_.jpg", "price": 752.0, "numReviews": 49, "groups": [169], "averageRating": 4.448979591836735}, {"asin": "B00C197G0A", "name": "LG Electronics PG65U Ultra Portable LED Projector with WXGA Resolution WiDi ATSC Tuner and Integrated Battery", "imUrl": "http://ecx.images-amazon.com/images/I/31EEO31hqVL._SY300_.jpg", "price": 795.0, "numReviews": 14, "groups": [170], "averageRating": 4.142857142857143, "brand": "LG"}, {"asin": "B0063CZAUY", "name": "Vivitek D860 3000 Lumen SVGA 3D-Ready Portable DLP Projector", "imUrl": "http://ecx.images-amazon.com/images/I/41HeCCM44FL._SX300_.jpg", "price": 349.99, "numReviews": 4, "groups": [171], "averageRating": 4.75}, {"asin": "B007ZW43IQ", "name": "BenQ EP5920 Plug 'n Play 1080P Home Theater Projector (Silver/black) (Old Version)", "imUrl": "http://ecx.images-amazon.com/images/I/41HAX6ign9L._SX300_.jpg", "price": 749.0, "numReviews": 24, "groups": [172], "averageRating": 4.0}, {"asin": "B00076QBUA", "name": "Panasonic PT-AE700U High-Definition Home Cinema LCD Projector", "imUrl": "http://ecx.images-amazon.com/images/I/41M5DT1DBTL._SX300_.jpg", "price": 52.98, "numReviews": 11, "groups": [173], "averageRating": 3.4545454545454546}, {"asin": "B000GLL1H4", "name": "Epson PowerLite S4 Multimedia Projector 1800 ANSI Lumens", "imUrl": "http://ecx.images-amazon.com/images/I/21Uu6sTbWsL.jpg", "price": 39.72, "numReviews": 1, "groups": [174], "averageRating": 4.0}, {"asin": "B00HJPHR7I", "name": "MaxLum\u00ae 24W Mini Multimedia LCD Image System LED Projector with SD / USB / AV / VGA /HDMI Port - White", "imUrl": "http://ecx.images-amazon.com/images/I/41by%2BmWc87L._SY300_.jpg", "price": 56.49, "numReviews": 3, "groups": [175], "averageRating": 1.3333333333333333}, {"asin": "B0044UCHNK", "name": "Sony LCD Projector (VPLEX120)", "imUrl": "http://ecx.images-amazon.com/images/I/21sJtduH1vL._SY300_.jpg", "price": 499.99, "numReviews": 2, "groups": [176], "averageRating": 4.5}, {"asin": "B007ZWI7X8", "name": "BenQ MS502 2700L SmartEco SVGA 3D Ready DLP Projector", "imUrl": "http://ecx.images-amazon.com/images/I/41W%2BrQ6Re-L._SX300_.jpg", "price": 314.68, "numReviews": 20, "groups": [177], "averageRating": 4.65}, {"asin": "B000HGMMG2", "name": "BenQ W100 DLP Home Theater Projector", "imUrl": "http://ecx.images-amazon.com/images/I/41MXWKCJ2XL._SY300_.jpg", "price": 794.75, "numReviews": 4, "groups": [178], "averageRating": 4.75}, {"asin": "B004YRUDPM", "name": "InFocus IN116 Portable DLP Projector, 3D ready, WXGA, 2700 Lumens", "imUrl": "http://ecx.images-amazon.com/images/I/31TRukn-spL._SX300_.jpg", "price": 574.99, "numReviews": 37, "groups": [179], "averageRating": 4.4324324324324325, "brand": "InFocus"}, {"asin": "B00BBMFSB2", "name": "MX618ST DLP Projector XGA 13000:1 2800 Lumens HDMI USB", "imUrl": "http://ecx.images-amazon.com/images/I/41yM-vTkBLL._SX300_.jpg", "price": 619.87, "numReviews": 1, "groups": [180], "averageRating": 1.0}, {"asin": "B00ED7ZF24", "name": "DBPOWER HD Home Theater 1080P LCD PROJECTOR LED HDMI WII PS3 TV With CE FCC ROHS Support Home Moive, Games, Meeting, Teaching", "imUrl": "http://ecx.images-amazon.com/images/I/41Xq6OpUdlL._SY300_.jpg", "price": 197.69, "numReviews": 2, "groups": [181], "averageRating": 5.0}, {"asin": "B0007CGXWA", "name": "Optoma H31 Home Theater 480p DLP Video Projector", "imUrl": "http://ecx.images-amazon.com/images/I/412MR6HJE9L._SY300_.jpg", "price": 329.0, "numReviews": 32, "groups": [182], "averageRating": 4.75}, {"asin": "B000OVBVF8", "name": "Optoma DV11 480p Home Theater Projector with Built-In Slot Load DVD Player", "imUrl": "http://ecx.images-amazon.com/images/I/413CwcrJe3L._SX300_.jpg", "price": 115.5, "numReviews": 19, "groups": [183], "averageRating": 4.315789473684211}, {"asin": "B002LARYMO", "name": "ViewSonic PJD6221 XGA DLP Projector -120Hz/3D Ready, 2700 Lumens, 2800:1 DCR", "imUrl": "http://ecx.images-amazon.com/images/I/210VVvqYz2L.jpg", "price": 8.86, "numReviews": 13, "groups": [184], "averageRating": 3.076923076923077}, {"asin": "B00BSNGRXC", "name": "Koolertron\u00ae 60 Inches Multimedia LED LCD Portable VGA Mini Projector For iPhone iPad Samsung Galaxy (White)", "imUrl": "http://ecx.images-amazon.com/images/I/41uteRzEotL._SY300_.jpg", "price": 109.99, "numReviews": 1, "groups": [185], "averageRating": 1.0}, {"asin": "B00G87AW3E", "name": "BenQ MS521 SVGA 3000L HDMI Smart Eco 3D Projector with 10,000 Hour Lamp Life Projector", "imUrl": "http://ecx.images-amazon.com/images/I/41TJkCHzbiL._SY300_.jpg", "price": 309.0, "numReviews": 13, "groups": [186], "averageRating": 4.769230769230769, "brand": "BenQ"}, {"asin": "B00433SN3G", "name": "EPSON EX3200 Multimedia Projector (V11H369020)", "imUrl": "http://ecx.images-amazon.com/images/I/31Y8RWzFhCL._SX300_.jpg", "price": 599.99, "numReviews": 20, "groups": [187], "averageRating": 3.7}, {"asin": "B00EO96W2I", "name": "Epson PowerLite Home Cinema 2030 1080p 3LCD Projector", "imUrl": "http://ecx.images-amazon.com/images/I/41lE9zhmi8L._SX300_.jpg", "price": 849.0, "numReviews": 67, "groups": [188], "averageRating": 4.552238805970149, "brand": "Epson"}, {"asin": "B0047E58SE", "name": "Epson PowerLite S9 (V11H376020)", "imUrl": "http://ecx.images-amazon.com/images/I/41UYTiSRpSL._SY300_.jpg", "price": 6.99, "numReviews": 2, "groups": [189], "averageRating": 5.0}, {"asin": "B000MMZREK", "name": "ViewSonic PJ556D DLP Projector- 5.9lbs", "imUrl": "http://ecx.images-amazon.com/images/I/41h3XhM5fsL._SX300_.jpg", "price": 179.95, "numReviews": 2, "groups": [190], "averageRating": 4.5}, {"asin": "B007ZYUO8W", "name": "Optoma DW339, WXGA, 2600 ANSI Lumens, 3D-Multimedia Projector", "imUrl": "http://ecx.images-amazon.com/images/I/411ybYmtdrL._SX300_.jpg", "price": 411.99, "numReviews": 74, "groups": [191], "averageRating": 4.283783783783784}, {"asin": "B005381TG8", "name": "NEW Duet Portable Projector Screen (Projectors)", "imUrl": "http://ecx.images-amazon.com/images/I/21tUEOxRW-L.jpg", "price": 132.09, "numReviews": 1, "groups": [192], "averageRating": 5.0}, {"asin": "B009ARH6PQ", "name": "Home or Education Use OHP LED 20 Ansi Lumens, Aspect Ratio 4:3,projection Distance: 0.5m~2.5m, Resolution:480x320, Light Source:led", "imUrl": "http://ecx.images-amazon.com/images/I/3114pa2DtgL.jpg", "price": 178.7, "numReviews": 1, "groups": [193], "averageRating": 4.0}, {"asin": "B0037KLTCI", "name": "Vivitek D510 2600 Lumen SVGA HDMI 120Hz 3D-Ready Portable DLP Projector (White)", "imUrl": "http://ecx.images-amazon.com/images/I/41crDz5qmoL._SY300_.jpg", "price": 349.99, "numReviews": 84, "groups": [194], "averageRating": 4.059523809523809}, {"asin": "B005EV1R8Y", "name": "ViewSonic PJD5133 SVGA DLP Projector - HDMI, 2700 Lumens, 3000:1 DCR, 120Hz/3D Ready, Speaker", "imUrl": "http://ecx.images-amazon.com/images/I/41ZVWGV-sNL._SX300_.jpg", "price": 349.99, "numReviews": 332, "groups": [195], "averageRating": 4.475903614457831}, {"asin": "B00BSNQKX4", "name": "Koolertron\u00ae Multimedia LED LCD Portable VGA Mini Projector For Computer Laptop iPhone iPad Samsung Galaxy (Black)", "imUrl": "http://ecx.images-amazon.com/images/I/41xJSNGBj3L._SY300_.jpg", "price": 109.99, "numReviews": 5, "groups": [196], "averageRating": 1.6}, {"asin": "B00D26J9GU", "name": "Optoma W306ST WXGA 3500 Lumen Full 3D DLP Short Throw Network Projector with HDMI", "imUrl": "http://ecx.images-amazon.com/images/I/31j0bGMZY%2BL._SX300_.jpg", "price": 928.23, "numReviews": 14, "groups": [197], "averageRating": 4.5, "brand": "Optoma"}, {"asin": "B002R5AFUG", "name": "Epson PowerLite S7 MultiMedia Projector (V11H328020)", "imUrl": "http://ecx.images-amazon.com/images/I/313waOJMnxL._SX300_.jpg", "price": 8.82, "numReviews": 16, "groups": [198], "averageRating": 4.5}, {"asin": "B001FOR1DY", "name": "Epson EX30 3LCD Multimedia Projector, SVGA, 2200 Lumens", "imUrl": "http://ecx.images-amazon.com/images/I/31B3s5mc4jL._SX300_.jpg", "price": 329.0, "numReviews": 16, "groups": [199], "averageRating": 4.375}, {"asin": "B00G94Q05A", "name": "Fugetek FG-637 Advanced Fugetek HD Port Ready LCD Projector with 1080i/P Compatible Resolution, HDMI Input, Playstation, Xbox, Wii and DVD Projector", "imUrl": "http://ecx.images-amazon.com/images/I/41bDt1ymarL._SX300_.jpg", "price": 166.0, "numReviews": 38, "groups": [200], "averageRating": 3.8684210526315788}, {"asin": "B00FWUQV92", "name": "BenQ MS504 SVGA 3000L Smarteco 3D Projector with 10,000 Hour Lamp Life Projector", "imUrl": "http://ecx.images-amazon.com/images/I/41Fp27YevEL._SY300_.jpg", "price": 342.2, "numReviews": 6, "groups": [201], "averageRating": 4.666666666666667, "brand": "BenQ"}, {"asin": "B001CM9I7G", "name": "Casio Super-Slim Data Projector", "imUrl": "http://ecx.images-amazon.com/images/I/21h2ZuzBwUL._SY300_.jpg", "price": 329.0, "numReviews": 1, "groups": [202], "averageRating": 5.0}, {"asin": "B002R0JK0C", "name": "ViewSonic PJD5112 SVGA DLP Projector - 120Hz/3D Ready, 2600 Lumens, 2800:1 DCR", "imUrl": "http://ecx.images-amazon.com/images/I/41DG%2BGsYdPL._SY300_.jpg", "price": 349.99, "numReviews": 14, "groups": [203], "averageRating": 4.642857142857143}, {"asin": "B0098V3BLC", "name": "PyleHome PRJ3D79 32-Inch to 200-Inch 4:3/16:9 HD 5-Inch LCD Projector", "imUrl": "http://ecx.images-amazon.com/images/I/413kU%2B0rjjL._SX300_.jpg", "price": 199.99, "numReviews": 6, "groups": [204], "averageRating": 2.8333333333333335}, {"asin": "B00BQ6KG9W", "name": "Epson Home Cinema 750HD 2D/3D 720p 3LCD Projector", "imUrl": "http://ecx.images-amazon.com/images/I/31TGNeLFl7L._SX300_.jpg", "price": 752.0, "numReviews": 29, "groups": [205], "averageRating": 4.689655172413793, "brand": "Epson"}, {"asin": "B00A2T6X0K", "name": "BenQ W1070 1080P 3D Home Theater Projector (White)", "imUrl": "http://ecx.images-amazon.com/images/I/41B1eFGl-tL._SY300_.jpg", "price": 779.0, "numReviews": 340, "groups": [206], "averageRating": 4.658823529411765, "brand": "BenQ"}, {"asin": "B00465W7EC", "name": "ViewSonic PRO8200 1080p Home Theater Projector", "imUrl": "http://ecx.images-amazon.com/images/I/41iYe5zz3NL._SX300_.jpg", "price": 803.99, "numReviews": 121, "groups": [207], "averageRating": 4.396694214876033, "brand": "ViewSonic"}, {"asin": "B00GMGDFPI", "name": "Epson VS230 SVGA 3LCD Projector, 2800 color lumens, 2800 white lumens (V11H552220)", "imUrl": "http://ecx.images-amazon.com/images/I/31gRYLTff2L._SX300_.jpg", "price": 329.99, "numReviews": 111, "groups": [208], "averageRating": 4.333333333333333, "brand": "Epson"}, {"asin": "B00A0XLIH6", "name": "NEC NP-VE281 2800-Lumen High-Brightness Mobile Projector", "imUrl": "http://ecx.images-amazon.com/images/I/41k6i14rO6L._SX300_.jpg", "price": 330.99, "numReviews": 10, "groups": [83], "averageRating": 4.5, "brand": "NEC"}, {"asin": "B002DUD1UQ", "name": "BenQ Joybee GP1 Mini-LED DLP Projector", "imUrl": "http://ecx.images-amazon.com/images/I/41BooPhncmL._SX300_.jpg", "price": 729.99, "numReviews": 28, "groups": [209], "averageRating": 4.0, "brand": "BenQ"}, {"asin": "B002ZSC7TW", "name": "InFoucs IN104 Portable DLP Projector, 3D ready, XGA, 2700 Lumens", "imUrl": "http://ecx.images-amazon.com/images/I/41k-4YPZZ8L._SX300_.jpg", "price": 349.0, "numReviews": 13, "groups": [210], "averageRating": 3.769230769230769}, {"asin": "B00CPV32DE", "name": "New Model! 3D LED Multimedia HD 3000 lumen Projector 1080P home cinema 2000:1/1280*768", "imUrl": "http://ecx.images-amazon.com/images/I/41jQORp%2BF7L._SY300_.jpg", "price": 321.39, "numReviews": 1, "groups": [211], "averageRating": 3.0}, {"asin": "B0002H6LZ4", "name": "InFocus X1A DLP Multimedia Video Projector", "imUrl": "http://ecx.images-amazon.com/images/I/41BTTMCJEKL._SX300_.jpg", "price": 58.84, "numReviews": 10, "groups": [212], "averageRating": 3.5}, {"asin": "B00AJDI8KW", "name": "NEC NP-UM330X Projector", "imUrl": "http://ecx.images-amazon.com/images/I/31SzImD1H1L._SY300_.jpg", "price": 763.92, "numReviews": 1, "groups": [213], "averageRating": 5.0}, {"asin": "B00DW1ZBE4", "name": "SainSonic&reg UC20 Mini AV LED Digital Projector Native Resolution RM/RMVB 320x240 *Black*", "imUrl": "http://ecx.images-amazon.com/images/I/41USmCqAeSL._SY300_.jpg", "price": 58.83, "numReviews": 1, "groups": [214], "averageRating": 1.0}, {"asin": "B000IEN8QQ", "name": "Optoma HD70 720p DLP Home Theater Projector (2008 Model)", "imUrl": "http://ecx.images-amazon.com/images/I/412evmisnKL._SX300_.jpg", "price": 304.99, "numReviews": 65, "groups": [215], "averageRating": 4.492307692307692}, {"asin": "B00HUYK7KW", "name": "Optoma W316 WXGA 3400 Lumen Full 3D DLP Projector with Superior Lamp Life and HDMI", "imUrl": "http://ecx.images-amazon.com/images/I/513M4OtWPUL._SY300_.jpg", "price": 526.84, "numReviews": 1, "groups": [216], "averageRating": 5.0, "brand": "Optoma"}, {"asin": "B00J63BGF0", "name": "Mini 1080P HD Multimedia LED Projector Home Cinema AV TV VGA HDMI Video White", "imUrl": "http://ecx.images-amazon.com/images/I/31CuQBekVzL._SY300_.jpg", "price": 73.95, "numReviews": 1, "groups": [217], "averageRating": 4.0}, {"asin": "B0002FGV6A", "name": "InFocus LP600 Business DLP Video Projector", "imUrl": "http://ecx.images-amazon.com/images/I/41%2BV0pqZeBL._SY300_.jpg", "price": 999.99, "numReviews": 4, "groups": [218], "averageRating": 4.75}, {"asin": "B006IK6M5I", "name": "Mini-led Digital Projector W/usb, Sd Card Slot Av Lines & Speaker - Enjoy Custom Viewing with a 10\" to 45\" Display!", "imUrl": "http://ecx.images-amazon.com/images/I/41MygQHUGjL._SY300_.jpg", "price": 2.81, "numReviews": 3, "groups": [219], "averageRating": 2.0}, {"asin": "B00EU9V3VW", "name": "Epson PowerLite Home Cinema 2000 1080p 3LCD Projector", "imUrl": "http://ecx.images-amazon.com/images/I/31hS4dAiHbL._SX300_.jpg", "price": 876.21, "numReviews": 59, "groups": [188], "averageRating": 4.610169491525424, "brand": "Epson"}, {"asin": "B0011U64YE", "name": "Viewsonic PRO8100 Full HD 1080p Home Theater Projector", "imUrl": "http://ecx.images-amazon.com/images/I/31LqHEJajvL._SY300_.jpg", "price": 699.99, "numReviews": 14, "groups": [220], "averageRating": 4.214285714285714}, {"asin": "B00CPJJCPS", "name": "New White HTP HD Home Theater Portable Digital Video projector LED 2000L Full HD 1080P", "imUrl": "http://ecx.images-amazon.com/images/I/41nV7mETsvL._SX300_.jpg", "price": 190.75, "numReviews": 3, "groups": [221], "averageRating": 3.0}, {"asin": "B00CPJJA1Y", "name": "2000 Lumen HD Home Theater Portable LCD Projector LED Lamp DVD HDMI USB TV 1080P Black", "imUrl": "http://ecx.images-amazon.com/images/I/41F8cDBnZRL._SY300_.jpg", "price": 7.0, "numReviews": 2, "groups": [222], "averageRating": 3.5}, {"asin": "B00H461SHW", "name": "Vigrand 2013 latest Projector 50 Ansil Lumens HDMI Multimedia Portable Mini HD LED LCD Projector Cinema Theater with Music Photos Videos Compatible with for Iphone 4/4s,ipad,samsung Galaxy I9300,n7000,i9100,Support VGA/USB/SD/AV/HDMI/EF Interfacewith Aluminum alloy tripod, best choice for home education/entertainment/party--green color", "imUrl": "http://ecx.images-amazon.com/images/I/414s3NoEs7L._SY300_.jpg", "price": 95.98, "numReviews": 2, "groups": [223], "averageRating": 1.5}, {"asin": "B001AW3LV2", "name": "TOSHIBA TDP-XP2U DLP Mobile Projector", "imUrl": "http://ecx.images-amazon.com/images/I/41R8do66jzL._SY300_.jpg", "price": 189.99, "numReviews": 8, "groups": [224], "averageRating": 4.375}, {"asin": "B006AR1ZBA", "name": "Acer C120 Projector", "imUrl": "http://ecx.images-amazon.com/images/I/31hdoxeIlfL._SX300_.jpg", "price": 236.57, "numReviews": 30, "groups": [225], "averageRating": 3.6666666666666665, "brand": "Acer"}, {"asin": "B001APUGVM", "name": "InFocus IN1100 Ultra Mobile DLP Projector, 2.75 lbs, XGA, 2100 Lumens", "imUrl": "http://ecx.images-amazon.com/images/I/41up21KhCqL._SY300_.jpg", "price": 334.99, "numReviews": 6, "groups": [226], "averageRating": 3.5}, {"asin": "B00455KFTW", "name": "Epson VS200 Multimedia 3LCD Projector (V11H391020)", "imUrl": "http://ecx.images-amazon.com/images/I/31iD4oggoCL._SX300_.jpg", "price": 599.99, "numReviews": 17, "groups": [227], "averageRating": 4.411764705882353}, {"asin": "B002O0KOWI", "name": "Optoma EP-PK-100 PICO Pocket Projector (Black)", "imUrl": "http://ecx.images-amazon.com/images/I/41B6wWdwRPL._SX300_.jpg", "price": 369.99, "numReviews": 6, "groups": [228], "averageRating": 3.0}, {"asin": "B002QC17VG", "name": "Epson PowerLite Home Cinema 705 HD 720p 3LCD Home Theater Projector", "imUrl": "http://ecx.images-amazon.com/images/I/31seA4WoxgL._SX300_.jpg", "price": 909.99, "numReviews": 100, "groups": [229], "averageRating": 4.37, "brand": "Epson"}, {"asin": "B00AE2ISA8", "name": "FULL HD Home Theater Multimedia LCD Projector 1080P HDMI TV DVD WII LED", "imUrl": "http://ecx.images-amazon.com/images/I/51WiRzh5SyL._SY300_.jpg", "price": 198.68, "numReviews": 2, "groups": [230], "averageRating": 3.0}, {"asin": "B0079LCS30", "name": "Mitsubishi EW331U-ST 3000 Lumens 3D WXGA DLP Projector", "imUrl": "http://ecx.images-amazon.com/images/I/41urqZLGYPL._SX300_.jpg", "price": 628.88, "numReviews": 2, "groups": [231], "averageRating": 5.0}, {"asin": "B00CXH2PZG", "name": "Sony VPLDX120 2600 Lumens XGA 3LCD Projector", "imUrl": "http://ecx.images-amazon.com/images/I/317-8Nsqo2L._SX300_.jpg", "price": 450.0, "numReviews": 1, "groups": [232], "averageRating": 5.0, "brand": "Sony"}, {"asin": "B00GNP5TBQ", "name": "Support 720P/1080P 1024*600 Native Resolution,2000 lumens 1200:1 Contrast Ratio 16:9/4:3 Wide Screen for Chassroom, Office Conference and Home Entertainment", "imUrl": "http://ecx.images-amazon.com/images/I/310OfOkYH2L._SX300_.jpg", "price": 229.68, "numReviews": 3, "groups": [233], "averageRating": 5.0}, {"asin": "B003AXYM12", "name": "Sharp Electronics XR55XL 2700 Lumens, XGA, DLP Multimedia Projector.", "imUrl": "http://ecx.images-amazon.com/images/I/310XgtnsjdL._SX300_.jpg", "price": 418.0, "numReviews": 2, "groups": [234], "averageRating": 3.5, "brand": "Sharp"}, {"asin": "B000SZSAHM", "name": "VT700 LCD Proj XGA 3000 Lumens Dual Computer Input with 5WATT Speaker", "imUrl": "http://ecx.images-amazon.com/images/I/41V2YNlaiIL._SX300_.jpg", "price": 7.05, "numReviews": 4, "groups": [235], "averageRating": 5.0}, {"asin": "B00I3UTUNW", "name": "ASUS S1 LED Projector", "imUrl": "http://ecx.images-amazon.com/images/I/41GVPLNt%2BAL._SY300_.jpg", "price": 319.98, "numReviews": 9, "groups": [236], "averageRating": 4.333333333333333}, {"asin": "B00004U1TJ", "name": "InFocus LP755 LCD Projector", "imUrl": "http://ecx.images-amazon.com/images/I/41BNNA046BL._SX300_.jpg", "price": 58.84, "numReviews": 3, "groups": [237], "averageRating": 4.333333333333333}, {"asin": "B0001PBLA2", "name": "Epson PowerLite S1+ Multimedia LCD Video Projector", "imUrl": "http://ecx.images-amazon.com/images/I/412X3TCE5JL._SX300_.jpg", "price": 329.0, "numReviews": 14, "groups": [238], "averageRating": 4.5}, {"asin": "B00ATZKP5G", "name": "InFocus IN112 3D Ready DLP Projector - 1080p - HDTV - 4:3 - NTSC PAL SECAM - 800 x 600 - SVGA - 3000:1 - 2700 lm - USB - VGA - 5 Year Warranty", "imUrl": "http://ecx.images-amazon.com/images/I/31h6OTSb2LL._SY300_.jpg", "price": 379.0, "numReviews": 3, "groups": [239], "averageRating": 3.3333333333333335}, {"asin": "B005J31BCO", "name": "Epson EX7210 Projector (Portable WXGA 720p Widescreen 3LCD, 2800 lumens color brightness, 2800 lumens white brightness, HDMI, rapid setup)", "imUrl": "http://ecx.images-amazon.com/images/I/41FWDexyvpL._SX300_.jpg", "price": 680.0, "numReviews": 108, "groups": [240], "averageRating": 4.527777777777778, "brand": "Epson"}, {"asin": "B006S3LONU", "name": "Optoma TW610STI nteractive DLP Projector", "imUrl": "http://ecx.images-amazon.com/images/I/410DGhnXW8L._SY300_.jpg", "price": 24.99, "numReviews": 2, "groups": [241], "averageRating": 5.0}, {"asin": "B00EY24CCC", "name": "New UC28 PRO HDMI Mini HD Home LED Projector 60\" Cinema Theater, PC Laptop VGA Input USB", "imUrl": "http://ecx.images-amazon.com/images/I/51ryN49ZplL._SY300_.jpg", "price": 55.48, "numReviews": 116, "groups": [153], "averageRating": 2.706896551724138}, {"asin": "B005PGPV2Q", "name": "Tursion Mini LED Projector With 800x600 resolution 120 lumens MP4 player, RGB, with DVB-T", "imUrl": "http://ecx.images-amazon.com/images/I/414lqLzTWOL._SX300_.jpg", "price": 239.0, "numReviews": 3, "groups": [242], "averageRating": 3.0}, {"asin": "B008TZ9HV6", "name": "ViewSonic PJD6251 3700 Lumens,3D Ready,HDMI,Networkable,RJ45,XGA/SXGA DLP Projector Better than PJD5523w,PJD5353,PJD5133", "imUrl": "http://ecx.images-amazon.com/images/I/51jtepBoNEL._SX300_.jpg", "price": 39.95, "numReviews": 6, "groups": [243], "averageRating": 4.833333333333333}, {"asin": "B000YE7YZG", "name": "Dell 3400MP , 3400 MP , 1500 Lumens, 2100:1 Contrast, 2.4 lbs, DLP Projector", "imUrl": "http://ecx.images-amazon.com/images/I/415OfpObyzL._SY300_.jpg", "price": 10.22, "numReviews": 1, "groups": [244], "averageRating": 3.0}, {"asin": "B003UNQWDS", "name": "2500 Lumens  DLP Projector", "imUrl": "http://ecx.images-amazon.com/images/I/41fnFzabVFL._SY300_.jpg", "price": 8.82, "numReviews": 6, "groups": [245], "averageRating": 4.0}, {"asin": "B00JEHG9GY", "name": "WickedHD DG-737 Dream Land HDMI LCD Projector", "imUrl": "http://ecx.images-amazon.com/images/I/41N7DOHRWEL._SY300_.jpg", "price": 176.51, "numReviews": 2, "groups": [246], "averageRating": 4.5}, {"asin": "B00COGA6A2", "name": "BenQ W770ST Short Throw 3D 720p HD DLP Home Theater Projector (White)", "imUrl": "http://ecx.images-amazon.com/images/I/41GH5gAnwsL._SY300_.jpg", "price": 629.36, "numReviews": 68, "groups": [247], "averageRating": 4.544117647058823, "brand": "BenQ"}], "links": [{"source": 0, "target": 104, "right": true, "left": false, "value": 1}, {"source": 1, "target": 47, "right": true, "left": false, "value": 1}, {"source": 2, "target": 154, "right": false, "left": true, "value": 1}, {"source": 3, "target": 104, "right": true, "left": false, "value": 1}, {"source": 3, "target": 210, "right": true, "left": false, "value": 1}, {"source": 4, "target": 104, "right": true, "left": false, "value": 1}, {"source": 5, "target": 83, "right": true, "left": false, "value": 1}, {"source": 5, "target": 211, "right": true, "left": false, "value": 1}, {"source": 6, "target": 48, "right": true, "left": false, "value": 1}, {"source": 6, "target": 208, "right": true, "left": false, "value": 1}, {"source": 7, "target": 72, "right": true, "left": false, "value": 1}, {"source": 8, "target": 104, "right": true, "left": false, "value": 1}, {"source": 9, "target": 197, "right": true, "left": false, "value": 1}, {"source": 10, "target": 208, "right": true, "left": false, "value": 1}, {"source": 11, "target": 104, "right": true, "left": false, "value": 1}, {"source": 12, "target": 210, "right": true, "left": false, "value": 1}, {"source": 12, "target": 188, "right": true, "left": false, "value": 1}, {"source": 13, "target": 140, "right": false, "left": true, "value": 1}, {"source": 13, "target": 144, "right": false, "left": true, "value": 1}, {"source": 13, "target": 145, "right": false, "left": true, "value": 1}, {"source": 13, "target": 147, "right": false, "left": true, "value": 1}, {"source": 13, "target": 21, "right": false, "left": true, "value": 1}, {"source": 13, "target": 149, "right": false, "left": true, "value": 1}, {"source": 13, "target": 156, "right": false, "left": true, "value": 1}, {"source": 13, "target": 31, "right": false, "left": true, "value": 1}, {"source": 13, "target": 164, "right": false, "left": true, "value": 1}, {"source": 13, "target": 44, "right": false, "left": true, "value": 1}, {"source": 13, "target": 173, "right": false, "left": true, "value": 1}, {"source": 13, "target": 176, "right": false, "left": true, "value": 1}, {"source": 13, "target": 189, "right": false, "left": true, "value": 1}, {"source": 13, "target": 191, "right": false, "left": true, "value": 1}, {"source": 13, "target": 64, "right": false, "left": true, "value": 1}, {"source": 13, "target": 200, "right": false, "left": true, "value": 1}, {"source": 13, "target": 73, "right": false, "left": true, "value": 1}, {"source": 13, "target": 201, "right": false, "left": true, "value": 1}, {"source": 13, "target": 210, "right": true, "left": false, "value": 1}, {"source": 13, "target": 213, "right": false, "left": true, "value": 1}, {"source": 13, "target": 86, "right": false, "left": true, "value": 1}, {"source": 13, "target": 92, "right": false, "left": true, "value": 1}, {"source": 13, "target": 221, "right": false, "left": true, "value": 1}, {"source": 13, "target": 94, "right": false, "left": true, "value": 1}, {"source": 13, "target": 99, "right": false, "left": true, "value": 1}, {"source": 13, "target": 231, "right": false, "left": true, "value": 1}, {"source": 13, "target": 104, "right": true, "left": false, "value": 1}, {"source": 13, "target": 107, "right": false, "left": true, "value": 1}, {"source": 13, "target": 115, "right": false, "left": true, "value": 1}, {"source": 13, "target": 118, "right": false, "left": true, "value": 1}, {"source": 13, "target": 123, "right": false, "left": true, "value": 1}, {"source": 13, "target": 126, "right": false, "left": true, "value": 1}, {"source": 14, "target": 41, "right": true, "left": false, "value": 1}, {"source": 15, "target": 210, "right": true, "left": false, "value": 1}, {"source": 16, "target": 139, "right": true, "left": true, "value": 1}, {"source": 16, "target": 181, "right": true, "left": false, "value": 1}, {"source": 17, "target": 155, "right": true, "left": false, "value": 1}, {"source": 17, "target": 246, "right": true, "left": false, "value": 1}, {"source": 18, "target": 104, "right": true, "left": false, "value": 1}, {"source": 18, "target": 41, "right": true, "left": false, "value": 1}, {"source": 18, "target": 32, "right": false, "left": true, "value": 1}, {"source": 18, "target": 168, "right": false, "left": true, "value": 1}, {"source": 19, "target": 186, "right": true, "left": false, "value": 1}, {"source": 20, "target": 155, "right": true, "left": false, "value": 1}, {"source": 20, "target": 246, "right": true, "left": false, "value": 1}, {"source": 21, "target": 210, "right": true, "left": false, "value": 1}, {"source": 22, "target": 103, "right": true, "left": false, "value": 1}, {"source": 23, "target": 154, "right": true, "left": false, "value": 1}, {"source": 24, "target": 104, "right": true, "left": false, "value": 1}, {"source": 24, "target": 210, "right": true, "left": false, "value": 1}, {"source": 25, "target": 104, "right": true, "left": false, "value": 1}, {"source": 25, "target": 97, "right": true, "left": false, "value": 1}, {"source": 25, "target": 36, "right": true, "left": false, "value": 1}, {"source": 26, "target": 62, "right": true, "left": false, "value": 1}, {"source": 26, "target": 246, "right": true, "left": false, "value": 1}, {"source": 27, "target": 238, "right": true, "left": false, "value": 1}, {"source": 28, "target": 104, "right": true, "left": false, "value": 1}, {"source": 29, "target": 202, "right": true, "left": false, "value": 1}, {"source": 30, "target": 104, "right": true, "left": false, "value": 1}, {"source": 33, "target": 155, "right": true, "left": false, "value": 1}, {"source": 33, "target": 246, "right": true, "left": false, "value": 1}, {"source": 34, "target": 104, "right": true, "left": false, "value": 1}, {"source": 34, "target": 95, "right": true, "left": false, "value": 1}, {"source": 35, "target": 112, "right": true, "left": false, "value": 1}, {"source": 36, "target": 104, "right": true, "left": false, "value": 1}, {"source": 36, "target": 202, "right": true, "left": false, "value": 1}, {"source": 36, "target": 95, "right": true, "left": false, "value": 1}, {"source": 37, "target": 127, "right": true, "left": false, "value": 1}, {"source": 38, "target": 155, "right": true, "left": false, "value": 1}, {"source": 38, "target": 246, "right": true, "left": false, "value": 1}, {"source": 39, "target": 252, "right": true, "left": false, "value": 1}, {"source": 40, "target": 148, "right": true, "left": false, "value": 1}, {"source": 41, "target": 100, "right": false, "left": true, "value": 1}, {"source": 41, "target": 199, "right": false, "left": true, "value": 1}, {"source": 41, "target": 208, "right": true, "left": false, "value": 1}, {"source": 41, "target": 252, "right": false, "left": true, "value": 1}, {"source": 42, "target": 62, "right": true, "left": false, "value": 1}, {"source": 42, "target": 246, "right": true, "left": false, "value": 1}, {"source": 43, "target": 148, "right": true, "left": false, "value": 1}, {"source": 43, "target": 246, "right": true, "left": false, "value": 1}, {"source": 44, "target": 97, "right": true, "left": false, "value": 1}, {"source": 45, "target": 148, "right": true, "left": false, "value": 1}, {"source": 46, "target": 246, "right": true, "left": false, "value": 1}, {"source": 46, "target": 103, "right": true, "left": false, "value": 1}, {"source": 47, "target": 170, "right": false, "left": true, "value": 1}, {"source": 47, "target": 148, "right": true, "left": false, "value": 1}, {"source": 47, "target": 246, "right": true, "left": false, "value": 1}, {"source": 47, "target": 157, "right": false, "left": true, "value": 1}, {"source": 49, "target": 130, "right": true, "left": false, "value": 1}, {"source": 50, "target": 155, "right": true, "left": false, "value": 1}, {"source": 50, "target": 148, "right": true, "left": false, "value": 1}, {"source": 50, "target": 246, "right": true, "left": false, "value": 1}, {"source": 51, "target": 104, "right": true, "left": false, "value": 1}, {"source": 52, "target": 79, "right": true, "left": false, "value": 1}, {"source": 53, "target": 252, "right": true, "left": false, "value": 1}, {"source": 54, "target": 110, "right": true, "left": false, "value": 1}, {"source": 55, "target": 246, "right": true, "left": false, "value": 1}, {"source": 56, "target": 104, "right": true, "left": false, "value": 1}, {"source": 57, "target": 223, "right": true, "left": false, "value": 1}, {"source": 58, "target": 159, "right": false, "left": true, "value": 1}, {"source": 59, "target": 197, "right": true, "left": false, "value": 1}, {"source": 60, "target": 212, "right": false, "left": true, "value": 1}, {"source": 61, "target": 97, "right": true, "left": false, "value": 1}, {"source": 62, "target": 81, "right": false, "left": true, "value": 1}, {"source": 62, "target": 69, "right": false, "left": true, "value": 1}, {"source": 63, "target": 104, "right": true, "left": false, "value": 1}, {"source": 64, "target": 104, "right": true, "left": false, "value": 1}, {"source": 64, "target": 210, "right": true, "left": false, "value": 1}, {"source": 65, "target": 208, "right": true, "left": false, "value": 1}, {"source": 66, "target": 155, "right": true, "left": false, "value": 1}, {"source": 66, "target": 246, "right": true, "left": false, "value": 1}, {"source": 67, "target": 104, "right": true, "left": false, "value": 1}, {"source": 68, "target": 71, "right": false, "left": true, "value": 1}, {"source": 68, "target": 114, "right": false, "left": true, "value": 1}, {"source": 68, "target": 148, "right": false, "left": true, "value": 1}, {"source": 68, "target": 246, "right": true, "left": false, "value": 1}, {"source": 68, "target": 155, "right": true, "left": false, "value": 1}, {"source": 69, "target": 246, "right": true, "left": false, "value": 1}, {"source": 70, "target": 104, "right": true, "left": false, "value": 1}, {"source": 71, "target": 114, "right": true, "left": false, "value": 1}, {"source": 71, "target": 246, "right": true, "left": false, "value": 1}, {"source": 72, "target": 208, "right": true, "left": false, "value": 1}, {"source": 72, "target": 199, "right": false, "left": true, "value": 1}, {"source": 72, "target": 134, "right": false, "left": true, "value": 1}, {"source": 74, "target": 232, "right": false, "left": true, "value": 1}, {"source": 74, "target": 155, "right": true, "left": false, "value": 1}, {"source": 74, "target": 246, "right": true, "left": false, "value": 1}, {"source": 75, "target": 110, "right": true, "left": false, "value": 1}, {"source": 76, "target": 104, "right": true, "left": false, "value": 1}, {"source": 77, "target": 197, "right": true, "left": false, "value": 1}, {"source": 78, "target": 161, "right": true, "left": false, "value": 1}, {"source": 78, "target": 172, "right": false, "left": true, "value": 1}, {"source": 78, "target": 165, "right": false, "left": true, "value": 1}, {"source": 78, "target": 102, "right": false, "left": true, "value": 1}, {"source": 79, "target": 209, "right": false, "left": true, "value": 1}, {"source": 80, "target": 104, "right": true, "left": false, "value": 1}, {"source": 82, "target": 208, "right": true, "left": false, "value": 1}, {"source": 83, "target": 104, "right": true, "left": false, "value": 1}, {"source": 83, "target": 211, "right": true, "left": true, "value": 1}, {"source": 84, "target": 104, "right": true, "left": false, "value": 1}, {"source": 85, "target": 104, "right": true, "left": false, "value": 1}, {"source": 85, "target": 98, "right": true, "left": false, "value": 1}, {"source": 86, "target": 197, "right": true, "left": false, "value": 1}, {"source": 87, "target": 104, "right": true, "left": false, "value": 1}, {"source": 88, "target": 158, "right": false, "left": true, "value": 1}, {"source": 89, "target": 244, "right": true, "left": false, "value": 1}, {"source": 90, "target": 216, "right": true, "left": false, "value": 1}, {"source": 91, "target": 223, "right": true, "left": false, "value": 1}, {"source": 92, "target": 104, "right": true, "left": false, "value": 1}, {"source": 93, "target": 104, "right": true, "left": false, "value": 1}, {"source": 93, "target": 211, "right": true, "left": false, "value": 1}, {"source": 94, "target": 107, "right": true, "left": false, "value": 1}, {"source": 94, "target": 238, "right": true, "left": false, "value": 1}, {"source": 95, "target": 104, "right": true, "left": false, "value": 1}, {"source": 95, "target": 210, "right": true, "left": false, "value": 1}, {"source": 95, "target": 183, "right": false, "left": true, "value": 1}, {"source": 96, "target": 104, "right": true, "left": false, "value": 1}, {"source": 97, "target": 104, "right": true, "left": false, "value": 1}, {"source": 97, "target": 202, "right": true, "left": false, "value": 1}, {"source": 97, "target": 178, "right": false, "left": true, "value": 1}, {"source": 98, "target": 104, "right": true, "left": false, "value": 1}, {"source": 98, "target": 108, "right": false, "left": true, "value": 1}, {"source": 98, "target": 210, "right": true, "left": false, "value": 1}, {"source": 98, "target": 214, "right": false, "left": true, "value": 1}, {"source": 99, "target": 210, "right": true, "left": false, "value": 1}, {"source": 99, "target": 110, "right": true, "left": false, "value": 1}, {"source": 100, "target": 112, "right": true, "left": false, "value": 1}, {"source": 101, "target": 209, "right": true, "left": false, "value": 1}, {"source": 101, "target": 197, "right": true, "left": false, "value": 1}, {"source": 103, "target": 222, "right": false, "left": true, "value": 1}, {"source": 103, "target": 246, "right": true, "left": false, "value": 1}, {"source": 104, "target": 106, "right": false, "left": true, "value": 1}, {"source": 104, "target": 107, "right": false, "left": true, "value": 1}, {"source": 104, "target": 111, "right": false, "left": true, "value": 1}, {"source": 104, "target": 118, "right": false, "left": true, "value": 1}, {"source": 104, "target": 119, "right": false, "left": true, "value": 1}, {"source": 104, "target": 120, "right": false, "left": true, "value": 1}, {"source": 104, "target": 123, "right": false, "left": true, "value": 1}, {"source": 104, "target": 125, "right": false, "left": true, "value": 1}, {"source": 104, "target": 127, "right": false, "left": true, "value": 1}, {"source": 104, "target": 133, "right": false, "left": true, "value": 1}, {"source": 104, "target": 136, "right": false, "left": true, "value": 1}, {"source": 104, "target": 138, "right": false, "left": true, "value": 1}, {"source": 104, "target": 140, "right": false, "left": true, "value": 1}, {"source": 104, "target": 144, "right": false, "left": true, "value": 1}, {"source": 104, "target": 146, "right": false, "left": true, "value": 1}, {"source": 104, "target": 147, "right": false, "left": true, "value": 1}, {"source": 104, "target": 152, "right": false, "left": true, "value": 1}, {"source": 104, "target": 156, "right": false, "left": true, "value": 1}, {"source": 104, "target": 159, "right": false, "left": true, "value": 1}, {"source": 104, "target": 166, "right": false, "left": true, "value": 1}, {"source": 104, "target": 168, "right": false, "left": true, "value": 1}, {"source": 104, "target": 171, "right": false, "left": true, "value": 1}, {"source": 104, "target": 173, "right": false, "left": true, "value": 1}, {"source": 104, "target": 175, "right": false, "left": true, "value": 1}, {"source": 104, "target": 179, "right": false, "left": true, "value": 1}, {"source": 104, "target": 181, "right": false, "left": true, "value": 1}, {"source": 104, "target": 183, "right": false, "left": true, "value": 1}, {"source": 104, "target": 185, "right": false, "left": true, "value": 1}, {"source": 104, "target": 186, "right": false, "left": true, "value": 1}, {"source": 104, "target": 189, "right": false, "left": true, "value": 1}, {"source": 104, "target": 193, "right": false, "left": true, "value": 1}, {"source": 104, "target": 194, "right": false, "left": true, "value": 1}, {"source": 104, "target": 196, "right": false, "left": true, "value": 1}, {"source": 104, "target": 201, "right": false, "left": true, "value": 1}, {"source": 104, "target": 202, "right": false, "left": true, "value": 1}, {"source": 104, "target": 205, "right": false, "left": true, "value": 1}, {"source": 104, "target": 206, "right": false, "left": true, "value": 1}, {"source": 104, "target": 210, "right": true, "left": false, "value": 1}, {"source": 104, "target": 211, "right": false, "left": true, "value": 1}, {"source": 104, "target": 212, "right": false, "left": true, "value": 1}, {"source": 104, "target": 214, "right": false, "left": true, "value": 1}, {"source": 104, "target": 221, "right": false, "left": true, "value": 1}, {"source": 104, "target": 224, "right": false, "left": true, "value": 1}, {"source": 104, "target": 225, "right": false, "left": true, "value": 1}, {"source": 104, "target": 228, "right": false, "left": true, "value": 1}, {"source": 104, "target": 229, "right": false, "left": true, "value": 1}, {"source": 104, "target": 233, "right": false, "left": true, "value": 1}, {"source": 104, "target": 234, "right": false, "left": true, "value": 1}, {"source": 104, "target": 236, "right": false, "left": true, "value": 1}, {"source": 104, "target": 237, "right": false, "left": true, "value": 1}, {"source": 104, "target": 238, "right": false, "left": true, "value": 1}, {"source": 104, "target": 239, "right": false, "left": true, "value": 1}, {"source": 104, "target": 243, "right": false, "left": true, "value": 1}, {"source": 104, "target": 249, "right": false, "left": true, "value": 1}, {"source": 105, "target": 127, "right": true, "left": false, "value": 1}, {"source": 107, "target": 238, "right": true, "left": false, "value": 1}, {"source": 109, "target": 210, "right": true, "left": false, "value": 1}, {"source": 109, "target": 110, "right": true, "left": true, "value": 1}, {"source": 110, "target": 166, "right": false, "left": true, "value": 1}, {"source": 110, "target": 141, "right": false, "left": true, "value": 1}, {"source": 110, "target": 143, "right": false, "left": true, "value": 1}, {"source": 110, "target": 210, "right": true, "left": false, "value": 1}, {"source": 110, "target": 152, "right": true, "left": false, "value": 1}, {"source": 112, "target": 169, "right": false, "left": true, "value": 1}, {"source": 112, "target": 140, "right": false, "left": true, "value": 1}, {"source": 112, "target": 246, "right": true, "left": false, "value": 1}, {"source": 112, "target": 247, "right": false, "left": true, "value": 1}, {"source": 113, "target": 210, "right": true, "left": false, "value": 1}, {"source": 114, "target": 246, "right": true, "left": false, "value": 1}, {"source": 116, "target": 210, "right": true, "left": false, "value": 1}, {"source": 117, "target": 124, "right": true, "left": false, "value": 1}, {"source": 118, "target": 210, "right": true, "left": false, "value": 1}, {"source": 119, "target": 199, "right": true, "left": false, "value": 1}, {"source": 121, "target": 148, "right": true, "left": false, "value": 1}, {"source": 121, "target": 246, "right": true, "left": false, "value": 1}, {"source": 122, "target": 246, "right": true, "left": false, "value": 1}, {"source": 127, "target": 132, "right": false, "left": true, "value": 1}, {"source": 127, "target": 218, "right": false, "left": true, "value": 1}, {"source": 128, "target": 244, "right": true, "left": false, "value": 1}, {"source": 128, "target": 166, "right": true, "left": false, "value": 1}, {"source": 129, "target": 219, "right": false, "left": true, "value": 1}, {"source": 131, "target": 202, "right": true, "left": false, "value": 1}, {"source": 131, "target": 246, "right": true, "left": false, "value": 1}, {"source": 135, "target": 208, "right": true, "left": false, "value": 1}, {"source": 137, "target": 155, "right": true, "left": false, "value": 1}, {"source": 137, "target": 246, "right": true, "left": false, "value": 1}, {"source": 138, "target": 197, "right": true, "left": false, "value": 1}, {"source": 141, "target": 210, "right": true, "left": false, "value": 1}, {"source": 142, "target": 208, "right": true, "left": false, "value": 1}, {"source": 142, "target": 209, "right": true, "left": false, "value": 1}, {"source": 145, "target": 166, "right": true, "left": false, "value": 1}, {"source": 148, "target": 227, "right": false, "left": true, "value": 1}, {"source": 148, "target": 217, "right": false, "left": true, "value": 1}, {"source": 148, "target": 167, "right": false, "left": true, "value": 1}, {"source": 148, "target": 246, "right": true, "left": false, "value": 1}, {"source": 148, "target": 155, "right": true, "left": true, "value": 1}, {"source": 150, "target": 210, "right": true, "left": false, "value": 1}, {"source": 151, "target": 244, "right": true, "left": false, "value": 1}, {"source": 151, "target": 181, "right": true, "left": false, "value": 1}, {"source": 151, "target": 230, "right": false, "left": true, "value": 1}, {"source": 152, "target": 233, "right": false, "left": true, "value": 1}, {"source": 152, "target": 171, "right": false, "left": true, "value": 1}, {"source": 152, "target": 207, "right": false, "left": true, "value": 1}, {"source": 152, "target": 208, "right": true, "left": false, "value": 1}, {"source": 152, "target": 223, "right": false, "left": true, "value": 1}, {"source": 153, "target": 227, "right": true, "left": false, "value": 1}, {"source": 153, "target": 246, "right": true, "left": false, "value": 1}, {"source": 155, "target": 167, "right": false, "left": true, "value": 1}, {"source": 155, "target": 177, "right": false, "left": true, "value": 1}, {"source": 155, "target": 246, "right": true, "left": true, "value": 1}, {"source": 156, "target": 210, "right": true, "left": false, "value": 1}, {"source": 158, "target": 246, "right": true, "left": false, "value": 1}, {"source": 160, "target": 197, "right": true, "left": false, "value": 1}, {"source": 162, "target": 171, "right": true, "left": false, "value": 1}, {"source": 162, "target": 197, "right": true, "left": false, "value": 1}, {"source": 163, "target": 208, "right": true, "left": false, "value": 1}, {"source": 164, "target": 210, "right": true, "left": false, "value": 1}, {"source": 165, "target": 172, "right": true, "left": false, "value": 1}, {"source": 166, "target": 200, "right": false, "left": true, "value": 1}, {"source": 166, "target": 210, "right": true, "left": false, "value": 1}, {"source": 167, "target": 246, "right": true, "left": false, "value": 1}, {"source": 170, "target": 246, "right": true, "left": false, "value": 1}, {"source": 173, "target": 197, "right": true, "left": false, "value": 1}, {"source": 174, "target": 208, "right": true, "left": false, "value": 1}, {"source": 177, "target": 246, "right": true, "left": false, "value": 1}, {"source": 179, "target": 203, "right": true, "left": false, "value": 1}, {"source": 179, "target": 188, "right": true, "left": false, "value": 1}, {"source": 180, "target": 208, "right": true, "left": false, "value": 1}, {"source": 180, "target": 197, "right": true, "left": false, "value": 1}, {"source": 182, "target": 252, "right": true, "left": false, "value": 1}, {"source": 184, "target": 210, "right": true, "left": false, "value": 1}, {"source": 184, "target": 197, "right": true, "left": false, "value": 1}, {"source": 185, "target": 210, "right": true, "left": false, "value": 1}, {"source": 187, "target": 198, "right": true, "left": false, "value": 1}, {"source": 189, "target": 210, "right": true, "left": false, "value": 1}, {"source": 190, "target": 208, "right": true, "left": false, "value": 1}, {"source": 190, "target": 223, "right": true, "left": true, "value": 1}, {"source": 191, "target": 200, "right": true, "left": false, "value": 1}, {"source": 192, "target": 197, "right": true, "left": false, "value": 1}, {"source": 195, "target": 202, "right": true, "left": false, "value": 1}, {"source": 197, "target": 248, "right": false, "left": true, "value": 1}, {"source": 197, "target": 250, "right": false, "left": true, "value": 1}, {"source": 199, "target": 235, "right": false, "left": true, "value": 1}, {"source": 199, "target": 245, "right": false, "left": true, "value": 1}, {"source": 199, "target": 216, "right": false, "left": true, "value": 1}, {"source": 201, "target": 210, "right": true, "left": false, "value": 1}, {"source": 202, "target": 226, "right": false, "left": true, "value": 1}, {"source": 202, "target": 237, "right": false, "left": true, "value": 1}, {"source": 202, "target": 241, "right": false, "left": true, "value": 1}, {"source": 202, "target": 242, "right": false, "left": true, "value": 1}, {"source": 202, "target": 246, "right": false, "left": true, "value": 1}, {"source": 202, "target": 251, "right": false, "left": true, "value": 1}, {"source": 203, "target": 242, "right": false, "left": true, "value": 1}, {"source": 204, "target": 210, "right": true, "left": false, "value": 1}, {"source": 205, "target": 209, "right": true, "left": false, "value": 1}, {"source": 208, "target": 252, "right": false, "left": true, "value": 1}, {"source": 208, "target": 223, "right": false, "left": true, "value": 1}, {"source": 210, "target": 211, "right": false, "left": true, "value": 1}, {"source": 210, "target": 229, "right": false, "left": true, "value": 1}, {"source": 210, "target": 233, "right": false, "left": true, "value": 1}, {"source": 210, "target": 238, "right": false, "left": true, "value": 1}, {"source": 210, "target": 239, "right": false, "left": true, "value": 1}, {"source": 210, "target": 240, "right": false, "left": true, "value": 1}, {"source": 210, "target": 242, "right": false, "left": true, "value": 1}, {"source": 215, "target": 246, "right": true, "left": false, "value": 1}, {"source": 216, "target": 252, "right": true, "left": false, "value": 1}, {"source": 217, "target": 246, "right": true, "left": false, "value": 1}, {"source": 220, "target": 246, "right": true, "left": false, "value": 1}, {"source": 241, "target": 246, "right": true, "left": false, "value": 1}]}