{"nodes": [{"asin": "B00ABSHR70", "name": "TaoTronics\u00ae 2.4G Wireless Car Rear View Back-Up Camera System with 4.3\" Color TFT LCD Monitor (Waterproof IP67 / Color CMOS / 135 Degree Viewing Angle / 7 IR LED Night Vision / Distant Scale Lines)", "imUrl": "http://ecx.images-amazon.com/images/I/41IDbZ0BmlL._SX300_.jpg", "price": 10.93, "numReviews": 33, "groups": [0], "averageRating": 3.787878787878788}, {"asin": "B002X8VF4C", "name": "Boyo VTL375 Ultra Slim Zinc Metal Black License Plate Camera", "imUrl": "http://ecx.images-amazon.com/images/I/41o-XFG3XsL._SX300_.jpg", "price": 112.99, "numReviews": 40, "groups": [1], "averageRating": 4.575, "brand": "Boyo"}, {"asin": "B005ICPF32", "name": "NTSC Mode Adjustable Angle Color CMOS Car Rear View Camera with Night Vision, 2.8mm Lens, 1/3 Inch 420 TV Lines, 120 Degrees View Angel, Recommended Range for Objects from 10 to 16 Feet", "imUrl": "http://ecx.images-amazon.com/images/I/41ZXN-qa0pL._SY300_.jpg", "price": 12.98, "numReviews": 4, "groups": [2], "averageRating": 4.0}, {"asin": "B001DFZ5U6", "name": "Boyo VTL200C Zinc Metal Chrome License Plate Camera (Chrome)", "imUrl": "http://ecx.images-amazon.com/images/I/41YecsgtaYL._SY300_.jpg", "price": 86.95, "numReviews": 4, "groups": [3], "averageRating": 3.25, "brand": "Boyo"}, {"asin": "B004V9GQT0", "name": "Pyle PLCM4300WIR Rear View Mirror Wireless Back-Up Camera System with 4.3-Inch TFT Touch Screen and Universal Mount Low Lux Camera with Scale Line", "imUrl": "http://ecx.images-amazon.com/images/I/41-nt0yhXYL._SX300_.jpg", "price": 93.32, "numReviews": 40, "groups": [4], "averageRating": 2.75, "brand": "Pyle"}, {"asin": "B00A1DF678", "name": "Sound Only, 4 Rear Drill-in (Silver) Sensors Car Backup System (SS4)", "imUrl": "http://ecx.images-amazon.com/images/I/41Lcxk-EO7L._SX300_.jpg", "price": 29.0, "numReviews": 6, "groups": [5], "averageRating": 3.5}, {"asin": "B00B4L2NCW", "name": "BOYO VTL425HDL Multi-View License Plate Camera (Black)", "imUrl": "http://ecx.images-amazon.com/images/I/51EMqkJY16L._SX300_.jpg", "price": 129.95, "numReviews": 2, "groups": [6, 7], "averageRating": 4.5}, {"asin": "B005I827BO", "name": "Mini Waterproof Wireless CMOS Car Rear View Camera With 1/3 inch CMOS, 420 TV Lines, 170 Degrees View Angle, 2 Pieces LED Lights, Wireless Transmission Distance Can Be Up to 50 Meters", "imUrl": "http://ecx.images-amazon.com/images/I/4144Ftf4uPL._SX300_.jpg", "price": 12.5, "numReviews": 15, "groups": [8], "averageRating": 2.1333333333333333}, {"asin": "B006W48GUE", "name": "E366 Type Color CMOS/CCD Car Rear View Camera", "imUrl": "http://ecx.images-amazon.com/images/I/41q3dgcpetL._SY300_.jpg", "price": 11.91, "numReviews": 10, "groups": [9], "averageRating": 3.9}, {"asin": "B00B4RQWMI", "name": "420TVL 1/3\" Sony Color CCD Sensor IR Night Vision Car Rear View Camera Weatherproof Metal Housing Vehicle Backup Cameras", "imUrl": "http://ecx.images-amazon.com/images/I/41WpUao0znL._SY300_.jpg", "price": 59.0, "numReviews": 2, "groups": [10], "averageRating": 2.5}, {"asin": "B0032FOJSE", "name": "Sony XAR800C Rearview Camera", "imUrl": "http://ecx.images-amazon.com/images/I/41eUQj30ooL._SY300_.jpg", "price": 49.99, "numReviews": 42, "groups": [11], "averageRating": 4.309523809523809}, {"asin": "B0058LWZPY", "name": "High-definition Waterproof Car Rear View Camera Night Vision CMOS 170 degree viewing angle", "imUrl": "http://ecx.images-amazon.com/images/I/41VcZkt%2B7vL._SX300_.jpg", "price": 17.72, "numReviews": 18, "groups": [12], "averageRating": 2.7777777777777777}, {"asin": "B008YSN534", "name": "170\u00b0 Color CCD Rear View Backup Reverse Camera for Subaru Forester Impreza Sedan", "imUrl": "http://ecx.images-amazon.com/images/I/41dFYP0bTIL._SY300_.jpg", "price": 19.0, "numReviews": 1, "groups": [13], "averageRating": 5.0}, {"asin": "B00BUG65Z2", "name": "CCTVonlineDIY COD-431S 4.3\" TFT-LCD Special Rear View Mirror Car Monitor with Bracket", "imUrl": "http://ecx.images-amazon.com/images/I/41rWLmfFnML._SY300_.jpg", "price": 29.99, "numReviews": 2, "groups": [14], "averageRating": 4.5}, {"asin": "B008DBEAPE", "name": "4.3\" LED Backlight Color TFT LCD Rearview Monitor with Stand, PAL/NTSC Auto Switch, for Car Backup Camera", "imUrl": "http://ecx.images-amazon.com/images/I/41ozJ7%2BXU0L._SY300_.jpg", "price": 22.39, "numReviews": 1, "groups": [15], "averageRating": 2.0}, {"asin": "B00CL14GZQ", "name": "28mm Rear View Night Vision CCD Camera with Distance Guide and Bonus Drill Bit", "imUrl": "http://ecx.images-amazon.com/images/I/31Rgjeq37zL._SX300_.jpg", "price": 49.99, "numReviews": 2, "groups": [16], "averageRating": 3.5}, {"asin": "B008EQJJUO", "name": "Waterproof 2.4G Wireless LED Car Rear View Infrared IR Night Vision Reversing Camera For GPS", "imUrl": "http://ecx.images-amazon.com/images/I/41jDh44TocL._SY300_.jpg", "price": 17.65, "numReviews": 1, "groups": [17], "averageRating": 1.0}, {"asin": "B0077VYWYU", "name": "Brand New Boyo VTL402HD Chrome Bar Type License Plate Rear View HD Color Back Up Camera with High Sensitive 1/4\" Color CMOS and Water Proof IP67 Rating", "imUrl": "http://ecx.images-amazon.com/images/I/41OiY1S0cFL._SX300_.jpg", "price": 376.0, "numReviews": 1, "groups": [18], "averageRating": 5.0}, {"asin": "B00B4L2NXQ", "name": "BOYO VTX3600 3.6-Inch Digital Wireless Monitor and Transmitter Module", "imUrl": "http://ecx.images-amazon.com/images/I/41htwq3JutL._SY300_.jpg", "price": 133.23, "numReviews": 2, "groups": [19], "averageRating": 4.5}, {"asin": "B001TE3PZI", "name": "Audiovox ACAM350 3.5-Inch LCD Back-up Monitor", "imUrl": "http://ecx.images-amazon.com/images/I/51eEeQ4buGL._SY300_.jpg", "price": 68.52, "numReviews": 4, "groups": [20], "averageRating": 2.75, "brand": "Audiovox"}, {"asin": "B002T6SNRA", "name": "10.2\" Rearview mirror monitor + Water Proof Camera + TS", "imUrl": "http://ecx.images-amazon.com/images/I/41lydU46y1L._SX300_.jpg", "price": 29.92, "numReviews": 6, "groups": [21], "averageRating": 3.0}, {"asin": "B005P5UMY4", "name": "Pyle PLCM7700 7-Inch Window Suction Mount LCD Video Monitor with Universal Mount Rearview, Backup Color Camera and Distance Scale Lines", "imUrl": "http://ecx.images-amazon.com/images/I/41TIW3t6yvL._SX300_.jpg", "price": 75.64, "numReviews": 163, "groups": [22], "averageRating": 3.6196319018404908, "brand": "Pyle"}, {"asin": "B00B55QY04", "name": "1/3\" Sony Effio CCD 700TVL IR Day/Night View Color Car Rear View Camera Weatherproof Vehicle Security Camera with Mirror Video Image Function", "imUrl": "http://ecx.images-amazon.com/images/I/41WpUao0znL._SY300_.jpg", "price": 89.8, "numReviews": 2, "groups": [23], "averageRating": 4.5}, {"asin": "B0096W82U8", "name": "Alpine HCE-C305R Active Rear View Camera System", "imUrl": "http://ecx.images-amazon.com/images/I/41HpYhevsEL._SX300_.jpg", "price": 385.55, "numReviews": 2, "groups": [24], "averageRating": 2.0}, {"asin": "B0095BM60W", "name": "TaoTronics\u00ae TT-CC05 2.4G Wireless Car License Mount Rear View Backup Camera 7 IR LED Night Vision with Transmitter & Receiver (Waterproof IP67 / Color CMOS / 135 Degree Viewing Angle / Distance Scale Line)", "imUrl": "http://ecx.images-amazon.com/images/I/41bDTzn6mgL._SX300_.jpg", "price": 44.99, "numReviews": 25, "groups": [25], "averageRating": 3.0}, {"asin": "B009VDPQT2", "name": "Ouku Night Vision Watherproof Car Rear View 420TVL 1/3 Inch CMOS Color Sensor Camera with 120 Degree Wide Viewing Angle and Anti-fog Function", "imUrl": "http://ecx.images-amazon.com/images/I/31gtP48K1oL._SY300_.jpg", "price": 24.99, "numReviews": 4, "groups": [26], "averageRating": 4.0}, {"asin": "B005Q65ZIK", "name": "Esky Waterproof NTSC Universal Car Rearview License Plate 1/4 Inch CMOS Backup Camera + IR Night Vision", "imUrl": "http://ecx.images-amazon.com/images/I/41dM0HZmyPL._SY300_.jpg", "price": 19.99, "numReviews": 92, "groups": [27], "averageRating": 4.0}, {"asin": "B008Z9E4DW", "name": "2.4g Wireless Color Video Transmitter and Receiver for the Vehicle Backup Camera/front Car Camera", "imUrl": "http://ecx.images-amazon.com/images/I/51HSTdj8Q5L._SX300_.jpg", "price": 11.48, "numReviews": 107, "groups": [28], "averageRating": 3.560747663551402}, {"asin": "B004HGQO9Y", "name": "SE4 Parking Sensor System & LED 3 Color Digital Display with Three Stage Bi-Bi Sound Alarm!", "imUrl": "http://ecx.images-amazon.com/images/I/51sbF3xuNUL._SX300_.jpg", "price": 19.99, "numReviews": 21, "groups": [29], "averageRating": 3.4285714285714284}, {"asin": "B004T3JGPE", "name": "Crimestopper Sv-5420.ir.c 1/3-Inch Cmos License Plate Camera with 180\u00b0 Viewing Angle (Chrome)", "imUrl": "http://ecx.images-amazon.com/images/I/41%2BVklqlCqL._SX300_.jpg", "price": 59.95, "numReviews": 2, "groups": [30], "averageRating": 1.5}, {"asin": "B00DEOY6QI", "name": "Rydeen MV311T RearView Mirror w/Back Up Camera Monitor and Backup Camera", "imUrl": "http://ecx.images-amazon.com/images/I/31LDQQJCqIL._SX300_.jpg", "price": 297.98, "numReviews": 1, "groups": [31], "averageRating": 5.0, "brand": "Rydeen"}, {"asin": "B0077W9UKK", "name": "Brand New Boyo VTL425HD 175 Degree Black HD Ultra Slim Bar Type License Plate CCD Camera with Excellent Auto White Balance and 520 TVL Horizontal Resolution", "imUrl": "http://ecx.images-amazon.com/images/I/417CUvu3QuL._SX300_.jpg", "price": 122.33, "numReviews": 1, "groups": [32], "averageRating": 5.0}, {"asin": "B00ATR0KSQ", "name": "VicTsing 2.4G Wireless RCA Audio Video AV Transmitter and Receiver for Car Rearview Camera", "imUrl": "http://ecx.images-amazon.com/images/I/419IT9MNpnL._SY300_.jpg", "price": 15.99, "numReviews": 4, "groups": [33], "averageRating": 3.25}, {"asin": "B0030IYQJK", "name": "Digital LED Display, 4 Drill-in/White Sensors Car Backup System (SD4)", "imUrl": "http://ecx.images-amazon.com/images/I/41bC0RbWuFL._SX300_.jpg", "price": 39.0, "numReviews": 4, "groups": [34], "averageRating": 5.0}, {"asin": "B008J0ZT4U", "name": "BOYO VTB45M 4.3-Inch Digital TFT LCD Rearview Mirror Monitor with Dual Mounting", "imUrl": "http://ecx.images-amazon.com/images/I/41nQHcLgEUL._SX300_.jpg", "price": 139.99, "numReviews": 2, "groups": [35], "averageRating": 3.5}, {"asin": "B00133NYH4", "name": "Boyo VTL200 Zinc Metal Chrome License Plate Camera", "imUrl": "http://ecx.images-amazon.com/images/I/41wulhkrecL._SX300_.jpg", "price": 133.06, "numReviews": 1, "groups": [3], "averageRating": 5.0}, {"asin": "B008CR98SI", "name": "Abco Tech Rear View License Plate Backup CMOS Camera", "imUrl": "http://ecx.images-amazon.com/images/I/41PEAs7vueL._SX300_.jpg", "price": 14.49, "numReviews": 5, "groups": [36], "averageRating": 4.0}, {"asin": "B00COZNK1K", "name": "E-PRANCE 4.3\" Car Vehicle Rearview Mirror Monitor for DVD/VCR/Car Reverse Camera(DC 12V / PAL / NTSC)", "imUrl": "http://ecx.images-amazon.com/images/I/41OxeGgHDeL._SY300_.jpg", "price": 23.96, "numReviews": 13, "groups": [37], "averageRating": 4.153846153846154, "brand": "E-PRANCE"}, {"asin": "B0086V63NS", "name": "Boyo VTL420SR Bartype HD CCD Camera with Two Sensors and Nightvision", "imUrl": "http://ecx.images-amazon.com/images/I/31Alg83HFgL._SX300_.jpg", "price": 97.57, "numReviews": 8, "groups": [38], "averageRating": 2.75, "brand": "Boyo"}, {"asin": "B00133J0XQ", "name": "Boyo VTL420 Black with Plastic Housing Bar Type CCD Camera", "imUrl": "http://ecx.images-amazon.com/images/I/318S9AP3HIL._SY300_.jpg", "price": 75.21, "numReviews": 15, "groups": [39], "averageRating": 4.0, "brand": "Boyo"}, {"asin": "B0087KJ2OK", "name": "ECLIPSE UC100 UNIVERSAL REAR-VIEW CAMERA PLUG FOR AVN RECEIVERS DVD TV SCREEN", "imUrl": "http://ecx.images-amazon.com/images/I/316WV8yr8jL._SX300_.jpg", "price": 69.99, "numReviews": 2, "groups": [40], "averageRating": 4.5}, {"asin": "B00DI9R7DS", "name": "Pyle PACM8900 8.1'' TFT LCD Monitor w/ Universal Dual Mount Backup Color Camera W/ Distance Scale Line", "imUrl": "http://ecx.images-amazon.com/images/I/413hoK4MVYL._SY300_.jpg", "price": 112.99, "numReviews": 1, "groups": [41], "averageRating": 4.0}, {"asin": "B0051XB2NK", "name": "BOYO VTL375HD HD Rear View Camera", "imUrl": "http://ecx.images-amazon.com/images/I/41o-XFG3XsL._SX300_.jpg", "price": 139.0, "numReviews": 29, "groups": [1], "averageRating": 4.586206896551724}, {"asin": "B004VM1RQ4", "name": "Exonic EXR 300 Dual Mount Rearview Camera", "imUrl": "http://ecx.images-amazon.com/images/I/41kU9j6mpfL._SX300_.jpg", "price": 95.79, "numReviews": 1, "groups": [42], "averageRating": 4.0}, {"asin": "B00BCVE3KY", "name": "BOYO VTK370DL Universal Waterproof Flush Mount Rearview Backup Camera w/ LED Blinker Lights", "imUrl": "http://ecx.images-amazon.com/images/I/31YHTdCkgHL._SY300_.jpg", "price": 66.98, "numReviews": 2, "groups": [43], "averageRating": 5.0}, {"asin": "B000TXMIN0", "name": "Eclipse BEC106 Back-Eye Vehicle Rear-View Camera", "imUrl": "http://ecx.images-amazon.com/images/I/41aVe7wh1AL._SX300_.jpg", "price": 69.99, "numReviews": 2, "groups": [44], "averageRating": 5.0}, {"asin": "B002C0EGJ2", "name": "Boyo VTM3600 3.6-Inch TFT Digital Panel Rear View Monitor (Black)", "imUrl": "http://ecx.images-amazon.com/images/I/51ekCQ-XeSL._SX300_.jpg", "price": 59.0, "numReviews": 4, "groups": [45], "averageRating": 3.75}, {"asin": "B003CNSR84", "name": "Absolute MIR77PKG 7-Inch Rear View Mirror Monitor with Parking Sensor", "imUrl": "http://ecx.images-amazon.com/images/I/41a%2Bs%2BB9zVL._SY300_.jpg", "price": 149.99, "numReviews": 2, "groups": [46], "averageRating": 2.5}, {"asin": "B007BD5KDG", "name": "Third Eye TE-SSC Universal Small Square Vehicle Backup Camera", "imUrl": "http://ecx.images-amazon.com/images/I/41BVNitaQ5L._SY300_.jpg", "price": 32.99, "numReviews": 2, "groups": [47], "averageRating": 4.5, "brand": "Third Eye"}, {"asin": "B00A1D3W6A", "name": "Sound Only, 4 Rear Drill-in (Black) Sensors Car Backup System (SS4)", "imUrl": "http://ecx.images-amazon.com/images/I/41aKXB6kZ4L._SX300_.jpg", "price": 29.0, "numReviews": 3, "groups": [48], "averageRating": 2.0}, {"asin": "B0015Z66CK", "name": "Audiovox ACA450 Wireless Color Monitor/Back-Up Camera Package", "imUrl": "http://ecx.images-amazon.com/images/I/514AGSv1ZaL._SX300_.jpg", "price": 117.01, "numReviews": 5, "groups": [49], "averageRating": 2.8}, {"asin": "B00DQR4DKW", "name": "ePathChina\u00ae Mini LED Display 4 Sensors Kit Dual CPU Car/Truck/Vehicle Reversing Parking Sensor/Backup Sensor/Reversing Sensors System Radar Buzzer System,Periodic Buzzer Alarm, LED Rader,Three Stage Bi-Bi Sound Alarm System - Black Color", "imUrl": "http://ecx.images-amazon.com/images/I/418nk0YxdXL._SY300_.jpg", "price": 28.99, "numReviews": 6, "groups": [50], "averageRating": 4.666666666666667}, {"asin": "B007BD5KAY", "name": "Third Eye TE-TXRX Universal 2Gz Backup Camera Wireless Transmitter and Receiver", "imUrl": "http://ecx.images-amazon.com/images/I/31PDKe7sLmL._SX300_.jpg", "price": 37.24, "numReviews": 2, "groups": [51], "averageRating": 4.5, "brand": "Third Eye"}, {"asin": "B006E4RNV0", "name": "Rear View Camera System For Chevrolet Express Vans", "imUrl": "http://ecx.images-amazon.com/images/I/410kjKdFt-L._SX300_.jpg", "price": 134.32, "numReviews": 3, "groups": [52], "averageRating": 4.666666666666667}, {"asin": "B00IA8IHZO", "name": "Color Front View Cam Waterproof LED Night Vision Car Side View Camera License Plate Mount Square S SS-110F", "imUrl": "http://ecx.images-amazon.com/images/I/419xXa3WJzL._SY300_.jpg", "price": 23.43, "numReviews": 1, "groups": [53], "averageRating": 4.0}, {"asin": "B004U486KS", "name": "TaoTronics\u00ae TT-CC02 Car Rear View Flush Mount Backup Camera with 8 LED Night Vision (Waterproof IP67 / Color CMOS / 135 Degree Viewing Angle / Distance Scale Line)", "imUrl": "http://ecx.images-amazon.com/images/I/41HlWaanlTL._SX300_.jpg", "price": 19.99, "numReviews": 4, "groups": [54], "averageRating": 3.5, "salesRankCategory": "Camera & Photo", "salesRank": 2511}, {"asin": "B005TYF42G", "name": "Subaru Forester Impreza Backup Rear View Camera Monitor", "imUrl": "http://ecx.images-amazon.com/images/I/315dIt-A3qL._SY300_.jpg", "price": 22.0, "numReviews": 3, "groups": [55], "averageRating": 4.666666666666667}, {"asin": "B003U9W4MK", "name": "Soundstream VLP1CA License Plate Color Camera (Sliver)", "imUrl": "http://ecx.images-amazon.com/images/I/314D55wFpsL._SX300_.jpg", "price": 125.94, "numReviews": 1, "groups": [56], "averageRating": 4.0, "brand": "Soundstream"}, {"asin": "B004224ICI", "name": "Boyo VTL200CIR Zinc Metal Full Frame License Plate Camera (Chrome)", "imUrl": "http://ecx.images-amazon.com/images/I/31-Pk3jLEbL._SX300_.jpg", "price": 96.99, "numReviews": 2, "groups": [57], "averageRating": 5.0, "brand": "Boyo"}, {"asin": "B001MBJY1M", "name": "shark shk5199 REAR VIEW BACK UP CAMERA NIGHT VISION WATERPROOF FOR CARS", "imUrl": "http://ecx.images-amazon.com/images/I/21NCBBBOe5L.jpg", "price": 33.99, "numReviews": 94, "groups": [58], "averageRating": 3.904255319148936}, {"asin": "B0051XB1Y0", "name": "BOYO VTL405HD HD Rear View Camera", "imUrl": "http://ecx.images-amazon.com/images/I/417dsXKRaoL._SX300_.jpg", "price": 125.1, "numReviews": 2, "groups": [59], "averageRating": 5.0}, {"asin": "B00HXVFEOQ", "name": "By lovelive-5 stars Selling CCD Rear View Night Vision Backup Camera for Bus RV Truck Trailer with aviation connector Plug", "imUrl": "http://ecx.images-amazon.com/images/I/41tgtamwr1L._SX300_.jpg", "price": 39.8, "numReviews": 2, "groups": [60], "averageRating": 4.5}, {"asin": "B00FE7QJGS", "name": "NEEWER\u00ae 1/4\" CMOS 18-LED IR 380L NTSC Car Rear View Camera for Bus/Ttruck/RV/ini-Van, High-definition Wide Viewing Angle Waterproof Dustproof", "imUrl": "http://ecx.images-amazon.com/images/I/41Zy6MkbcIL._SY300_.jpg", "price": 25.25, "numReviews": 3, "groups": [61], "averageRating": 4.666666666666667, "salesRankCategory": "Camera & Photo", "salesRank": 5913}, {"asin": "B0036DEDMY", "name": "Boyo VTK301 Keyhole Type CMOS Camera (Black)", "imUrl": "http://ecx.images-amazon.com/images/I/31A5VbBsJRL._SX300_.jpg", "price": 36.45, "numReviews": 1, "groups": [62], "averageRating": 3.0, "brand": "Boyo"}, {"asin": "B005VY7JKE", "name": "New FASHION 7\" inch TFT LCD Monitor Color Screen Complete Car Backup Reversing Set Rearview Camera, 4 Parking Sensors, Rearview Mirror VCR", "imUrl": "http://ecx.images-amazon.com/images/I/41Nh1EUGzBL._SX300_.jpg", "price": 11.54, "numReviews": 2, "groups": [63], "averageRating": 2.5}, {"asin": "B007B8LGIO", "name": "Dual CPU Car Parking Sensor System with LCD Monitor and Step-up Alarm Weatherproof Sensor", "imUrl": "http://ecx.images-amazon.com/images/I/518bTiL1-RL._SY300_.jpg", "price": 29.99, "numReviews": 6, "groups": [64], "averageRating": 4.0}, {"asin": "B00CIQU69Y", "name": "Tech EraWaterproof Color CMOS Car License Plate Frame Mount Rear View Backup Camera with 8 IR LED Night Vision (170 Degree Viewing Angle / Distance Scale Line / Zinc Metal Casing / Black)", "imUrl": "http://ecx.images-amazon.com/images/I/31H%2BxBVP2NL._SX300_.jpg", "price": 34.99, "numReviews": 6, "groups": [65], "averageRating": 4.166666666666667, "brand": "Tech Era"}, {"asin": "B0045IIZKU", "name": "3.5 Inch TFT LCD Monitor for Car / Automobile", "imUrl": "http://ecx.images-amazon.com/images/I/41RGmQvVWiL._SX300_.jpg", "price": 16.0, "numReviews": 271, "groups": [66], "averageRating": 3.6199261992619927}, {"asin": "B00GGM6KKU", "name": "Pyle PLCMTR104 Weatherproof Rearview Backup Camera System with 10.1\u2019\u2019 LCD Color Monitor, Built-in Quad Control Box Screen, (4) IR Night Vision Cameras, Dual DC 12/24V for Bus, Truck, Trailer, Van", "imUrl": "http://ecx.images-amazon.com/images/I/41A8d8rqYhL._SX300_.jpg", "price": 289.99, "numReviews": 5, "groups": [67], "averageRating": 3.6, "brand": "Pyle"}, {"asin": "B0051XB46A", "name": "BOYO VTL425HD HD Rear View Camera", "imUrl": "http://ecx.images-amazon.com/images/I/51aTISbSnfL._SX300_.jpg", "price": 122.33, "numReviews": 2, "groups": [68], "averageRating": 4.5}, {"asin": "B003XPD4J8", "name": "Audiovox Aud-aca200 Wired Back-up Camera System with 25-foot Extension RCA Video Cable", "imUrl": "http://ecx.images-amazon.com/images/I/51wko9S4egL._SX300_.jpg", "price": 44.99, "numReviews": 1, "groups": [69], "averageRating": 2.0}, {"asin": "B00ABORGSE", "name": "QuickVu Wireless Backup Camera System", "imUrl": "http://ecx.images-amazon.com/images/I/41QTsOF%2BehL._SY300_.jpg", "price": 259.95, "numReviews": 10, "groups": [70], "averageRating": 2.9}, {"asin": "B006TB7IR2", "name": "Rupse 7\" QUAD HD Monitor Wireless IR Night Vision Rear View Back up Camera System for RV Truck Trailer Bus or Fifth-Wheel", "imUrl": "http://ecx.images-amazon.com/images/I/51Hr%2BoXDihL._SY300_.jpg", "price": 270.89, "numReviews": 1, "groups": [71], "averageRating": 1.0}, {"asin": "B003C23PPK", "name": "Pyle PLCM24IR Universal Mount Infrared Commercial Grade Rearview Backup Camera", "imUrl": "http://ecx.images-amazon.com/images/I/51jfyBooO9L._SY300_.jpg", "price": 17.82, "numReviews": 22, "groups": [72], "averageRating": 2.8181818181818183, "brand": "Pyle"}, {"asin": "B008CHMYVQ", "name": "Performance Teknique ICBM-5299 Truck/Bus/RV Vehicle Rear View Night Vesion Wide Angle Color Camera", "imUrl": "http://ecx.images-amazon.com/images/I/41CH6Cmb5rL._SY300_.jpg", "price": 42.95, "numReviews": 1, "groups": [73], "averageRating": 4.0, "brand": "Performance Teknique"}, {"asin": "B001RB1U0U", "name": "Boyo VTL405 Ultra Slim Chrome Bar Type License Plate Camera", "imUrl": "http://ecx.images-amazon.com/images/I/41GNl3qBiJL._SY300_.jpg", "price": 99.02, "numReviews": 5, "groups": [74], "averageRating": 4.2, "brand": "Boyo"}, {"asin": "B00KR6FY94", "name": "120-150 Wide Viewing Angle H.264 WIFI Car Backup Rear View Reversing Camera CMOS Cam for Any Android device with WIFI", "imUrl": "http://ecx.images-amazon.com/images/I/4163oE9zwNL._SY300_.jpg", "price": 42.08, "numReviews": 1, "groups": [75], "averageRating": 1.0}, {"asin": "B005OH9ZFU", "name": "Koolertron Car Wireless Rearview Black CMOS Camera / IR Night Vision / with Transmitter and Receiver", "imUrl": "http://ecx.images-amazon.com/images/I/41V3z11ItZL._SY300_.jpg", "price": 17.65, "numReviews": 1, "groups": [76], "averageRating": 3.0}, {"asin": "B0030KR8K2", "name": "EasyUnique Digital LED Display 6-Sensor Car Backup System (Black)", "imUrl": "http://ecx.images-amazon.com/images/I/51XWeParzcL._SX300_.jpg", "price": 71.03, "numReviews": 3, "groups": [77], "averageRating": 2.3333333333333335}, {"asin": "B0030ISXGM", "name": "Digital LED Display, 4 Drill-in/Gray Sensors Car Backup System (SD4)", "imUrl": "http://ecx.images-amazon.com/images/I/51ylqhjBo5L._SX300_.jpg", "price": 39.0, "numReviews": 1, "groups": [78], "averageRating": 4.0}, {"asin": "B007PWL6YK", "name": "120 to 170 Degree Waterproof Car Backup Rearview Reverse Color Camera Black", "imUrl": "http://ecx.images-amazon.com/images/I/41yxYhtYajL._SY300_.jpg", "price": 12.5, "numReviews": 1, "groups": [79], "averageRating": 4.0}, {"asin": "B00DGKY0MK", "name": "Etekcity Car Rear Vehicle View Backup Waterproof High Definition (HD) Camera with a 170-Degree Viewing Angle and Color CMOS, Perfect for Cars, Trucks, RVs, and Motor Homes", "imUrl": "http://ecx.images-amazon.com/images/I/41V9n3ltz7L._SX300_.jpg", "price": 14.95, "numReviews": 8, "groups": [80], "averageRating": 4.25}, {"asin": "B002GM5GKO", "name": "Rear View Safety 7\" LCD Color Backup Camera System with Audio", "imUrl": "http://ecx.images-amazon.com/images/I/41rAQTozinL._SY300_.jpg", "price": 256.71, "numReviews": 177, "groups": [81], "averageRating": 4.610169491525424, "brand": "Rear View Safety"}, {"asin": "B001TE0HR2", "name": "Audiovox CAMSBAR 2-Sensor Back-up Obstacle Sensing System and Camera", "imUrl": "http://ecx.images-amazon.com/images/I/41UTHJFI9nL._SX300_.jpg", "price": 34.77, "numReviews": 13, "groups": [82], "averageRating": 3.5384615384615383}, {"asin": "B007SJMOPU", "name": "7-Inch LCD Color Screen Car Back up Rearview Monitor with Car Rearview Backup Camera", "imUrl": "http://ecx.images-amazon.com/images/I/41x-RF4l2SL._SY300_.jpg", "price": 50.29, "numReviews": 1, "groups": [83], "averageRating": 5.0}, {"asin": "B00BOPOYTS", "name": "Pyle PLCM8200 8.1-Inch Rear View Backup Camera with Universal Mount Parking Assist System", "imUrl": "http://ecx.images-amazon.com/images/I/41EQuNA0BpL._SX300_.jpg", "price": 83.36, "numReviews": 3, "groups": [84], "averageRating": 3.0, "brand": "Pyle"}, {"asin": "B00B4L2OEE", "name": "BOYO VTL405HDL Multi-View License Plate Camera (Chrome)", "imUrl": "http://ecx.images-amazon.com/images/I/51tn%2BWjsxpL._SX300_.jpg", "price": 129.95, "numReviews": 2, "groups": [85], "averageRating": 5.0}, {"asin": "B0052YOHLM", "name": "Pyle PLCM32 3.5-Inch TFT LCD Monitor with Universal Mount Rear View and Backup Color CMD Distance Scale Line Camera", "imUrl": "http://ecx.images-amazon.com/images/I/51VMUk5ROwL._SX300_.jpg", "price": 55.13, "numReviews": 68, "groups": [86], "averageRating": 3.6029411764705883, "brand": "Pyle"}, {"asin": "B005I7ZUF0", "name": "IP65 Waterproof Level Wireless 420 TVL 1/3 Inch CMOS Car Rearview Camera with 7 Pieces IR LEDs, 120 ~ 170 Degrees View Angle, Support Night Vision & Wireless Transmission. The Wireless Transmission Distance Can Be Used Up to 160 Feet", "imUrl": "http://ecx.images-amazon.com/images/I/31F1ruqhV1L._SY300_.jpg", "price": 17.0, "numReviews": 32, "groups": [87], "averageRating": 3.34375}, {"asin": "B0035MALHM", "name": "Absolute CAM-900S License Plate Wide Angle Rear View 1/3-Inch CCD Color Camera with Night Vision", "imUrl": "http://ecx.images-amazon.com/images/I/41%2Bc029dXcL._SY300_.jpg", "price": 65.06, "numReviews": 1, "groups": [88], "averageRating": 3.0}, {"asin": "B006E4I23S", "name": "Back Up Camera Ford Transit-Connect Vehicles", "imUrl": "http://ecx.images-amazon.com/images/I/41yEFXTotFL._SY300_.jpg", "price": 259.99, "numReviews": 1, "groups": [89], "averageRating": 5.0}, {"asin": "B0035MCT7C", "name": "Absolute CAM-900B License Plate Wide Angle Rear View 1/3\" CCD Color Camera With Night Vision", "imUrl": "http://ecx.images-amazon.com/images/I/41zYwew6JrL._SY300_.jpg", "price": 41.49, "numReviews": 1, "groups": [90], "averageRating": 5.0}, {"asin": "B00622X1AG", "name": "Pioneer ND-BC5 Universal Rearview Camera", "imUrl": "http://ecx.images-amazon.com/images/I/51wWWZgzu5L._SY300_.jpg", "price": 148.86, "numReviews": 27, "groups": [91], "averageRating": 4.444444444444445}, {"asin": "B00GZG9QGM", "name": "By lovelive-5 stars Selling CCD HD 360 degree Rotation Panoramic Car Vehicle SUV front View Side View Universal camera", "imUrl": "http://ecx.images-amazon.com/images/I/31nWXt9d38L._SX300_.jpg", "price": 19.9, "numReviews": 1, "groups": [92], "averageRating": 4.0}, {"asin": "B006AEYJ48", "name": "Audiovox ACA240 2.5\" Wireless Vehicle Rear View camera System", "imUrl": "http://ecx.images-amazon.com/images/I/415hB7S4o8L._SX300_.jpg", "price": 89.95, "numReviews": 3, "groups": [93], "averageRating": 1.3333333333333333, "brand": "Audiovox"}, {"asin": "B00D8VWATM", "name": "Lerway 5 Inch TFT LCD Car Rear View Camera Monitor and Wireless Night Vision Car View Camera", "imUrl": "http://ecx.images-amazon.com/images/I/41UdTYobRmL._SY300_.jpg", "price": 57.99, "numReviews": 2, "groups": [94], "averageRating": 2.0}, {"asin": "B00DSETGL4", "name": "Waterproof Car Rear Vehicle Backup View Camera High-definition Cmos 170 Degree Viewing Angle E363", "imUrl": "http://ecx.images-amazon.com/images/I/51mUlRN88eL._SX300_.jpg", "price": 13.99, "numReviews": 2, "groups": [95], "averageRating": 3.0}, {"asin": "B001P3PSR6", "name": "XO Vision HTC35 Universal Weatherproof Backup Camera with NightVision", "imUrl": "http://ecx.images-amazon.com/images/I/51bhtPWH-mL._SX300_.jpg", "price": 12.95, "numReviews": 172, "groups": [96], "averageRating": 3.383720930232558, "brand": "XO Vision"}, {"asin": "B005CF63UE", "name": "TaoTronics TT-CC10 Car Rear View Bracket Mount Backup Camera with 8 LED Night Vision (Waterproof IP67 / Color CMOS / 135 Degree Viewing Angle / Distance Scale Line)", "imUrl": "http://ecx.images-amazon.com/images/I/41eCiWVgIXL._SX300_.jpg", "price": 12.5, "numReviews": 1, "groups": [97], "averageRating": 3.0}, {"asin": "B005SCYFYC", "name": "BOYO VTB43M 4.3-Inch Mirror Monitor", "imUrl": "http://ecx.images-amazon.com/images/I/41gJ%2BGshEgL._SX300_.jpg", "price": 119.0, "numReviews": 6, "groups": [98], "averageRating": 4.333333333333333}, {"asin": "B005LLG7CS", "name": "Neewer 2x Night Wide Vision Car RearView Reverse Color Camera New", "imUrl": "http://ecx.images-amazon.com/images/I/41Pb8Nf4rQL._SY300_.jpg", "price": 45.38, "numReviews": 1, "groups": [99], "averageRating": 4.0, "brand": "Neewer"}, {"asin": "B00D8MXKEK", "name": "BOYO License Plate Camera VTL300CL", "imUrl": "http://ecx.images-amazon.com/images/I/41g-VCcwM-L._SX300_.jpg", "price": 87.78, "numReviews": 1, "groups": [100], "averageRating": 5.0}, {"asin": "B0050KILME", "name": "DP Video DPM430 4.3-inch Widescreen Mirror Monitor & Back-Up Camera [Electronics]", "imUrl": "http://ecx.images-amazon.com/images/I/310kjrqoqxL._SX300_.jpg", "price": 63.79, "numReviews": 12, "groups": [101], "averageRating": 3.5, "brand": "DP Video", "salesRankCategory": "Electronics", "salesRank": 20447}, {"asin": "B0052YOD48", "name": "Pyle PLCM105 10.2-Inch TFT LCD Rear View Mirror Monitor with Back-Up Camera", "imUrl": "http://ecx.images-amazon.com/images/I/41w4VRpTPeL._SY300_.jpg", "price": 12.5, "numReviews": 20, "groups": [102], "averageRating": 3.6}, {"asin": "B00G32IFI8", "name": "BOYO VTM35M 3.5-Inch Rear View Monitor", "imUrl": "http://ecx.images-amazon.com/images/I/31Tfe8oa2LL._SX300_.jpg", "price": 89.99, "numReviews": 1, "groups": [103], "averageRating": 4.0}, {"asin": "B007G5PQ7O", "name": "BOYO VTK210C Rear View Camera", "imUrl": "http://ecx.images-amazon.com/images/I/41oMBidUp%2BL._SX300_.jpg", "price": 68.11, "numReviews": 1, "groups": [104], "averageRating": 5.0}, {"asin": "B007O5JV5Y", "name": "Night Vision Watherproof Car Rear View 420TVL 1/3 Inch CMOS Color Sensor Camera with 120 Degree Wide Viewing Angle and Anti-fog Function", "imUrl": "http://ecx.images-amazon.com/images/I/31cn7Oc1AnL._SY300_.jpg", "price": 15.95, "numReviews": 15, "groups": [105], "averageRating": 3.533333333333333}, {"asin": "B007O62H5E", "name": "Neewer Night Wide Vision Car RearView Reverse Color Camera", "imUrl": "http://ecx.images-amazon.com/images/I/41HI25EfoWL._SY300_.jpg", "price": 12.36, "numReviews": 6, "groups": [106], "averageRating": 3.3333333333333335, "brand": "Neewer"}, {"asin": "B00COJ1R7K", "name": "Car Rear Vehicle Backup View Camera (9 LED)", "imUrl": "http://ecx.images-amazon.com/images/I/51wYP5y7SzL._SY300_.jpg", "price": 14.99, "numReviews": 2, "groups": [107], "averageRating": 2.0}, {"asin": "B005GEMVSO", "name": "HDE Rear Camera for Automobile", "imUrl": "http://ecx.images-amazon.com/images/I/51-ECvA7fpL._SY300_.jpg", "price": 11.75, "numReviews": 2, "groups": [108], "averageRating": 4.5}, {"asin": "B00ASIKOCS", "name": "AGPtek E366 Type Color CMOS NTSC Waterproof High-definition Car Rear View Camera with Night Vision 170 Degree Viewing Angle", "imUrl": "http://ecx.images-amazon.com/images/I/41A4LMamWAL._SY300_.jpg", "price": 14.99, "numReviews": 2, "groups": [109], "averageRating": 4.5, "brand": "AGPtek"}, {"asin": "B00E2I0Z7E", "name": "Peak 3.5 in. Backup Camera Kit", "imUrl": "http://ecx.images-amazon.com/images/I/51BZU6vz2eL._SX300_.jpg", "price": 90.46, "numReviews": 4, "groups": [110], "averageRating": 1.75}, {"asin": "B0043PH31M", "name": "Boyo VTL300CIR Zinc Metal Full Frame License Plate Camera (Black)", "imUrl": "http://ecx.images-amazon.com/images/I/31KO6sl83IL._SX300_.jpg", "price": 101.99, "numReviews": 3, "groups": [111], "averageRating": 3.6666666666666665, "brand": "Boyo"}, {"asin": "B006MB9B38", "name": "Valor Multimedia ACC-RVLPF-B Metal License Plate Frame with Built-in Rear View Camera - Black", "imUrl": "http://ecx.images-amazon.com/images/I/31yhWcNGi2L._SX300_.jpg", "price": 44.99, "numReviews": 5, "groups": [112], "averageRating": 4.2}, {"asin": "B00A037VHM", "name": "Pioneer ND-BC6 Universal Rear View Camera", "imUrl": "http://ecx.images-amazon.com/images/I/21MjVgySLpL._SX300_.jpg", "price": 97.89, "numReviews": 45, "groups": [113], "averageRating": 4.2, "brand": "Pioneer"}, {"asin": "B00AWQYVNO", "name": "Wild-us 360 Degree High Definition Eyeball CCD Waterproof Vehicle Backup Camera with Ruler Line and Wide Angle", "imUrl": "http://ecx.images-amazon.com/images/I/41Bi-vOew5L._SX300_.jpg", "price": 14.99, "numReviews": 11, "groups": [114], "averageRating": 2.909090909090909}, {"asin": "B008RIV6VO", "name": "TaoTronics\u00ae Car Rear View System TT-CM04 7-inch TFT LCD Car Rear View Monitor & TT-CC01 Waterproof Backup Camera with 7 IR LED Night Vision", "imUrl": "http://ecx.images-amazon.com/images/I/41ubTTOgASL._SY300_.jpg", "price": 28.24, "numReviews": 6, "groups": [115], "averageRating": 4.0}, {"asin": "B000ONYFD6", "name": "Boyo VTL400 Chrome Plastic Housing Bar Type CCD Camera", "imUrl": "http://ecx.images-amazon.com/images/I/41%2BEa2BjZ5L._SY300_.jpg", "price": 78.41, "numReviews": 14, "groups": [116], "averageRating": 3.5714285714285716, "brand": "Boyo"}, {"asin": "B0077VN0FW", "name": "Brand New Boyo VTL375HD Super Slim Black Metal Licence Plate Frame with Built In HD Camera and Remarkable True Color Reproduction", "imUrl": "http://ecx.images-amazon.com/images/I/41mN9FOO-QL._SX300_.jpg", "price": 110.99, "numReviews": 2, "groups": [117], "averageRating": 5.0}, {"asin": "B001IUTGHE", "name": "Boyo VTK350 Night Vision Keyhole Type Camera", "imUrl": "http://ecx.images-amazon.com/images/I/41U3drY0H0L._SY300_.jpg", "price": 40.7, "numReviews": 11, "groups": [118], "averageRating": 3.727272727272727, "brand": "Boyo"}, {"asin": "B00EDXSQJW", "name": "EasyUnique Sound Only 4 Rear Drill-In Reverse Sensors - Silver", "imUrl": "http://ecx.images-amazon.com/images/I/41Lcxk-EO7L._SX300_.jpg", "price": 39.45, "numReviews": 1, "groups": [119], "averageRating": 5.0}, {"asin": "B0030KPV0G", "name": "EasyUnique Digital LED Display 6-Sensor Car Backup System (White)", "imUrl": "http://ecx.images-amazon.com/images/I/41%2BEOl9DvnL._SX300_.jpg", "price": 74.35, "numReviews": 2, "groups": [120], "averageRating": 2.5}, {"asin": "B003CN5NY0", "name": "Pyle PLCMB20 Universal Mount Infrared Adjustable Angle Rear View Camera with Anti-glare Shield", "imUrl": "http://ecx.images-amazon.com/images/I/41i%2BdCJtNGL._SX300_.jpg", "price": 33.38, "numReviews": 24, "groups": [121], "averageRating": 2.5833333333333335, "brand": "Pyle"}, {"asin": "B00BXFBEDS", "name": "Waterproof Security Parking CCTV Wired 18 LED Digital CCD Camera for Trucks Bus", "imUrl": "http://ecx.images-amazon.com/images/I/41VjFfEc9%2BL._SY300_.jpg", "price": 20.2, "numReviews": 1, "groups": [122], "averageRating": 1.0}, {"asin": "B00BOPOY5C", "name": "Pyle PLCM7800 7-Inch Mirror Monitor Backup Camera with License Plate Mount and Parking Assist System", "imUrl": "http://ecx.images-amazon.com/images/I/51JKANiZi1L._SX300_.jpg", "price": 71.23, "numReviews": 1, "groups": [123], "averageRating": 1.0, "brand": "Pyle"}, {"asin": "B0038NY3WC", "name": "DP Audio Video DBC466 Rearview Surface Mountable Camera", "imUrl": "http://ecx.images-amazon.com/images/I/41dMSC2FxJL._SX300_.jpg", "price": 24.99, "numReviews": 5, "groups": [124], "averageRating": 2.6}, {"asin": "B00757KRXG", "name": "Rear View Camera System with 5.6\" flush monitor", "imUrl": "http://ecx.images-amazon.com/images/I/412tW6csODL._SY300_.jpg", "price": 249.99, "numReviews": 2, "groups": [125], "averageRating": 3.5}, {"asin": "B00EHD8J6S", "name": "Esky EC170-07 Waterproof Car Rear View Backup Camera, 170 Degree Viewing Angle", "imUrl": "http://ecx.images-amazon.com/images/I/41dRS6FVsmL._SY300_.jpg", "price": 18.99, "numReviews": 108, "groups": [126], "averageRating": 4.203703703703703, "salesRankCategory": "Electronics", "salesRank": 4832}, {"asin": "B0030KSYIM", "name": "EasyUnique Digital LED Display 6-Sensor Car Backup System (Silver)", "imUrl": "http://ecx.images-amazon.com/images/I/510Al8BcyiL._SX300_.jpg", "price": 69.0, "numReviews": 6, "groups": [127], "averageRating": 2.8333333333333335, "brand": "EasyUnique"}, {"asin": "B000MCKA5Q", "name": "PYLE PLCM22IR Flush Mount Rear View Camera with 0.5 Lux Night Vision", "imUrl": "http://ecx.images-amazon.com/images/I/51grr9OVTvL._SX300_.jpg", "price": 17.9, "numReviews": 91, "groups": [128], "averageRating": 3.5714285714285716}, {"asin": "B006E4PFBA", "name": "Back Up Camera Ford Transit", "imUrl": "http://ecx.images-amazon.com/images/I/214ks8Jve3L.jpg", "price": 89.0, "numReviews": 4, "groups": [89], "averageRating": 3.25}, {"asin": "B00GGM6KM8", "name": "Pyle PLCMTR71 Weatherproof Rearview Backup Camera System Kit with 7\u2019\u2019 LCD Color Monitor, IR Night Vision Camera, Dual DC Voltage 12-24 for Bus, Truck, Trailer, Van", "imUrl": "http://ecx.images-amazon.com/images/I/41z645tqzCL._SX300_.jpg", "price": 169.99, "numReviews": 5, "groups": [129], "averageRating": 3.6}, {"asin": "B001JT3G02", "name": "BOYO VTB301 Bracket camera with built-in mic and night vision camera", "imUrl": "http://ecx.images-amazon.com/images/I/41af0nQxQVL._SX300_.jpg", "price": 109.99, "numReviews": 2, "groups": [130], "averageRating": 4.0}, {"asin": "B009RIK218", "name": "Pyle PLCM31 3.5-Inch Slim TFT LCD Window Suction Mount Monitor with Dual Mount Rearview Camera with Night Vision", "imUrl": "http://ecx.images-amazon.com/images/I/41PU33SMZ3L._SX300_.jpg", "price": 44.99, "numReviews": 8, "groups": [131], "averageRating": 4.0, "brand": "Pyle"}, {"asin": "B00D5PRUTQ", "name": "AGPtek\u00ae High Definition 4.3\" TFT LCD Car Rear View Rearview DVD Mirror Monitor + Backup Night Vision IR Camera (Auto Switch ON/OFF)", "imUrl": "http://ecx.images-amazon.com/images/I/414%2B7fC2oZL._SY300_.jpg", "price": 49.09, "numReviews": 1, "groups": [132], "averageRating": 2.0}, {"asin": "B00DE1CIS4", "name": "BOYO VTL375HDL Multi-View License Plate Camera (Black)", "imUrl": "http://ecx.images-amazon.com/images/I/51Cm%2BW9jyHL._SY300_.jpg", "price": 149.99, "numReviews": 3, "groups": [1, 6], "averageRating": 3.3333333333333335}, {"asin": "B0081B58LG", "name": "Esky Waterproof NTSC Universal Car Rearview License Plate 1/4 Inch CMOS Backup Camera + Esky 4.3 Inch Color LCD TFT Rearview Monitor Screen", "imUrl": "http://ecx.images-amazon.com/images/I/41RYK2kR2aL._SX300_.jpg", "price": 14.75, "numReviews": 50, "groups": [133], "averageRating": 3.8}, {"asin": "B00IJSBDTC", "name": "Pyle PLCMDVR5 HD Rearview Mirror DVR Image & Video Recording Camera Parking Assist System with 2 Night Vision Cameras, 4.3\" Display, Distance Scale Lines, Motion Impact Recording, SD Card Slot", "imUrl": "http://ecx.images-amazon.com/images/I/41mbiz0llrL._SX300_.jpg", "price": 111.09, "numReviews": 1, "groups": [134], "averageRating": 3.0, "brand": "Pyle"}, {"asin": "B003SX0ROA", "name": "LYD CM802CA Mini Night Vision Camera with Audio", "imUrl": "http://ecx.images-amazon.com/images/I/41Ld2eiosEL._SX300_.jpg", "price": 22.99, "numReviews": 4, "groups": [135], "averageRating": 3.0, "brand": "LYD", "salesRankCategory": "Camera & Photo", "salesRank": 10327}, {"asin": "B005Q65JHM", "name": "Esky EC170-08 100% Waterproof Vehicle Car Rear View Backup Camera High-definition CCD 170 Degree Viewing Angle - Rearview Camera", "imUrl": "http://ecx.images-amazon.com/images/I/41JezBRnSYL._SX300_.jpg", "price": 26.99, "numReviews": 166, "groups": [136], "averageRating": 4.162650602409639}, {"asin": "B007OOU77G", "name": "Esky 7-Inch TFT LCD Monitor Waterproof Car Color Backup Rear View Camera System (Night Vision, Side Camera for Trailer Tow, RV Truck)", "imUrl": "http://ecx.images-amazon.com/images/I/41--SctTpiL._SX300_.jpg", "price": 169.99, "numReviews": 31, "groups": [137], "averageRating": 4.354838709677419}, {"asin": "B007YE3VZQ", "name": "BestDealUSA Black 120\u00b0 Car Vehicle Back Rear Camera Night Vision Reverse Backup Waterproof", "imUrl": "http://ecx.images-amazon.com/images/I/41cBeNrXkaL._SY300_.jpg", "price": 12.5, "numReviews": 1, "groups": [138], "averageRating": 5.0}, {"asin": "B00DOQAGO2", "name": "TaoTronics TT-WM01 2.4GHz Wireless Color Video Wide Operating Voltage Transmitter & Receiver for Car Rear / Front View Backup Camera System", "imUrl": "http://ecx.images-amazon.com/images/I/41OGuzDnWqL._SX300_.jpg", "price": 17.99, "numReviews": 3, "groups": [139], "averageRating": 4.0}, {"asin": "B004XT6ZHG", "name": "Crimestopper CA5009.II Backstopper Display with Buzzer", "imUrl": "http://ecx.images-amazon.com/images/I/41hBIMjUp-L._SY300_.jpg", "price": 31.76, "numReviews": 3, "groups": [140], "averageRating": 3.0, "brand": "Crimestopper"}, {"asin": "B00H3M9Q2Q", "name": "By lovelive-5 stars Selling 7\" LCD Monitor+2 x IR Rear View Reverse Parking Camera Car Kit for Bus Long Truck Vehicle with 10M cable", "imUrl": "http://ecx.images-amazon.com/images/I/41qOgUfG%2BCL._SX300_.jpg", "price": 128.0, "numReviews": 2, "groups": [141], "averageRating": 5.0}, {"asin": "B00505LWNO", "name": "Jensen Surface mount Back-up Camera", "imUrl": "http://ecx.images-amazon.com/images/I/415FffCGFcL._SY300_.jpg", "price": 24.69, "numReviews": 9, "groups": [142], "averageRating": 3.7777777777777777, "brand": "Jensen", "salesRankCategory": "Camera & Photo", "salesRank": 9896}, {"asin": "B000NJDKJQ", "name": "Pyle 10.2\" Rear View Mirror Monitor", "imUrl": "http://ecx.images-amazon.com/images/I/41EVuDttUAL._SX300_.jpg", "price": 29.95, "numReviews": 2, "groups": [143], "averageRating": 4.0}, {"asin": "B007BD5J3W", "name": "Third Eye TE-THC Universal Through-hole Black Backup Camera", "imUrl": "http://ecx.images-amazon.com/images/I/41G%2BBrIDDeL._SX300_.jpg", "price": 44.94, "numReviews": 1, "groups": [144], "averageRating": 3.0, "brand": "Third Eye"}, {"asin": "B000SBRA8G", "name": "Boyo VTM600M Rear View Mirror with 6-Inch LCD", "imUrl": "http://ecx.images-amazon.com/images/I/41MAziz0xNL._SY300_.jpg", "price": 95.38, "numReviews": 10, "groups": [145], "averageRating": 3.8, "brand": "Boyo"}, {"asin": "B0058M6ICO", "name": "TaoTronics\u00ae TT-CC11 Universal Car Rear View Bracket Mount Backup Camera (Waterproof IP67 / Color CMOS / 170 Degree Viewing Angle / Distance Scale Line)", "imUrl": "http://ecx.images-amazon.com/images/I/41dCjJU494L._SY300_.jpg", "price": 18.99, "numReviews": 1, "groups": [146], "averageRating": 2.0}, {"asin": "B00584QNRC", "name": "Pinecom ST309 Vehicle Rear View Back-up IR Color Day-Night Camera", "imUrl": "http://ecx.images-amazon.com/images/I/41fbestNejL._SX300_.jpg", "price": 26.99, "numReviews": 2, "groups": [147], "averageRating": 3.5}, {"asin": "B00AJWYYHO", "name": "Digital Wireless Backup Camera System", "imUrl": "http://ecx.images-amazon.com/images/I/31hyfLI2XiL._SX300_.jpg", "price": 199.99, "numReviews": 11, "groups": [148], "averageRating": 3.5454545454545454}, {"asin": "B00EXHYSRC", "name": "Flybsk 9w LED DRL Eagle Eye Car Fog Daytime Reverse Backup Parking Signal Light Lamp (Black)", "imUrl": "http://ecx.images-amazon.com/images/I/417G457lIbL._SY300_.jpg", "price": 2.79, "numReviews": 3, "groups": [149], "averageRating": 3.0}, {"asin": "B00EYTUSU0", "name": "AGPtek\u00ae Wireless Backup CMOS Wide Angle License Plate Camera With 7 LED Night Vision + 4.3\" TFT LCD Rear View Mirror Monitor Screen", "imUrl": "http://ecx.images-amazon.com/images/I/5113zhL-sqL._SY300_.jpg", "price": 57.99, "numReviews": 18, "groups": [150], "averageRating": 2.7777777777777777}, {"asin": "B0020MLO06", "name": "Audiovox PSD200 Back up Sensors", "imUrl": "http://ecx.images-amazon.com/images/I/51w29NoBBrL._SY300_.jpg", "price": 69.99, "numReviews": 1, "groups": [151], "averageRating": 4.0, "brand": "Audiovox"}, {"asin": "B0086V63RO", "name": "Boyo Rear View Camera (VTL400SR)", "imUrl": "http://ecx.images-amazon.com/images/I/31lIZJqkOgL._SX300_.jpg", "price": 120.48, "numReviews": 1, "groups": [152], "averageRating": 2.0, "brand": "Boyo"}, {"asin": "B000EK2DJC", "name": "Power Acoustik CCD-2 Flush Mount Fender or Trunk-Mounted Back-Up Camera", "imUrl": "http://ecx.images-amazon.com/images/I/51CCWhVIhSL._SY300_.jpg", "price": 74.95, "numReviews": 1, "groups": [153], "averageRating": 1.0, "brand": "Power Acoustik"}, {"asin": "B007MEL4PC", "name": "4UCam 4.3-inch LCD Touch Screen GPS + Wireless Backup license Camera w/Bluetooth System", "imUrl": "http://ecx.images-amazon.com/images/I/516c8l49uEL._SX300_.jpg", "price": 117.65, "numReviews": 1, "groups": [154], "averageRating": 1.0}, {"asin": "B001ISVA70", "name": "PYLE PLCM35 3.5-Inch TFT LCD Monitor/Night Vision Rear View Camera", "imUrl": "http://ecx.images-amazon.com/images/I/41ab8HSt14L._SY300_.jpg", "price": 48.37, "numReviews": 21, "groups": [155], "averageRating": 3.1904761904761907}, {"asin": "B005N4RO4I", "name": "TaoTronics\u00ae TT-CC01 Car License Mount Rear View Video Backup Camera with 7 LED Night Vision (Waterproof IP67/ Color CMOS/ 135 Degree Viewing Angle/ Distance Scale Line)", "imUrl": "http://ecx.images-amazon.com/images/I/41F2N-eb1RL._SX300_.jpg", "price": 18.99, "numReviews": 149, "groups": [156], "averageRating": 3.651006711409396}, {"asin": "B00EDXRLVG", "name": "EasyUnique Sound Only 4 Rear Drill-In Reverse Sensors - Gray", "imUrl": "http://ecx.images-amazon.com/images/I/41KqhhoyLNL._SX300_.jpg", "price": 33.49, "numReviews": 1, "groups": [157], "averageRating": 4.0}, {"asin": "B0037WT752", "name": "PYLE PLCM103 10.2'' Rearview Mirror Monitor w/ License Plate Mount Night Vision Camera", "imUrl": "http://ecx.images-amazon.com/images/I/41h91H0QxNL._SY300_.jpg", "price": 29.92, "numReviews": 30, "groups": [158], "averageRating": 2.8666666666666667}, {"asin": "B004HJ9D8U", "name": "Pyle PLCM39FRV Universal Mount Rear & Front View Camera", "imUrl": "http://ecx.images-amazon.com/images/I/51%2BY186fmNL._SX300_.jpg", "price": 20.83, "numReviews": 26, "groups": [159], "averageRating": 3.0384615384615383, "brand": "Pyle"}, {"asin": "B0091P1Z5Y", "name": "koolertron Car Reverse Rearview 136 chip camera for Hyundai Santa Fe Azera NTSC", "imUrl": "http://ecx.images-amazon.com/images/I/51IBD2Qb2nL._SY300_.jpg", "price": 38.0, "numReviews": 1, "groups": [160], "averageRating": 5.0}, {"asin": "B002X91AHI", "name": "Boyo VTL275 Rear-view camera with chrome license plate frame", "imUrl": "http://ecx.images-amazon.com/images/I/41%2BhuT3tt7L._SX300_.jpg", "price": 129.95, "numReviews": 13, "groups": [161], "averageRating": 4.384615384615385, "brand": "Boyo"}, {"asin": "B00151UJZO", "name": "Audiovox Cmos1 Color Camera For Monitor Or A/V Receiver [Electronics]", "imUrl": "http://ecx.images-amazon.com/images/I/511tXjpVyxL._SY300_.jpg", "price": 49.99, "numReviews": 5, "groups": [162], "averageRating": 3.6}, {"asin": "B004EHZLCC", "name": "Pyle PLCM35R 3.5-Inch TFT LCD Monitor/Night Vision Rear-View Camera", "imUrl": "http://ecx.images-amazon.com/images/I/51r%2BqesjjfL._SY300_.jpg", "price": 49.93, "numReviews": 23, "groups": [163], "averageRating": 3.5652173913043477, "brand": "Pyle"}, {"asin": "B0030RZBIG", "name": "Pioneer ND-BC4 Universal Rear View Camera", "imUrl": "http://ecx.images-amazon.com/images/I/51Wob4vaRkL._SY300_.jpg", "price": 79.85, "numReviews": 21, "groups": [164], "averageRating": 4.571428571428571}, {"asin": "B00D13ZBPW", "name": "TaoTronics Car Rear View System TT-CM04 7\" TFT LCD Car Rear View Monitor & TT-CC17 Waterproof License Plate Frame Mount Backup Camera with 8 IR LEDs Night Vision", "imUrl": "http://ecx.images-amazon.com/images/I/41dRub7eBGL._SY300_.jpg", "price": 44.99, "numReviews": 15, "groups": [165], "averageRating": 4.133333333333334}, {"asin": "B0050Q2EX0", "name": "XO Vision LP131B License Plate Frame with Built-in Waterproof Night Vision Camera", "imUrl": "http://ecx.images-amazon.com/images/I/41bWQN8loQL._SX300_.jpg", "price": 39.99, "numReviews": 4, "groups": [166], "averageRating": 1.5, "brand": "XO Vision"}, {"asin": "B006SF69AQ", "name": "BOYO VTB16B Two Way Mounting Rear View Camera", "imUrl": "http://ecx.images-amazon.com/images/I/31uldjNtKFL._SX300_.jpg", "price": 28.05, "numReviews": 3, "groups": [167], "averageRating": 3.0}, {"asin": "B007RC2390", "name": "BOYO VTB44M 4.3-Inch Digital TFT LCD Mirror Monitor with Dual Mounting Solution", "imUrl": "http://ecx.images-amazon.com/images/I/41qjdPiH2rL._SX300_.jpg", "price": 105.22, "numReviews": 3, "groups": [168], "averageRating": 2.3333333333333335}, {"asin": "B004YHNHN2", "name": "SainSpeed E350 License Plate Mount Rear View Camera With Night Vision, 8 LEDs", "imUrl": "http://ecx.images-amazon.com/images/I/414dJF5mY9L._SY300_.jpg", "price": 14.95, "numReviews": 2, "groups": [169], "averageRating": 4.0}, {"asin": "B0055XCLK4", "name": "XD-066 LED Display Car Reverse Backup Radar with 4 Parking Sensors", "imUrl": "http://ecx.images-amazon.com/images/I/414zQLwoOpL._SX300_.jpg", "price": 13.99, "numReviews": 124, "groups": [170], "averageRating": 3.967741935483871}, {"asin": "B005GYTQT6", "name": "Brand DW-C840B License Plate Frame Vehicle Camera with Night Vision and Built in 24 LEDs, Backup Camera, Car Camera, great night visibility and easy for fixing", "imUrl": "http://ecx.images-amazon.com/images/I/51MNd2oNLKL._SY300_.jpg", "price": 19.99, "numReviews": 1, "groups": [171], "averageRating": 3.0}, {"asin": "B00BWA6BMS", "name": "BOYO VTL275HDL Multi-View License Plate Camera (Chrome)", "imUrl": "http://ecx.images-amazon.com/images/I/51RXTF9ALNL._SX300_.jpg", "price": 144.95, "numReviews": 3, "groups": [7, 85], "averageRating": 4.333333333333333}, {"asin": "B0064147AI", "name": "LCD Display, 8 Sensors (4 Wire Front/4 Wireless Rear, Dark Gray) Car Backup System (SD8)", "imUrl": "http://ecx.images-amazon.com/images/I/51ehW3p5idL._SY300_.jpg", "price": 11.54, "numReviews": 1, "groups": [172], "averageRating": 5.0, "salesRankCategory": "Electronics", "salesRank": 221532}, {"asin": "B002LC2ZP8", "name": "Rear View Night Vision Backup Camera for RV Truck Trailer with RCA Connectors", "imUrl": "http://ecx.images-amazon.com/images/I/41Lnuu3OuWL._SX300_.jpg", "price": 117.69, "numReviews": 14, "groups": [173], "averageRating": 4.214285714285714}, {"asin": "B008B3VNB8", "name": "Black 7\" TFT LCD Color Display Screen Car Auto Backup Rearview Mirror Monitor Camera Two Way Audio Output W/SD USB MP5 FM Radio", "imUrl": "http://ecx.images-amazon.com/images/I/41i5YlTGzHL._SY300_.jpg", "price": 47.09, "numReviews": 1, "groups": [174], "averageRating": 5.0}, {"asin": "B00ALQGYPI", "name": "Portable 3.5\" TFT LCD Color Screen Car Rearview Monitor DVD VCR", "imUrl": "http://ecx.images-amazon.com/images/I/51VV6nS8yvL._SY300_.jpg", "price": 26.61, "numReviews": 1, "groups": [175], "averageRating": 5.0}, {"asin": "B004DSVYPA", "name": "Boyo Vtl300cir Night Vision License Plate Camera", "imUrl": "http://ecx.images-amazon.com/images/I/31ppSDNsi2L._SY300_.jpg", "price": 130.0, "numReviews": 3, "groups": [176], "averageRating": 5.0, "brand": "Boyo"}, {"asin": "B004HJ22WO", "name": "Pyle PLCM19 Low Lux Rear Camera Black Chrome Metal Licence Plate Frame", "imUrl": "http://ecx.images-amazon.com/images/I/31MJK-KyU9L._SX300_.jpg", "price": 35.99, "numReviews": 2, "groups": [177], "averageRating": 1.0, "brand": "Pyle"}, {"asin": "B009LU832C", "name": "BestDealUSA Car Rear View Reverse Backup Waterproof CCD Camera for TOUAREG POLO PASSAT GOLF", "imUrl": "http://ecx.images-amazon.com/images/I/41APzZUr8vL._SY300_.jpg", "price": 12.5, "numReviews": 2, "groups": [178], "averageRating": 5.0}, {"asin": "B00APVNMD6", "name": "4.3 Inch TFT LCD Rearview Mirror Monitor And Wireless Night Vision Car Auto Rearview Backup Camera Black", "imUrl": "http://ecx.images-amazon.com/images/I/41uNqHJwbTL._SY300_.jpg", "price": 57.49, "numReviews": 4, "groups": [179], "averageRating": 3.5}, {"asin": "B0037WNONS", "name": "Pyle PLCM36 3.5-Inch Slim TFT LCD Universal Mount Monitor with License Plate Mount Rear-view Night Vision Backup Camera", "imUrl": "http://ecx.images-amazon.com/images/I/41lDYBSGjrL._SY300_.jpg", "price": 43.5, "numReviews": 205, "groups": [131], "averageRating": 3.346341463414634, "brand": "Pyle"}, {"asin": "B004V9G8QQ", "name": "Pyle PLCM37FRV Universal Mount Optional Front View & Rear View Backup Color CMD Camera with Built-In Distance Scale Line", "imUrl": "http://ecx.images-amazon.com/images/I/41tgHt8w%2BoL._SX300_.jpg", "price": 25.98, "numReviews": 15, "groups": [180], "averageRating": 4.066666666666666, "brand": "Pyle"}, {"asin": "B005CAQP48", "name": "BOYO VTL402HD HD Rear View Camera", "imUrl": "http://ecx.images-amazon.com/images/I/214Wpgzzx6L._SX300_.jpg", "price": 90.11, "numReviews": 5, "groups": [181], "averageRating": 3.4}, {"asin": "B002L5U7IW", "name": "BOYO - VTL275", "imUrl": "http://ecx.images-amazon.com/images/I/415AXlyvsEL._SX300_.jpg", "price": 159.95, "numReviews": 2, "groups": [182], "averageRating": 4.0}, {"asin": "B00DVMZ3BU", "name": "High Kick Digital HK-4368P Rearview Backup Camera System", "imUrl": "http://ecx.images-amazon.com/images/I/51m%2B33KWSCL._SX300_.jpg", "price": 69.95, "numReviews": 4, "groups": [183], "averageRating": 3.5}, {"asin": "B0053QI2CE", "name": "Innovatek CAM-09 Chrome Licence Plate Cover Waterproof Wide Angle Car Backup Rear View Color Camera with Night Vision", "imUrl": "http://ecx.images-amazon.com/images/I/21nU1J1NypL.jpg", "price": 44.99, "numReviews": 3, "groups": [184], "averageRating": 3.3333333333333335}, {"asin": "B000NMC11G", "name": "Pioneer Nd-Bc2 Universal Rear View Camera", "imUrl": "http://ecx.images-amazon.com/images/I/41NFruIqbEL._SX300_.jpg", "price": 79.85, "numReviews": 15, "groups": [185], "averageRating": 4.066666666666666}, {"asin": "B005CAQQH4", "name": "BOYO VTL422HD HD Rear View Camera", "imUrl": "http://ecx.images-amazon.com/images/I/31wypCPD25L._SX300_.jpg", "price": 99.75, "numReviews": 4, "groups": [186], "averageRating": 1.75}, {"asin": "B00E8A3Z64", "name": "(CMA0306+CRCA0211) 7\" Car LCD Monitor Mirror + Wireless Ir Reverse Car Rear View Backup Camera Kit", "imUrl": "http://ecx.images-amazon.com/images/I/415RJZxOJiL._SX300_.jpg", "price": 65.97, "numReviews": 5, "groups": [187], "averageRating": 3.0}, {"asin": "B00A1IMRF2", "name": "Pyle PLCM9200 9.2-Inch TFT/LCD Mirror Monitor with License Plate Mount Rearview Backup Color Camera", "imUrl": "http://ecx.images-amazon.com/images/I/412vPbiSguL._SX300_.jpg", "price": 95.0, "numReviews": 3, "groups": [188], "averageRating": 3.3333333333333335, "brand": "Pyle"}, {"asin": "B00F35M1AY", "name": "Hot Sale!!!Belle Brand New Auto Safe Driving Combo: 7 Inch TFT LCD Digital Car Rear View Monitor + Waterproof Car Rear View Camera", "imUrl": "http://ecx.images-amazon.com/images/I/41rqar883FL._SY300_.jpg", "price": 59.88, "numReviews": 4, "groups": [189], "averageRating": 4.75}, {"asin": "B005DHKLEK", "name": "Rear View LCD with Camera and Park Sensor System Night Vision", "imUrl": "http://ecx.images-amazon.com/images/I/51giXZioyaL._SX300_.jpg", "price": 115.98, "numReviews": 7, "groups": [190], "averageRating": 4.285714285714286}, {"asin": "B00A1DIHJW", "name": "Sound Only, 4 Rear Drill-in (White) Sensors Car Backup System (SS4)", "imUrl": "http://ecx.images-amazon.com/images/I/417rCBo5xiL._SX300_.jpg", "price": 29.0, "numReviews": 3, "groups": [5], "averageRating": 4.666666666666667}, {"asin": "B004VM1RRS", "name": "Exonic EXR 400 Rearview Camera with Virtual Overlay Parking Guidelines", "imUrl": "http://ecx.images-amazon.com/images/I/4191TGnL%2B1L._SX300_.jpg", "price": 27.2, "numReviews": 1, "groups": [191], "averageRating": 5.0, "brand": "Exonic"}, {"asin": "B009RIK2B8", "name": "Pyle PLCM4700 4.7-Inch Window Suction Mount TFT/LCD Monitor with License Plate Mount Rearview Backup Camera with Distance Scale Line", "imUrl": "http://ecx.images-amazon.com/images/I/41UVlROWFDL._SX300_.jpg", "price": 60.62, "numReviews": 20, "groups": [192], "averageRating": 3.75, "brand": "Pyle"}, {"asin": "B0091IOD9G", "name": "Alpine HCE-C157D Rear-view camera for select Alpine multimedia receivers or rear-view systems", "imUrl": "http://ecx.images-amazon.com/images/I/41HpYhevsEL._SX300_.jpg", "price": 165.45, "numReviews": 3, "groups": [193], "averageRating": 4.666666666666667}, {"asin": "B004HJ9D4Y", "name": "Pyle PLCM38FRV Universal Mount Optional Front View and Rearview Backup CMD Distance Scale Line Camera", "imUrl": "http://ecx.images-amazon.com/images/I/417QW8C0yaL._SX300_.jpg", "price": 22.99, "numReviews": 22, "groups": [194], "averageRating": 3.4545454545454546, "brand": "Pyle"}, {"asin": "B00BYCFH5Q", "name": "7 Inch 16:9 TFT LCD Widescreen Car Rearview Monitor Mirror And Camera System COMBO with Touch Button Mirror Monitor And Rear-View Night Vision Camera - Complete System - By Metro Fulfillment House", "imUrl": "http://ecx.images-amazon.com/images/I/41zAN6U62aL._SX300_.jpg", "price": 29.92, "numReviews": 2, "groups": [195], "averageRating": 5.0}, {"asin": "B001W6LGGS", "name": "Peak PKC0RB Wireless Back-Up Camera System with 3.5-Inch LCD Color Monitor", "imUrl": "http://ecx.images-amazon.com/images/I/51dN-VeUSBL._SY300_.jpg", "price": 90.19, "numReviews": 285, "groups": [196], "averageRating": 3.5052631578947366, "brand": "Peak"}, {"asin": "B003T91K94", "name": "Night Vision Parking Car Rear View Wide Angle LED Reversing CMOS Camera", "imUrl": "http://ecx.images-amazon.com/images/I/416O-5uI%2BWL._SX300_.jpg", "price": 12.78, "numReviews": 111, "groups": [197], "averageRating": 3.3873873873873874}, {"asin": "B005CTKYB4", "name": "Car Rear Vehicle Backup View Camera (Waterproof)", "imUrl": "http://ecx.images-amazon.com/images/I/51XyY16ktAL._SX300_.jpg", "price": 11.16, "numReviews": 404, "groups": [198], "averageRating": 3.732673267326733, "salesRankCategory": "Electronics", "salesRank": 1233}, {"asin": "B006MQ9KK2", "name": "DC 12V 2.4G Wireless AV Transmitter Receiver Cable For Car Rearview Backup Camera Monitor", "imUrl": "http://ecx.images-amazon.com/images/I/31wPQ80QbFL._SX300_.jpg", "price": 15.09, "numReviews": 1, "groups": [199], "averageRating": 3.0}, {"asin": "B00AWRAYA2", "name": "Front Car Camera |360 Degree Eyeball CCD Waterproof Front Car Camera with Wide Angle", "imUrl": "http://ecx.images-amazon.com/images/I/41prjtF0cYL._SX300_.jpg", "price": 16.0, "numReviews": 24, "groups": [200], "averageRating": 2.625}, {"asin": "B005DSPLBC", "name": "Magellan CPBCKUSGXXX Wireless Back Up Camera", "imUrl": "http://ecx.images-amazon.com/images/I/41xWZ2mQ0mL._SX300_.jpg", "price": 146.41, "numReviews": 47, "groups": [201], "averageRating": 3.021276595744681, "brand": "Magellan"}, {"asin": "B001JT1EX8", "name": "Boyo VTL120 License Plate Camera 1/3 Plastic Black 2.8MM Lens", "imUrl": "http://ecx.images-amazon.com/images/I/41hnlJsvTwL._SX300_.jpg", "price": 117.95, "numReviews": 2, "groups": [202], "averageRating": 5.0, "brand": "Boyo"}, {"asin": "B005XLSZ44", "name": "Rearview Backup Camera System Complete with 7-inch Color Monitor, Weather Proof Camera, 65-ft Harness.", "imUrl": "http://ecx.images-amazon.com/images/I/41wiFrYUj5L._SX300_.jpg", "price": 209.99, "numReviews": 24, "groups": [203], "averageRating": 4.708333333333333}, {"asin": "B0054I7TDO", "name": "TaoTronics\u00ae TT-CC03 Car Rear View Surface Mount Backup Camera with 7 LED Night Vision (Waterproof IP67 / Color CMOS / 135 Degree / Distance Scale Line)", "imUrl": "http://ecx.images-amazon.com/images/I/41jqB4%2B1qmL._SX300_.jpg", "price": 17.99, "numReviews": 11, "groups": [204], "averageRating": 3.5454545454545454}, {"asin": "B0071V68MU", "name": "BOYO VTM4302 4.3-Inch Digital Monitor", "imUrl": "http://ecx.images-amazon.com/images/I/41CzIL3fkML._SX300_.jpg", "price": 99.99, "numReviews": 1, "groups": [205], "averageRating": 4.0}, {"asin": "B005DOWTKC", "name": "TaoTronics\u00ae TT-CC04 Universal Car Rear View Flush Mount Backup Camera (Waterproof IP67 / Color CMOS / 170 Degree Viewing Angle / Silver)", "imUrl": "http://ecx.images-amazon.com/images/I/41E1nrW8u7L._SX300_.jpg", "price": 18.99, "numReviews": 32, "groups": [206], "averageRating": 4.1875}, {"asin": "B005O65MHG", "name": "Scosche RVC1R Wireless Backup Camera", "imUrl": "http://ecx.images-amazon.com/images/I/41ddzuGQ%2BcL._SY300_.jpg", "price": 52.64, "numReviews": 6, "groups": [207], "averageRating": 3.1666666666666665, "brand": "Scosche"}, {"asin": "B00AHPCKMO", "name": "AGPtek 2.4g Wireless Color Video Transmitter and Receiver for Vehicle Rearview Backup Camera/Front Car Camera", "imUrl": "http://ecx.images-amazon.com/images/I/413yBhRqTqL._SY300_.jpg", "price": 10.85, "numReviews": 7, "groups": [208], "averageRating": 4.142857142857143, "brand": "AGPtek"}, {"asin": "B00FPKDRTQ", "name": "BOYO VTK240HD Lip Mount Camera", "imUrl": "http://ecx.images-amazon.com/images/I/419R4czsLcL._SX300_.jpg", "price": 54.99, "numReviews": 2, "groups": [209], "averageRating": 5.0}, {"asin": "B009RIK3EO", "name": "Pyle PLCM7500 7-Inch Window Suction Mount TFT/LCD Video Monitor with Universal Mount Rearview Backup Camera and Distance Scale Line", "imUrl": "http://ecx.images-amazon.com/images/I/41XGxOc3DoL._SX300_.jpg", "price": 81.2, "numReviews": 10, "groups": [210], "averageRating": 3.2, "brand": "Pyle"}, {"asin": "B003CN5NYA", "name": "Pyle PLCMCAMRY Toyota Camry Vehicle Specific Infrared Rear View Backup Camera", "imUrl": "http://ecx.images-amazon.com/images/I/41x0ROEeGxL._SX300_.jpg", "price": 26.93, "numReviews": 2, "groups": [211], "averageRating": 4.0, "brand": "Pyle"}], "links": [{"source": 0, "target": 202, "right": true, "left": false, "value": 1}, {"source": 0, "target": 27, "right": true, "left": false, "value": 1}, {"source": 1, "target": 35, "right": false, "left": true, "value": 1}, {"source": 1, "target": 3, "right": false, "left": true, "value": 1}, {"source": 1, "target": 6, "right": false, "left": true, "value": 1}, {"source": 1, "target": 135, "right": true, "left": true, "value": 1}, {"source": 1, "target": 42, "right": true, "left": true, "value": 1}, {"source": 1, "target": 46, "right": false, "left": true, "value": 1}, {"source": 1, "target": 112, "right": false, "left": true, "value": 1}, {"source": 1, "target": 113, "right": false, "left": true, "value": 1}, {"source": 1, "target": 208, "right": false, "left": true, "value": 1}, {"source": 1, "target": 180, "right": false, "left": true, "value": 1}, {"source": 1, "target": 118, "right": false, "left": true, "value": 1}, {"source": 1, "target": 187, "right": false, "left": true, "value": 1}, {"source": 1, "target": 60, "right": false, "left": true, "value": 1}, {"source": 2, "target": 204, "right": true, "left": false, "value": 1}, {"source": 3, "target": 35, "right": true, "left": true, "value": 1}, {"source": 3, "target": 164, "right": true, "left": false, "value": 1}, {"source": 4, "target": 153, "right": true, "left": false, "value": 1}, {"source": 4, "target": 27, "right": true, "left": false, "value": 1}, {"source": 4, "target": 47, "right": false, "left": true, "value": 1}, {"source": 5, "target": 128, "right": false, "left": true, "value": 1}, {"source": 5, "target": 160, "right": false, "left": true, "value": 1}, {"source": 5, "target": 196, "right": true, "left": true, "value": 1}, {"source": 5, "target": 173, "right": true, "left": false, "value": 1}, {"source": 5, "target": 120, "right": false, "left": true, "value": 1}, {"source": 6, "target": 69, "right": false, "left": true, "value": 1}, {"source": 6, "target": 135, "right": true, "left": true, "value": 1}, {"source": 6, "target": 75, "right": false, "left": true, "value": 1}, {"source": 6, "target": 175, "right": true, "left": true, "value": 1}, {"source": 6, "target": 211, "right": false, "left": true, "value": 1}, {"source": 6, "target": 180, "right": false, "left": true, "value": 1}, {"source": 6, "target": 86, "right": false, "left": true, "value": 1}, {"source": 6, "target": 215, "right": false, "left": true, "value": 1}, {"source": 6, "target": 89, "right": false, "left": true, "value": 1}, {"source": 6, "target": 60, "right": false, "left": true, "value": 1}, {"source": 6, "target": 191, "right": false, "left": true, "value": 1}, {"source": 7, "target": 204, "right": true, "left": false, "value": 1}, {"source": 7, "target": 27, "right": true, "left": false, "value": 1}, {"source": 7, "target": 139, "right": true, "left": false, "value": 1}, {"source": 8, "target": 212, "right": true, "left": false, "value": 1}, {"source": 8, "target": 204, "right": true, "left": false, "value": 1}, {"source": 8, "target": 110, "right": false, "left": true, "value": 1}, {"source": 9, "target": 59, "right": true, "left": false, "value": 1}, {"source": 9, "target": 139, "right": true, "left": false, "value": 1}, {"source": 9, "target": 22, "right": false, "left": true, "value": 1}, {"source": 10, "target": 139, "right": true, "left": false, "value": 1}, {"source": 11, "target": 139, "right": true, "left": false, "value": 1}, {"source": 11, "target": 204, "right": true, "left": false, "value": 1}, {"source": 11, "target": 203, "right": true, "left": false, "value": 1}, {"source": 12, "target": 56, "right": true, "left": false, "value": 1}, {"source": 13, "target": 99, "right": true, "left": false, "value": 1}, {"source": 13, "target": 27, "right": true, "left": false, "value": 1}, {"source": 14, "target": 67, "right": true, "left": false, "value": 1}, {"source": 14, "target": 204, "right": true, "left": false, "value": 1}, {"source": 15, "target": 59, "right": true, "left": false, "value": 1}, {"source": 15, "target": 139, "right": true, "left": false, "value": 1}, {"source": 16, "target": 88, "right": true, "left": false, "value": 1}, {"source": 16, "target": 26, "right": true, "left": false, "value": 1}, {"source": 17, "target": 186, "right": true, "left": false, "value": 1}, {"source": 18, "target": 82, "right": true, "left": false, "value": 1}, {"source": 18, "target": 191, "right": false, "left": true, "value": 1}, {"source": 19, "target": 67, "right": true, "left": false, "value": 1}, {"source": 20, "target": 82, "right": true, "left": false, "value": 1}, {"source": 20, "target": 204, "right": true, "left": false, "value": 1}, {"source": 21, "target": 131, "right": false, "left": true, "value": 1}, {"source": 21, "target": 70, "right": false, "left": true, "value": 1}, {"source": 21, "target": 103, "right": false, "left": true, "value": 1}, {"source": 21, "target": 198, "right": false, "left": true, "value": 1}, {"source": 21, "target": 41, "right": false, "left": true, "value": 1}, {"source": 21, "target": 140, "right": true, "left": false, "value": 1}, {"source": 21, "target": 144, "right": false, "left": true, "value": 1}, {"source": 21, "target": 50, "right": false, "left": true, "value": 1}, {"source": 21, "target": 216, "right": false, "left": true, "value": 1}, {"source": 22, "target": 27, "right": true, "left": false, "value": 1}, {"source": 22, "target": 59, "right": true, "left": false, "value": 1}, {"source": 23, "target": 199, "right": true, "left": false, "value": 1}, {"source": 24, "target": 27, "right": true, "left": false, "value": 1}, {"source": 25, "target": 106, "right": true, "left": false, "value": 1}, {"source": 25, "target": 27, "right": true, "left": false, "value": 1}, {"source": 26, "target": 136, "right": false, "left": true, "value": 1}, {"source": 26, "target": 106, "right": false, "left": true, "value": 1}, {"source": 26, "target": 109, "right": false, "left": true, "value": 1}, {"source": 26, "target": 174, "right": false, "left": true, "value": 1}, {"source": 26, "target": 213, "right": false, "left": true, "value": 1}, {"source": 27, "target": 140, "right": false, "left": true, "value": 1}, {"source": 27, "target": 142, "right": false, "left": true, "value": 1}, {"source": 27, "target": 148, "right": false, "left": true, "value": 1}, {"source": 27, "target": 151, "right": false, "left": true, "value": 1}, {"source": 27, "target": 152, "right": false, "left": true, "value": 1}, {"source": 27, "target": 153, "right": false, "left": true, "value": 1}, {"source": 27, "target": 158, "right": false, "left": true, "value": 1}, {"source": 27, "target": 32, "right": false, "left": true, "value": 1}, {"source": 27, "target": 37, "right": false, "left": true, "value": 1}, {"source": 27, "target": 168, "right": false, "left": true, "value": 1}, {"source": 27, "target": 173, "right": false, "left": true, "value": 1}, {"source": 27, "target": 51, "right": false, "left": true, "value": 1}, {"source": 27, "target": 52, "right": false, "left": true, "value": 1}, {"source": 27, "target": 181, "right": false, "left": true, "value": 1}, {"source": 27, "target": 183, "right": false, "left": true, "value": 1}, {"source": 27, "target": 188, "right": false, "left": true, "value": 1}, {"source": 27, "target": 192, "right": false, "left": true, "value": 1}, {"source": 27, "target": 71, "right": false, "left": true, "value": 1}, {"source": 27, "target": 76, "right": false, "left": true, "value": 1}, {"source": 27, "target": 205, "right": false, "left": true, "value": 1}, {"source": 27, "target": 206, "right": false, "left": true, "value": 1}, {"source": 27, "target": 207, "right": false, "left": true, "value": 1}, {"source": 27, "target": 213, "right": false, "left": true, "value": 1}, {"source": 27, "target": 214, "right": false, "left": true, "value": 1}, {"source": 27, "target": 87, "right": false, "left": true, "value": 1}, {"source": 27, "target": 88, "right": false, "left": true, "value": 1}, {"source": 27, "target": 110, "right": false, "left": true, "value": 1}, {"source": 27, "target": 116, "right": false, "left": true, "value": 1}, {"source": 27, "target": 124, "right": false, "left": true, "value": 1}, {"source": 28, "target": 173, "right": true, "left": false, "value": 1}, {"source": 29, "target": 164, "right": true, "left": false, "value": 1}, {"source": 30, "target": 99, "right": true, "left": false, "value": 1}, {"source": 31, "target": 69, "right": true, "left": false, "value": 1}, {"source": 33, "target": 51, "right": true, "left": false, "value": 1}, {"source": 33, "target": 196, "right": true, "left": false, "value": 1}, {"source": 34, "target": 99, "right": true, "left": false, "value": 1}, {"source": 34, "target": 171, "right": false, "left": true, "value": 1}, {"source": 35, "target": 164, "right": true, "left": false, "value": 1}, {"source": 36, "target": 204, "right": true, "left": false, "value": 1}, {"source": 37, "target": 99, "right": false, "left": true, "value": 1}, {"source": 37, "target": 102, "right": false, "left": true, "value": 1}, {"source": 37, "target": 137, "right": false, "left": true, "value": 1}, {"source": 37, "target": 178, "right": false, "left": true, "value": 1}, {"source": 37, "target": 148, "right": false, "left": true, "value": 1}, {"source": 37, "target": 183, "right": false, "left": true, "value": 1}, {"source": 38, "target": 139, "right": true, "left": false, "value": 1}, {"source": 38, "target": 155, "right": false, "left": true, "value": 1}, {"source": 39, "target": 117, "right": false, "left": true, "value": 1}, {"source": 40, "target": 204, "right": true, "left": false, "value": 1}, {"source": 40, "target": 45, "right": false, "left": true, "value": 1}, {"source": 42, "target": 69, "right": false, "left": true, "value": 1}, {"source": 42, "target": 135, "right": true, "left": true, "value": 1}, {"source": 42, "target": 75, "right": false, "left": true, "value": 1}, {"source": 42, "target": 175, "right": false, "left": true, "value": 1}, {"source": 42, "target": 112, "right": false, "left": true, "value": 1}, {"source": 42, "target": 211, "right": false, "left": true, "value": 1}, {"source": 42, "target": 118, "right": false, "left": true, "value": 1}, {"source": 43, "target": 59, "right": true, "left": false, "value": 1}, {"source": 44, "target": 105, "right": false, "left": true, "value": 1}, {"source": 44, "target": 139, "right": true, "left": false, "value": 1}, {"source": 47, "target": 195, "right": true, "left": false, "value": 1}, {"source": 47, "target": 173, "right": true, "left": false, "value": 1}, {"source": 48, "target": 139, "right": true, "left": false, "value": 1}, {"source": 48, "target": 204, "right": true, "left": false, "value": 1}, {"source": 49, "target": 196, "right": false, "left": true, "value": 1}, {"source": 49, "target": 173, "right": true, "left": false, "value": 1}, {"source": 51, "target": 65, "right": false, "left": true, "value": 1}, {"source": 51, "target": 173, "right": true, "left": false, "value": 1}, {"source": 51, "target": 121, "right": false, "left": true, "value": 1}, {"source": 52, "target": 139, "right": true, "left": false, "value": 1}, {"source": 53, "target": 139, "right": true, "left": false, "value": 1}, {"source": 54, "target": 200, "right": true, "left": false, "value": 1}, {"source": 54, "target": 185, "right": true, "left": false, "value": 1}, {"source": 55, "target": 97, "right": true, "left": false, "value": 1}, {"source": 55, "target": 129, "right": true, "left": false, "value": 1}, {"source": 55, "target": 59, "right": true, "left": false, "value": 1}, {"source": 56, "target": 139, "right": true, "left": false, "value": 1}, {"source": 57, "target": 164, "right": true, "left": false, "value": 1}, {"source": 58, "target": 164, "right": true, "left": false, "value": 1}, {"source": 59, "target": 97, "right": true, "left": false, "value": 1}, {"source": 59, "target": 129, "right": true, "left": false, "value": 1}, {"source": 59, "target": 139, "right": true, "left": false, "value": 1}, {"source": 59, "target": 107, "right": false, "left": true, "value": 1}, {"source": 59, "target": 80, "right": false, "left": true, "value": 1}, {"source": 59, "target": 147, "right": false, "left": true, "value": 1}, {"source": 59, "target": 119, "right": false, "left": true, "value": 1}, {"source": 59, "target": 156, "right": false, "left": true, "value": 1}, {"source": 61, "target": 139, "right": true, "left": false, "value": 1}, {"source": 62, "target": 122, "right": true, "left": false, "value": 1}, {"source": 62, "target": 139, "right": true, "left": false, "value": 1}, {"source": 63, "target": 97, "right": true, "left": false, "value": 1}, {"source": 63, "target": 129, "right": true, "left": false, "value": 1}, {"source": 63, "target": 119, "right": true, "left": false, "value": 1}, {"source": 64, "target": 173, "right": true, "left": false, "value": 1}, {"source": 65, "target": 173, "right": true, "left": false, "value": 1}, {"source": 66, "target": 169, "right": false, "left": true, "value": 1}, {"source": 67, "target": 166, "right": false, "left": true, "value": 1}, {"source": 67, "target": 179, "right": false, "left": true, "value": 1}, {"source": 67, "target": 87, "right": false, "left": true, "value": 1}, {"source": 68, "target": 140, "right": true, "left": false, "value": 1}, {"source": 69, "target": 75, "right": false, "left": true, "value": 1}, {"source": 70, "target": 204, "right": true, "left": false, "value": 1}, {"source": 72, "target": 140, "right": true, "left": false, "value": 1}, {"source": 73, "target": 129, "right": true, "left": false, "value": 1}, {"source": 73, "target": 139, "right": true, "left": false, "value": 1}, {"source": 74, "target": 122, "right": true, "left": false, "value": 1}, {"source": 74, "target": 140, "right": true, "left": false, "value": 1}, {"source": 77, "target": 88, "right": true, "left": false, "value": 1}, {"source": 77, "target": 205, "right": true, "left": false, "value": 1}, {"source": 78, "target": 128, "right": true, "left": false, "value": 1}, {"source": 78, "target": 173, "right": true, "left": false, "value": 1}, {"source": 79, "target": 173, "right": true, "left": false, "value": 1}, {"source": 80, "target": 204, "right": true, "left": false, "value": 1}, {"source": 81, "target": 139, "right": true, "left": false, "value": 1}, {"source": 81, "target": 204, "right": true, "left": false, "value": 1}, {"source": 82, "target": 140, "right": false, "left": true, "value": 1}, {"source": 82, "target": 144, "right": false, "left": true, "value": 1}, {"source": 82, "target": 209, "right": false, "left": true, "value": 1}, {"source": 82, "target": 90, "right": false, "left": true, "value": 1}, {"source": 82, "target": 126, "right": false, "left": true, "value": 1}, {"source": 83, "target": 202, "right": true, "left": false, "value": 1}, {"source": 84, "target": 124, "right": true, "left": false, "value": 1}, {"source": 85, "target": 161, "right": false, "left": true, "value": 1}, {"source": 86, "target": 175, "right": true, "left": true, "value": 1}, {"source": 86, "target": 135, "right": true, "left": false, "value": 1}, {"source": 87, "target": 184, "right": true, "left": false, "value": 1}, {"source": 87, "target": 166, "right": false, "left": true, "value": 1}, {"source": 90, "target": 130, "right": true, "left": true, "value": 1}, {"source": 91, "target": 204, "right": true, "left": false, "value": 1}, {"source": 92, "target": 114, "right": true, "left": false, "value": 1}, {"source": 92, "target": 190, "right": false, "left": true, "value": 1}, {"source": 92, "target": 167, "right": false, "left": true, "value": 1}, {"source": 93, "target": 200, "right": true, "left": false, "value": 1}, {"source": 93, "target": 185, "right": true, "left": false, "value": 1}, {"source": 93, "target": 206, "right": true, "left": false, "value": 1}, {"source": 94, "target": 133, "right": true, "left": false, "value": 1}, {"source": 95, "target": 198, "right": true, "left": false, "value": 1}, {"source": 96, "target": 139, "right": true, "left": false, "value": 1}, {"source": 96, "target": 204, "right": true, "left": false, "value": 1}, {"source": 97, "target": 129, "right": true, "left": false, "value": 1}, {"source": 97, "target": 147, "right": false, "left": true, "value": 1}, {"source": 97, "target": 119, "right": false, "left": true, "value": 1}, {"source": 98, "target": 210, "right": true, "left": false, "value": 1}, {"source": 98, "target": 162, "right": true, "left": false, "value": 1}, {"source": 98, "target": 204, "right": true, "left": false, "value": 1}, {"source": 99, "target": 104, "right": false, "left": true, "value": 1}, {"source": 99, "target": 171, "right": false, "left": true, "value": 1}, {"source": 100, "target": 204, "right": true, "left": false, "value": 1}, {"source": 101, "target": 175, "right": true, "left": false, "value": 1}, {"source": 102, "target": 153, "right": true, "left": false, "value": 1}, {"source": 103, "target": 204, "right": true, "left": false, "value": 1}, {"source": 107, "target": 204, "right": true, "left": false, "value": 1}, {"source": 108, "target": 139, "right": true, "left": false, "value": 1}, {"source": 110, "target": 212, "right": true, "left": false, "value": 1}, {"source": 111, "target": 184, "right": true, "left": false, "value": 1}, {"source": 111, "target": 202, "right": true, "left": false, "value": 1}, {"source": 112, "target": 180, "right": false, "left": true, "value": 1}, {"source": 114, "target": 139, "right": true, "left": false, "value": 1}, {"source": 114, "target": 190, "right": false, "left": true, "value": 1}, {"source": 114, "target": 167, "right": false, "left": true, "value": 1}, {"source": 115, "target": 139, "right": true, "left": false, "value": 1}, {"source": 115, "target": 156, "right": false, "left": true, "value": 1}, {"source": 117, "target": 204, "right": true, "left": false, "value": 1}, {"source": 119, "target": 129, "right": true, "left": false, "value": 1}, {"source": 120, "target": 173, "right": true, "left": false, "value": 1}, {"source": 121, "target": 196, "right": true, "left": false, "value": 1}, {"source": 121, "target": 173, "right": true, "left": false, "value": 1}, {"source": 122, "target": 132, "right": false, "left": true, "value": 1}, {"source": 122, "target": 139, "right": true, "left": false, "value": 1}, {"source": 122, "target": 123, "right": false, "left": true, "value": 1}, {"source": 124, "target": 153, "right": true, "left": false, "value": 1}, {"source": 125, "target": 139, "right": true, "left": false, "value": 1}, {"source": 126, "target": 204, "right": true, "left": false, "value": 1}, {"source": 127, "target": 139, "right": true, "left": false, "value": 1}, {"source": 128, "target": 173, "right": true, "left": false, "value": 1}, {"source": 129, "target": 138, "right": false, "left": true, "value": 1}, {"source": 129, "target": 139, "right": true, "left": false, "value": 1}, {"source": 129, "target": 156, "right": false, "left": true, "value": 1}, {"source": 131, "target": 140, "right": true, "left": false, "value": 1}, {"source": 132, "target": 177, "right": true, "left": false, "value": 1}, {"source": 132, "target": 140, "right": true, "left": false, "value": 1}, {"source": 133, "target": 184, "right": true, "left": true, "value": 1}, {"source": 134, "target": 173, "right": true, "left": false, "value": 1}, {"source": 136, "target": 139, "right": true, "left": false, "value": 1}, {"source": 137, "target": 139, "right": true, "left": false, "value": 1}, {"source": 139, "target": 145, "right": false, "left": true, "value": 1}, {"source": 139, "target": 150, "right": false, "left": true, "value": 1}, {"source": 139, "target": 155, "right": false, "left": true, "value": 1}, {"source": 139, "target": 172, "right": false, "left": true, "value": 1}, {"source": 139, "target": 185, "right": false, "left": true, "value": 1}, {"source": 139, "target": 188, "right": false, "left": true, "value": 1}, {"source": 139, "target": 200, "right": false, "left": true, "value": 1}, {"source": 139, "target": 204, "right": false, "left": true, "value": 1}, {"source": 139, "target": 210, "right": false, "left": true, "value": 1}, {"source": 139, "target": 212, "right": false, "left": true, "value": 1}, {"source": 139, "target": 215, "right": false, "left": true, "value": 1}, {"source": 139, "target": 217, "right": false, "left": true, "value": 1}, {"source": 140, "target": 194, "right": false, "left": true, "value": 1}, {"source": 140, "target": 144, "right": false, "left": true, "value": 1}, {"source": 140, "target": 209, "right": false, "left": true, "value": 1}, {"source": 141, "target": 204, "right": true, "left": false, "value": 1}, {"source": 143, "target": 173, "right": true, "left": false, "value": 1}, {"source": 145, "target": 204, "right": true, "left": false, "value": 1}, {"source": 146, "target": 161, "right": true, "left": false, "value": 1}, {"source": 149, "target": 210, "right": true, "left": false, "value": 1}, {"source": 153, "target": 192, "right": false, "left": true, "value": 1}, {"source": 153, "target": 183, "right": false, "left": true, "value": 1}, {"source": 154, "target": 173, "right": true, "left": false, "value": 1}, {"source": 157, "target": 204, "right": true, "left": false, "value": 1}, {"source": 158, "target": 184, "right": true, "left": false, "value": 1}, {"source": 158, "target": 166, "right": true, "left": false, "value": 1}, {"source": 159, "target": 189, "right": false, "left": true, "value": 1}, {"source": 162, "target": 200, "right": true, "left": false, "value": 1}, {"source": 162, "target": 185, "right": true, "left": false, "value": 1}, {"source": 162, "target": 204, "right": true, "left": false, "value": 1}, {"source": 163, "target": 204, "right": true, "left": false, "value": 1}, {"source": 164, "target": 175, "right": true, "left": false, "value": 1}, {"source": 164, "target": 187, "right": false, "left": true, "value": 1}, {"source": 165, "target": 204, "right": true, "left": false, "value": 1}, {"source": 166, "target": 184, "right": true, "left": false, "value": 1}, {"source": 170, "target": 200, "right": true, "left": false, "value": 1}, {"source": 170, "target": 204, "right": true, "left": false, "value": 1}, {"source": 172, "target": 203, "right": true, "left": false, "value": 1}, {"source": 173, "target": 196, "right": false, "left": true, "value": 1}, {"source": 173, "target": 176, "right": false, "left": true, "value": 1}, {"source": 173, "target": 188, "right": false, "left": true, "value": 1}, {"source": 179, "target": 204, "right": true, "left": false, "value": 1}, {"source": 182, "target": 204, "right": true, "left": false, "value": 1}, {"source": 185, "target": 200, "right": true, "left": false, "value": 1}, {"source": 185, "target": 206, "right": false, "left": true, "value": 1}, {"source": 185, "target": 217, "right": false, "left": true, "value": 1}, {"source": 193, "target": 216, "right": true, "left": false, "value": 1}, {"source": 197, "target": 204, "right": true, "left": false, "value": 1}, {"source": 198, "target": 216, "right": false, "left": true, "value": 1}, {"source": 200, "target": 206, "right": false, "left": true, "value": 1}, {"source": 201, "target": 204, "right": true, "left": false, "value": 1}, {"source": 203, "target": 210, "right": false, "left": true, "value": 1}, {"source": 203, "target": 204, "right": true, "left": false, "value": 1}]}