{"nodes": [{"asin": "B000NOR89Y", "name": "Sennheiser  PC 151 Binaural Headset with Noise-Canceling Microphone & Volume Control", "imUrl": "http://ecx.images-amazon.com/images/I/3184eHbWQ6L._SX300_.jpg", "price": 45.78, "numReviews": 250, "groups": [0], "averageRating": 4.048, "brand": "Sennheiser"}, {"asin": "B007CS9WYI", "name": "Razer Tiamat Over Ear 7.1 Surround Sound PC Gaming Headset", "imUrl": "http://ecx.images-amazon.com/images/I/41qk7mz689L._SX300_.jpg", "price": 189.99, "numReviews": 184, "groups": [1], "averageRating": 3.717391304347826, "brand": "Razer"}, {"asin": "B0080DHIPY", "name": "Everydaysource Black VOIP / SKYPE Handsfree Headset [with Microphone ]", "imUrl": "http://ecx.images-amazon.com/images/I/51YRxQK7qRL._SY300_.jpg", "price": 10.45, "numReviews": 16, "groups": [2], "averageRating": 3.625}, {"asin": "B00906E7PO", "name": "Microsoft LifeChat LX-2000 Headset", "imUrl": "http://ecx.images-amazon.com/images/I/31SLsytmifL._SX300_.jpg", "price": 16.5, "numReviews": 7, "groups": [3], "averageRating": 3.7142857142857144, "brand": "Microsoft"}, {"asin": "B00C4PHAKW", "name": "Meiego Stereo USB Computer Laptop Headphone Headset with Microphone Music Palyer Volume + - Mute Control for Lifechat Skype Voip MSN Chatting (USB Headset with Microphone Lifechat)", "imUrl": "http://ecx.images-amazon.com/images/I/41k4eKOxLwL._SY300_.jpg", "price": 10.99, "numReviews": 5, "groups": [4], "averageRating": 2.4}, {"asin": "B0007LBVDC", "name": "Stereo Headset with Mic", "imUrl": "http://ecx.images-amazon.com/images/I/31urd47F%2B0L.jpg", "price": 12.68, "numReviews": 4, "groups": [5], "averageRating": 3.0}, {"asin": "B00C8PWYOU", "name": "E-BLUE MAZER TYPE-X 909 EHS001BK Pro Gaming Headset (English packing)", "imUrl": "http://ecx.images-amazon.com/images/I/41hoUC3YLmL._SY300_.jpg", "price": 64.95, "numReviews": 1, "groups": [6], "averageRating": 2.0, "brand": "E-BLUE"}, {"asin": "B002EC37U2", "name": "Frisby Super Bass Computer PC Laptop Notebook Headphone Headset with Noise Canceling Microphone", "imUrl": "http://ecx.images-amazon.com/images/I/41uveFXKdpL._SY300_.jpg", "price": 14.95, "numReviews": 13, "groups": [7], "averageRating": 3.230769230769231}, {"asin": "B00B2ANCYI", "name": "Plantronics .Audio 648 Headset. .AUDIO 648 USB NOISE CANCELLING WITH MIC. Stereo - USB - Wired - 20 Hz - 20 kHz - Behind-the-neck - Semi-open - 6.56 ft Cable - Noise Cancelling Microphone", "imUrl": "http://ecx.images-amazon.com/images/I/315DeDZQSsL.jpg", "price": 33.45, "numReviews": 2, "groups": [8], "averageRating": 2.5, "brand": "Plantronics"}, {"asin": "B008EQ1FVU", "name": "Genius GX-Gaming Cavimanus Virtual 7.1 Channel Gaming Headset (HS-G700V)", "imUrl": "http://ecx.images-amazon.com/images/I/41-lmrLSalL._SY300_.jpg", "price": 56.99, "numReviews": 40, "groups": [9], "averageRating": 4.275, "brand": "Genius"}, {"asin": "B008KCPNB6", "name": "BestDealUSA 3.5mm Headphone Headset with Microphone Black for PC Laptop Computer", "imUrl": "http://ecx.images-amazon.com/images/I/41fMoDljTrL._SY300_.jpg", "price": 12.99, "numReviews": 4, "groups": [10], "averageRating": 3.0, "brand": "BestDealUSA"}, {"asin": "B005MJU1DA", "name": "Creative Sound Blaster Tactic 3D Wrath Wireless Gaming Headset for PC and Mac with THX Studio Pro (GH0180)", "imUrl": "http://ecx.images-amazon.com/images/I/41qGi089QFL._SY300_.jpg", "price": 108.99, "numReviews": 122, "groups": [11], "averageRating": 3.9262295081967213}, {"asin": "B009CK5KBS", "name": "BestDealUSA Headset with Mic for PCs/Laptops etc", "imUrl": "http://ecx.images-amazon.com/images/I/417NMuGGdkL._SY300_.jpg", "price": 1.31, "numReviews": 1, "groups": [12], "averageRating": 1.0, "brand": "BestDealUSA"}, {"asin": "B00CM37YGQ", "name": "Syba Over-Ear PC Headphone with Inline Microphone (SY-AUD63043)", "imUrl": "http://ecx.images-amazon.com/images/I/41pyUeYeJuL._SY300_.jpg", "price": 33.24, "numReviews": 9, "groups": [13], "averageRating": 5.0}, {"asin": "B00022OBT2", "name": "Sennheiser  CC540 Lightweight Binaural Headset with Noise-Canceling Microphone & Adjustable Headband", "imUrl": "http://ecx.images-amazon.com/images/I/21QH90WDD5L.jpg", "price": 134.33, "numReviews": 5, "groups": [14], "averageRating": 3.2, "brand": "Sennheiser"}, {"asin": "B008SJ9F7Y", "name": "SODIAL(TM) Skype Earphone Headset Mic Microphone PC MSN YAHOO", "imUrl": "http://ecx.images-amazon.com/images/I/21ImLf7kHpL._SY300_.jpg", "price": 3.42, "numReviews": 5, "groups": [15], "averageRating": 3.0, "brand": "SODIAL(TM)"}, {"asin": "B00IM36VU0", "name": "Sennheiser PCV 05 Combo Audio Adapter", "imUrl": "http://ecx.images-amazon.com/images/I/41QUvxEpI3L._SY300_.jpg", "price": 14.31, "numReviews": 3, "groups": [16], "averageRating": 5.0}, {"asin": "B002AVXIUG", "name": "Jabra BIZ 1900 USB Mono  USB Corded Headset for Softphone", "imUrl": "http://ecx.images-amazon.com/images/I/41SdiI5BR9L._SY300_.jpg", "price": 50.25, "numReviews": 7, "groups": [17], "averageRating": 2.857142857142857, "brand": "Jabra"}, {"asin": "B002OK9I5C", "name": "For LG Xenon GR500 Headset micro USB Controls NEW", "imUrl": "http://ecx.images-amazon.com/images/I/319BsQZMo9L._SY300_.jpg", "price": 4.99, "numReviews": 10, "groups": [18], "averageRating": 3.3}, {"asin": "B0013NPWWE", "name": "Logitech OEM PC 860 Stereo Headset", "imUrl": "http://ecx.images-amazon.com/images/I/31uuGYDUHbL._SY300_.jpg", "price": 19.66, "numReviews": 1, "groups": [19], "averageRating": 5.0, "brand": "Logitech"}, {"asin": "B0049MOF3S", "name": "Sony DR-320DPV/BLK PC Audio Headset (Black)", "imUrl": "http://ecx.images-amazon.com/images/I/31CS2ZREpjL._SY300_.jpg", "price": 35.03, "numReviews": 3, "groups": [20], "averageRating": 3.3333333333333335, "brand": "Sony"}, {"asin": "B003554BP2", "name": "Plantronics .Audio 476, DSP, PC Headset", "imUrl": "http://ecx.images-amazon.com/images/I/31NHqHR7siL._SY300_.jpg", "price": 19.99, "numReviews": 83, "groups": [21], "averageRating": 4.132530120481928, "brand": "Plantronics"}, {"asin": "B0002IA33Y", "name": "Sennheiser  PC 146 Gaming Headset with Adjustable Boom Mic", "imUrl": "http://ecx.images-amazon.com/images/I/31dRsogszNL._SX300_.jpg", "price": 34.25, "numReviews": 9, "groups": [22], "averageRating": 3.7777777777777777}, {"asin": "B00BHSTXSY", "name": "SteelSeries Flux In-Ear Headset for Gaming and Music", "imUrl": "http://ecx.images-amazon.com/images/I/21j-2HwkzbL._SX300_.jpg", "price": 44.0, "numReviews": 55, "groups": [23], "averageRating": 3.981818181818182, "brand": "SteelSeries"}, {"asin": "B000234N0S", "name": "Inland 87076 USB Powered Bass Vibration Headset", "imUrl": "http://ecx.images-amazon.com/images/I/51qcOhYiQzL._SX300_.jpg", "price": 22.99, "numReviews": 48, "groups": [24], "averageRating": 4.0625, "brand": "Inland"}, {"asin": "B0000DCRHA", "name": "Sennheiser PC 150 Binaural Headset with Noise-Canceling Microphone and PC/Laptop connectors (Discontinued by Manufacturer)", "imUrl": "http://ecx.images-amazon.com/images/I/41YAQHD67DL._SY300_.jpg", "price": 45.78, "numReviews": 132, "groups": [25], "averageRating": 4.196969696969697}, {"asin": "B000FKP4N8", "name": "Altec Lansing AHS-212 Headset with Microphone, VoIP, Video Conferencing, Interactive Training, Speech Recognition, Music (Compatible with Skype, Yahoo, MSN, AOL)", "imUrl": "http://ecx.images-amazon.com/images/I/41xi8Kk049L._SY300_.jpg", "price": 39.99, "numReviews": 3, "groups": [26], "averageRating": 2.6666666666666665}, {"asin": "B000O554FM", "name": "Sennheiser  PC141 On-Ear Headset with Noise-Cancelling Microphone", "imUrl": "http://ecx.images-amazon.com/images/I/31B2mEqu0DL._SX300_.jpg", "price": 42.57, "numReviews": 15, "groups": [27], "averageRating": 3.466666666666667, "brand": "Sennheiser"}, {"asin": "B000OAHOVO", "name": "Logitech Stereo Headset H230", "imUrl": "http://ecx.images-amazon.com/images/I/41COD%2BLmgTL._SX300_.jpg", "price": 30.19, "numReviews": 281, "groups": [28, 29], "averageRating": 3.4377224199288254, "brand": "Logitech"}, {"asin": "B003N2R9BA", "name": "Andrea Electronics ANC-700 Monaural Analog PC Headset with Microphone", "imUrl": "http://ecx.images-amazon.com/images/I/21pbv-XbN-L._SY300_.jpg", "price": 49.59, "numReviews": 1, "groups": [30], "averageRating": 4.0, "brand": "Andrea Electronics"}, {"asin": "B000RPGI3G", "name": "Coby Hands-Free Headset with Boom Microphone CVM251 (White)", "imUrl": "http://ecx.images-amazon.com/images/I/41JERSXhgaL._SY300_.jpg", "price": 14.99, "numReviews": 6, "groups": [31], "averageRating": 2.6666666666666665}, {"asin": "B00JJNQG98", "name": "HyperX Cloud Gaming Headset - Black (KHX-H3CL/WR)", "imUrl": "http://ecx.images-amazon.com/images/I/411KTho3I6L._SY300_.jpg", "price": 90.08, "numReviews": 51, "groups": [32], "averageRating": 4.823529411764706}, {"asin": "B000TYQPSS", "name": "Logitech Internet Chat Headset", "imUrl": "http://ecx.images-amazon.com/images/I/41296n5Bl3L._SY300_.jpg", "price": 7.94, "numReviews": 2, "groups": [33], "averageRating": 3.0}, {"asin": "B00CVMO466", "name": "Computer Pc Laptop Headphone Headset With Microphone (BLACK)VPX9", "imUrl": "http://ecx.images-amazon.com/images/I/519mNKjMncL._SY300_.jpg", "price": 33.24, "numReviews": 4, "groups": [34], "averageRating": 2.5}, {"asin": "B000UNLZZ6", "name": "Plantronic Behind the head multimedia set", "imUrl": "http://ecx.images-amazon.com/images/I/41YISq8EqwL._SY300_.jpg", "price": 20.73, "numReviews": 12, "groups": [35], "averageRating": 3.75}, {"asin": "B005HMCCNE", "name": "Razer Electra Over Ear PC and Music Headset - Green", "imUrl": "http://ecx.images-amazon.com/images/I/41TFZPzZUvL._SY300_.jpg", "price": 48.14, "numReviews": 338, "groups": [36], "averageRating": 4.393491124260355, "brand": "Razer"}, {"asin": "B008ZT7XT4", "name": "SteelSeries Flux Gaming Headset for PC, Mac, and Mobile Devices (Black)", "imUrl": "http://ecx.images-amazon.com/images/I/41Zqygv6d0L._SY300_.jpg", "price": 68.0, "numReviews": 22, "groups": [37], "averageRating": 4.2727272727272725, "brand": "SteelSeries"}, {"asin": "B00EUY5AEI", "name": "Plantronics RIG Stereo Gaming Headset with Mixer for PC/Mac - Retail Packaging - Black", "imUrl": "http://ecx.images-amazon.com/images/I/41E%2BUOaiE6L._SY300_.jpg", "price": 99.99, "numReviews": 45, "groups": [38], "averageRating": 4.288888888888889}, {"asin": "B008QVQXYM", "name": "Plantronics GameCom Commander Gaming Headset - Frustration Free Packaging", "imUrl": "http://ecx.images-amazon.com/images/I/41Zd%2B7pVdpL._SY300_.jpg", "price": 99.95, "numReviews": 46, "groups": [39], "averageRating": 3.6956521739130435}, {"asin": "B003A7BBRQ", "name": "Audio-Technica Solid Bass Over-Ear Headphones", "imUrl": "http://ecx.images-amazon.com/images/I/41j0ZnUZvwL._SY300_.jpg", "price": 29.99, "numReviews": 74, "groups": [40], "averageRating": 4.0675675675675675, "brand": "Audio-Technica"}, {"asin": "B0050GIHL8", "name": "Neewer PC Computer Laptop Ear Hook Headphone Headset w/ Mic microphone", "imUrl": "http://ecx.images-amazon.com/images/I/417NMuGGdkL._SY300_.jpg", "price": 5.09, "numReviews": 25, "groups": [41], "averageRating": 2.76, "brand": "Neewer"}, {"asin": "B0040QMB8O", "name": "Logitech Wireless Headset F540 with Stereo Game Audio", "imUrl": "http://ecx.images-amazon.com/images/I/41KxO22OoFL._SY300_.jpg", "price": 123.99, "numReviews": 171, "groups": [42], "averageRating": 3.9941520467836256}, {"asin": "B005MOPW98", "name": "TekNmotion Intruder Gaming Headset for Tablets, Smartphones, PC and Mac", "imUrl": "http://ecx.images-amazon.com/images/I/416UTlpDlbL._SY300_.jpg", "price": 45.64, "numReviews": 30, "groups": [43], "averageRating": 3.7333333333333334, "brand": "TekNmotion"}, {"asin": "B00B1KKZEE", "name": "Plantronics .Audio 995 Wireless Stereo Headset - Frustration Free Packaging", "imUrl": "http://ecx.images-amazon.com/images/I/41c%2BZ7583TL._SY300_.jpg", "price": 50.3, "numReviews": 47, "groups": [44], "averageRating": 3.978723404255319}, {"asin": "B000J2GCS8", "name": "Philips SHM3300/37 Lightweight Multimedia Headset", "imUrl": "http://ecx.images-amazon.com/images/I/41Oqpb3UfrL._SY300_.jpg", "price": 10.99, "numReviews": 5, "groups": [45], "averageRating": 3.8}, {"asin": "B006ZS5AQA", "name": "Plantronics GameCom 380 Stereo PC Gaming Headset - Frustration Free Packaging", "imUrl": "http://ecx.images-amazon.com/images/I/41L6unf16BL._SY300_.jpg", "price": 46.99, "numReviews": 150, "groups": [46], "averageRating": 4.2}, {"asin": "B00E3OTX3E", "name": "Doinshop Black Sm-750mv 3.5mm Headphone Headset Microphone for Computer Pc Laptop/notebook New", "imUrl": "http://ecx.images-amazon.com/images/I/41x3m11gZ6L._SY300_.jpg", "price": 5.96, "numReviews": 4, "groups": [47], "averageRating": 4.75}, {"asin": "B0002EXK2Y", "name": "Sennheiser CC 520 Binaural Headset with Ultra Noise-Canceling Microphone and Boom (Discontinued by Manufacturer)", "imUrl": "http://ecx.images-amazon.com/images/I/41TcN5k4KIL._SY300_.jpg", "price": 122.0, "numReviews": 5, "groups": [48], "averageRating": 3.4, "brand": "Sennheiser"}, {"asin": "B00EXPNGCM", "name": "Corsair Vengeance 1400 Gaming Headset (V1400)", "imUrl": "http://ecx.images-amazon.com/images/I/41RpYy%2Br1UL._SY300_.jpg", "price": 59.39, "numReviews": 273, "groups": [49], "averageRating": 3.8754578754578755, "brand": "Corsair"}, {"asin": "B004K417RC", "name": "Andrea Electronic NC-181VM High Fidelity Monaural PC Headset With Noise Canceling Microphone", "imUrl": "http://ecx.images-amazon.com/images/I/318RWW9OlDL._SY300_.jpg", "price": 19.96, "numReviews": 8, "groups": [50], "averageRating": 4.25}, {"asin": "B007BGF8N0", "name": "Coby CV470 jammerz Gamers Universal Multimedia/PC Headphones (Discontinued by Manufacturer)", "imUrl": "http://ecx.images-amazon.com/images/I/41VyQ7gBB2L._SY300_.jpg", "price": 26.5, "numReviews": 24, "groups": [51], "averageRating": 3.4166666666666665}, {"asin": "B005KAK36Q", "name": "Creative Sound Blaster Tactic360 Ion Stereo Amplifier and USB Gaming Headset for PC, Mac, and Xbox 360 (GH0210)", "imUrl": "http://ecx.images-amazon.com/images/I/31YVmebwQiL._SY300_.jpg", "price": 47.88, "numReviews": 7, "groups": [52], "averageRating": 3.2857142857142856, "brand": "Creative"}, {"asin": "B00409SOBO", "name": "Mad Catz CD79051100A1/04/1 Call of Duty: Black Ops Dolby Digital True 5.1 ProGaming Headset for PC - Powered by TRITTON", "imUrl": "http://ecx.images-amazon.com/images/I/41AXADnwEmL._SY300_.jpg", "price": 49.99, "numReviews": 18, "groups": [53], "averageRating": 4.611111111111111}, {"asin": "B0067ZULWE", "name": "SmackTom(TM) PC Headset Headphone Computer Earphone Microphone Mic for Skype MSN GTALK [Retail Packaging]", "imUrl": "http://ecx.images-amazon.com/images/I/41U5PfdktAL._SY300_.jpg", "price": 3.22, "numReviews": 1, "groups": [54], "averageRating": 2.0}, {"asin": "B005OMW1FG", "name": "Tek Republic TH Pro Virtual 7.1 Surround Sound Circumaural USB Gaming Headset", "imUrl": "http://ecx.images-amazon.com/images/I/41pHar8bcXL._SY300_.jpg", "price": 35.0, "numReviews": 47, "groups": [55], "averageRating": 4.212765957446808}, {"asin": "B000053VYD", "name": "Labtec Axis-302 PC Stereo Headset with Boom Microphone", "imUrl": "http://ecx.images-amazon.com/images/I/419B5PJ8DVL._SY300_.jpg", "price": 5.99, "numReviews": 5, "groups": [56], "averageRating": 3.6}, {"asin": "B007KJ1TIQ", "name": "Cyber Acoustics Premium Stereo Gaming Headset (AC-9628)", "imUrl": "http://ecx.images-amazon.com/images/I/41gdqnyDbJL._SX300_.jpg", "price": 33.24, "numReviews": 40, "groups": [57], "averageRating": 3.75}, {"asin": "B007ZZ6OW6", "name": "Corsair Vengeance 2000 Wireless 7.1 Gaming Headset (CA-9011115-NA)", "imUrl": "http://ecx.images-amazon.com/images/I/41G27iG7wXL._SY300_.jpg", "price": 239.99, "numReviews": 272, "groups": [58], "averageRating": 3.452205882352941}, {"asin": "B009SJR2B4", "name": "Razer BlackShark Over Ear Noise Isolating PC Gaming Headset", "imUrl": "http://ecx.images-amazon.com/images/I/41B--ZImCCL._SX300_.jpg", "price": 64.99, "numReviews": 104, "groups": [59], "averageRating": 4.028846153846154}, {"asin": "B00GWU8FTK", "name": "Sennheiser G4ME ONE PC Gaming Headset, White", "imUrl": "http://ecx.images-amazon.com/images/I/41guGzIj-lL._SY300_.jpg", "price": 204.29, "numReviews": 18, "groups": [60], "averageRating": 4.666666666666667, "brand": "Sennheiser"}, {"asin": "B000063ILQ", "name": "Logitech 980118 Cordless Freedom Headset for Internet Communications with NCAT2 and Boom Microphone", "imUrl": "http://ecx.images-amazon.com/images/I/41CAVSTMM3L._SY300_.jpg", "price": 65.99, "numReviews": 3, "groups": [61], "averageRating": 3.3333333333333335}, {"asin": "B002YHAX1I", "name": "FreeTalk Wireless Headset and Microphone for Video Calls (TALK-5192)", "imUrl": "http://ecx.images-amazon.com/images/I/41i1lMPH6DL._SY300_.jpg", "price": 65.99, "numReviews": 24, "groups": [62], "averageRating": 2.7083333333333335}, {"asin": "B006GTDA7Y", "name": "Logitech BH420 USB Padded On-ear Headset", "imUrl": "http://ecx.images-amazon.com/images/I/31RA-fHG0WL._SX300_.jpg", "price": 29.99, "numReviews": 2, "groups": [63], "averageRating": 4.0, "brand": "Logitech"}, {"asin": "B00CQ35C1Q", "name": "Logitech G430 Surround Sound Gaming Headset with Dolby 7.1 Technology", "imUrl": "http://ecx.images-amazon.com/images/I/41uTJ%2BpyZ-L._SY300_.jpg", "price": 69.9, "numReviews": 398, "groups": [32], "averageRating": 4.13819095477387, "brand": "Logitech"}, {"asin": "B00GM2K474", "name": "Logitech Stereo Headset H110 OEM in Bulk", "imUrl": "http://ecx.images-amazon.com/images/I/41lzyCk%2BMtL._SY300_.jpg", "price": 7.99, "numReviews": 2, "groups": [64], "averageRating": 3.0}, {"asin": "B00JGPRY8Q", "name": "E'max\u00ae I50 Lightweight Portable Stereo Headphones Headset Earphones for MP3,MP4,PC,Tablet,Most Smartphone White", "imUrl": "http://ecx.images-amazon.com/images/I/41jR1%2BBC0HL._SY300_.jpg", "price": 15.99, "numReviews": 7, "groups": [65], "averageRating": 4.571428571428571}, {"asin": "B000K8PH5U", "name": "MANHATTAN Behind-the-Neck Stereo Headset with Flexible Boom Microphone and In-Line Volume Control (175524)", "imUrl": "http://ecx.images-amazon.com/images/I/31wgaDJA5ML._SX300_.jpg", "price": 5.48, "numReviews": 2, "groups": [66], "averageRating": 3.0}, {"asin": "B006W41W7S", "name": "Turtle Beach Ear Force Z11 PC Gaming Headset", "imUrl": "http://ecx.images-amazon.com/images/I/41%2BVNXSkyYL._SY300_.jpg", "price": 36.02, "numReviews": 986, "groups": [67], "averageRating": 3.7231237322515214, "brand": "Turtle Beach"}, {"asin": "B00GM8793A", "name": "SADES SA-708 Gaming Headset with Mic & Remoter(for volume and mic), Over-Ear Headset (Black+Blue)", "imUrl": "http://ecx.images-amazon.com/images/I/41XZJzCUyFL._SX300_.jpg", "price": 18.15, "numReviews": 55, "groups": [68], "averageRating": 3.5272727272727273}, {"asin": "B00IWH752Y", "name": "ZPS SADES SA-901 Stereo 7.1 Surround Pro Gaming Headset Headband Headphone Microphone(Multicolor) (blue)", "imUrl": "http://ecx.images-amazon.com/images/I/41ReGIY0VWL._SY300_.jpg", "price": 34.99, "numReviews": 1, "groups": [69], "averageRating": 5.0}, {"asin": "B00J5BP4G0", "name": "Andget Sades A-60 USB Stereo Headphone Gaming Headset with Microphone 50mm Driver 7.1 Surround Sound LED Logo Black and Blue", "imUrl": "http://ecx.images-amazon.com/images/I/41D9pe36PBL._SY300_.jpg", "price": 53.43, "numReviews": 8, "groups": [70], "averageRating": 4.5, "brand": "Andget"}, {"asin": "B0007ZFM38", "name": "Logitech Stereo USB Headset 250", "imUrl": "http://ecx.images-amazon.com/images/I/4113N250CEL._SY300_.jpg", "price": 34.29, "numReviews": 137, "groups": [71], "averageRating": 3.6423357664233578, "brand": "Logitech"}, {"asin": "B000O50V7I", "name": "Sennheiser PC 161 PC Gaming Headset", "imUrl": "http://ecx.images-amazon.com/images/I/41BaAq92KsL._SX300_.jpg", "price": 45.78, "numReviews": 43, "groups": [72], "averageRating": 4.0}, {"asin": "B000QA4F7S", "name": "3-IN-1 Portable Headset with Detachable Mic", "imUrl": "http://ecx.images-amazon.com/images/I/41UyI%2B4%2BfXL._SY300_.jpg", "price": 12.0, "numReviews": 2, "groups": [73], "averageRating": 3.5}, {"asin": "B00C1L37PG", "name": "Gigaware USB Headset with Microphone", "imUrl": "http://ecx.images-amazon.com/images/I/21cdZ1XVEdL._SX300_.jpg", "price": 19.95, "numReviews": 3, "groups": [74], "averageRating": 4.333333333333333, "brand": "Gigaware"}, {"asin": "B005LH2Y2E", "name": "Dynex USB Stereo Headset", "imUrl": "http://ecx.images-amazon.com/images/I/412e65gvBsL._SY300_.jpg", "price": 10.99, "numReviews": 8, "groups": [75], "averageRating": 4.5}, {"asin": "B006GTD8YE", "name": "Logitech Jabra BH410 USB Headset with Mic & Volume Control", "imUrl": "http://ecx.images-amazon.com/images/I/31JStz5f0xL._SY300_.jpg", "price": 39.99, "numReviews": 23, "groups": [76], "averageRating": 4.217391304347826}, {"asin": "B007WBAKRS", "name": "ClearChat Comfort USB Headset w/Noise-Canceling Microphone", "imUrl": "http://ecx.images-amazon.com/images/I/41dQbCe%2BqYL._SY300_.jpg", "price": 53.78, "numReviews": 1, "groups": [77], "averageRating": 5.0}, {"asin": "B003F0QBBE", "name": "Plantronics Blackwire C210-M Monaural Headset for Microsoft (80298-02)", "imUrl": "http://ecx.images-amazon.com/images/I/41sZeYBrdsL._SY300_.jpg", "price": 55.0, "numReviews": 12, "groups": [78], "averageRating": 3.75}, {"asin": "B000ODVL88", "name": "Genius HS-04S Headset with Noise Canceling Picrophone (31710025100)", "imUrl": "http://ecx.images-amazon.com/images/I/41YBJTPWAYL._SY300_.jpg", "price": 11.7, "numReviews": 3, "groups": [79], "averageRating": 2.3333333333333335, "brand": "Genius"}, {"asin": "B003NU3JIO", "name": "Blackwire C210-M MOC", "imUrl": "http://ecx.images-amazon.com/images/I/31leHPAHo5L._SY300_.jpg", "price": 48.92, "numReviews": 1, "groups": [80], "averageRating": 5.0}, {"asin": "B00D9KR6T6", "name": "TRITTON Pro+ True 5.1 Surround Headset for PC And Mac", "imUrl": "http://ecx.images-amazon.com/images/I/41iW471TQ9L._SY300_.jpg", "price": 141.28, "numReviews": 7, "groups": [81], "averageRating": 3.142857142857143}, {"asin": "B0054L542Y", "name": "VXi 203011 VXI TalkPro UC1 Headset Landline Telephone Accessory", "imUrl": "http://ecx.images-amazon.com/images/I/41%2B4wiy50GL._SY300_.jpg", "price": 93.79, "numReviews": 1, "groups": [82], "averageRating": 4.0, "brand": "VXI"}, {"asin": "B00FPKHVSE", "name": "Doinshop Brand New Kinbas Pro Stereo Headset Headband Pc Notebook Gaming Headset with Microphone Black", "imUrl": "http://ecx.images-amazon.com/images/I/41p10S8wsiL._SX300_.jpg", "price": 12.67, "numReviews": 56, "groups": [83], "averageRating": 3.375}, {"asin": "B000SR201W", "name": "Computer Headphone Microphone Combo with In-line Volume Control", "imUrl": "http://ecx.images-amazon.com/images/I/41rB%2B59LqYL._SY300_.jpg", "price": 6.74, "numReviews": 7, "groups": [84], "averageRating": 3.4285714285714284}, {"asin": "B00441GN84", "name": "Plantronics 76921-11 AUDIO 400 DISPENSER PC HEADSET DISTY BOX US", "imUrl": "http://ecx.images-amazon.com/images/I/21WZFAFJM9L._SY300_.jpg", "price": 47.39, "numReviews": 1, "groups": [85], "averageRating": 1.0, "brand": "Plantronics"}, {"asin": "B00H8ND7Q6", "name": "SADES SA-901 USB Cable Stereo 7.1 Surround Headphone Computer Gaming Headset Headphone Earset Earphone with Microphone Black / Blue", "imUrl": "http://ecx.images-amazon.com/images/I/41OSUlZbjpL._SX300_.jpg", "price": 29.17, "numReviews": 2, "groups": [86], "averageRating": 3.5}, {"asin": "B002I3OZB2", "name": "Logitech Gaming Headset G330 (Black)", "imUrl": "http://ecx.images-amazon.com/images/I/41nwjpAizcL._SX300_.jpg", "price": 99.95, "numReviews": 482, "groups": [28], "averageRating": 3.9419087136929463, "brand": "Logitech"}, {"asin": "B00DOFA666", "name": ".Audio 628 Usb Pc Headset Us 81960-11", "imUrl": "http://ecx.images-amazon.com/images/I/414YmTeffJL._SY300_.jpg", "price": 25.61, "numReviews": 1, "groups": [87], "averageRating": 5.0}, {"asin": "B00IS0QK1C", "name": "Bingle\u00ae B326E Stereo PC Notebook Pro Gaming Headset + A-jazz\u00ae 2400DPI Spider 6th 6D Wired Mouse Bundles Gaming Set", "imUrl": "http://ecx.images-amazon.com/images/I/51Rn3JvNsgL._SY300_.jpg", "price": 24.99, "numReviews": 2, "groups": [88], "averageRating": 4.5}, {"asin": "B000B1WY5M", "name": "Surround Sound 5.1 Channel USB Headset with Mic", "imUrl": "http://ecx.images-amazon.com/images/I/41CqqHYhjkL._SY300_.jpg", "price": 10.99, "numReviews": 2, "groups": [89], "averageRating": 3.0}, {"asin": "B000VDB0DW", "name": "Plantronics .Audio 345 Multimedia Headset, Behind-the-Head, Black/Silver", "imUrl": "http://ecx.images-amazon.com/images/I/414DgLY0DYL._SY300_.jpg", "price": 7.94, "numReviews": 14, "groups": [90], "averageRating": 3.5714285714285716}, {"asin": "B000VEMNRS", "name": "Plantronics DSP400 Foldable Multimedia Headset", "imUrl": "http://ecx.images-amazon.com/images/I/41dyhWCBOSL._SY300_.jpg", "price": 45.88, "numReviews": 101, "groups": [91], "averageRating": 3.871287128712871, "brand": "Plantronics"}, {"asin": "B0015ZFYK0", "name": "Ge 95701 Voip Internet Headset", "imUrl": "http://ecx.images-amazon.com/images/I/41kO5qnIuKL._SY300_.jpg", "price": 10.7, "numReviews": 6, "groups": [92], "averageRating": 4.0}, {"asin": "B0016P392O", "name": "iMicro SP-IM942 Headset with Microphone", "imUrl": "http://ecx.images-amazon.com/images/I/41TT7446q8L._SX300_.jpg", "price": 5.99, "numReviews": 722, "groups": [93], "averageRating": 3.1274238227146816, "brand": "iMicro"}, {"asin": "B000UXZQ42", "name": "Logitech ClearChat Comfort/USB Headset H390 (Black)", "imUrl": "http://ecx.images-amazon.com/images/I/41jrblYM-nL._SY300_.jpg", "price": 25.95, "numReviews": 920, "groups": [94], "averageRating": 3.732608695652174, "brand": "Logitech"}, {"asin": "B005HO1ULM", "name": "CM Storm Sirus - Gaming Headset with True 5.1 Surround Sound and Control Module", "imUrl": "http://ecx.images-amazon.com/images/I/41GW72DrQaL._SX300_.jpg", "price": 200.86, "numReviews": 121, "groups": [95], "averageRating": 4.0}, {"asin": "B004PINVCM", "name": "Thermaltake eSPORTS HT-SKS004ECWH SHOCK SPIN Gaming Headset (White)", "imUrl": "http://ecx.images-amazon.com/images/I/41QilM%2BGkcL._SX300_.jpg", "price": 55.99, "numReviews": 5, "groups": [96], "averageRating": 3.8, "brand": "Thermaltake"}, {"asin": "B008OVGRP4", "name": "TV Listener Rechargeable Wireless Headset 40dB", "imUrl": "http://ecx.images-amazon.com/images/I/41onTZLfF8L._SY300_.jpg", "price": 48.02, "numReviews": 67, "groups": [97], "averageRating": 3.611940298507463, "salesRankCategory": "Health & Personal Care", "salesRank": 13200}, {"asin": "B001R8YX7A", "name": "SteelSeries 3H USB Gaming Headset (Black)", "imUrl": "http://ecx.images-amazon.com/images/I/31-pw%2BVy-BL._SX300_.jpg", "price": 42.63, "numReviews": 48, "groups": [98], "averageRating": 3.3541666666666665}, {"asin": "B000234N0I", "name": "Inland Travel Headset 3500 with Microphone and Volume Control (Discontinued by Manufacturer)", "imUrl": "http://ecx.images-amazon.com/images/I/41LFM397dEL._SX300_.jpg", "price": 35.9, "numReviews": 3, "groups": [99], "averageRating": 3.6666666666666665, "brand": "Inland"}, {"asin": "B005VANQ78", "name": "eForCity\u00ae VOIP / SKYPE Hands-free Headset with Microphone, Black", "imUrl": "http://ecx.images-amazon.com/images/I/41QV2MHfVcL._SY300_.jpg", "price": 6.19, "numReviews": 76, "groups": [100], "averageRating": 3.3684210526315788}, {"asin": "B001NRWC0U", "name": "Dual Ear USB Headset for Soft Phone and Call Center", "imUrl": "http://ecx.images-amazon.com/images/I/41zvvOtIIHL._SY300_.jpg", "price": 69.95, "numReviews": 1, "groups": [101], "averageRating": 2.0}, {"asin": "B00FF00FF0", "name": "Sades SA-907 over-ear Professional Stereo Headset Headband Pc Pro WCG games headphones(black)", "imUrl": "http://ecx.images-amazon.com/images/I/41gKYKjS%2BfL._SY300_.jpg", "price": 58.88, "numReviews": 5, "groups": [102], "averageRating": 4.2, "brand": "Sades"}, {"asin": "B00FF1IBV4", "name": "Sades SA-708 Adjustable over-ear Noise Canceling gaming headphone with common package - Black/Blue", "imUrl": "http://ecx.images-amazon.com/images/I/41J-iL%2BH20L._SY300_.jpg", "price": 20.81, "numReviews": 1, "groups": [103], "averageRating": 5.0, "brand": "Sades"}, {"asin": "B000OAFYVG", "name": "Logitech Clearchat Stereo Headset", "imUrl": "http://ecx.images-amazon.com/images/I/413RdXW%2BWlL._SY300_.jpg", "price": 18.99, "numReviews": 134, "groups": [104], "averageRating": 3.6791044776119404}, {"asin": "B000SR1TRS", "name": "Frisby Super Bass Computer Headphone Microphone Combo with In-line Volume Control", "imUrl": "http://ecx.images-amazon.com/images/I/51McwEhku-L._SY300_.jpg", "price": 14.95, "numReviews": 32, "groups": [105], "averageRating": 2.96875}, {"asin": "B0093HLVKE", "name": "A4Tech Wired USB Folding Headset (L-610-1)", "imUrl": "http://ecx.images-amazon.com/images/I/31F3ExQW76L._SY300_.jpg", "price": 29.46, "numReviews": 1, "groups": [106], "averageRating": 1.0}, {"asin": "B0007SXHP0", "name": "Logitech Premium USB Headset 350 ( 980374-0403 )", "imUrl": "http://ecx.images-amazon.com/images/I/41VQ1SPSKGL._SY300_.jpg", "price": 84.95, "numReviews": 364, "groups": [107], "averageRating": 3.3983516483516483}, {"asin": "B0077L2WBK", "name": "Sennheiser PC 21-II Single-Sided Headset with Microphone", "imUrl": "http://ecx.images-amazon.com/images/I/41TtwPF36hL._SY300_.jpg", "price": 26.7, "numReviews": 10, "groups": [108], "averageRating": 3.7, "brand": "Sennheiser"}, {"asin": "B000FKNZR0", "name": "Logitech PC Headset 120 (Behind-the-Neck) w/ Microphone Black 980447-0914", "imUrl": "http://ecx.images-amazon.com/images/I/41ExCCqzSuL._SX300_.jpg", "price": 7.94, "numReviews": 72, "groups": [29], "averageRating": 3.7777777777777777, "brand": "Logitech"}, {"asin": "B000F6KPYK", "name": "Altec Lansing AHS615 3-D Audio Gaming Headset", "imUrl": "http://ecx.images-amazon.com/images/I/41F4P9JH5FL._SY300_.jpg", "price": 24.99, "numReviews": 13, "groups": [109], "averageRating": 2.076923076923077}, {"asin": "B003NREDHS", "name": "Logitech Laptop Headset H555 Portable Audio For Notebooks", "imUrl": "http://ecx.images-amazon.com/images/I/31bptMCqKAL._SX300_.jpg", "price": 129.0, "numReviews": 77, "groups": [110], "averageRating": 3.6493506493506493, "brand": "Logitech"}, {"asin": "B004S62TLU", "name": "5-in-1 Headphone Headset Wireless with Mic for Laptop MP3 TV", "imUrl": "http://ecx.images-amazon.com/images/I/41bKUYoHt9L._SY300_.jpg", "price": 10.33, "numReviews": 12, "groups": [111], "averageRating": 2.3333333333333335}, {"asin": "B00DDQ4AZY", "name": "CM Storm Pulse-R Customizable Aluminum PC Gaming Headset with Detachable Mic and LED Lighting", "imUrl": "http://ecx.images-amazon.com/images/I/412XruIE%2BSL._SY300_.jpg", "price": 74.48, "numReviews": 29, "groups": [112], "averageRating": 4.0}, {"asin": "B00F1L4ERI", "name": "GE Portable Headset with Detachable Mic", "imUrl": "http://ecx.images-amazon.com/images/I/51YNTiCZtwL._SY300_.jpg", "price": 7.95, "numReviews": 2, "groups": [113], "averageRating": 4.0}, {"asin": "B00005UX31", "name": "Plantronics Audio80 Folding Stereo PC Headset", "imUrl": "http://ecx.images-amazon.com/images/I/31D3B7WAQBL._SY300_.jpg", "price": 12.68, "numReviews": 4, "groups": [114], "averageRating": 3.75}, {"asin": "B000N8RK8E", "name": "Koss HQ2 Full Size Vibration Stereophone", "imUrl": "http://ecx.images-amazon.com/images/I/41tLUuorpOL._SX300_.jpg", "price": 33.99, "numReviews": 10, "groups": [115], "averageRating": 3.4, "brand": "Koss"}, {"asin": "B009SJR2BE", "name": "Razer Kraken PRO Over Ear PC and Music Headset - Black", "imUrl": "http://ecx.images-amazon.com/images/I/41zSZmP0MnL._SY300_.jpg", "price": 79.99, "numReviews": 774, "groups": [116], "averageRating": 3.9483204134366927, "brand": "Razer"}, {"asin": "B00CK3Z9LU", "name": "E-3lue E-Blue Cobra 707 Gaming Headset Headphone Earphone with Microphone Mic", "imUrl": "http://ecx.images-amazon.com/images/I/41C0scxy4RL._SY300_.jpg", "price": 20.75, "numReviews": 53, "groups": [117], "averageRating": 3.6226415094339623}, {"asin": "B00JGPFUK0", "name": "E'max\u00ae HD870 Lightweight Portable Stereo Over Ear Earphone Headphones Headset for MP3,MP4,PC,Most Smartphone Black", "imUrl": "http://ecx.images-amazon.com/images/I/41%2BeP24cF-L._SY300_.jpg", "price": 19.99, "numReviews": 4, "groups": [118], "averageRating": 5.0}, {"asin": "B006HFVYHK", "name": "iMicro 100mW Maximum Power Leather Headset with Microphone SP-IM168MV", "imUrl": "http://ecx.images-amazon.com/images/I/41CwmhJZqIL._SX300_.jpg", "price": 7.3, "numReviews": 12, "groups": [119], "averageRating": 3.1666666666666665, "brand": "iMicro"}, {"asin": "B008ZT82IU", "name": "SteelSeries Flux Gaming Headset for PC, Mac, and Mobile Devices (White)", "imUrl": "http://ecx.images-amazon.com/images/I/31W0Iq6i-bL._SY300_.jpg", "price": 53.32, "numReviews": 22, "groups": [120], "averageRating": 4.2727272727272725, "brand": "SteelSeries"}, {"asin": "B003ZYDQWC", "name": "HP XA490AA#ABA Premium Digital Headsets (Silver)", "imUrl": "http://ecx.images-amazon.com/images/I/41AvplUH9fL._SY300_.jpg", "price": 10.99, "numReviews": 13, "groups": [121], "averageRating": 3.6153846153846154}, {"asin": "B0093CLYPG", "name": "Plantronics 85619-01 BLACKWIRE C320-M", "imUrl": "http://ecx.images-amazon.com/images/I/317FSGB%2B6FL._SX300_.jpg", "price": 41.46, "numReviews": 1, "groups": [122], "averageRating": 4.0, "brand": "Plantronics"}, {"asin": "B00BGM3UYO", "name": "Sades\u00ae Gaming Headset Sa-901 High-precision Sound Source Position and Super Shocking Sound Effects", "imUrl": "http://ecx.images-amazon.com/images/I/41sLgcepvRL._SY300_.jpg", "price": 29.99, "numReviews": 1, "groups": [123], "averageRating": 4.0}, {"asin": "B002Q8IHDQ", "name": "SteelSeries Siberia V2 Full-Size Gaming Headset (White)", "imUrl": "http://ecx.images-amazon.com/images/I/41KtC6BzBHL._SY300_.jpg", "price": 99.4, "numReviews": 918, "groups": [124], "averageRating": 4.187363834422658, "brand": "SteelSeries"}, {"asin": "B001J30FZM", "name": "Plantronics .Audio 355 Multimedia Headset", "imUrl": "http://ecx.images-amazon.com/images/I/41f2pGimyKL._SY300_.jpg", "price": 21.75, "numReviews": 236, "groups": [125], "averageRating": 3.788135593220339, "brand": "Plantronics"}, {"asin": "B00BTK828C", "name": "Blackwire C520 Headset", "imUrl": "http://ecx.images-amazon.com/images/I/41h6yqSykhL._SY300_.jpg", "price": 81.74, "numReviews": 1, "groups": [126], "averageRating": 1.0}, {"asin": "B00JGQ2CKU", "name": "E'max\u00ae D1 Lightweight Portable Stereo Earphone In-Ear Headphones Headset with Soft Ear-Gels for MP3,MP4,PC,Tablet Most Smartphone", "imUrl": "http://ecx.images-amazon.com/images/I/417jn1Ik8qL._SY300_.jpg", "price": 15.99, "numReviews": 2, "groups": [127], "averageRating": 3.5}, {"asin": "B0055EVH9Y", "name": "Gear Head Mono Headset with Microphone (AU1200M)", "imUrl": "http://ecx.images-amazon.com/images/I/318RiQCnS-L._SY300_.jpg", "price": 7.99, "numReviews": 2, "groups": [128], "averageRating": 2.5, "brand": "Gear Head"}, {"asin": "B008N759JY", "name": "Stereo Headset Headphone w/Microphone Mic for PC Computer 3.5mm Jack Skype Yahoo", "imUrl": "http://ecx.images-amazon.com/images/I/41tOZDMoSXL._SY300_.jpg", "price": 19.8, "numReviews": 1, "groups": [129], "averageRating": 1.0}, {"asin": "B00HWOJAVC", "name": "VP-X9 High Quality NdFeB Hi Fi Speakers Surround Gaming Headset Stereo Bass Headphone With Micphone For Computer Gamer", "imUrl": "http://ecx.images-amazon.com/images/I/41d%2BAmTVujL._SY300_.jpg", "price": 19.99, "numReviews": 2, "groups": [130], "averageRating": 3.0}, {"asin": "B00CKIXB56", "name": "Syba PC Voice Chat Headset with USB Audio Adapter (SY-AUD50057)", "imUrl": "http://ecx.images-amazon.com/images/I/41jare6-sfL._SY300_.jpg", "price": 33.0, "numReviews": 8, "groups": [131], "averageRating": 4.625}, {"asin": "B0049DPOV4", "name": "PC 163D Headset with Incredible Dolby 7.1 Surrond Sound for 3D Gaming", "imUrl": "http://ecx.images-amazon.com/images/I/41%2BYK0r0-oL._SY300_.jpg", "price": 45.78, "numReviews": 10, "groups": [132], "averageRating": 4.3}, {"asin": "B00HC9CF28", "name": "Tonsee(TM) Hot Fashion USB 5.1ch Stereo Gaming Headset Headphone with Microphone for Skype Computers", "imUrl": "http://ecx.images-amazon.com/images/I/41eylWvuOjL._SY300_.jpg", "price": 13.59, "numReviews": 4, "groups": [133], "averageRating": 3.0}, {"asin": "B007ZS9T1Q", "name": "Rosewill RHTS-8206 USB 5.1-Channel Vibration Gaming Headset (RHTS-8206)", "imUrl": "http://ecx.images-amazon.com/images/I/31PsceCeB0L._SX300_.jpg", "price": 47.99, "numReviews": 105, "groups": [134], "averageRating": 4.123809523809523, "brand": "Rosewill"}, {"asin": "B007I51FG8", "name": "Cyber Acoustics Pro Grade Stereo Headset/mic (ac-960) -", "imUrl": "http://ecx.images-amazon.com/images/I/31syaBzHsVL._SY300_.jpg", "price": 27.48, "numReviews": 1, "groups": [135], "averageRating": 5.0, "brand": "Cyber Acoustics"}, {"asin": "B0058G8INW", "name": "VXi 203008 VXI TalkPro USB1 Headset Landline Telephone Accessory", "imUrl": "http://ecx.images-amazon.com/images/I/41eo3NBenLL._SY300_.jpg", "price": 77.78, "numReviews": 4, "groups": [82], "averageRating": 4.75, "brand": "VXI"}, {"asin": "B009KZ34ZE", "name": "Plantronics Blackwire C710-M Wired Headset - Retail Packaging - Black", "imUrl": "http://ecx.images-amazon.com/images/I/31Kl4ftOdSL._SY300_.jpg", "price": 90.36, "numReviews": 2, "groups": [136], "averageRating": 4.0, "brand": "Plantronics"}, {"asin": "B004I1LF2E", "name": "5in1 Wireless Cordless Headset Headphone For TV FM PC", "imUrl": "http://ecx.images-amazon.com/images/I/41bKUYoHt9L._SY300_.jpg", "price": 10.33, "numReviews": 6, "groups": [137], "averageRating": 2.3333333333333335}, {"asin": "B0006688ZW", "name": "Sennheiser  SH250 Binaural Headset with Microphone", "imUrl": "http://ecx.images-amazon.com/images/I/31D5EARVVTL._SX300_.jpg", "price": 72.86, "numReviews": 4, "groups": [138], "averageRating": 3.0, "brand": "Sennheiser"}, {"asin": "B00A2U6L10", "name": "Turtle Beach EarForce X12 Headset - KV1129", "imUrl": "http://ecx.images-amazon.com/images/I/41AuqSrFKSL._SY300_.jpg", "price": 59.78, "numReviews": 5, "groups": [139], "averageRating": 4.8, "brand": "Turtle Beach"}, {"asin": "B000Z39YOU", "name": "Plantronics USB Multimedia Stereo Headset (Audio 650 USB)", "imUrl": "http://ecx.images-amazon.com/images/I/31nh3qADjzL._SY300_.jpg", "price": 21.95, "numReviews": 10, "groups": [140], "averageRating": 3.0}, {"asin": "B000J4WPW8", "name": "Microsoft LifeChat LX-3000 Headset", "imUrl": "http://ecx.images-amazon.com/images/I/41Pa1ZVlcAL._SY300_.jpg", "price": 23.94, "numReviews": 506, "groups": [141], "averageRating": 3.814229249011858, "brand": "Microsoft"}, {"asin": "B001IC433Y", "name": ".audio 630M USB Headset", "imUrl": "http://ecx.images-amazon.com/images/I/41zUaKEomNL._SY300_.jpg", "price": 29.46, "numReviews": 27, "groups": [142], "averageRating": 3.814814814814815}, {"asin": "B00DU2DYV2", "name": "Amcctvshop Green Cool New Sades Stereo Headset Headband Pc Notebook Pro Gaming Headset", "imUrl": "http://ecx.images-amazon.com/images/I/412yEwDdejL._SX300_.jpg", "price": 22.52, "numReviews": 21, "groups": [143], "averageRating": 3.9523809523809526}, {"asin": "B00GWU8FAE", "name": "Sennheiser G4ME ZERO PC Gaming Headset, White", "imUrl": "http://ecx.images-amazon.com/images/I/41tJBu5fJgL._SX300_.jpg", "price": 209.9, "numReviews": 18, "groups": [144], "averageRating": 4.222222222222222, "brand": "Sennheiser"}, {"asin": "B001AQBT6C", "name": "HP KJ270AA Premium Digital Headset", "imUrl": "http://ecx.images-amazon.com/images/I/41MHm2he%2BxL._SY300_.jpg", "price": 10.99, "numReviews": 11, "groups": [145], "averageRating": 3.090909090909091}, {"asin": "B00EXPNFQO", "name": "Corsair Vengeance 1500 USB Dolby 7.1 Gaming Headset (1500 v2)", "imUrl": "http://ecx.images-amazon.com/images/I/41cfrOI5BFL._SY300_.jpg", "price": 76.95, "numReviews": 273, "groups": [146], "averageRating": 3.8754578754578755, "brand": "Corsair"}, {"asin": "B006ZS5ATM", "name": "Plantronics GameCom 780 Surround Sound Stereo PC Gaming Headset - Frustration Free Packaging", "imUrl": "http://ecx.images-amazon.com/images/I/41PfCNJpvTL._SY300_.jpg", "price": 71.2, "numReviews": 1586, "groups": [147], "averageRating": 4.061160151324086}, {"asin": "B003G1I4O4", "name": "HP Headset-Premium Stereo Headset", "imUrl": "http://ecx.images-amazon.com/images/I/41QnVuDY1AL._SX300_.jpg", "price": 15.75, "numReviews": 43, "groups": [148], "averageRating": 3.3255813953488373, "brand": "HP"}, {"asin": "B002BWP7UI", "name": "ELECOM USB headset microphone overhead both ears Silver (PS3 compatible) HS-HP06USV", "imUrl": "http://ecx.images-amazon.com/images/I/416zZA%2BKq0L._SY300_.jpg", "price": 46.2, "numReviews": 1, "groups": [149], "averageRating": 1.0}, {"asin": "B003YL9GBG", "name": "Sennheiser CC520 IP On-the-ear Headset", "imUrl": "http://ecx.images-amazon.com/images/I/41XuaMsQlbL._SY300_.jpg", "price": 118.91, "numReviews": 3, "groups": [48], "averageRating": 4.0, "brand": "Sennheiser"}, {"asin": "B005VAORJO", "name": "Plantronics Audio 648 Stereo USB Headset", "imUrl": "http://ecx.images-amazon.com/images/I/415iyoi2y5L._SY300_.jpg", "price": 27.73, "numReviews": 77, "groups": [148], "averageRating": 3.2337662337662336, "brand": "Plantronics"}, {"asin": "B00DRQTBY0", "name": "Kingston Technology HyperX Steel Series Siberia V2 Gaming Headset - Blue (KHX-H2SS/WR)", "imUrl": "http://ecx.images-amazon.com/images/I/31V3RCl6M9L._SX300_.jpg", "price": 79.99, "numReviews": 16, "groups": [150], "averageRating": 4.75}, {"asin": "B000JSDOMO", "name": "LifeChat LX-3000 Internet Headset", "imUrl": "http://ecx.images-amazon.com/images/I/41eY86-SdCL._SY300_.jpg", "price": 56.54, "numReviews": 1, "groups": [151], "averageRating": 1.0}, {"asin": "B0058D8D3K", "name": "Creative Sound Blaster Tactic 3D Omega Wireless Gaming Headset", "imUrl": "http://ecx.images-amazon.com/images/I/3109FhGsYFL._SY300_.jpg", "price": 107.99, "numReviews": 67, "groups": [11], "averageRating": 3.6865671641791047, "brand": "Creative"}, {"asin": "B0071JXCNA", "name": "Plantronics The Essential Gaming Headset (GameCom307) - Retail Packaging", "imUrl": "http://ecx.images-amazon.com/images/I/41c2U0grU0L._SY300_.jpg", "price": 30.6, "numReviews": 26, "groups": [152], "averageRating": 3.269230769230769, "brand": "Plantronics"}, {"asin": "B00FFTW6VW", "name": "ZPS Sades 7.1 Sound Track Pro Gaming Headset Blue LED Headset W/Omni-Directional Mic", "imUrl": "http://ecx.images-amazon.com/images/I/41jqfxL0smL._SX300_.jpg", "price": 69.99, "numReviews": 2, "groups": [153], "averageRating": 4.5}, {"asin": "B006GTD9J8", "name": "BH420 USB STEREO HEADSET(LYNC ONLY VERSION)", "imUrl": "http://ecx.images-amazon.com/images/I/31RA-fHG0WL._SX300_.jpg", "price": 26.99, "numReviews": 1, "groups": [154], "averageRating": 4.0}, {"asin": "B000XUVOMA", "name": "Plantronics .Audio 645 USB Behind the Head Headset", "imUrl": "http://ecx.images-amazon.com/images/I/41lKHDeCg4L._SY300_.jpg", "price": 7.94, "numReviews": 54, "groups": [155], "averageRating": 3.6481481481481484}, {"asin": "B003YL787U", "name": "GE 98934 Headset with Detachable Microphone", "imUrl": "http://ecx.images-amazon.com/images/I/31L5J2bpmgL._SY300_.jpg", "price": 15.75, "numReviews": 16, "groups": [156], "averageRating": 3.9375, "brand": "GE"}, {"asin": "B008PAI80G", "name": "SteelSeries Siberia V2 Full-Size Gaming Headset (Purple)", "imUrl": "http://ecx.images-amazon.com/images/I/316hVYYNvjL._SX300_.jpg", "price": 89.99, "numReviews": 13, "groups": [157], "averageRating": 4.769230769230769}, {"asin": "B0091F8F7A", "name": "Logitech USB Headset H540 for PC Calls and Music - Black", "imUrl": "http://ecx.images-amazon.com/images/I/41utoHkNHWL._SY300_.jpg", "price": 27.98, "numReviews": 207, "groups": [94], "averageRating": 3.6666666666666665, "brand": "Logitech"}, {"asin": "B00DU2YY5C", "name": "Doinshop Black Fashion Senic Excellent Pc Gaming Stereo Headphones Headset with Microphone G9", "imUrl": "http://ecx.images-amazon.com/images/I/41lIJUz5qWL._SX300_.jpg", "price": 14.32, "numReviews": 1, "groups": [158], "averageRating": 2.0}, {"asin": "B00E5ZJXZY", "name": "Silver 3.5mm Jack Stereo Adjustable Volume Headphone Headset Earphone Ear Buds With Microphone For PC Laptop MSN Macbook Computer Notebook SKYPE Chatting Gaming Listening Music", "imUrl": "http://ecx.images-amazon.com/images/I/51Pw6sgCt9L._SY300_.jpg", "price": 7.94, "numReviews": 1, "groups": [159], "averageRating": 5.0}, {"asin": "B0020UXOOM", "name": ".Audio 995 Wireless Us 80930-21", "imUrl": "http://ecx.images-amazon.com/images/I/41HWOpSJNGL._SY300_.jpg", "price": 63.25, "numReviews": 8, "groups": [160], "averageRating": 3.5}, {"asin": "B00AYA31QG", "name": "ASUS Vulcan PRO Gaming Headset (Discontinued by Manufacturer)", "imUrl": "http://ecx.images-amazon.com/images/I/41hQNS1FfLL._SY300_.jpg", "price": 123.35, "numReviews": 2, "groups": [161], "averageRating": 4.0}, {"asin": "B001SN8QI6", "name": "Sennheiser  PC 26 USB Single-Sided Monaural Headset with Microphone & Crisp Sound Quality", "imUrl": "http://ecx.images-amazon.com/images/I/41nkZe7TEEL._SY300_.jpg", "price": 90.99, "numReviews": 28, "groups": [162], "averageRating": 3.4642857142857144}, {"asin": "B008O515CK", "name": "Sennheiser PC 363D High Performance Surround Sound Gaming Headset", "imUrl": "http://ecx.images-amazon.com/images/I/4113MvesonL._SX300_.jpg", "price": 299.95, "numReviews": 78, "groups": [60, 144], "averageRating": 4.512820512820513, "brand": "Sennheiser"}, {"asin": "B0000665P5", "name": "Plantronics Audio 90 Multimedia Stereo PC Headset", "imUrl": "http://ecx.images-amazon.com/images/I/419X9RXBCML._SY300_.jpg", "price": 104.52, "numReviews": 149, "groups": [163], "averageRating": 3.9395973154362416}, {"asin": "B001KURYAS", "name": "Plantronics GameCom 777 Surround Sound Gaming Headset with Dolby Technology", "imUrl": "http://ecx.images-amazon.com/images/I/41193DE1mrL._SY300_.jpg", "price": 71.2, "numReviews": 114, "groups": [164], "averageRating": 3.93859649122807}, {"asin": "B002UKH0MO", "name": "VXI Parrott TalkPro Express - Headset", "imUrl": "http://ecx.images-amazon.com/images/I/419Rhs7QDeL._SY300_.jpg", "price": 66.91, "numReviews": 4, "groups": [165], "averageRating": 4.0}, {"asin": "B00D98ED26", "name": "Tactical PC Gaming Headset with Microphone & Bass-Enhanced Dynamic Sound for CyberpowerPC , Alienware , Microtel Computer and More Video Game PC Computers - Includes Cleaning Cloth", "imUrl": "http://ecx.images-amazon.com/images/I/414f8g7EQML._SY300_.jpg", "price": 33.24, "numReviews": 1, "groups": [166], "averageRating": 5.0}, {"asin": "B00004Z5B5", "name": "Labtec LT440REXW Go-440 Adjstable Stereo Headset w/volume Control 27mm Mylar Drivers", "imUrl": "http://ecx.images-amazon.com/images/I/41CYA13DX4L._SY300_.jpg", "price": 4.67, "numReviews": 4, "groups": [167], "averageRating": 3.5}, {"asin": "B00009APBV", "name": "Logitech Premium Stereo Headset with Noise-Canceling Microphone", "imUrl": "http://ecx.images-amazon.com/images/I/41X1RPDR3RL._SY300_.jpg", "price": 39.99, "numReviews": 8, "groups": [168], "averageRating": 2.875, "brand": "Logitech"}, {"asin": "B003NVMDYY", "name": "Plantronics GameCom777 Gaming Headset", "imUrl": "http://ecx.images-amazon.com/images/I/415NIFAAAxL._SY300_.jpg", "price": 71.2, "numReviews": 93, "groups": [164], "averageRating": 4.0}, {"asin": "B00004Z5UT", "name": "Labtec C-315 Mono Headset with Boom Microphone/8FT Shielded Cord/3.5 MM Plug", "imUrl": "http://ecx.images-amazon.com/images/I/41gJrj-LIdL._SY300_.jpg", "price": 9.07, "numReviews": 2, "groups": [169], "averageRating": 4.5}, {"asin": "B009O5OFVW", "name": "Frisby FHP-235 Computer Laptop Desktop Notebook Pc Laptop Gaming Headphone Headset MIC", "imUrl": "http://ecx.images-amazon.com/images/I/41WhjDhPs3L._SY300_.jpg", "price": 10.95, "numReviews": 7, "groups": [170], "averageRating": 3.857142857142857}, {"asin": "B0002VO7HO", "name": "Cyber Acoustics Neckband Style Stereo Headset/Microphone  AC-634", "imUrl": "http://ecx.images-amazon.com/images/I/31AJX%2BVKmSL._SX300_.jpg", "price": 19.99, "numReviews": 76, "groups": [171], "averageRating": 3.8289473684210527}, {"asin": "B001EVBUSK", "name": "Creative Labs HS-1000 Fatal1ty USB Gaming Headset with Sound Blaster X-Fi Technology (Black)", "imUrl": "http://ecx.images-amazon.com/images/I/41OIFGF7ReL._SY300_.jpg", "price": 49.67, "numReviews": 50, "groups": [172], "averageRating": 4.36}, {"asin": "B003RRY8ZG", "name": "iMicro IM320 USB Headset", "imUrl": "http://ecx.images-amazon.com/images/I/419zdS7bIGL._SY300_.jpg", "price": 10.95, "numReviews": 494, "groups": [173], "averageRating": 3.582995951417004, "brand": "iMicro"}, {"asin": "B005OSOK0O", "name": "Logitech ClearChat Comfort USB Headset-Wired Connectivity-Over-the-head", "imUrl": "http://ecx.images-amazon.com/images/I/31gENF-qL%2BL.jpg", "price": 51.52, "numReviews": 2, "groups": [174], "averageRating": 4.0, "brand": "Logitech"}, {"asin": "B00E4KP8VI", "name": "SADES SA-708 Stereo Headset Headband PC Notebook Pro Gaming Headset Blue", "imUrl": "http://ecx.images-amazon.com/images/I/411XhnStuOL._SY300_.jpg", "price": 24.76, "numReviews": 1, "groups": [175], "averageRating": 5.0}, {"asin": "B007JURP7A", "name": "Plantronics 85619-02 Blackwire USB Headsets", "imUrl": "http://ecx.images-amazon.com/images/I/31FKFosmVHL._SY300_.jpg", "price": 41.46, "numReviews": 10, "groups": [122], "averageRating": 3.5, "brand": "Plantronics"}, {"asin": "B007UXUV4A", "name": "Everydaysource Black Handsfree Headset with mic for Skype", "imUrl": "http://ecx.images-amazon.com/images/I/41xNUYzagzL._SY300_.jpg", "price": 4.43, "numReviews": 16, "groups": [176], "averageRating": 3.5}, {"asin": "B000F6MOBC", "name": "Altec Lansing AHS322 Stereo Over-the-head headset", "imUrl": "http://ecx.images-amazon.com/images/I/412jvnbyFtL._SY300_.jpg", "price": 24.7, "numReviews": 27, "groups": [177], "averageRating": 3.925925925925926}, {"asin": "B0026RKFFK", "name": "HME 280 Intercom Stereo Headset", "imUrl": "http://ecx.images-amazon.com/images/I/51Txv%2B0KTGL._SY300_.jpg", "price": 336.93, "numReviews": 2, "groups": [178], "averageRating": 4.5}, {"asin": "B006GTD99I", "name": "BH410 Headset", "imUrl": "http://ecx.images-amazon.com/images/I/418XX-d3ZjL._SY300_.jpg", "price": 39.99, "numReviews": 23, "groups": [179], "averageRating": 3.6956521739130435}, {"asin": "B000HCRVQ2", "name": "Logitech Premium Notebook Headset", "imUrl": "http://ecx.images-amazon.com/images/I/31C15BP3AYL._SY300_.jpg", "price": 139.99, "numReviews": 205, "groups": [180], "averageRating": 3.9658536585365853, "brand": "Logitech"}, {"asin": "B0050SV7FY", "name": "80930-11 Wireless Pc Stereo Headset Dual 40mm Speakers Noise Canceling Microphone by Plantronics", "imUrl": "http://ecx.images-amazon.com/images/I/41HbZYPEYCL._SY300_.jpg", "price": 64.79, "numReviews": 1, "groups": [181], "averageRating": 4.0, "brand": "Plantronics"}, {"asin": "B00HLUZXAY", "name": "ZPS Sades Stereo 7.1 Surround Pro USB Gaming Headset with Mic Headband Headphone (Black)", "imUrl": "http://ecx.images-amazon.com/images/I/51qq-IfkYuL._SY300_.jpg", "price": 22.14, "numReviews": 28, "groups": [182], "averageRating": 4.107142857142857, "brand": "ZPS"}, {"asin": "B005KAK2X0", "name": "Creative Sound Blaster Tactic360 Sigma Stereo Amplifier and USB Gaming Headset for PC, Mac, and Xbox 360 (GH0150)", "imUrl": "http://ecx.images-amazon.com/images/I/41bUZwftPbL._SY300_.jpg", "price": 29.95, "numReviews": 16, "groups": [183], "averageRating": 3.5, "brand": "Creative"}, {"asin": "B00CQ1T20A", "name": "TRITTON Kunai Stereo Headset for PC and MAC", "imUrl": "http://ecx.images-amazon.com/images/I/41a7T92hliL._SY300_.jpg", "price": 65.12, "numReviews": 10, "groups": [184], "averageRating": 2.8}, {"asin": "B00681PV4K", "name": "Cyber Acoustics AC-404 Headset - KD3323", "imUrl": "http://ecx.images-amazon.com/images/I/31qE3zdktnL.jpg", "price": 21.29, "numReviews": 1, "groups": [185], "averageRating": 5.0, "brand": "Cyber Acoustics"}, {"asin": "B007SN9BIO", "name": "Sennheiser PC 26 Call Control USB Single-Sided Headset", "imUrl": "http://ecx.images-amazon.com/images/I/41GUoua90cL._SY300_.jpg", "price": 41.34, "numReviews": 5, "groups": [186], "averageRating": 4.6, "brand": "Sennheiser"}, {"asin": "B00206WJ42", "name": "Andrea NC-181 VM USB High Fidelity Monaural USB Computer Headset (P-C1-1022300-1)", "imUrl": "http://ecx.images-amazon.com/images/I/41x9fupHbUL._SY300_.jpg", "price": 39.39, "numReviews": 63, "groups": [187], "averageRating": 4.253968253968254}, {"asin": "B009X8EEL6", "name": "Oblanc NC-2 Over-Ear Headphone with In-Line Microphone (OG-AUD63043)", "imUrl": "http://ecx.images-amazon.com/images/I/41YMpcs4c8L._SY300_.jpg", "price": 44.99, "numReviews": 5, "groups": [188], "averageRating": 4.4}, {"asin": "B00006B9CL", "name": "Logitech Cordless Freedom Headset", "imUrl": "http://ecx.images-amazon.com/images/I/419V8VQ03JL._SY300_.jpg", "price": 65.99, "numReviews": 1, "groups": [189], "averageRating": 1.0}, {"asin": "B00GM8EL18", "name": "SADES SA-902 Gaming Headset with Mic & Remoter(for volume and mic) (Black)", "imUrl": "http://ecx.images-amazon.com/images/I/41BlsXuZFvL._SY300_.jpg", "price": 28.08, "numReviews": 6, "groups": [190], "averageRating": 3.3333333333333335}, {"asin": "B004FRX448", "name": "Creative Sound Blaster World of Warcraft Headset Lens - Hunter", "imUrl": "http://ecx.images-amazon.com/images/I/61cwraKK91L._SY300_.jpg", "price": 75.0, "numReviews": 3, "groups": [191], "averageRating": 4.333333333333333}, {"asin": "B009U5H67Q", "name": "Logitech Usb Headset H540", "imUrl": "http://ecx.images-amazon.com/images/I/31-qTbpS08L._SX300_.jpg", "price": 31.99, "numReviews": 1, "groups": [192], "averageRating": 5.0, "brand": "Logitech"}, {"asin": "B000MR9CGE", "name": "Plantronics Gaming Headset (AUDIO 350 HALO 2)", "imUrl": "http://ecx.images-amazon.com/images/I/31GmYXhV%2BjL._SY300_.jpg", "price": 24.99, "numReviews": 5, "groups": [193], "averageRating": 3.8}, {"asin": "B006CUDP0Y", "name": "Corsair Vengeance 1500 Headset - LE8029", "imUrl": "http://ecx.images-amazon.com/images/I/41Wc2z3l2fL._SY300_.jpg", "price": 239.99, "numReviews": 1, "groups": [194], "averageRating": 5.0}, {"asin": "B009KZ35TO", "name": "Plantronics Blackwire C720-M Wired Headsets - Retail Packaging - Black", "imUrl": "http://ecx.images-amazon.com/images/I/41NDdVakcJL._SY300_.jpg", "price": 121.72, "numReviews": 20, "groups": [195], "averageRating": 4.1, "brand": "Plantronics"}, {"asin": "B00IDYUTME", "name": "amtonseeshop Brand New Hot Sales Pro Stereo Headset PC Notebook Gaming Headset With Microphone", "imUrl": "http://ecx.images-amazon.com/images/I/51aGeeTtheL._SY300_.jpg", "price": 8.69, "numReviews": 1, "groups": [196], "averageRating": 3.0}, {"asin": "B00J5AT8GI", "name": "Genius GX-Gaming Zabius Multi-Platform Gaming Headset for Xbox 360, PlayStation 3/4, PC/Mac (HS-G850)", "imUrl": "http://ecx.images-amazon.com/images/I/41pCNbqt2AL._SX300_.jpg", "price": 78.62, "numReviews": 1, "groups": [197], "averageRating": 4.0}, {"asin": "B0040FLLWM", "name": "eForCity White 3.5mm Hands-Free Stereo Headset w/ OnOff & mic Switch Compatible with Apple\u00ae iPad\u00ae 16GB / 32GB / 64GB", "imUrl": "http://ecx.images-amazon.com/images/I/41tc7iPPYKL._SY300_.jpg", "price": 4.97, "numReviews": 2, "groups": [198], "averageRating": 5.0, "brand": "eForCity"}, {"asin": "B00365ML1M", "name": "DURAGADGET Headset and Microphone - Skype,MSN Messenger, voip, yahoo etc - for MacBook Core 2 Duo 2 250 DVDRW Mac OS", "imUrl": "http://ecx.images-amazon.com/images/I/41fb0P1Py-L._SY300_.jpg", "price": 17.99, "numReviews": 7, "groups": [199], "averageRating": 3.2857142857142856}, {"asin": "B009KZ367A", "name": "Plantronics Blackwire C720 Wired Headset - Retail Packaging - Black", "imUrl": "http://ecx.images-amazon.com/images/I/417DjuT9WaL._SX300_.jpg", "price": 119.29, "numReviews": 22, "groups": [195], "averageRating": 3.727272727272727, "brand": "Plantronics"}, {"asin": "B00E4KQ5C4", "name": "SADES SA-708 Stereo Headset Headband PC Notebook Pro Gaming Headset Yellow", "imUrl": "http://ecx.images-amazon.com/images/I/41Qs0eHmunL._SY300_.jpg", "price": 24.25, "numReviews": 1, "groups": [200], "averageRating": 5.0}, {"asin": "B003S3DEUY", "name": "Unisar TV920 Wireless Infrared TV Listening Device - Silver/Black (Discontinued by Manufacturer)", "imUrl": "http://ecx.images-amazon.com/images/I/51aanGpjX8L._SX300_.jpg", "price": 35.69, "numReviews": 294, "groups": [201], "averageRating": 3.6156462585034013, "brand": "Unisar"}, {"asin": "B00434SLMS", "name": "Deluxe Digital Multimedia Headset w/Mic and Volume Control", "imUrl": "http://ecx.images-amazon.com/images/I/41w8mSOUzYL._SY300_.jpg", "price": 9.87, "numReviews": 3, "groups": [202], "averageRating": 4.333333333333333}, {"asin": "B0000665P4", "name": "Plantronics Audio 70 Behind-the-Head Stereo PC Headset", "imUrl": "http://ecx.images-amazon.com/images/I/415458QMNWL._SY300_.jpg", "price": 7.94, "numReviews": 7, "groups": [203], "averageRating": 3.857142857142857}, {"asin": "B005MUXJZ6", "name": "Plantronics Blackwire C220m Headset Microsoft Office Communicator Digital Sound Noise Canceling", "imUrl": "http://ecx.images-amazon.com/images/I/31Zzj-7gK1L.jpg", "price": 29.46, "numReviews": 5, "groups": [204], "averageRating": 4.2}, {"asin": "B006C6E21O", "name": "Logitech H250 Headset. STEREO HEADSET H250 HEADST. Stereo - Graphite - Mini-phone - Wired - Over-the-head - Binaural SNR - Semi-open - Noise Cancelling Microphone", "imUrl": "http://ecx.images-amazon.com/images/I/31PhR7r7YUL.jpg", "price": 36.99, "numReviews": 2, "groups": [205], "averageRating": 5.0}, {"asin": "B002XICMBM", "name": "CREATIVE LABS : Creative Fatal1ty USB Gaming Headset", "imUrl": "http://ecx.images-amazon.com/images/I/21l7d4EuE-L.jpg", "price": 69.99, "numReviews": 1, "groups": [206], "averageRating": 1.0}, {"asin": "B00BSR0SEW", "name": "Corsair Raptor H3 Gaming Headset (CA-9011118-NA)", "imUrl": "http://ecx.images-amazon.com/images/I/415OCnWZ5GL._SY300_.jpg", "price": 49.24, "numReviews": 2, "groups": [207], "averageRating": 3.5}, {"asin": "B00CL63BH0", "name": "Gear Head Behind the Neck Headset w/ Noise Canceling Mic (BN2450NC)", "imUrl": "http://ecx.images-amazon.com/images/I/41zqCN3U1yL._SY300_.jpg", "price": 15.99, "numReviews": 2, "groups": [208], "averageRating": 3.0, "brand": "Gear Head"}], "links": [{"source": 0, "target": 153, "right": false, "left": true, "value": 1}, {"source": 0, "target": 134, "right": false, "left": true, "value": 1}, {"source": 0, "target": 72, "right": false, "left": true, "value": 1}, {"source": 0, "target": 141, "right": false, "left": true, "value": 1}, {"source": 0, "target": 14, "right": false, "left": true, "value": 1}, {"source": 0, "target": 47, "right": false, "left": true, "value": 1}, {"source": 0, "target": 20, "right": false, "left": true, "value": 1}, {"source": 0, "target": 22, "right": false, "left": true, "value": 1}, {"source": 0, "target": 25, "right": false, "left": true, "value": 1}, {"source": 1, "target": 81, "right": false, "left": true, "value": 1}, {"source": 1, "target": 63, "right": true, "left": false, "value": 1}, {"source": 2, "target": 182, "right": true, "left": false, "value": 1}, {"source": 3, "target": 154, "right": true, "left": false, "value": 1}, {"source": 3, "target": 151, "right": true, "left": false, "value": 1}, {"source": 4, "target": 182, "right": true, "left": false, "value": 1}, {"source": 4, "target": 95, "right": true, "left": false, "value": 1}, {"source": 5, "target": 187, "right": true, "left": false, "value": 1}, {"source": 5, "target": 101, "right": true, "left": false, "value": 1}, {"source": 5, "target": 94, "right": true, "left": false, "value": 1}, {"source": 6, "target": 63, "right": true, "left": false, "value": 1}, {"source": 7, "target": 106, "right": true, "left": false, "value": 1}, {"source": 7, "target": 94, "right": true, "left": false, "value": 1}, {"source": 8, "target": 154, "right": true, "left": false, "value": 1}, {"source": 8, "target": 28, "right": true, "left": false, "value": 1}, {"source": 8, "target": 87, "right": true, "left": false, "value": 1}, {"source": 9, "target": 207, "right": false, "left": true, "value": 1}, {"source": 9, "target": 63, "right": true, "left": false, "value": 1}, {"source": 10, "target": 144, "right": true, "left": false, "value": 1}, {"source": 11, "target": 157, "right": true, "left": true, "value": 1}, {"source": 12, "target": 40, "right": true, "left": false, "value": 1}, {"source": 12, "target": 94, "right": true, "left": false, "value": 1}, {"source": 13, "target": 67, "right": true, "left": false, "value": 1}, {"source": 13, "target": 133, "right": true, "left": false, "value": 1}, {"source": 15, "target": 94, "right": true, "left": false, "value": 1}, {"source": 16, "target": 168, "right": false, "left": true, "value": 1}, {"source": 16, "target": 170, "right": true, "left": false, "value": 1}, {"source": 16, "target": 147, "right": true, "left": false, "value": 1}, {"source": 17, "target": 76, "right": true, "left": false, "value": 1}, {"source": 18, "target": 182, "right": true, "left": false, "value": 1}, {"source": 19, "target": 127, "right": true, "left": false, "value": 1}, {"source": 19, "target": 95, "right": true, "left": false, "value": 1}, {"source": 21, "target": 154, "right": false, "left": true, "value": 1}, {"source": 21, "target": 76, "right": true, "left": false, "value": 1}, {"source": 21, "target": 85, "right": false, "left": true, "value": 1}, {"source": 21, "target": 182, "right": true, "left": false, "value": 1}, {"source": 22, "target": 27, "right": true, "left": false, "value": 1}, {"source": 22, "target": 164, "right": true, "left": false, "value": 1}, {"source": 22, "target": 87, "right": true, "left": false, "value": 1}, {"source": 23, "target": 36, "right": false, "left": true, "value": 1}, {"source": 24, "target": 136, "right": true, "left": false, "value": 1}, {"source": 26, "target": 187, "right": true, "left": false, "value": 1}, {"source": 27, "target": 151, "right": true, "left": false, "value": 1}, {"source": 27, "target": 87, "right": true, "left": false, "value": 1}, {"source": 27, "target": 154, "right": true, "left": false, "value": 1}, {"source": 27, "target": 28, "right": true, "left": false, "value": 1}, {"source": 28, "target": 32, "right": false, "left": true, "value": 1}, {"source": 28, "target": 161, "right": false, "left": true, "value": 1}, {"source": 28, "target": 34, "right": false, "left": true, "value": 1}, {"source": 28, "target": 66, "right": false, "left": true, "value": 1}, {"source": 28, "target": 100, "right": false, "left": true, "value": 1}, {"source": 28, "target": 91, "right": false, "left": true, "value": 1}, {"source": 28, "target": 110, "right": true, "left": true, "value": 1}, {"source": 28, "target": 219, "right": false, "left": true, "value": 1}, {"source": 28, "target": 180, "right": false, "left": true, "value": 1}, {"source": 28, "target": 87, "right": true, "left": true, "value": 1}, {"source": 29, "target": 197, "right": true, "left": false, "value": 1}, {"source": 30, "target": 94, "right": true, "left": false, "value": 1}, {"source": 31, "target": 35, "right": false, "left": true, "value": 1}, {"source": 31, "target": 155, "right": false, "left": true, "value": 1}, {"source": 31, "target": 118, "right": false, "left": true, "value": 1}, {"source": 31, "target": 63, "right": true, "left": true, "value": 1}, {"source": 32, "target": 110, "right": true, "left": false, "value": 1}, {"source": 33, "target": 67, "right": true, "left": false, "value": 1}, {"source": 34, "target": 154, "right": true, "left": false, "value": 1}, {"source": 35, "target": 198, "right": false, "left": true, "value": 1}, {"source": 35, "target": 118, "right": true, "left": false, "value": 1}, {"source": 36, "target": 63, "right": true, "left": false, "value": 1}, {"source": 37, "target": 63, "right": true, "left": false, "value": 1}, {"source": 38, "target": 150, "right": true, "left": false, "value": 1}, {"source": 38, "target": 63, "right": true, "left": false, "value": 1}, {"source": 39, "target": 95, "right": true, "left": false, "value": 1}, {"source": 40, "target": 110, "right": true, "left": false, "value": 1}, {"source": 40, "target": 94, "right": true, "left": false, "value": 1}, {"source": 41, "target": 63, "right": true, "left": false, "value": 1}, {"source": 42, "target": 67, "right": true, "left": false, "value": 1}, {"source": 43, "target": 191, "right": false, "left": true, "value": 1}, {"source": 43, "target": 61, "right": false, "left": true, "value": 1}, {"source": 43, "target": 167, "right": false, "left": true, "value": 1}, {"source": 44, "target": 182, "right": true, "left": false, "value": 1}, {"source": 44, "target": 127, "right": true, "left": false, "value": 1}, {"source": 45, "target": 203, "right": false, "left": true, "value": 1}, {"source": 45, "target": 198, "right": false, "left": true, "value": 1}, {"source": 45, "target": 150, "right": true, "left": false, "value": 1}, {"source": 45, "target": 63, "right": true, "left": false, "value": 1}, {"source": 46, "target": 83, "right": true, "left": false, "value": 1}, {"source": 46, "target": 94, "right": true, "left": false, "value": 1}, {"source": 47, "target": 153, "right": true, "left": true, "value": 1}, {"source": 48, "target": 63, "right": true, "left": false, "value": 1}, {"source": 49, "target": 197, "right": true, "left": false, "value": 1}, {"source": 50, "target": 67, "right": true, "left": false, "value": 1}, {"source": 50, "target": 127, "right": true, "left": false, "value": 1}, {"source": 51, "target": 193, "right": true, "left": false, "value": 1}, {"source": 52, "target": 67, "right": true, "left": false, "value": 1}, {"source": 53, "target": 101, "right": true, "left": false, "value": 1}, {"source": 54, "target": 136, "right": true, "left": false, "value": 1}, {"source": 54, "target": 67, "right": true, "left": false, "value": 1}, {"source": 54, "target": 63, "right": true, "left": false, "value": 1}, {"source": 55, "target": 182, "right": true, "left": false, "value": 1}, {"source": 55, "target": 94, "right": true, "left": false, "value": 1}, {"source": 56, "target": 67, "right": true, "left": false, "value": 1}, {"source": 56, "target": 150, "right": true, "left": false, "value": 1}, {"source": 57, "target": 204, "right": false, "left": true, "value": 1}, {"source": 57, "target": 149, "right": true, "left": false, "value": 1}, {"source": 57, "target": 63, "right": true, "left": false, "value": 1}, {"source": 58, "target": 118, "right": true, "left": false, "value": 1}, {"source": 59, "target": 170, "right": true, "left": true, "value": 1}, {"source": 59, "target": 147, "right": true, "left": false, "value": 1}, {"source": 60, "target": 199, "right": false, "left": true, "value": 1}, {"source": 60, "target": 95, "right": true, "left": false, "value": 1}, {"source": 62, "target": 95, "right": true, "left": false, "value": 1}, {"source": 63, "target": 149, "right": false, "left": true, "value": 1}, {"source": 63, "target": 150, "right": false, "left": true, "value": 1}, {"source": 63, "target": 159, "right": false, "left": true, "value": 1}, {"source": 63, "target": 194, "right": false, "left": true, "value": 1}, {"source": 63, "target": 69, "right": false, "left": true, "value": 1}, {"source": 63, "target": 70, "right": false, "left": true, "value": 1}, {"source": 63, "target": 87, "right": false, "left": true, "value": 1}, {"source": 63, "target": 217, "right": false, "left": true, "value": 1}, {"source": 63, "target": 96, "right": false, "left": true, "value": 1}, {"source": 63, "target": 103, "right": false, "left": true, "value": 1}, {"source": 63, "target": 114, "right": false, "left": true, "value": 1}, {"source": 64, "target": 154, "right": true, "left": false, "value": 1}, {"source": 65, "target": 129, "right": false, "left": true, "value": 1}, {"source": 66, "target": 110, "right": true, "left": false, "value": 1}, {"source": 67, "target": 137, "right": false, "left": true, "value": 1}, {"source": 67, "target": 142, "right": false, "left": true, "value": 1}, {"source": 67, "target": 174, "right": false, "left": true, "value": 1}, {"source": 67, "target": 179, "right": false, "left": true, "value": 1}, {"source": 67, "target": 181, "right": false, "left": true, "value": 1}, {"source": 67, "target": 184, "right": false, "left": true, "value": 1}, {"source": 67, "target": 193, "right": false, "left": true, "value": 1}, {"source": 67, "target": 217, "right": false, "left": true, "value": 1}, {"source": 67, "target": 218, "right": false, "left": true, "value": 1}, {"source": 67, "target": 99, "right": false, "left": true, "value": 1}, {"source": 67, "target": 111, "right": false, "left": true, "value": 1}, {"source": 67, "target": 117, "right": false, "left": true, "value": 1}, {"source": 67, "target": 122, "right": false, "left": true, "value": 1}, {"source": 67, "target": 125, "right": false, "left": true, "value": 1}, {"source": 68, "target": 192, "right": true, "left": false, "value": 1}, {"source": 68, "target": 104, "right": false, "left": true, "value": 1}, {"source": 68, "target": 200, "right": false, "left": true, "value": 1}, {"source": 68, "target": 146, "right": false, "left": true, "value": 1}, {"source": 68, "target": 211, "right": false, "left": true, "value": 1}, {"source": 68, "target": 119, "right": false, "left": true, "value": 1}, {"source": 68, "target": 89, "right": false, "left": true, "value": 1}, {"source": 69, "target": 192, "right": true, "left": false, "value": 1}, {"source": 71, "target": 182, "right": true, "left": false, "value": 1}, {"source": 71, "target": 95, "right": true, "left": false, "value": 1}, {"source": 73, "target": 115, "right": true, "left": false, "value": 1}, {"source": 74, "target": 182, "right": true, "left": false, "value": 1}, {"source": 74, "target": 95, "right": true, "left": false, "value": 1}, {"source": 75, "target": 182, "right": true, "left": false, "value": 1}, {"source": 76, "target": 78, "right": false, "left": true, "value": 1}, {"source": 76, "target": 189, "right": false, "left": true, "value": 1}, {"source": 76, "target": 95, "right": true, "left": false, "value": 1}, {"source": 77, "target": 95, "right": true, "left": false, "value": 1}, {"source": 78, "target": 80, "right": false, "left": true, "value": 1}, {"source": 79, "target": 127, "right": true, "left": false, "value": 1}, {"source": 82, "target": 138, "right": true, "left": true, "value": 1}, {"source": 82, "target": 197, "right": true, "left": false, "value": 1}, {"source": 83, "target": 132, "right": false, "left": true, "value": 1}, {"source": 83, "target": 165, "right": false, "left": true, "value": 1}, {"source": 83, "target": 206, "right": false, "left": true, "value": 1}, {"source": 83, "target": 146, "right": false, "left": true, "value": 1}, {"source": 83, "target": 179, "right": false, "left": true, "value": 1}, {"source": 84, "target": 182, "right": true, "left": false, "value": 1}, {"source": 85, "target": 92, "right": true, "left": false, "value": 1}, {"source": 86, "target": 192, "right": true, "left": false, "value": 1}, {"source": 87, "target": 219, "right": false, "left": true, "value": 1}, {"source": 87, "target": 214, "right": false, "left": true, "value": 1}, {"source": 87, "target": 190, "right": false, "left": true, "value": 1}, {"source": 88, "target": 127, "right": true, "left": false, "value": 1}, {"source": 88, "target": 95, "right": true, "left": false, "value": 1}, {"source": 90, "target": 182, "right": true, "left": false, "value": 1}, {"source": 91, "target": 214, "right": false, "left": true, "value": 1}, {"source": 91, "target": 110, "right": true, "left": false, "value": 1}, {"source": 92, "target": 145, "right": false, "left": true, "value": 1}, {"source": 93, "target": 182, "right": true, "left": false, "value": 1}, {"source": 94, "target": 130, "right": false, "left": true, "value": 1}, {"source": 94, "target": 131, "right": false, "left": true, "value": 1}, {"source": 94, "target": 162, "right": false, "left": true, "value": 1}, {"source": 94, "target": 101, "right": false, "left": true, "value": 1}, {"source": 94, "target": 175, "right": false, "left": true, "value": 1}, {"source": 94, "target": 115, "right": false, "left": true, "value": 1}, {"source": 94, "target": 182, "right": true, "left": false, "value": 1}, {"source": 94, "target": 186, "right": false, "left": true, "value": 1}, {"source": 95, "target": 137, "right": false, "left": true, "value": 1}, {"source": 95, "target": 143, "right": false, "left": true, "value": 1}, {"source": 95, "target": 144, "right": false, "left": true, "value": 1}, {"source": 95, "target": 156, "right": false, "left": true, "value": 1}, {"source": 95, "target": 160, "right": false, "left": true, "value": 1}, {"source": 95, "target": 164, "right": true, "left": true, "value": 1}, {"source": 95, "target": 176, "right": false, "left": true, "value": 1}, {"source": 95, "target": 182, "right": false, "left": true, "value": 1}, {"source": 95, "target": 183, "right": false, "left": true, "value": 1}, {"source": 95, "target": 202, "right": false, "left": true, "value": 1}, {"source": 95, "target": 209, "right": false, "left": true, "value": 1}, {"source": 95, "target": 216, "right": false, "left": true, "value": 1}, {"source": 95, "target": 104, "right": false, "left": true, "value": 1}, {"source": 95, "target": 105, "right": false, "left": true, "value": 1}, {"source": 95, "target": 108, "right": false, "left": true, "value": 1}, {"source": 95, "target": 112, "right": false, "left": true, "value": 1}, {"source": 95, "target": 123, "right": false, "left": true, "value": 1}, {"source": 97, "target": 126, "right": true, "left": false, "value": 1}, {"source": 98, "target": 212, "right": false, "left": true, "value": 1}, {"source": 101, "target": 208, "right": false, "left": true, "value": 1}, {"source": 102, "target": 182, "right": true, "left": false, "value": 1}, {"source": 103, "target": 159, "right": false, "left": true, "value": 1}, {"source": 107, "target": 182, "right": true, "left": false, "value": 1}, {"source": 108, "target": 182, "right": true, "left": false, "value": 1}, {"source": 109, "target": 196, "right": false, "left": true, "value": 1}, {"source": 110, "target": 161, "right": false, "left": true, "value": 1}, {"source": 110, "target": 166, "right": false, "left": true, "value": 1}, {"source": 110, "target": 219, "right": false, "left": true, "value": 1}, {"source": 110, "target": 214, "right": false, "left": true, "value": 1}, {"source": 112, "target": 190, "right": false, "left": true, "value": 1}, {"source": 113, "target": 140, "right": false, "left": true, "value": 1}, {"source": 116, "target": 127, "right": true, "left": false, "value": 1}, {"source": 120, "target": 127, "right": true, "left": false, "value": 1}, {"source": 121, "target": 182, "right": true, "left": false, "value": 1}, {"source": 123, "target": 151, "right": true, "left": false, "value": 1}, {"source": 123, "target": 182, "right": true, "left": false, "value": 1}, {"source": 124, "target": 185, "right": true, "left": true, "value": 1}, {"source": 126, "target": 163, "right": false, "left": true, "value": 1}, {"source": 127, "target": 165, "right": false, "left": true, "value": 1}, {"source": 127, "target": 171, "right": false, "left": true, "value": 1}, {"source": 127, "target": 203, "right": false, "left": true, "value": 1}, {"source": 127, "target": 213, "right": false, "left": true, "value": 1}, {"source": 127, "target": 158, "right": false, "left": true, "value": 1}, {"source": 128, "target": 210, "right": true, "left": false, "value": 1}, {"source": 133, "target": 164, "right": true, "left": false, "value": 1}, {"source": 135, "target": 192, "right": true, "left": false, "value": 1}, {"source": 135, "target": 182, "right": true, "left": false, "value": 1}, {"source": 138, "target": 197, "right": true, "left": false, "value": 1}, {"source": 138, "target": 173, "right": false, "left": true, "value": 1}, {"source": 139, "target": 210, "right": true, "left": false, "value": 1}, {"source": 140, "target": 212, "right": true, "left": false, "value": 1}, {"source": 143, "target": 182, "right": true, "left": false, "value": 1}, {"source": 144, "target": 160, "right": false, "left": true, "value": 1}, {"source": 144, "target": 195, "right": false, "left": true, "value": 1}, {"source": 144, "target": 148, "right": false, "left": true, "value": 1}, {"source": 144, "target": 156, "right": false, "left": true, "value": 1}, {"source": 147, "target": 170, "right": true, "left": true, "value": 1}, {"source": 148, "target": 182, "right": true, "left": false, "value": 1}, {"source": 150, "target": 198, "right": false, "left": true, "value": 1}, {"source": 150, "target": 201, "right": false, "left": true, "value": 1}, {"source": 150, "target": 172, "right": false, "left": true, "value": 1}, {"source": 150, "target": 177, "right": false, "left": true, "value": 1}, {"source": 151, "target": 182, "right": true, "left": false, "value": 1}, {"source": 151, "target": 154, "right": true, "left": true, "value": 1}, {"source": 152, "target": 182, "right": true, "left": false, "value": 1}, {"source": 154, "target": 161, "right": false, "left": true, "value": 1}, {"source": 164, "target": 202, "right": false, "left": true, "value": 1}, {"source": 169, "target": 196, "right": true, "left": false, "value": 1}, {"source": 170, "target": 188, "right": false, "left": true, "value": 1}, {"source": 172, "target": 177, "right": true, "left": true, "value": 1}, {"source": 178, "target": 189, "right": true, "left": false, "value": 1}, {"source": 185, "target": 215, "right": false, "left": true, "value": 1}, {"source": 192, "target": 200, "right": false, "left": true, "value": 1}, {"source": 205, "target": 210, "right": true, "left": true, "value": 1}]}