{"nodes": [{"asin": "B003L14YS4", "name": "Monoprice Hook & Loop Fastening Cable Ties 9inch, 10pcs/Pack - White", "imUrl": "http://ecx.images-amazon.com/images/I/31z6WfCX8TL._SX300_.jpg", "price": 4.04, "numReviews": 1, "groups": [0], "averageRating": 5.0, "brand": "Monoprice", "salesRankCategory": "Electronics", "salesRank": 87633}, {"asin": "B005LTJ72W", "name": "Pro Tie B8HD500 7.9-Inch Heavy Duty Standard Cable Tie, UV Black Nylon, 500-Pack", "imUrl": "http://ecx.images-amazon.com/images/I/51rgjGM1rML._SY300_.jpg", "price": 39.48, "numReviews": 1, "groups": [1], "averageRating": 5.0}, {"asin": "B001JT1O8S", "name": "Install Bay BCT8 8-Inches Cable Tie 40 Pound - 100 Pack (Black)", "imUrl": "http://ecx.images-amazon.com/images/I/41a611KiH6L._SY300_.jpg", "price": 0.99, "numReviews": 14, "groups": [2], "averageRating": 4.5, "brand": "Install Bay"}, {"asin": "B00L3IUSSM", "name": "Joy Fish 8\" Heavy Duty Nylon Cable Ties, 50 lb Test, 200 PC, Black", "imUrl": "http://ecx.images-amazon.com/images/I/51fVMbCILYL._SX300_.jpg", "price": 13.86, "numReviews": 1, "groups": [3], "averageRating": 5.0, "brand": "Joy Fish"}, {"asin": "B003Y7TUS4", "name": "19\" Cable Manager with 3 holes, 1U, Intellinet 204279", "imUrl": "http://ecx.images-amazon.com/images/I/21Uy0RoBDqL._SX300_.jpg", "price": 11.99, "numReviews": 1, "groups": [4], "averageRating": 4.0, "salesRankCategory": "Electronics", "salesRank": 83702}, {"asin": "B004GE2VXA", "name": "Techflex 1/2\" Expandable Sleeving 25 ft. Carbon", "imUrl": "http://ecx.images-amazon.com/images/I/41TceL-PwyL._SY300_.jpg", "price": 12.3, "numReviews": 1, "groups": [5], "averageRating": 5.0}, {"asin": "B005QE8JZI", "name": "Neiko 14-Inch Cable Ties - Pack of 100, Made in USA", "imUrl": "http://ecx.images-amazon.com/images/I/31v-iJLjyEL._SY300_.jpg", "price": 8.5, "numReviews": 2, "groups": [6], "averageRating": 5.0}, {"asin": "B0085CJ4RK", "name": "TechFlex F6N0.25BK Flexo F6 General Purpose 1/4-inch Braided Cable Sleeve, Black - 20 Feet", "imUrl": "http://ecx.images-amazon.com/images/I/41G1UzElCTL.jpg", "price": 16.99, "numReviews": 9, "groups": [7], "averageRating": 4.666666666666667, "salesRankCategory": "Electronics", "salesRank": 19224}, {"asin": "B00006HQV5", "name": "StarTech AD3X3 3x3in Open Slot Wiring Cable Raceway Duct with Cover Lid, Gray", "imUrl": "http://ecx.images-amazon.com/images/I/41ESRQ6RV2L._SY300_.jpg", "price": 32.19, "numReviews": 39, "groups": [8], "averageRating": 4.282051282051282, "brand": "StarTech"}, {"asin": "B00BMVKYZC", "name": "1000 PCS / Pack 8\" Inch 8 Black Network Cable Cord Wire Tie Ties Strap 50 Lbs Zip Nylon", "imUrl": "http://ecx.images-amazon.com/images/I/31yaC%2BmEYlL.jpg", "price": 16.94, "numReviews": 7, "groups": [9], "averageRating": 2.2857142857142856}, {"asin": "B00DVPORK0", "name": "100 Cable Zip Tie Set 10\" 8\" 6\" 4\" Inch Clear in 4 Sizes Set", "imUrl": "http://ecx.images-amazon.com/images/I/31YZeLlzJrL._SX300_.jpg", "price": 8.95, "numReviews": 2, "groups": [10], "averageRating": 4.0}, {"asin": "B007Q94E4Q", "name": "8 PCS Colorful Genuine Velcro Band Cable Ties Strap", "imUrl": "http://ecx.images-amazon.com/images/I/41aMDh-P64L._SY300_.jpg", "price": 5.16, "numReviews": 1, "groups": [11], "averageRating": 3.0}, {"asin": "B005LTJ82G", "name": "Pro Tie BR14SD100 14.6-Inch Brown Standard Duty Color Cable Tie, Brown Nylon, 100-Pack", "imUrl": "http://ecx.images-amazon.com/images/I/41eV1KDu4yL._SY300_.jpg", "price": 9.74, "numReviews": 3, "groups": [12], "averageRating": 4.0}, {"asin": "B002U0KAEE", "name": "Westinghouse T39369 Easy Flex Wrap Lightweight Cord Wrap", "imUrl": "http://ecx.images-amazon.com/images/I/31xjVHfEo1L._SX300_.jpg", "price": 5.99, "numReviews": 2, "groups": [13], "averageRating": 4.5}, {"asin": "B003XGYP5E", "name": "11 Inch Hook and Loop Cable Management Strap", "imUrl": "http://ecx.images-amazon.com/images/I/41PtIeibTYL._SY300_.jpg", "price": 7.47, "numReviews": 1, "groups": [14], "averageRating": 3.0, "salesRankCategory": "Electronics", "salesRank": 57195}, {"asin": "B00BFKH2OQ", "name": "BuyCheapCables 100 Pack 6\" Nylon Cable Zip Ties Self Locking 3mm (Black - 40lbs)", "imUrl": "http://ecx.images-amazon.com/images/I/51%2B11iJyAWL._SY300_.jpg", "price": 5.25, "numReviews": 2, "groups": [15], "averageRating": 3.0}, {"asin": "B000WNIZMU", "name": "Monster CIT LGY-16 Large Diameter Gray Cable-It Wire Management System (16 feet)", "imUrl": "http://ecx.images-amazon.com/images/I/41KrE%2BWMtNL._SX300_.jpg", "price": 14.88, "numReviews": 39, "groups": [16], "averageRating": 3.4871794871794872, "salesRankCategory": "Electronics", "salesRank": 84788}, {"asin": "B000RB2DRK", "name": "100 White Nylon Cable Zip Ties Self Locking 2.5mm x 4\"", "imUrl": "http://ecx.images-amazon.com/images/I/41qMqhOLWTL._SY300_.jpg", "price": 3.09, "numReviews": 7, "groups": [17], "averageRating": 4.714285714285714}, {"asin": "B00JSEEREO", "name": "8-ft Cordline, 2-Way Cord Channel, Paintable White", "imUrl": "http://ecx.images-amazon.com/images/I/41xALYXCHqL._SX300_.jpg", "price": 17.4, "numReviews": 1, "groups": [18], "averageRating": 5.0}, {"asin": "B005OK7W7U", "name": "Joy Fish 8\" Heavy Duty Nylon Cable Ties, 50 lb Test, 100 PC, White", "imUrl": "http://ecx.images-amazon.com/images/I/31xUOFVRWkL._SX300_.jpg", "price": 5.92, "numReviews": 3, "groups": [19], "averageRating": 5.0, "brand": "Joy Fish"}, {"asin": "B001P8231A", "name": "Bello CMS169W Cable Management System", "imUrl": "http://ecx.images-amazon.com/images/I/41M0ltA5HlL._SY300_.jpg", "price": 27.01, "numReviews": 20, "groups": [20], "averageRating": 4.55, "salesRankCategory": "Electronics", "salesRank": 28672}, {"asin": "B003C2HRJK", "name": "Bluelounge CableBox Mini White - Cable Management - Small Surge Protector Included", "imUrl": "http://ecx.images-amazon.com/images/I/31yQbk4qTGL._SY300_.jpg", "price": 29.95, "numReviews": 32, "groups": [21], "averageRating": 4.3125, "brand": "Bluelounge", "salesRankCategory": "Electronics", "salesRank": 6720}, {"asin": "B00DFZRE6A", "name": "eHotCafe VR1-B-1-P Velcro Cable Ties, 3/4-Inch, x 15-Feet, Black, 1 Roll/Poly Bag", "imUrl": "http://ecx.images-amazon.com/images/I/41RM-Pdw1BL._SX300_.jpg", "price": 6.99, "numReviews": 6, "groups": [22], "averageRating": 4.166666666666667, "brand": "eHotCafe", "salesRankCategory": "Electronics", "salesRank": 5718}, {"asin": "B0019CGBHO", "name": "Tripp Lite P350-10N-10 10-Inch Hook and Loop Cable Ties  - 10 Pack (Black)", "imUrl": "http://ecx.images-amazon.com/images/I/41O8NnLyhkL._SY300_.jpg", "price": 6.44, "numReviews": 24, "groups": [23], "averageRating": 4.458333333333333, "brand": "Tripp Lite", "salesRankCategory": "Electronics", "salesRank": 18680}, {"asin": "B003L13AHK", "name": "Monoprice Cable Tie Mounts 20x20(mm), 100pcs/Pack - White", "imUrl": "http://ecx.images-amazon.com/images/I/216EvYy6b4L._SX300_.jpg", "price": 4.58, "numReviews": 1, "groups": [24], "averageRating": 5.0, "brand": "Monoprice", "salesRankCategory": "Electronics", "salesRank": 31337}, {"asin": "B003Z31ZV2", "name": "Hook & Loop Fastening Cable Ties 9inch, 50pcs/Pack - 5 Colors [Electronics]", "imUrl": "http://ecx.images-amazon.com/images/I/41z2wX1zNIL._SX300_.jpg", "price": 11.65, "numReviews": 1, "groups": [25], "averageRating": 5.0, "salesRankCategory": "Electronics", "salesRank": 43226}, {"asin": "B004W34DCW", "name": "Scosche CT6-100 6-Inch Cable Ties - 100 Pieces per Bag", "imUrl": "http://ecx.images-amazon.com/images/I/21LP9FyGgzL._SX300_.jpg", "price": 7.99, "numReviews": 2, "groups": [26], "averageRating": 5.0}, {"asin": "B004OSVWSI", "name": "POWER CORD ORGANIZER PACK (SET OF 9 - 4 WHITE AND 5 BLACK)", "imUrl": "http://ecx.images-amazon.com/images/I/41899bE%2B7dL._SX300_.jpg", "price": 12.99, "numReviews": 24, "groups": [27], "averageRating": 3.7083333333333335, "salesRankCategory": "Electronics", "salesRank": 3457}, {"asin": "B0002MK94I", "name": "Belkin F8B015 Hide Away Cord Concealer White (Discontinued by Manufacturer)", "imUrl": "http://ecx.images-amazon.com/images/I/41JXZZY9R3L._SY300_.jpg", "price": 25.69, "numReviews": 11, "groups": [28], "averageRating": 3.8181818181818183, "salesRankCategory": "Electronics", "salesRank": 87218}, {"asin": "B003S7W6LS", "name": "Bluelounge CableClips Small - Cable Management - Grey & Green", "imUrl": "http://ecx.images-amazon.com/images/I/31NIpbCaH4L._SX300_.jpg", "price": 9.95, "numReviews": 45, "groups": [29], "averageRating": 2.7111111111111112, "brand": "Bluelounge", "salesRankCategory": "Electronics", "salesRank": 12297}, {"asin": "B004UHQNUU", "name": "Techflex PTN0.50BK25 Flexo PET General Purpose 1/2-inch Braided Cable Sleeve, Black - 25 Foot", "imUrl": "http://ecx.images-amazon.com/images/I/31J3D2lsm1L.jpg", "price": 7.63, "numReviews": 6, "groups": [30], "averageRating": 4.666666666666667, "brand": "Techflex", "salesRankCategory": "Electronics", "salesRank": 10043}, {"asin": "B0060O2R1K", "name": "100pc Pro-Grade 8\" Mountable Cable Ties - 50 Lbs Tensile Strength - Taiwan", "imUrl": "http://ecx.images-amazon.com/images/I/31BilJUBCmL._SY300_.jpg", "price": 6.79, "numReviews": 2, "groups": [31], "averageRating": 4.5}, {"asin": "B00009XSYV", "name": "StarTech TC6W2 6 -Feet 2 Piece Cable Raceway Duct - White", "imUrl": "http://ecx.images-amazon.com/images/I/31NDaI-ZPZL._SX300_.jpg", "price": 25.58, "numReviews": 5, "groups": [32], "averageRating": 4.4, "brand": "StarTech", "salesRankCategory": "Electronics", "salesRank": 71934}, {"asin": "B00FDWHJYU", "name": "Cable Management Systems, Two Boxes : 16 and 9 Inches. Including Cord Organizer Clips and Wire Arranging Ties.", "imUrl": "http://ecx.images-amazon.com/images/I/41OJU5cZMrL._SX300_.jpg", "price": 35.0, "numReviews": 19, "groups": [33], "averageRating": 4.7368421052631575}, {"asin": "B000UE7QBM", "name": "Gardner Bender 46-330 Electrical 30-Inch Heavy Duty Cable Ties, 25-Pack", "imUrl": "http://ecx.images-amazon.com/images/I/41Zbc8h3IdL._SY300_.jpg", "price": 7.58, "numReviews": 2, "groups": [34], "averageRating": 5.0, "brand": "Gardner Bender"}, {"asin": "B005AC0XI2", "name": "AAMP AOACC38 3/8-Inch Cable Tie Clamps, 100 per Pack (Discontinued by Manufacturer)", "imUrl": "http://ecx.images-amazon.com/images/I/41wEDao8dAL._SY300_.jpg", "price": 4.0, "numReviews": 1, "groups": [35], "averageRating": 5.0, "salesRankCategory": "Electronics", "salesRank": 80613}, {"asin": "B000WNL4FA", "name": "Monster CIT MWH-16 Medium Diameter White Cable-It Wire Management System (16 feet)", "imUrl": "http://ecx.images-amazon.com/images/I/41MDXU1eUkL._SX300_.jpg", "price": 29.99, "numReviews": 185, "groups": [36], "averageRating": 4.07027027027027, "salesRankCategory": "Electronics", "salesRank": 16716}, {"asin": "B00AST4T1Y", "name": "CE Compass Reuseable Velcro Cable Tie Roll, Hook & Loop 3/4\" x 4.9 Yards 14.8FT Wires Electrical PC White", "imUrl": "http://ecx.images-amazon.com/images/I/41YbLmsEx3L._SY300_.jpg", "price": 5.95, "numReviews": 1, "groups": [37], "averageRating": 5.0, "salesRankCategory": "Electronics", "salesRank": 105609}, {"asin": "B000WNG0OA", "name": "Monster CIT SWH-16 Small Diameter White Cable-It Wire Management System (16 feet)", "imUrl": "http://ecx.images-amazon.com/images/I/41LPZkiaYyL._SX300_.jpg", "price": 19.0, "numReviews": 31, "groups": [38], "averageRating": 4.451612903225806, "salesRankCategory": "Electronics", "salesRank": 69258}, {"asin": "B00213KL76", "name": "StarTech TCV155 6in Screw Mount Cable Ties - 100 Pack", "imUrl": "http://ecx.images-amazon.com/images/I/41Ax4Nz2Q3L._SX300_.jpg", "price": 8.29, "numReviews": 7, "groups": [39], "averageRating": 4.571428571428571, "brand": "StarTech", "salesRankCategory": "Electronics", "salesRank": 17336}, {"asin": "B000WNIZOI", "name": "Monster CIT MWH-16 Medium Diameter White Cable-It Wire Management System (16 feet)", "imUrl": "http://ecx.images-amazon.com/images/I/41MDXU1eUkL._SX300_.jpg", "price": 29.99, "numReviews": 185, "groups": [40], "averageRating": 4.07027027027027, "salesRankCategory": "Electronics", "salesRank": 16716}, {"asin": "B004055PMY", "name": "Dotz DCI651AV Cord Identifiers for Entertainment (Discontinued by Manufacturer)", "imUrl": "http://ecx.images-amazon.com/images/I/512tVaQEbgL._SY300_.jpg", "price": 5.99, "numReviews": 3, "groups": [41], "averageRating": 3.0, "salesRankCategory": "Electronics", "salesRank": 83732}, {"asin": "B0013LOW3Q", "name": "Small Plastic Cord Cover - 5ft- Beige", "imUrl": "http://ecx.images-amazon.com/images/I/41Tl6X3lrfL._SX300_.jpg", "price": 7.99, "numReviews": 1, "groups": [42], "averageRating": 3.0, "salesRankCategory": "Electronics", "salesRank": 122255}, {"asin": "B008OC4NT0", "name": "Bluecell 30pcs 300mm Releasable/Reusable Plastic Zip Cable Wire Tie for Organization/Management", "imUrl": "http://ecx.images-amazon.com/images/I/31Vr1TguFcL.jpg", "price": 3.01, "numReviews": 7, "groups": [43], "averageRating": 3.857142857142857}, {"asin": "B00BFKB5W6", "name": "BuyCheapCables 100 Pack 12\" Nylon Cable Zip Ties Self Locking 5mm (Clear - 50lbs)", "imUrl": "http://ecx.images-amazon.com/images/I/41rO5zO5%2B6L._SY300_.jpg", "price": 5.89, "numReviews": 11, "groups": [44], "averageRating": 4.2727272727272725}, {"asin": "B008VETVHK", "name": "10ea 3/4\" x 21\" Hook Loop Cable Tie Down Straps Black Velcro", "imUrl": "http://ecx.images-amazon.com/images/I/51GjVkq1YlL._SX300_.jpg", "price": 13.45, "numReviews": 2, "groups": [45], "averageRating": 5.0, "salesRankCategory": "Electronics", "salesRank": 57470}, {"asin": "B0000C6E3P", "name": "Alert Stamping 7000WR Pro-Reel Cord Carrier", "imUrl": "http://ecx.images-amazon.com/images/I/416NQCVZFQL._SX300_.jpg", "price": 15.79, "numReviews": 112, "groups": [46], "averageRating": 4.142857142857143, "brand": "Alert Stamping", "salesRankCategory": "Home Improvement", "salesRank": 9428}, {"asin": "B0007LIWGG", "name": "Bayco SL-8903 Professional 13 Amp 50-Foot Retractable Cord Reel, 3 Outlets", "imUrl": "http://ecx.images-amazon.com/images/I/31Ml7r7Rj9L._SX342_.jpg", "price": 81.29, "numReviews": 25, "groups": [47], "averageRating": 3.88, "brand": "Bayco"}, {"asin": "B00ED2OUH0", "name": "D-2 Rubber Duct Cord Cover - 30\" (Black)", "imUrl": "http://ecx.images-amazon.com/images/I/41YO5345CYL._SX300_.jpg", "price": 15.0, "numReviews": 128, "groups": [48], "averageRating": 4.6015625, "salesRankCategory": "Electronics", "salesRank": 9758}, {"asin": "B000YFBQH2", "name": "C2G / Cables to Go 43222 Releasable/Reusable Cable Ties (Black) - 50 pack", "imUrl": "http://ecx.images-amazon.com/images/I/319OSsjOVnL._SY300_.jpg", "price": 7.59, "numReviews": 3, "groups": [49], "averageRating": 4.666666666666667, "brand": "C2G"}, {"asin": "B004UHJC7G", "name": "Sleeving, 3/4 In Self Wrap Braided, 8 Ft", "imUrl": "http://ecx.images-amazon.com/images/I/31Vw7KKVBjL.jpg", "price": 9.06, "numReviews": 10, "groups": [50], "averageRating": 5.0, "salesRankCategory": "Electronics", "salesRank": 6655}, {"asin": "B008VF1XD4", "name": "10ea 3/4\" x 14\" Hook Loop Cable Tie Down Straps Black Velcro", "imUrl": "http://ecx.images-amazon.com/images/I/51GjVkq1YlL._SX300_.jpg", "price": 8.45, "numReviews": 6, "groups": [51], "averageRating": 4.5, "salesRankCategory": "Home & Kitchen", "salesRank": 126265}, {"asin": "B000GAS1DC", "name": "Gardner Bender 46-415UVB Heavy-Duty Cable Tie UVB, 15-Inch Length, 120-Pound Tensil Strength, 50/Bag, Ultraviolet Resistant Black", "imUrl": "http://ecx.images-amazon.com/images/I/410N%2B0Ee8oL._SY300_.jpg", "price": 9.14, "numReviews": 3, "groups": [52], "averageRating": 3.6666666666666665, "brand": "Gardner Bender"}, {"asin": "B009IOEYH4", "name": "1000 Pcs 90mm x 2mm Self Locking Wire Cable Zip Tie 3.5\" White", "imUrl": "http://ecx.images-amazon.com/images/I/31vQGSYszcL._SY300_.jpg", "price": 6.27, "numReviews": 2, "groups": [53], "averageRating": 4.5}, {"asin": "B00BQ51T8K", "name": "TechFlex - 3/4 Inch F6-Self Wrap Sleeving - Black 100ft-by-TechFlex", "imUrl": "http://ecx.images-amazon.com/images/I/213NWef11RL.jpg", "price": 28.95, "numReviews": 1, "groups": [54], "averageRating": 5.0, "salesRankCategory": "Electronics", "salesRank": 113249}, {"asin": "B0000AXA3M", "name": "National Electric Heavy Duty Tri-Tap Reel - NAT23T50", "imUrl": "http://ecx.images-amazon.com/images/I/41M1KW9EARL._SY300_.jpg", "price": 43.99, "numReviews": 1, "groups": [55], "averageRating": 5.0}, {"asin": "B00GH0B1NW", "name": "\"Easy Read\" Assembly Decals. Tough Chrome Foil Labels for Mechanics, Electricians, Musicians & Home Owners. Mark it before taking it apart? Know what plug-in goes to what socket? Audio, Desktop Electronics, Engines and more. Best Quality at the Best Prices.", "imUrl": "http://ecx.images-amazon.com/images/I/51Avxpq9S3L._SY300_.jpg", "price": 3.5, "numReviews": 6, "groups": [56], "averageRating": 4.0, "salesRankCategory": "Electronics", "salesRank": 5077}, {"asin": "B000T9SDVU", "name": "Gardner Bender 46-104UVB 4-Inch Black Heavy Duty UV Resistant Cable Ties, 100-Pack", "imUrl": "http://ecx.images-amazon.com/images/I/5144wIJqJIL._SX300_.jpg", "price": 1.42, "numReviews": 2, "groups": [57], "averageRating": 5.0, "brand": "Gardner Bender"}, {"asin": "B004SQZM4Q", "name": "Techflex CCP0.38BK25 Flexo Clean Cut 3/8-Inch Braided Cable Sleeve, Black - 25 Feet", "imUrl": "http://ecx.images-amazon.com/images/I/31qguRfF0-L.jpg", "price": 16.95, "numReviews": 1, "groups": [58], "averageRating": 5.0, "salesRankCategory": "Electronics", "salesRank": 56966}, {"asin": "B005LTJ6SC", "name": "Pro Tie B8HD100 7.9-Inch Heavy Duty Standard Cable Tie, UV Black Nylon, 100-Pack", "imUrl": "http://ecx.images-amazon.com/images/I/41Bd%2BNnZT7L._SY300_.jpg", "price": 8.05, "numReviews": 3, "groups": [59], "averageRating": 5.0, "brand": "Pro Tie"}, {"asin": "B003ROU0VK", "name": "Stanley 39670 EZ Hidewire Rectangle, 8-Feet, Black, 1-Pack", "imUrl": "http://ecx.images-amazon.com/images/I/41ZkUd%2BdHCL._SY300_.jpg", "price": 23.5, "numReviews": 2, "groups": [60], "averageRating": 3.5}, {"asin": "B00630COTG", "name": "40 Ft. Retractable Cord Reel with Triple Tap Wall Mountable; Spring-loaded automatic rewind", "imUrl": "http://ecx.images-amazon.com/images/I/41pHFBWzaAL._SY300_.jpg", "price": 88.48, "numReviews": 1, "groups": [61], "averageRating": 3.0}, {"asin": "B00005A1K1", "name": "Green Leaf WW-1 Wonder Winder Hand Crank Extension Cord Winder", "imUrl": "http://ecx.images-amazon.com/images/I/51iKA52EJeL._SY300_.jpg", "price": 13.89, "numReviews": 526, "groups": [62], "averageRating": 4.2034220532319395, "brand": "Green Leaf"}, {"asin": "B004GE8AKI", "name": "Techflex 3/8\" Expandable Sleeving 25 ft. Carbon", "imUrl": "http://ecx.images-amazon.com/images/I/41TceL-PwyL._SY300_.jpg", "price": 10.33, "numReviews": 1, "groups": [63], "averageRating": 4.0}, {"asin": "B005GLILP4", "name": "6 x Cable Drop Cord Wire Clip Tie Organizer", "imUrl": "http://ecx.images-amazon.com/images/I/41e2P28tNLL._SY300_.jpg", "price": 8.72, "numReviews": 4, "groups": [64], "averageRating": 2.25, "salesRankCategory": "Electronics", "salesRank": 93066}, {"asin": "B000234SRQ", "name": "Cordwiz Classic Cord Holder (30200)", "imUrl": "http://ecx.images-amazon.com/images/I/31wqiImt%2BUL._SY300_.jpg", "price": 7.11, "numReviews": 1, "groups": [65], "averageRating": 3.0}, {"asin": "B005OK8A5I", "name": "Joy Fish 14.5\" Super Heavy Duty Nylon Cable Ties, 120 lb Test, 100 PC, Black", "imUrl": "http://ecx.images-amazon.com/images/I/51HPhGVdBBL._SX300_.jpg", "price": 11.2, "numReviews": 3, "groups": [66], "averageRating": 5.0, "brand": "Joy Fish"}, {"asin": "B006ISG5M0", "name": "Eastwood Professional Cable Wire Tie Gun - Install and Cut Plastic Nylon Ties", "imUrl": "http://ecx.images-amazon.com/images/I/41WrrIovrDL._SY300_.jpg", "price": 26.24, "numReviews": 55, "groups": [67], "averageRating": 4.418181818181818}, {"asin": "B004YBPD76", "name": "AVF UNIMAX ZA180W Cable Management", "imUrl": "http://ecx.images-amazon.com/images/I/31qSHghayiL._SX300_.jpg", "price": 22.96, "numReviews": 9, "groups": [68], "averageRating": 3.3333333333333335, "brand": "AVF", "salesRankCategory": "Electronics", "salesRank": 55520}, {"asin": "B005CRLT4W", "name": "Premiere Raceway - FCL-21411 - Product - 1/2 X48 COVER LID WHITE", "imUrl": "http://ecx.images-amazon.com/images/I/41yEKXGDuXL._SY300_.jpg", "price": 3.11, "numReviews": 1, "groups": [69], "averageRating": 5.0}, {"asin": "B004AFCVDA", "name": "Monoprice Fastening Tape 0.75inch One Wrap Hook & Loop Fastening Tape 5 yard/Roll - White", "imUrl": "http://ecx.images-amazon.com/images/I/41QZF3-UOML._SX300_.jpg", "price": 4.97, "numReviews": 55, "groups": [70], "averageRating": 3.963636363636364, "brand": "Monoprice", "salesRankCategory": "Electronics", "salesRank": 1891}, {"asin": "B00FDWJAM4", "name": "Mini Cable Management Systems, 9 Inches Box. Including Cord organizer Clips and Wire arranging Ties.", "imUrl": "http://ecx.images-amazon.com/images/I/41OIkYdluhL._SY300_.jpg", "price": 23.5, "numReviews": 5, "groups": [71], "averageRating": 4.2}, {"asin": "B0002J2R2I", "name": "C2G / Cables to Go 43038 Cable Ties - 100 Pack (Black)", "imUrl": "http://ecx.images-amazon.com/images/I/31YHEwNB-8L._SY300_.jpg", "price": 5.97, "numReviews": 12, "groups": [72], "averageRating": 4.166666666666667, "brand": "C2G", "salesRankCategory": "Electronics", "salesRank": 26673}, {"asin": "B000BOE0TM", "name": "Gardner Bender 48-308UVB Mounting Cable Tie UVB, 8-Inch Length, 50-Pound Tensil Strength, 100/Bag, Ultraviolet Resistant Black", "imUrl": "http://ecx.images-amazon.com/images/I/41iEQQLQ9%2BL._SX300_.jpg", "price": 8.67, "numReviews": 1, "groups": [39], "averageRating": 5.0, "brand": "Gardner Bender"}, {"asin": "B004RILEH4", "name": "White Split Loom Tubing - 1\" I.D. / 5' Length : SLT1W-5", "imUrl": "http://ecx.images-amazon.com/images/I/21tdm%2BVm5uL.jpg", "price": 4.99, "numReviews": 3, "groups": [73], "averageRating": 4.0}, {"asin": "B00DP3H2AU", "name": "Flexible Nylon Slit Convoluted Wire Loom, 1 Inch, Diameter, 15 Feet, White", "imUrl": "http://ecx.images-amazon.com/images/I/418L4uvTgfL._SY300_.jpg", "price": 18.99, "numReviews": 1, "groups": [74], "averageRating": 5.0, "salesRankCategory": "Electronics", "salesRank": 11245}, {"asin": "B003F77JXG", "name": "Westinghouse 28593 Light Cord Wrap, Red, Stores 100-Ft of 16/3-Cord", "imUrl": "http://ecx.images-amazon.com/images/I/413Vad%2BAn4L._SX300_.jpg", "price": 7.74, "numReviews": 1, "groups": [75], "averageRating": 5.0}, {"asin": "B004SQZHMS", "name": "Techflex(TM), Sleeving, 1/4In Dia, 100Ft", "imUrl": "http://ecx.images-amazon.com/images/I/31Nf6sebzTL.jpg", "price": 38.92, "numReviews": 1, "groups": [76], "averageRating": 5.0, "salesRankCategory": "Electronics", "salesRank": 105733}, {"asin": "B00BMUMA82", "name": "100 PCS / Pack 12\" Inch 12 White Network Cable Cord Wire Tie Ties Strap 60 Lbs Zip Nylon", "imUrl": "http://ecx.images-amazon.com/images/I/31KM1zenX8L.jpg", "price": 0.59, "numReviews": 4, "groups": [44], "averageRating": 4.75}, {"asin": "B003I7QKUQ", "name": "ZipTape Wire Label Dispenser, 150 markers", "imUrl": "http://ecx.images-amazon.com/images/I/31DvtiodxLL.jpg", "price": 14.99, "numReviews": 8, "groups": [77], "averageRating": 4.125, "salesRankCategory": "Electronics", "salesRank": 12619}, {"asin": "B005OK6THY", "name": "Joy Fish 4.7\" Heavy Duty Nylon Cable Ties, 50 lb Test, 100 PC, Black", "imUrl": "http://ecx.images-amazon.com/images/I/51HPhGVdBBL._SX300_.jpg", "price": 7.69, "numReviews": 4, "groups": [78], "averageRating": 5.0, "brand": "Joy Fish"}, {"asin": "B0085U9C7O", "name": "Dotz Cord Wrap for Cord and Cable Management, Red (CWOS30M-CR)", "imUrl": "http://ecx.images-amazon.com/images/I/41KjW4uPNjL._SY300_.jpg", "price": 8.29, "numReviews": 21, "groups": [79], "averageRating": 4.0476190476190474, "brand": "Dotz"}, {"asin": "B00CA5JAYA", "name": "8\" Nylon Cable Ties, Black (Qty 100) - Lifetime Warranty", "imUrl": "http://ecx.images-amazon.com/images/I/41va6Dlj0iL._SX300_.jpg", "price": 5.05, "numReviews": 1, "groups": [80], "averageRating": 4.0}, {"asin": "B000WNG0K4", "name": "Monster FS CBL MGMT-4 EFS 4-Channel Monster FlatScreen Cable Management Kit", "imUrl": "http://ecx.images-amazon.com/images/I/41%2BHnl608OL._SX300_.jpg", "price": 26.87, "numReviews": 28, "groups": [81], "averageRating": 4.535714285714286, "salesRankCategory": "Electronics", "salesRank": 11660}, {"asin": "B004UHQ4E0", "name": "TechFlex F6 0.25 inch split sleeving 100ft", "imUrl": "http://ecx.images-amazon.com/images/I/31Vw7KKVBjL.jpg", "price": 48.95, "numReviews": 1, "groups": [82], "averageRating": 5.0, "salesRankCategory": "Electronics", "salesRank": 18250}, {"asin": "B001KA4P7I", "name": "Woods 82870 Snap-Together Cord Reel, Black, Holds up to 150-Feet 16/3 AWG", "imUrl": "http://ecx.images-amazon.com/images/I/510yITSx3wL._SY300_.jpg", "price": 11.8, "numReviews": 6, "groups": [83], "averageRating": 4.166666666666667, "brand": "Woods"}, {"asin": "B003TXYP3I", "name": "Monoprice Hook & Loop Fastening Cable Ties, 6\", 50 pcs - White", "imUrl": "http://ecx.images-amazon.com/images/I/31fJbhYsyfL._SX300_.jpg", "price": 5.59, "numReviews": 3, "groups": [84], "averageRating": 4.0, "brand": "Monoprice", "salesRankCategory": "Electronics", "salesRank": 36076}, {"asin": "B00847Q4MY", "name": "Monoprice 108288 Cable Management Kit", "imUrl": "http://ecx.images-amazon.com/images/I/31E8FTjs0HL._SX300_.jpg", "price": 16.7, "numReviews": 12, "groups": [85], "averageRating": 3.5, "brand": "Monoprice", "salesRankCategory": "Electronics", "salesRank": 4995}, {"asin": "B00BFK8I44", "name": "BuyCheapCables 100 Pack 8\" Nylon Cable Zip Ties Self Locking 4mm (Clear - 50lbs)", "imUrl": "http://ecx.images-amazon.com/images/I/41P2dA%2BNVDL._SY300_.jpg", "price": 5.94, "numReviews": 11, "groups": [86], "averageRating": 4.2727272727272725}, {"asin": "B00000J1SC", "name": "Belkin Velcro Cable Ties (8 Inch)", "imUrl": "http://ecx.images-amazon.com/images/I/21biv%2B1i0xL.jpg", "price": 5.44, "numReviews": 150, "groups": [87], "averageRating": 4.08}, {"asin": "B00213KL7Q", "name": "StarTech TCV205 8in Screw Mount Cable Ties - 100 Pack", "imUrl": "http://ecx.images-amazon.com/images/I/31ahAhXpP%2BL._SX300_.jpg", "price": 10.56, "numReviews": 3, "groups": [88], "averageRating": 5.0, "brand": "StarTech", "salesRankCategory": "Electronics", "salesRank": 40095}, {"asin": "B0030CRT5E", "name": "Absolute CT6100R 6-Inch Cable Tie - 100 Pieces (Red)", "imUrl": "http://ecx.images-amazon.com/images/I/41cG9sSAa0L._SY300_.jpg", "price": 7.15, "numReviews": 2, "groups": [89], "averageRating": 5.0}, {"asin": "B005QE8DF4", "name": "Neiko 15-Inch UV Protected Cable Ties - Pack of 500, Made in USA", "imUrl": "http://ecx.images-amazon.com/images/I/31XRe7E5XIL.jpg", "price": 25.24, "numReviews": 5, "groups": [90], "averageRating": 5.0, "brand": "Neiko"}, {"asin": "B002NSPQHY", "name": "Install Bay BCT8-1 8-Inch, 40-Pound Cable Tie, Black (1000-Pack)", "imUrl": "http://ecx.images-amazon.com/images/I/11GsUd%2B0%2BZL._SX300_.jpg", "price": 27.16, "numReviews": 1, "groups": [91], "averageRating": 5.0, "brand": "Install Bay"}, {"asin": "B009A4MGJK", "name": "Stanley TUBE-650B-S Cable Tie Specialty Assortment", "imUrl": "http://ecx.images-amazon.com/images/I/41bp7yaf4rL._SY300_.jpg", "price": 18.53, "numReviews": 2, "groups": [92], "averageRating": 5.0, "brand": "Stanley"}, {"asin": "B00DP3K8A6", "name": "Flexible Nylon Slit Convoluted Wire Loom, 3/4 Inch Diameter, 20 Feet, Black", "imUrl": "http://ecx.images-amazon.com/images/I/519trIf8GeL._SY300_.jpg", "price": 15.45, "numReviews": 2, "groups": [93], "averageRating": 4.5, "salesRankCategory": "Electronics", "salesRank": 6351}, {"asin": "B003L11EXW", "name": "Monoprice Cable Tie 8 inch 40LBS, 100pcs/Pack - Red", "imUrl": "http://ecx.images-amazon.com/images/I/31JLZjjViLL._SX300_.jpg", "price": 3.8, "numReviews": 6, "groups": [94], "averageRating": 4.666666666666667, "brand": "Monoprice", "salesRankCategory": "Electronics", "salesRank": 21208}, {"asin": "B0052RHDJC", "name": "Amico Black 4.5mm Width Cable Tie Base Saddle Type Mount Wire Holder 100Pcs", "imUrl": "http://ecx.images-amazon.com/images/I/4191sySKCvL._SY300_.jpg", "price": 2.87, "numReviews": 20, "groups": [95], "averageRating": 4.75}, {"asin": "B000WNIZP2", "name": "Monster CIT MWH-16 Medium Diameter White Cable-It Wire Management System (16 feet)", "imUrl": "http://ecx.images-amazon.com/images/I/41MDXU1eUkL._SX300_.jpg", "price": 29.99, "numReviews": 186, "groups": [96], "averageRating": 4.053763440860215}, {"asin": "B002709HL4", "name": "Sleeving, 1/8 In Expandable Braided, 10Ft", "imUrl": "http://ecx.images-amazon.com/images/I/31lQd8t2LjL.jpg", "price": 3.59, "numReviews": 2, "groups": [97], "averageRating": 5.0}, {"asin": "B002CVTKEM", "name": "Reelcraft LG3040-123-9 Spring Driven Cord Reel with 40-Feet of 12/3 Cord and Triple Outlet", "imUrl": "http://ecx.images-amazon.com/images/I/31jmgLtHD1L._SX300_.jpg", "price": 166.0, "numReviews": 16, "groups": [98], "averageRating": 2.9375}, {"asin": "B0006OAETW", "name": "8 VELCRO TIE WRAP BLACK - 10 PACK", "imUrl": "http://ecx.images-amazon.com/images/I/41Ft-HuSV7L._SY300_.jpg", "price": 6.0, "numReviews": 1, "groups": [99], "averageRating": 4.0, "salesRankCategory": "Electronics", "salesRank": 211002}, {"asin": "B00FMBRDAW", "name": "YouCan Automatic Cord Winder for Headphones, Earbuds, Chargers and USB Cables (White)", "imUrl": "http://ecx.images-amazon.com/images/I/31PzfBmghJL._SY300_.jpg", "price": 8.99, "numReviews": 1, "groups": [100], "averageRating": 1.0}, {"asin": "B002KEVNUA", "name": "400-804CL Steren 4IN Cable Ties 100 Pcs - Clear", "imUrl": "http://ecx.images-amazon.com/images/I/21OdxX1%2BdAL._SY300_.jpg", "price": 3.49, "numReviews": 4, "groups": [101], "averageRating": 5.0, "brand": "Steren", "salesRankCategory": "Electronics", "salesRank": 17748}, {"asin": "B003X2ZMDC", "name": "Cable Tie Strap Hook and Loop, 30 ft. Roll, Manhattan 422161", "imUrl": "http://ecx.images-amazon.com/images/I/51rH6W4kfYL._SY300_.jpg", "price": 15.99, "numReviews": 2, "groups": [102], "averageRating": 4.5}, {"asin": "B005LTJ4O8", "name": "Pro Tie B24EHD25 24.9-Inch Extra Heavy Duty Standard Cable Tie, UV Black Nylon, 25-Pack", "imUrl": "http://ecx.images-amazon.com/images/I/41zKbYycL0L._SY300_.jpg", "price": 8.76, "numReviews": 10, "groups": [103], "averageRating": 4.6, "brand": "Pro Tie"}, {"asin": "B008B60W8K", "name": "Speedi-Products AC-DT 36 36-Inch Length Flexible Ducting Cable Tie Straps (25-pack)", "imUrl": "http://ecx.images-amazon.com/images/I/31wBaemfldL._SX300_.jpg", "price": 17.53, "numReviews": 1, "groups": [104], "averageRating": 1.0}, {"asin": "B0094DE1WM", "name": "1000 Pcs Black Plastic Cable Zip Tie Fasten Wrap 80mm x 2mm", "imUrl": "http://ecx.images-amazon.com/images/I/41lnCeDYUSL._SY300_.jpg", "price": 8.79, "numReviews": 1, "groups": [105], "averageRating": 5.0}, {"asin": "B003E46MCO", "name": "Stanley 33955 Portable Cord Reel with Metal Stand, Black", "imUrl": "http://ecx.images-amazon.com/images/I/415SK9X4zbL._SY300_.jpg", "price": 12.99, "numReviews": 7, "groups": [106], "averageRating": 2.142857142857143}, {"asin": "B005LTJ2YA", "name": "Pro Tie B11HD100 11.9-Inch Heavy Duty Standard Cable Tie, UV Black Nylon, 100-Pack", "imUrl": "http://ecx.images-amazon.com/images/I/41uDAAEIv4L._SY300_.jpg", "price": 14.62, "numReviews": 5, "groups": [107], "averageRating": 4.8}, {"asin": "B008CFSUSE", "name": "1\" Natural Twist Lock (Package of 100)", "imUrl": "http://ecx.images-amazon.com/images/I/41hdNEurCYL._SX342_.jpg", "price": 7.0, "numReviews": 2, "groups": [108], "averageRating": 4.5, "salesRankCategory": "Industrial & Scientific", "salesRank": 62076}, {"asin": "B0000AXED4", "name": "Ty-Rap L-4-18-9-C Cable Tie, Miniature, 4-Inch Length by 0.1-Inch Width, Natural, 100-Pack", "imUrl": "http://ecx.images-amazon.com/images/I/21ni9AB6wdL._SX300_.jpg", "price": 1.53, "numReviews": 1, "groups": [109], "averageRating": 5.0}, {"asin": "B000BMEPGM", "name": "Berk Automotive 50 UV Black Nylon Cable Ties 36-Inch Heavy Duty 175lb", "imUrl": "http://ecx.images-amazon.com/images/I/41qjYD0sL1L._SX300_.jpg", "price": 16.55, "numReviews": 1, "groups": [110], "averageRating": 5.0}, {"asin": "B000F955HE", "name": "Bayco SL-8904 Professional 15 Amp 50-Foot Retractable Cord Reel, 4 Outlets", "imUrl": "http://ecx.images-amazon.com/images/I/41V0MDWRACL._SY445_.jpg", "price": 99.49, "numReviews": 24, "groups": [47], "averageRating": 3.625, "brand": "Bayco"}, {"asin": "B0002J2R3M", "name": "C2G / Cables to Go 43039 Cable Ties - 100 Pack (Black)", "imUrl": "http://ecx.images-amazon.com/images/I/31YHEwNB-8L._SY300_.jpg", "price": 7.98, "numReviews": 3, "groups": [111], "averageRating": 4.666666666666667, "brand": "C2G"}, {"asin": "B000BOB734", "name": "Gardner Bender 45-MB Natural Mounting Base For Cable Ties", "imUrl": "http://ecx.images-amazon.com/images/I/41dVTIgFxSL._SX300_.jpg", "price": 3.91, "numReviews": 1, "groups": [112], "averageRating": 5.0, "brand": "Gardner Bender"}, {"asin": "B0002J2FJS", "name": "C2G 29853 Hook-and-Loop Cable Wrap (25 Feet/7.62 Meters)", "imUrl": "http://ecx.images-amazon.com/images/I/41ySrlIS9YL._SX300_.jpg", "price": 9.84, "numReviews": 14, "groups": [113], "averageRating": 3.7857142857142856, "brand": "C2G", "salesRankCategory": "Electronics", "salesRank": 33220}, {"asin": "B000BSLPVO", "name": "Velcro(R) One-Wrap(R) Cableties 8in Rd 25pk", "imUrl": "http://ecx.images-amazon.com/images/I/31NRWC9W3PL.jpg", "price": 9.99, "numReviews": 1, "groups": [114], "averageRating": 5.0, "salesRankCategory": "Electronics", "salesRank": 136490}, {"asin": "B000LTNIZE", "name": "OmniMount CMK 4.25 Inch Cable Management Covers -- White", "imUrl": "http://ecx.images-amazon.com/images/I/41ABgyPHyNL._SY300_.jpg", "price": 16.69, "numReviews": 121, "groups": [115], "averageRating": 3.5785123966942147, "brand": "OmniMount", "salesRankCategory": "Electronics", "salesRank": 3217}, {"asin": "B001KMW3KC", "name": "Gardner Bender Cable Ties 8\" Black (100) 46-308UVB", "imUrl": "http://ecx.images-amazon.com/images/I/31J2h9j-aIL._SY300_.jpg", "price": 6.97, "numReviews": 8, "groups": [116], "averageRating": 4.25, "brand": "Gardner Bender"}, {"asin": "B004YKW8MK", "name": "NSI Industries 4180X Miniature UV and Weather Resistant Cable Tie, 18lbs Tensile Strength, 7/8\" Bundle Diameter, 0.100\" Width, 4\" Length, Black (Pack of 1000)", "imUrl": "http://ecx.images-amazon.com/images/I/21Fg8pe5gcL._SY445_.jpg", "price": 19.99, "numReviews": 11, "groups": [117], "averageRating": 4.818181818181818, "brand": "NSI Industries", "salesRankCategory": "Industrial & Scientific", "salesRank": 43256}, {"asin": "B00AOCCJV2", "name": "500 Pcs Black Self Locking Nylon Fasten Wire Cable Zip Ties 4mm x 145mm", "imUrl": "http://ecx.images-amazon.com/images/I/51zg9eg7fHL._SY300_.jpg", "price": 4.3, "numReviews": 2, "groups": [118], "averageRating": 2.0}, {"asin": "B00005T3ZY", "name": "Belkin 7.5-Inch Cable Ties - Multicolored (52 Pieces)", "imUrl": "http://ecx.images-amazon.com/images/I/21NMCBZY39L.jpg", "price": 8.05, "numReviews": 16, "groups": [119], "averageRating": 4.1875}, {"asin": "B003FYWIOY", "name": "The Sarut Group Alligator Rubber Cable Twister Cable Tie", "imUrl": "http://ecx.images-amazon.com/images/I/21GB%2BNtMvaL._SY300_.jpg", "price": 5.99, "numReviews": 1, "groups": [120], "averageRating": 5.0}, {"asin": "B00HVFDZ0Y", "name": "200 Pack 14\" Black Cable Ties Heavy Duty 50lb Long Industrial Wire Zip Ties", "imUrl": "http://ecx.images-amazon.com/images/I/51UB4A9hcfL._SY300_.jpg", "price": 12.99, "numReviews": 1, "groups": [121], "averageRating": 5.0, "brand": "Cable Ties"}, {"asin": "B002KYFFL8", "name": "400-804BK Steren 4IN Cable Ties 100 Pcs - Black", "imUrl": "http://ecx.images-amazon.com/images/I/41q1JqfbpIL._SY300_.jpg", "price": 2.47, "numReviews": 14, "groups": [122], "averageRating": 4.428571428571429, "brand": "Steren", "salesRankCategory": "Electronics", "salesRank": 17092}, {"asin": "B009OM0FX2", "name": "Nylon Cable Ties - 6\" - Rainbow - 500 Pack", "imUrl": "http://ecx.images-amazon.com/images/I/21Mymx2y-%2BL.jpg", "price": 3.3, "numReviews": 3, "groups": [123], "averageRating": 5.0}, {"asin": "B00BB710IW", "name": "3m Cable Tie And Mounting Base Assembly #792 100pcs.", "imUrl": "http://ecx.images-amazon.com/images/I/51QRKWLX3aL._SY300_.jpg", "price": 8.5, "numReviews": 1, "groups": [124], "averageRating": 5.0}, {"asin": "B00C1O7SO4", "name": "TechFlex F6 Woven Wrap 1/2\" 25' Wiring Split Wire Covering F6W0.50BK", "imUrl": "http://ecx.images-amazon.com/images/I/31i8FiLb6RL.jpg", "price": 24.95, "numReviews": 1, "groups": [125], "averageRating": 5.0, "salesRankCategory": "Electronics", "salesRank": 54808}, {"asin": "B002CVTKIS", "name": "Reelcraft LG3050-143-9 Spring Driven Cord Reel with 50-Feet of 14/3 Cord and Triple Outlet", "imUrl": "http://ecx.images-amazon.com/images/I/313gjcV8lvL._SX300_.jpg", "price": 154.98, "numReviews": 2, "groups": [126], "averageRating": 3.0, "brand": "Reelcraft"}, {"asin": "B00AZUU6SG", "name": "Ostart 30pcs Colorful Reusable Velcro Cable Ties Strap Wire Fasteners Organiser Holder", "imUrl": "http://ecx.images-amazon.com/images/I/41bGOAs8pxL._SY300_.jpg", "price": 5.99, "numReviews": 1, "groups": [127], "averageRating": 4.0, "salesRankCategory": "Electronics", "salesRank": 247655}, {"asin": "B001DW8J0C", "name": "Tripp Lite SRCABLEDUCT1U Rack Enclosure Horizontal Cable Manager (finger duct) 1URM", "imUrl": "http://ecx.images-amazon.com/images/I/31DYFRSVppL._SY300_.jpg", "price": 46.46, "numReviews": 3, "groups": [128], "averageRating": 3.0, "brand": "Tripp Lite", "salesRankCategory": "Computers & Accessories", "salesRank": 3176}, {"asin": "B004SQYT68", "name": "Techflex CCP0.13BK25 Flexo Clean Cut 1/8-Inch Braided Cable Sleeve, Black - 25 Feet", "imUrl": "http://ecx.images-amazon.com/images/I/31qguRfF0-L.jpg", "price": 11.43, "numReviews": 2, "groups": [129], "averageRating": 5.0, "salesRankCategory": "Electronics", "salesRank": 70186}, {"asin": "B00004WLJ9", "name": "GB 50098 Electrical Assorted Cable Ties, 500-Pack", "imUrl": "http://ecx.images-amazon.com/images/I/41WS3XH4XQL._SY300_.jpg", "price": 9.95, "numReviews": 69, "groups": [130], "averageRating": 4.202898550724638, "brand": "GB"}, {"asin": "B0058TX5V4", "name": "Install Bay BCT8S Cable Tie 8-Inch 18-Pounds Thin, Black (100-Pack)", "imUrl": "http://ecx.images-amazon.com/images/I/21ufW1vs%2BlL._SX300_.jpg", "price": 3.47, "numReviews": 2, "groups": [131], "averageRating": 5.0, "brand": "Install Bay"}, {"asin": "B001G3XRVE", "name": "Wrap-N-Strap 906M Wrap-N-Strap Cable Wraps", "imUrl": "http://ecx.images-amazon.com/images/I/51cdhHm%2BlGL._SY300_.jpg", "price": 7.1, "numReviews": 3, "groups": [132], "averageRating": 4.666666666666667, "brand": "Wrap-N-Strap", "salesRankCategory": "Musical Instruments", "salesRank": 29514}, {"asin": "B002GQF8YY", "name": "Neiko Tools USA 8\" Black Cable Ties 1000 / pack", "imUrl": "http://ecx.images-amazon.com/images/I/41hYofywkvL._SY300_.jpg", "price": 15.73, "numReviews": 1, "groups": [133], "averageRating": 4.0, "brand": "Neiko"}, {"asin": "B003VW06OY", "name": "Bluelounge CableBox Mini Green - Cable Management - Small Surge Protector Included", "imUrl": "http://ecx.images-amazon.com/images/I/31vg%2BKNcmOL._SY300_.jpg", "price": 21.99, "numReviews": 6, "groups": [134], "averageRating": 4.5, "brand": "Bluelounge", "salesRankCategory": "Electronics", "salesRank": 26507}, {"asin": "B004ZL2Q6G", "name": "Quirky Cordlets Desktop Wire Management for keyboard, mouse, and charging accessories (4-pack, Charcoal) (Discontinued by Manufacturer)", "imUrl": "http://ecx.images-amazon.com/images/I/31kcMJn%2BFSL._SX300_.jpg", "price": 8.9, "numReviews": 13, "groups": [135], "averageRating": 1.5384615384615385, "salesRankCategory": "Electronics", "salesRank": 13495}, {"asin": "B000EGM5AI", "name": "OmniMount ECCB 8 7/8\" External Wire Management Kit", "imUrl": "http://ecx.images-amazon.com/images/I/31fNV5RTjBL._SY300_.jpg", "price": 33.68, "numReviews": 4, "groups": [136], "averageRating": 2.75, "salesRankCategory": "Electronics", "salesRank": 193174}, {"asin": "B0013LSEG2", "name": "Large Plastic Cord Cover - 5FT - Beige", "imUrl": "http://ecx.images-amazon.com/images/I/41Tl6X3lrfL._SX300_.jpg", "price": 11.99, "numReviews": 5, "groups": [137], "averageRating": 4.2, "salesRankCategory": "Electronics", "salesRank": 106074}, {"asin": "B001DXOU9U", "name": "Gardner Bender 45-524UVBSP 24-Inch Ultraviolet Black Heavy Duty Cable Ties, 10-Pack", "imUrl": "http://ecx.images-amazon.com/images/I/41Bze9tfbiL._SX300_.jpg", "price": 6.06, "numReviews": 1, "groups": [138], "averageRating": 5.0, "brand": "Gardner Bender"}, {"asin": "B002UXLEZA", "name": "REW - Headphone Cable Tidy", "imUrl": "http://ecx.images-amazon.com/images/I/51S3vvnAwnL._SY300_.jpg", "price": 5.49, "numReviews": 4, "groups": [139], "averageRating": 2.75, "salesRankCategory": "Electronics", "salesRank": 128948}, {"asin": "B0010EW5LC", "name": "C2G / Cables to Go 43042 Releasable/Reusable Cable Ties - 50 Pack (White)", "imUrl": "http://ecx.images-amazon.com/images/I/21rIMQwz8RL._SY300_.jpg", "price": 4.99, "numReviews": 5, "groups": [140], "averageRating": 3.6, "brand": "C2G"}, {"asin": "B0063JFZFC", "name": "AppleCore Cable Organizer 3 Pack Combo (Green, Orange, Red)", "imUrl": "http://ecx.images-amazon.com/images/I/41EfQ8phHOL._SY300_.jpg", "price": 9.34, "numReviews": 7, "groups": [141], "averageRating": 4.142857142857143}, {"asin": "B0008IV3X2", "name": "Techflex 3/4 F6 Split Sleeving 50 ft. Black", "imUrl": "http://ecx.images-amazon.com/images/I/41obfiaDkuL._SY300_.jpg", "price": 52.76, "numReviews": 2, "groups": [142], "averageRating": 4.5, "brand": "Techflex"}, {"asin": "B003VW1E4A", "name": "CableBox Mini", "imUrl": "http://ecx.images-amazon.com/images/I/314KcyqAGLL._SY300_.jpg", "price": 16.49, "numReviews": 5, "groups": [143], "averageRating": 4.6, "salesRankCategory": "Electronics", "salesRank": 35170}, {"asin": "B00H8FXPE8", "name": "niceeshop(TM) Utility Nylon Double-sided Black Velcro Hook & Loop Fastening Tape Strip Cable Tie Roll", "imUrl": "http://ecx.images-amazon.com/images/I/41Jvq0FIT4L._SY300_.jpg", "price": 3.59, "numReviews": 1, "groups": [144], "averageRating": 5.0}, {"asin": "B003L13A48", "name": "Monoprice Cable Tie 11 inch 50LBS, 100pcs/Pack - Black", "imUrl": "http://ecx.images-amazon.com/images/I/315HO3zx%2BwL._SX300_.jpg", "price": 4.14, "numReviews": 2, "groups": [145], "averageRating": 3.0, "brand": "Monoprice", "salesRankCategory": "Electronics", "salesRank": 9056}, {"asin": "B002BG2MFM", "name": "Boston Industrial UV 175 Tensile Strength 36 Inch Cable Ties, 50 Pack - Black", "imUrl": "http://ecx.images-amazon.com/images/I/312Xd3RUmhL.jpg", "price": 11.0, "numReviews": 1, "groups": [146], "averageRating": 2.0}, {"asin": "B005ZQELZY", "name": "Rockler Magnetic Cord Keeper, Pack of 2", "imUrl": "http://ecx.images-amazon.com/images/I/413ksVkII2L._SY300_.jpg", "price": 7.99, "numReviews": 1, "groups": [147], "averageRating": 1.0}, {"asin": "B0062KGAPQ", "name": "Bluelounge Design SO-WH Sumo Cable Management System (Discontinued by Manufacturer)", "imUrl": "http://ecx.images-amazon.com/images/I/31YsngQIbML._SX300_.jpg", "price": 11.95, "numReviews": 19, "groups": [148], "averageRating": 4.2105263157894735, "salesRankCategory": "Electronics", "salesRank": 24339}, {"asin": "B0070Z34JW", "name": "Cable Cover Channel 50 x 26 x 750 mm (29.5\") Aluminum Black", "imUrl": "http://ecx.images-amazon.com/images/I/313TjHVouYL._SY300_.jpg", "price": 13.02, "numReviews": 1, "groups": [149], "averageRating": 4.0}, {"asin": "B007K8XE6M", "name": "J Channel Cable Raceway - Black - 48\" Length - 6 Pack", "imUrl": "http://ecx.images-amazon.com/images/I/41nOgtUx-kL._SY300_.jpg", "price": 63.99, "numReviews": 1, "groups": [150], "averageRating": 4.0, "salesRankCategory": "Electronics", "salesRank": 25550}, {"asin": "B002EDM6OE", "name": "Blue Lounge Design CableDrop Cable Management System - Muted", "imUrl": "http://ecx.images-amazon.com/images/I/31Ifgh0h79L._SY300_.jpg", "price": 7.95, "numReviews": 151, "groups": [151], "averageRating": 2.6953642384105962}, {"asin": "B00ITEJVAE", "name": "Cosmos \u00ae 0.75 Inch Hook and Loop Fastening Tape, Velcro Cable Tie, (Pack 3 Color, 2 Yard)", "imUrl": "http://ecx.images-amazon.com/images/I/51YafPTjGgL._SY300_.jpg", "price": 6.77, "numReviews": 2, "groups": [152], "averageRating": 5.0}, {"asin": "B004054QJW", "name": "Dotz CWO854R Cord Wrap with Accessory Clip, Red", "imUrl": "http://ecx.images-amazon.com/images/I/31eDGN3JLRL._SX300_.jpg", "price": 4.45, "numReviews": 3, "groups": [153], "averageRating": 4.333333333333333, "salesRankCategory": "Electronics", "salesRank": 158413}, {"asin": "B00C1O4N38", "name": "TechFlex F6 Woven Wrap 3/8\" 10' Wiring Split Wire Covering F6W0.38BK", "imUrl": "http://ecx.images-amazon.com/images/I/31i8FiLb6RL.jpg", "price": 24.75, "numReviews": 1, "groups": [154], "averageRating": 5.0, "salesRankCategory": "Electronics", "salesRank": 40492}, {"asin": "B008K3RE30", "name": "Techflex(TM), Sleeving, 1/2In Dia, 50Ft", "imUrl": "http://ecx.images-amazon.com/images/I/31lQd8t2LjL.jpg", "price": 42.16, "numReviews": 12, "groups": [155], "averageRating": 4.25, "brand": "Techflex", "salesRankCategory": "Electronics", "salesRank": 40114}, {"asin": "B0000BYDKO", "name": "Bayco K-100 150-Foot Cord Reel", "imUrl": "http://ecx.images-amazon.com/images/I/51C83JWP8ML._SY300_.jpg", "price": 7.98, "numReviews": 516, "groups": [156], "averageRating": 3.4147286821705425, "brand": "Bayco", "salesRankCategory": "Home Improvement", "salesRank": 1479}, {"asin": "B000234SSU", "name": "C2G / Cables to Go 29858 Hook and Loop Cable Management Straps - 12 Pack (6 Inch, Black)", "imUrl": "http://ecx.images-amazon.com/images/I/41Y5lmP0d%2BL._SY300_.jpg", "price": 4.99, "numReviews": 2, "groups": [157], "averageRating": 5.0, "brand": "C2G", "salesRankCategory": "Electronics", "salesRank": 93992}, {"asin": "B002YLV2VO", "name": "Gardner Bender 45-548SP 48-Inch Natural Heavy Duty Cable Ties, 10-Pack", "imUrl": "http://ecx.images-amazon.com/images/I/31SNJcS9CdL._SX300_.jpg", "price": 8.37, "numReviews": 3, "groups": [158], "averageRating": 5.0, "brand": "Gardner Bender"}, {"asin": "B003L13A7K", "name": "Monoprice Marker Cable Tie 4 inch 18LBS, 100pcs/Pack - White", "imUrl": "http://ecx.images-amazon.com/images/I/31dFJDI5Y7L._SX300_.jpg", "price": 3.88, "numReviews": 72, "groups": [159], "averageRating": 4.166666666666667, "brand": "Monoprice", "salesRankCategory": "Electronics", "salesRank": 2332}, {"asin": "B000TOADGI", "name": "Kableflags KFA063 Cable Identification Tags (Entertainment Pack)", "imUrl": "http://ecx.images-amazon.com/images/I/41vsdU78mYL._SY300_.jpg", "price": 4.81, "numReviews": 12, "groups": [160], "averageRating": 3.5, "salesRankCategory": "Electronics", "salesRank": 36157}, {"asin": "B004M8SSW8", "name": "OmniMount OECMS Neoprene Cable Management - Black/White", "imUrl": "http://ecx.images-amazon.com/images/I/31L11q1Mx%2BL._SY300_.jpg", "price": 14.48, "numReviews": 41, "groups": [161], "averageRating": 4.2439024390243905, "brand": "OmniMount"}, {"asin": "B005LTJ538", "name": "Pro Tie B36EHD50 36.5-Inch Extra Heavy Duty Standard Cable Tie, UV Black Nylon, 50-Pack", "imUrl": "http://ecx.images-amazon.com/images/I/41WKivSdUML._SY300_.jpg", "price": 20.51, "numReviews": 4, "groups": [162], "averageRating": 5.0}, {"asin": "B00B907CN8", "name": "Sewell Velcro Cable Sleeve Wrap 5'", "imUrl": "http://ecx.images-amazon.com/images/I/41x8oyDoG6L._SX300_.jpg", "price": 9.95, "numReviews": 13, "groups": [163], "averageRating": 4.538461538461538}, {"asin": "B00004WLJ4", "name": "GB Electrical 8-Inch UVB Cable Ties, Black, 100-Pack #46-308UVB", "imUrl": "http://ecx.images-amazon.com/images/I/41VK7S743FL._SX300_.jpg", "price": 4.89, "numReviews": 36, "groups": [116], "averageRating": 4.111111111111111, "brand": "GB"}, {"asin": "B001UKN1X2", "name": "Ty-Rap MPNY-750-9-C Cable Tie Mounting Pad, 0.75-Inch Length by 0.75-Inch Width by 0.205-Inch Height, Natural, 100-Pack", "imUrl": "http://ecx.images-amazon.com/images/I/31UXC2BNSEL._SX300_.jpg", "price": 8.82, "numReviews": 1, "groups": [164], "averageRating": 5.0}, {"asin": "B002DNEFAI", "name": "GE Cable Ties, Nylon Assorted Sizes, 650 Per Pack 50725", "imUrl": "http://ecx.images-amazon.com/images/I/41oGnfNTD5L._SY300_.jpg", "price": 16.99, "numReviews": 8, "groups": [165], "averageRating": 3.625, "brand": "GE"}, {"asin": "B003L14YQQ", "name": "Monoprice Hook & Loop Fastening Cable Ties 6inch, 10pcs/Pack - 5 colors", "imUrl": "http://ecx.images-amazon.com/images/I/41w%2B6c5YrtL._SX300_.jpg", "price": 3.42, "numReviews": 1, "groups": [166], "averageRating": 2.0, "brand": "Monoprice", "salesRankCategory": "Electronics", "salesRank": 136580}, {"asin": "B003NFO5S2", "name": "Malco TY34 25 Quantity Pack Nylon Ties 36-Inch for Flex Duct Installations", "imUrl": "http://ecx.images-amazon.com/images/I/51Ou6E5c7qL._SY300_.jpg", "price": 20.06, "numReviews": 1, "groups": [167], "averageRating": 5.0}, {"asin": "B00GWLXBPW", "name": "4 Inch Brown Miniature Nylon Cable Tie - 500 Pack", "imUrl": "http://ecx.images-amazon.com/images/I/51OPwDbX3yL._SX300_.jpg", "price": 7.85, "numReviews": 1, "groups": [168], "averageRating": 5.0}, {"asin": "B00066HS4O", "name": "StarTech.com 1U 19-Inch Metal Rackmount Cable Management Panel, CABLMANAGER2", "imUrl": "http://ecx.images-amazon.com/images/I/31V8lRf2xOL._SY300_.jpg", "price": 26.95, "numReviews": 4, "groups": [169], "averageRating": 3.5, "brand": "StarTech", "salesRankCategory": "Electronics", "salesRank": 31991}, {"asin": "B003KQ3VNE", "name": "Monoprice Cable Tie 14 inch 50LBS, 100pcs/Pack - Green", "imUrl": "http://ecx.images-amazon.com/images/I/31i2xzwYDVL._SX300_.jpg", "price": 2.96, "numReviews": 2, "groups": [170], "averageRating": 4.5, "brand": "Monoprice", "salesRankCategory": "Electronics", "salesRank": 33607}, {"asin": "B002U0KADU", "name": "Westinghouse T38390 EHZ Hidewire with 8-Feet Cord Management System", "imUrl": "http://ecx.images-amazon.com/images/I/41cpFx7FjML._SY300_.jpg", "price": 18.42, "numReviews": 2, "groups": [171], "averageRating": 4.0}, {"asin": "B005ZUTYO8", "name": "Hook & Loop Wrap Cable Ties - 25 Pieces - 18\" - Black", "imUrl": "http://ecx.images-amazon.com/images/I/31wxukccyGL._SX300_.jpg", "price": 19.99, "numReviews": 1, "groups": [172], "averageRating": 5.0}, {"asin": "B000BMGU1U", "name": "Berk Automotive 100 UV Black Mini Nylon Cable Ties 4-Inch Locking 18lb", "imUrl": "http://ecx.images-amazon.com/images/I/4190TPebnoL._SY300_.jpg", "price": 1.3, "numReviews": 4, "groups": [173], "averageRating": 4.75}, {"asin": "B002CVTKJM", "name": "Reelcraft L-4545-123-7 Spring Driven Cord Reel with 45-Feet of 12/3 Cord and GFCI Dual Outlet", "imUrl": "http://ecx.images-amazon.com/images/I/41uOFDRx%2BCL._SX300_.jpg", "price": 353.01, "numReviews": 1, "groups": [174], "averageRating": 3.0, "brand": "Reelcraft"}, {"asin": "B0008JF8UK", "name": "Techflex 3/4 F6 Split Sleeving 25 feet Black", "imUrl": "http://ecx.images-amazon.com/images/I/41LKlK7F8zL._SY300_.jpg", "price": 24.24, "numReviews": 24, "groups": [175], "averageRating": 4.791666666666667, "brand": "Techflex"}, {"asin": "B008B60W94", "name": "Speedi-Products AC-DT 48 48-Inch Length Flexible Ducting Cable Tie Straps (25-pack)", "imUrl": "http://ecx.images-amazon.com/images/I/31wBaemfldL._SX300_.jpg", "price": 20.57, "numReviews": 1, "groups": [176], "averageRating": 1.0}, {"asin": "B003Y7U83A", "name": "19\" Rack Mount Cable Manager, 1U, Intellinet 169950", "imUrl": "http://ecx.images-amazon.com/images/I/21dWewhy31L._SX300_.jpg", "price": 19.5, "numReviews": 2, "groups": [177], "averageRating": 5.0, "salesRankCategory": "Electronics", "salesRank": 17322}, {"asin": "B004FV0YMO", "name": "Black 1/8 Inch Polyethylene Spiral Wrap - 10 Foot", "imUrl": "http://ecx.images-amazon.com/images/I/41uEGelCKzL._SX300_.jpg", "price": 6.89, "numReviews": 1, "groups": [178], "averageRating": 4.0, "salesRankCategory": "Electronics", "salesRank": 86386}, {"asin": "B0051SK64G", "name": "Amico Self-Adhesive Plastic Wire Bundle Holder 3mm Cable Tie Mount Base 100Pcs", "imUrl": "http://ecx.images-amazon.com/images/I/41ZoK9HYUWL._SY300_.jpg", "price": 5.45, "numReviews": 7, "groups": [179], "averageRating": 2.5714285714285716}, {"asin": "B00975RMGO", "name": "100 Pcs 13mm x 13mm x 4mm Self Adhesive Cable Tie Mount Base Holder", "imUrl": "http://ecx.images-amazon.com/images/I/41%2B-O6OmrVL._SY300_.jpg", "price": 5.57, "numReviews": 3, "groups": [180], "averageRating": 1.6666666666666667}, {"asin": "B009IOGNVE", "name": "500 Pcs 190mm x 3mm Self Locking Wire Cable Zip Tie 7.5\" White", "imUrl": "http://ecx.images-amazon.com/images/I/31r32aQI6eL._SY300_.jpg", "price": 6.09, "numReviews": 2, "groups": [181], "averageRating": 3.0}, {"asin": "B00DP158E4", "name": "Flexible Nylon Slit Convoluted Wire Loom, 1 Inch Diameter, 15 Feet, Blue", "imUrl": "http://ecx.images-amazon.com/images/I/51v837P4aeL._SY300_.jpg", "price": 18.99, "numReviews": 1, "groups": [182], "averageRating": 3.0, "salesRankCategory": "Electronics", "salesRank": 14060}, {"asin": "B006TZQV1M", "name": "AppleCore Cable Organizer 3 Pack All Purple (Small, Medium, Large)", "imUrl": "http://ecx.images-amazon.com/images/I/31w8%2BSaHIFL._SY300_.jpg", "price": 25.99, "numReviews": 3, "groups": [183], "averageRating": 4.666666666666667}, {"asin": "B009IOGBAC", "name": "Amico 1000 Pcs 110mm x 2mm Self Locking Wire Cable Zip Tie 4.3\" Black", "imUrl": "http://ecx.images-amazon.com/images/I/41YOPlyGY2L._SY300_.jpg", "price": 4.43, "numReviews": 39, "groups": [184], "averageRating": 2.9743589743589745, "brand": "Amico"}, {"asin": "B000Z3PXXG", "name": "Alemite 40' 12/3 Retractable Extension Cord Reel NEW", "imUrl": "http://ecx.images-amazon.com/images/I/21RD4IPllPL.jpg", "price": 99.79, "numReviews": 2, "groups": [185], "averageRating": 1.0}, {"asin": "B004MTSRH8", "name": "Economical Latching Raceway - Size: Extra Large - Color: Ivory - 1 Piece", "imUrl": "http://ecx.images-amazon.com/images/I/31ftAUiW9GL._SX300_.jpg", "price": 17.51, "numReviews": 1, "groups": [186], "averageRating": 3.0, "salesRankCategory": "Electronics", "salesRank": 103118}, {"asin": "B0002J2QWE", "name": "C2G / Cables to Go 43032 Cable Ties - 100 Pack (White)", "imUrl": "http://ecx.images-amazon.com/images/I/4153Knafn5L._SY300_.jpg", "price": 1.76, "numReviews": 16, "groups": [187], "averageRating": 4.3125, "salesRankCategory": "Electronics", "salesRank": 4047}, {"asin": "B005GDFOFC", "name": "4.33\" Marker Nylon Cable Ties [Set of 100]", "imUrl": "http://ecx.images-amazon.com/images/I/31PD-audXiL._SX300_.jpg", "price": 3.31, "numReviews": 10, "groups": [188], "averageRating": 4.6}, {"asin": "B000MVRQWC", "name": "Gardner Bender 71111 Cable Tie Assorted, 500-Pack", "imUrl": "http://ecx.images-amazon.com/images/I/31cHNEeK52L.jpg", "price": 8.7, "numReviews": 16, "groups": [92], "averageRating": 3.875, "brand": "Gardner Bender"}, {"asin": "B004GE48YU", "name": "Techflex 1/8\" Expandable Sleeving 25 ft. Black", "imUrl": "http://ecx.images-amazon.com/images/I/41zNmnMbgOL._SY300_.jpg", "price": 11.43, "numReviews": 8, "groups": [189], "averageRating": 4.125}, {"asin": "B00BFK5SJC", "name": "BuyCheapCables 100 Pack 6\" Nylon Cable Zip Ties Self Locking 3mm (Clear - 40lbs)", "imUrl": "http://ecx.images-amazon.com/images/I/41iKWMvPQOL._SY300_.jpg", "price": 5.59, "numReviews": 4, "groups": [190], "averageRating": 5.0}, {"asin": "B00H2R9YWY", "name": "1/8 Inch PET Expandable Braided Sleeving- 10ft - Black", "imUrl": "http://ecx.images-amazon.com/images/I/41jfVqgBtEL._SX300_.jpg", "price": 6.99, "numReviews": 1, "groups": [189], "averageRating": 3.0, "salesRankCategory": "Electronics", "salesRank": 15002}, {"asin": "B001E1Y5O6", "name": "Velcro Reusable Self-Gripping Cable Ties, 0.5 Inches x 8 Inches Long, Black, 100 Ties per Pack (91140)", "imUrl": "http://ecx.images-amazon.com/images/I/41WNX5fbE-L._SY300_.jpg", "price": 8.35, "numReviews": 1530, "groups": [191], "averageRating": 4.7176470588235295, "brand": "Velcro", "salesRankCategory": "Office Products", "salesRank": 2}, {"asin": "B007Q94ARM", "name": "White Nylon Round Tips Twist Lock Cable Tie 100 Pcs", "imUrl": "http://ecx.images-amazon.com/images/I/21c3uOlGuFL._SY300_.jpg", "price": 6.91, "numReviews": 5, "groups": [192], "averageRating": 4.2}, {"asin": "B003VVY7WM", "name": "CableBox Mini", "imUrl": "http://ecx.images-amazon.com/images/I/315VXej8eiL._SY300_.jpg", "price": 29.79, "numReviews": 3, "groups": [193], "averageRating": 4.333333333333333, "salesRankCategory": "Electronics", "salesRank": 94822}, {"asin": "B0076AZDHM", "name": "Panduit CMPH1 Horizontal Cable Management D-Ring, Black", "imUrl": "http://ecx.images-amazon.com/images/I/3179sgEdkYL._SX300_.jpg", "price": 47.26, "numReviews": 1, "groups": [194], "averageRating": 5.0, "brand": "Panduit"}, {"asin": "B0039V5R1O", "name": "Plastic Electical Cord Holder", "imUrl": "http://ecx.images-amazon.com/images/I/51DKu4fKJ0L._SY300_.jpg", "price": 4.57, "numReviews": 1, "groups": [195], "averageRating": 3.0}, {"asin": "B00IU04N64", "name": "Sendt 8 X 1 inch Velcro Strips, 6 Pack", "imUrl": "http://ecx.images-amazon.com/images/I/416DX6igW4L._SX300_.jpg", "price": 5.09, "numReviews": 1, "groups": [196], "averageRating": 5.0, "salesRankCategory": "Electronics", "salesRank": 38827}, {"asin": "B000WNIZQQ", "name": "Monster CIT LGY-16 Large Diameter Gray Cable-It Wire Management System (16 feet)", "imUrl": "http://ecx.images-amazon.com/images/I/41KrE%2BWMtNL._SX300_.jpg", "price": 14.88, "numReviews": 39, "groups": [197], "averageRating": 3.4871794871794872, "salesRankCategory": "Electronics", "salesRank": 84788}, {"asin": "B000RB2DOS", "name": "100 Black Nylon Cable Zip Ties Self Locking 4.8mm 12\"", "imUrl": "http://ecx.images-amazon.com/images/I/4140U4xm2YL._SY300_.jpg", "price": 6.95, "numReviews": 4, "groups": [198], "averageRating": 2.75}, {"asin": "B008CLGN0K", "name": "Cable Twister - Monkey", "imUrl": "http://ecx.images-amazon.com/images/I/3194F6Zb1RL._SX300_.jpg", "price": 2.98, "numReviews": 9, "groups": [199], "averageRating": 4.222222222222222}, {"asin": "B00H2RYF1O", "name": "1-1/4 Inch PET Expandable Braided Sleeving- 10ft - Black", "imUrl": "http://ecx.images-amazon.com/images/I/41jfVqgBtEL._SX300_.jpg", "price": 7.99, "numReviews": 1, "groups": [200], "averageRating": 4.0, "salesRankCategory": "Electronics", "salesRank": 13000}, {"asin": "B00H2UQTFQ", "name": "1 Inch F6 Wrap-around Braided Sleeving- 10ft- Black", "imUrl": "http://ecx.images-amazon.com/images/I/41WlT1khC0L._SX300_.jpg", "price": 18.99, "numReviews": 1, "groups": [201], "averageRating": 5.0, "salesRankCategory": "Electronics", "salesRank": 57975}, {"asin": "B00CQBBBW2", "name": "Joy Fish Commercial Grade Cable Tie 8\" 120 Lb Test Nature 100/pk", "imUrl": "http://ecx.images-amazon.com/images/I/31xUOFVRWkL._SX300_.jpg", "price": 8.5, "numReviews": 1, "groups": [202], "averageRating": 5.0}, {"asin": "B005OK73GU", "name": "Joy Fish 14.6\" Heavy Duty Nylon Cable Ties, 50 lb Test (Black, 100PC)", "imUrl": "http://ecx.images-amazon.com/images/I/51HPhGVdBBL._SX300_.jpg", "price": 12.24, "numReviews": 22, "groups": [203], "averageRating": 4.681818181818182, "brand": "Joy Fish"}, {"asin": "B005QE8KP2", "name": "Neiko 14-Inch UV Protected Cable Ties - Pack of 100, Made in USA", "imUrl": "http://ecx.images-amazon.com/images/I/41hYofywkvL._SY300_.jpg", "price": 9.44, "numReviews": 5, "groups": [90], "averageRating": 4.4, "brand": "Neiko"}, {"asin": "B0015EDVVU", "name": "Legrand CMK50 Cord Mate II Kit", "imUrl": "http://ecx.images-amazon.com/images/I/41k57mYYauL._SY300_.jpg", "price": 23.49, "numReviews": 135, "groups": [204], "averageRating": 4.511111111111111, "brand": "Legrand", "salesRankCategory": "Home Improvement", "salesRank": 316}, {"asin": "B0055VQGMK", "name": "Dotz DCI650CO Cord Identifiers for Computer/Office (Discontinued by Manufacturer)", "imUrl": "http://ecx.images-amazon.com/images/I/51qQ5f7GYOL._SY300_.jpg", "price": 4.49, "numReviews": 13, "groups": [205], "averageRating": 3.230769230769231, "salesRankCategory": "Electronics", "salesRank": 66388}, {"asin": "B005E1P0X2", "name": "Nite Ize Gear Tie 32\" - Yellow 2 Pack", "imUrl": "http://ecx.images-amazon.com/images/I/519-MPKkRrL._SY300_.jpg", "price": 14.98, "numReviews": 1, "groups": [206], "averageRating": 5.0, "brand": "Nite Ize"}, {"asin": "B0063K5K74", "name": "AppleCore Cable Organizer 3 Pack Combo (Pink, Black, Purple)", "imUrl": "http://ecx.images-amazon.com/images/I/411dMjWL28L._SY300_.jpg", "price": 25.99, "numReviews": 6, "groups": [207], "averageRating": 4.5}, {"asin": "B000RMU5GK", "name": "Zip-It Up, 20in, Black", "imUrl": "http://ecx.images-amazon.com/images/I/31R-2VXitwL._SY300_.jpg", "price": 5.59, "numReviews": 3, "groups": [208], "averageRating": 2.3333333333333335, "salesRankCategory": "Electronics", "salesRank": 14224}, {"asin": "B00531GS34", "name": "Install Bay BCT4 4-Inch 18-Pound Cable Tie, Black (100-Pack)", "imUrl": "http://ecx.images-amazon.com/images/I/11ICwup2BqL._SX300_.jpg", "price": 5.17, "numReviews": 3, "groups": [209], "averageRating": 5.0, "brand": "Install Bay"}, {"asin": "B0002SQZ7C", "name": "Tool Aid 26200 Wire and Cable Tie Assortment - 750 Pc.", "imUrl": "http://ecx.images-amazon.com/images/I/318QjBInRoL._SY300_.jpg", "price": 17.21, "numReviews": 1, "groups": [210], "averageRating": 4.0, "brand": "Tool Aid"}, {"asin": "B000KKLQOO", "name": "Gardner Bender 46-330UVB Electrical 30-Inch Heavy Duty Black UV Resistant Cable Ties, 25-Pack", "imUrl": "http://ecx.images-amazon.com/images/I/41xeaJXUn9L._SY300_.jpg", "price": 8.18, "numReviews": 13, "groups": [103], "averageRating": 4.6923076923076925, "brand": "Gardner Bender"}, {"asin": "B008EK3YXS", "name": "Perforated RipWrap", "imUrl": "http://ecx.images-amazon.com/images/I/41hiHYukgWL._SX300_.jpg", "price": 9.06, "numReviews": 1, "groups": [211], "averageRating": 5.0}, {"asin": "B000BSLPVE", "name": "Velcro One-Wrap Cable Tie - Yellow - 10 Pack", "imUrl": "http://ecx.images-amazon.com/images/I/21CV2HHEDVL.jpg", "price": 3.99, "numReviews": 4, "groups": [212], "averageRating": 5.0, "salesRankCategory": "Electronics", "salesRank": 134263}, {"asin": "B0047Y1WMK", "name": "Mighty Tie MT750MH9C 7\" Natural 50-lbs Cable Ties with Mounting Hole - 100 per Package", "imUrl": "http://ecx.images-amazon.com/images/I/21kr4mksISL.jpg", "price": 8.99, "numReviews": 2, "groups": [213], "averageRating": 5.0}, {"asin": "B004AF9II6", "name": "Monoprice Fastening Tape 0.75inch One Wrap Hook & Loop Fastening Tape 5 yard/Roll - Black", "imUrl": "http://ecx.images-amazon.com/images/I/41dvU%2BIcM1L._SX300_.jpg", "price": 4.97, "numReviews": 115, "groups": [214], "averageRating": 4.443478260869565, "brand": "Monoprice", "salesRankCategory": "Electronics", "salesRank": 254}, {"asin": "B0083ILCNK", "name": "Velcro ONE Wrap 900 Pieces PER Roll - Black", "imUrl": "http://ecx.images-amazon.com/images/I/31BJ63wwdqL.jpg", "price": 253.07, "numReviews": 1, "groups": [215], "averageRating": 5.0, "brand": "Velcro", "salesRankCategory": "Electronics", "salesRank": 79724}, {"asin": "B0062KGABA", "name": "Bluelounge Design SO-BL Sumo Cable Management System (Discontinued by Manufacturer)", "imUrl": "http://ecx.images-amazon.com/images/I/41MRTguGaaL._SY300_.jpg", "price": 11.95, "numReviews": 32, "groups": [216], "averageRating": 4.53125, "brand": "Bluelounge", "salesRankCategory": "Electronics", "salesRank": 10538}, {"asin": "B007ZE36D2", "name": "ALERT STAMPING & MFG 8040T-PS Heavy Duty Retractable Cord Reel, Grey", "imUrl": "http://ecx.images-amazon.com/images/I/31tzvJqXftL._SY300_.jpg", "price": 99.99, "numReviews": 10, "groups": [217], "averageRating": 5.0}, {"asin": "B009A4MHP8", "name": "Stanley Cable Tie Specialty Assortment", "imUrl": "http://ecx.images-amazon.com/images/I/41AfAoEDcgL._SY300_.jpg", "price": 34.93, "numReviews": 1, "groups": [218], "averageRating": 5.0, "brand": "Stanley"}, {"asin": "B003L13AB6", "name": "Monoprice Hook & Loop Fastening Cable Ties 6inch, 6pcs/Pack - 6 colors", "imUrl": "http://ecx.images-amazon.com/images/I/41hmqY1xz7L._SX300_.jpg", "price": 2.91, "numReviews": 1, "groups": [219], "averageRating": 4.0, "brand": "Monoprice", "salesRankCategory": "Electronics", "salesRank": 75155}, {"asin": "B004MMEHH4", "name": "Nite Ize GT3-4PK-01 Gear Tie Reusable 3-Inch Rubber Twist Tie, 4-Pack, Black", "imUrl": "http://ecx.images-amazon.com/images/I/31bcxASXmiL._SY300_.jpg", "price": 4.96, "numReviews": 463, "groups": [220], "averageRating": 4.596112311015119, "brand": "Nite Ize"}, {"asin": "B001D42J9W", "name": "Cable Zipper - Cord Controll System (Black) (8' Long x 1\" Diameter)", "imUrl": "http://ecx.images-amazon.com/images/I/4142o%2BaG3OL._SY300_.jpg", "price": 10.49, "numReviews": 2, "groups": [221], "averageRating": 5.0}, {"asin": "B003Y619EI", "name": "8 Inch Brown Standard Nylon Cable Tie 100pk", "imUrl": "http://ecx.images-amazon.com/images/I/41hNPbnwnfL._SX300_.jpg", "price": 6.85, "numReviews": 5, "groups": [222], "averageRating": 4.8}, {"asin": "B004MMEHKG", "name": "Nite Ize GT3-4PK-A1 Gear Tie Reusable 3-Inch Rubber Twist Tie, Assorted Colors", "imUrl": "http://ecx.images-amazon.com/images/I/41dIb2%2B93zL._SY300_.jpg", "price": 0.5, "numReviews": 472, "groups": [223], "averageRating": 4.601694915254237, "brand": "Nite Ize"}, {"asin": "B000BMGU2Y", "name": "Berk Automotive UV 75 Tensile Strength 8 Inch Nylon Cable Ties, 100 Pack - Black", "imUrl": "http://ecx.images-amazon.com/images/I/4190TPebnoL._SY300_.jpg", "price": 0.99, "numReviews": 4, "groups": [224], "averageRating": 5.0}, {"asin": "B00407PKCM", "name": "Dotz DCS750AN Cord Straps - Multicolor (Discontinued by Manufacturer)", "imUrl": "http://ecx.images-amazon.com/images/I/51yDg11JF%2BL._SY300_.jpg", "price": 3.99, "numReviews": 3, "groups": [225], "averageRating": 4.666666666666667, "salesRankCategory": "Electronics", "salesRank": 107824}, {"asin": "B005LTJ4WK", "name": "Pro Tie B34PSM100 3/4-Inch Adhesive Mount Cable Tie Mount, Black Nylon, 100-Pack", "imUrl": "http://ecx.images-amazon.com/images/I/51pHUXcAbvL._SY300_.jpg", "price": 16.69, "numReviews": 5, "groups": [226], "averageRating": 4.6}, {"asin": "B00004WLJ6", "name": "Gardner Bender 46-310UVB Electrical 11-Inch UVB Cable Ties, 100-Pack, Black", "imUrl": "http://ecx.images-amazon.com/images/I/315F3EWZRNL._SX300_.jpg", "price": 1.99, "numReviews": 3, "groups": [227], "averageRating": 3.0}, {"asin": "B000068O6N", "name": "HOSA LOCKING FABRIC CABLE WRAP W/SLOT, 20 pcs., 12\" long. (Discontinued by Manufacturer)", "imUrl": "http://ecx.images-amazon.com/images/I/516OnmxhNvL._SY300_.jpg", "price": 17.99, "numReviews": 1, "groups": [228], "averageRating": 5.0, "salesRankCategory": "Electronics", "salesRank": 196284}, {"asin": "B004MMEHHE", "name": "Nite Ize GT3-4PK-03 Gear Tie Reusable 3-Inch Rubber Twist Tie, 4-Pack, Blue", "imUrl": "http://ecx.images-amazon.com/images/I/31tIBH1RMZL._SY300_.jpg", "price": 4.89, "numReviews": 463, "groups": [229], "averageRating": 4.596112311015119, "brand": "Nite Ize"}, {"asin": "B00CQGSCEM", "name": "1000 Pcs Black Self Locking Nylon Zip Ties Wraps 2mm x 115mm for Wire Cable", "imUrl": "http://ecx.images-amazon.com/images/I/51uJCEOtpyL._SY300_.jpg", "price": 13.03, "numReviews": 1, "groups": [230], "averageRating": 2.0}, {"asin": "B002BFZBQU", "name": "Boston Industrial UV 175 Tensile Strength 24 Inch Cable Ties, 100 Pack - Black", "imUrl": "http://ecx.images-amazon.com/images/I/3133loBeFmL.jpg", "price": 21.0, "numReviews": 13, "groups": [231], "averageRating": 4.153846153846154}, {"asin": "B00BFKK8VA", "name": "BuyCheapCables 100 Pack 12\" Nylon Cable Zip Ties Self Locking 5mm (Black- 50lbs)", "imUrl": "http://ecx.images-amazon.com/images/I/51vuz02gkfL._SY300_.jpg", "price": 5.75, "numReviews": 69, "groups": [232], "averageRating": 1.7826086956521738}, {"asin": "B004GE16G8", "name": "Techflex 1/8\" Expandable Sleeving 25 ft. Red", "imUrl": "http://ecx.images-amazon.com/images/I/51y4mDNWRaL._SY300_.jpg", "price": 11.35, "numReviews": 1, "groups": [233], "averageRating": 5.0, "salesRankCategory": "Electronics", "salesRank": 14744}, {"asin": "B0009K34B8", "name": "Gardner Bender 46-104 4-Inch Natural Cable Ties, 100-Pack", "imUrl": "http://ecx.images-amazon.com/images/I/51C-5LENdQL._SY300_.jpg", "price": 4.06, "numReviews": 5, "groups": [234], "averageRating": 4.8, "brand": "Gardner Bender"}, {"asin": "B000M6QD4O", "name": "CABLEYOYO SLVR BLUELOUNGE [Accessory]", "imUrl": "http://ecx.images-amazon.com/images/I/41zpGnyKFhL._SX300_.jpg", "price": 18.91, "numReviews": 3, "groups": [235], "averageRating": 2.0}, {"asin": "B004SQZHAU", "name": "Techflex CCP0.50BK Flexo Clean Cut 1/2-Inch Braided Cable Sleeve, Black - 100 Feet", "imUrl": "http://ecx.images-amazon.com/images/I/51qkjs42qzL._SX300_.jpg", "price": 38.92, "numReviews": 1, "groups": [236], "averageRating": 5.0, "salesRankCategory": "Electronics", "salesRank": 46172}, {"asin": "B0042RVA38", "name": "Kikkerland HH40-BL Small Bobino Cord Wrap, Blue", "imUrl": "http://ecx.images-amazon.com/images/I/41W-u1SQrAL._SX300_.jpg", "price": 2.0, "numReviews": 83, "groups": [237], "averageRating": 4.144578313253012, "brand": "Kikkerland"}, {"asin": "B003L0M64E", "name": "Wrap N Strap 12\" Adjustable Straps for Cords and Cables", "imUrl": "http://ecx.images-amazon.com/images/I/51NBwXQYPvL._SY300_.jpg", "price": 10.7, "numReviews": 3, "groups": [238], "averageRating": 4.666666666666667}, {"asin": "B000I963DG", "name": "CableWholesale 5.75 x 0.50 Inches Velcro Cable Strap with Clip, 5 Per Bag (30CT-06160)", "imUrl": "http://ecx.images-amazon.com/images/I/41hmawKZa9L._SY300_.jpg", "price": 3.26, "numReviews": 4, "groups": [239], "averageRating": 4.5, "brand": "CableWholesale", "salesRankCategory": "Computers & Accessories", "salesRank": 6916}, {"asin": "B000TO8GGW", "name": "Kableflags KFA001 Cable Identification Tags (DIY Blank Pack)", "imUrl": "http://ecx.images-amazon.com/images/I/41PYrbCo62L._SY300_.jpg", "price": 7.29, "numReviews": 49, "groups": [159], "averageRating": 4.612244897959184, "salesRankCategory": "Electronics", "salesRank": 1786}, {"asin": "B002CWPYBO", "name": "Electra-Force 89605 Automotive Wire Cable Tie Tool Gun with 8 Tension Settings", "imUrl": "http://ecx.images-amazon.com/images/I/41V4ouunq%2BL._SY300_.jpg", "price": 9.95, "numReviews": 22, "groups": [240], "averageRating": 3.727272727272727, "brand": "Electra-Force"}, {"asin": "B003VW06QM", "name": "Bluelounge CableBox Mini Orange - Cable Management - Small Surge Protector Included", "imUrl": "http://ecx.images-amazon.com/images/I/31CgKCVIE%2BL._SY300_.jpg", "price": 21.95, "numReviews": 8, "groups": [241], "averageRating": 4.375, "brand": "Bluelounge", "salesRankCategory": "Electronics", "salesRank": 21722}, {"asin": "B000BSJHLE", "name": "Ziotek Zip Tie Mount, 1/2 X 1/2, 25 Pack", "imUrl": "http://ecx.images-amazon.com/images/I/31ptHpYyiiL.jpg", "price": 2.29, "numReviews": 13, "groups": [242], "averageRating": 2.8461538461538463, "brand": "Ziotek"}, {"asin": "B0015EA3NO", "name": "Legrand CMK30 30-inch Flat Screen TV Cord Cover Kit", "imUrl": "http://ecx.images-amazon.com/images/I/41BTgQ-XyWL._SY300_.jpg", "price": 19.64, "numReviews": 286, "groups": [204], "averageRating": 4.678321678321678, "brand": "Legrand"}, {"asin": "B008VEZDT0", "name": "10ea 3/4\" x 9\" Hook Loop Cable Tie Down Straps Black Velcro", "imUrl": "http://ecx.images-amazon.com/images/I/51GjVkq1YlL._SX300_.jpg", "price": 6.45, "numReviews": 7, "groups": [243], "averageRating": 4.142857142857143}, {"asin": "B00BH2RUDA", "name": "Designcord Auto Rewind Extension Cord Reel, 30-Feet General Duty 16/3 AWG", "imUrl": "http://ecx.images-amazon.com/images/I/51v5BS3ZmYL._SY300_.jpg", "price": 92.49, "numReviews": 31, "groups": [244], "averageRating": 3.774193548387097, "brand": "Designcord"}, {"asin": "B002DNG9FW", "name": "GE Cable Ties, Nylon Assorted Sizes, 1000 Per Pack 50724", "imUrl": "http://ecx.images-amazon.com/images/I/513gTmxUQOL._SX300_.jpg", "price": 21.99, "numReviews": 1, "groups": [245], "averageRating": 4.0, "brand": "GE"}, {"asin": "B001DSXDL6", "name": "Shop Basics Retractable Cord Reel", "imUrl": "http://ecx.images-amazon.com/images/I/512BBrU%2BHjL._SY300_.jpg", "price": 49.99, "numReviews": 21, "groups": [246], "averageRating": 3.857142857142857}, {"asin": "B00AO44K8A", "name": "500 Pcs Clear Nylon Network Cable Cord Wire Zip Tie 7\"", "imUrl": "http://ecx.images-amazon.com/images/I/31Dl5wW7ooL._SY300_.jpg", "price": 4.73, "numReviews": 2, "groups": [247], "averageRating": 1.0}, {"asin": "B004AF204K", "name": "Monoprice Fastening Tape 0.75inch One Wrap Hook & Loop Fastening Tape 5 yard/Roll - Blue", "imUrl": "http://ecx.images-amazon.com/images/I/51eBm%2BhPhUL._SX300_.jpg", "price": 4.96, "numReviews": 35, "groups": [248], "averageRating": 4.4, "brand": "Monoprice", "salesRankCategory": "Electronics", "salesRank": 3185}, {"asin": "B005OK859E", "name": "Joy Fish 8\" Super Heavy Duty Nylon Cable Ties, 120 lb Test, 100 PC, Black", "imUrl": "http://ecx.images-amazon.com/images/I/31cl2thxylL.jpg", "price": 9.95, "numReviews": 2, "groups": [249], "averageRating": 5.0}, {"asin": "B00FK4PJF2", "name": "Bluelounge CableDrop Mini Black - Cable Management System for All Cables up to 5/16-inch", "imUrl": "http://ecx.images-amazon.com/images/I/41sQTbIPVPL._SY300_.jpg", "price": 9.95, "numReviews": 17, "groups": [250], "averageRating": 4.588235294117647, "brand": "Bluelounge"}, {"asin": "B000BVZBY8", "name": "Gardner Bender 46-308FST Neon Cable Ties, 100-Pack", "imUrl": "http://ecx.images-amazon.com/images/I/41PGWNMkfpL._SY300_.jpg", "price": 3.3, "numReviews": 24, "groups": [251], "averageRating": 4.541666666666667, "brand": "Gardner Bender"}, {"asin": "B002CTFN86", "name": "Velcro One Wrap Cable Ties - Qty: 50 (Red)", "imUrl": "http://ecx.images-amazon.com/images/I/31wxukccyGL._SX300_.jpg", "price": 12.5, "numReviews": 4, "groups": [252], "averageRating": 4.25}, {"asin": "B0058TV0C0", "name": "Install Bay BCT4-1 4-Inch 18-Pound Cable Tie, Black (1000-Pack)", "imUrl": "http://ecx.images-amazon.com/images/I/11ISMx-kDxL._SX300_.jpg", "price": 13.09, "numReviews": 5, "groups": [253], "averageRating": 5.0, "brand": "Install Bay"}, {"asin": "B0008JF8U0", "name": "Techflex 1-1/2\" Clean Cut Sleeving 25 ft. Black", "imUrl": "http://ecx.images-amazon.com/images/I/411sTtQnDXL._SY300_.jpg", "price": 25.31, "numReviews": 3, "groups": [254], "averageRating": 3.6666666666666665, "brand": "Techflex", "salesRankCategory": "Electronics", "salesRank": 9271}, {"asin": "B002C0SKBW", "name": "8\" Plastic Cable Zip Ties 100-Pack (Black)", "imUrl": "http://ecx.images-amazon.com/images/I/41PVXLJPGPL._SY300_.jpg", "price": 2.23, "numReviews": 177, "groups": [255], "averageRating": 3.23728813559322}, {"asin": "B004UHQMYW", "name": "TechFlex Flexo F6 General Purpose 1/2-inch Braided Cable Sleeve, Black - 10 Feet", "imUrl": "http://ecx.images-amazon.com/images/I/41G1UzElCTL.jpg", "price": 12.19, "numReviews": 22, "groups": [256], "averageRating": 4.7727272727272725, "salesRankCategory": "Electronics", "salesRank": 7005}, {"asin": "B00AUB81DC", "name": "100 Pcs 20mm x 20mm x 4mm Self Adhesive Cable Tie Mount Base Holders Black", "imUrl": "http://ecx.images-amazon.com/images/I/4156eeBzUiL._SY300_.jpg", "price": 4.25, "numReviews": 35, "groups": [257], "averageRating": 3.257142857142857}, {"asin": "B005LTJ39Y", "name": "Pro Tie B14HD100 14.5-Inch Heavy Duty Standard Cable Tie, UV Black Nylon, 100-Pack", "imUrl": "http://ecx.images-amazon.com/images/I/41n4zT3zXSL._SY300_.jpg", "price": 11.83, "numReviews": 22, "groups": [203], "averageRating": 4.7727272727272725, "brand": "Pro Tie"}], "links": [{"source": 0, "target": 197, "right": true, "left": false, "value": 1}, {"source": 0, "target": 70, "right": true, "left": false, "value": 1}, {"source": 1, "target": 59, "right": false, "left": true, "value": 1}, {"source": 1, "target": 268, "right": true, "left": false, "value": 1}, {"source": 1, "target": 109, "right": true, "left": false, "value": 1}, {"source": 2, "target": 263, "right": false, "left": true, "value": 1}, {"source": 3, "target": 197, "right": true, "left": false, "value": 1}, {"source": 4, "target": 181, "right": true, "left": false, "value": 1}, {"source": 5, "target": 30, "right": true, "left": false, "value": 1}, {"source": 6, "target": 210, "right": true, "left": false, "value": 1}, {"source": 7, "target": 128, "right": false, "left": true, "value": 1}, {"source": 7, "target": 197, "right": true, "left": false, "value": 1}, {"source": 7, "target": 266, "right": true, "left": false, "value": 1}, {"source": 7, "target": 50, "right": false, "left": true, "value": 1}, {"source": 7, "target": 179, "right": false, "left": true, "value": 1}, {"source": 7, "target": 84, "right": false, "left": true, "value": 1}, {"source": 7, "target": 157, "right": false, "left": true, "value": 1}, {"source": 8, "target": 164, "right": true, "left": false, "value": 1}, {"source": 9, "target": 136, "right": false, "left": true, "value": 1}, {"source": 9, "target": 265, "right": true, "left": false, "value": 1}, {"source": 10, "target": 17, "right": true, "left": false, "value": 1}, {"source": 11, "target": 197, "right": true, "left": false, "value": 1}, {"source": 11, "target": 231, "right": true, "left": false, "value": 1}, {"source": 12, "target": 268, "right": true, "left": false, "value": 1}, {"source": 12, "target": 230, "right": false, "left": true, "value": 1}, {"source": 13, "target": 40, "right": true, "left": false, "value": 1}, {"source": 13, "target": 164, "right": true, "left": false, "value": 1}, {"source": 13, "target": 197, "right": true, "left": false, "value": 1}, {"source": 13, "target": 166, "right": true, "left": false, "value": 1}, {"source": 14, "target": 160, "right": false, "left": true, "value": 1}, {"source": 14, "target": 253, "right": true, "left": false, "value": 1}, {"source": 15, "target": 195, "right": true, "left": false, "value": 1}, {"source": 16, "target": 40, "right": true, "left": false, "value": 1}, {"source": 16, "target": 98, "right": true, "left": false, "value": 1}, {"source": 16, "target": 164, "right": true, "left": false, "value": 1}, {"source": 16, "target": 197, "right": true, "left": false, "value": 1}, {"source": 17, "target": 257, "right": false, "left": true, "value": 1}, {"source": 18, "target": 211, "right": true, "left": false, "value": 1}, {"source": 18, "target": 252, "right": true, "left": false, "value": 1}, {"source": 19, "target": 209, "right": true, "left": false, "value": 1}, {"source": 19, "target": 259, "right": false, "left": true, "value": 1}, {"source": 20, "target": 252, "right": true, "left": false, "value": 1}, {"source": 20, "target": 211, "right": true, "left": false, "value": 1}, {"source": 20, "target": 164, "right": true, "left": false, "value": 1}, {"source": 20, "target": 197, "right": true, "left": false, "value": 1}, {"source": 21, "target": 33, "right": true, "left": false, "value": 1}, {"source": 21, "target": 199, "right": false, "left": true, "value": 1}, {"source": 21, "target": 137, "right": false, "left": true, "value": 1}, {"source": 21, "target": 146, "right": false, "left": true, "value": 1}, {"source": 21, "target": 151, "right": false, "left": true, "value": 1}, {"source": 21, "target": 250, "right": false, "left": true, "value": 1}, {"source": 22, "target": 222, "right": true, "left": false, "value": 1}, {"source": 23, "target": 253, "right": true, "left": false, "value": 1}, {"source": 24, "target": 267, "right": true, "left": false, "value": 1}, {"source": 25, "target": 197, "right": true, "left": false, "value": 1}, {"source": 26, "target": 197, "right": true, "left": false, "value": 1}, {"source": 27, "target": 187, "right": false, "left": true, "value": 1}, {"source": 27, "target": 197, "right": true, "left": false, "value": 1}, {"source": 28, "target": 211, "right": true, "left": false, "value": 1}, {"source": 28, "target": 252, "right": true, "left": false, "value": 1}, {"source": 29, "target": 243, "right": false, "left": true, "value": 1}, {"source": 29, "target": 260, "right": true, "left": false, "value": 1}, {"source": 30, "target": 197, "right": true, "left": false, "value": 1}, {"source": 30, "target": 241, "right": false, "left": true, "value": 1}, {"source": 30, "target": 158, "right": false, "left": true, "value": 1}, {"source": 30, "target": 63, "right": false, "left": true, "value": 1}, {"source": 31, "target": 97, "right": true, "left": false, "value": 1}, {"source": 31, "target": 39, "right": true, "left": false, "value": 1}, {"source": 32, "target": 211, "right": true, "left": false, "value": 1}, {"source": 33, "target": 71, "right": false, "left": true, "value": 1}, {"source": 34, "target": 268, "right": true, "left": false, "value": 1}, {"source": 35, "target": 197, "right": true, "left": false, "value": 1}, {"source": 36, "target": 164, "right": true, "left": false, "value": 1}, {"source": 36, "target": 69, "right": false, "left": true, "value": 1}, {"source": 36, "target": 38, "right": false, "left": true, "value": 1}, {"source": 37, "target": 70, "right": true, "left": false, "value": 1}, {"source": 38, "target": 40, "right": true, "left": false, "value": 1}, {"source": 39, "target": 73, "right": true, "left": true, "value": 1}, {"source": 39, "target": 90, "right": true, "left": false, "value": 1}, {"source": 39, "target": 221, "right": false, "left": true, "value": 1}, {"source": 40, "target": 164, "right": true, "left": false, "value": 1}, {"source": 40, "target": 203, "right": false, "left": true, "value": 1}, {"source": 41, "target": 248, "right": true, "left": false, "value": 1}, {"source": 41, "target": 197, "right": true, "left": false, "value": 1}, {"source": 42, "target": 140, "right": true, "left": false, "value": 1}, {"source": 42, "target": 197, "right": true, "left": false, "value": 1}, {"source": 43, "target": 49, "right": false, "left": true, "value": 1}, {"source": 43, "target": 143, "right": false, "left": true, "value": 1}, {"source": 44, "target": 257, "right": false, "left": true, "value": 1}, {"source": 44, "target": 78, "right": true, "left": true, "value": 1}, {"source": 44, "target": 103, "right": false, "left": true, "value": 1}, {"source": 45, "target": 51, "right": true, "left": false, "value": 1}, {"source": 45, "target": 253, "right": true, "left": false, "value": 1}, {"source": 46, "target": 108, "right": false, "left": true, "value": 1}, {"source": 47, "target": 256, "right": false, "left": true, "value": 1}, {"source": 47, "target": 113, "right": true, "left": true, "value": 1}, {"source": 47, "target": 225, "right": false, "left": true, "value": 1}, {"source": 47, "target": 62, "right": true, "left": false, "value": 1}, {"source": 48, "target": 197, "right": true, "left": false, "value": 1}, {"source": 50, "target": 266, "right": false, "left": true, "value": 1}, {"source": 50, "target": 179, "right": true, "left": false, "value": 1}, {"source": 52, "target": 268, "right": true, "left": false, "value": 1}, {"source": 53, "target": 188, "right": true, "left": false, "value": 1}, {"source": 54, "target": 179, "right": true, "left": false, "value": 1}, {"source": 55, "target": 256, "right": true, "left": false, "value": 1}, {"source": 55, "target": 100, "right": true, "left": false, "value": 1}, {"source": 56, "target": 248, "right": true, "left": false, "value": 1}, {"source": 57, "target": 119, "right": true, "left": false, "value": 1}, {"source": 58, "target": 158, "right": true, "left": false, "value": 1}, {"source": 59, "target": 109, "right": false, "left": true, "value": 1}, {"source": 60, "target": 211, "right": true, "left": false, "value": 1}, {"source": 60, "target": 252, "right": true, "left": false, "value": 1}, {"source": 61, "target": 225, "right": true, "left": false, "value": 1}, {"source": 62, "target": 129, "right": false, "left": true, "value": 1}, {"source": 62, "target": 189, "right": false, "left": true, "value": 1}, {"source": 62, "target": 159, "right": true, "left": false, "value": 1}, {"source": 63, "target": 194, "right": true, "left": false, "value": 1}, {"source": 64, "target": 154, "right": true, "left": false, "value": 1}, {"source": 65, "target": 159, "right": true, "left": false, "value": 1}, {"source": 66, "target": 209, "right": true, "left": false, "value": 1}, {"source": 66, "target": 259, "right": true, "left": false, "value": 1}, {"source": 67, "target": 249, "right": true, "left": false, "value": 1}, {"source": 68, "target": 83, "right": true, "left": false, "value": 1}, {"source": 68, "target": 252, "right": true, "left": false, "value": 1}, {"source": 68, "target": 118, "right": true, "left": false, "value": 1}, {"source": 70, "target": 258, "right": false, "left": true, "value": 1}, {"source": 70, "target": 86, "right": false, "left": true, "value": 1}, {"source": 70, "target": 222, "right": false, "left": true, "value": 1}, {"source": 71, "target": 197, "right": true, "left": false, "value": 1}, {"source": 72, "target": 209, "right": true, "left": false, "value": 1}, {"source": 73, "target": 197, "right": true, "left": false, "value": 1}, {"source": 74, "target": 75, "right": true, "left": false, "value": 1}, {"source": 75, "target": 186, "right": false, "left": true, "value": 1}, {"source": 76, "target": 159, "right": true, "left": false, "value": 1}, {"source": 77, "target": 244, "right": true, "left": false, "value": 1}, {"source": 77, "target": 158, "right": true, "left": false, "value": 1}, {"source": 79, "target": 162, "right": true, "left": false, "value": 1}, {"source": 80, "target": 209, "right": true, "left": false, "value": 1}, {"source": 81, "target": 102, "right": false, "left": true, "value": 1}, {"source": 82, "target": 265, "right": true, "left": false, "value": 1}, {"source": 82, "target": 197, "right": true, "left": false, "value": 1}, {"source": 83, "target": 211, "right": true, "left": false, "value": 1}, {"source": 83, "target": 252, "right": true, "left": false, "value": 1}, {"source": 85, "target": 159, "right": true, "left": false, "value": 1}, {"source": 86, "target": 197, "right": true, "left": false, "value": 1}, {"source": 87, "target": 211, "right": true, "left": false, "value": 1}, {"source": 88, "target": 195, "right": false, "left": true, "value": 1}, {"source": 89, "target": 101, "right": false, "left": true, "value": 1}, {"source": 89, "target": 231, "right": true, "left": false, "value": 1}, {"source": 89, "target": 170, "right": false, "left": true, "value": 1}, {"source": 89, "target": 117, "right": false, "left": true, "value": 1}, {"source": 89, "target": 156, "right": false, "left": true, "value": 1}, {"source": 90, "target": 97, "right": true, "left": false, "value": 1}, {"source": 91, "target": 96, "right": true, "left": false, "value": 1}, {"source": 92, "target": 210, "right": true, "left": true, "value": 1}, {"source": 93, "target": 120, "right": true, "left": false, "value": 1}, {"source": 93, "target": 265, "right": true, "left": false, "value": 1}, {"source": 94, "target": 193, "right": true, "left": true, "value": 1}, {"source": 94, "target": 226, "right": false, "left": true, "value": 1}, {"source": 95, "target": 186, "right": false, "left": true, "value": 1}, {"source": 97, "target": 184, "right": false, "left": true, "value": 1}, {"source": 97, "target": 251, "right": false, "left": true, "value": 1}, {"source": 98, "target": 203, "right": false, "left": true, "value": 1}, {"source": 99, "target": 194, "right": true, "left": false, "value": 1}, {"source": 100, "target": 225, "right": true, "left": false, "value": 1}, {"source": 100, "target": 129, "right": false, "left": true, "value": 1}, {"source": 101, "target": 197, "right": true, "left": false, "value": 1}, {"source": 103, "target": 195, "right": true, "left": false, "value": 1}, {"source": 103, "target": 125, "right": false, "left": true, "value": 1}, {"source": 104, "target": 197, "right": true, "left": false, "value": 1}, {"source": 105, "target": 218, "right": true, "left": true, "value": 1}, {"source": 105, "target": 171, "right": false, "left": true, "value": 1}, {"source": 106, "target": 161, "right": true, "left": false, "value": 1}, {"source": 106, "target": 180, "right": true, "left": false, "value": 1}, {"source": 107, "target": 188, "right": true, "left": false, "value": 1}, {"source": 108, "target": 159, "right": true, "left": false, "value": 1}, {"source": 109, "target": 148, "right": false, "left": true, "value": 1}, {"source": 110, "target": 198, "right": false, "left": true, "value": 1}, {"source": 111, "target": 197, "right": true, "left": false, "value": 1}, {"source": 111, "target": 133, "right": true, "left": false, "value": 1}, {"source": 112, "target": 239, "right": true, "left": false, "value": 1}, {"source": 112, "target": 149, "right": true, "left": false, "value": 1}, {"source": 112, "target": 165, "right": true, "left": false, "value": 1}, {"source": 113, "target": 225, "right": true, "left": false, "value": 1}, {"source": 114, "target": 209, "right": true, "left": false, "value": 1}, {"source": 115, "target": 197, "right": true, "left": false, "value": 1}, {"source": 116, "target": 222, "right": true, "left": false, "value": 1}, {"source": 117, "target": 197, "right": true, "left": false, "value": 1}, {"source": 118, "target": 211, "right": true, "left": false, "value": 1}, {"source": 118, "target": 252, "right": true, "left": false, "value": 1}, {"source": 118, "target": 139, "right": false, "left": true, "value": 1}, {"source": 119, "target": 235, "right": false, "left": true, "value": 1}, {"source": 119, "target": 167, "right": true, "left": true, "value": 1}, {"source": 121, "target": 197, "right": true, "left": false, "value": 1}, {"source": 121, "target": 240, "right": true, "left": false, "value": 1}, {"source": 121, "target": 188, "right": true, "left": false, "value": 1}, {"source": 121, "target": 133, "right": true, "left": false, "value": 1}, {"source": 122, "target": 261, "right": true, "left": false, "value": 1}, {"source": 123, "target": 197, "right": true, "left": false, "value": 1}, {"source": 123, "target": 231, "right": true, "left": false, "value": 1}, {"source": 124, "target": 209, "right": true, "left": false, "value": 1}, {"source": 124, "target": 268, "right": true, "left": false, "value": 1}, {"source": 125, "target": 216, "right": false, "left": true, "value": 1}, {"source": 125, "target": 265, "right": true, "left": false, "value": 1}, {"source": 126, "target": 261, "right": true, "left": false, "value": 1}, {"source": 126, "target": 197, "right": true, "left": false, "value": 1}, {"source": 127, "target": 267, "right": true, "left": false, "value": 1}, {"source": 129, "target": 225, "right": true, "left": false, "value": 1}, {"source": 130, "target": 197, "right": true, "left": false, "value": 1}, {"source": 131, "target": 197, "right": true, "left": false, "value": 1}, {"source": 131, "target": 181, "right": false, "left": true, "value": 1}, {"source": 132, "target": 194, "right": true, "left": false, "value": 1}, {"source": 132, "target": 196, "right": true, "left": false, "value": 1}, {"source": 133, "target": 226, "right": false, "left": true, "value": 1}, {"source": 133, "target": 185, "right": false, "left": true, "value": 1}, {"source": 133, "target": 217, "right": false, "left": true, "value": 1}, {"source": 133, "target": 197, "right": true, "left": false, "value": 1}, {"source": 133, "target": 191, "right": false, "left": true, "value": 1}, {"source": 134, "target": 167, "right": true, "left": false, "value": 1}, {"source": 135, "target": 246, "right": false, "left": true, "value": 1}, {"source": 137, "target": 146, "right": false, "left": true, "value": 1}, {"source": 137, "target": 250, "right": false, "left": true, "value": 1}, {"source": 138, "target": 260, "right": true, "left": false, "value": 1}, {"source": 140, "target": 252, "right": true, "left": false, "value": 1}, {"source": 141, "target": 209, "right": true, "left": false, "value": 1}, {"source": 141, "target": 218, "right": true, "left": false, "value": 1}, {"source": 142, "target": 197, "right": true, "left": false, "value": 1}, {"source": 142, "target": 231, "right": true, "left": false, "value": 1}, {"source": 143, "target": 197, "right": true, "left": false, "value": 1}, {"source": 144, "target": 231, "right": true, "left": false, "value": 1}, {"source": 145, "target": 179, "right": true, "left": false, "value": 1}, {"source": 147, "target": 222, "right": true, "left": false, "value": 1}, {"source": 150, "target": 197, "right": true, "left": false, "value": 1}, {"source": 152, "target": 252, "right": true, "left": false, "value": 1}, {"source": 153, "target": 197, "right": true, "left": false, "value": 1}, {"source": 154, "target": 260, "right": true, "left": false, "value": 1}, {"source": 155, "target": 258, "right": true, "left": false, "value": 1}, {"source": 155, "target": 197, "right": true, "left": false, "value": 1}, {"source": 155, "target": 222, "right": true, "left": false, "value": 1}, {"source": 157, "target": 197, "right": true, "left": false, "value": 1}, {"source": 159, "target": 201, "right": false, "left": true, "value": 1}, {"source": 159, "target": 254, "right": false, "left": true, "value": 1}, {"source": 160, "target": 197, "right": true, "left": false, "value": 1}, {"source": 161, "target": 218, "right": true, "left": false, "value": 1}, {"source": 161, "target": 165, "right": false, "left": true, "value": 1}, {"source": 162, "target": 248, "right": true, "left": true, "value": 1}, {"source": 162, "target": 163, "right": false, "left": true, "value": 1}, {"source": 162, "target": 192, "right": false, "left": true, "value": 1}, {"source": 163, "target": 197, "right": true, "left": false, "value": 1}, {"source": 164, "target": 197, "right": false, "left": true, "value": 1}, {"source": 164, "target": 266, "right": false, "left": true, "value": 1}, {"source": 164, "target": 203, "right": false, "left": true, "value": 1}, {"source": 164, "target": 215, "right": false, "left": true, "value": 1}, {"source": 165, "target": 268, "right": true, "left": false, "value": 1}, {"source": 167, "target": 232, "right": false, "left": true, "value": 1}, {"source": 167, "target": 265, "right": true, "left": false, "value": 1}, {"source": 168, "target": 267, "right": true, "left": false, "value": 1}, {"source": 169, "target": 255, "right": true, "left": false, "value": 1}, {"source": 170, "target": 197, "right": true, "left": false, "value": 1}, {"source": 171, "target": 218, "right": true, "left": false, "value": 1}, {"source": 172, "target": 230, "right": true, "left": false, "value": 1}, {"source": 173, "target": 197, "right": true, "left": false, "value": 1}, {"source": 174, "target": 197, "right": true, "left": false, "value": 1}, {"source": 175, "target": 211, "right": true, "left": false, "value": 1}, {"source": 176, "target": 197, "right": true, "left": false, "value": 1}, {"source": 177, "target": 265, "right": true, "left": false, "value": 1}, {"source": 178, "target": 225, "right": true, "left": false, "value": 1}, {"source": 179, "target": 264, "right": false, "left": true, "value": 1}, {"source": 179, "target": 266, "right": false, "left": true, "value": 1}, {"source": 179, "target": 244, "right": false, "left": true, "value": 1}, {"source": 182, "target": 194, "right": true, "left": false, "value": 1}, {"source": 183, "target": 267, "right": true, "left": false, "value": 1}, {"source": 185, "target": 191, "right": true, "left": false, "value": 1}, {"source": 187, "target": 231, "right": true, "left": false, "value": 1}, {"source": 188, "target": 263, "right": false, "left": true, "value": 1}, {"source": 188, "target": 238, "right": false, "left": true, "value": 1}, {"source": 190, "target": 197, "right": true, "left": false, "value": 1}, {"source": 193, "target": 226, "right": false, "left": true, "value": 1}, {"source": 194, "target": 196, "right": true, "left": true, "value": 1}, {"source": 195, "target": 257, "right": false, "left": true, "value": 1}, {"source": 197, "target": 267, "right": false, "left": true, "value": 1}, {"source": 197, "target": 198, "right": false, "left": true, "value": 1}, {"source": 197, "target": 200, "right": false, "left": true, "value": 1}, {"source": 197, "target": 202, "right": false, "left": true, "value": 1}, {"source": 197, "target": 203, "right": false, "left": true, "value": 1}, {"source": 197, "target": 212, "right": false, "left": true, "value": 1}, {"source": 197, "target": 215, "right": false, "left": true, "value": 1}, {"source": 197, "target": 219, "right": false, "left": true, "value": 1}, {"source": 197, "target": 220, "right": false, "left": true, "value": 1}, {"source": 197, "target": 223, "right": false, "left": true, "value": 1}, {"source": 197, "target": 224, "right": false, "left": true, "value": 1}, {"source": 197, "target": 226, "right": false, "left": true, "value": 1}, {"source": 197, "target": 227, "right": false, "left": true, "value": 1}, {"source": 197, "target": 228, "right": false, "left": true, "value": 1}, {"source": 197, "target": 229, "right": false, "left": true, "value": 1}, {"source": 197, "target": 231, "right": false, "left": true, "value": 1}, {"source": 197, "target": 233, "right": false, "left": true, "value": 1}, {"source": 197, "target": 235, "right": false, "left": true, "value": 1}, {"source": 197, "target": 236, "right": false, "left": true, "value": 1}, {"source": 197, "target": 242, "right": false, "left": true, "value": 1}, {"source": 197, "target": 247, "right": false, "left": true, "value": 1}, {"source": 197, "target": 255, "right": false, "left": true, "value": 1}, {"source": 199, "target": 250, "right": true, "left": false, "value": 1}, {"source": 204, "target": 209, "right": true, "left": false, "value": 1}, {"source": 205, "target": 231, "right": true, "left": false, "value": 1}, {"source": 206, "target": 207, "right": false, "left": true, "value": 1}, {"source": 208, "target": 259, "right": false, "left": true, "value": 1}, {"source": 209, "target": 268, "right": true, "left": true, "value": 1}, {"source": 209, "target": 240, "right": false, "left": true, "value": 1}, {"source": 209, "target": 210, "right": false, "left": true, "value": 1}, {"source": 210, "target": 268, "right": true, "left": false, "value": 1}, {"source": 211, "target": 252, "right": true, "left": true, "value": 1}, {"source": 212, "target": 231, "right": true, "left": false, "value": 1}, {"source": 213, "target": 237, "right": true, "left": false, "value": 1}, {"source": 213, "target": 231, "right": true, "left": false, "value": 1}, {"source": 214, "target": 231, "right": true, "left": false, "value": 1}, {"source": 219, "target": 222, "right": true, "left": false, "value": 1}, {"source": 220, "target": 262, "right": true, "left": false, "value": 1}, {"source": 222, "target": 223, "right": false, "left": true, "value": 1}, {"source": 224, "target": 260, "right": true, "left": false, "value": 1}, {"source": 225, "target": 256, "right": false, "left": true, "value": 1}, {"source": 231, "target": 245, "right": false, "left": true, "value": 1}, {"source": 232, "target": 265, "right": true, "left": false, "value": 1}, {"source": 234, "target": 267, "right": true, "left": false, "value": 1}, {"source": 235, "target": 268, "right": true, "left": false, "value": 1}, {"source": 251, "target": 267, "right": true, "left": false, "value": 1}]}