{"nodes": [{"asin": "B008I0IUXI", "name": "BIRUGEAR +9dBi 15\" High Gain Booster Omnidirectional RP-SMA Screw-On Swivel Antenna for Linksys WET11, WET54G, WMP11 PCI Card, WPS11, WMP54G, WMP54GS, WRT54GC + Cup Pad", "imUrl": "http://ecx.images-amazon.com/images/I/41Lm6NUMw4L._SY300_.jpg", "price": 2.95, "numReviews": 2, "groups": [0], "averageRating": 3.0}, {"asin": "B00804NTA6", "name": "HDE Durable Reverse Polarity -SMA Wifi WAN / LAN Router Antenna Extention Cable - 10ft 3M", "imUrl": "http://ecx.images-amazon.com/images/I/41FllJ01BmL._SY300_.jpg", "price": 3.49, "numReviews": 22, "groups": [1], "averageRating": 4.409090909090909}, {"asin": "B00DSSM0M2", "name": "Super Power Supply\u00ae 15dBi Wireless 2.4GHz 5GHz Dual Band WiFi Antenna with RP-TNC Adapter for Routers Linksys Cisco Aironet Proxim Stratum Tranzeo WRT54G WRT54GL WRT54GS WAP54G WRT54G-TM BEFW11S4 871W-G-E-K9 877W-G-A-K9 Air-AP1252AG-A-K9 AIR-ANT5959 HGA7T 1200 MP Wi-LAN AWE TR-600c TR-660", "imUrl": "http://ecx.images-amazon.com/images/I/21T59qYJCWL._SY300_.jpg", "price": 36.29, "numReviews": 2, "groups": [2], "averageRating": 4.5}, {"asin": "B000GHK6MY", "name": "TRENDnet 14dBi Outdoor High Gain Directional Antenna TEW-AO14D", "imUrl": "http://ecx.images-amazon.com/images/I/21wdHWWLzHL.jpg", "price": 49.54, "numReviews": 14, "groups": [3], "averageRating": 4.285714285714286, "brand": "TRENDnet"}, {"asin": "B002DGE62M", "name": "9dBi 802.11g OMNI-Directional High-Gain Screw-On Swivel Antenna for Routers or Network Card Adapters with RP-TNC Connector", "imUrl": "http://ecx.images-amazon.com/images/I/21Tzmj-0%2B0L._SY300_.jpg", "price": 7.99, "numReviews": 17, "groups": [4], "averageRating": 2.1176470588235294}, {"asin": "B009IRLFS2", "name": "Edimax Indoor High Performance 9dBi Omni-Directional Desktop Antenna (EA-IO9D)", "imUrl": "http://ecx.images-amazon.com/images/I/21toAkZVKOL._SY300_.jpg", "price": 14.25, "numReviews": 1, "groups": [5], "averageRating": 4.0, "brand": "Edimax"}, {"asin": "B00DUG9UES", "name": "Super Power Supply\u00ae 3 x 9dBi 2.4GHz 5GHz Dual Band WiFi RP-SMA Antenna + 3 x U.Fl Cable - Mod Kit for Wireless Routers Linksys Asus D-Link E2000 E2100L E2500 E3000 E4200 EA2700 EA4500 EA6400 EA6700 WRT160NL WRT400N WRT600N WRT610N WNDR3300 WNDR3400 WNDR3700 N600 N750", "imUrl": "http://ecx.images-amazon.com/images/I/41AVPgZSeHL._SX300_.jpg", "price": 18.99, "numReviews": 1, "groups": [6], "averageRating": 5.0}, {"asin": "B0025W3Q84", "name": "SMA Female to SMA Female Coupler Joiner", "imUrl": "http://ecx.images-amazon.com/images/I/41nAKVcNk0L._SY300_.jpg", "price": 4.29, "numReviews": 20, "groups": [7], "averageRating": 4.5}, {"asin": "B00B5T5528", "name": "20Dbi 3G Wifi Redio Wave Router Antenna Aerial Rp-Sma 2.4Ghz Triangle 17Inch", "imUrl": "http://ecx.images-amazon.com/images/I/318fhcn2i8L._SY300_.jpg", "price": 8.14, "numReviews": 1, "groups": [8], "averageRating": 2.0}, {"asin": "B00CKJE42O", "name": "SMAKN GSM Gprs Cdma 3g Module Antenna Omnidirectional Antenna 800-2170mhz", "imUrl": "http://ecx.images-amazon.com/images/I/31ncLwRmJVL._SX300_.jpg", "price": 5.15, "numReviews": 1, "groups": [9], "averageRating": 5.0}, {"asin": "B00558OPRG", "name": "Rosewill RNX-A2-EX 2.4 GHz Indoor Omni-Directional (2 dBi x3) Antenna Extender/ Design For Wireless N 2x3 or 3x3 Solution/ SMA Connector", "imUrl": "http://ecx.images-amazon.com/images/I/31clKZW%2B4wL._SX300_.jpg", "price": 7.32, "numReviews": 3, "groups": [10], "averageRating": 4.333333333333333}, {"asin": "B00DTXNEZI", "name": "Super Power Supply\u00ae 3 x 6dBi 2.4GHz 5GHz Dual Band WiFi RP-SMA Antenna + 3 x U.Fl Cable - Mod Kit for Wireless Routers Linksys Asus D-Link E2000 E2100L E2500 E3000 E4200 EA2700 EA4500 EA6400 EA6700 WRT160NL WRT400N WRT600N WRT610N WNDR3300 WNDR3400 WNDR3700 N600 N750", "imUrl": "http://ecx.images-amazon.com/images/I/41ulVft3WhL._SX300_.jpg", "price": 10.99, "numReviews": 3, "groups": [11], "averageRating": 4.0}, {"asin": "B00DMHSODS", "name": "Super Power Supply\u00ae 2 x 9dBi RP-SMA Dual Band 2.4GHz 5GHz + 2 x 8in / 20cm U.fl / IPEX Cable Antenna Mod Kit No Soldering for Wireless Routers Linksys Cisco E2000 E2500 EA2700 E3000 EA3500 E4200 EA4500 EA6200 WRT310N WRT320N WRT330N WRT400N WRT610N WRT54GS2 Belkin F7D8301 Netgear N600 N750 N900 WN2500RP WNDR3300 WNDR3400 WNDR3700 v.2 v.3 WNDR3800 WNDR4000 WNDR4500 WNR834B v. 1 v.2 WNR2000 WNR2200 DGND3700 v.1 v.2 D-Link DIR-655 Buffalo WZR-HP-G450H Mini PCIe Cards Network Extension Bulkhead Pigtail PCI WiFi WAN Repeater", "imUrl": "http://ecx.images-amazon.com/images/I/313urMu71HL._SX300_.jpg", "price": 13.79, "numReviews": 17, "groups": [12], "averageRating": 3.8823529411764706, "brand": "Super Power Supply\u00ae"}, {"asin": "B00DSD6G9K", "name": "Super Power Supply\u00ae 1 x 2dBi RP-SMA Dual Band 2.4GHz 5GHz + 1 x 8in / 20cm U.fl / IPEX Cable Antenna Mod Kit No Soldering for Wireless Routers Linksys Cisco E2000 E2500 EA2700 E3000 EA3500 E4200 EA4500 WRT310N WRT320N WRT330N WRT400N WRT610N WRT54GS2 Belkin F7D8301 Netgear N600 N750 N900 WN2500RP WNDR3300 WNDR3400 WNDR3700 v.2 v.3 WNDR3800 WNDR4000 WNDR4500 WNR834B v. 1 v.2 WNR2000 WNR2200 DGND3700 v.1 v.2 D-Link DIR-655 Buffalo WZR-HP-G450H Mini PCIe Cards Network Extension Bulkhead Pigtail PCI WiFi WAN Repeater", "imUrl": "http://ecx.images-amazon.com/images/I/31gWZDtzqmL._SY300_.jpg", "price": 2.99, "numReviews": 1, "groups": [13], "averageRating": 5.0}, {"asin": "B00EZ004SO", "name": "Okeler 3M RP-SMA WiFi Antenna Extension Cable Connector Magnetic Base for Modem Router with Free Pen", "imUrl": "http://ecx.images-amazon.com/images/I/41eboiP%2BwsL._SY300_.jpg", "price": 3.05, "numReviews": 1, "groups": [14], "averageRating": 4.0}, {"asin": "B00KQ0EN2A", "name": "Super Power Supply\u00ae 3 x 12dBi 2.4GHz 5GHz Dual Band WiFi RP-SMA Antenna for Routers Asus RT-AC66U RT-N66U RT-N16 RT-AC68R RT-AC68U Linksys Cisco E2100L WRT160NL EA6900 Netgear Nighthawk R7000 TP-Link TL-WR1043ND TL-WR2543ND TL-WDR3500 TL-WDR4300 Amped Wireless SR150 AP300 R300 SR300 300N R10000 R10000G SR10000 SR20000G AP20000G Belkin F7D8301 ZyXEL NBG461 NBG4615 WAP3205 Asus RT-N16 RT-N66U RT-AC66U D-Link DIR-655 DIR-825 DAP-1360 Buffalo WZR-HP-G450 WHR-HP-G300N Xbox 360 Slim WiFi Board Omni Directional Network Extension Mini PCIe PCI Cards WAN Repeater", "imUrl": "http://ecx.images-amazon.com/images/I/41YDVrxWLtL._SX300_.jpg", "price": 19.99, "numReviews": 2, "groups": [15], "averageRating": 5.0}, {"asin": "B00DJF04FE", "name": "Super Power Supply\u00ae 1 x 4\" inch / 10cm U.FL / IPX Mini PCIe to RP-SMA Antenna Pigtail WiFi Wireless WAN Router Cable PCIe PCI Apple Airport Extreme Netgear WN2500RP WNR834B v1 v2 WNDR4300 N600 N750 N900 Linksys EA2700 EA6500 EA6700 EA4500 EA6400 E2000 WRT610N WRT320N E3000 E3200 EA3500 WNDR3400 WNDR4000 WNDR4500 R6300", "imUrl": "http://ecx.images-amazon.com/images/I/31GxdX4BoOL._SX300_.jpg", "price": 1.5, "numReviews": 1, "groups": [16], "averageRating": 5.0}, {"asin": "B008HP53OS", "name": "SODIAL(TM) 10 dBi 2.4GHz WIFI Antenna", "imUrl": "http://ecx.images-amazon.com/images/I/212VFJ2kjiL._SY300_.jpg", "price": 4.2, "numReviews": 1, "groups": [17], "averageRating": 1.0, "brand": "SODIAL(TM)"}, {"asin": "B00E5M4TW4", "name": "9dBi ANTENNA for Actiontec Verizon FIOS MI424WR M1424WR GT784WN PK5000 Q1000 DSL High Gain Wireless Antenna WiFi Router", "imUrl": "http://ecx.images-amazon.com/images/I/41bGzh9pcAL._SX300_.jpg", "price": 8.99, "numReviews": 8, "groups": [18], "averageRating": 2.375}, {"asin": "B009UNQGEW", "name": "New Linksys HGA7T 7dBi High Gain Antennas RP-TNC for WRT54G WRT54GS", "imUrl": "http://ecx.images-amazon.com/images/I/41J5ETUGHjL._SY300_.jpg", "price": 14.98, "numReviews": 13, "groups": [19], "averageRating": 3.1538461538461537}, {"asin": "B00DTVCW0I", "name": "Super Power Supply\u00ae 2 x 2dBi Wireless 2.4GHz 5GHz Dual Band WiFi Antenna RP-TNC Linksys Cisco Aironet Proxim Stratum Tranzeo WRT54G WRT54GL WRT54GS WAP54G WRT54G-TM BEFW11S4 871W-G-E-K9 877W-G-A-K9 Air-AP1252AG-A-K9 AIR-ANT5959 HGA7T 1200 MP Wi-LAN AWE TR-600c TR-660", "imUrl": "http://ecx.images-amazon.com/images/I/31f%2BtH1aeyL._SX300_.jpg", "price": 3.99, "numReviews": 1, "groups": [20], "averageRating": 5.0}, {"asin": "B000FEDRN8", "name": "eForCity\u00ae Wi-Fi Booster Antenna Compatible with D-link DWL520, Linksys WMP11, WET11, Netgear MA311, or D-link Aps, 2400-2483 MHz, 6ft", "imUrl": "http://ecx.images-amazon.com/images/I/31yQxrZPTzL._SY300_.jpg", "price": 4.81, "numReviews": 84, "groups": [21], "averageRating": 3.392857142857143}, {"asin": "B00802VTCI", "name": "HDE 2.4GHz 9dBi Wireless WiFi Directional Antenna Signal Booster", "imUrl": "http://ecx.images-amazon.com/images/I/31Cp3nth7oL._SY300_.jpg", "price": 5.35, "numReviews": 1, "groups": [22], "averageRating": 4.0}, {"asin": "B00F9KSIHI", "name": "WIFI EXPERT - WiFi Antenna 5.8Ghz Double BiQuad MACH 5 Tripod Wireless Booster Long Range AC", "imUrl": "http://ecx.images-amazon.com/images/I/51tN-jyy%2BJL._SX300_.jpg", "price": 89.99, "numReviews": 1, "groups": [23], "averageRating": 5.0}, {"asin": "B002VYP5QW", "name": "TP-Link TL-ANT2408CL 8dBi Indoor Omni Antenna, RP-SMA Male", "imUrl": "http://ecx.images-amazon.com/images/I/21PVANleViL._SY300_.jpg", "price": 9.87, "numReviews": 9, "groups": [24], "averageRating": 4.222222222222222}, {"asin": "B00DTVM9N8", "name": "Super Power Supply\u00ae 2 x 6dBi 2.4GHz 5GHz Dual Band WiFi RP-SMA Antenna for Routers Linksys Cisco E2100L WRT160NL TP-Link TL-WDR3500 TL-WR841ND Amped Wireless SR150 AP300 R300 SR300 300N R10000 R10000G SR10000 SR20000G AP20000G ZyXEL NBG461 NBG4615 WAP3205 D-Link DIR-825 DAP-1360 Omni Directional Network Extension Mini PCIe PCI Cards WAN Repeater", "imUrl": "http://ecx.images-amazon.com/images/I/31LIpSXpqlL._SX300_.jpg", "price": 7.32, "numReviews": 4, "groups": [25], "averageRating": 3.0}, {"asin": "B00E9CRJQ8", "name": "Super Power Supply\u00ae 2 x 6dBi 2.4GHz 5GHz 5.8GHz Dual Band WiFi RP-SMA db Antenna Style 1 for Routers Linksys Cisco E2100L WRT160NL TP-Link TL-WDR3500 TL-WR841ND Amped Wireless SR150 AP300 R300 SR300 300N R10000 R10000G SR10000 SR20000G AP20000G ZyXEL NBG461 NBG4615 WAP3205 D-Link DIR-825 DAP-1360 Omni Directional Works with A B G N AC Network Extension Mini PCIe PCI Cards WAN Repeater", "imUrl": "http://ecx.images-amazon.com/images/I/41untMx4ZML._SX300_.jpg", "price": 6.59, "numReviews": 8, "groups": [26], "averageRating": 3.875}, {"asin": "B00939UK8G", "name": "D-Link DIR-655 Gigabit 7dBi RP-SMA Antenna Kit (3 Antennas)", "imUrl": "http://ecx.images-amazon.com/images/I/51Pa3-d3t7L._SX300_.jpg", "price": 18.99, "numReviews": 3, "groups": [27], "averageRating": 5.0}, {"asin": "B00DONMB1G", "name": "Superbat 2.4GHz 3dBi Omni WIFI Antenna BNC Male Connector for Wireless Router", "imUrl": "http://ecx.images-amazon.com/images/I/21gQPn7DuwL._SY300_.jpg", "price": 5.16, "numReviews": 1, "groups": [28], "averageRating": 5.0}, {"asin": "B00DSS90F2", "name": "Super Power Supply\u00ae 16dBi Wireless 2.4GHz High Gain Booster Directional WiFi Antenna with RP-SMA MALE TO RP-TNC FEMALE Adapter for Routers Linksys Cisco Aironet Proxim Stratum Tranzeo WRT54G WRT54GL WRT54GS WAP54G WRT54G-TM BEFW11S4 871W-G-E-K9 877W-G-A-K9 Air-AP1252AG-A-K9 AIR-ANT5959 HGA7T 1200 MP Wi-LAN AWE TR-600c TR-660", "imUrl": "http://ecx.images-amazon.com/images/I/31WfN77h9vL._SX300_.jpg", "price": 21.98, "numReviews": 2, "groups": [29], "averageRating": 5.0}, {"asin": "B004I0DK6E", "name": "Cable N Wireless 9db Wireless Range Extender Antenna WiFi Wi-Fi Booster SMA/Wireless LAN Long Antenna for PCI Card Router", "imUrl": "http://ecx.images-amazon.com/images/I/41pEEci1lHL._SY300_.jpg", "price": 11.84, "numReviews": 3, "groups": [30], "averageRating": 2.6666666666666665}, {"asin": "B005UBNJ48", "name": "Asus WL-ANT-157 Antenna", "imUrl": "http://ecx.images-amazon.com/images/I/41mb3kHZSwL._SX300_.jpg", "price": 20.99, "numReviews": 169, "groups": [31], "averageRating": 3.5562130177514795, "brand": "Asus"}, {"asin": "B00CPB2XX4", "name": "Super Power Supply\u00ae 1 x 16dBi Yagi Wireless 2.4GHz High Gain Booster Directional WiFi Antenna RP-SMA for Routers Linksys Cisco E2100L WRT160NL TP-Link TL-WR1043ND TL-WR2543ND TL-WDR3500 TL-WDR4300 Amped Wireless SR150 AP300 R300 SR300 300N R10000 R10000G SR10000 SR20000G AP20000G Belkin F7D8301 ZyXEL NBG461 NBG4615 WAP3205 Asus RT-N16 RT-N66U RT-AC66U D-Link DIR-655 DIR-825 DAP-1360 Buffalo WZR-HP-G450H WHR-HP-G54 WHR-HP-G300N Mini PCIe Cards Network Extension PCI WAN Repeater", "imUrl": "http://ecx.images-amazon.com/images/I/31-vLLNTGRL._SY300_.jpg", "price": 24.08, "numReviews": 4, "groups": [32], "averageRating": 4.5}, {"asin": "B00EEBDL0C", "name": "Super Power Supply\u00ae 1 x 16dBi 2.4GHz Panel High Gain Booster Directional WiFi Antenna RP-SMA for Routers Asus RT-N16 RT-N66U RT-AC66U Linksys Cisco E2100L WRT160NL Buffalo WZR-HP-G450H WHR-HP-G54 WHR-HP-G300N D-Link DIR-655 DIR-825 DAP-1360 TP-Link TL-WR1043ND TL-WR2543ND TL-WDR3500 TL-WDR4300 Amped Wireless SR150 AP300 R300 SR300 300N R10000 R10000G SR10000 SR20000G AP20000G Belkin F7D8301 ZyXEL NBG461 NBG4615 WAP3205 and Mini PCIe Cards Network Extension PCI Wireless WAN Repeater", "imUrl": "http://ecx.images-amazon.com/images/I/31sIIHI95lL._SY300_.jpg", "price": 20.39, "numReviews": 1, "groups": [33], "averageRating": 5.0}, {"asin": "B00ASBE9BW", "name": "Linksys E3000 Antenna Mod Kit (No soldering required)", "imUrl": "http://ecx.images-amazon.com/images/I/51jCZFn86GL._SX300_.jpg", "price": 13.59, "numReviews": 2, "groups": [34], "averageRating": 4.0}, {"asin": "B00EYADGJE", "name": "Okeler 2.4G 20dBi SMA WiFi Omni Signal Booster Antenna for Network LAN Modem PCI Card with Free Pen", "imUrl": "http://ecx.images-amazon.com/images/I/31Cdc%2Bfo3ZL._SY300_.jpg", "price": 5.23, "numReviews": 2, "groups": [8], "averageRating": 3.0}, {"asin": "B0007XXU3E", "name": "D-Link  ANT24-0700 2.4 GHz Omni-Directional 7 dBi Indoor Antenna", "imUrl": "http://ecx.images-amazon.com/images/I/21XKde6UzmL._SY300_.jpg", "price": 89.0, "numReviews": 181, "groups": [35], "averageRating": 3.5359116022099446}, {"asin": "B00DUGUCAY", "name": "Super Power Supply\u00ae 4 x 7dBi 2.4GHz 5GHz Dual Band WiFi RP-SMA Antenna + 4 x U.Fl Cable - Mod Kit for Wireless Routers Linksys Asus D-Link E2000 E2100L E2500 E3000 E4200 EA2700 EA4500 WRT160NL WRT400N WRT600N WRT610N WNDR3300 WNDR3400 WNDR3700 N600 N750", "imUrl": "http://ecx.images-amazon.com/images/I/31G6uU6QjvL._SX300_.jpg", "price": 17.99, "numReviews": 1, "groups": [36], "averageRating": 5.0}, {"asin": "B00080DSZQ", "name": "Gemini Wireless LAN Desktop Antenna with SMA and TNC Connectors", "imUrl": "http://ecx.images-amazon.com/images/I/41W1IoypewL._SX300_.jpg", "price": 9.99, "numReviews": 1, "groups": [37], "averageRating": 2.0}, {"asin": "B00DP780H0", "name": "Super Power Supply\u00ae 2 x 7dBi RP-SMA Dual Band 2.4GHz 5GHz + 2 x 8in / 20cm U.fl / IPEX Cable Antenna Mod Kit No Soldering for Wireless Routers Linksys Cisco E2000 E2500 EA2700 E3000 EA3500 E4200 EA4500 EA6200 WRT310N WRT320N WRT330N WRT400N WRT610N WRT54GS2 Belkin F7D8301 Netgear N600 N750 N900 WN2500RP WNDR3300 WNDR3400 WNDR3700 v.2 v.3 WNDR3800 WNDR4000 WNDR4500 WNR834B v. 1 v.2 WNR2000 WNR2200 DGND3700 v.1 v.2 D-Link DIR-655 Buffalo WZR-HP-G450H Mini PCIe Cards Network Extension Bulkhead Pigtail PCI WiFi WAN Repeater", "imUrl": "http://ecx.images-amazon.com/images/I/41LCdHvDOHL._SX300_.jpg", "price": 8.99, "numReviews": 4, "groups": [38], "averageRating": 4.25}, {"asin": "B00FAJF7XQ", "name": "SMAKN 2 Pcs RF coaxial coax adapter SMA female to RP-SMA male", "imUrl": "http://ecx.images-amazon.com/images/I/31sJGas7vIL.jpg", "price": 4.62, "numReviews": 4, "groups": [39], "averageRating": 4.25, "brand": "SMAKN"}, {"asin": "B007Y6XZQE", "name": "5.8Ghz 5Dbi RP-SMA Antenna Kit for Mini PCIe Cards", "imUrl": "http://ecx.images-amazon.com/images/I/31YzzZVGM8L._SY300_.jpg", "price": 10.99, "numReviews": 8, "groups": [40], "averageRating": 3.5}, {"asin": "B0085WAWS0", "name": "5.8Ghz 5Dbi RP-SMA B G N Band Wifi Antenna with Tilt and Swivel", "imUrl": "http://ecx.images-amazon.com/images/I/31rzijHbEBL._SX300_.jpg", "price": 7.49, "numReviews": 1, "groups": [41], "averageRating": 2.0}, {"asin": "B00DTWTXTK", "name": "Super Power Supply\u00ae 2 x 16dBi Yagi Wireless 2.4GHz High Gain Booster Directional WiFi Antenna RP-SMA for Routers Linksys Cisco E2100L WRT160NL TP-Link TL-WR1043ND TL-WR2543ND TL-WDR3500 TL-WDR4300 Amped Wireless SR150 AP300 R300 SR300 300N R10000 R10000G SR10000 SR20000G AP20000G Belkin F7D8301 ZyXEL NBG461 NBG4615 WAP3205 Asus RT-N16 RT-N66U RT-AC66U D-Link DIR-655 DIR-825 DAP-1360 Buffalo WZR-HP-G450H WHR-HP-G54 WHR-HP-G300N Omni Directional Network Extension Mini PCIe PCI Cards WAN Repeater", "imUrl": "http://ecx.images-amazon.com/images/I/41cVYwemr1L._SX300_.jpg", "price": 34.98, "numReviews": 6, "groups": [42], "averageRating": 4.166666666666667}, {"asin": "B008OD9L28", "name": "2.4GHz 15dBi Wireless WIFI Booster Router Antenna SMA", "imUrl": "http://ecx.images-amazon.com/images/I/21W%2B2WjrzwL._SY300_.jpg", "price": 5.77, "numReviews": 1, "groups": [43], "averageRating": 3.0}, {"asin": "B00009B5AK", "name": "NETGEAR ACC-10314-03 Antenna Cable (5 m)", "imUrl": "http://ecx.images-amazon.com/images/I/219WC8T952L.jpg", "price": 57.36, "numReviews": 2, "groups": [44], "averageRating": 3.5}, {"asin": "B00DTWHA3G", "name": "Super Power Supply\u00ae 2 x 9dBi RP-SMA Dual Band 2.4GHz 5GHz + 2 x 8in / 20cm U.fl / IPEX Cable Antenna Mod Kit No Soldering for Wireless Routers Linksys Cisco E2000 E2500 EA2700 E3000 EA3500 E4200 EA4500 EA6200 WRT310N WRT320N WRT330N WRT400N WRT610N WRT54GS2 Belkin F7D8301 Netgear N600 N750 N900 WN2500RP WNDR3300 WNDR3400 WNDR3700 v.2 v.3 WNDR3800 WNDR4000 WNDR4500 WNR834B v. 1 v.2 WNR2000 WNR2200 DGND3700 v.1 v.2 D-Link DIR-655 Buffalo WZR-HP-G450H Mini PCIe Cards Network Extension Bulkhead Pigtail PCI WiFi WAN Repeater", "imUrl": "http://ecx.images-amazon.com/images/I/310j%2BWCVEoL._SX300_.jpg", "price": 10.99, "numReviews": 8, "groups": [45], "averageRating": 3.25}, {"asin": "B004I1GHKY", "name": "eforCity 335802 Wi-Fi 2.4GHz 7 DBI Booster Antenna SMA RP with Wireless Wlan", "imUrl": "http://ecx.images-amazon.com/images/I/31h9UrgH%2ByL._SY300_.jpg", "price": 3.66, "numReviews": 14, "groups": [46], "averageRating": 3.142857142857143}, {"asin": "B00DP64JRG", "name": "Super Power Supply\u00ae 2 x 6dBi RP-SMA Dual Band 2.4GHz 5GHz + 2 x 8in / 20cm U.fl / IPEX Cable Antenna Mod Kit No Soldering for Wireless Routers Linksys Cisco E2000 E2500 EA2700 E3000 EA3500 E4200 EA4500 EA6200 WRT310N WRT320N WRT330N WRT400N WRT610N WRT54GS2 Belkin F7D8301 Netgear N600 N750 N900 WN2500RP WNDR3300 WNDR3400 WNDR3700 v.2 v.3 WNDR3800 WNDR4000 WNDR4500 WNR834B v. 1 v.2 WNR2000 WNR2200 DGND3700 v.1 v.2 D-Link DIR-655 Buffalo WZR-HP-G450H Mini PCIe Cards Network Extension Bulkhead Pigtail PCI WiFi WAN Repeater", "imUrl": "http://ecx.images-amazon.com/images/I/31XU6GygBVL._SX300_.jpg", "price": 7.39, "numReviews": 13, "groups": [12], "averageRating": 4.153846153846154}, {"asin": "B002MUKQAU", "name": "Alfa 9dBi WiFi Booster SMA OMNI-Directional High-Gain Screw-On Swivel Antenna for D-Link", "imUrl": "http://ecx.images-amazon.com/images/I/3174Jh3XqkL._SX300_.jpg", "price": 6.99, "numReviews": 8, "groups": [47], "averageRating": 2.875}, {"asin": "B00EP6BS5Q", "name": "3 Pack of 7Dbi RP-SMA Omni Directional B/G/N Band 2.4Ghz and 5.8Ghz Antennas Wifi Signal Boosting Kit ASUS PCE-AC66 AC1750 RT-N16 RT-AC66U RT-N66U RT-N66R RT-AC66R D-Link N300 DIR-655 DIR-665 DGL-4500 DIR-835 TP-Link TL-WDR4300 TL-AC1750 TL-WR1043ND TL-WR2543ND TL-WR940N TL-WR941ND Buffalo WRZ-HP-G450H N450 Trendnet TEW-639GR TEW-692GR TEW-691GR Belkin F5D8231-4 N1 or any Other Router or Mini PCIE Card That Uses 3x RP-SMA Antennas", "imUrl": "http://ecx.images-amazon.com/images/I/31cUWnreWcL._SX300_.jpg", "price": 18.99, "numReviews": 3, "groups": [48], "averageRating": 3.6666666666666665}, {"asin": "B005GICE6O", "name": "CRC9 14 dbi 3G Antenna for Huawei USB Modem E160 E169", "imUrl": "http://ecx.images-amazon.com/images/I/41CgJ3h9JOL._SY300_.jpg", "price": 15.3, "numReviews": 5, "groups": [49], "averageRating": 2.6}, {"asin": "B007OVFG84", "name": "Protronix\u00ae 2X 2Dbi RP-SMA Antennas for Wireless PCI Card or Router", "imUrl": "http://ecx.images-amazon.com/images/I/41bJeZesCTL._SY300_.jpg", "price": 2.45, "numReviews": 4, "groups": [50], "averageRating": 3.75}, {"asin": "B00009B5AH", "name": "NETGEAR ANT24D18 14Dbi Antenna", "imUrl": "http://ecx.images-amazon.com/images/I/31cgFswhOjL._SY300_.jpg", "price": 136.84, "numReviews": 1, "groups": [44], "averageRating": 4.0}, {"asin": "B002TWEKD0", "name": "Alfa 802.11g 9dBi TNC OMNI-Directional High-Gain Screw-On Swivel Wi-Fi Booster Antenna for Routers or Network Card Adapters - Fits Linksys WRT54G, WRT54GL, BEFW11S4, WAP54G, WAP11, WSB24, WRT54GS and all 802.11g TNC connectors", "imUrl": "http://ecx.images-amazon.com/images/I/31aZe3MeZ-L._SX300_.jpg", "price": 19.99, "numReviews": 6, "groups": [51], "averageRating": 3.1666666666666665}, {"asin": "B00DTXCORW", "name": "Super Power Supply\u00ae 3 x 2dBi 2.4GHz 5GHz Dual Band WiFi RP-SMA Antenna + 3 x U.Fl Cable - Mod Kit for Wireless Routers Linksys Asus D-Link E2000 E2100L E2500 E3000 E4200 EA2700 EA4500 EA6400 EA6700 WRT160NL WRT400N WRT600N WRT610N WNDR3300 WNDR3400 WNDR3700 N600 N750", "imUrl": "http://ecx.images-amazon.com/images/I/31bCd9G4S9L._SX300_.jpg", "price": 10.99, "numReviews": 1, "groups": [52], "averageRating": 5.0}, {"asin": "B00FGOT7OU", "name": "Premiertek GEETEK 802.11b/g/n 2.4GHz 9dBi RP-SMA Male High-Gain Screw-On Swivel Antenna (GT-ANT-9DBI)", "imUrl": "http://ecx.images-amazon.com/images/I/31PnFdoUHOL._SY300_.jpg", "price": 3.99, "numReviews": 2, "groups": [53], "averageRating": 4.0}, {"asin": "B008Z4I7WQ", "name": "Yagi WiFi Antenna 2.4GHz 17dBi Angle H:25\u00b0 V:24 Outdoor Directional Wireless", "imUrl": "http://ecx.images-amazon.com/images/I/31DhkpSJLpL._SY300_.jpg", "price": 22.99, "numReviews": 1, "groups": [54], "averageRating": 5.0}, {"asin": "B00DSD192E", "name": "Super Power Supply\u00ae 1 x 2dBi 2.4GHz 5GHz Dual Band WiFi RP-SMA Antenna for Routers Linksys Cisco E2100L WRT160NL TP-Link TL-WR1043ND TL-WR2543ND TL-WDR3500 TL-WDR4300 Amped Wireless SR150 AP300 R300 SR300 300N R10000 R10000G SR10000 SR20000G AP20000G Belkin F7D8301 ZyXEL NBG461 NBG4615 WAP3205 Asus RT-N16 RT-N66U RT-AC66U D-Link DIR-655 DIR-825 DAP-1360 Buffalo WZR-HP-G450H WHR-HP-G54 WHR-HP-G300N Xbox 360 Slim WiFi Board Omni Directional Network Extension Mini PCIe PCI Cards WAN Repeater", "imUrl": "http://ecx.images-amazon.com/images/I/21pfhk1WTfL._SX300_.jpg", "price": 1.36, "numReviews": 3, "groups": [55], "averageRating": 5.0}, {"asin": "B00BXBIXIQ", "name": "Keedox\u00ae Gain 14dbi Directional Panel Antenna kit for WiFi Router 14db+Stand holder+Cable", "imUrl": "http://ecx.images-amazon.com/images/I/41A010o4ACL._SY300_.jpg", "price": 16.96, "numReviews": 14, "groups": [56], "averageRating": 4.214285714285714}, {"asin": "B00EP5ZEPC", "name": "3 Pack of 9Dbi RP-SMA Omni Directional B/G/N Band 2.4Ghz and 5.8Ghz Antennas Wifi Signal Boosting Kit ASUS PCE-AC66 AC1750 RT-N16 RT-AC66U RT-N66U RT-N66R RT-AC66R D-Link N300 DIR-655 DIR-665 DGL-4500 DIR-835 TP-Link TL-WDR4300 TL-AC1750 TL-WR1043ND TL-WR2543ND TL-WR940N TL-WR941ND Buffalo WRZ-HP-G450H N450 Trendnet TEW-639GR TEW-692GR TEW-691GR Belkin F5D8231-4 N1 or any Other Router or Mini PCIE Card That Uses 3x RP-SMA Antennas", "imUrl": "http://ecx.images-amazon.com/images/I/31mUlL5ZcCL._SX300_.jpg", "price": 14.5, "numReviews": 5, "groups": [57], "averageRating": 3.2}, {"asin": "B00EPG8ZXO", "name": "3 Pack of 2m/6' RPSMA RP-SMA Male to Female Extension Cable Works with Wifi and Bluetooth 2.4Ghz or 5.8Ghz ASUS PCE-AC66 AC1750 RT-N16 RT-AC66U RT-N66U RT-N66R RT-AC66R D-Link N300 DIR-655 DIR-665 DGL-4500 DIR-835 TP-Link TL-WDR4300 TL-AC1750 TL-WR1043ND TL-WR2543ND TL-WR940N TL-WR941ND Buffalo WRZ-HP-G450H N450 Trendnet TEW-639GR TEW-692GR TEW-691GR Belkin F5D8231-4 N1 or any Other Router or Mini PCIE Card That Uses 3x RP-SMA Antennas", "imUrl": "http://ecx.images-amazon.com/images/I/41HWLmME3OL._SX300_.jpg", "price": 17.99, "numReviews": 1, "groups": [58], "averageRating": 3.0}, {"asin": "B00FDWD3YU", "name": "AIR802 White Dual-Band WiFi Dipole (Rubber Duck) Antenna, 2.4 GHz and 5.1 to 5.8 GHz, 5 dBi Gain, Reverse Polarity SMA (RP-SMA) Plug Male Connector", "imUrl": "http://ecx.images-amazon.com/images/I/21uCTp8mtwL._SY300_.jpg", "price": 12.25, "numReviews": 1, "groups": [59], "averageRating": 5.0}, {"asin": "B0039OTMDK", "name": "Alfa 9dBi WiFi Booster SMA OMNI-Directional High-Gain Screw-On Swivel Antenna with Magnetic Base for U.S.Robotics - USR2216, USR5416, USR5430, USR5450, USR8022, USR8054 and USR9106", "imUrl": "http://ecx.images-amazon.com/images/I/41xXueH4PNL._SY300_.jpg", "price": 9.99, "numReviews": 1, "groups": [60], "averageRating": 5.0}, {"asin": "B00DTXX4PI", "name": "Super Power Supply\u00ae 3 x 7dBi 2.4GHz 5GHz Dual Band WiFi RP-SMA Antenna for Routers Linksys EA6900 TP-Link TL-WR1043ND TL-WR2543ND TL-WDR4300 ASUS RT-N16 RT-N66U RT-AC66U RT-AC1750 D-Link DIR-655 DIR-665 Buffalo WZR-HP-G450H Omni Directional Network Extension Mini PCIe PCI Cards Wireless WAN Repeater", "imUrl": "http://ecx.images-amazon.com/images/I/41YmhBLiVvL._SX300_.jpg", "price": 8.49, "numReviews": 5, "groups": [61], "averageRating": 3.8}, {"asin": "B00HY3MAZY", "name": "WIFI EXPERT - WIFI EXPERT - 3 x 12dBi 2.4GHz 5GHz Dual Band WiFi RP-SMA Antenna for Routers ASUS RT-N16 RT-N66U RT-AC66U RT-AC1750 D-Link DIR-655 DIR-665 Buffalo WZR-HP-G450H TP-Link TL-WR1043ND TL-WR2543ND TL-WDR4300 Omni Directional Network Extension Mini PCIe PCI Cards Wireless WAN Repeater", "imUrl": "http://ecx.images-amazon.com/images/I/41sICv2V9sL._SX300_.jpg", "price": 18.99, "numReviews": 4, "groups": [62], "averageRating": 3.5}, {"asin": "B00CP8TF9W", "name": "Super Power Supply\u00ae RP-SMA Male to RP-TNC Female Antenna Plug Jack Adapter Asus Buffalo Linksys", "imUrl": "http://ecx.images-amazon.com/images/I/31HBJfumCjL._SX300_.jpg", "price": 1.59, "numReviews": 1, "groups": [63], "averageRating": 5.0}, {"asin": "B006GRHLMG", "name": "Linksys E2000 7dBi Antenna Kit (2 Antennas)", "imUrl": "http://ecx.images-amazon.com/images/I/51yet4RDqwL._SY300_.jpg", "price": 13.59, "numReviews": 2, "groups": [64], "averageRating": 3.0}, {"asin": "B00DTWOHE6", "name": "Super Power Supply\u00ae 2 x 9dBi 2.4GHz 5GHz Dual Band WiFi RP-TNC Antenna for Wireless Routers Linksys Cisco Aironet Proxim Stratum Tranzeo WRT54G WRT54GL WRT54GS WAP54G WRT54G-TM BEFW11S4 871W-G-E-K9 877W-G-A-K9 Air-AP1252AG-A-K9 AIR-ANT5959 HGA7T 1200 MP Wi-LAN AWE TR-600c TR-660", "imUrl": "http://ecx.images-amazon.com/images/I/311LIvAV1iL._SX300_.jpg", "price": 12.18, "numReviews": 7, "groups": [65], "averageRating": 3.2857142857142856, "brand": "Super Power Supply\u00ae"}, {"asin": "B00CPBGE8O", "name": "Super Power Supply\u00ae 9dBi RP-TNC Dual Band 2.4GHz 5GHz High Gain Long Range Omni Directional Antenna for Routers Network Card Adapters Connector Cisco 871W-G-E-K9 Air-AP1252AG-A-K9 877W-G-A-K9", "imUrl": "http://ecx.images-amazon.com/images/I/31N23YdLM4L._SX300_.jpg", "price": 4.49, "numReviews": 2, "groups": [66], "averageRating": 4.5}, {"asin": "B00DTVTX3M", "name": "Super Power Supply\u00ae 2 x 7dBi 2.4GHz 5GHz Dual Band WiFi RP-SMA Antenna for Routers Linksys Cisco E2100L WRT160NL TP-Link TL-WDR3500 TL-WR841ND Amped Wireless SR150 AP300 R300 SR300 300N R10000 R10000G SR10000 SR20000G AP20000G ZyXEL NBG461 NBG4615 WAP3205 D-Link DIR-825 DAP-1360 Omni Directional Network Extension Mini PCIe PCI Cards WAN Repeater", "imUrl": "http://ecx.images-amazon.com/images/I/41Zjhrl1QbL._SX300_.jpg", "price": 5.99, "numReviews": 3, "groups": [67], "averageRating": 4.666666666666667}, {"asin": "B009QYGZL4", "name": "Edimax Indoor High Performance 7dBi Omni-Directional Desktop Antenna (EA-IO7D v2)", "imUrl": "http://ecx.images-amazon.com/images/I/21iD6ZUoASL._SY300_.jpg", "price": 35.4, "numReviews": 1, "groups": [68], "averageRating": 4.0, "brand": "Edimax"}, {"asin": "B00ESQIHLG", "name": "Superbat 3G 12DBi Electronics Dual Band GSM/UMTS/HSPA/CDMA Magnet Mount Antenna with SMA Male Connrctor for 3G UDB Modems", "imUrl": "http://ecx.images-amazon.com/images/I/31Seg7ybITL._SY300_.jpg", "price": 22.66, "numReviews": 2, "groups": [49], "averageRating": 5.0}, {"asin": "B00CPU8MOO", "name": "Cable N Wireless 9dBi 2.4 GHz WiFi Signal Booster High-Gain Screw-On Swivel 3G Antenna with Magentic Base RP-SMA Connector for Netgear, Belkin, D-Link, Alfa Router Adapter (US Seller)", "imUrl": "http://ecx.images-amazon.com/images/I/41lO53mXGZL._SY300_.jpg", "price": 14.99, "numReviews": 6, "groups": [69], "averageRating": 3.6666666666666665}, {"asin": "B00DIH8N8S", "name": "Super Power Supply\u00ae 1 x 2dBi RP-SMA Dual Band 2.4GHz 5GHz + 1 x 8in / 20cm U.fl / IPEX Cable Antenna Mod Kit No Soldering for Wireless Routers Linksys Cisco E2000 E2500 EA2700 E3000 EA3500 E4200 EA4500 WRT320N WRT330N WRT400N WRT610N WRT54GS2 Belkin F7D8301 Netgear N600 N750 N900 WN2500RP WNDR3300 WNDR3400 WNDR3700 v.2 v.3 WNDR3800 WNDR4000 WNDR4500 WNR834B v. 1 v.2 WNR2000 WNR2200 DGND3700 v.1 v.2 D-Link DIR-655 Buffalo WZR-HP-G450H TP-Link WR703N Mini PCIe Cards Network Extension Bulkhead Pigtail PCI WiFi WAN Repeater", "imUrl": "http://ecx.images-amazon.com/images/I/312QRXleOaL._SY300_.jpg", "price": 2.99, "numReviews": 1, "groups": [70], "averageRating": 5.0}, {"asin": "B007YD1MKI", "name": "2.4GHz 20dbi Yagi Directional Wireless Antenna", "imUrl": "http://ecx.images-amazon.com/images/I/41FQSSWZIfL._SY300_.jpg", "price": 26.59, "numReviews": 11, "groups": [71], "averageRating": 1.9090909090909092}, {"asin": "B00AZOEPCU", "name": "Alfa 2.4GHz 9dBi N-Female Antenna - N Female Connector", "imUrl": "http://ecx.images-amazon.com/images/I/21CWLaUQUdL._SY300_.jpg", "price": 7.99, "numReviews": 1, "groups": [72], "averageRating": 4.0}, {"asin": "B00DQA3IC8", "name": "Super Power Supply\u00ae 1 x 15dBi 2.4GHz 5GHz Dual Band WiFi RP-SMA Antenna for Routers Linksys Cisco E2100L WRT160NL TP-Link TL-WR1043ND TL-WR2543ND TL-WDR3500 TL-WDR4300 Amped Wireless SR150 AP300 R300 SR300 300N R10000 R10000G SR10000 SR20000G AP20000G Belkin F7D8301 ZyXEL NBG461 NBG4615 WAP3205 Asus RT-N16 RT-N66U RT-AC66U D-Link DIR-655 DIR-825 DAP-1360 Buffalo WZR-HP-G450H WHR-HP-G54 WHR-HP-G300N Omni Directional Network Extension Mini PCIe PCI Cards WAN Repeater", "imUrl": "http://ecx.images-amazon.com/images/I/212MeJCtkjL._SY300_.jpg", "price": 30.79, "numReviews": 7, "groups": [73], "averageRating": 3.7142857142857144}, {"asin": "B00DN7W690", "name": "Super Power Supply\u00ae 4 x 9dBi RP-SMA Dual Band 2.4GHz 5GHz + 4 x 8in / 20cm U.fl / IPEX Cable Antenna Mod Kit No Soldering for Wireless Routers Linksys Cisco E2000 E2500 EA2700 E3000 EA3500 E4200 EA4500 WRT310N WRT320N WRT330N WRT350N WRT400N WRT610N WRT54GS2 Belkin F7D8301 Netgear N600 N750 N900 WN2500RP WNDR3300 WNR3500L v.2 WNR3500Lv2 WNDR3400 WNDR3700 v.2 v.3 WNDR3800 WNDR4000 WNDR4500 WNR834B v. 1 v.2 WNR2000 WNR2200 DGND3700 v.1 v.2 D-Link DIR-655 DAP-1522 Buffalo WZR-HP-G450H Mini PCIe Cards Network Extension Bulkhead Pigtail PCI WiFi WAN Repeater", "imUrl": "http://ecx.images-amazon.com/images/I/41VER3F1AtL._SX300_.jpg", "price": 18.99, "numReviews": 2, "groups": [74], "averageRating": 3.0}, {"asin": "B00BL8EIGM", "name": "Wi-Fi Detector Shirt Size M (Medium) - A shirt with a built-in Wi-Fi signal detector", "imUrl": "http://ecx.images-amazon.com/images/I/31jocCwbHHL._SY300_.jpg", "price": 9.95, "numReviews": 6, "groups": [75, 76], "averageRating": 4.0}, {"asin": "B007QGYRXM", "name": "L2go 2.4GHz 16dbi Yagi WLAN WiFi Wireless Directional Antenna New", "imUrl": "http://ecx.images-amazon.com/images/I/51d5rpUSD7L._SY300_.jpg", "price": 26.59, "numReviews": 19, "groups": [77], "averageRating": 2.6315789473684212}, {"asin": "B00A4GSILS", "name": "5Dbi RP-SMA Antenna + 20cm U.fl/Ipex to RP-SMA Antenna Kit", "imUrl": "http://ecx.images-amazon.com/images/I/31YzzZVGM8L._SY300_.jpg", "price": 9.99, "numReviews": 3, "groups": [78], "averageRating": 4.666666666666667}, {"asin": "B008MN4L9S", "name": "2.4GHz 13dBi WiFi Router Wireless SMA Booster Extender Antenna", "imUrl": "http://ecx.images-amazon.com/images/I/21FFqfbQYaL._SY300_.jpg", "price": 22.46, "numReviews": 1, "groups": [79], "averageRating": 5.0}, {"asin": "B00G11A160", "name": "CablesOnline SMA Male to Female Right Angle 90-Degree Adapter w/ Gold Plated Contacts(2-PACK)(RF-M103-2)", "imUrl": "http://ecx.images-amazon.com/images/I/41mysJdRp9L._SX300_.jpg", "price": 9.94, "numReviews": 6, "groups": [80], "averageRating": 3.6666666666666665, "brand": "CablesOnline"}, {"asin": "B005M8KTF6", "name": "Premiertek Antenna - Omni-directional - 3 dBi, 5 dBi - 1 x RP-SMA", "imUrl": "http://ecx.images-amazon.com/images/I/31YMQ3pf4ML._SY300_.jpg", "price": 19.41, "numReviews": 1, "groups": [81], "averageRating": 5.0, "brand": "Premiertek"}, {"asin": "B00AZOFZ10", "name": "Alfa 2.4GHz 9dBi Outdoor N-Female Omni Antenna For Alfa Tube Antennas, Ubnt Bullet 2.4GHz Series and Mikrotik Gorrove 2.4GHz Series", "imUrl": "http://ecx.images-amazon.com/images/I/11jbE0NeSuL._SY300_.jpg", "price": 9.99, "numReviews": 1, "groups": [82], "averageRating": 4.0}, {"asin": "B00APTIYPO", "name": "Kingmys 2.4GHz 8dBi Directional Dish Antenna for WIFI Wireless", "imUrl": "http://ecx.images-amazon.com/images/I/41jWwsAvBTL._SY300_.jpg", "price": 4.97, "numReviews": 6, "groups": [83], "averageRating": 3.3333333333333335}, {"asin": "B007RSSNH0", "name": "7DBI Wireless WIFI Booster Antenna WLAN RP-SMA+Stand", "imUrl": "http://ecx.images-amazon.com/images/I/41A6ud6n1IL._SY300_.jpg", "price": 3.71, "numReviews": 1, "groups": [84], "averageRating": 2.0}, {"asin": "B000B59J8I", "name": "Hawking HiGain Directional Antenna, indoor/outdoor, 14dBi HAO14SDP", "imUrl": "http://ecx.images-amazon.com/images/I/31P%2B2AMMX8L._SY300_.jpg", "price": 85.1, "numReviews": 34, "groups": [85], "averageRating": 4.029411764705882}, {"asin": "B000SEQGT2", "name": "WIFI 10 dBi 2.4GHz Antenna", "imUrl": "http://ecx.images-amazon.com/images/I/31NtdWtfVIL._SY300_.jpg", "price": 3.7, "numReviews": 312, "groups": [86], "averageRating": 2.980769230769231}, {"asin": "B000F1WHO6", "name": "TRENDnet Dual-Band 11a/g 8/6dBi Indoor Directional Antenna with Mounting Base TEW-AI86DB  (Blue)", "imUrl": "http://ecx.images-amazon.com/images/I/41is-m87KZL._SX300_.jpg", "price": 3.7, "numReviews": 7, "groups": [87], "averageRating": 3.7142857142857144}, {"asin": "B002T0HSHM", "name": "TriBand APXtender WiFi Rubber Duck Antenna 802.11b/g/n - RP-SMA Male Connector", "imUrl": "http://ecx.images-amazon.com/images/I/21FTMCWiPML.jpg", "price": 12.49, "numReviews": 1, "groups": [88], "averageRating": 4.0}, {"asin": "B0039ORBLK", "name": "Alfa 9dBi WiFi Booster SMA OMNI-Directional High-Gain Screw-On Swivel Antenna With magnetic base for Alfa - WUS036H, WUS036H1W, APA05, WUS036NH, WUS036NEH, WUS048NH, WUS036EW, WUS051NH", "imUrl": "http://ecx.images-amazon.com/images/I/41xXueH4PNL._SY300_.jpg", "price": 14.99, "numReviews": 132, "groups": [89], "averageRating": 3.765151515151515}, {"asin": "B00DSSEKG6", "name": "Super Power Supply\u00ae 1 x 15dBi 2.4GHz 5GHz Dual Band WiFi RP-SMA Antenna for Routers Linksys Cisco E2100L WRT160NL TP-Link TL-WR1043ND TL-WR2543ND TL-WDR3500 TL-WDR4300 Amped Wireless SR150 AP300 R300 SR300 300N R10000 R10000G SR10000 SR20000G AP20000G Belkin F7D8301 ZyXEL NBG461 NBG4615 WAP3205 Asus RT-N16 RT-N66U RT-AC66U D-Link DIR-655 DIR-825 DAP-1360 Buffalo WZR-HP-G450H WHR-HP-G54 WHR-HP-G300N Omni Directional Network Extension Mini PCIe PCI Cards WAN Repeater", "imUrl": "http://ecx.images-amazon.com/images/I/212MeJCtkjL._SY300_.jpg", "price": 30.79, "numReviews": 1, "groups": [90], "averageRating": 5.0}, {"asin": "B005QVXX16", "name": "eForCity RP-SMA 2.4 GHz 9dBi WIFI Booster Wireless Antenna WLAN", "imUrl": "http://ecx.images-amazon.com/images/I/31910oWNuDL._SY300_.jpg", "price": 3.72, "numReviews": 2, "groups": [91], "averageRating": 3.0}, {"asin": "B00DTW7JIW", "name": "Super Power Supply\u00ae 2 x 7dBi 2.4GHz 5GHz Dual Band WiFi RP-TNC Antenna for Wireless Routers Linksys Cisco Aironet Proxim Stratum Tranzeo WRT54G WRT54GL WRT54GS WAP54G WRT54G-TM BEFW11S4 871W-G-E-K9 877W-G-A-K9 Air-AP1252AG-A-K9 AIR-ANT5959 HGA7T 1200 MP Wi-LAN AWE TR-600c TR-660", "imUrl": "http://ecx.images-amazon.com/images/I/31CoyRs0HYL._SX300_.jpg", "price": 6.89, "numReviews": 12, "groups": [65], "averageRating": 3.6666666666666665}, {"asin": "B003FK8540", "name": "2.4GHz 9dBi Omni-Directional Dipole Wireless Antenna", "imUrl": "http://ecx.images-amazon.com/images/I/31TrCmAedRL.jpg", "price": 2.99, "numReviews": 2, "groups": [92], "averageRating": 3.0}, {"asin": "B00BL8EVQO", "name": "Wi-Fi Detector Shirt Size L (Large) - A shirt with a built-in Wi-Fi signal detector", "imUrl": "http://ecx.images-amazon.com/images/I/31jocCwbHHL._SY300_.jpg", "price": 9.95, "numReviews": 5, "groups": [75, 76], "averageRating": 3.0}, {"asin": "B00DN7Q0OC", "name": "Super Power Supply\u00ae 3 x 9dBi RP-SMA Dual Band 2.4GHz 5GHz + 3 x 8in / 20cm U.fl / IPEX Cable Antenna Mod Kit No Soldering for Wireless Routers Linksys Cisco E2000 E2500 EA2700 E3000 EA3500 E4200 EA4500 EA6400 EA6700 WRT310N WRT320N WRT330N WRT400N WRT610N WRT54GS2 Belkin F7D8301 Netgear N600 N750 N900 WN2500RP WNDR3300 WNDR3400 WNDR3700 v.2 v.3 WNDR3800 WNDR4000 WNDR4500 WNR834B v. 1 v.2 WNR2000 WNR2200 DGND3700 v.1 v.2 D-Link DIR-655 Buffalo WZR-HP-G450H Mini PCIe Cards Network Extension Bulkhead Pigtail PCI WiFi WAN Repeater", "imUrl": "http://ecx.images-amazon.com/images/I/41EcubH4PzL._SX300_.jpg", "price": 20.99, "numReviews": 2, "groups": [93], "averageRating": 4.0}, {"asin": "B00DSRQJ6G", "name": "Super Power Supply\u00ae 9dBi Wireless 2.4GHz 5GHz Dual Band WiFi Antenna RP-TNC for Routers Linksys Asus D-Link E2000 E2100L E2500 E3000 E4200 EA2700 EA4500 WRT160NL WRT400N WRT600N WRT610N WNDR3300 WNDR3400 WNR3500L WNDR3700 N600 N750", "imUrl": "http://ecx.images-amazon.com/images/I/311LIvAV1iL._SX300_.jpg", "price": 4.09, "numReviews": 1, "groups": [94], "averageRating": 5.0}, {"asin": "B004X1IQ44", "name": "Amped Wireless High Power Outdoor 8dBi Omni-Directional WiFi Antenna Kit (A8EX)", "imUrl": "http://ecx.images-amazon.com/images/I/21wlJk8FalL._SY300_.jpg", "price": 73.99, "numReviews": 8, "groups": [95], "averageRating": 3.5, "brand": "Amped Wireless"}, {"asin": "B0093A38FC", "name": "D-Link DIR-665 Dual Band 7dBi RP-SMA Antenna Kit (3 Antennas)", "imUrl": "http://ecx.images-amazon.com/images/I/41SczWUUdjL._SX300_.jpg", "price": 18.99, "numReviews": 2, "groups": [96], "averageRating": 4.0}, {"asin": "B008UN3O48", "name": "linksys TNC 7DBI High Gain Antennas WRT54GS WAP54G BEFW11S4", "imUrl": "http://ecx.images-amazon.com/images/I/31EiUNkON9L._SY300_.jpg", "price": 14.98, "numReviews": 3, "groups": [97], "averageRating": 4.0}, {"asin": "B0000510SM", "name": "Cisco AIR-ANT4941 Aironet 2.2dBi 2.4GHz Dipole Black Antenna (Standard Rubber Duck) with RP-TNC Connector", "imUrl": "http://ecx.images-amazon.com/images/I/315d3OsjeFL._SY300_.jpg", "price": 7.95, "numReviews": 3, "groups": [98], "averageRating": 5.0, "brand": "Cisco"}, {"asin": "B00DJE8AKG", "name": "1 x 12in / 30cm Mini PCI U.FL / IPEX to RP-SMA Antenna WiFi Wireless Router Pigtail Cable PCIe", "imUrl": "http://ecx.images-amazon.com/images/I/31GxdX4BoOL._SX300_.jpg", "price": 3.99, "numReviews": 1, "groups": [99], "averageRating": 5.0}, {"asin": "B007PPHUO2", "name": "SMA Male to BNC Female Plug Adapter Antenna Pigtail Cable 13\"", "imUrl": "http://ecx.images-amazon.com/images/I/41wlxtDr66L._SY300_.jpg", "price": 5.47, "numReviews": 14, "groups": [100], "averageRating": 4.357142857142857}, {"asin": "B007FUU9H2", "name": "HDE\u00ae 16 dBi 2.4GHz WIFI Antenna", "imUrl": "http://ecx.images-amazon.com/images/I/41aE5sQ2GeL._SY300_.jpg", "price": 5.25, "numReviews": 38, "groups": [86], "averageRating": 3.210526315789474}, {"asin": "B00APRSDNE", "name": "2.4GHz 16DBI-18DBI Yagi WLAN WiFi Omni Wireless Antenna 1.5m", "imUrl": "http://ecx.images-amazon.com/images/I/51sE2NobJ6L._SY300_.jpg", "price": 14.59, "numReviews": 5, "groups": [101], "averageRating": 2.2}, {"asin": "B00DOGRZYG", "name": "Super Power Supply\u00ae 2 x 2dBi 2.4GHz 5GHz Dual Band WiFi RP-SMA Antenna for Routers Linksys Cisco E2100L WRT160NL TP-Link TL-WDR3500 TL-WR841ND Amped Wireless SR150 AP300 R300 SR300 300N R10000 R10000G SR10000 SR20000G AP20000G ZyXEL NBG461 NBG4615 WAP3205 D-Link DIR-825 DAP-1360 Omni Directional Network Extension Mini PCIe PCI Cards WAN Repeater", "imUrl": "http://ecx.images-amazon.com/images/I/31sTrCpRhxL._SX300_.jpg", "price": 2.49, "numReviews": 5, "groups": [102], "averageRating": 4.6}, {"asin": "B00DSS31H0", "name": "Super Power Supply\u00ae 1 x 16dBi Yagi Wireless 2.4GHz High Gain Booster Directional WiFi Antenna RP-SMA for Routers Linksys Cisco E2100L WRT160NL TP-Link TL-WR1043ND TL-WR2543ND TL-WDR3500 TL-WDR4300 Amped Wireless SR150 AP300 R300 SR300 300N R10000 R10000G SR10000 SR20000G AP20000G Belkin F7D8301 ZyXEL NBG461 NBG4615 WAP3205 Asus RT-N16 RT-N66U RT-AC66U D-Link DIR-655 DIR-825 DAP-1360 Buffalo WZR-HP-G450H WHR-HP-G54 WHR-HP-G300N Mini PCIe Cards Network Extension PCI WAN Repeater", "imUrl": "http://ecx.images-amazon.com/images/I/31h84ZkDWTL._SX300_.jpg", "price": 20.89, "numReviews": 1, "groups": [103], "averageRating": 3.0}, {"asin": "B00E9DN2D6", "name": "Super Power Supply\u00ae 3 x 6dBi 2.4GHz 5GHz 5.8GHz Dual Band WiFi RP-SMA db Antenna Style 1 for Routers Asus RT-AC66U RT-N66U RT-N16 AC1750 D-Link DIR-655 DIR-665 N900 Buffalo WZR-HP-G450H Linksys EA6900 TP-Link TL-WR1043ND TL-WR2543ND TL-WDR4300 TL-WR940N Amped Omni Directional Wireless Long Range Booster Extension Works with A B G N AC Network and with Mini PCIe PCI and USB Cards WAN WLAN Repeater", "imUrl": "http://ecx.images-amazon.com/images/I/41o74awWocL._SX300_.jpg", "price": 9.89, "numReviews": 7, "groups": [104], "averageRating": 4.142857142857143}, {"asin": "B008Z4DNFC", "name": "Yagi WiFi Antenna 2.4GHz 15dBi H:30\u00b0 V:25\u00b0 Outdoor Directional Wireless N-female", "imUrl": "http://ecx.images-amazon.com/images/I/31lwleuzdEL._SY300_.jpg", "price": 25.0, "numReviews": 3, "groups": [42], "averageRating": 5.0}, {"asin": "B007VE32F8", "name": "Monoprice Wi-Fi High-Gain Omni Directional RP-SMA Antenna (-9dBi) (108748)", "imUrl": "http://ecx.images-amazon.com/images/I/210hUijniML._SX300_.jpg", "price": 6.69, "numReviews": 4, "groups": [105], "averageRating": 3.0, "brand": "Monoprice"}, {"asin": "B00DA6P6Z0", "name": "Superbat RF Coaxial Cable Fakra Male \"Z\" to SMB Male Connector RG174", "imUrl": "http://ecx.images-amazon.com/images/I/41KNMY-ZS4L._SY300_.jpg", "price": 6.38, "numReviews": 1, "groups": [106], "averageRating": 5.0}, {"asin": "B00DJEQLXY", "name": "Super Power Supply\u00ae 2 x 4\" inch / 10cm U.FL / IPX Mini PCIe to RP-SMA Antenna Pigtail WiFi Cable PCI Apple Airport Extreme Netgear WN2500RP WNR834B v1 v2 WNDR4300 N600 N750 N900 Linksys EA2700 EA6500 EA6700 EA4500 EA6400 E2000 WRT610N WRT320N E3000 E3200 EA3500 WNDR3400 WNDR4000 WNDR4500 R6300", "imUrl": "http://ecx.images-amazon.com/images/I/31KaodQivzL._SX300_.jpg", "price": 2.69, "numReviews": 5, "groups": [107], "averageRating": 4.6}, {"asin": "B001VEAI74", "name": "TP-LINK TL-ANT2405C 2.4GHz 5dBi Indoor Desktop Omni-directional Antenna, 802.11n/b/g, 1.3m/4ft cable", "imUrl": "http://ecx.images-amazon.com/images/I/31pl1v-KnUL._SY300_.jpg", "price": 10.94, "numReviews": 231, "groups": [108], "averageRating": 4.038961038961039, "brand": "TP-LINK"}, {"asin": "B0081IQNE0", "name": "HDE\u00ae RP-SMA Female (male pin) Center Jack to IPX Female cable - 8.5\"", "imUrl": "http://ecx.images-amazon.com/images/I/311QmL7uWfL._SY300_.jpg", "price": 1.5, "numReviews": 5, "groups": [109], "averageRating": 4.8}, {"asin": "B00HMRHC6Y", "name": "Super Power Supply\u00ae 3 x 9dBi 2.4GHz 5GHz Dual Band WiFi RP-SMA Antenna for Routers Asus RT-AC66U RT-N66U RT-N66W RT-N16 RT-AC68R RT-AC68U R700 Linksys EA6900 WRT1900AC Netgear Nighthawk R7000 TP-Link TL-WR1043ND V2 TL-WR2543ND TL-WDR4300 TL-WR940N TL-WDN4800 Archer C7 V2 D-Link DIR-655 DIR-665 DIR-835 N450 N750 N900 AC1300 AC1750 AC1900 Buffalo WZR-HP-G450H also works with PCIe PCI Cards Repeater and USB Adapters that support removable antennas Omni Directional Network Extension Mini Wireless WAN Long Range Booster", "imUrl": "http://ecx.images-amazon.com/images/I/41AVPgZSeHL._SX300_.jpg", "price": 14.99, "numReviews": 17, "groups": [110], "averageRating": 3.1176470588235294, "brand": "Super Power Supply\u00ae"}, {"asin": "B008YLNYT6", "name": "2.4G 10 dBi Wireless WIFI Antenna Network Booster Extender Omni WLAN RP-SMA", "imUrl": "http://ecx.images-amazon.com/images/I/31BcyZoqaWL._SY300_.jpg", "price": 4.93, "numReviews": 1, "groups": [111], "averageRating": 2.0}, {"asin": "B00COSS6UC", "name": "Super Power Supply\u00ae 1 x 2dBi 2.4GHz 5GHz Dual Band WiFi RP-SMA Antenna for Routers Linksys Cisco E2100L WRT160NL TP-Link TL-WR1043ND TL-WR2543ND TL-WDR3500 TL-WDR4300 Amped Wireless SR150 AP300 R300 SR300 300N R10000 R10000G SR10000 SR20000G AP20000G Belkin F7D8301 ZyXEL NBG461 NBG4615 WAP3205 Asus RT-N16 RT-N66U RT-AC66U D-Link DIR-655 DIR-825 DAP-1360 Buffalo WZR-HP-G450H WHR-HP-G54 WHR-HP-G300N Omni Directional Network Extension Mini PCIe PCI Cards WAN Repeater", "imUrl": "http://ecx.images-amazon.com/images/I/31BYQ3cSq%2BL._SX300_.jpg", "price": 1.36, "numReviews": 2, "groups": [112], "averageRating": 4.5}, {"asin": "B00EEQ30FI", "name": "Sunweb Dish Style High Gain 10dBi Indoor Parabolic Antenna Wireless WiFi Adapter 2.4G 802.11b/g", "imUrl": "http://ecx.images-amazon.com/images/I/41mS9CYL5lL._SY300_.jpg", "price": 17.57, "numReviews": 2, "groups": [113], "averageRating": 4.0}, {"asin": "B007IHWT1G", "name": "Linksys E2500 v.1 Antenna Mod Kit (No soldering required)", "imUrl": "http://ecx.images-amazon.com/images/I/51tHlRzxZSL._SX300_.jpg", "price": 35.99, "numReviews": 6, "groups": [114], "averageRating": 3.1666666666666665}, {"asin": "B00DDCA4SA", "name": "Superbat Antenna Adapter Cable Fakra Female Jack \"Z\" to RCA Jack Connector Pigtail Cable RG174", "imUrl": "http://ecx.images-amazon.com/images/I/41LznRe6ZzL._SY300_.jpg", "price": 7.45, "numReviews": 1, "groups": [115], "averageRating": 5.0}, {"asin": "B00EPWDP1A", "name": "Superbat 900MHz 3.5dBi RP-SMA Male Connector Omni GSM Antenna for Wireless Router", "imUrl": "http://ecx.images-amazon.com/images/I/315yjyRv13L._SY300_.jpg", "price": 5.15, "numReviews": 1, "groups": [116], "averageRating": 2.0}, {"asin": "B00HH3BURA", "name": "Huhushop(TM) Antenna Panel 2.4Ghz 14 dbi High Gain WiFi Wlan Extender Directional Long Range", "imUrl": "http://ecx.images-amazon.com/images/I/51Ak7Epf2jL._SY300_.jpg", "price": 17.19, "numReviews": 5, "groups": [56], "averageRating": 3.0}, {"asin": "B007PPHTRK", "name": "12.8\" RF Pigtail Cable SMA Female to BNC Male Adapter Connector", "imUrl": "http://ecx.images-amazon.com/images/I/31Any0fmcfL._SY300_.jpg", "price": 5.0, "numReviews": 5, "groups": [117], "averageRating": 4.2}, {"asin": "B00B5T571W", "name": "2.4Ghz 16Dbi Wifi Antenna Booster Wlan Rp-Sma With 3M Cable For Modem Pci Router", "imUrl": "http://ecx.images-amazon.com/images/I/41Es9ThHWZL._SY300_.jpg", "price": 10.18, "numReviews": 2, "groups": [118], "averageRating": 3.0}, {"asin": "B00BW9Y5WW", "name": "Ideaworks USB Powered Long Distance WiFi Antenna", "imUrl": "http://ecx.images-amazon.com/images/I/4102OCOKitL._SX300_.jpg", "price": 43.9, "numReviews": 4, "groups": [119], "averageRating": 1.75}, {"asin": "B00006HVOX", "name": "Buffalo Technology Airstation 14dBi High Gain Outdoor Directional Antenna WLE-HG-DYG", "imUrl": "http://ecx.images-amazon.com/images/I/311ZE261A2L._SX300_.jpg", "price": 77.07, "numReviews": 2, "groups": [120], "averageRating": 2.0}, {"asin": "B003RV4AYQ", "name": "Alfa 9dBi SMA OMNI-Directional High-Gain Screw-On Swivel Antenna for Linksys - WET54G, WET54GS, WMP54G, WMP54GS, WET11, WRV54G, WMP11 PCI Card, WPS11, WRT54GC also for Netgear - FM114P, FVM318, FWG114P, MA311, ME101, ME103, WG302, WG311 and WG311T", "imUrl": "http://ecx.images-amazon.com/images/I/21Si4Ajy0TL._SX300_.jpg", "price": 6.99, "numReviews": 47, "groups": [121], "averageRating": 3.5106382978723403}, {"asin": "B00AQAPMLQ", "name": "2.4GHz 11DBI RP-SMA Male Wireless WLAN Booster Omni Antenna Booster", "imUrl": "http://ecx.images-amazon.com/images/I/31Y6mDc71KL._SY300_.jpg", "price": 6.69, "numReviews": 1, "groups": [122], "averageRating": 1.0}, {"asin": "B00GGIESAS", "name": "Premiertek 5~5.8GHz Dual Band 7dBi Antenna (ANT-7DBI-DUAL)", "imUrl": "http://ecx.images-amazon.com/images/I/31N0858Yf5L._SY300_.jpg", "price": 17.99, "numReviews": 1, "groups": [123], "averageRating": 5.0, "brand": "Premiertek"}, {"asin": "B00EP5FM7W", "name": "Ultimate Signal Boosting Kit 3x 9Dbi RP-SMA Omni Directional B/G/N Band 2.4Ghz and 5.8Ghz Antennas + 3x 2m/6' RP-SMA Extension Cables ASUS PCE-AC66 AC1750 RT-N16 RT-AC66U RT-N66U RT-N66R RT-AC66R D-Link N300 DIR-655 DIR-665 DGL-4500 DIR-835 TP-Link TL-WDR4300 TL-AC1750 TL-WR1043ND TL-WR2543ND TL-WR940N TL-WR941ND Buffalo WRZ-HP-G450H N450 Trendnet TEW-639GR TEW-692GR TEW-691GR Belkin F5D8231-4 N! or any Other Router or Mini PCIE Card That Uses 3x RP-SMA Antennas", "imUrl": "http://ecx.images-amazon.com/images/I/316Oy5gyGEL._SX300_.jpg", "price": 25.0, "numReviews": 2, "groups": [124], "averageRating": 3.0}, {"asin": "B00DTV93B4", "name": "Super Power Supply\u00ae 2 x 2dBi RP-SMA Dual Band 2.4GHz 5GHz + 2 x 8in / 20cm U.fl / IPEX Cable Antenna Mod Kit No Soldering for Wireless Routers Linksys Cisco E2000 E2500 EA2700 E3000 EA3500 E4200 EA4500 EA6200 WRT310N WRT320N WRT330N WRT400N WRT610N WRT54GS2 Belkin F7D8301 Netgear N600 N750 N900 WN2500RP WNDR3300 WNDR3400 WNDR3700 v.2 v.3 WNDR3800 WNDR4000 WNDR4500 WNR834B v. 1 v.2 WNR2000 WNR2200 DGND3700 v.1 v.2 D-Link DIR-655 Buffalo WZR-HP-G450H Mini PCIe Cards Network Extension Bulkhead Pigtail PCI WiFi WAN Repeater", "imUrl": "http://ecx.images-amazon.com/images/I/31hPga2PSIL._SX300_.jpg", "price": 7.99, "numReviews": 3, "groups": [125], "averageRating": 4.0}, {"asin": "B008F9UGDY", "name": "Hawking Tehnology Hi-Gain Outdoor Dual-Band Wi-Fi 10dBi Mimo 2.4 and 5.0 GHz Omni-Directional Antenna Kit (HOD10IP)", "imUrl": "http://ecx.images-amazon.com/images/I/317xMbHiy9L._SY300_.jpg", "price": 20.99, "numReviews": 3, "groups": [126], "averageRating": 3.0}, {"asin": "B00BL8D1I8", "name": "Wi-Fi Detector Shirt Size S (Small) - A shirt with a built-in Wi-Fi signal detector", "imUrl": "http://ecx.images-amazon.com/images/I/31jocCwbHHL._SY300_.jpg", "price": 9.95, "numReviews": 2, "groups": [75], "averageRating": 3.0}, {"asin": "B00FAJSHNI", "name": "SMAKN 2Pcs SMA Female to SMA Female Jack in series RF Coaxial Adapter Connector", "imUrl": "http://ecx.images-amazon.com/images/I/419GW-sxhQL._SY300_.jpg", "price": 4.75, "numReviews": 3, "groups": [7], "averageRating": 4.666666666666667}, {"asin": "B00DSRNCFC", "name": "Super Power Supply\u00ae 10 x 9dBi 2.4GHz 5GHz Dual Band WiFi RP-SMA Antenna for Routers Linksys Cisco E2100L WRT160NL TP-Link TL-WR1043ND TL-WR2543ND TL-WDR3500 TL-WDR4300 Amped Wireless SR150 AP300 R300 SR300 300N R10000 R10000G SR10000 SR20000G AP20000G Belkin F7D8301 ZyXEL NBG461 NBG4615 WAP3205 Asus RT-N16 RT-N66U RT-AC66U D-Link DIR-655 DIR-825 DAP-1360 Buffalo WZR-HP-G450H  WHR-HP-G300N Omni Directional Network Extension Mini PCIe PCI Cards WAN Repeater", "imUrl": "http://ecx.images-amazon.com/images/I/51EMEr1WDdL._SX300_.jpg", "price": 43.09, "numReviews": 2, "groups": [127], "averageRating": 4.0}, {"asin": "B0095D09VS", "name": "High Gain Wireless 2.4GHz 32dBi Wifi Parabolic Booster Antenna with Wireless Adapter", "imUrl": "http://ecx.images-amazon.com/images/I/41tXT3BRQmL._SY300_.jpg", "price": 20.99, "numReviews": 1, "groups": [128], "averageRating": 5.0}, {"asin": "B00478O6AG", "name": "ALFAPAL2419 Alfa Long Range 18dBi Antenna - High-Gain", "imUrl": "http://ecx.images-amazon.com/images/I/4160hPv6J8L._SX300_.jpg", "price": 49.99, "numReviews": 19, "groups": [129], "averageRating": 3.8947368421052633}, {"asin": "B009ZNF2CY", "name": "link live 12dBi RP-SMA 2.4G WiFi Network Booster Wireless Radio Wave Wlan Router Antenna", "imUrl": "http://ecx.images-amazon.com/images/I/314mULqsloL._SY300_.jpg", "price": 5.49, "numReviews": 2, "groups": [130], "averageRating": 2.0}, {"asin": "B00BDE4IUK", "name": "Ideaworks Long Distance USB-Powered Wi-Fi Antenna (72-6612)", "imUrl": "http://ecx.images-amazon.com/images/I/511NC7fT5tL._SY300_.jpg", "price": 38.89, "numReviews": 75, "groups": [131], "averageRating": 3.6133333333333333}, {"asin": "B00I7JXB9I", "name": "4M/13' RP-SMA Male to RP-SMA Female Wifi Antenna Extension Cable RPSMA", "imUrl": "http://ecx.images-amazon.com/images/I/31nEHLsRU1L._SX300_.jpg", "price": 9.99, "numReviews": 1, "groups": [132], "averageRating": 5.0}, {"asin": "B00AO1TJQG", "name": "2.4G 9DBI SMA Wireless Omni Antenna Booster for Router", "imUrl": "http://ecx.images-amazon.com/images/I/31krZJgs-jL._SY300_.jpg", "price": 5.09, "numReviews": 1, "groups": [133], "averageRating": 3.0}, {"asin": "B003VL78YQ", "name": "Wireless WIFI WI-FI BOOSTER ANTENNA ETHERNET LAN CARD AP SMA SMA AP D-link DWL520, Linksys WMP11, WET11, Netgear MA311, or D-link Aps, 2400-2483 MHz", "imUrl": "http://ecx.images-amazon.com/images/I/41xcAv4QHGL._SY300_.jpg", "price": 4.6, "numReviews": 4, "groups": [134], "averageRating": 3.0}, {"asin": "B00A4EZRRS", "name": "5Dbi RP-SMA Antenna", "imUrl": "http://ecx.images-amazon.com/images/I/31rzijHbEBL._SX300_.jpg", "price": 5.99, "numReviews": 1, "groups": [135], "averageRating": 5.0}, {"asin": "B000AD4JEA", "name": "Hawking HAI7SIP HiGain 7dBi Indoor Omni Directional Antenna", "imUrl": "http://ecx.images-amazon.com/images/I/31I6xMoH6HL._SY300_.jpg", "price": 24.24, "numReviews": 17, "groups": [136], "averageRating": 2.2941176470588234}, {"asin": "B008KBKM18", "name": "9m Antenna RP-SMA Extension Cable for Wi-Fi Router New", "imUrl": "http://ecx.images-amazon.com/images/I/41NfqzluNcL._SY300_.jpg", "price": 9.63, "numReviews": 2, "groups": [137], "averageRating": 5.0}, {"asin": "B00DTXGT1E", "name": "Super Power Supply\u00ae 3 x 6dBi 2.4GHz 5GHz Dual Band WiFi RP-SMA Antenna for Routers Linksys EA6900 TP-Link TL-WR1043ND TL-WR2543ND TL-WDR4300 ASUS RT-N16 RT-N66U RT-AC66U RT-AC1750 D-Link DIR-655 DIR-665 Buffalo WZR-HP-G450H Omni Directional Network Extension Mini PCIe PCI Cards Wireless WAN Repeater", "imUrl": "http://ecx.images-amazon.com/images/I/41ulVft3WhL._SX300_.jpg", "price": 6.99, "numReviews": 2, "groups": [61, 138], "averageRating": 5.0}, {"asin": "B002MUO7RI", "name": "Alfa 9dBi WiFi Booster SMA OMNI-Directional High-Gain Screw-On Swivel Antenna for Belkin - F5D8230zh4, F5D7233zh, F5D8231zh4, F5D6001, F5D7000 and F5D7001 - ALSO FITS ALL FOSCAM IP CAMERAS", "imUrl": "http://ecx.images-amazon.com/images/I/3174Jh3XqkL._SX300_.jpg", "price": 7.46, "numReviews": 5, "groups": [139], "averageRating": 3.4}, {"asin": "B008FEQQVU", "name": "WiFi Antenna 9dBi 2.4GHz 14 inch RP-SMA Wireless - Router Booster", "imUrl": "http://ecx.images-amazon.com/images/I/21Hoi52AOCL._SY300_.jpg", "price": 9.99, "numReviews": 1, "groups": [140], "averageRating": 3.0}, {"asin": "B00DTYXJ1G", "name": "Super Power Supply\u00ae 3 x 7dBi 2.4GHz 5GHz Dual Band WiFi RP-SMA Antenna + 3 x U.Fl Cable - Mod Kit for Wireless Routers Linksys Asus D-Link E2000 E2100L E2500 E3000 E4200 EA2700 EA4500 EA6400 EA6700 WRT160NL WRT400N WRT600N WRT610N WNDR3300 WNDR3400 WNDR3700 N600 N750", "imUrl": "http://ecx.images-amazon.com/images/I/41YmhBLiVvL._SX300_.jpg", "price": 13.49, "numReviews": 1, "groups": [141], "averageRating": 5.0}, {"asin": "B000N40U9O", "name": "TP-Link TL-ANT2405C 5dBi Indoor Omni Antenna, RP-SMA", "imUrl": "http://ecx.images-amazon.com/images/I/313DafUUjSL._SY300_.jpg", "price": 14.09, "numReviews": 2, "groups": [142], "averageRating": 2.5}, {"asin": "B0085X3PRE", "name": "RP-SMA Male to RP-SMA Female Wifi Antenna Extension Cable 2m/6'", "imUrl": "http://ecx.images-amazon.com/images/I/31nEHLsRU1L._SX300_.jpg", "price": 8.83, "numReviews": 16, "groups": [1], "averageRating": 4.375}, {"asin": "B00DH9F28Q", "name": "Right Angle 90 Degree SMA Male / Female Adapter for Ham Radio", "imUrl": "http://ecx.images-amazon.com/images/I/318S3lTL2lL._SX300_.jpg", "price": 6.99, "numReviews": 1, "groups": [143], "averageRating": 1.0}, {"asin": "B000OSA1HK", "name": "2.4 GHz 14 dBi Flat Panel Range Extender Antenna - 4ft RP-SMA Plug Connector", "imUrl": "http://ecx.images-amazon.com/images/I/11YpxjtaHAL.jpg", "price": 54.99, "numReviews": 1, "groups": [144], "averageRating": 5.0}, {"asin": "B009SANVM2", "name": "eStoreimport @ RP-SMA 2.4GHz 25 DBi Yagi Wireless WLAN WiFi Antenna For Modem PCI Card Router", "imUrl": "http://ecx.images-amazon.com/images/I/41jMti78ynL._SX300_.jpg", "price": 5.31, "numReviews": 1, "groups": [145], "averageRating": 1.0}, {"asin": "B006JPSSO0", "name": "JEFA Tech 7dBi Micro Mag Mount Antenna for WiFi 802.11b/g/n - RP-SMA Male Connector", "imUrl": "http://ecx.images-amazon.com/images/I/31dl%2BotkkUL._SY300_.jpg", "price": 12.95, "numReviews": 2, "groups": [146], "averageRating": 4.0}, {"asin": "B000BDHCMU", "name": "Hawking HiGain Directional Antenna, mini indoor, 7dBi - HAI7MD", "imUrl": "http://ecx.images-amazon.com/images/I/31xQR9ugciL._SY300_.jpg", "price": 77.07, "numReviews": 8, "groups": [147], "averageRating": 3.625}, {"asin": "B009WGDJ2E", "name": "BestDealUSA 9M WiFi WAN Router Wi-Fi Antenna Extension Cable RP-SMA", "imUrl": "http://ecx.images-amazon.com/images/I/41%2BGMp44WuL._SY300_.jpg", "price": 8.96, "numReviews": 4, "groups": [148], "averageRating": 4.0, "brand": "BestDealUSA"}, {"asin": "B00CP8N6ZQ", "name": "Super Power Supply\u00ae RP-TNC to RP-SMA Plug Jack Female Antenna Adapter WiFi Linksys WRT54G WRT54GS WRT54GL", "imUrl": "http://ecx.images-amazon.com/images/I/41iCDzhfRlL._SX300_.jpg", "price": 1.59, "numReviews": 3, "groups": [149], "averageRating": 5.0}, {"asin": "B00DSRV6SW", "name": "Super Power Supply\u00ae 9dBi Wireless 2.4GHz 5GHz Dual Band WiFi Antenna RP-TNC with RP-TNC MALE TO RP-SMA FEMALE Adapter for Routers Linksys Cisco Aironet Proxim Stratum Tranzeo Buffalo WRT54G WRT54GL WRT54GS WAP54G WRT54G-TM BEFW11S4 871W-G-E-K9 877W-G-A-K9 Air-AP1252AG-A-K9 AIR-ANT5959 HGA7T 1200 MP Wi-LAN AWE TR-600c TR-660 WHR-HP-G54 Omni Directional Network Extension WAN Repeater", "imUrl": "http://ecx.images-amazon.com/images/I/3164brVHN6L._SX300_.jpg", "price": 5.49, "numReviews": 1, "groups": [150], "averageRating": 5.0}, {"asin": "B004X1IQ4O", "name": "Amped Wireless Premium 10ft Antenna Extension Cable (APC10)", "imUrl": "http://ecx.images-amazon.com/images/I/41xNN0kcjiL._SY300_.jpg", "price": 15.75, "numReviews": 8, "groups": [151], "averageRating": 4.125, "brand": "Amped Wireless"}, {"asin": "B00DMJI9TA", "name": "Super Power Supply\u00ae 3 x 9dBi 2.4GHz 5GHz Dual Band WiFi RP-SMA Antenna for Routers ASUS RT-N16 RT-N66U RT-AC66U RT-AC1750 D-Link DIR-655 DIR-665 Buffalo WZR-HP-G450H TP-Link TL-WR1043ND TL-WR2543ND TL-WDR4300 Omni Directional Network Extension Mini PCIe PCI Cards Wireless WAN Repeater", "imUrl": "http://ecx.images-amazon.com/images/I/41AVPgZSeHL._SX300_.jpg", "price": 19.19, "numReviews": 271, "groups": [31], "averageRating": 3.4612546125461257, "brand": "Super Power Supply\u00ae"}, {"asin": "B00FGLNCDA", "name": "Superbat RF Coaxial Cable Fakra \"E\" Female Jack Right Angle to RCA Female Connector with RG174 500cm", "imUrl": "http://ecx.images-amazon.com/images/I/41JSMv0l9hL._SX300_.jpg", "price": 16.25, "numReviews": 2, "groups": [152], "averageRating": 3.5}, {"asin": "B00FWAFSQY", "name": "Superbat RF Coaxial Cable Fakra \"K\" (Male Pin) to SMB Right Angle (Female Pin) RG174", "imUrl": "http://ecx.images-amazon.com/images/I/41x3A0LDXzL._SY300_.jpg", "price": 6.64, "numReviews": 3, "groups": [153], "averageRating": 5.0}, {"asin": "B00HMC3876", "name": "Super Power Supply\u00ae NEW 2 x 9dBi RP-SMA Dual Band 2.4GHz 5GHz + 8in / 20cm U.fl / IPEX Cable Antenna Mod Kit No Soldering Netgear Linksys Cisco E1000 E2000 E2500 E3000 E3200 E4200 V1 V2 WNDR3700 WNDR3800 D-Link WNDR3300 WNDR3400 WNDR4000 WNDR4500 WNR2000 WNR2200 WET54G EA2700 EA3500 EA4500 EA6200 WRT54GS2 WRT54G2 WRT160N WRT310N WRT320N WRT330N WRT400N WRT600N WRT610N N600 N900", "imUrl": "http://ecx.images-amazon.com/images/I/31B69GkjHTL._SX300_.jpg", "price": 13.59, "numReviews": 1, "groups": [154], "averageRating": 5.0}, {"asin": "B00EPTRDAC", "name": "Superbat 2pcs SMA Adapter RP-SMA Plug to RP-SMA Jack Right Angle Adapter", "imUrl": "http://ecx.images-amazon.com/images/I/41njDc2Fd%2BL._SY300_.jpg", "price": 4.39, "numReviews": 2, "groups": [155], "averageRating": 5.0}, {"asin": "B00DSQDOF6", "name": "Super Power Supply\u00ae 1 x 6dBi 2.4GHz 5GHz Dual Band WiFi RP-SMA Antenna for Routers Linksys Cisco E2100L WRT160NL TP-Link TL-WR1043ND TL-WR2543ND TL-WDR3500 TL-WDR4300 Amped Wireless SR150 AP300 R300 SR300 300N R10000 R10000G SR10000 SR20000G AP20000G Belkin F7D8301 ZyXEL NBG461 NBG4615 WAP3205 Asus RT-N16 RT-N66U RT-AC66U D-Link DIR-655 DIR-825 DAP-1360 Buffalo WZR-HP-G450H WHR-HP-G300N Xbox 360 Slim WiFi Board Omni Directional Network Extension Mini PCIe PCI Cards WAN Repeater", "imUrl": "http://ecx.images-amazon.com/images/I/31HhxBqC1rL._SX300_.jpg", "price": 2.1, "numReviews": 2, "groups": [156], "averageRating": 5.0}, {"asin": "B00328913Y", "name": "2 PACK of Alfa 9dBi WiFi Booster SMA OMNI-Directional High-Gain Screw-On Swivel Antenna for Hawking - HWP54G, HWR54G and HWBA54G", "imUrl": "http://ecx.images-amazon.com/images/I/31mHrrEzE%2BL._SX300_.jpg", "price": 12.99, "numReviews": 2, "groups": [157], "averageRating": 2.0}, {"asin": "B008OQ6VZK", "name": "2.4GHz 9dBi High Gain 802.11B/G/N Screw-on RP-SMA Wireless WiFi Antenna", "imUrl": "http://ecx.images-amazon.com/images/I/112Z2B2US-L.jpg", "price": 8.73, "numReviews": 1, "groups": [158], "averageRating": 4.0, "brand": ""}, {"asin": "B00BL8F4TM", "name": "Wi-Fi Detector Shirt Size XL (XLarge) - A shirt with a built-in Wi-Fi signal detector", "imUrl": "http://ecx.images-amazon.com/images/I/31jocCwbHHL._SY300_.jpg", "price": 9.95, "numReviews": 1, "groups": [76], "averageRating": 5.0}, {"asin": "B000FICE10", "name": "CP Technologies 6/8dBi Dualband 802.11a/b/g Directional Indoor Antenna (WAN-1160)", "imUrl": "http://ecx.images-amazon.com/images/I/413l9LMJS6L._SY300_.jpg", "price": 20.3, "numReviews": 1, "groups": [159], "averageRating": 5.0, "brand": "CP Technologies"}, {"asin": "B00E9D01GW", "name": "Super Power Supply\u00ae 3 x 6dBi 2.4GHz 5GHz 5.8GHz Dual Band WiFi RP-SMA db Antenna Style 2 for Routers Asus RT-AC66U RT-N66U RT-N16 AC1750 D-Link DIR-655 DIR-665 N900 Buffalo WZR-HP-G450H Linksys EA6900 TP-Link TL-WR1043ND TL-WR2543ND TL-WDR4300 TL-WR940N Amped Omni Directional Wireless Long Range Booster Extension Works with A B G N AC Network and with Mini PCIe PCI and USB Cards WAN WLAN Repeater", "imUrl": "http://ecx.images-amazon.com/images/I/416aATCEjAL._SX300_.jpg", "price": 8.99, "numReviews": 3, "groups": [138], "averageRating": 4.666666666666667}, {"asin": "B000SEN9U6", "name": "+9dBi 15\" Booster Antenna for Linksys WET11, WET54G, WMP11 PCI Card, WPS11, WMP54G, WMP54GS, WRT54GC", "imUrl": "http://ecx.images-amazon.com/images/I/31NtdWtfVIL._SY300_.jpg", "price": 5.49, "numReviews": 225, "groups": [160], "averageRating": 3.066666666666667}, {"asin": "B0093PPLVQ", "name": "Asus RT-N66U 9dBi RP-SMA Antenna Kit (3 Antennas)", "imUrl": "http://ecx.images-amazon.com/images/I/41oCD7gjR9L._SY300_.jpg", "price": 119.99, "numReviews": 3, "groups": [161], "averageRating": 2.6666666666666665}, {"asin": "B003CFATO2", "name": "TP-LINK TL-ANT2412D 2.4GHz 12dBi Outdoor Omni-directional Antenna, N Female connector, weather resistant", "imUrl": "http://ecx.images-amazon.com/images/I/21qmtUDMspL._SX300_.jpg", "price": 39.96, "numReviews": 26, "groups": [162], "averageRating": 4.076923076923077}, {"asin": "B00AJGVF0E", "name": "High Gain 5dBi RP SMA Antenna for WIFI Wireless WLAN", "imUrl": "http://ecx.images-amazon.com/images/I/31KFyfflgRL._SY300_.jpg", "price": 2.45, "numReviews": 3, "groups": [163], "averageRating": 4.333333333333333}, {"asin": "B00938LKRC", "name": "Asus RT-AC66U 9dBi RP-SMA Antenna Kit (3 Antennas)", "imUrl": "http://ecx.images-amazon.com/images/I/51kFcZPOjDL._SX300_.jpg", "price": 18.99, "numReviews": 4, "groups": [164], "averageRating": 2.5}, {"asin": "B00HMA06KU", "name": "Super Power Supply\u00ae 4 x 9dBi RP-SMA Dual Band 2.4GHz 5GHz + 4 x 8in / 20cm U.fl / IPEX Cable Antenna Mod Kit No Soldering for Wireless Routers Linksys Cisco E2000 E2500 EA2700 E3000 EA3500 E4200 EA4500 WRT310N WRT320N WRT330N WRT400N WRT610N WRT54GS2 Belkin F7D8301 Netgear N600 N750 N900 WN2500RP WNDR3300 WNDR3400 WNDR3700 v.2 v.3 WNDR3800 WNDR4000 WNDR4500 WNR834B v. 1 v.2 WNR2000 WNR2200 DGND3700 v.1 v.2 D-Link DIR-655 Buffalo WZR-HP-G450H Mini PCIe Cards Network Extension Bulkhead Pigtail PCI WiFi WAN Repeater", "imUrl": "http://ecx.images-amazon.com/images/I/41T7QKXbnEL._SX300_.jpg", "price": 21.99, "numReviews": 2, "groups": [165], "averageRating": 5.0}, {"asin": "B00DTWBRU8", "name": "Super Power Supply\u00ae 2 x 9dBi 2.4GHz 5GHz Dual Band WiFi RP-SMA Antenna for Routers Linksys Cisco E2100L WRT160NL TP-Link TL-WDR3500 TL-WR841ND Amped Wireless SR150 AP300 R300 SR300 300N R10000 R10000G SR10000 SR20000G AP20000G ZyXEL NBG461 NBG4615 WAP3205 D-Link DIR-825 DAP-1360 Omni Directional Network Extension Mini PCIe PCI Cards WAN Repeater", "imUrl": "http://ecx.images-amazon.com/images/I/31YHma0KheL._SX300_.jpg", "price": 8.99, "numReviews": 32, "groups": [166], "averageRating": 3.28125, "brand": "Super Power Supply\u00ae"}, {"asin": "B006GQDT28", "name": "Netgear WNDR3700 v.2 7dBi Antenna Mod Kit (Two Antennas)", "imUrl": "http://ecx.images-amazon.com/images/I/41PqOzXRDAL._SY300_.jpg", "price": 10.99, "numReviews": 1, "groups": [167], "averageRating": 1.0}, {"asin": "B007PPHRIQ", "name": "RP-SMA Female to MCX Male Right Angle Adapter RF Jumper Cable", "imUrl": "http://ecx.images-amazon.com/images/I/41SqGp2mq%2BL._SY300_.jpg", "price": 7.33, "numReviews": 2, "groups": [168], "averageRating": 5.0}, {"asin": "B00B5T52IU", "name": "Rp-Sma 2.4Ghz 16Dbi Wireless Wlan Antenna Aerial For Pci Modem Router 380Mm", "imUrl": "http://ecx.images-amazon.com/images/I/31VT%2BTayTML._SY300_.jpg", "price": 5.08, "numReviews": 2, "groups": [169], "averageRating": 4.0}, {"asin": "B00DSDAT48", "name": "Super Power Supply\u00ae 10 x 2dBi Wireless 2.4GHz 5GHz Dual Band WiFi Antenna RP-TNC Linksys Cisco Aironet Proxim Stratum Tranzeo WRT54G WRT54GL WRT54GS WAP54G WRT54G-TM BEFW11S4 871W-G-E-K9 877W-G-A-K9 Air-AP1252AG-A-K9 AIR-ANT5959 HGA7T 1200 MP Wi-LAN AWE TR-600c TR-660", "imUrl": "http://ecx.images-amazon.com/images/I/41HAA5sdC5L._SX300_.jpg", "price": 17.29, "numReviews": 1, "groups": [170], "averageRating": 5.0}, {"asin": "B008F9QXE0", "name": "Hawking Technology Hi-Gain Outdoor Wireless-N Wi-Fi 17dBi Mimo 2.4GHz Dual-Polarization Directional Antenna Kit (HAO17SDP)", "imUrl": "http://ecx.images-amazon.com/images/I/311xvNBw2BL._SY300_.jpg", "price": 170.23, "numReviews": 2, "groups": [171], "averageRating": 3.5, "brand": "Hawking Technology"}, {"asin": "B007ZQ436O", "name": "Protronix\u00ae 5dBi RP-SMA Antenna for Wireless PCI Card or Router", "imUrl": "http://ecx.images-amazon.com/images/I/31PfSI%2BGlLL._SY300_.jpg", "price": 2.71, "numReviews": 1, "groups": [172], "averageRating": 4.0}, {"asin": "B005GISAHG", "name": "Brand New 9dBi RP-SMA Male OMNI-Directional High-Gain Screw-On Swivel Antenna for Routers or Wireless Network Adapters (2 PA", "imUrl": "http://ecx.images-amazon.com/images/I/31Tur9VMS0L._SX300_.jpg", "price": 18.99, "numReviews": 1, "groups": [173], "averageRating": 5.0}, {"asin": "B0009U736A", "name": "+9dB 15\" Booster Antenna for \"Linksys\" with RP-TNC Connector", "imUrl": "http://ecx.images-amazon.com/images/I/51WBVjMLlNL._SY300_.jpg", "price": 14.99, "numReviews": 6, "groups": [174], "averageRating": 3.1666666666666665}, {"asin": "B005TX3GE0", "name": "Wireless WIFI Antenna with Pigtail", "imUrl": "http://ecx.images-amazon.com/images/I/31YzzZVGM8L._SY300_.jpg", "price": 1.7, "numReviews": 1, "groups": [175], "averageRating": 5.0}, {"asin": "B00HMRJ8WK", "name": "Super Power Supply\u00ae 3 x 9dBi 2.4GHz 5GHz Dual Band WiFi RP-SMA Antenna style 2 for Routers Asus RT-AC66U RT-N66U RT-N16 RT-AC68R RT-AC68U R700 Netgear Nighthawk R7000 Linksys EA6900 TP-Link TL-WR1043ND TL-WR2543ND TL-WDR4300 TL-WR940N TL-WDN4800 D-Link DIR-655 DIR-665 DIR-835 N450 N750 N900 AC1300 AC1750 AC1900 Buffalo WZR-HP-G450H also works with PCIe PCI Cards Repeater and USB Adapters that support removable antennas Omni Directional Network Extension Mini Wireless WAN Long Range Booster", "imUrl": "http://ecx.images-amazon.com/images/I/41eQe%2BV6AoL._SX300_.jpg", "price": 14.99, "numReviews": 25, "groups": [110], "averageRating": 3.72}, {"asin": "B004MDSSVY", "name": "Amped Wireless High Power 12dBi Omni-Directional Wi-Fi Antenna (WA12)", "imUrl": "http://ecx.images-amazon.com/images/I/31Uyhr--XKL._SY300_.jpg", "price": 37.0, "numReviews": 39, "groups": [176], "averageRating": 3.230769230769231, "brand": "Amped Wireless"}, {"asin": "B00DLINRT4", "name": "Super Power Supply\u00ae 1 x 7dBi RP-SMA Dual Band 2.4GHz 5GHz + 1 x 8in / 20cm U.fl / IPEX Cable Antenna Mod Kit No Soldering for Wireless Routers Linksys Cisco E2000 E2500 EA2700 E3000 EA3500 E4200 EA4500 WRT310N WRT320N WRT330N WRT400N WRT610N WRT54GS2 Belkin F7D8301 Netgear N600 N750 N900 WN2500RP WNDR3300 WNDR3400 WNDR3700 v.2 v.3 WNDR3800 WNDR4000 WNDR4500 WNR834B v. 1 v.2 WNR2000 WNR2200 DGND3700 v.1 v.2 D-Link DIR-655 Buffalo WZR-HP-G450H Mini PCIe Cards Network Extension Bulkhead Pigtail PCI WiFi WAN Repeater", "imUrl": "http://ecx.images-amazon.com/images/I/31e68WdhCfL._SX300_.jpg", "price": 4.59, "numReviews": 1, "groups": [177], "averageRating": 5.0}, {"asin": "B00G2G61E0", "name": "14 dBi Panel Antenna for Avacom M1080W - 3 Meter Cable SMA", "imUrl": "http://ecx.images-amazon.com/images/I/41iPQe--GOL._SX300_.jpg", "price": 29.99, "numReviews": 3, "groups": [178], "averageRating": 5.0}, {"asin": "B000LROI6E", "name": "Cisco 2.4-GHZ Dipole Antenna (AIR-ANT2422DW-R)", "imUrl": "http://ecx.images-amazon.com/images/I/217B6h%2BjgYL._SY300_.jpg", "price": 17.5, "numReviews": 1, "groups": [98], "averageRating": 5.0, "brand": "Cisco"}, {"asin": "B00A4HI9IE", "name": "Dual 5Dbi RP-SMA Antennas", "imUrl": "http://ecx.images-amazon.com/images/I/31Y3vMkl8UL._SX300_.jpg", "price": 10.99, "numReviews": 1, "groups": [179], "averageRating": 4.0}, {"asin": "B00CP8FOFG", "name": "Super Power Supply\u00ae 1 x 9dBi 2.4GHz 5GHz Dual Band WiFi RP-SMA Antenna for Routers Linksys Cisco E2100L WRT160NL TP-Link TL-WR1043ND TL-WR2543ND TL-WDR3500 TL-WDR4300 Amped Wireless SR150 AP300 R300 SR300 300N R10000 R10000G SR10000 SR20000G AP20000G Belkin F7D8301 ZyXEL NBG461 NBG4615 WAP3205 Asus RT-N16 RT-N66U RT-AC66U D-Link DIR-655 DIR-825 DAP-1360 Buffalo WZR-HP-G450H  WHR-HP-G300N Omni Directional Network Extension Mini PCIe PCI Cards WAN Repeater", "imUrl": "http://ecx.images-amazon.com/images/I/31mW8bdB-GL._SX300_.jpg", "price": 3.99, "numReviews": 4, "groups": [180], "averageRating": 4.25}, {"asin": "B000N7K2EY", "name": "TERK WF-R Replacement WiFi Antenna", "imUrl": "http://ecx.images-amazon.com/images/I/21v88w7VgWL._SY300_.jpg", "price": 2.45, "numReviews": 2, "groups": [181], "averageRating": 3.5}, {"asin": "B00HUCKGC8", "name": "WIFI EXPERT\u2122 - 3 x 9dBi 2.4GHz 5GHz Dual Band WiFi RP-SMA Antenna for Routers ASUS RT-N16 RT-N66U RT-AC66U RT-AC1750 D-Link DIR-655 DIR-665 Buffalo WZR-HP-G450H TP-Link TL-WR1043ND TL-WR2543ND TL-WDR4300 Omni Directional Network Extension Mini PCIe PCI Cards Wireless WAN Repeater", "imUrl": "http://ecx.images-amazon.com/images/I/4155sDMdKWL._SX300_.jpg", "price": 14.99, "numReviews": 2, "groups": [182], "averageRating": 4.5}, {"asin": "B0030B14Z6", "name": "eForCity WIFI WI-FI BOOSTER ANTENNA SMA AP FOR WIRELESS LAN CARD", "imUrl": "http://ecx.images-amazon.com/images/I/31yQxrZPTzL._SY300_.jpg", "price": 3.69, "numReviews": 2, "groups": [183], "averageRating": 4.5, "brand": "eForCity"}, {"asin": "B00DMHJMT8", "name": "Super Power Supply\u00ae 1 x 9dBi RP-SMA Dual Band 2.4GHz 5GHz + 1 x 8in / 20cm U.fl / IPEX Cable Antenna Mod Kit No Soldering for Wireless Routers Linksys Cisco E2000 E2500 EA2700 E3000 EA3500 E4200 EA4500 WRT310N WRT320N WRT330N WRT400N WRT610N WRT54GS2 Belkin F7D8301 Netgear N600 N750 N900 WN2500RP WNDR3300 WNDR3400 WNDR3700 v.2 v.3 WNDR3800 WNDR4000 WNDR4500 WNR834B v. 1 v.2 WNR2000 WNR2200 DGND3700 v.1 v.2 D-Link DIR-655 Buffalo WZR-HP-G450H Mini PCIe Cards Network Extension Bulkhead Pigtail PCI WiFi WAN Repeater", "imUrl": "http://ecx.images-amazon.com/images/I/31n3MXaM33L._SX300_.jpg", "price": 7.99, "numReviews": 1, "groups": [184], "averageRating": 5.0}, {"asin": "B0080HO0HO", "name": "10 dBi 2.4GHz Booster RP-SMA Antenna for Linksys WET11, WET54G, WMP11 PCI Card, WPS11, WMP54G, WMP54GS, WRT54GC", "imUrl": "http://ecx.images-amazon.com/images/I/11%2Bj-gIcjWL.jpg", "price": 1.99, "numReviews": 9, "groups": [185], "averageRating": 3.111111111111111}], "links": [{"source": 0, "target": 174, "right": true, "left": false, "value": 1}, {"source": 1, "target": 153, "right": true, "left": true, "value": 1}, {"source": 1, "target": 142, "right": false, "left": true, "value": 1}, {"source": 2, "target": 180, "right": true, "left": false, "value": 1}, {"source": 2, "target": 68, "right": true, "left": false, "value": 1}, {"source": 2, "target": 95, "right": true, "left": false, "value": 1}, {"source": 3, "target": 59, "right": true, "left": false, "value": 1}, {"source": 4, "target": 68, "right": true, "left": false, "value": 1}, {"source": 4, "target": 174, "right": true, "left": false, "value": 1}, {"source": 5, "target": 71, "right": false, "left": true, "value": 1}, {"source": 6, "target": 98, "right": false, "left": true, "value": 1}, {"source": 6, "target": 163, "right": true, "left": false, "value": 1}, {"source": 6, "target": 48, "right": true, "left": false, "value": 1}, {"source": 6, "target": 117, "right": true, "left": false, "value": 1}, {"source": 6, "target": 190, "right": true, "left": false, "value": 1}, {"source": 7, "target": 40, "right": true, "left": false, "value": 1}, {"source": 7, "target": 136, "right": true, "left": true, "value": 1}, {"source": 8, "target": 201, "right": false, "left": true, "value": 1}, {"source": 8, "target": 106, "right": true, "left": false, "value": 1}, {"source": 8, "target": 35, "right": true, "left": true, "value": 1}, {"source": 9, "target": 123, "right": false, "left": true, "value": 1}, {"source": 10, "target": 115, "right": true, "left": false, "value": 1}, {"source": 10, "target": 163, "right": true, "left": false, "value": 1}, {"source": 11, "target": 163, "right": true, "left": false, "value": 1}, {"source": 11, "target": 117, "right": true, "left": false, "value": 1}, {"source": 11, "target": 110, "right": true, "left": false, "value": 1}, {"source": 11, "target": 173, "right": true, "left": false, "value": 1}, {"source": 12, "target": 192, "right": false, "left": true, "value": 1}, {"source": 12, "target": 34, "right": false, "left": true, "value": 1}, {"source": 12, "target": 67, "right": false, "left": true, "value": 1}, {"source": 12, "target": 98, "right": false, "left": true, "value": 1}, {"source": 12, "target": 133, "right": false, "left": true, "value": 1}, {"source": 12, "target": 166, "right": false, "left": true, "value": 1}, {"source": 12, "target": 39, "right": false, "left": true, "value": 1}, {"source": 12, "target": 200, "right": false, "left": true, "value": 1}, {"source": 12, "target": 13, "right": false, "left": true, "value": 1}, {"source": 12, "target": 46, "right": false, "left": true, "value": 1}, {"source": 12, "target": 48, "right": true, "left": true, "value": 1}, {"source": 12, "target": 179, "right": false, "left": true, "value": 1}, {"source": 12, "target": 180, "right": true, "left": false, "value": 1}, {"source": 12, "target": 189, "right": false, "left": true, "value": 1}, {"source": 13, "target": 133, "right": true, "left": false, "value": 1}, {"source": 14, "target": 115, "right": true, "left": false, "value": 1}, {"source": 15, "target": 163, "right": true, "left": false, "value": 1}, {"source": 15, "target": 190, "right": true, "left": false, "value": 1}, {"source": 16, "target": 48, "right": true, "left": false, "value": 1}, {"source": 16, "target": 114, "right": true, "left": false, "value": 1}, {"source": 17, "target": 89, "right": true, "left": false, "value": 1}, {"source": 17, "target": 174, "right": true, "left": false, "value": 1}, {"source": 18, "target": 92, "right": true, "left": false, "value": 1}, {"source": 19, "target": 201, "right": false, "left": true, "value": 1}, {"source": 19, "target": 102, "right": false, "left": true, "value": 1}, {"source": 19, "target": 68, "right": true, "left": false, "value": 1}, {"source": 19, "target": 174, "right": true, "left": false, "value": 1}, {"source": 20, "target": 184, "right": true, "left": false, "value": 1}, {"source": 20, "target": 103, "right": false, "left": true, "value": 1}, {"source": 20, "target": 95, "right": true, "left": false, "value": 1}, {"source": 21, "target": 174, "right": true, "left": false, "value": 1}, {"source": 22, "target": 86, "right": false, "left": true, "value": 1}, {"source": 22, "target": 174, "right": true, "left": false, "value": 1}, {"source": 23, "target": 126, "right": true, "left": false, "value": 1}, {"source": 24, "target": 163, "right": true, "left": false, "value": 1}, {"source": 25, "target": 26, "right": true, "left": false, "value": 1}, {"source": 25, "target": 108, "right": true, "left": false, "value": 1}, {"source": 25, "target": 173, "right": true, "left": false, "value": 1}, {"source": 26, "target": 108, "right": true, "left": false, "value": 1}, {"source": 26, "target": 110, "right": true, "left": false, "value": 1}, {"source": 27, "target": 64, "right": true, "left": false, "value": 1}, {"source": 27, "target": 163, "right": true, "left": false, "value": 1}, {"source": 27, "target": 148, "right": true, "left": false, "value": 1}, {"source": 28, "target": 160, "right": true, "left": false, "value": 1}, {"source": 29, "target": 68, "right": true, "left": false, "value": 1}, {"source": 29, "target": 109, "right": true, "left": false, "value": 1}, {"source": 30, "target": 89, "right": true, "left": false, "value": 1}, {"source": 30, "target": 92, "right": true, "left": false, "value": 1}, {"source": 30, "target": 174, "right": true, "left": false, "value": 1}, {"source": 31, "target": 64, "right": false, "left": true, "value": 1}, {"source": 31, "target": 33, "right": false, "left": true, "value": 1}, {"source": 31, "target": 65, "right": false, "left": true, "value": 1}, {"source": 31, "target": 163, "right": true, "left": true, "value": 1}, {"source": 31, "target": 99, "right": false, "left": true, "value": 1}, {"source": 31, "target": 132, "right": false, "left": true, "value": 1}, {"source": 31, "target": 134, "right": false, "left": true, "value": 1}, {"source": 31, "target": 172, "right": false, "left": true, "value": 1}, {"source": 31, "target": 110, "right": false, "left": true, "value": 1}, {"source": 31, "target": 175, "right": false, "left": true, "value": 1}, {"source": 31, "target": 178, "right": false, "left": true, "value": 1}, {"source": 31, "target": 117, "right": false, "left": true, "value": 1}, {"source": 31, "target": 60, "right": false, "left": true, "value": 1}, {"source": 32, "target": 163, "right": true, "left": false, "value": 1}, {"source": 32, "target": 156, "right": false, "left": true, "value": 1}, {"source": 33, "target": 59, "right": true, "left": false, "value": 1}, {"source": 33, "target": 124, "right": true, "left": false, "value": 1}, {"source": 34, "target": 39, "right": true, "left": false, "value": 1}, {"source": 35, "target": 106, "right": true, "left": false, "value": 1}, {"source": 35, "target": 163, "right": true, "left": false, "value": 1}, {"source": 36, "target": 89, "right": true, "left": false, "value": 1}, {"source": 37, "target": 163, "right": true, "left": false, "value": 1}, {"source": 37, "target": 92, "right": true, "left": false, "value": 1}, {"source": 37, "target": 117, "right": true, "left": false, "value": 1}, {"source": 38, "target": 115, "right": true, "left": false, "value": 1}, {"source": 39, "target": 48, "right": true, "left": false, "value": 1}, {"source": 40, "target": 136, "right": false, "left": true, "value": 1}, {"source": 40, "target": 167, "right": false, "left": true, "value": 1}, {"source": 40, "target": 83, "right": false, "left": true, "value": 1}, {"source": 41, "target": 48, "right": true, "left": false, "value": 1}, {"source": 41, "target": 42, "right": false, "left": true, "value": 1}, {"source": 42, "target": 110, "right": true, "left": false, "value": 1}, {"source": 43, "target": 107, "right": false, "left": true, "value": 1}, {"source": 43, "target": 163, "right": true, "left": false, "value": 1}, {"source": 43, "target": 111, "right": true, "left": true, "value": 1}, {"source": 44, "target": 89, "right": true, "left": false, "value": 1}, {"source": 44, "target": 106, "right": true, "left": false, "value": 1}, {"source": 45, "target": 53, "right": true, "left": true, "value": 1}, {"source": 46, "target": 78, "right": false, "left": true, "value": 1}, {"source": 46, "target": 48, "right": true, "left": false, "value": 1}, {"source": 46, "target": 180, "right": true, "left": false, "value": 1}, {"source": 46, "target": 181, "right": false, "left": true, "value": 1}, {"source": 46, "target": 121, "right": false, "left": true, "value": 1}, {"source": 47, "target": 115, "right": true, "left": false, "value": 1}, {"source": 47, "target": 157, "right": false, "left": true, "value": 1}, {"source": 48, "target": 168, "right": false, "left": true, "value": 1}, {"source": 48, "target": 74, "right": false, "left": true, "value": 1}, {"source": 48, "target": 108, "right": false, "left": true, "value": 1}, {"source": 48, "target": 81, "right": false, "left": true, "value": 1}, {"source": 48, "target": 114, "right": false, "left": true, "value": 1}, {"source": 49, "target": 89, "right": true, "left": false, "value": 1}, {"source": 49, "target": 174, "right": true, "left": false, "value": 1}, {"source": 50, "target": 64, "right": true, "left": false, "value": 1}, {"source": 50, "target": 163, "right": true, "left": false, "value": 1}, {"source": 50, "target": 110, "right": true, "left": false, "value": 1}, {"source": 51, "target": 72, "right": true, "left": true, "value": 1}, {"source": 52, "target": 89, "right": true, "left": false, "value": 1}, {"source": 53, "target": 88, "right": true, "left": false, "value": 1}, {"source": 54, "target": 68, "right": true, "left": false, "value": 1}, {"source": 54, "target": 95, "right": true, "left": false, "value": 1}, {"source": 55, "target": 163, "right": true, "left": false, "value": 1}, {"source": 55, "target": 110, "right": true, "left": false, "value": 1}, {"source": 56, "target": 89, "right": true, "left": false, "value": 1}, {"source": 56, "target": 163, "right": true, "left": false, "value": 1}, {"source": 57, "target": 109, "right": true, "left": false, "value": 1}, {"source": 57, "target": 111, "right": true, "left": false, "value": 1}, {"source": 58, "target": 168, "right": true, "left": false, "value": 1}, {"source": 58, "target": 108, "right": true, "left": false, "value": 1}, {"source": 59, "target": 193, "right": false, "left": true, "value": 1}, {"source": 59, "target": 72, "right": false, "left": true, "value": 1}, {"source": 59, "target": 111, "right": false, "left": true, "value": 1}, {"source": 59, "target": 86, "right": false, "left": true, "value": 1}, {"source": 59, "target": 120, "right": false, "left": true, "value": 1}, {"source": 59, "target": 124, "right": true, "left": true, "value": 1}, {"source": 60, "target": 163, "right": true, "left": false, "value": 1}, {"source": 60, "target": 132, "right": false, "left": true, "value": 1}, {"source": 60, "target": 190, "right": true, "left": false, "value": 1}, {"source": 61, "target": 153, "right": true, "left": false, "value": 1}, {"source": 62, "target": 163, "right": true, "left": false, "value": 1}, {"source": 63, "target": 92, "right": true, "left": false, "value": 1}, {"source": 64, "target": 192, "right": false, "left": true, "value": 1}, {"source": 64, "target": 163, "right": true, "left": false, "value": 1}, {"source": 64, "target": 110, "right": true, "left": false, "value": 1}, {"source": 64, "target": 148, "right": true, "left": true, "value": 1}, {"source": 64, "target": 151, "right": false, "left": true, "value": 1}, {"source": 65, "target": 163, "right": true, "left": false, "value": 1}, {"source": 65, "target": 117, "right": true, "left": false, "value": 1}, {"source": 65, "target": 190, "right": true, "left": false, "value": 1}, {"source": 66, "target": 160, "right": true, "left": false, "value": 1}, {"source": 68, "target": 161, "right": false, "left": true, "value": 1}, {"source": 68, "target": 99, "right": false, "left": true, "value": 1}, {"source": 68, "target": 69, "right": false, "left": true, "value": 1}, {"source": 68, "target": 174, "right": true, "left": false, "value": 1}, {"source": 68, "target": 95, "right": true, "left": true, "value": 1}, {"source": 69, "target": 163, "right": true, "left": false, "value": 1}, {"source": 69, "target": 174, "right": true, "left": false, "value": 1}, {"source": 70, "target": 180, "right": true, "left": false, "value": 1}, {"source": 70, "target": 95, "right": true, "left": false, "value": 1}, {"source": 73, "target": 89, "right": true, "left": false, "value": 1}, {"source": 73, "target": 92, "right": true, "left": false, "value": 1}, {"source": 74, "target": 108, "right": true, "left": false, "value": 1}, {"source": 75, "target": 107, "right": true, "left": false, "value": 1}, {"source": 76, "target": 85, "right": true, "left": false, "value": 1}, {"source": 77, "target": 190, "right": true, "left": false, "value": 1}, {"source": 78, "target": 163, "right": true, "left": false, "value": 1}, {"source": 79, "target": 97, "right": true, "left": true, "value": 1}, {"source": 79, "target": 171, "right": true, "left": true, "value": 1}, {"source": 79, "target": 135, "right": true, "left": true, "value": 1}, {"source": 80, "target": 89, "right": true, "left": false, "value": 1}, {"source": 82, "target": 92, "right": true, "left": false, "value": 1}, {"source": 83, "target": 154, "right": false, "left": true, "value": 1}, {"source": 83, "target": 167, "right": false, "left": true, "value": 1}, {"source": 84, "target": 163, "right": true, "left": false, "value": 1}, {"source": 84, "target": 110, "right": true, "left": false, "value": 1}, {"source": 85, "target": 176, "right": true, "left": false, "value": 1}, {"source": 86, "target": 120, "right": true, "left": false, "value": 1}, {"source": 87, "target": 89, "right": true, "left": false, "value": 1}, {"source": 88, "target": 128, "right": false, "left": true, "value": 1}, {"source": 88, "target": 163, "right": true, "left": false, "value": 1}, {"source": 88, "target": 185, "right": false, "left": true, "value": 1}, {"source": 88, "target": 158, "right": false, "left": true, "value": 1}, {"source": 89, "target": 130, "right": false, "left": true, "value": 1}, {"source": 89, "target": 143, "right": false, "left": true, "value": 1}, {"source": 89, "target": 170, "right": false, "left": true, "value": 1}, {"source": 89, "target": 177, "right": false, "left": true, "value": 1}, {"source": 89, "target": 186, "right": false, "left": true, "value": 1}, {"source": 89, "target": 197, "right": false, "left": true, "value": 1}, {"source": 89, "target": 90, "right": false, "left": true, "value": 1}, {"source": 89, "target": 91, "right": false, "left": true, "value": 1}, {"source": 89, "target": 94, "right": false, "left": true, "value": 1}, {"source": 89, "target": 96, "right": false, "left": true, "value": 1}, {"source": 89, "target": 106, "right": true, "left": true, "value": 1}, {"source": 89, "target": 118, "right": false, "left": true, "value": 1}, {"source": 89, "target": 119, "right": false, "left": true, "value": 1}, {"source": 89, "target": 126, "right": false, "left": true, "value": 1}, {"source": 92, "target": 129, "right": false, "left": true, "value": 1}, {"source": 92, "target": 163, "right": true, "left": false, "value": 1}, {"source": 92, "target": 199, "right": false, "left": true, "value": 1}, {"source": 92, "target": 169, "right": false, "left": true, "value": 1}, {"source": 92, "target": 109, "right": false, "left": true, "value": 1}, {"source": 92, "target": 112, "right": false, "left": true, "value": 1}, {"source": 92, "target": 149, "right": false, "left": true, "value": 1}, {"source": 92, "target": 126, "right": false, "left": true, "value": 1}, {"source": 92, "target": 158, "right": false, "left": true, "value": 1}, {"source": 92, "target": 188, "right": false, "left": true, "value": 1}, {"source": 92, "target": 157, "right": false, "left": true, "value": 1}, {"source": 93, "target": 190, "right": true, "left": false, "value": 1}, {"source": 94, "target": 163, "right": true, "left": false, "value": 1}, {"source": 94, "target": 174, "right": true, "left": false, "value": 1}, {"source": 95, "target": 161, "right": false, "left": true, "value": 1}, {"source": 95, "target": 174, "right": true, "left": false, "value": 1}, {"source": 95, "target": 180, "right": true, "left": false, "value": 1}, {"source": 95, "target": 119, "right": false, "left": true, "value": 1}, {"source": 96, "target": 201, "right": true, "left": false, "value": 1}, {"source": 97, "target": 135, "right": true, "left": true, "value": 1}, {"source": 97, "target": 171, "right": true, "left": true, "value": 1}, {"source": 98, "target": 163, "right": true, "left": false, "value": 1}, {"source": 98, "target": 190, "right": true, "left": false, "value": 1}, {"source": 99, "target": 163, "right": true, "left": false, "value": 1}, {"source": 100, "target": 162, "right": true, "left": false, "value": 1}, {"source": 101, "target": 163, "right": true, "left": false, "value": 1}, {"source": 102, "target": 174, "right": true, "left": false, "value": 1}, {"source": 103, "target": 184, "right": false, "left": true, "value": 1}, {"source": 103, "target": 194, "right": true, "left": true, "value": 1}, {"source": 104, "target": 116, "right": true, "left": false, "value": 1}, {"source": 105, "target": 125, "right": false, "left": true, "value": 1}, {"source": 106, "target": 130, "right": false, "left": true, "value": 1}, {"source": 106, "target": 183, "right": false, "left": true, "value": 1}, {"source": 107, "target": 156, "right": false, "left": true, "value": 1}, {"source": 108, "target": 163, "right": true, "left": false, "value": 1}, {"source": 108, "target": 133, "right": false, "left": true, "value": 1}, {"source": 108, "target": 110, "right": true, "left": false, "value": 1}, {"source": 108, "target": 148, "right": true, "left": false, "value": 1}, {"source": 108, "target": 119, "right": false, "left": true, "value": 1}, {"source": 109, "target": 153, "right": true, "left": false, "value": 1}, {"source": 110, "target": 133, "right": false, "left": true, "value": 1}, {"source": 110, "target": 173, "right": false, "left": true, "value": 1}, {"source": 110, "target": 190, "right": true, "left": false, "value": 1}, {"source": 112, "target": 163, "right": true, "left": false, "value": 1}, {"source": 113, "target": 165, "right": true, "left": false, "value": 1}, {"source": 114, "target": 116, "right": false, "left": true, "value": 1}, {"source": 115, "target": 199, "right": false, "left": true, "value": 1}, {"source": 115, "target": 152, "right": false, "left": true, "value": 1}, {"source": 117, "target": 163, "right": true, "left": false, "value": 1}, {"source": 117, "target": 179, "right": false, "left": true, "value": 1}, {"source": 117, "target": 190, "right": true, "left": true, "value": 1}, {"source": 119, "target": 168, "right": true, "left": false, "value": 1}, {"source": 120, "target": 138, "right": false, "left": true, "value": 1}, {"source": 122, "target": 164, "right": false, "left": true, "value": 1}, {"source": 124, "target": 141, "right": true, "left": false, "value": 1}, {"source": 127, "target": 141, "right": true, "left": false, "value": 1}, {"source": 131, "target": 163, "right": true, "left": false, "value": 1}, {"source": 132, "target": 163, "right": true, "left": false, "value": 1}, {"source": 134, "target": 163, "right": true, "left": false, "value": 1}, {"source": 137, "target": 163, "right": true, "left": false, "value": 1}, {"source": 137, "target": 190, "right": true, "left": false, "value": 1}, {"source": 139, "target": 155, "right": false, "left": true, "value": 1}, {"source": 140, "target": 174, "right": true, "left": false, "value": 1}, {"source": 144, "target": 199, "right": true, "left": false, "value": 1}, {"source": 145, "target": 195, "right": true, "left": false, "value": 1}, {"source": 146, "target": 163, "right": true, "left": false, "value": 1}, {"source": 147, "target": 159, "right": false, "left": true, "value": 1}, {"source": 148, "target": 163, "right": true, "left": false, "value": 1}, {"source": 148, "target": 168, "right": false, "left": true, "value": 1}, {"source": 148, "target": 173, "right": true, "left": true, "value": 1}, {"source": 150, "target": 174, "right": true, "left": false, "value": 1}, {"source": 151, "target": 163, "right": true, "left": false, "value": 1}, {"source": 151, "target": 190, "right": true, "left": false, "value": 1}, {"source": 153, "target": 159, "right": false, "left": true, "value": 1}, {"source": 154, "target": 167, "right": true, "left": false, "value": 1}, {"source": 161, "target": 180, "right": true, "left": false, "value": 1}, {"source": 161, "target": 163, "right": true, "left": false, "value": 1}, {"source": 163, "target": 170, "right": false, "left": true, "value": 1}, {"source": 163, "target": 173, "right": false, "left": true, "value": 1}, {"source": 163, "target": 174, "right": false, "left": true, "value": 1}, {"source": 163, "target": 175, "right": false, "left": true, "value": 1}, {"source": 163, "target": 178, "right": false, "left": true, "value": 1}, {"source": 163, "target": 180, "right": false, "left": true, "value": 1}, {"source": 163, "target": 181, "right": false, "left": true, "value": 1}, {"source": 163, "target": 187, "right": false, "left": true, "value": 1}, {"source": 163, "target": 190, "right": false, "left": true, "value": 1}, {"source": 163, "target": 191, "right": false, "left": true, "value": 1}, {"source": 163, "target": 196, "right": false, "left": true, "value": 1}, {"source": 163, "target": 198, "right": false, "left": true, "value": 1}, {"source": 167, "target": 182, "right": false, "left": true, "value": 1}, {"source": 168, "target": 173, "right": true, "left": false, "value": 1}, {"source": 169, "target": 174, "right": true, "left": false, "value": 1}, {"source": 173, "target": 190, "right": true, "left": false, "value": 1}, {"source": 174, "target": 201, "right": false, "left": true, "value": 1}, {"source": 174, "target": 188, "right": false, "left": true, "value": 1}, {"source": 177, "target": 186, "right": true, "left": false, "value": 1}, {"source": 179, "target": 190, "right": true, "left": false, "value": 1}, {"source": 180, "target": 196, "right": false, "left": true, "value": 1}, {"source": 180, "target": 200, "right": false, "left": true, "value": 1}, {"source": 190, "target": 198, "right": false, "left": true, "value": 1}]}