{"nodes": [{"asin": "B00749RMVA", "name": "Cable Wholesale Decora Wall Plate Insert, 1 Vga Coupler + 1 3.5mm Coupler + 1 Usb Type A Coupler, White (301-3001) -", "imUrl": "http://ecx.images-amazon.com/images/I/4132y7GX7AL._SY300_.jpg", "price": 9.55, "numReviews": 6, "groups": [0], "averageRating": 4.166666666666667}, {"asin": "B0002J1LGG", "name": "C2G / Cables to Go 03415 8-Port Double Gang Multimedia Keystone Wall Plate (White)", "imUrl": "http://ecx.images-amazon.com/images/I/41F-APQab9L._SY300_.jpg", "price": 2.83, "numReviews": 4, "groups": [1], "averageRating": 5.0, "brand": "C2G"}, {"asin": "B00E4RUZGO", "name": "CUSTOM WHITE WALL PLATE HUBBELL AC 15A 110V POWER OUTLET + HDMI 1.4 + F-TYPE COAX TV HDTV 3DTV", "imUrl": "http://ecx.images-amazon.com/images/I/31fixigwe5L._SY300_.jpg", "price": 11.48, "numReviews": 3, "groups": [2], "averageRating": 2.0}, {"asin": "B001UC89Z0", "name": "DataComm 45-0002-BR 2-Gang Recessed Low Voltage Cable Plate (Brown)", "imUrl": "http://ecx.images-amazon.com/images/I/31KwmsZY07L._SY300_.jpg", "price": 6.49, "numReviews": 4, "groups": [3], "averageRating": 4.25}, {"asin": "B004M8RZEA", "name": "Vanco WPBWIX Single Gang Bulk Cable Wall Plates (Ivory)", "imUrl": "http://ecx.images-amazon.com/images/I/31F2RlW%2BZSL._SY300_.jpg", "price": 10.29, "numReviews": 2, "groups": [4], "averageRating": 5.0, "brand": "Vanco"}, {"asin": "B00DZOWP0Q", "name": "RiteAV - 2 Port Hdmi Keystone Wallplate (White)", "imUrl": "http://ecx.images-amazon.com/images/I/319GgZgs6oL._SY300_.jpg", "price": 11.95, "numReviews": 1, "groups": [5], "averageRating": 5.0}, {"asin": "B00G0JVC0W", "name": "RiteAV - 4 HDMI and 1 Ethernet Cat5e and 1 USB A/A Port Wall Plate White", "imUrl": "http://ecx.images-amazon.com/images/I/31JKb683o1L._SX300_.jpg", "price": 33.33, "numReviews": 1, "groups": [6], "averageRating": 4.0}, {"asin": "B003WKYCKY", "name": "Monoprice 106561 Keystone Jack-USB 2.0 A Female to A Female Coupler Adapter Flush Type, White", "imUrl": "http://ecx.images-amazon.com/images/I/41fVRx3q42L._SX300_.jpg", "price": 4.14, "numReviews": 5, "groups": [7], "averageRating": 4.6, "brand": "Monoprice"}, {"asin": "B00390IT7O", "name": "Datacomm Electronics 45-0008-WH Easy Mount Recessed Low Voltage Cable Plate", "imUrl": "http://ecx.images-amazon.com/images/I/31BDJCkDXvL._SY300_.jpg", "price": 4.99, "numReviews": 46, "groups": [8], "averageRating": 4.478260869565218, "brand": "Datacomm Electronics"}, {"asin": "B004GE8AC6", "name": "Vanco 120621X Custom Two-Piece Dual Gang Bulk Cable Wall Plates (Almond)", "imUrl": "http://ecx.images-amazon.com/images/I/41rErTVoyFL._SY300_.jpg", "price": 11.53, "numReviews": 1, "groups": [9], "averageRating": 4.0, "brand": "Vanco"}, {"asin": "B0015LZI1Y", "name": "OEM Systems Pro-Wire Combo Jack Plate (1 Coax, 1 RJ45), White", "imUrl": "http://ecx.images-amazon.com/images/I/31gc1cYtE7L._SY300_.jpg", "price": 16.95, "numReviews": 2, "groups": [10], "averageRating": 3.0}, {"asin": "B000PGWXHW", "name": "Dayton WPI-5.1 5.1 Channel Home Theater Speaker Wall Plate", "imUrl": "http://ecx.images-amazon.com/images/I/51K8Ck8QBsL._SY300_.jpg", "price": 26.96, "numReviews": 7, "groups": [11], "averageRating": 3.857142857142857}, {"asin": "B001OS8YMI", "name": "Pyle Home PHIW71 7.1 Home Theater 14 Post Binding/Banana Plug with Dual RCA Subwoofer Posts Wall Plate (White)", "imUrl": "http://ecx.images-amazon.com/images/I/41V8GQDwRnL._SX300_.jpg", "price": 30.99, "numReviews": 58, "groups": [12], "averageRating": 4.206896551724138, "brand": "Pyle"}, {"asin": "B001OSCE4C", "name": "Pyle Home PHDMF1 Single HDMI Wall Plate", "imUrl": "http://ecx.images-amazon.com/images/I/41BkLDBioiL._SX300_.jpg", "price": 4.25, "numReviews": 3, "groups": [13], "averageRating": 1.6666666666666667, "brand": "Pyle"}, {"asin": "B0016ZYKFO", "name": "Vanco 120613X Bulk Cable 1-Gang Faceplate", "imUrl": "http://ecx.images-amazon.com/images/I/41MkbUIB-ML._SY300_.jpg", "price": 2.99, "numReviews": 1, "groups": [14], "averageRating": 5.0, "brand": "Vanco"}, {"asin": "B004M8RZ36", "name": "Vanco 281201X Slim Line S-VGA Wall Plates (Single, White)", "imUrl": "http://ecx.images-amazon.com/images/I/31GQVJH20yL._SY300_.jpg", "price": 12.22, "numReviews": 2, "groups": [15], "averageRating": 5.0, "brand": "Vanco"}, {"asin": "B0047ZFHF2", "name": "Icarus Keystone Style Wall Plate - 6 Ports", "imUrl": "http://ecx.images-amazon.com/images/I/21TlPUhRy8L._SY300_.jpg", "price": 3.08, "numReviews": 87, "groups": [16], "averageRating": 4.609195402298851, "brand": "Icarus"}, {"asin": "B006V60RG4", "name": "1-Gang Low Voltage Recessed Wall Plate - White", "imUrl": "http://ecx.images-amazon.com/images/I/1136jOh3DyL.jpg", "price": 3.99, "numReviews": 2, "groups": [17], "averageRating": 5.0}, {"asin": "B000YV5Q22", "name": "Atlona 7 Speaker Wall Plate", "imUrl": "http://ecx.images-amazon.com/images/I/81qMpsn7tvL._SY300_.gif", "price": 17.98, "numReviews": 1, "groups": [18], "averageRating": 5.0}, {"asin": "B000U3DTYG", "name": "Leviton 41091-3WN QuickPort Midsize Wallplate, Single Gang, 3-Port, White", "imUrl": "http://ecx.images-amazon.com/images/I/213iaFTK1lL._SY300_.jpg", "price": 4.49, "numReviews": 1, "groups": [19], "averageRating": 5.0, "brand": "Leviton"}, {"asin": "B003XKB8NW", "name": "ALMOND SINGLE GANG POLISHED BULK CABLE WALL PLATE (10PK)", "imUrl": "http://ecx.images-amazon.com/images/I/319DsRjyZ3L._SY300_.jpg", "price": 10.0, "numReviews": 1, "groups": [20], "averageRating": 4.0}, {"asin": "B001AV1YM6", "name": "Wall Plate", "imUrl": "http://ecx.images-amazon.com/images/I/31zZoPdo94L._SY300_.jpg", "price": 18.0, "numReviews": 2, "groups": [21], "averageRating": 5.0}, {"asin": "B0002V85MC", "name": "Leviton 41080-2WP Quickport Wallplate, 2-Port; White", "imUrl": "http://ecx.images-amazon.com/images/I/31le3FB2TgL._SY300_.jpg", "price": 3.69, "numReviews": 8, "groups": [22], "averageRating": 4.75, "brand": "Leviton"}, {"asin": "B00B9YH0WM", "name": "7.1/7.2 Home Theater Wallplate", "imUrl": "http://ecx.images-amazon.com/images/I/41nnCZYFlmL._SY300_.jpg", "price": 5.33, "numReviews": 4, "groups": [23], "averageRating": 4.75}, {"asin": "B0007N5M12", "name": "Leviton 40782-CPF QuickPort Compression F-Connector, White", "imUrl": "http://ecx.images-amazon.com/images/I/31JqywbS4iL._SY300_.jpg", "price": 5.47, "numReviews": 1, "groups": [24], "averageRating": 4.0}, {"asin": "B003V0RUXG", "name": "Cmple RCA Wall Plate - Component Video Audio 5-RCA Gold Connector", "imUrl": "http://ecx.images-amazon.com/images/I/312TfA0wyLL._SY300_.jpg", "price": 7.89, "numReviews": 1, "groups": [25], "averageRating": 4.0, "brand": "Cmple"}, {"asin": "B004H67YZC", "name": "(Pack of 10 Plates) Keystone Wall Plate 4 Hole Port - White", "imUrl": "http://ecx.images-amazon.com/images/I/219ew0rPOcL._SX300_.jpg", "price": 5.09, "numReviews": 2, "groups": [26], "averageRating": 5.0}, {"asin": "B0018AAAY2", "name": "Cables Unlimted AUD4920 White HDMI and Component Video Wall Plate (Eggshell White)", "imUrl": "http://ecx.images-amazon.com/images/I/31zAg-I9SuL._SY300_.jpg", "price": 10.67, "numReviews": 12, "groups": [27], "averageRating": 2.6666666666666665}, {"asin": "B001OS8YLE", "name": "Pyle Home PHDMIW2 Dual HDMI Wall Plate 90 Degree Exit Ports", "imUrl": "http://ecx.images-amazon.com/images/I/314pvNfXWGL._SY300_.jpg", "price": 8.75, "numReviews": 5, "groups": [28], "averageRating": 1.8, "brand": "Pyle"}, {"asin": "B003E2WUE0", "name": "HDmi Pigtail Fjack Wall Plate Ivory", "imUrl": "http://ecx.images-amazon.com/images/I/41dqNrnmuJL._SY300_.jpg", "price": 12.99, "numReviews": 6, "groups": [29], "averageRating": 1.5}, {"asin": "B003E2Z060", "name": "Steren 526-111WH Standard HDMI Pigtail + F Jack Wall Plate, White", "imUrl": "http://ecx.images-amazon.com/images/I/31SZ6%2BioLYL._SX300_.jpg", "price": 10.08, "numReviews": 46, "groups": [30], "averageRating": 4.391304347826087, "brand": "Steren"}, {"asin": "B003ZWDUB6", "name": "Cmple Wall Plate - 2-Gang Recessed Low Voltage Cable - White", "imUrl": "http://ecx.images-amazon.com/images/I/311ymw2mGAL._SY300_.jpg", "price": 5.23, "numReviews": 2, "groups": [31], "averageRating": 5.0, "brand": "Cmple"}, {"asin": "B002AQ80CW", "name": "Rapid Link Power Recessed AC Outlet White Wall Plate", "imUrl": "http://ecx.images-amazon.com/images/I/31HocRHasIL._SY300_.jpg", "price": 14.99, "numReviews": 1, "groups": [32], "averageRating": 3.0}, {"asin": "B00379L0AU", "name": "2 PACK! New EZ Install Bulk Cable Pass Through Wall Plate NO Work Box Required! EZ Tabs!", "imUrl": "http://ecx.images-amazon.com/images/I/31Y4EvaazqL._SX300_.jpg", "price": 14.25, "numReviews": 1, "groups": [33], "averageRating": 5.0}, {"asin": "B009NNAX66", "name": "Datacomm 45-0014-WH Gang Cable Plate with Flexible Opening (White) (Discontinued by Manufacturer)", "imUrl": "http://ecx.images-amazon.com/images/I/31AIRGXQNNL._SY300_.jpg", "price": 7.38, "numReviews": 6, "groups": [34], "averageRating": 4.666666666666667, "brand": "Datacomm"}, {"asin": "B00F3UYF5S", "name": "RiteAV - 3 x RCA - 2 X HDMI and 1 x Coax Cable TV Port Wall Plate White", "imUrl": "http://ecx.images-amazon.com/images/I/41RSUM26fSL._SY445_.jpg", "price": 25.49, "numReviews": 2, "groups": [35], "averageRating": 4.5, "salesRankCategory": "Industrial & Scientific", "salesRank": 3691}, {"asin": "B0029LHURE", "name": "Pyle Home PHWP1 Dual Post Binding/Banana Plug Wall Plate (White)", "imUrl": "http://ecx.images-amazon.com/images/I/41MmH7%2BvG1L._SX300_.jpg", "price": 9.32, "numReviews": 4, "groups": [36], "averageRating": 4.5, "brand": "Pyle"}, {"asin": "B0064RCWFY", "name": "SF Cable, RJ45 8P8C Keyed Single Wall Plate with Screw Terminal", "imUrl": "http://ecx.images-amazon.com/images/I/21hozHsS0OL._SY300_.jpg", "price": 4.17, "numReviews": 1, "groups": [37], "averageRating": 5.0}, {"asin": "B00390IT7Y", "name": "DataComm 45-0009-LA Easy Mount Recessed Low Voltage Cable Plate (Slim Fit, Lite Almond)", "imUrl": "http://ecx.images-amazon.com/images/I/41q9s4ryPXL._SY300_.jpg", "price": 5.99, "numReviews": 1, "groups": [38], "averageRating": 5.0}, {"asin": "B003E303VQ", "name": "Steren 526-101WH Standard HDMI Pigtail Wall Plate, White", "imUrl": "http://ecx.images-amazon.com/images/I/31hi1QS3B2L._SY300_.jpg", "price": 6.69, "numReviews": 30, "groups": [39], "averageRating": 4.466666666666667, "brand": "Steren"}, {"asin": "B002AQEACG", "name": "Vanco 120627X Bulk Cable 2 Gang Faceplate", "imUrl": "http://ecx.images-amazon.com/images/I/31trs8FKThL._SY300_.jpg", "price": 3.97, "numReviews": 1, "groups": [40], "averageRating": 5.0, "brand": "Vanco"}, {"asin": "B0002V85MW", "name": "Leviton 41080-4WP QuickPort Wallplate, Single Gang, 4-Port, White", "imUrl": "http://ecx.images-amazon.com/images/I/317qc-Udt%2BL._SY300_.jpg", "price": 3.69, "numReviews": 4, "groups": [41], "averageRating": 4.75, "brand": "Leviton"}, {"asin": "B000EIOONW", "name": "Petra 11-0415 Coaxial Wall Plate (White)", "imUrl": "http://ecx.images-amazon.com/images/I/11NK2jrEAzL.jpg", "price": 5.93, "numReviews": 11, "groups": [42], "averageRating": 4.636363636363637, "brand": "Petra"}, {"asin": "B008PKKDAO", "name": "Blank Insert Module for Keystone Wall Plate, White", "imUrl": "http://ecx.images-amazon.com/images/I/21hkwdKm62L._SY300_.jpg", "price": 5.18, "numReviews": 1, "groups": [43], "averageRating": 5.0}, {"asin": "B00002NAWS", "name": "Leviton C5256-WGO Smooth Flush Mount Wallplate, Provides 75-Ohm Gold Connector For Coaxial Cable Hookup To TV Or VCR, Color White", "imUrl": "http://ecx.images-amazon.com/images/I/31FBP4Kjo6L._SX300_.jpg", "price": 5.7, "numReviews": 6, "groups": [44], "averageRating": 4.5}, {"asin": "B003V0LI6G", "name": "Cmple Speaker Wall Plate High Quality Banana Binding Post For 5 Speaker Decor", "imUrl": "http://ecx.images-amazon.com/images/I/41EHgeHwISL._SY300_.jpg", "price": 12.69, "numReviews": 4, "groups": [45], "averageRating": 4.5, "brand": "Cmple"}, {"asin": "B0069LR09I", "name": "Monoprice Keystone Jack - 3.5mm Stereo, Flush Type (White)", "imUrl": "http://ecx.images-amazon.com/images/I/41y7ymjFYUL._SX300_.jpg", "price": 3.66, "numReviews": 10, "groups": [46], "averageRating": 4.0, "brand": "Monoprice"}, {"asin": "B005PXNCLG", "name": "Single Gang Decora-Style Home Theater Cable Pass Through Brush Wall Plate, Black", "imUrl": "http://ecx.images-amazon.com/images/I/21OSE86hmBL.jpg", "price": 4.99, "numReviews": 2, "groups": [47], "averageRating": 5.0}, {"asin": "B00337QPIS", "name": "ONQ / Legrand F9004BR 5.1 Home Theater Connection Kit, Brown", "imUrl": "http://ecx.images-amazon.com/images/I/51vjBNJGCjL._SY300_.jpg", "price": 28.63, "numReviews": 1, "groups": [48], "averageRating": 5.0}, {"asin": "B00749SU20", "name": "cable Decora Wall Plate Insert with 1 VGA, 3.5mm Stereo and 3 RCA Female Couplers, Red/White/Yellow (845-301-5000)", "imUrl": "http://ecx.images-amazon.com/images/I/31AMRmUB8SL._SY300_.jpg", "price": 9.13, "numReviews": 1, "groups": [49], "averageRating": 1.0, "brand": "cable"}, {"asin": "B00CP8VCC0", "name": "Audiovox VH64R Pass Through Wall Plate", "imUrl": "http://ecx.images-amazon.com/images/I/31hooNLZ10L._SY300_.jpg", "price": 9.39, "numReviews": 2, "groups": [50], "averageRating": 5.0, "brand": "Audiovox"}, {"asin": "B00DDH3X5Q", "name": "RiteAV - Keystone Wall Plate Double Gang 12-Port White (1 Piece Flush)", "imUrl": "http://ecx.images-amazon.com/images/I/41aCtcKPV3L._SY300_.jpg", "price": 6.99, "numReviews": 3, "groups": [1, 51], "averageRating": 4.0}, {"asin": "B002AK4MES", "name": "C2G / Cables to Go 40489 Grommet Single Gang Wall Plate (Aluminum)", "imUrl": "http://ecx.images-amazon.com/images/I/319XvHb2a6L._SY300_.jpg", "price": 10.99, "numReviews": 2, "groups": [52], "averageRating": 4.0, "brand": "C2G"}, {"asin": "B00F3SOHGC", "name": "RiteAV - 2 HDMI and 1 Cat5e White Ethernet Port Wall Plate Decorative", "imUrl": "http://ecx.images-amazon.com/images/I/31Rps1aZ1UL._SX300_.jpg", "price": 19.95, "numReviews": 1, "groups": [53], "averageRating": 5.0}, {"asin": "B0002ZPIJ6", "name": "Six Port Keystone Jack Wall Plate White", "imUrl": "http://ecx.images-amazon.com/images/I/11E8XWTVPML.jpg", "price": 2.98, "numReviews": 5, "groups": [54], "averageRating": 4.8}, {"asin": "B005OCZ1M6", "name": "SF Cable, 1 Port Wall Plate for Keystone WHITE", "imUrl": "http://ecx.images-amazon.com/images/I/31b1DJUaQUL._SY300_.jpg", "price": 0.5, "numReviews": 3, "groups": [55], "averageRating": 4.0, "brand": "SF Cable"}, {"asin": "B003O85B9K", "name": "Leviton 5EA20-S2W QuickPlate, White", "imUrl": "http://ecx.images-amazon.com/images/I/31KnYhbcP6L._SY300_.jpg", "price": 8.99, "numReviews": 28, "groups": [56], "averageRating": 4.571428571428571, "brand": "Leviton"}, {"asin": "B004LGIJFC", "name": "SUTTLE 1 630LCCU-50 Wall Mount DSL Filter", "imUrl": "http://ecx.images-amazon.com/images/I/31Cd%2Bo%2BijaL._SY300_.jpg", "price": 7.44, "numReviews": 48, "groups": [57], "averageRating": 4.125, "brand": "SUTTLE"}, {"asin": "B00DUGTOFI", "name": "AC 110V POWER OUTLET + 2x HDMI + CAT5E + COAX CATV + S-VIDEO + 3 RCA WHITE WALL PLATE", "imUrl": "http://ecx.images-amazon.com/images/I/315ZDSRZU2L._SX300_.jpg", "price": 5.33, "numReviews": 1, "groups": [58], "averageRating": 3.0}, {"asin": "B001AVK6YS", "name": "Home Theater Wall Plate 6.1", "imUrl": "http://ecx.images-amazon.com/images/I/51AcInB5CGL._SY300_.jpg", "price": 3.68, "numReviews": 1, "groups": [59], "averageRating": 5.0}, {"asin": "B0087G58R4", "name": "Monoprice 3-Gang 8.2 Surround Sound Distribution Wall Plate", "imUrl": "http://ecx.images-amazon.com/images/I/41ew2ngXQZL._SX300_.jpg", "price": 17.56, "numReviews": 3, "groups": [60], "averageRating": 5.0, "brand": "Monoprice"}, {"asin": "B003KK64WK", "name": "Pyle Home PHDK6 Wallplate for HDMI + RJ11 + RJ45 + Coaxial + RCA with Back Built-in Flexible Cable For Easy Installation", "imUrl": "http://ecx.images-amazon.com/images/I/417gHLXbkVL._SY300_.jpg", "price": 14.32, "numReviews": 11, "groups": [61], "averageRating": 3.1818181818181817, "brand": "Pyle"}, {"asin": "B004M8RZ2C", "name": "Vanco 120935X Slim Line Single HDMI Pigtail and 3.5 Millimeter Stereo Jack Decor Wall Plate", "imUrl": "http://ecx.images-amazon.com/images/I/411fME%2BFReL._SY300_.jpg", "price": 15.89, "numReviews": 1, "groups": [62], "averageRating": 4.0, "brand": "Vanco"}, {"asin": "B00008KITB", "name": "C2G / Cables to Go 27416 Dual CAT5E RJ45 Configured Wallplate White", "imUrl": "http://ecx.images-amazon.com/images/I/319HPIWcqGL._SY300_.jpg", "price": 2.49, "numReviews": 3, "groups": [63], "averageRating": 2.3333333333333335, "brand": "C2G"}, {"asin": "B003AU13IA", "name": "Leviton 40257-T Telephone Wall Phone Jack, Screw Terminal, Light Almond", "imUrl": "http://ecx.images-amazon.com/images/I/31H6BqC28rL._SY300_.jpg", "price": 6.98, "numReviews": 1, "groups": [64], "averageRating": 5.0, "brand": "Leviton"}, {"asin": "B003E2T0FC", "name": "HDmi Pigtail Wall Plate Ivory", "imUrl": "http://ecx.images-amazon.com/images/I/41BHEyLB8vL._SY300_.jpg", "price": 9.74, "numReviews": 4, "groups": [65], "averageRating": 4.0}, {"asin": "B004M8RZ22", "name": "Vanco 120933X Slim Line Single HDMI Pigtail and RGB Component Video Decor Wall Plate", "imUrl": "http://ecx.images-amazon.com/images/I/41U%2BEGo-PdL._SY300_.jpg", "price": 17.73, "numReviews": 1, "groups": [66], "averageRating": 1.0}, {"asin": "B00292MRJE", "name": "Decorative Style HDMI Faceplate", "imUrl": "http://ecx.images-amazon.com/images/I/31ID8vL6ouL._SY300_.jpg", "price": 9.24, "numReviews": 3, "groups": [67], "averageRating": 4.0}, {"asin": "B003ATMSFI", "name": "Leviton 4108W-SP QuickPort Telephone Wall Jack, Stainless Steel", "imUrl": "http://ecx.images-amazon.com/images/I/31T2A7XzDyL._SY300_.jpg", "price": 12.44, "numReviews": 3, "groups": [68], "averageRating": 4.333333333333333, "brand": "Leviton"}, {"asin": "B003TY0HUC", "name": "Monoprice Easy Mount Low Voltage Cable Recessed Wall Plate, Slim Fit - White", "imUrl": "http://ecx.images-amazon.com/images/I/31PT7eAZTJL._SX300_.jpg", "price": 5.14, "numReviews": 1, "groups": [69], "averageRating": 4.0, "brand": "Monoprice"}, {"asin": "B003I7Z5FW", "name": "Hol-E-Cap Cable and Cord Hole Cover Low Voltage Wall Plate for Drywall - White", "imUrl": "http://ecx.images-amazon.com/images/I/41UxfIxALcL._SX300_.jpg", "price": 5.99, "numReviews": 1, "groups": [70], "averageRating": 4.0}, {"asin": "B004C4ZXPM", "name": "Monoprice 106835 2-Gang Wall Plate for Keystone 8 Hole, White", "imUrl": "http://ecx.images-amazon.com/images/I/31-rxoOhW8L._SX300_.jpg", "price": 3.24, "numReviews": 1, "groups": [71], "averageRating": 1.0, "brand": "Monoprice"}, {"asin": "B000LESXWW", "name": "Leviton 80781-W Standard Video Wall Jack, F Connector, White", "imUrl": "http://ecx.images-amazon.com/images/I/316A1eRDFPL._SY300_.jpg", "price": 1.69, "numReviews": 2, "groups": [72], "averageRating": 5.0, "brand": "Leviton"}, {"asin": "B000U3G37Q", "name": "Leviton 40539-PMW Midsize Telephone Wall Jack, 6P4C, White", "imUrl": "http://ecx.images-amazon.com/images/I/21llv54AAGL._SY300_.jpg", "price": 3.99, "numReviews": 2, "groups": [73], "averageRating": 5.0, "brand": "Leviton"}, {"asin": "B003WV5DOM", "name": "StarTech.com VGAPLATE Single Outlet 15-Pin Female VGA Wall Plate - White", "imUrl": "http://ecx.images-amazon.com/images/I/31WzJt0AGyL._SY300_.jpg", "price": 6.96, "numReviews": 3, "groups": [74], "averageRating": 4.0, "brand": "StarTech"}, {"asin": "B004C4SBQU", "name": "Monoprice 103994 Recessed Low Voltage Cable Wall Plate, 1-Gang, Black (Discontinued by Manufacturer)", "imUrl": "http://ecx.images-amazon.com/images/I/318jNr-y6ZL._SX300_.jpg", "price": 3.82, "numReviews": 2, "groups": [75], "averageRating": 5.0, "brand": "Monoprice"}, {"asin": "B001OS51XS", "name": "Pyle Home PHDMRCF3 HDMI/3 RGB/RCA Component Combo Wall Plate", "imUrl": "http://ecx.images-amazon.com/images/I/41oQAib8tSL._SX300_.jpg", "price": 11.89, "numReviews": 4, "groups": [76], "averageRating": 3.5, "brand": "Pyle"}, {"asin": "B005E2Y596", "name": "Monoprice RJ-11 Toolless Keystone Jack, Ivory (107298)", "imUrl": "http://ecx.images-amazon.com/images/I/41fwHehWViL._SX300_.jpg", "price": 2.99, "numReviews": 1, "groups": [77], "averageRating": 3.0, "brand": "Monoprice"}, {"asin": "B000X0UJSU", "name": "New Dual CAT6 Ethernet Jacks w/ Keystone Wall Plate", "imUrl": "http://ecx.images-amazon.com/images/I/313p%2Bz3BBuL._SY300_.jpg", "price": 7.99, "numReviews": 3, "groups": [78], "averageRating": 4.0}, {"asin": "B002AQ3YVY", "name": "Vanco 120617X Hinged Bulk Cable Wall Plate (Single, White)", "imUrl": "http://ecx.images-amazon.com/images/I/31R4QDbDmGL._SY300_.jpg", "price": 8.5, "numReviews": 6, "groups": [79], "averageRating": 4.833333333333333, "brand": "Vanco"}, {"asin": "B003L191PA", "name": "Monoprice 103539 High Quality Banana Binding Post Two-Piece inset Wall Plate for 5 Speakers", "imUrl": "http://ecx.images-amazon.com/images/I/41Z7%2Bdd%2BLGL._SX300_.jpg", "price": 10.19, "numReviews": 18, "groups": [80], "averageRating": 3.9444444444444446, "brand": "Monoprice"}, {"asin": "B0044ZC2IA", "name": "Sewell Direct SW-29609 7 Speaker, 1 Subwoofer, 1 HDMI Wall Plate, 3-Gang", "imUrl": "http://ecx.images-amazon.com/images/I/4137B6NXd1L._SX300_.jpg", "price": 21.99, "numReviews": 59, "groups": [81], "averageRating": 4.288135593220339, "brand": "Sewell Direct"}, {"asin": "B001PLCEYS", "name": "DataComm 45-0001-BR 1-Gang Recessed Low Voltage Cable Plate (Brown)", "imUrl": "http://ecx.images-amazon.com/images/I/315hPwyfo1L._SY300_.jpg", "price": 5.39, "numReviews": 4, "groups": [82], "averageRating": 4.75}, {"asin": "B0017JYG0I", "name": "Leviton 40701-BW QuickPort Wallplate, Single Gang, 1-Port, White, Bulk Packaged", "imUrl": "http://ecx.images-amazon.com/images/I/21Ijtiz%2BpJL._SY300_.jpg", "price": 20.94, "numReviews": 3, "groups": [83], "averageRating": 2.6666666666666665, "brand": "Leviton"}, {"asin": "B005AMLDRW", "name": "Vanco 820102 2 Socket Keystone Faceplate", "imUrl": "http://ecx.images-amazon.com/images/I/31fewwqSf1L._SY300_.jpg", "price": 4.84, "numReviews": 1, "groups": [84], "averageRating": 5.0, "brand": "Vanco"}, {"asin": "B0018A7GU8", "name": "Cables Unlimted AUD4900 White Single HDMI Wall Plate", "imUrl": "http://ecx.images-amazon.com/images/I/31zZBx6ZZkL._SY300_.jpg", "price": 6.95, "numReviews": 4, "groups": [85], "averageRating": 2.25}, {"asin": "B001OSCE4W", "name": "Pyle Home PHDMIW1 Single HDMI Wall Plate 90 Degree Exit Port", "imUrl": "http://ecx.images-amazon.com/images/I/41H0XLCdoUL._SX300_.jpg", "price": 5.45, "numReviews": 8, "groups": [86], "averageRating": 3.375, "brand": "Pyle"}, {"asin": "B002CSQN90", "name": "C2G / Cables to Go 40509 Double Gang HD15 Keystone Wall Plate (Aluminum)", "imUrl": "http://ecx.images-amazon.com/images/I/414OPq%2BzudL._SY300_.jpg", "price": 58.87, "numReviews": 1, "groups": [87], "averageRating": 4.0, "brand": "C2G"}, {"asin": "B000EA1M3U", "name": "4 Socket Keystone Faceplate", "imUrl": "http://ecx.images-amazon.com/images/I/211f9OPq6oL._SY300_.jpg", "price": 0.77, "numReviews": 1, "groups": [88], "averageRating": 5.0}, {"asin": "B002ISX9M8", "name": "Datacomm 45-0020-WH Recessed Commercial Grade Low Voltage Cable Plate with 20 Amp Recessed Power (White)", "imUrl": "http://ecx.images-amazon.com/images/I/41jrSSKUteL._SY300_.jpg", "price": 18.33, "numReviews": 3, "groups": [89], "averageRating": 3.0}, {"asin": "B0047ZFHCA", "name": "Icarus Keystone Style Wall Plate - 2 Ports", "imUrl": "http://ecx.images-amazon.com/images/I/21y1qt98eyL._SY300_.jpg", "price": 3.09, "numReviews": 87, "groups": [90], "averageRating": 4.609195402298851, "brand": "Icarus"}, {"asin": "B00B1X0UXM", "name": "Fosmon Gold Plated HDMI Pigtail + F Connector Coaxial Combo Wall Plate Face Cover for Home Theater DVD Cable Satellite TV PS3 HDTV - White", "imUrl": "http://ecx.images-amazon.com/images/I/31nsTlR779L._SY300_.jpg", "price": 4.99, "numReviews": 5, "groups": [30, 91], "averageRating": 4.0}, {"asin": "B0032FXOBC", "name": "OnQ / Legrand WP3212WH 2Gang, 12Port Wall Plate, White", "imUrl": "http://ecx.images-amazon.com/images/I/41x2fzYhELL._SY300_.jpg", "price": 3.99, "numReviews": 13, "groups": [51], "averageRating": 4.6923076923076925}, {"asin": "B004ULQKUE", "name": "Vanco WP593X Digital 3 Gigahertz Video Coax Wall Plate (Pack of 10) (Discontinued by Manufacturer)", "imUrl": "http://ecx.images-amazon.com/images/I/31D4EvmQvKL._SY300_.jpg", "price": 1.99, "numReviews": 1, "groups": [92], "averageRating": 5.0}, {"asin": "B0018CEU96", "name": "Monoprice 106557 Keystone Jack-S-Video Mini 4Pin F/F, White", "imUrl": "http://ecx.images-amazon.com/images/I/41IhlPBB%2BbL._SX300_.jpg", "price": 2.92, "numReviews": 1, "groups": [93], "averageRating": 5.0, "brand": "Monoprice"}, {"asin": "B003GALR0I", "name": "Pyle Home PHDMRB2 Dual HDMI Right Angle Jack Combination Audio Video Wall Plate (Black)", "imUrl": "http://ecx.images-amazon.com/images/I/410zJsgoI2L._SY300_.jpg", "price": 12.17, "numReviews": 3, "groups": [94], "averageRating": 2.6666666666666665, "brand": "Pyle"}, {"asin": "B000U3G236", "name": "Leviton 41091-6WN QuickPort Midsize Wallplate, Single Gang, 6-Port, White", "imUrl": "http://ecx.images-amazon.com/images/I/316ebH7nYNL._SY300_.jpg", "price": 6.29, "numReviews": 3, "groups": [95], "averageRating": 5.0, "brand": "Leviton"}, {"asin": "B0014KOI6M", "name": "Axis PET0493 HDMI/Coax Wall Plate, White", "imUrl": "http://ecx.images-amazon.com/images/I/41y%2BymlWPFL._SY300_.jpg", "price": 8.22, "numReviews": 18, "groups": [96], "averageRating": 3.1666666666666665, "brand": "Axis"}, {"asin": "B001FDS2ME", "name": "VANCO WPBWWX Single Gang Cable Wall Plate (White)", "imUrl": "http://ecx.images-amazon.com/images/I/31KDYtDh%2BEL._SY300_.jpg", "price": 4.72, "numReviews": 1, "groups": [97], "averageRating": 4.0}, {"asin": "B001W320OI", "name": "Datacomm 45-0070 7.2 Surround Sound 2-Gang Plate (White)", "imUrl": "http://ecx.images-amazon.com/images/I/51jKBZbDnKL._SY300_.jpg", "price": 39.76, "numReviews": 2, "groups": [98], "averageRating": 3.0}, {"asin": "B003B8V25A", "name": "Leviton 45080-6WP QuickPort Wallplate, Single Gang, 6-Port, White, NAFTA Compliant", "imUrl": "http://ecx.images-amazon.com/images/I/31RJztS4vaL._SY300_.jpg", "price": 6.19, "numReviews": 1, "groups": [99], "averageRating": 4.0}, {"asin": "B003N7NTX2", "name": "Datacomm 45-0060 5.1 Surround Sound 2-Gang Plate (White)", "imUrl": "http://ecx.images-amazon.com/images/I/41ShQAERV9L._SX300_.jpg", "price": 9.86, "numReviews": 57, "groups": [100], "averageRating": 4.456140350877193}, {"asin": "B0060YE2TU", "name": "5.1/5.2 6.1/6.2 7.1/7.2 White Speaker Wall Plate 2-Gang With Subwoofer RCA and/or Coax Cable Input - Spade, Banana, Wire Binding Post Terminals - Home Theater - Plus 2 Bonus Adapters FREE", "imUrl": "http://ecx.images-amazon.com/images/I/41VovDLuwML._SY300_.jpg", "price": 23.88, "numReviews": 3, "groups": [101], "averageRating": 5.0}, {"asin": "B001PLCKUG", "name": "DataComm 45-0001-LA 1-Gang Recessed Low Voltage Cable Plate (Lite Almond)", "imUrl": "http://ecx.images-amazon.com/images/I/319FetaNwmL._SY300_.jpg", "price": 4.99, "numReviews": 22, "groups": [102], "averageRating": 4.590909090909091}, {"asin": "B0047ZFH0W", "name": "Icarus Blank Keystone Inserts - White", "imUrl": "http://ecx.images-amazon.com/images/I/31OWptXE9rL._SX300_.jpg", "price": 3.32, "numReviews": 2, "groups": [103], "averageRating": 1.5, "brand": "Icarus"}, {"asin": "B005OD90FO", "name": "SF Cable, 4 Port Wall Plate for Keystone WHITE", "imUrl": "http://ecx.images-amazon.com/images/I/310kE66QwmL._SY300_.jpg", "price": 0.5, "numReviews": 2, "groups": [104], "averageRating": 5.0, "brand": "SF Cable"}, {"asin": "B004C4U8IE", "name": "Monoprice 106837 2-Gang Wall Plate for Keystone 12 Hole, White", "imUrl": "http://ecx.images-amazon.com/images/I/31kNxKJaI4L._SX300_.jpg", "price": 3.24, "numReviews": 2, "groups": [105], "averageRating": 2.5, "brand": "Monoprice"}, {"asin": "B0039UUM5Q", "name": "Leviton C0256-SS Telephone Wall Phone Wallplate Surface Mount Jack", "imUrl": "http://ecx.images-amazon.com/images/I/51py-IaV52L._SX300_.jpg", "price": 9.29, "numReviews": 40, "groups": [57], "averageRating": 4.25, "brand": "Leviton"}, {"asin": "B003FMVQ7Q", "name": "Arlington CER2BL-1 Cable Wall Plate with Removable Lower Plate, 2-Gang, Black", "imUrl": "http://ecx.images-amazon.com/images/I/31IigordavL._SX300_.jpg", "price": 2.27, "numReviews": 3, "groups": [106], "averageRating": 5.0}, {"asin": "B005ZAO9PC", "name": "Leviton 40834-W Feed Through, QuickPort HDMI Connector, White", "imUrl": "http://ecx.images-amazon.com/images/I/31bToAX8jWL._SX300_.jpg", "price": 13.77, "numReviews": 24, "groups": [107], "averageRating": 4.375, "brand": "Leviton"}, {"asin": "B0039L3P86", "name": "HDMI Keystone Coupler, Snap-in for Wallplate, White", "imUrl": "http://ecx.images-amazon.com/images/I/41RGdt5AmSL._SY300_.jpg", "price": 1.3, "numReviews": 46, "groups": [107, 108], "averageRating": 4.543478260869565}, {"asin": "B0047ZFHBG", "name": "Icarus Keystone Style Wall Plate - 1 Port", "imUrl": "http://ecx.images-amazon.com/images/I/21E9TeeY1kL._SY300_.jpg", "price": 3.19, "numReviews": 88, "groups": [109], "averageRating": 4.590909090909091, "brand": "Icarus"}, {"asin": "B00AZON36O", "name": "Stainless Steel Wall Plate with One HDMI Female Connector: 75-677", "imUrl": "http://ecx.images-amazon.com/images/I/11-SoO9UY5L.jpg", "price": 15.94, "numReviews": 3, "groups": [110], "averageRating": 3.6666666666666665}, {"asin": "B003JUFXBY", "name": "OnQ / Legrand WP3402WH25 1Gang, 2Port Wall Plate (25 pack), White", "imUrl": "http://ecx.images-amazon.com/images/I/213mxnb84QL._SY300_.jpg", "price": 21.08, "numReviews": 6, "groups": [111], "averageRating": 4.833333333333333}, {"asin": "B00002NAYS", "name": "Leviton Combination Phone/Coax Wallplate", "imUrl": "http://ecx.images-amazon.com/images/I/31JCD8NP3RL._SY300_.jpg", "price": 0.99, "numReviews": 5, "groups": [112], "averageRating": 2.0, "brand": "Leviton"}, {"asin": "B004ZJDNQ0", "name": "CARLON THOMAS & BETTS SC300PRB RDV 3 GANG OLD WORK PLATE", "imUrl": "http://ecx.images-amazon.com/images/I/41AxCeT5L8L._SX300_.jpg", "price": 18.47, "numReviews": 1, "groups": [113], "averageRating": 5.0}, {"asin": "B00DF7PKX2", "name": "GE 40655 HDMI/Coax Wall Plate -White", "imUrl": "http://ecx.images-amazon.com/images/I/21Y0VoDNY1L.jpg", "price": 1.99, "numReviews": 9, "groups": [30, 91], "averageRating": 5.0}, {"asin": "B0047ZFKP4", "name": "Icarus IHT-BULKSGLW Cable Port - Bulk", "imUrl": "http://ecx.images-amazon.com/images/I/31c12TxmcfL._SY300_.jpg", "price": 6.49, "numReviews": 15, "groups": [114], "averageRating": 4.0, "brand": "Icarus"}, {"asin": "B000RLB7RM", "name": "3 Speaker Wall Plate With Gold Plated Binding Posts", "imUrl": "http://ecx.images-amazon.com/images/I/41fQEbbz96L._SY300_.jpg", "price": 4.97, "numReviews": 1, "groups": [115], "averageRating": 5.0}, {"asin": "B006J4I9QI", "name": "Allen Tel CT103-15 Plastic Flush Wall Plate with Single Gang, 1 Port with 3/8-Inch Hole for An F-81 Connector, White", "imUrl": "http://ecx.images-amazon.com/images/I/21cB6YMEcJL._SY300_.jpg", "price": 7.04, "numReviews": 1, "groups": [116], "averageRating": 4.0}, {"asin": "B0031QNHKA", "name": "Menotek HDMI Wall Plate Single Port White", "imUrl": "http://ecx.images-amazon.com/images/I/411pM5K02KL._SY300_.jpg", "price": 6.86, "numReviews": 8, "groups": [117], "averageRating": 3.0}, {"asin": "B000VL4WDY", "name": "Atlona AT80100 Wall Plate for 5 Speakers", "imUrl": "http://ecx.images-amazon.com/images/I/812awMUJi0L._SY300_.gif", "price": 10.95, "numReviews": 1, "groups": [118], "averageRating": 5.0}, {"asin": "B004M8RZ3Q", "name": "Vanco 281203X S-VGA Wall Plate Insert with Dual Keystone Openings (White)", "imUrl": "http://ecx.images-amazon.com/images/I/311luOnnJcL._SY300_.jpg", "price": 21.95, "numReviews": 1, "groups": [119], "averageRating": 5.0, "brand": "Vanco"}, {"asin": "B009NNAXAC", "name": "Datacomm Electronics DCM450015WH 2-Gang Cable Plate with Flexible Opening, White", "imUrl": "http://ecx.images-amazon.com/images/I/31sDP0UCCFL._SY300_.jpg", "price": 8.82, "numReviews": 1, "groups": [120], "averageRating": 5.0, "brand": "Datacomm Electronics"}, {"asin": "B00D8XY44Y", "name": "Philmore Single Gang Stainless Steel Wall Plate with Single HD15 (VGA) Jack; 75-1007", "imUrl": "http://ecx.images-amazon.com/images/I/41SG54WFgoL._SY300_.jpg", "price": 29.99, "numReviews": 1, "groups": [121], "averageRating": 5.0, "brand": "Philmore"}, {"asin": "B001P8BUZK", "name": "Vanco 281212X S-VGA and 3.5 Millimeter Stereo Jack Decor Wall Plate (White)", "imUrl": "http://ecx.images-amazon.com/images/I/31xckbk9AAL._SY300_.jpg", "price": 15.78, "numReviews": 2, "groups": [122], "averageRating": 5.0, "brand": "Vanco"}, {"asin": "B003R73MPI", "name": "Monoprice Two-Piece Inset Wall Plate with 4 Inch Built-in Flexible High Speed HDMI Cable With Ethernet - Dual Port (2P)", "imUrl": "http://ecx.images-amazon.com/images/I/31O7QiT%2BkRL._SX300_.jpg", "price": 6.39, "numReviews": 34, "groups": [123, 124], "averageRating": 4.088235294117647, "brand": "Monoprice"}, {"asin": "B000U3I4NM", "name": "Leviton 40914-I Telephone Wall Phone Jack, 6P4C, Screw Terminal, Ivory", "imUrl": "http://ecx.images-amazon.com/images/I/31jcSx6EesL._SY300_.jpg", "price": 4.29, "numReviews": 1, "groups": [125], "averageRating": 5.0, "brand": "Leviton"}, {"asin": "B006G1AO3K", "name": "Vanco 120818X Bulk Decor Style Brush Wall Plate", "imUrl": "http://ecx.images-amazon.com/images/I/31K1Ui3CvYL._SY300_.jpg", "price": 7.96, "numReviews": 7, "groups": [126], "averageRating": 4.857142857142857, "brand": "Vanco"}, {"asin": "B003CE09JI", "name": "Ivory Dual CAT6 Ethernet Jacks Keystone Wall Plate", "imUrl": "http://ecx.images-amazon.com/images/I/31pE9HQZpaL._SY300_.jpg", "price": 6.99, "numReviews": 1, "groups": [127], "averageRating": 4.0}, {"asin": "B003KK64WA", "name": "Pyle Home PHDK1 Dual HDMI + 2 RCA + 3 RCA Wall Plate with Pigtail Back Plug for Easy Installation", "imUrl": "http://ecx.images-amazon.com/images/I/41cmlImRH-L._SY300_.jpg", "price": 16.49, "numReviews": 5, "groups": [128], "averageRating": 3.2, "brand": "Pyle"}, {"asin": "B0027I2F7E", "name": "Cables to Go 42334 RapidRun HD15 Wall Plate (White) (Discontinued by Manufacturer)", "imUrl": "http://ecx.images-amazon.com/images/I/41Q5vWGEl0L._SY300_.jpg", "price": 37.99, "numReviews": 2, "groups": [129], "averageRating": 5.0}, {"asin": "B0047ZFGRQ", "name": "Icarus 7.2 Home Theater Surround Sound Connection Wall Plate", "imUrl": "http://ecx.images-amazon.com/images/I/41BuoOuXNdL._SX300_.jpg", "price": 32.32, "numReviews": 1, "groups": [130], "averageRating": 4.0, "brand": "Icarus"}, {"asin": "B001OS8YLY", "name": "Pyle Home PHDMRCF1 HDMI/Mono RCA Audio Combo Wall Plate", "imUrl": "http://ecx.images-amazon.com/images/I/41a-GfBbKvL._SX300_.jpg", "price": 8.0, "numReviews": 1, "groups": [131], "averageRating": 2.0}, {"asin": "B000LDFR8Q", "name": "Leviton 41106-RW6 Voice Grade QuickPort Connector, White", "imUrl": "http://ecx.images-amazon.com/images/I/31UZ5ZxJfIL._SX300_.jpg", "price": 2.54, "numReviews": 16, "groups": [132], "averageRating": 4.6875, "brand": "Leviton"}, {"asin": "B001NPHTTG", "name": "Wired Home KMDCK9 Keystone Module RJ45 CAT 6 Coupler White", "imUrl": "http://ecx.images-amazon.com/images/I/31AmwPxlZeL._SY300_.jpg", "price": 4.33, "numReviews": 2, "groups": [133], "averageRating": 4.5}, {"asin": "B0057UKYZE", "name": "Cmple - VGA 15pin female / 3.5mm Audio jack Wall Plate (Gold Plated)", "imUrl": "http://ecx.images-amazon.com/images/I/21Kpj01vc-L._SY300_.jpg", "price": 9.09, "numReviews": 1, "groups": [134], "averageRating": 5.0, "brand": "Cmple"}, {"asin": "B003G7VHBA", "name": "Vanco HTWP72 7.2 Home Theater Connection Wall Plate", "imUrl": "http://ecx.images-amazon.com/images/I/41boYIt3IfL._SY300_.jpg", "price": 51.64, "numReviews": 3, "groups": [135], "averageRating": 5.0, "brand": "Vanco"}, {"asin": "B007GEU83C", "name": "Arlington Reversible 2-Piece Low-Voltage Cable Access Plate, 1-Gang, White", "imUrl": "http://ecx.images-amazon.com/images/I/313watN%2BBQL._SY300_.jpg", "price": 3.25, "numReviews": 1, "groups": [136], "averageRating": 5.0}, {"asin": "B001OS51X8", "name": "Pyle Home PHDM2RJRF1 HDMI/Mono RCA Audio/Coaxial/Dual Ethernet Combo Wall Plate", "imUrl": "http://ecx.images-amazon.com/images/I/41uxEKTFqCL._SX300_.jpg", "price": 12.09, "numReviews": 55, "groups": [137], "averageRating": 3.2545454545454544, "brand": "Pyle"}, {"asin": "B001C484LA", "name": "Datacomm 45-0069 7.1 Surround Sound 3-Gang Plate (White) (Discontinued by Manufacturer)", "imUrl": "http://ecx.images-amazon.com/images/I/41F6xbbkLiL._SX300_.jpg", "price": 17.23, "numReviews": 24, "groups": [138], "averageRating": 4.791666666666667}, {"asin": "B001OSCE5G", "name": "Pyle Home PHDMRCF2 HDMI/Stereo (Dual) RCA Audio Combo Wall Plate", "imUrl": "http://ecx.images-amazon.com/images/I/41S4EnzT15L._SX300_.jpg", "price": 7.5, "numReviews": 2, "groups": [139], "averageRating": 1.0}, {"asin": "B001QXXM28", "name": "Vanco 120920X HDMI Wall Plate with Component Video Cable", "imUrl": "http://ecx.images-amazon.com/images/I/31X9ST6nJxL._SY300_.jpg", "price": 26.45, "numReviews": 2, "groups": [140], "averageRating": 4.5, "brand": "Vanco"}, {"asin": "B002OY9QKU", "name": "High Quality Banana Binding Post Two-Piece Inset Wall Plate for 5 Speakers - Coupler Type", "imUrl": "http://ecx.images-amazon.com/images/I/418GRqLcxCL._SY300_.jpg", "price": 14.56, "numReviews": 4, "groups": [141], "averageRating": 4.5}, {"asin": "B003JUFRA6", "name": "OnQ / Legrand WP3212LA 2Gang, 12Port Wall Plate, Light Almond", "imUrl": "http://ecx.images-amazon.com/images/I/41sbFTEd0xL._SY300_.jpg", "price": 3.68, "numReviews": 3, "groups": [142], "averageRating": 4.0}, {"asin": "B0047ZFHDY", "name": "Icarus Keystone Style Wall Plate - 4 Ports", "imUrl": "http://ecx.images-amazon.com/images/I/21XrfIda2FL._SY300_.jpg", "price": 3.09, "numReviews": 87, "groups": [143], "averageRating": 4.609195402298851, "brand": "Icarus"}, {"asin": "B007MD7AWE", "name": "Sewell 6 Speaker, 1 Subwoofer, 2 Hdmi Wall Plate, 3-gang", "imUrl": "http://ecx.images-amazon.com/images/I/415OfEnwsIL._SY300_.jpg", "price": 19.69, "numReviews": 8, "groups": [144], "averageRating": 4.375}, {"asin": "B0006MWPSM", "name": "HDMI Wall Plate", "imUrl": "http://ecx.images-amazon.com/images/I/31Lj%2BX5yzkL._SY300_.jpg", "price": 8.99, "numReviews": 13, "groups": [145], "averageRating": 4.230769230769231}, {"asin": "B002I6Q0IU", "name": "HDMI Wall Plate with Component Video Digital and Analog Audio A1258", "imUrl": "http://ecx.images-amazon.com/images/I/31%2BuGu%2BxA2L._SX300_.jpg", "price": 15.0, "numReviews": 9, "groups": [146], "averageRating": 4.777777777777778}, {"asin": "B0032FO27C", "name": "On-Q / Legrand WP1011-WH-V1 Pre-Configured HDMI 2-Port Strap, White", "imUrl": "http://ecx.images-amazon.com/images/I/31w5W7ul1EL._SY300_.jpg", "price": 19.97, "numReviews": 1, "groups": [147], "averageRating": 4.0, "brand": "Legrand"}, {"asin": "B003ATQCPA", "name": "Leviton 41081-2WP Angled QuickPort Wallplate 2-Port, Single Gang, White", "imUrl": "http://ecx.images-amazon.com/images/I/21kuKraPpHL._SY300_.jpg", "price": 21.09, "numReviews": 2, "groups": [148], "averageRating": 5.0, "brand": "Leviton"}, {"asin": "B00BPXDR92", "name": "Arlington CE1RP Larger Cable Entry Bracket w/ Slotted Cover", "imUrl": "http://ecx.images-amazon.com/images/I/31RizcMW8SL._SY300_.jpg", "price": 4.75, "numReviews": 1, "groups": [149], "averageRating": 5.0}, {"asin": "B003VRRGY2", "name": "VGA Wall Plate - 1 Port (Gold Plated)", "imUrl": "http://ecx.images-amazon.com/images/I/31ouR142IKL._SY300_.jpg", "price": 4.81, "numReviews": 7, "groups": [74], "averageRating": 4.428571428571429}, {"asin": "B0015MNNAQ", "name": "Mounting Bracket, Low Voltage, 3 Gang", "imUrl": "http://ecx.images-amazon.com/images/I/41CvOJgBOTL._SY300_.jpg", "price": 7.59, "numReviews": 31, "groups": [150], "averageRating": 4.741935483870968}, {"asin": "B004Q7F030", "name": "Datacomm 45-0041-WH Recessed Low Voltage Media Plate with Duplex Surge Suppressor, White", "imUrl": "http://ecx.images-amazon.com/images/I/415rsZ6%2BJAL._SY300_.jpg", "price": 49.0, "numReviews": 20, "groups": [151], "averageRating": 4.35, "brand": "Datacomm"}, {"asin": "B00B70IG58", "name": "Datacomm Electronics 45-0002-Wh White 2 Gang Recessed", "imUrl": "http://ecx.images-amazon.com/images/I/31BPDA3B%2BzL._SY300_.jpg", "price": 8.92, "numReviews": 1, "groups": [152], "averageRating": 5.0}, {"asin": "B0064RCWPO", "name": "SF Cable, RJ45 8P8C Keyed Double Wall Plate with Screw Terminal", "imUrl": "http://ecx.images-amazon.com/images/I/21Jmz0sC-KL._SY300_.jpg", "price": 1.1, "numReviews": 2, "groups": [153], "averageRating": 5.0}, {"asin": "B001TCBIV8", "name": "Midlite 1Gbk-Gr1 Single Gang Wireport With Grommet (Black)", "imUrl": "http://ecx.images-amazon.com/images/I/41VKbsgkdnL._SY300_.jpg", "price": 5.16, "numReviews": 6, "groups": [154], "averageRating": 4.333333333333333, "brand": "Midlite"}, {"asin": "B001OSA9LC", "name": "Pyle Home PHRCA2 Dual Stereo RCA Wall Plate", "imUrl": "http://ecx.images-amazon.com/images/I/31mthaQE3TL._SY300_.jpg", "price": 12.52, "numReviews": 10, "groups": [155], "averageRating": 4.6, "brand": "Pyle"}, {"asin": "B004KRTFZU", "name": "Vanco 120932X 2 Sockets Slim Line Audio/Video Faceplate", "imUrl": "http://ecx.images-amazon.com/images/I/41grlOQcvYL._SY300_.jpg", "price": 16.98, "numReviews": 1, "groups": [156], "averageRating": 5.0, "brand": "Vanco"}, {"asin": "B00852KHZI", "name": "BattleBorn GC-WPJ-88T - DS 4 Port Keystone Wall Plate (WHITE)", "imUrl": "http://ecx.images-amazon.com/images/I/21uejfJecyL._SY300_.jpg", "price": 0.99, "numReviews": 1, "groups": [157], "averageRating": 5.0}, {"asin": "B003ANTXK2", "name": "GE 87688 HDMI and Coax Cable Wall Plate", "imUrl": "http://ecx.images-amazon.com/images/I/31RmTU9fCZL._SY300_.jpg", "price": 6.25, "numReviews": 5, "groups": [91], "averageRating": 3.2, "brand": "GE"}, {"asin": "B000U0S1ZQ", "name": "Petra PET0463 Single HDMI Wall Plate (White)", "imUrl": "http://ecx.images-amazon.com/images/I/314jtJdNKNL._SY300_.jpg", "price": 17.27, "numReviews": 18, "groups": [158], "averageRating": 2.7777777777777777, "brand": "Petra"}, {"asin": "B003O85BC2", "name": "Leviton 5EA20-S4T QuickPlate, Light Almond", "imUrl": "http://ecx.images-amazon.com/images/I/31Q55EZa%2BtL._SY300_.jpg", "price": 13.84, "numReviews": 1, "groups": [159], "averageRating": 5.0}, {"asin": "B008LUWHA2", "name": "ONQ / Legrand F3402WHV5 2Port Wall Plate, White, 5Pack", "imUrl": "http://ecx.images-amazon.com/images/I/319YurYSfqL._SY300_.jpg", "price": 6.49, "numReviews": 1, "groups": [160], "averageRating": 5.0}, {"asin": "B002OFWQ24", "name": "HDMI Snap-in Coupler Keystone for Wallplate", "imUrl": "http://ecx.images-amazon.com/images/I/31SRtUmydNL.jpg", "price": 1.18, "numReviews": 52, "groups": [108], "averageRating": 4.346153846153846}, {"asin": "B0031QV2SO", "name": "Menotek HDMI Wall Plate With Single HDMI Port and Component Jack White", "imUrl": "http://ecx.images-amazon.com/images/I/31Xm9stD50L._SY300_.jpg", "price": 3.5, "numReviews": 2, "groups": [161], "averageRating": 3.5}, {"asin": "B003ATKHW4", "name": "Leviton 40833-W QuickPort Snap-In Binding Post, Pair - White", "imUrl": "http://ecx.images-amazon.com/images/I/41GdUWtx0zL._SX300_.jpg", "price": 10.8, "numReviews": 9, "groups": [162], "averageRating": 4.444444444444445, "brand": "Leviton"}, {"asin": "B00B1W96GA", "name": "Fosmon Dual Gold Plated HDMI Pigtails Wall Plate Face Cover for Home Theater DVD Cable Satellite TV PS3 HDTV - White", "imUrl": "http://ecx.images-amazon.com/images/I/317i3pUMN0L._SY300_.jpg", "price": 8.99, "numReviews": 15, "groups": [123], "averageRating": 4.333333333333333}, {"asin": "B005O3WE8Y", "name": "7.2 / 7.1 IVORY Speaker Wall Plate with Bulk Recessed Cable Pass Through - Spade, Banana, Wire Binding Post Terminals - 3-Gang - 2 Bonus Adapters Included!", "imUrl": "http://ecx.images-amazon.com/images/I/31ROIfQHF3L.jpg", "price": 19.95, "numReviews": 2, "groups": [163], "averageRating": 5.0}, {"asin": "B008PF9454", "name": "GE 40659 HDMI Wall Plate - White", "imUrl": "http://ecx.images-amazon.com/images/I/21G1NO3GBdL.jpg", "price": 5.79, "numReviews": 10, "groups": [39, 124], "averageRating": 3.9, "brand": "GE"}, {"asin": "B000PH079M", "name": "Wired Home WPI-7.1 7.1 Channel Home Theater Speaker Wall Plate", "imUrl": "http://ecx.images-amazon.com/images/I/41TM7Nq%2BD5L._SY300_.jpg", "price": 34.9, "numReviews": 8, "groups": [164], "averageRating": 3.875}, {"asin": "B0002V85LS", "name": "Leviton 40215-W Out-of-Site Power Jack, Cordless Telephone Wall Phone Wallplate Surface Mount, 6P4C Jack, White", "imUrl": "http://ecx.images-amazon.com/images/I/41nKfc1qlOL._SX300_.jpg", "price": 9.29, "numReviews": 13, "groups": [165], "averageRating": 3.3846153846153846}, {"asin": "B002JIEPNY", "name": "Monoprice 104569 VGA Stereo Audio Wall Plate, 3.5mm, Gold Plated", "imUrl": "http://ecx.images-amazon.com/images/I/31T0IKR%2BqXL._SX300_.jpg", "price": 5.2, "numReviews": 23, "groups": [166], "averageRating": 4.260869565217392, "brand": "Monoprice"}, {"asin": "B0069MB6A6", "name": "Monoprice 106707 7.2 Surround Sound Distribution Wall Plate, 2-Gang", "imUrl": "http://ecx.images-amazon.com/images/I/41TUEks2yBL._SX300_.jpg", "price": 20.94, "numReviews": 4, "groups": [167], "averageRating": 3.5, "brand": "Monoprice"}, {"asin": "B00DZOX8T8", "name": "RiteAV - 4 Port Hdmi Keystone Wallplate (White)", "imUrl": "http://ecx.images-amazon.com/images/I/31z1Y9udUXL._SY300_.jpg", "price": 23.95, "numReviews": 3, "groups": [168], "averageRating": 5.0}, {"asin": "B00009W3AD", "name": "LEVITON 41080-6W 6-Port QuickPort Flush Mount Wallplate in White", "imUrl": "http://ecx.images-amazon.com/images/I/31yDZmRKPlL._SY300_.jpg", "price": 3.75, "numReviews": 1, "groups": [95], "averageRating": 5.0}, {"asin": "B002TV3IU2", "name": "Vanco 120616X Hinged Bulk Cable Wall Plate (Single, Ivory)", "imUrl": "http://ecx.images-amazon.com/images/I/31iYdrJlS%2BL._SX300_.jpg", "price": 4.05, "numReviews": 1, "groups": [169], "averageRating": 5.0, "brand": "Vanco"}, {"asin": "B009GUT2OK", "name": "Monoprice 108008 HDMI Over CAT5E/CAT6 Extender Wall Plate (Pair) with Built-In Backward IR Channel-Single-Port (1P), White", "imUrl": "http://ecx.images-amazon.com/images/I/41wqEolSjJL._SX300_.jpg", "price": 37.79, "numReviews": 18, "groups": [170], "averageRating": 2.7777777777777777, "brand": "Monoprice"}, {"asin": "B00009W3F0", "name": "RCA VH61 Coaxial Single Wall Plate (White) (Discontinued by Manufacturer)", "imUrl": "http://ecx.images-amazon.com/images/I/41f5MXZrZjL._SY300_.jpg", "price": 2.53, "numReviews": 1, "groups": [171], "averageRating": 5.0, "brand": "RCA"}, {"asin": "B0017W1LN0", "name": "HDMI Dual Outlet Wall Plate - Nothing else to buy", "imUrl": "http://ecx.images-amazon.com/images/I/41eyRnOrXIL._SX300_.jpg", "price": 18.0, "numReviews": 1, "groups": [172], "averageRating": 1.0}, {"asin": "B00AWBR1J0", "name": "Skywalker Model Adcwp6w 6 Port Keystone Decora Style Insert Strap, White", "imUrl": "http://ecx.images-amazon.com/images/I/21ooIUVHg%2BL.jpg", "price": 7.15, "numReviews": 1, "groups": [173], "averageRating": 2.0}, {"asin": "B00193U3O0", "name": "DataComm 45-0001-WH 1-Gang Recessed Low Voltage Cable Plate (White)", "imUrl": "http://ecx.images-amazon.com/images/I/31ataYphofL._SY300_.jpg", "price": 4.72, "numReviews": 396, "groups": [174], "averageRating": 4.616161616161616}, {"asin": "B00390BDKE", "name": "Datacomm Electronics DCM450008BK Easy-Mount Recessed Low-VoltaCable Plate, Black", "imUrl": "http://ecx.images-amazon.com/images/I/4195RPQ7ZTL._SY300_.jpg", "price": 4.44, "numReviews": 3, "groups": [175], "averageRating": 4.666666666666667, "brand": "Datacomm Electronics"}, {"asin": "B009RS8QBG", "name": "Cmple - Cable Plate with Flexible Opening, 1 Gang - White", "imUrl": "http://ecx.images-amazon.com/images/I/31W2K54gScL._SY300_.jpg", "price": 6.17, "numReviews": 1, "groups": [176], "averageRating": 4.0, "brand": "Cmple"}, {"asin": "B004WJU6QI", "name": "Menotek HDMI/Mono RCA Audio/Coaxial/Dual Ethernet Combo Wall Plate", "imUrl": "http://ecx.images-amazon.com/images/I/31fNApWQSxL.jpg", "price": 8.99, "numReviews": 5, "groups": [177], "averageRating": 3.6}, {"asin": "B001PL4JDW", "name": "DataComm 45-0002-LA 2-Gang Recessed Low Voltage Cable Plate (Lite Almond)", "imUrl": "http://ecx.images-amazon.com/images/I/31MA7sh%2BugL._SY300_.jpg", "price": 4.54, "numReviews": 12, "groups": [178], "averageRating": 4.333333333333333}, {"asin": "B004C4U2O4", "name": "Monoprice Easy Mount Low Voltage Cable Recessed Wall Plate - Lite Almond", "imUrl": "http://ecx.images-amazon.com/images/I/31m7v7ircxL._SX300_.jpg", "price": 2.65, "numReviews": 1, "groups": [179], "averageRating": 5.0, "brand": "Monoprice"}, {"asin": "B001TP2G84", "name": "DataComm 45-0001-IV 1-Gang Recessed Low Voltage Cable Plate (Ivory)", "imUrl": "http://ecx.images-amazon.com/images/I/31kD6rUFAVL._SY300_.jpg", "price": 3.99, "numReviews": 15, "groups": [102], "averageRating": 4.533333333333333}, {"asin": "B001PBCT48", "name": "Datacomm 50-3321-WH-KIT Flat Panel TV Cable Organizer Remodeling Kit with Power Outlet - White", "imUrl": "http://ecx.images-amazon.com/images/I/4129RtA4pgL._SY300_.jpg", "price": 28.97, "numReviews": 41, "groups": [180], "averageRating": 4.609756097560975}, {"asin": "B00DTULC3M", "name": "CERTICABLE 2 PORT WHITE WALL PLATE CAT5E ETHERNET PLUS COAX CABLE TV F-TYPE F/F FOR TV HDTV 3D HD", "imUrl": "http://ecx.images-amazon.com/images/I/31%2ByAe54aiL._SY300_.jpg", "price": 8.99, "numReviews": 1, "groups": [181], "averageRating": 5.0}, {"asin": "B005F4VVGI", "name": "StarTech.com VGAPLATERCA 15-Pin Female VGA Wall Plate with 3.5mm and RCA - White", "imUrl": "http://ecx.images-amazon.com/images/I/3117NDJS4yL._SY300_.jpg", "price": 12.97, "numReviews": 3, "groups": [182], "averageRating": 5.0, "brand": "StarTech"}, {"asin": "B005MR4NPO", "name": "RCA Cat 5/6 F Connector Wall Plate (TPH557R)", "imUrl": "http://ecx.images-amazon.com/images/I/31EbB7VuAsL._SY300_.jpg", "price": 5.1, "numReviews": 24, "groups": [183], "averageRating": 2.9583333333333335, "brand": "RCA"}, {"asin": "B004YK62WM", "name": "Cooper Wiring Devices 35M2S-W 15-Amp 2-Pole 3-Wire 125-Volt Media Sync Multimedia Cable Management Wall plate with Recessed Duplex Surge Protection Receptacle, White", "imUrl": "http://ecx.images-amazon.com/images/I/41kmPwxx%2BRL._SY300_.jpg", "price": 22.41, "numReviews": 2, "groups": [184], "averageRating": 3.0}, {"asin": "B00B1X2904", "name": "Fosmon Gold Plated HDMI with Ethernet / RCA Mono Audio / F Connector Coaxial / Dual Ethernet Combo Wall Plate Face Cover for Home Theater DVD Cable Satellite TV PS3 HDTV - White", "imUrl": "http://ecx.images-amazon.com/images/I/41RmZLybWdL._SY300_.jpg", "price": 5.99, "numReviews": 14, "groups": [185], "averageRating": 3.642857142857143}, {"asin": "B00449EAEK", "name": "Sewell Direct SW-29601 Speaker Wall Plate (Banana Plugs)", "imUrl": "http://ecx.images-amazon.com/images/I/31eED49NDYL._SY300_.jpg", "price": 6.99, "numReviews": 1, "groups": [186], "averageRating": 5.0, "brand": "Sewell Direct"}, {"asin": "B005GDFRG8", "name": "Morris Products 80311 Sound System Plates Single RCA White", "imUrl": "http://ecx.images-amazon.com/images/I/21r7nxk2PwL.jpg", "price": 4.27, "numReviews": 3, "groups": [187], "averageRating": 1.0}, {"asin": "B001C4BEOY", "name": "DataComm 45-0002-WH 2-Gang Recessed Low Voltage Cable Plate (White)", "imUrl": "http://ecx.images-amazon.com/images/I/31GGRFaerfL._SY300_.jpg", "price": 4.59, "numReviews": 180, "groups": [188], "averageRating": 4.638888888888889}, {"asin": "B0002KRCF4", "name": "Dayton Audio WP-2B Wallplate Double Banana/Binding Post", "imUrl": "http://ecx.images-amazon.com/images/I/31NYKvaIa2L._SY300_.jpg", "price": 6.98, "numReviews": 2, "groups": [189], "averageRating": 4.5}, {"asin": "B000EIMUZ6", "name": "PETRA PET11-0253 Modular 3-Jack Wall-Mount Phone Wall Plate Almond", "imUrl": "http://ecx.images-amazon.com/images/I/21KNVNP5VZL.jpg", "price": 5.99, "numReviews": 5, "groups": [190], "averageRating": 4.6}, {"asin": "B003H3NBQM", "name": "PRO-WIRE IWM-HDMI 2 Dual HDMI 1.4 Ready Wall Plate (White)", "imUrl": "http://ecx.images-amazon.com/images/I/31zMM2vl0WL._SY300_.jpg", "price": 17.15, "numReviews": 5, "groups": [191], "averageRating": 2.4}, {"asin": "B004AOQ2OA", "name": "Midlite DBPWH Midlite Dbpwh D\u00e9cor Brush Plate with Brush (White)", "imUrl": "http://ecx.images-amazon.com/images/I/41H6Q6hRWhL._SY300_.jpg", "price": 6.99, "numReviews": 24, "groups": [192], "averageRating": 4.125, "brand": "Midlite"}, {"asin": "B00390GWPU", "name": "Datacomm Electronics 45-0008-IV Easy Mount Recessed Low Voltage Cable Plate", "imUrl": "http://ecx.images-amazon.com/images/I/31XT6oR02XL._SY300_.jpg", "price": 4.65, "numReviews": 1, "groups": [193], "averageRating": 5.0, "brand": "Datacomm Electronics"}, {"asin": "B003YKG8ZO", "name": "GE 87698 Dual Brush Wall Plate (Plastic) (Discontinued by Manufacturer)", "imUrl": "http://ecx.images-amazon.com/images/I/311BaWoXw6L._SX300_.jpg", "price": 10.99, "numReviews": 3, "groups": [194], "averageRating": 5.0}, {"asin": "B002M9666E", "name": "Philips SWV2023W/27 Single F-Type Coaxial Wall Plate (White) (Discontinued by Manufacturer)", "imUrl": "http://ecx.images-amazon.com/images/I/31EnLa1EDdL._SX300_.jpg", "price": 3.99, "numReviews": 3, "groups": [195], "averageRating": 5.0}, {"asin": "B002CSOOY6", "name": "C2G / Cables to Go 40507 Double Gang HD15, 3.5mm, Composite Video, Stereo Audio, S-Video Wall Plate (Aluminium)", "imUrl": "http://ecx.images-amazon.com/images/I/31fyo5OBpuL._SY300_.jpg", "price": 38.66, "numReviews": 1, "groups": [196], "averageRating": 5.0, "brand": "C2G"}, {"asin": "B009GUU3LG", "name": "Monoprice 107836 Keystone Jack-USB 3.0 A Female to A Female Coupler Adapter Flush Type, White", "imUrl": "http://ecx.images-amazon.com/images/I/41L3ZHCfZRL._SX300_.jpg", "price": 6.46, "numReviews": 2, "groups": [197], "averageRating": 3.0, "brand": "Monoprice"}, {"asin": "B005PG2YZ8", "name": "HDMI over Cat 5 IR Repeater Extender Wall Plate", "imUrl": "http://ecx.images-amazon.com/images/I/41e8oAG5RQL._SX300_.jpg", "price": 69.0, "numReviews": 11, "groups": [198], "averageRating": 3.5454545454545454}, {"asin": "B0017HXK6G", "name": "14 Post Speaker Wall plate for 7 Speakers Dolby 7.1 - High Quality", "imUrl": "http://ecx.images-amazon.com/images/I/41mPcisZc%2BL._SX300_.jpg", "price": 20.0, "numReviews": 1, "groups": [199], "averageRating": 3.0}, {"asin": "B003GALR12", "name": "Pyle Home PHI71B Combination Audio Video Wall Plate (Black)", "imUrl": "http://ecx.images-amazon.com/images/I/51zvcmAzUvL._SY300_.jpg", "price": 25.0, "numReviews": 7, "groups": [200], "averageRating": 4.571428571428571, "brand": "Pyle"}], "links": [{"source": 0, "target": 170, "right": true, "left": false, "value": 1}, {"source": 0, "target": 173, "right": true, "left": false, "value": 1}, {"source": 0, "target": 182, "right": true, "left": false, "value": 1}, {"source": 1, "target": 51, "right": true, "left": true, "value": 1}, {"source": 1, "target": 92, "right": true, "left": false, "value": 1}, {"source": 1, "target": 110, "right": true, "left": false, "value": 1}, {"source": 1, "target": 71, "right": false, "left": true, "value": 1}, {"source": 2, "target": 30, "right": true, "left": false, "value": 1}, {"source": 3, "target": 197, "right": true, "left": false, "value": 1}, {"source": 4, "target": 177, "right": false, "left": true, "value": 1}, {"source": 4, "target": 182, "right": true, "left": false, "value": 1}, {"source": 4, "target": 101, "right": true, "left": false, "value": 1}, {"source": 4, "target": 14, "right": true, "left": false, "value": 1}, {"source": 5, "target": 126, "right": true, "left": false, "value": 1}, {"source": 6, "target": 139, "right": true, "left": false, "value": 1}, {"source": 6, "target": 182, "right": true, "left": false, "value": 1}, {"source": 6, "target": 110, "right": true, "left": false, "value": 1}, {"source": 7, "target": 206, "right": false, "left": true, "value": 1}, {"source": 8, "target": 69, "right": false, "left": true, "value": 1}, {"source": 8, "target": 197, "right": true, "left": false, "value": 1}, {"source": 8, "target": 38, "right": false, "left": true, "value": 1}, {"source": 8, "target": 138, "right": false, "left": true, "value": 1}, {"source": 8, "target": 108, "right": false, "left": true, "value": 1}, {"source": 8, "target": 89, "right": false, "left": true, "value": 1}, {"source": 8, "target": 187, "right": false, "left": true, "value": 1}, {"source": 9, "target": 197, "right": true, "left": false, "value": 1}, {"source": 9, "target": 182, "right": true, "left": false, "value": 1}, {"source": 10, "target": 56, "right": true, "left": false, "value": 1}, {"source": 10, "target": 116, "right": true, "left": false, "value": 1}, {"source": 11, "target": 101, "right": true, "left": false, "value": 1}, {"source": 12, "target": 99, "right": false, "left": true, "value": 1}, {"source": 12, "target": 132, "right": false, "left": true, "value": 1}, {"source": 12, "target": 102, "right": false, "left": true, "value": 1}, {"source": 12, "target": 137, "right": false, "left": true, "value": 1}, {"source": 12, "target": 169, "right": false, "left": true, "value": 1}, {"source": 12, "target": 171, "right": false, "left": true, "value": 1}, {"source": 12, "target": 174, "right": false, "left": true, "value": 1}, {"source": 12, "target": 208, "right": false, "left": true, "value": 1}, {"source": 12, "target": 81, "right": true, "left": false, "value": 1}, {"source": 12, "target": 18, "right": false, "left": true, "value": 1}, {"source": 12, "target": 209, "right": false, "left": true, "value": 1}, {"source": 12, "target": 23, "right": false, "left": true, "value": 1}, {"source": 13, "target": 170, "right": true, "left": false, "value": 1}, {"source": 14, "target": 182, "right": true, "left": false, "value": 1}, {"source": 15, "target": 152, "right": true, "left": false, "value": 1}, {"source": 15, "target": 74, "right": true, "left": false, "value": 1}, {"source": 15, "target": 173, "right": true, "left": false, "value": 1}, {"source": 16, "target": 110, "right": true, "left": false, "value": 1}, {"source": 17, "target": 182, "right": true, "left": false, "value": 1}, {"source": 18, "target": 153, "right": true, "left": false, "value": 1}, {"source": 19, "target": 134, "right": true, "left": false, "value": 1}, {"source": 20, "target": 182, "right": true, "left": false, "value": 1}, {"source": 21, "target": 130, "right": true, "left": false, "value": 1}, {"source": 21, "target": 148, "right": true, "left": false, "value": 1}, {"source": 21, "target": 142, "right": true, "left": false, "value": 1}, {"source": 22, "target": 96, "right": false, "left": true, "value": 1}, {"source": 22, "target": 150, "right": false, "left": true, "value": 1}, {"source": 22, "target": 83, "right": false, "left": true, "value": 1}, {"source": 22, "target": 134, "right": true, "left": false, "value": 1}, {"source": 24, "target": 109, "right": true, "left": false, "value": 1}, {"source": 25, "target": 148, "right": true, "left": false, "value": 1}, {"source": 25, "target": 165, "right": true, "left": false, "value": 1}, {"source": 26, "target": 92, "right": true, "left": false, "value": 1}, {"source": 27, "target": 76, "right": true, "left": false, "value": 1}, {"source": 28, "target": 126, "right": true, "left": false, "value": 1}, {"source": 29, "target": 188, "right": true, "left": false, "value": 1}, {"source": 29, "target": 30, "right": true, "left": false, "value": 1}, {"source": 30, "target": 97, "right": false, "left": true, "value": 1}, {"source": 30, "target": 67, "right": false, "left": true, "value": 1}, {"source": 30, "target": 161, "right": false, "left": true, "value": 1}, {"source": 30, "target": 162, "right": false, "left": true, "value": 1}, {"source": 30, "target": 170, "right": true, "left": false, "value": 1}, {"source": 30, "target": 147, "right": false, "left": true, "value": 1}, {"source": 30, "target": 116, "right": true, "left": true, "value": 1}, {"source": 30, "target": 180, "right": false, "left": true, "value": 1}, {"source": 30, "target": 182, "right": true, "left": false, "value": 1}, {"source": 30, "target": 120, "right": false, "left": true, "value": 1}, {"source": 30, "target": 91, "right": true, "left": true, "value": 1}, {"source": 30, "target": 62, "right": false, "left": true, "value": 1}, {"source": 31, "target": 197, "right": true, "left": false, "value": 1}, {"source": 32, "target": 182, "right": true, "left": false, "value": 1}, {"source": 33, "target": 197, "right": true, "left": false, "value": 1}, {"source": 33, "target": 182, "right": true, "left": false, "value": 1}, {"source": 34, "target": 184, "right": false, "left": true, "value": 1}, {"source": 35, "target": 130, "right": false, "left": true, "value": 1}, {"source": 35, "target": 76, "right": false, "left": true, "value": 1}, {"source": 35, "target": 142, "right": false, "left": true, "value": 1}, {"source": 35, "target": 148, "right": false, "left": true, "value": 1}, {"source": 35, "target": 58, "right": false, "left": true, "value": 1}, {"source": 36, "target": 198, "right": false, "left": true, "value": 1}, {"source": 37, "target": 156, "right": true, "left": false, "value": 1}, {"source": 37, "target": 111, "right": true, "left": false, "value": 1}, {"source": 38, "target": 182, "right": true, "left": false, "value": 1}, {"source": 38, "target": 103, "right": true, "left": false, "value": 1}, {"source": 39, "target": 162, "right": false, "left": true, "value": 1}, {"source": 39, "target": 170, "right": true, "left": true, "value": 1}, {"source": 39, "target": 112, "right": false, "left": true, "value": 1}, {"source": 39, "target": 147, "right": false, "left": true, "value": 1}, {"source": 39, "target": 85, "right": false, "left": true, "value": 1}, {"source": 39, "target": 86, "right": false, "left": true, "value": 1}, {"source": 39, "target": 120, "right": false, "left": true, "value": 1}, {"source": 39, "target": 159, "right": false, "left": true, "value": 1}, {"source": 40, "target": 197, "right": true, "left": false, "value": 1}, {"source": 41, "target": 96, "right": false, "left": true, "value": 1}, {"source": 42, "target": 93, "right": false, "left": true, "value": 1}, {"source": 43, "target": 110, "right": true, "left": false, "value": 1}, {"source": 44, "target": 182, "right": true, "left": false, "value": 1}, {"source": 45, "target": 80, "right": true, "left": false, "value": 1}, {"source": 46, "target": 136, "right": false, "left": true, "value": 1}, {"source": 47, "target": 128, "right": true, "left": false, "value": 1}, {"source": 48, "target": 209, "right": true, "left": false, "value": 1}, {"source": 48, "target": 101, "right": true, "left": false, "value": 1}, {"source": 49, "target": 182, "right": true, "left": false, "value": 1}, {"source": 50, "target": 182, "right": true, "left": false, "value": 1}, {"source": 51, "target": 106, "right": false, "left": true, "value": 1}, {"source": 51, "target": 92, "right": true, "left": true, "value": 1}, {"source": 52, "target": 157, "right": true, "left": false, "value": 1}, {"source": 52, "target": 182, "right": true, "left": false, "value": 1}, {"source": 53, "target": 182, "right": true, "left": false, "value": 1}, {"source": 53, "target": 110, "right": true, "left": false, "value": 1}, {"source": 54, "target": 110, "right": true, "left": false, "value": 1}, {"source": 55, "target": 111, "right": true, "left": false, "value": 1}, {"source": 56, "target": 192, "right": false, "left": true, "value": 1}, {"source": 56, "target": 194, "right": false, "left": true, "value": 1}, {"source": 56, "target": 163, "right": false, "left": true, "value": 1}, {"source": 56, "target": 139, "right": false, "left": true, "value": 1}, {"source": 56, "target": 114, "right": false, "left": true, "value": 1}, {"source": 56, "target": 61, "right": false, "left": true, "value": 1}, {"source": 56, "target": 190, "right": false, "left": true, "value": 1}, {"source": 56, "target": 63, "right": false, "left": true, "value": 1}, {"source": 57, "target": 107, "right": true, "left": true, "value": 1}, {"source": 57, "target": 172, "right": false, "left": true, "value": 1}, {"source": 57, "target": 199, "right": false, "left": true, "value": 1}, {"source": 59, "target": 182, "right": true, "left": false, "value": 1}, {"source": 60, "target": 81, "right": true, "left": false, "value": 1}, {"source": 61, "target": 194, "right": true, "left": false, "value": 1}, {"source": 61, "target": 139, "right": true, "left": false, "value": 1}, {"source": 62, "target": 173, "right": true, "left": false, "value": 1}, {"source": 63, "target": 90, "right": true, "left": false, "value": 1}, {"source": 63, "target": 111, "right": true, "left": false, "value": 1}, {"source": 64, "target": 107, "right": true, "left": false, "value": 1}, {"source": 65, "target": 170, "right": true, "left": false, "value": 1}, {"source": 65, "target": 188, "right": true, "left": false, "value": 1}, {"source": 66, "target": 76, "right": true, "left": false, "value": 1}, {"source": 67, "target": 116, "right": true, "left": false, "value": 1}, {"source": 68, "target": 107, "right": true, "left": false, "value": 1}, {"source": 69, "target": 182, "right": true, "left": false, "value": 1}, {"source": 70, "target": 182, "right": true, "left": false, "value": 1}, {"source": 71, "target": 92, "right": true, "left": false, "value": 1}, {"source": 72, "target": 73, "right": false, "left": true, "value": 1}, {"source": 72, "target": 204, "right": true, "left": false, "value": 1}, {"source": 74, "target": 152, "right": true, "left": true, "value": 1}, {"source": 74, "target": 173, "right": true, "left": false, "value": 1}, {"source": 75, "target": 128, "right": true, "left": false, "value": 1}, {"source": 76, "target": 148, "right": false, "left": true, "value": 1}, {"source": 77, "target": 134, "right": true, "left": false, "value": 1}, {"source": 78, "target": 129, "right": false, "left": true, "value": 1}, {"source": 79, "target": 177, "right": false, "left": true, "value": 1}, {"source": 80, "target": 121, "right": false, "left": true, "value": 1}, {"source": 80, "target": 143, "right": false, "left": true, "value": 1}, {"source": 81, "target": 195, "right": false, "left": true, "value": 1}, {"source": 81, "target": 132, "right": false, "left": true, "value": 1}, {"source": 81, "target": 133, "right": false, "left": true, "value": 1}, {"source": 81, "target": 102, "right": false, "left": true, "value": 1}, {"source": 81, "target": 137, "right": false, "left": true, "value": 1}, {"source": 81, "target": 169, "right": false, "left": true, "value": 1}, {"source": 81, "target": 140, "right": false, "left": true, "value": 1}, {"source": 81, "target": 209, "right": false, "left": true, "value": 1}, {"source": 81, "target": 146, "right": false, "left": true, "value": 1}, {"source": 82, "target": 197, "right": true, "left": false, "value": 1}, {"source": 84, "target": 90, "right": true, "left": false, "value": 1}, {"source": 85, "target": 182, "right": true, "left": false, "value": 1}, {"source": 85, "target": 86, "right": true, "left": false, "value": 1}, {"source": 86, "target": 162, "right": false, "left": true, "value": 1}, {"source": 86, "target": 170, "right": true, "left": false, "value": 1}, {"source": 87, "target": 110, "right": true, "left": false, "value": 1}, {"source": 88, "target": 145, "right": true, "left": false, "value": 1}, {"source": 91, "target": 161, "right": true, "left": true, "value": 1}, {"source": 91, "target": 97, "right": false, "left": true, "value": 1}, {"source": 91, "target": 170, "right": true, "left": false, "value": 1}, {"source": 91, "target": 116, "right": true, "left": true, "value": 1}, {"source": 92, "target": 105, "right": false, "left": true, "value": 1}, {"source": 92, "target": 106, "right": false, "left": true, "value": 1}, {"source": 92, "target": 144, "right": false, "left": true, "value": 1}, {"source": 94, "target": 110, "right": true, "left": false, "value": 1}, {"source": 95, "target": 126, "right": true, "left": false, "value": 1}, {"source": 96, "target": 176, "right": true, "left": true, "value": 1}, {"source": 97, "target": 116, "right": true, "left": false, "value": 1}, {"source": 98, "target": 182, "right": true, "left": false, "value": 1}, {"source": 99, "target": 101, "right": true, "left": false, "value": 1}, {"source": 99, "target": 182, "right": true, "left": false, "value": 1}, {"source": 100, "target": 176, "right": true, "left": false, "value": 1}, {"source": 101, "target": 198, "right": false, "left": true, "value": 1}, {"source": 101, "target": 208, "right": false, "left": true, "value": 1}, {"source": 103, "target": 182, "right": true, "left": false, "value": 1}, {"source": 103, "target": 151, "right": false, "left": true, "value": 1}, {"source": 103, "target": 186, "right": false, "left": true, "value": 1}, {"source": 103, "target": 188, "right": true, "left": true, "value": 1}, {"source": 104, "target": 145, "right": true, "left": false, "value": 1}, {"source": 105, "target": 110, "right": true, "left": false, "value": 1}, {"source": 107, "target": 199, "right": false, "left": true, "value": 1}, {"source": 107, "target": 172, "right": false, "left": true, "value": 1}, {"source": 107, "target": 127, "right": false, "left": true, "value": 1}, {"source": 108, "target": 182, "right": true, "left": false, "value": 1}, {"source": 109, "target": 165, "right": false, "left": true, "value": 1}, {"source": 109, "target": 167, "right": false, "left": true, "value": 1}, {"source": 109, "target": 110, "right": true, "left": true, "value": 1}, {"source": 109, "target": 150, "right": false, "left": true, "value": 1}, {"source": 110, "target": 160, "right": false, "left": true, "value": 1}, {"source": 110, "target": 130, "right": false, "left": true, "value": 1}, {"source": 110, "target": 165, "right": true, "left": true, "value": 1}, {"source": 110, "target": 115, "right": false, "left": true, "value": 1}, {"source": 110, "target": 149, "right": false, "left": true, "value": 1}, {"source": 110, "target": 181, "right": false, "left": true, "value": 1}, {"source": 110, "target": 122, "right": false, "left": true, "value": 1}, {"source": 111, "target": 135, "right": false, "left": true, "value": 1}, {"source": 113, "target": 164, "right": true, "left": false, "value": 1}, {"source": 114, "target": 192, "right": true, "left": false, "value": 1}, {"source": 116, "target": 161, "right": true, "left": true, "value": 1}, {"source": 117, "target": 201, "right": true, "left": false, "value": 1}, {"source": 118, "target": 182, "right": true, "left": false, "value": 1}, {"source": 119, "target": 197, "right": true, "left": false, "value": 1}, {"source": 119, "target": 182, "right": true, "left": false, "value": 1}, {"source": 121, "target": 182, "right": true, "left": false, "value": 1}, {"source": 123, "target": 197, "right": true, "left": false, "value": 1}, {"source": 123, "target": 182, "right": true, "left": false, "value": 1}, {"source": 124, "target": 173, "right": true, "left": false, "value": 1}, {"source": 125, "target": 173, "right": true, "left": false, "value": 1}, {"source": 126, "target": 159, "right": false, "left": true, "value": 1}, {"source": 126, "target": 168, "right": true, "left": true, "value": 1}, {"source": 126, "target": 200, "right": false, "left": true, "value": 1}, {"source": 126, "target": 170, "right": true, "left": true, "value": 1}, {"source": 126, "target": 141, "right": false, "left": true, "value": 1}, {"source": 126, "target": 175, "right": false, "left": true, "value": 1}, {"source": 126, "target": 147, "right": false, "left": true, "value": 1}, {"source": 126, "target": 180, "right": false, "left": true, "value": 1}, {"source": 128, "target": 183, "right": false, "left": true, "value": 1}, {"source": 128, "target": 182, "right": true, "left": false, "value": 1}, {"source": 130, "target": 182, "right": true, "left": false, "value": 1}, {"source": 131, "target": 182, "right": true, "left": false, "value": 1}, {"source": 133, "target": 158, "right": true, "left": false, "value": 1}, {"source": 136, "target": 173, "right": true, "left": false, "value": 1}, {"source": 137, "target": 153, "right": true, "left": false, "value": 1}, {"source": 137, "target": 171, "right": false, "left": true, "value": 1}, {"source": 139, "target": 194, "right": false, "left": true, "value": 1}, {"source": 139, "target": 170, "right": true, "left": false, "value": 1}, {"source": 139, "target": 205, "right": false, "left": true, "value": 1}, {"source": 139, "target": 182, "right": true, "left": false, "value": 1}, {"source": 139, "target": 185, "right": false, "left": true, "value": 1}, {"source": 141, "target": 158, "right": true, "left": false, "value": 1}, {"source": 142, "target": 148, "right": true, "left": false, "value": 1}, {"source": 145, "target": 160, "right": false, "left": true, "value": 1}, {"source": 146, "target": 182, "right": true, "left": false, "value": 1}, {"source": 147, "target": 170, "right": true, "left": false, "value": 1}, {"source": 148, "target": 166, "right": false, "left": true, "value": 1}, {"source": 148, "target": 205, "right": false, "left": true, "value": 1}, {"source": 148, "target": 182, "right": true, "left": false, "value": 1}, {"source": 151, "target": 182, "right": true, "left": false, "value": 1}, {"source": 152, "target": 173, "right": true, "left": false, "value": 1}, {"source": 153, "target": 195, "right": false, "left": true, "value": 1}, {"source": 154, "target": 193, "right": false, "left": true, "value": 1}, {"source": 155, "target": 197, "right": true, "left": false, "value": 1}, {"source": 157, "target": 182, "right": true, "left": false, "value": 1}, {"source": 159, "target": 168, "right": true, "left": false, "value": 1}, {"source": 162, "target": 182, "right": true, "left": false, "value": 1}, {"source": 166, "target": 182, "right": true, "left": false, "value": 1}, {"source": 168, "target": 182, "right": true, "left": false, "value": 1}, {"source": 170, "target": 182, "right": true, "left": false, "value": 1}, {"source": 173, "target": 191, "right": false, "left": true, "value": 1}, {"source": 175, "target": 182, "right": true, "left": false, "value": 1}, {"source": 177, "target": 188, "right": true, "left": false, "value": 1}, {"source": 178, "target": 207, "right": false, "left": true, "value": 1}, {"source": 179, "target": 204, "right": false, "left": true, "value": 1}, {"source": 180, "target": 182, "right": true, "left": false, "value": 1}, {"source": 182, "target": 185, "right": false, "left": true, "value": 1}, {"source": 182, "target": 186, "right": false, "left": true, "value": 1}, {"source": 182, "target": 188, "right": false, "left": true, "value": 1}, {"source": 182, "target": 189, "right": false, "left": true, "value": 1}, {"source": 182, "target": 190, "right": false, "left": true, "value": 1}, {"source": 182, "target": 191, "right": false, "left": true, "value": 1}, {"source": 182, "target": 193, "right": false, "left": true, "value": 1}, {"source": 182, "target": 194, "right": false, "left": true, "value": 1}, {"source": 182, "target": 196, "right": false, "left": true, "value": 1}, {"source": 182, "target": 197, "right": true, "left": false, "value": 1}, {"source": 182, "target": 200, "right": false, "left": true, "value": 1}, {"source": 182, "target": 202, "right": false, "left": true, "value": 1}, {"source": 182, "target": 205, "right": false, "left": true, "value": 1}, {"source": 186, "target": 197, "right": true, "left": false, "value": 1}, {"source": 190, "target": 192, "right": true, "left": false, "value": 1}, {"source": 197, "target": 202, "right": false, "left": true, "value": 1}, {"source": 197, "target": 203, "right": false, "left": true, "value": 1}, {"source": 201, "target": 203, "right": false, "left": true, "value": 1}]}