{"nodes": [{"asin": "B00C94X8TA", "name": "Luckystone 3D Cartoon Winnie the Pooh Soft Silicone Skin Case Cover for Ipod Touch 4/4g/4th Generation with 3d Winnie the Pooh Stylus Pen;", "imUrl": "http://ecx.images-amazon.com/images/I/41SXRD-FKcL._SX300_.jpg", "price": 3.99, "numReviews": 41, "groups": [0], "averageRating": 3.951219512195122}, {"asin": "B00CIMJPEU", "name": "ECO-FUSED Genuine Hot Pink leather Wallet Case Cover for Apple Ipod Touch 5 with inner Flora print / One Lanyard / Two Stylus (Purple and Red) / 2 Screen protector / One Case Opening Tool / Eco-Fused Microfiber Cleaning Cloth Included", "imUrl": "http://ecx.images-amazon.com/images/I/51DEXvs0nzL._SY300_.jpg", "price": 9.88, "numReviews": 19, "groups": [1], "averageRating": 4.684210526315789}, {"asin": "B001FWYXDW", "name": "Speck PixelSkin Rubberized Case for iPod touch 2G( Pink)", "imUrl": "http://ecx.images-amazon.com/images/I/512wqvS3qFL._SY300_.jpg", "price": 1.91, "numReviews": 724, "groups": [2], "averageRating": 4.621546961325967}, {"asin": "B001VA1IDG", "name": "2 Silicon Cases For IPod Touch 2nd Generation", "imUrl": "http://ecx.images-amazon.com/images/I/41-DF0Tm29L._SX300_.jpg", "price": 1.92, "numReviews": 5, "groups": [3], "averageRating": 4.4}, {"asin": "B00517CEUQ", "name": "LE Blue Case for Apple iPod Touch 2G, 3G (2nd & 3rd Generation)", "imUrl": "http://ecx.images-amazon.com/images/I/31Xb7EFW8DL._SY300_.jpg", "price": 3.5, "numReviews": 178, "groups": [4], "averageRating": 3.4269662921348316, "salesRankCategory": "Cell Phones & Accessories", "salesRank": 4340}, {"asin": "B008JBO3O6", "name": "eForCity White & Red Arrow Hybrid Hard Plastic & Silicone Case with FREE Mirror Screen Protector Compatible with Apple\u00ae iPod touch\u00ae 4th Generation", "imUrl": "http://ecx.images-amazon.com/images/I/41dl55mVtnL._SY300_.jpg", "price": 1.99, "numReviews": 1, "groups": [5], "averageRating": 1.0}, {"asin": "B00ADO8ZT6", "name": "2D Love Tree Apple Ipod Touch 2nd 3rd Generation (2 , 3) Case Cover Hard Phone Case Snap-on Cover Rubberized Touch Faceplates", "imUrl": "http://ecx.images-amazon.com/images/I/51sC3gjSaUL._SY300_.jpg", "price": 4.0, "numReviews": 1, "groups": [6], "averageRating": 3.0}, {"asin": "B00A6XM8AG", "name": "Purple Dog Silicone Soft Cover Case for Apple iPod Touch 5 5th Gen", "imUrl": "http://ecx.images-amazon.com/images/I/410m4veu9UL._SY300_.jpg", "price": 10.99, "numReviews": 29, "groups": [7], "averageRating": 4.413793103448276}, {"asin": "B00AMY1I28", "name": "BIRUGEAR Blue Leather ID Credit Card Slot Stand Wallet Case Cover for Apple iPod Touch 5, iTouch 5G, 5th Generation with *Pouch Case*", "imUrl": "http://ecx.images-amazon.com/images/I/51ojhgO8-ZL._SY300_.jpg", "price": 6.47, "numReviews": 2, "groups": [8], "averageRating": 5.0}, {"asin": "B00AV2LFEC", "name": "Black Panda Silicone Rubber Gel Soft Skin Case Cover for Apple iPod Touch 5th Generation 5G 5", "imUrl": "http://ecx.images-amazon.com/images/I/51tf7UORgwL._SY300_.jpg", "price": 7.99, "numReviews": 2, "groups": [9], "averageRating": 5.0}, {"asin": "B00A2ZP5IK", "name": "For Apple Ipod Touch 5 5th Generation Owl Silicone Jelly Skin Cover Case Blue Accessory", "imUrl": "http://ecx.images-amazon.com/images/I/51cJbgdrcfL._SX300_.jpg", "price": 6.73, "numReviews": 1, "groups": [10], "averageRating": 4.0}, {"asin": "B00ACE3LNM", "name": "HEX3 AppTag Laser Blaster for iPhone, iPod Touch, and Android Phones (Fits most Nerf Blasters)", "imUrl": "http://ecx.images-amazon.com/images/I/41l7vyuSIyL._SY300_.jpg", "price": 33.34, "numReviews": 14, "groups": [11], "averageRating": 3.4285714285714284}, {"asin": "B00H88B3US", "name": "Saurabh Kiran TM cute 3 in 1 Zebra Defender Impact Hard Rubber Case for Ipod Touch 4 4g 4th Generation Black", "imUrl": "http://ecx.images-amazon.com/images/I/51UjRKHSd%2BL._SY300_.jpg", "price": 5.64, "numReviews": 2, "groups": [12], "averageRating": 3.5, "brand": "Saurabh Kiran"}, {"asin": "B005B1N6PY", "name": "Black & White Hybrid 2 in 1 Gel Rubber Skin Cover and Molded Premium Hard Plastic Case for Apple iPod Touch 4G 4th Generation", "imUrl": "http://ecx.images-amazon.com/images/I/51HYGguE8NL._SY300_.jpg", "price": 1.25, "numReviews": 5, "groups": [13], "averageRating": 2.2}, {"asin": "B005YW10R6", "name": "eForCity Case Cover for iPod touch 4G (Baby Blue Zebra)", "imUrl": "http://ecx.images-amazon.com/images/I/61OjDtoYnCL._SY300_.jpg", "price": 7.37, "numReviews": 4, "groups": [14], "averageRating": 3.0, "brand": "eForCity"}, {"asin": "B00ATE3VBW", "name": "Hello kitty 3D ipod touch 5 Hot-Pink Soft Silicone Case Cover Faceplate Protector For itouch 5g 5th Generation", "imUrl": "http://ecx.images-amazon.com/images/I/41E3JP6zF4L._SY300_.jpg", "price": 5.99, "numReviews": 92, "groups": [15], "averageRating": 4.119565217391305}, {"asin": "B00647HMOK", "name": "Tribeca South Park 4 Boys Case for 4th-Generation Apple iPod Touch", "imUrl": "http://ecx.images-amazon.com/images/I/41H7dpoF7-L._SY300_.jpg", "price": 10.99, "numReviews": 2, "groups": [16], "averageRating": 5.0, "brand": "Tribeca"}, {"asin": "B00A45DQ16", "name": "HHI Silicone Skin Case for iPod Touch 5th Generation - Black Owl (Package include a HandHelditems Sketch Stylus Pen)", "imUrl": "http://ecx.images-amazon.com/images/I/41DEhI1F6lL._SY300_.jpg", "price": 3.99, "numReviews": 1, "groups": [17], "averageRating": 3.0}, {"asin": "B00B7WJ4R0", "name": "MYBAT Colorful(Hot pink/Yellow/Pink) Premium Book-Style MyJacket Wallet (853) ( with Package ) for APPLE iPod touch (5th generation)", "imUrl": "http://ecx.images-amazon.com/images/I/41i3jOXiB9L._SY300_.jpg", "price": 5.99, "numReviews": 1, "groups": [18], "averageRating": 5.0}, {"asin": "B00BRAN8TC", "name": "BUKIT CELL GREEN DOG 3D Cartoon Soft Silicone Skin Case Cover for IPOD TOUCH 5 5G 5TH GENERATION + BUKIT CELL Trademark Lint Cleaning Cloth + Screen Protector + METALLIC Touch Screen STYLUS PEN with Anti Dust Plug [bundle - 4 items: case, cloth, stylus pen and screen protector]", "imUrl": "http://ecx.images-amazon.com/images/I/51AKnoc6zdL._SY300_.jpg", "price": 2.6, "numReviews": 2, "groups": [19], "averageRating": 5.0}, {"asin": "B0057REGFG", "name": "Hello Kitty Pink Bow Peek - iPod Touch (2nd & 3rd Gen) - Skinit Skin", "imUrl": "http://ecx.images-amazon.com/images/I/51ceDS1RSPL._SY300_.jpg", "price": 12.99, "numReviews": 1, "groups": [20], "averageRating": 3.0}, {"asin": "B009AQTQ5A", "name": "eForcity Jelly Silicone Case for iPod touch 4 , 3 Pack (Hot Pink/Purple/Blue Penguin)", "imUrl": "http://ecx.images-amazon.com/images/I/51S0KmIW9vL._SY300_.jpg", "price": 12.68, "numReviews": 5, "groups": [21], "averageRating": 4.4}, {"asin": "B00C9VB840", "name": "Vazza Apple iPod Touch 5 Black/White Case - Doctor Who Tardis iTouch 5 Snap On Hard Case", "imUrl": "http://ecx.images-amazon.com/images/I/51qNu8h0mBL._SY300_.jpg", "price": 9.95, "numReviews": 1, "groups": [22], "averageRating": 4.0}, {"asin": "B00KL0KRZW", "name": "Disney Ipod 5 5g Stitch & Lilo Soft Silicone Case Cover for Ipod Touch 5th Generation", "imUrl": "http://ecx.images-amazon.com/images/I/41vs9WZY6nL._SY300_.jpg", "price": 2.26, "numReviews": 1, "groups": [23], "averageRating": 5.0}, {"asin": "B0087FAZ32", "name": "Speck Products  KangaSkin Case for iPod Touch (Grape Purple)", "imUrl": "http://ecx.images-amazon.com/images/I/41ijeej83JL._SX300_.jpg", "price": 24.95, "numReviews": 6, "groups": [24], "averageRating": 4.0}, {"asin": "B00F56YVYK", "name": "Speck PixelSkin Case for iPod touch 4 - Mango - SPK-A0707", "imUrl": "http://ecx.images-amazon.com/images/I/4177eYgnqQL._SX300_.jpg", "price": 6.99, "numReviews": 4, "groups": [25], "averageRating": 4.75, "brand": "Speck"}, {"asin": "B004D67A1Y", "name": "Speck CandyShell Case for iPod Touch 4G -Pink", "imUrl": "http://ecx.images-amazon.com/images/I/51BXvb4onkL._SY300_.jpg", "price": 24.51, "numReviews": 2, "groups": [26], "averageRating": 5.0}, {"asin": "B009AQTPTC", "name": "eForcity Penguin Jelly Silicone Case for iPod touch 4 , 3 Pack (Hot Pink/Purple/Black)", "imUrl": "http://ecx.images-amazon.com/images/I/51iN2JO4LnL._SY300_.jpg", "price": 5.07, "numReviews": 2, "groups": [21], "averageRating": 4.5}, {"asin": "B009PPOXI6", "name": "Premium Rubberized Snap-on Hard Crystal Rear Case Cover for Apple iPod Touch 5G, 5th Generation, 5th Gen - Black compatible with 32GB / 64GB", "imUrl": "http://ecx.images-amazon.com/images/I/5114NDKT--L._SX300_.jpg", "price": 1.67, "numReviews": 1, "groups": [27], "averageRating": 3.0}, {"asin": "B00EKQ45T2", "name": "Bastex Hard Design Owl Case for Apple iPod Touch 5, 5th Generation - Pink, Green, Blue", "imUrl": "http://ecx.images-amazon.com/images/I/512vpEBcZBL._SY300_.jpg", "price": 3.99, "numReviews": 2, "groups": [28], "averageRating": 5.0}, {"asin": "B00302IP4I", "name": "2Tone Rubberized Hard Case for Apple iPod Touch iTouch 2G/3G - 8GB, 16GB, 32GB and 64GB - Green/Black", "imUrl": "http://ecx.images-amazon.com/images/I/41UGfmKWq0L._SY300_.jpg", "price": 5.95, "numReviews": 63, "groups": [29], "averageRating": 3.0634920634920637}, {"asin": "B00AM4E2SK", "name": "Colorful Splash Snap-On Hard Skin Case Cover for Apple iPod Touch 5th Generation 5G 5", "imUrl": "http://ecx.images-amazon.com/images/I/515XKDSDsML._SY300_.jpg", "price": 3.75, "numReviews": 1, "groups": [30], "averageRating": 4.0}, {"asin": "B00433SOYE", "name": "Speck CandyShell Case for iPod touch 4G (Batwing Black)", "imUrl": "http://ecx.images-amazon.com/images/I/31jGoLnivwL._SY300_.jpg", "price": 30.26, "numReviews": 127, "groups": [31], "averageRating": 3.645669291338583}, {"asin": "B0070MKQB4", "name": "Black Leather Folio Folding Case Cover w/ Screen Protector Films for Apple iPod Touch 4th Gen Generation 4G 8GB 32GB 64GB", "imUrl": "http://ecx.images-amazon.com/images/I/51DQnh3wRrL._SY300_.jpg", "price": 12.57, "numReviews": 110, "groups": [32], "averageRating": 4.218181818181818}, {"asin": "B0080ABFJ2", "name": "Black/Blue Case for Apple iPod Touch 2G, 3G (2nd & 3rd Generation)", "imUrl": "http://ecx.images-amazon.com/images/I/41H7wwKtugL._SX300_.jpg", "price": 3.5, "numReviews": 5, "groups": [33], "averageRating": 4.0}, {"asin": "B009RQZS7I", "name": "VMG For Apple iPod Touch 4 iTouch 4 (4th Gen) Vertical Leather Clutch Travel Protector Carrier Purse Case Cover - Green", "imUrl": "http://ecx.images-amazon.com/images/I/31JO5HK6RzL.jpg", "price": 10.82, "numReviews": 7, "groups": [34], "averageRating": 4.857142857142857}, {"asin": "B0041NRY2Y", "name": "4G Touch Purple Silicone Protective Armour Case Cover & Screen Protector Kit for New Apple iPod Touch 4th Generation - 8GB 32GB 64GB", "imUrl": "http://ecx.images-amazon.com/images/I/51QLqWS-KlL._SY300_.jpg", "price": 2.97, "numReviews": 65, "groups": [35], "averageRating": 3.276923076923077}, {"asin": "B007ED763U", "name": "Fosmon Snap On Rubberized Hard Protector Case Cover for iPod Touch 4th Generation - Black", "imUrl": "http://ecx.images-amazon.com/images/I/31z9t10l6tL.jpg", "price": 1.5, "numReviews": 9, "groups": [36], "averageRating": 3.5555555555555554}, {"asin": "B009OUAT0I", "name": "Blue Silicone Rubber Gel Soft Skin Case Cover for Apple Ipod Touch 3rd 2nd Generation 3G 2G", "imUrl": "http://ecx.images-amazon.com/images/I/51dOqOFVpaL._SY300_.jpg", "price": 5.69, "numReviews": 7, "groups": [37], "averageRating": 3.857142857142857}, {"asin": "B00A9JRPUU", "name": "BUKIT CELL (TM) BABY PINK Bear 3D Cartoon Soft Silicone Skin Case Cover for IPOD TOUCH 5 5G 5TH GENERATION + BUKIT CELL Trademark Lint Cleaning Cloth + Screen Protector + WirelessGeeks247 METALLIC Touch Screen STYLUS PEN with Anti Dust Plug [bundle - 4 items: case, cloth, stylus pen and screen protector]", "imUrl": "http://ecx.images-amazon.com/images/I/4163dTqAJkL._SY300_.jpg", "price": 1.65, "numReviews": 24, "groups": [38], "averageRating": 4.5}, {"asin": "B00ALFX9SO", "name": "Hello Kitty Cute Flowers Case Cover For Apple ipod touch 5 5G", "imUrl": "http://ecx.images-amazon.com/images/I/515NbpBNppL._SY300_.jpg", "price": 0.61, "numReviews": 3, "groups": [39], "averageRating": 5.0}, {"asin": "B004VY6WBM", "name": "Hard Alligator Case for Apple iPod Touch 4G (4th Generation) - Red", "imUrl": "http://ecx.images-amazon.com/images/I/51wSwvM1ByL._SX300_.jpg", "price": 4.95, "numReviews": 1, "groups": [40], "averageRating": 5.0}, {"asin": "B007RJ42PQ", "name": "Orange Rubberized Slider Case for Apple iPod Touch 4G (4th Generation)", "imUrl": "http://ecx.images-amazon.com/images/I/316cgJUWtHL._SY300_.jpg", "price": 5.99, "numReviews": 1, "groups": [41], "averageRating": 3.0}, {"asin": "B00A3EHRC2", "name": "For Apple Ipod Touch 5 5th Generation Cute Pig Silicone Jelly Skin Cover Case Neon Green Accessory", "imUrl": "http://ecx.images-amazon.com/images/I/51SqsnlFJoL._SX300_.jpg", "price": 2.1, "numReviews": 3, "groups": [42], "averageRating": 5.0}, {"asin": "B003E4RPNY", "name": "eForCity 4 Soft Silicon Gel Skin Case with LCD Screen Cover for iPod touch 2G/3G", "imUrl": "http://ecx.images-amazon.com/images/I/61ySqyD1yIL._SY300_.jpg", "price": 11.07, "numReviews": 38, "groups": [43], "averageRating": 4.131578947368421, "brand": "eForCity"}, {"asin": "B0042IHG58", "name": "iPod Touch 4 4th Gen TPU skin case MiniSuit case for iPod Touch 4th Generation, 4th Gen + MiniSuit Microfiber Key Chain - Smoke", "imUrl": "http://ecx.images-amazon.com/images/I/41J1eKFeI1L._SY300_.jpg", "price": 9.99, "numReviews": 37, "groups": [44], "averageRating": 4.72972972972973}, {"asin": "B00A8ZEAXA", "name": "USA US United States Flag Vintage Style Hard Back Case Cover for iPod Touch 5 5G", "imUrl": "http://ecx.images-amazon.com/images/I/41lIZUZGiNL._SY300_.jpg", "price": 4.16, "numReviews": 3, "groups": [45], "averageRating": 4.666666666666667}, {"asin": "B00CCSA8VY", "name": "For Apple ipod Touch 5th 2 in 1 Hybrid Cover Case Eiffel Tower Paris & Flowers PC + Hot Pink Silicone", "imUrl": "http://ecx.images-amazon.com/images/I/51MwmNh0GUL._SY300_.jpg", "price": 0.61, "numReviews": 1, "groups": [46], "averageRating": 4.0}, {"asin": "B004B4EWAK", "name": "White Rubberized Hard Case Cover for Apple iPod Touch 4 / iTouch 4th Generation", "imUrl": "http://ecx.images-amazon.com/images/I/41fMh7WQ9nL._SY300_.jpg", "price": 6.99, "numReviews": 27, "groups": [47], "averageRating": 3.3333333333333335}, {"asin": "B00B2H9W3G", "name": "iPod Touch 5 Case Bundle including 4 Polka Dot Covers for Apple iPod Touch 5th Generation / 2 Stylus Pens / 2 Screen Protectors / 1 ECO-FUSED Microfiber Cleaning Cloth (Blue, Green, Purple, Yellow)", "imUrl": "http://ecx.images-amazon.com/images/I/51sSpHmkrKL._SY300_.jpg", "price": 11.99, "numReviews": 23, "groups": [48], "averageRating": 4.695652173913044}, {"asin": "B001GVIS5Q", "name": "Griffin FlexGrip Silicone Case for iPod touch 2G, 3G (Black/Red)", "imUrl": "http://ecx.images-amazon.com/images/I/21wkEgo8LWL._SY300_.jpg", "price": 5.96, "numReviews": 5, "groups": [49], "averageRating": 4.2}, {"asin": "B001J5X42G", "name": "CrazyOnDigital Silicone Skin Cases Apple iPod Touch 2nd Generation. CrazyOnDigital Retail Package", "imUrl": "http://ecx.images-amazon.com/images/I/51UhWNivY7L._SY300_.jpg", "price": 1.91, "numReviews": 72, "groups": [50], "averageRating": 4.083333333333333}, {"asin": "B004D24P4I", "name": "Cbus Wireless Zebra Snap On Hard Case / Shell / Cover for Apple iPod Touch 4 / 4G / 4th Gen", "imUrl": "http://ecx.images-amazon.com/images/I/418s3FkEtHL._SY300_.jpg", "price": 1.71, "numReviews": 123, "groups": [51], "averageRating": 4.016260162601626}, {"asin": "B008DJF97Y", "name": "TinkerBrick Case for iPod Touch 4g Yellow", "imUrl": "http://ecx.images-amazon.com/images/I/4177SYnqU7L._SY300_.jpg", "price": 24.95, "numReviews": 3, "groups": [52], "averageRating": 5.0}, {"asin": "B00CBCLSZG", "name": "Polka Flip Case Cover Skin For Apple iPod Touch 4 4th Generation / White Polka Dots Spots Black", "imUrl": "http://ecx.images-amazon.com/images/I/51qYiPDWi2L._SY300_.jpg", "price": 1.84, "numReviews": 1, "groups": [53], "averageRating": 5.0}, {"asin": "B001NJO8HI", "name": "Shades iPod Touch 2G/3G Case, Skin - (8, 16, 32, 64GB) - Cool Blue", "imUrl": "http://ecx.images-amazon.com/images/I/31fXOJaVZwL._SX300_.jpg", "price": 0.01, "numReviews": 53, "groups": [54], "averageRating": 4.39622641509434}, {"asin": "B004FSKYEK", "name": "iPod Touch 4G Graphic Case - Polka Dots", "imUrl": "http://ecx.images-amazon.com/images/I/41QnWG9LfBL._SY300_.jpg", "price": 2.08, "numReviews": 4, "groups": [55], "averageRating": 1.25}, {"asin": "B006I0FO48", "name": "eForCity Hard Snap-On Crystal Skin Case Cover Accessory for iPod touch 4G 8GB 32GB and 64GB (Hundred Dollar Benjamin 2D)", "imUrl": "http://ecx.images-amazon.com/images/I/61fVEnlblOL._SY300_.jpg", "price": 3.07, "numReviews": 17, "groups": [56], "averageRating": 4.588235294117647, "brand": "eForCity"}, {"asin": "B009QT1I5C", "name": "eForCity\u00ae Clear Silicone Case with FREE Anti-Glare LCD Cover compatible with the NEW Apple\u00ae iPod Touch\u00ae 5", "imUrl": "http://ecx.images-amazon.com/images/I/41J-%2BrzkO6L._SY300_.jpg", "price": 3.45, "numReviews": 1, "groups": [57], "averageRating": 5.0}, {"asin": "B009S4GZQC", "name": "eForCity TPU Rubber Case for Apple iPod touch 5G, Clear Smoke S Shape", "imUrl": "http://ecx.images-amazon.com/images/I/51Q6V236NwL._SY300_.jpg", "price": 0.61, "numReviews": 26, "groups": [58], "averageRating": 4.153846153846154}, {"asin": "B00A20BXPO", "name": "eForCity Hybrid Case for Apple iPod touch 4G, Black Skin/Blue Meshed Hard", "imUrl": "http://ecx.images-amazon.com/images/I/61kGAvnzgoL._SY300_.jpg", "price": 14.54, "numReviews": 15, "groups": [59], "averageRating": 3.8666666666666667, "brand": "eForCity"}, {"asin": "B00ABW1GSC", "name": "eForCity Heart Hard Case for iPod touch 5G (White/Pink)", "imUrl": "http://ecx.images-amazon.com/images/I/517xK8J0BTL._SY300_.jpg", "price": 4.99, "numReviews": 6, "groups": [60], "averageRating": 4.833333333333333}, {"asin": "B00B3129UY", "name": "Apple iPod Touch iTouch 5G 5 5th Gen Generation Keep Calm And Love One Direction Heart 1D Design BLACK SIDES Slim HARD Case Skin Cover Protector Mobile MP3 Player Accessory Vintage Retro Unique Case Cartel", "imUrl": "http://ecx.images-amazon.com/images/I/416GjGmmjmL._SY300_.jpg", "price": 0.61, "numReviews": 3, "groups": [61], "averageRating": 4.0}, {"asin": "B00E7NAR4A", "name": "niceEshop Bling Rhinestone 3D Pink Bow Bowknot Pearls Pendant Leopard Case Cover For iPod Touch5", "imUrl": "http://ecx.images-amazon.com/images/I/51rRocjOB1L._SY300_.jpg", "price": 2.43, "numReviews": 40, "groups": [62], "averageRating": 3.7, "brand": "niceEshop"}, {"asin": "B001N4Q07E", "name": "BIRUGEAR Premium Purple Folio Wallet Leather Cover Case for Apple Ipod Touch Itouch 8GB 32GB 64GB 4G 4th Generation 4", "imUrl": "http://ecx.images-amazon.com/images/I/51AAk%2Bs8chL._SY300_.jpg", "price": 3.44, "numReviews": 45, "groups": [63], "averageRating": 4.133333333333334}, {"asin": "B00A3NIHJ0", "name": "Black Raindrop Crystal Hard Back Cover Case for Apple iPod Touch 5th Generation 5G 5", "imUrl": "http://ecx.images-amazon.com/images/I/51V8yPHxnSL._SY300_.jpg", "price": 6.95, "numReviews": 2, "groups": [64], "averageRating": 4.5}, {"asin": "B00ABDQFBO", "name": "Spring Flowers Design Crystal Hard Skin Case Cover for Apple iPod Touch 5th Generation 5G 5", "imUrl": "http://ecx.images-amazon.com/images/I/51bA-hKHcoL._SY300_.jpg", "price": 4.19, "numReviews": 8, "groups": [65], "averageRating": 2.875}, {"asin": "B00ADOP24C", "name": "2D Camo Branches Apple Ipod Touch 2nd 3rd Generation (2 , 3) Case Cover Hard Phone Case Snap-on Cover Rubberized Touch Faceplates", "imUrl": "http://ecx.images-amazon.com/images/I/513OsT66QzL._SY300_.jpg", "price": 9.99, "numReviews": 1, "groups": [66], "averageRating": 1.0}, {"asin": "B0043BRNJ8", "name": "Apple iPod Touch 4th Generation Silicone Skin Case, Purple", "imUrl": "http://ecx.images-amazon.com/images/I/51JpX2e57jL._SY300_.jpg", "price": 2.63, "numReviews": 28, "groups": [67], "averageRating": 4.071428571428571}, {"asin": "B0032HH4PW", "name": "GREEN DIAMOND SOFT SILICONE TPU CANDY SKIN COVER CASE FOR APPLE IPOD TOUCH ITOUCH 2ND GEN 3RD GEN + PREMIUM LCD SCREEN GUARD", "imUrl": "http://ecx.images-amazon.com/images/I/41801KRw3YL._SY300_.jpg", "price": 3.11, "numReviews": 10, "groups": [68], "averageRating": 4.6}, {"asin": "B00A6H7KEQ", "name": "Asmyna Red/Black Astronoot Protector Cover", "imUrl": "http://ecx.images-amazon.com/images/I/51Vcp35qssL._SY300_.jpg", "price": 5.26, "numReviews": 1, "groups": [69], "averageRating": 5.0, "brand": "Asmyna"}, {"asin": "B007R152EE", "name": "eForCity Snap-On Case for iPod touch 2G/3G (Colorful Leopard)", "imUrl": "http://ecx.images-amazon.com/images/I/61MKjZEbgtL._SY300_.jpg", "price": 3.07, "numReviews": 5, "groups": [70], "averageRating": 4.2}, {"asin": "B00A45DQH0", "name": "HHI Silicone Skin Case for iPod Touch 5th Generation - Green Owl (Package include a HandHelditems Sketch Stylus Pen)", "imUrl": "http://ecx.images-amazon.com/images/I/41UptqQsJhL._SY300_.jpg", "price": 10.99, "numReviews": 2, "groups": [71], "averageRating": 3.5}, {"asin": "B00433SPAM", "name": "Speck Products SPK-A0142 Fitted Hard Case with Fabric for iPod Touch 4G - Darkest TartanPlaid", "imUrl": "http://ecx.images-amazon.com/images/I/510CB0TRLVL._SY300_.jpg", "price": 29.25, "numReviews": 2, "groups": [72], "averageRating": 3.5}, {"asin": "B0057RGH62", "name": "Hello Kitty Sitting Pink - iPod Touch (2nd & 3rd Gen) - Skinit Skin", "imUrl": "http://ecx.images-amazon.com/images/I/410wXq7GGyL._SY300_.jpg", "price": 12.99, "numReviews": 7, "groups": [73], "averageRating": 3.142857142857143}, {"asin": "B005ZWBLRO", "name": "Cell Xcessories Black Leather Folio Flip-Up Folding Case Cover for Apple iPod Touch 4th Gen Generation 4G 8GB 32GB 64GB", "imUrl": "http://ecx.images-amazon.com/images/I/41w3rmIXW7L._SY300_.jpg", "price": 5.45, "numReviews": 62, "groups": [74], "averageRating": 3.7580645161290325}, {"asin": "B008H7DIA2", "name": "iPod Touch 4 Defender Style Case (Blue/White) By SportyGigabite", "imUrl": "http://ecx.images-amazon.com/images/I/51fjFIZA0DL._SY300_.jpg", "price": 1.7, "numReviews": 2, "groups": [75], "averageRating": 3.0}, {"asin": "B00AHGYQQ6", "name": "Hello kitty 3D ipod touch 5 Red Soft Silicone Case Cover Faceplate Protector For apple itouch 5g 5th Generation", "imUrl": "http://ecx.images-amazon.com/images/I/31-LUQqyVyL.jpg", "price": 5.99, "numReviews": 3, "groups": [76], "averageRating": 5.0}, {"asin": "B002YNTHIM", "name": "KingCase Ipod Touch 2G 3G - 2nd & 3rd Gen. Rubberized Slim Slider Case (Red & Black) 8GB, 16GB, 32GB, 64GB", "imUrl": "http://ecx.images-amazon.com/images/I/41KL-ngcwHL._SY300_.jpg", "price": 5.8, "numReviews": 8, "groups": [77], "averageRating": 3.5}, {"asin": "B003YFG0X4", "name": "eForCity 2-Tone Rubberized Hard Case for 8GB, 16GB, 32GB and 64GB Apple iPod touch 2G/3G (Blue/Black)", "imUrl": "http://ecx.images-amazon.com/images/I/51FA-apd4ZL._SY300_.jpg", "price": 2.07, "numReviews": 9, "groups": [78], "averageRating": 3.3333333333333335, "brand": "eForCity"}, {"asin": "B00HX9ERFK", "name": "TARDIS Police Call Box Unique Design Pattern Slim Wallet Card Flip Stand PU Leather Pouch Case Cover For Apple iPod Touch 5 5th Generation", "imUrl": "http://ecx.images-amazon.com/images/I/51mpMurLkfL._SX300_.jpg", "price": 17.99, "numReviews": 5, "groups": [79], "averageRating": 4.4}, {"asin": "B00439G4EA", "name": "i.Sound Sesame Street Elmo Silicone Sleeve for iPod touch (Red)", "imUrl": "http://ecx.images-amazon.com/images/I/41mzzofuaPL._SY300_.jpg", "price": 19.99, "numReviews": 2, "groups": [80], "averageRating": 2.5}, {"asin": "B009CCYWQK", "name": "(Mobile King) For Apple iPod Touch 4th Generation 4G - Shock Proof Dual layer Hybrid Armor Case - Hard Shell + Silicone Cover (Color: Green)", "imUrl": "http://ecx.images-amazon.com/images/I/51JHVyxNEGL._SY300_.jpg", "price": 4.49, "numReviews": 3, "groups": [81], "averageRating": 4.666666666666667}, {"asin": "B00AHYECI0", "name": "[Icase-mall] Cute Baby Blue Crown Pig Silicone Case Cover for Apple iPod Touch 5th Generation 5G 5 Xmas Gift, 1 HD Clear Screen protector", "imUrl": "http://ecx.images-amazon.com/images/I/41weUwwUrQL._SY300_.jpg", "price": 10.99, "numReviews": 5, "groups": [82], "averageRating": 3.0}, {"asin": "B00AOGNAS4", "name": "ColorYourLife 6 Soft Silicone Gel Cases Skins Covers for iPod Touch 5 5th Generation with Screen Protector and Microfiber Cleaning Cloth", "imUrl": "http://ecx.images-amazon.com/images/I/51c8h88X39L._SX300_.jpg", "price": 0.61, "numReviews": 4, "groups": [83], "averageRating": 5.0}, {"asin": "B00CAE418G", "name": "I Need 3d Stitch & Lilo Ipod Touch 4 Soft Silicone Case Cover with 3d Stitch Stylus Pen for Ipod Touch 4/4g/4th Generation - Yellow yellow", "imUrl": "http://ecx.images-amazon.com/images/I/3120-wdVw6L.jpg", "price": 2.51, "numReviews": 1, "groups": [84], "averageRating": 5.0}, {"asin": "B004BHV480", "name": "GreatShield iSlide Slim-Fit PolyCarbonate Hard Case for Apple iPod Touch 4th Generation - White", "imUrl": "http://ecx.images-amazon.com/images/I/41q4Y-gjXuL._SY300_.jpg", "price": 8.95, "numReviews": 254, "groups": [85], "averageRating": 4.496062992125984}, {"asin": "B004V3QY16", "name": "NFL Denver Broncos Varsity Jacket Hardshell Case for iPod Touch 4G, Black, 4.4x2.4-Inch", "imUrl": "http://ecx.images-amazon.com/images/I/31LmbK3UbPL._SY300_.jpg", "price": 7.99, "numReviews": 3, "groups": [86], "averageRating": 2.6666666666666665}, {"asin": "B009OAZW28", "name": "eForCity Clip-on Crystal Case for Apple iPod Touch 5G, Clear Rear", "imUrl": "http://ecx.images-amazon.com/images/I/314XF%2BJ18dL._SY300_.jpg", "price": 2.72, "numReviews": 184, "groups": [87], "averageRating": 4.163043478260869, "brand": "eForCity"}, {"asin": "B0045E447W", "name": "CrazyOnDigital TOUCH4G_Walltet_BlkOrang-WR Leather Wallet Case for iPod Touch 4G - Black with Orange Accents", "imUrl": "http://ecx.images-amazon.com/images/I/51HI7OAdm4L._SY300_.jpg", "price": 3.43, "numReviews": 64, "groups": [88], "averageRating": 3.46875}, {"asin": "B00A3EO4C8", "name": "For Apple Ipod Touch 5 5th Generation Panda Silicone Jelly Skin Cover Case Black Accessory", "imUrl": "http://ecx.images-amazon.com/images/I/41VgAt5iQML._SY300_.jpg", "price": 7.99, "numReviews": 61, "groups": [89], "averageRating": 4.540983606557377}, {"asin": "B00BS3TMXE", "name": "Luckystone 3D Blue Stitch & Lilo iPod Touch 4 Soft Silicone Case Cover For iTouch 4G 4th Generation", "imUrl": "http://ecx.images-amazon.com/images/I/41FqOfW4otL._SX300_.jpg", "price": 2.99, "numReviews": 12, "groups": [90], "averageRating": 4.5}, {"asin": "B00ANCPNQQ", "name": "eForCity TPU IMD Rubber Case Combo with 2 Clear Screen Protector for iPod touch 5G (Green/Sky Blue/Black)", "imUrl": "http://ecx.images-amazon.com/images/I/51PGhSLt98L._SY300_.jpg", "price": 4.98, "numReviews": 1, "groups": [91], "averageRating": 5.0}, {"asin": "B002RJUNMC", "name": "Belkin Ergo Silicone Case with Hand Strap for iPod touch 2G, 3G (Chili Pepper Red)", "imUrl": "http://ecx.images-amazon.com/images/I/41bbXVLwrNL._SY300_.jpg", "price": 5.83, "numReviews": 30, "groups": [92], "averageRating": 4.3}, {"asin": "B004S6C0IM", "name": "Hello Kitty Sitting Pink - iPod Touch (4th Gen) - Skinit Skin", "imUrl": "http://ecx.images-amazon.com/images/I/51jwCH55lRL._SY300_.jpg", "price": 12.99, "numReviews": 2, "groups": [93], "averageRating": 1.5}, {"asin": "B006580GDC", "name": "Silver Sparkles Case for Apple iPod Touch 4G (4th Generation)", "imUrl": "http://ecx.images-amazon.com/images/I/51uf3hKzrQL._SX300_.jpg", "price": 3.99, "numReviews": 17, "groups": [94], "averageRating": 4.411764705882353}, {"asin": "B00A6XTH4Q", "name": "MyBat Hot Pink Pekinese Pastel Skin Cover for iPod touch 5", "imUrl": "http://ecx.images-amazon.com/images/I/51oP6DvHaIL._SY300_.jpg", "price": 5.79, "numReviews": 5, "groups": [95], "averageRating": 4.8, "brand": "MyBat"}, {"asin": "B00AG9ND5E", "name": "HHI Silicone Skin Case for iPod Touch 5th Generation - Black Dog (Package include a HandHelditems Sketch Stylus Pen)", "imUrl": "http://ecx.images-amazon.com/images/I/41s3me71CWL._SY300_.jpg", "price": 5.99, "numReviews": 3, "groups": [96], "averageRating": 3.0}, {"asin": "B00DN0VKMG", "name": "DD 3D Cartoon Cute Super Adorable Glasses Hello Kitty Design Pattern Soft Silicone Back Case Cover Protective Skin for Apple iPod Touch iTouch 4 4th Generation + 3D Hello Kitty Stylus Touch Pen (Purple)", "imUrl": "http://ecx.images-amazon.com/images/I/41TrbBo8CFL._SY300_.jpg", "price": 3.99, "numReviews": 11, "groups": [97], "averageRating": 3.0}, {"asin": "B004HK2WFK", "name": "SportyGigabite iPod 4 Touch Defender Style case-Red/Black", "imUrl": "http://ecx.images-amazon.com/images/I/41ReE2g1WYL._SY300_.jpg", "price": 4.29, "numReviews": 8, "groups": [98], "averageRating": 4.375}, {"asin": "B001FWYXDM", "name": "Speck PixelSkin Rubberized Case for iPod touch 2G( Pink)", "imUrl": "http://ecx.images-amazon.com/images/I/512wqvS3qFL._SY300_.jpg", "price": 1.91, "numReviews": 724, "groups": [99], "averageRating": 4.621546961325967}, {"asin": "B001GEY0Y6", "name": "Belkin Leather Folio Case for iPod touch 2G, 3G (Black)", "imUrl": "http://ecx.images-amazon.com/images/I/31ZzQu1QhlL._SX300_.jpg", "price": 3.99, "numReviews": 152, "groups": [100], "averageRating": 4.282894736842105}, {"asin": "B003GRMVI8", "name": "Skullcandy iPod Touch 2G/3G Slider Case (Silver)", "imUrl": "http://ecx.images-amazon.com/images/I/41spTCLWrML._SX300_.jpg", "price": 1.92, "numReviews": 4, "groups": [101], "averageRating": 4.0}, {"asin": "B005VIE0GQ", "name": "KIQ Crystal Skin Case Cover For iPod Touch 2nd and 3rd Generation BUNDLE SET - 5 COLORS", "imUrl": "http://ecx.images-amazon.com/images/I/518QFRjHEzL._SY300_.jpg", "price": 1.92, "numReviews": 11, "groups": [102], "averageRating": 1.8181818181818181}, {"asin": "B00647HNSU", "name": "South Park Cartman Quote Case for 4th-Generation Apple iPod Touch", "imUrl": "http://ecx.images-amazon.com/images/I/514sDT8novL._SY300_.jpg", "price": 9.99, "numReviews": 4, "groups": [16], "averageRating": 5.0}, {"asin": "B00BD56280", "name": "Deluxe Purple 3-part Hybrid Hard Silicone Skin Case Cover compatible with Apple iPod Touch 4G, 4th Generation, 4th Gen", "imUrl": "http://ecx.images-amazon.com/images/I/51gupBn5-lL._SX300_.jpg", "price": 0.99, "numReviews": 4, "groups": [103], "averageRating": 4.0}, {"asin": "B002QCIHSM", "name": "Generic NEW BLACK RUBBERIZED HARD CASE COVER FOR APPLE iPOD TOUCH 2 3 2ND 3RD GEN", "imUrl": "http://ecx.images-amazon.com/images/I/4104HX%2BqiBL._SY300_.jpg", "price": 4.4, "numReviews": 170, "groups": [104], "averageRating": 3.0941176470588236, "brand": "Generic"}, {"asin": "B004DY9TUG", "name": "Skullcandy Armor Slider Case for Apple iPod Touch 4G-Green", "imUrl": "http://ecx.images-amazon.com/images/I/4197HLD8b1L._SY300_.jpg", "price": 19.95, "numReviews": 11, "groups": [105], "averageRating": 4.454545454545454}, {"asin": "B004U2VNOG", "name": "iSound  DGIPOD-4660 Sesame Street Elmo/Cookie Monster Double-Pack Silicone Cases for iPod Touch 4 - Blue/Red", "imUrl": "http://ecx.images-amazon.com/images/I/412HEKWj-pL._SY300_.jpg", "price": 14.94, "numReviews": 4, "groups": [106], "averageRating": 3.75, "brand": "iSound"}, {"asin": "B006589DBI", "name": "White Textured Silicone Case for Apple iPod Touch 4G (4th Generation)", "imUrl": "http://ecx.images-amazon.com/images/I/41ZgytcJKFL._SX300_.jpg", "price": 4.99, "numReviews": 2, "groups": [107], "averageRating": 3.0}, {"asin": "B00F5RK1HA", "name": "MagicSky Robot Series Hybrid Case for Apple iPod Touch 4 4th Generation - 1 Pack - Retail Packaging - Black/Black", "imUrl": "http://ecx.images-amazon.com/images/I/41lAhf04OOL._SY300_.jpg", "price": 3.99, "numReviews": 54, "groups": [108], "averageRating": 4.037037037037037}, {"asin": "B008IDC4KA", "name": "eForCity Hybrid Case for Apple iPod touch 4G, White Hard/Orange Skin Arrow", "imUrl": "http://ecx.images-amazon.com/images/I/31sB027A0UL._SY300_.jpg", "price": 9.6, "numReviews": 90, "groups": [109], "averageRating": 4.088888888888889}, {"asin": "B00ADI12QA", "name": "Eagle Cell Image Case for iPod touch 5", "imUrl": "http://ecx.images-amazon.com/images/I/51oxwmX90lL._SY300_.jpg", "price": 2.01, "numReviews": 1, "groups": [110], "averageRating": 2.0, "brand": "Eagle Cell"}, {"asin": "B00B1S1UX6", "name": "Hello kitty 3D ipod touch 4 Hot-Pink Soft Silicone Case Cover Faceplate Protector With 3D Hello Kitty STYLUS PenFor itouch 4g 4th Generation", "imUrl": "http://ecx.images-amazon.com/images/I/41HMBcSYkuL._SY300_.jpg", "price": 3.99, "numReviews": 32, "groups": [111], "averageRating": 4.3125}, {"asin": "B00D56YJYY", "name": "3D Silver Eiffel Tower Bling Diamond Hard Back Case For Apple iPod touch 5th 5 Gen 5Ge (touch5cover)", "imUrl": "http://ecx.images-amazon.com/images/I/51O3I4rqYiL._SY300_.jpg", "price": 2.36, "numReviews": 65, "groups": [112], "averageRating": 3.5846153846153848}, {"asin": "B004U8DU1O", "name": "Apple Ipod Touch 4G Red Leather Case", "imUrl": "http://ecx.images-amazon.com/images/I/41ZPDHLOZHL._SY300_.jpg", "price": 5.47, "numReviews": 4, "groups": [113], "averageRating": 3.0}, {"asin": "B005ND10H6", "name": "Blue Case Cover for Apple iPod Touch 2G / 3G (2nd & 3rd Generation)", "imUrl": "http://ecx.images-amazon.com/images/I/51kASWMz4yL._SX300_.jpg", "price": 5.99, "numReviews": 4, "groups": [114], "averageRating": 3.75}, {"asin": "B003LSTD3S", "name": "AmazonBasics Leather Case with Front Cover for Apple iPod touch 3rd Gen (Black)", "imUrl": "http://ecx.images-amazon.com/images/I/51kmvd39yRL._SX300_.jpg", "price": 12.57, "numReviews": 46, "groups": [115], "averageRating": 4.173913043478261}, {"asin": "B0098CTQNI", "name": "eForCity Penguin Silicone Skin Case for Apple iPod touch 4G, Black", "imUrl": "http://ecx.images-amazon.com/images/I/51KUnY%2BHofL._SY300_.jpg", "price": 3.87, "numReviews": 31, "groups": [116], "averageRating": 4.806451612903226, "brand": "eForCity"}, {"asin": "B00A4PJUW0", "name": "EMPIRE Full Coverage Electric Lemonade Polka Dot Case for Apple iPod Touch 4Gen 4th Gen", "imUrl": "http://ecx.images-amazon.com/images/I/51Tih--SdaL._SY300_.jpg", "price": 8.95, "numReviews": 27, "groups": [117], "averageRating": 4.074074074074074}, {"asin": "B00B7F1HWW", "name": "Newest Crystal Bling 3D Peacock Case Cover For Apple iPod Touch 5 5G 5th Sky Blu", "imUrl": "http://ecx.images-amazon.com/images/I/51t4bIF9g0L._SY300_.jpg", "price": 7.59, "numReviews": 1, "groups": [118], "averageRating": 5.0}, {"asin": "B0089PEGHQ", "name": "Bastexwireless Black Penguin Soft Silicone Case for iPod Touch 4/4th/4G/ iTouch Gen Generation 8GB 16GB 32GB MP3", "imUrl": "http://ecx.images-amazon.com/images/I/31xNAycltcL.jpg", "price": 3.27, "numReviews": 16, "groups": [116], "averageRating": 4.5}, {"asin": "B00ASFCM12", "name": "eForcity Card Holder Stand Leather Case with Clear Reusable Screen Protector for iPod touch 5G (Purple)", "imUrl": "http://ecx.images-amazon.com/images/I/41lBRw8P5wL._SY300_.jpg", "price": 3.98, "numReviews": 4, "groups": [119], "averageRating": 3.75}, {"asin": "B00433SP9S", "name": "Speck CandyShell Grip Case for iPod touch 4G (Black/white)", "imUrl": "http://ecx.images-amazon.com/images/I/51gaKICgUCL._SY300_.jpg", "price": 29.99, "numReviews": 76, "groups": [25, 120], "averageRating": 3.5}, {"asin": "B009RR0232", "name": "VMG For Apple iPod Touch 4 iTouch 4 (4th Gen) Vertical Leather Clutch Travel Protector Carrier Purse Case Cover - Dark Navy Blue", "imUrl": "http://ecx.images-amazon.com/images/I/410FGBrM%2B7L._SX300_.jpg", "price": 5.47, "numReviews": 1, "groups": [121], "averageRating": 3.0}, {"asin": "B00A3YPBBG", "name": "IPod Touch 5 Purple And Black Hybrid Case", "imUrl": "http://ecx.images-amazon.com/images/I/51Z45xUwSrL._SY300_.jpg", "price": 0.95, "numReviews": 1, "groups": [122], "averageRating": 3.0}, {"asin": "B00AWLBMAO", "name": "3D Stitch & Lilo ipod touch 4 Soft Silicone Case Cover with 3D Stitch Stylus Pen For itouch 4g 4th Generation - Purple", "imUrl": "http://ecx.images-amazon.com/images/I/41uJxyZLBGL._SY300_.jpg", "price": 7.99, "numReviews": 9, "groups": [123], "averageRating": 3.7777777777777777}, {"asin": "B00362JMRG", "name": "CaseCrown Metallic Glider Case (Silver) for Apple iPod Touch 2G / 3G", "imUrl": "http://ecx.images-amazon.com/images/I/31Xe2B9f8vL._SY300_.jpg", "price": 1.91, "numReviews": 36, "groups": [124], "averageRating": 4.138888888888889}, {"asin": "B009CCYVYS", "name": "(Mobile King) For Apple iPod Touch 4th Generation 4G - Shock Proof Dual layer Hybrid Armor Case - Hard Shell + Silicone Cover (Color: black )", "imUrl": "http://ecx.images-amazon.com/images/I/51VLlXFiR7L._SY300_.jpg", "price": 2.91, "numReviews": 5, "groups": [125], "averageRating": 4.0}, {"asin": "B009RZFEWI", "name": "Cimo Gloss Back Flexible Cover TPU Case for Apple iPod Touch 5 5G 5th Generation (2012) - Clear", "imUrl": "http://ecx.images-amazon.com/images/I/51ZtoxADJaL._SY300_.jpg", "price": 6.95, "numReviews": 7, "groups": [126], "averageRating": 4.428571428571429}, {"asin": "B009UOF2GO", "name": "Everydaysource\u00ae compatible with Apple\u00ae iPod touch\u00ae 5th Generation Phone Leather Wallet Case, White 4.9\"x2.6\"x0.4\"", "imUrl": "http://ecx.images-amazon.com/images/I/518r9JMjnML._SY300_.jpg", "price": 5.91, "numReviews": 3, "groups": [127], "averageRating": 5.0}, {"asin": "B005DOUBDO", "name": "eforCity Crystal Soft Gel Case for iPod touch 2G/3G (Blue)", "imUrl": "http://ecx.images-amazon.com/images/I/61Rd5ELR0JL._SY300_.jpg", "price": 14.04, "numReviews": 6, "groups": [128], "averageRating": 4.333333333333333}, {"asin": "B0018NHG7S", "name": "Griffin FlexGrip Case for iPod touch 2G, 3G (Black)", "imUrl": "http://ecx.images-amazon.com/images/I/41rFbptUJ6L._SY300_.jpg", "price": 5.96, "numReviews": 12, "groups": [129], "averageRating": 4.333333333333333}, {"asin": "B0086U3QIO", "name": "eForCity Leather Wallet Case for iPod touch 4G (Black/Blue Dot)", "imUrl": "http://ecx.images-amazon.com/images/I/51mXlQgAykL._SY300_.jpg", "price": 3.43, "numReviews": 209, "groups": [130], "averageRating": 4.119617224880383, "brand": "eForCity"}, {"asin": "B009XLVCO0", "name": "HHI Silicone Skin Case for iPod Touch 5th Generation - Baby Pink Funky Duck (Package include a HandHelditems Sketch Stylus Pen)", "imUrl": "http://ecx.images-amazon.com/images/I/31wU%2BniwHML._SY300_.jpg", "price": 3.99, "numReviews": 3, "groups": [131], "averageRating": 5.0}, {"asin": "B00APD48TG", "name": "Everydaysource\u00ae Compatible with Apple\u00ae iPod touch\u00ae 5th Generation Green / Peace Sign Cute Flowers with Butterfly Snap-on Rubber Coated Case", "imUrl": "http://ecx.images-amazon.com/images/I/51oKYCJREhL._SY300_.jpg", "price": 0.61, "numReviews": 1, "groups": [132], "averageRating": 4.0}, {"asin": "B0042IQE60", "name": "iPod Touch 4th Generation Silicone Looper Skin Case - Green [Electronics]", "imUrl": "http://ecx.images-amazon.com/images/I/412pFPo2F4L._SY300_.jpg", "price": 6.77, "numReviews": 8, "groups": [133], "averageRating": 3.375}, {"asin": "B004SK9DTC", "name": "Rubberized Slider Case for Apple iPod Touch (2nd & 3rd Generation) - Red", "imUrl": "http://ecx.images-amazon.com/images/I/41PbuIrBTYL._SY300_.jpg", "price": 0.99, "numReviews": 8, "groups": [134], "averageRating": 3.25}, {"asin": "B00517CVL8", "name": "Red Case for Apple iPod Touch 2G, 3G (2nd & 3rd Generation)", "imUrl": "http://ecx.images-amazon.com/images/I/41753conbwL._SY300_.jpg", "price": 3.81, "numReviews": 64, "groups": [135], "averageRating": 3.25}, {"asin": "B0087Z5MEE", "name": "eForCity Wallet Leather Case with Reusable Screen Protector for iPod touch 4G (Black Blue Dot)", "imUrl": "http://ecx.images-amazon.com/images/I/41K41kyXD3L._SY300_.jpg", "price": 7.87, "numReviews": 16, "groups": [136], "averageRating": 3.4375, "brand": "eForCity"}, {"asin": "B0049OP79M", "name": "SwitchEasy Nude Slim Case for iPod Touch 4G (UltraClear)", "imUrl": "http://ecx.images-amazon.com/images/I/11c41C76gvL.jpg", "price": 19.99, "numReviews": 14, "groups": [137], "averageRating": 4.285714285714286, "brand": "SwitchEasy"}, {"asin": "B0087Z5QCW", "name": "eForCity\u00ae Spring Flower Rubber Coated Case with FREE Reusable Screen Protector Compatible with Apple\u00ae iPod touch\u00ae 2nd Generation / 3rd Generation", "imUrl": "http://ecx.images-amazon.com/images/I/510Bez%2BS-iL._SY300_.jpg", "price": 3.8, "numReviews": 3, "groups": [138], "averageRating": 4.333333333333333}, {"asin": "B008V432M0", "name": "Pink Dot Wallet Faux Leather Holder Flip Case Cover Pouch for iPod Touch 4 4G", "imUrl": "http://ecx.images-amazon.com/images/I/51pZUl46XeL._SX300_.jpg", "price": 5.83, "numReviews": 33, "groups": [139], "averageRating": 4.363636363636363}, {"asin": "B00CAE3QG4", "name": "I Need 3d Blue Stitch & Lilo Ipod Touch 4 Soft Silicone Case Cover with 3d Stitch Stylus Pen for Ipod Touch 4/4g/4th Generation - Blue/red", "imUrl": "http://ecx.images-amazon.com/images/I/31VfCzpbn4L.jpg", "price": 3.99, "numReviews": 8, "groups": [140], "averageRating": 3.5}, {"asin": "B005LY6GO4", "name": "VMG Black Premium Leatherette Horizontal \"Wallet-Style\" Folding Case for Appl...", "imUrl": "http://ecx.images-amazon.com/images/I/41t36QN56gL._SX300_.jpg", "price": 7.51, "numReviews": 1, "groups": [141], "averageRating": 3.0}, {"asin": "B009EJA3XM", "name": "ASleek Blue Silicone Skin / White Hard Hybrid Case Cover for Apple iPod Touch 4th Generation", "imUrl": "http://ecx.images-amazon.com/images/I/51WDZvVLDdL._SY300_.jpg", "price": 5.99, "numReviews": 5, "groups": [142], "averageRating": 2.4, "brand": "ASleek"}, {"asin": "B00ADI0M48", "name": "MyBat Black Pekinese Pastel Skin Cover for iPod touch 5", "imUrl": "http://ecx.images-amazon.com/images/I/51blevn9MKL._SY300_.jpg", "price": 5.79, "numReviews": 7, "groups": [143], "averageRating": 4.714285714285714, "brand": "MyBat"}, {"asin": "B003LSTD42", "name": "AmazonBasics Silicone Case for Apple iPod touch 3rd Gen (Black)", "imUrl": "http://ecx.images-amazon.com/images/I/31xAqR2%2BPIL._SX300_.jpg", "price": 4.33, "numReviews": 45, "groups": [144], "averageRating": 4.222222222222222}, {"asin": "B0041T20AY", "name": "Griffin Elan Form Case for iPod touch 4G (Black)", "imUrl": "http://ecx.images-amazon.com/images/I/510s6l3lg-L._SY300_.jpg", "price": 8.0, "numReviews": 13, "groups": [145], "averageRating": 4.153846153846154}, {"asin": "B0047JXGNI", "name": "IPOD TOUCH 4 PU LEATHER FLIP CASE - BLACK, WITH 6 SCREEN PROTECTORS & 1 STYLUS", "imUrl": "http://ecx.images-amazon.com/images/I/41hbF93ULbL._SY300_.jpg", "price": 5.02, "numReviews": 68, "groups": [146], "averageRating": 3.7794117647058822}, {"asin": "B004SKCBU0", "name": "Rubberized Slider Case for Apple iPod Touch 2nd and 3rd Generation-Royal Blue", "imUrl": "http://ecx.images-amazon.com/images/I/3145C91gBtL._SY300_.jpg", "price": 3.5, "numReviews": 8, "groups": [147], "averageRating": 2.625}, {"asin": "B00605ZNO2", "name": "Cell Xcessories Teal Leather Folio Flip-Up Folding Case Cover for Apple iPod Touch 4th Gen Generation 4G 8GB 32GB 64GB", "imUrl": "http://ecx.images-amazon.com/images/I/41JqiTgS5sL._SY300_.jpg", "price": 10.81, "numReviews": 27, "groups": [148], "averageRating": 3.740740740740741}, {"asin": "B00AJH1NS2", "name": "eForCity Snap-On Rubber Coated Case for iPod touch 5G (Giraffe)", "imUrl": "http://ecx.images-amazon.com/images/I/41waUa1cWSL._SY300_.jpg", "price": 9.77, "numReviews": 4, "groups": [149], "averageRating": 3.5}, {"asin": "B001GNFASM", "name": "Apple iPod Touch 2nd Generation BLACK Snap-on Hard Rubberized Crystal Case GB 16 GB 16GB", "imUrl": "http://ecx.images-amazon.com/images/I/514Qkg263cL._SY300_.jpg", "price": 5.15, "numReviews": 11, "groups": [150], "averageRating": 4.181818181818182}, {"asin": "B0083DSRKG", "name": "eForCity Snap-On Rubber Coated Case for iPod touch 2G/3G (Black/Colorful Blobs)", "imUrl": "http://ecx.images-amazon.com/images/I/51x2SOl0a4L._SY300_.jpg", "price": 3.07, "numReviews": 13, "groups": [151], "averageRating": 3.230769230769231, "brand": "eForCity"}, {"asin": "B00BS7KZFY", "name": "Hello Kitty Soft Silicone Skin Case Cover for IPOD TOUCH 5 5G 5TH GENERATION-Rose Red", "imUrl": "http://ecx.images-amazon.com/images/I/41ZFZTW8VcL._SY300_.jpg", "price": 5.99, "numReviews": 1, "groups": [152], "averageRating": 5.0}, {"asin": "B001JKYAHY", "name": "eForcity Hard Clip-On Crystal Case with Stand for iPod touch 2G (Transparent Clear)", "imUrl": "http://ecx.images-amazon.com/images/I/51hOPXNOIXL._SY300_.jpg", "price": 4.65, "numReviews": 5, "groups": [153], "averageRating": 2.8}, {"asin": "B007UXTD1M", "name": "Yellow Devil Case for Apple iPod Touch 2G / 3G (2nd & 3rd Generation)", "imUrl": "http://ecx.images-amazon.com/images/I/516aG6n72IL._SX300_.jpg", "price": 6.99, "numReviews": 3, "groups": [154], "averageRating": 5.0}, {"asin": "B008DHZW8C", "name": "ASleek Hybrid Orange and Black Armor Case Cover for Apple iPod Touch 4th Generation 4G", "imUrl": "http://ecx.images-amazon.com/images/I/41HTd%2BDlC1L._SY300_.jpg", "price": 6.49, "numReviews": 40, "groups": [155], "averageRating": 4.425}, {"asin": "B00433SOW6", "name": "Speck CandyShell Case for iPod touch 4G (Batwing Black)", "imUrl": "http://ecx.images-amazon.com/images/I/31jGoLnivwL._SY300_.jpg", "price": 30.26, "numReviews": 127, "groups": [120], "averageRating": 3.645669291338583}, {"asin": "B00885NI44", "name": "New Skullcandy Riser Grip iPod Touch 4th Generation Case - Skull Blue", "imUrl": "http://ecx.images-amazon.com/images/I/318KV6uSVoL._SY300_.jpg", "price": 11.5, "numReviews": 2, "groups": [156], "averageRating": 3.0}, {"asin": "B008XS0B1O", "name": "Everydaysource Purple Leather Case with Card Holder compatible with Apple iPod touch 4th Generation", "imUrl": "http://ecx.images-amazon.com/images/I/51n9NzlZWcL._SY300_.jpg", "price": 5.48, "numReviews": 5, "groups": [157], "averageRating": 4.8}, {"asin": "B00433SP1G", "name": "Speck Products SPK-A0114 PixelSkin Silicone Case for iPod Touch 4G - Hot Pink", "imUrl": "http://ecx.images-amazon.com/images/I/31BJJM7LdqL._SY300_.jpg", "price": 6.99, "numReviews": 81, "groups": [158], "averageRating": 4.37037037037037}, {"asin": "B0043KZ3RS", "name": "Belkin Grip Vue Solid Case for Apple iPod Touch 4G -Aqua", "imUrl": "http://ecx.images-amazon.com/images/I/31W5dFeRC8L._SY300_.jpg", "price": 6.99, "numReviews": 5, "groups": [159], "averageRating": 4.4}, {"asin": "B00AB6OCF2", "name": "Empire Slim Fit Blue Leopard Case for Apple iPod Touch 5Gen 5th Gen", "imUrl": "http://ecx.images-amazon.com/images/I/513hJ9m-9RL._SY300_.jpg", "price": 1.95, "numReviews": 32, "groups": [160], "averageRating": 3.78125, "brand": "Empire"}, {"asin": "B00ABDQ8LQ", "name": "Blue Flower Design Crystal Hard Skin Case Cover for Apple iPod Touch 5th Generation 5G 5", "imUrl": "http://ecx.images-amazon.com/images/I/51jZmJ%2B5-SL._SY300_.jpg", "price": 3.6, "numReviews": 8, "groups": [65], "averageRating": 4.5}, {"asin": "B00AQQG9TY", "name": "HHI Silicone Skin Case for iPod Touch 5th Generation - Black Cute Frog (Package include a HandHelditems Sketch Stylus Pen)", "imUrl": "http://ecx.images-amazon.com/images/I/41hIwaLgK4L._SY300_.jpg", "price": 3.99, "numReviews": 4, "groups": [161], "averageRating": 4.5}, {"asin": "B0052YO762", "name": "VIRAL ARROW Napa Leather Case for iPod Touch 4G NEWEST MODEL-Black", "imUrl": "http://ecx.images-amazon.com/images/I/41L05SuB9fL._SY300_.jpg", "price": 3.5, "numReviews": 37, "groups": [162], "averageRating": 4.378378378378378}, {"asin": "B005GXP8KI", "name": "Apple iPod Touch 4th gen case hard rubber crystal skin case with kick stand - Red", "imUrl": "http://ecx.images-amazon.com/images/I/41ni4HAW7gL._SY300_.jpg", "price": 1.7, "numReviews": 25, "groups": [163], "averageRating": 3.04}, {"asin": "B00841ACZA", "name": "eForCity Silicone Skin Case for iPod touch 4G (Red with \"Keep Calm And Carry On\" Quote)", "imUrl": "http://ecx.images-amazon.com/images/I/51kJLBP-QKL._SY300_.jpg", "price": 6.07, "numReviews": 12, "groups": [164], "averageRating": 3.9166666666666665, "brand": "eForCity"}, {"asin": "B009UZLKOQ", "name": "White Heavy Duty Kickstand Cover Case for Apple iPod 5 5G 5th Gen", "imUrl": "http://ecx.images-amazon.com/images/I/31gLiRfL1PL._SY300_.jpg", "price": 2.9, "numReviews": 2, "groups": [165], "averageRating": 5.0}, {"asin": "B00DLYX2SY", "name": "DD 3D Cute Cartoon Super Adorable Hello Kitty Soft Silicone Back Case Cover Protective Skin for Apple iPod Touch iTouch 4 4th Generation + Hello Kitty Earbud (Rose/Pink)", "imUrl": "http://ecx.images-amazon.com/images/I/41RX0uaWuYL._SY300_.jpg", "price": 11.97, "numReviews": 5, "groups": [166], "averageRating": 4.4}, {"asin": "B0030Y5P9O", "name": "eforCity Crystal Soft Gel Case for iPod touch 2G/3G (Blue)", "imUrl": "http://ecx.images-amazon.com/images/I/61Rd5ELR0JL._SY300_.jpg", "price": 3.05, "numReviews": 24, "groups": [167], "averageRating": 4.166666666666667}, {"asin": "B004VYABGE", "name": "Soft Angel Case for Apple iPod Touch 4G - Hot Pink", "imUrl": "http://ecx.images-amazon.com/images/I/41XQc4TFZAL._SX300_.jpg", "price": 6.65, "numReviews": 8, "groups": [168], "averageRating": 4.375}, {"asin": "B009EJ9202", "name": "ASleek Black Silicone Skin / White Hard Hybrid Case Cover for Apple iPod Touch 4th Generation", "imUrl": "http://ecx.images-amazon.com/images/I/51ItROT%2BiEL._SY300_.jpg", "price": 5.99, "numReviews": 38, "groups": [169], "averageRating": 4.315789473684211}, {"asin": "B001FWYXD2", "name": "Speck PixelSkin Rubberized Case for iPod touch 2G( Pink)", "imUrl": "http://ecx.images-amazon.com/images/I/512wqvS3qFL._SY300_.jpg", "price": 1.91, "numReviews": 724, "groups": [170], "averageRating": 4.621546961325967}, {"asin": "B001IZ9IZE", "name": "DLO VideoShell Case for iPod touch 2G, 3G (Clear)", "imUrl": "http://ecx.images-amazon.com/images/I/41q9XkqKG7L._SY300_.jpg", "price": 7.97, "numReviews": 16, "groups": [171], "averageRating": 3.5, "brand": "DLO"}, {"asin": "B002YNV0LE", "name": "KingCase Ipod Touch 2G 3G - 2nd & 3rd Gen. Rubberized Slim Slider Case (Hot Pink & Black) 8GB, 16GB, 32GB, 64GB", "imUrl": "http://ecx.images-amazon.com/images/I/41akJ6MIrnL._SY300_.jpg", "price": 1.71, "numReviews": 5, "groups": [172], "averageRating": 3.2}, {"asin": "B008JBOPT4", "name": "eForCity Skin Arrow Hybrid Hard Plastic and Color Silicone Case Combo with Clear Diamond Headset and Dust Cap for iPod touch 4G, 4-Pack (Orange (Green/Red/Blue)", "imUrl": "http://ecx.images-amazon.com/images/I/51uha0ujQFL._SY300_.jpg", "price": 16.36, "numReviews": 1, "groups": [173], "averageRating": 3.0}, {"asin": "B009ONM4R6", "name": "Evecase SolarGel Cover Case for Apple iPod Touch iTouch 5G 5th Generation (2012 Version) - Argyle Red", "imUrl": "http://ecx.images-amazon.com/images/I/51g2CRrNqHL._SY300_.jpg", "price": 3.95, "numReviews": 100, "groups": [174], "averageRating": 4.19}, {"asin": "B003D2FONU", "name": "eForCity Hard Case Cover for iPod touch 3G (Red)", "imUrl": "http://ecx.images-amazon.com/images/I/51DBAfhu2wL._SY300_.jpg", "price": 2.07, "numReviews": 1, "groups": [175], "averageRating": 2.0, "brand": "eForCity"}, {"asin": "B004NDSQUQ", "name": "Speck Burton Edition Fitted for iPod touch -4th gen - Toile", "imUrl": "http://ecx.images-amazon.com/images/I/517vkpeEzeL._SY300_.jpg", "price": 19.25, "numReviews": 8, "groups": [176], "averageRating": 3.875}, {"asin": "B003UIDG9Q", "name": "Premium Skin for Apple iPod Touch 2nd Generation 2G Case, Silicone case for iTouch 2nd Gen 8GB, 16GB, 32GB + Screen Protector + Gift (Many Colors Available)", "imUrl": "http://ecx.images-amazon.com/images/I/41kx5XfSKWL._SY300_.jpg", "price": 1.91, "numReviews": 2, "groups": [177], "averageRating": 5.0}, {"asin": "B0042X93AE", "name": "Belkin Grip Vue Tint Case for iPod Touch 4G (Black) (Discontinued by Manufacturer)", "imUrl": "http://ecx.images-amazon.com/images/I/31LlXqU4TsL._SY300_.jpg", "price": 5.99, "numReviews": 107, "groups": [178], "averageRating": 4.345794392523365}, {"asin": "B008IDC36K", "name": "eForCity Hybrid Case for Apple iPod touch 4G - Black Hard/Green Skin Arrow", "imUrl": "http://ecx.images-amazon.com/images/I/41WdIQJT3BL._SY300_.jpg", "price": 9.51, "numReviews": 82, "groups": [179], "averageRating": 4.012195121951219, "brand": "eForCity"}, {"asin": "B00C7KYQLA", "name": "Mavis's Diary New 3d Handmade Luxury Crystal Bow Bling White Case Cover Hard for Ipod Touch 5 5th Generation with Soft Clean Cloth (Bow with Hot Pink Case)", "imUrl": "http://ecx.images-amazon.com/images/I/51oYr-DLEUL._SY300_.jpg", "price": 5.99, "numReviews": 58, "groups": [180], "averageRating": 4.103448275862069}, {"asin": "B007UXUS1Q", "name": "Everydaysource\u00ae Green Case cover Compatible With iPod touch\u00ae2nd 3rd Gen", "imUrl": "http://ecx.images-amazon.com/images/I/61zYx7p9GXL._SY300_.jpg", "price": 2.42, "numReviews": 20, "groups": [181], "averageRating": 4.7}, {"asin": "B00BAF2W7S", "name": "Baby Blue / White Hybrid Premium Rugged Hard Soft Case Skin Cover for iPod Touch 4th Generation 4G 4", "imUrl": "http://ecx.images-amazon.com/images/I/51IB7qXnBiL._SY300_.jpg", "price": 3.18, "numReviews": 2, "groups": [182], "averageRating": 3.0}, {"asin": "B004MZBPRG", "name": "Bling Winnie the Pooh Back Case for iPod Touch 4th Generation", "imUrl": "http://ecx.images-amazon.com/images/I/416rhxFti6L._SY300_.jpg", "price": 3.99, "numReviews": 1, "groups": [183], "averageRating": 5.0}, {"asin": "B004SK70C4", "name": "eForCity Clear TPU Hard Gel Case Cover for iPod touch 4G", "imUrl": "http://ecx.images-amazon.com/images/I/51TKaOXojBL._SY300_.jpg", "price": 0.99, "numReviews": 7, "groups": [184], "averageRating": 4.142857142857143}, {"asin": "B0076H02SU", "name": "Multi-Color Sparkles Case for Apple iPod Touch 2G / 3G (2nd & 3rd Generation)", "imUrl": "http://ecx.images-amazon.com/images/I/51%2BAodl5xVL._SX300_.jpg", "price": 6.99, "numReviews": 1, "groups": [185], "averageRating": 2.0}, {"asin": "B007VIZEMI", "name": "SmallWorks BrickPod4 for iPod Touch 4G (Yellow)", "imUrl": "http://ecx.images-amazon.com/images/I/41zDKsLzTaL._SY300_.jpg", "price": 9.99, "numReviews": 2, "groups": [52], "averageRating": 5.0}, {"asin": "B00C86HBK6", "name": "Minidandan 3d Cute Cartoon Silicone Bumble Bee Cover Case for Apple Ipod Touch 5", "imUrl": "http://ecx.images-amazon.com/images/I/41Zid9rRgBL._SX300_.jpg", "price": 9.99, "numReviews": 4, "groups": [186], "averageRating": 3.5}, {"asin": "B00EKMBB70", "name": "Bastex Cute 3D Silicone Teddy Bear Case for Apple iPod Touch 4, 4th Generation - Powder Blue", "imUrl": "http://ecx.images-amazon.com/images/I/51ivV7c%2B2EL._SX300_.jpg", "price": 7.99, "numReviews": 11, "groups": [187], "averageRating": 3.272727272727273, "brand": "Bastex"}, {"asin": "B0042X93DQ", "name": "Belkin Grip Groove Case 2-Pack for iPod touch 4G (Black/Clear)", "imUrl": "http://ecx.images-amazon.com/images/I/41FY%2BKjVI-L._SY300_.jpg", "price": 7.49, "numReviews": 38, "groups": [188], "averageRating": 3.973684210526316}, {"asin": "B009D78IVO", "name": "rooCASE Ultra Slim Matte (Black) Shell Case for Apple iPod Touch 5 (5th Generation Sept 2012)", "imUrl": "http://ecx.images-amazon.com/images/I/51%2BVi0DL4ZL._SY300_.jpg", "price": 9.99, "numReviews": 29, "groups": [189], "averageRating": 4.206896551724138}, {"asin": "B00ANYFKEO", "name": "eForCity Snap-On Rubber Coated Case for iPod touch 5G (White with Flower)", "imUrl": "http://ecx.images-amazon.com/images/I/61J2n9yR-GL._SY300_.jpg", "price": 0.61, "numReviews": 1, "groups": [190], "averageRating": 5.0}, {"asin": "B003F8I1LE", "name": "Skinomi TechSkin - Carbon Fiber Skin Protector Shield Full Body for Apple iPod Touch 2010 (4th Generation)", "imUrl": "http://ecx.images-amazon.com/images/I/51QQrYXAnUL._SY300_.jpg", "price": 20.99, "numReviews": 27, "groups": [191], "averageRating": 3.8518518518518516}, {"asin": "B00A9JRPHI", "name": "BUKIT CELL (TM) HOT PINK Bear 3D Cartoon Soft Silicone Skin Case Cover for IPOD TOUCH 5 5G 5TH GENERATION + BUKIT CELL Trademark Lint Cleaning Cloth + Screen Protector + WirelessGeeks247 METALLIC Touch Screen STYLUS PEN with Anti Dust Plug [bundle - 4 items: case, cloth, stylus pen and screen protector]", "imUrl": "http://ecx.images-amazon.com/images/I/419tHQh9p0L._SY300_.jpg", "price": 1.6, "numReviews": 2, "groups": [192], "averageRating": 3.0}, {"asin": "B00B5PXL1E", "name": "ECO-FUSED\u00ae 11 pieces Soft Silicon Flex Cover Case Skin Bundle for Apple iPod Touch 5 / 10 Silicon Cover Cases (Black, White, Red, Orange, Yellow, Green, Blue, Light Blue, Purple, Pink) - ECO-FUSED\u00ae Microfiber Cleaning Cloth included", "imUrl": "http://ecx.images-amazon.com/images/I/41HLsanCnkL._SY300_.jpg", "price": 14.79, "numReviews": 15, "groups": [193], "averageRating": 4.466666666666667}, {"asin": "B0041044F2", "name": "Hello Kitty Hardshell Case for iPod Touch 3G", "imUrl": "http://ecx.images-amazon.com/images/I/41dDccCUAlL._SX300_.jpg", "price": 12.99, "numReviews": 2, "groups": [194], "averageRating": 3.0}, {"asin": "B0079Q6DFE", "name": "Orange Textured Silicone Case for Apple iPod Touch 4G (4th Generation)", "imUrl": "http://ecx.images-amazon.com/images/I/41mPMHRVDtL._SY300_.jpg", "price": 0.99, "numReviews": 3, "groups": [195], "averageRating": 3.3333333333333335}, {"asin": "B004U8G20A", "name": "niceEshop Black Leather Folio Flip-Up Folding Case Cover for Apple iPod Touch 4th Gen Generation 4G 8GB 32GB 64GB", "imUrl": "http://ecx.images-amazon.com/images/I/41Vxig64HBL._SY300_.jpg", "price": 5.02, "numReviews": 73, "groups": [74], "averageRating": 3.9863013698630136}, {"asin": "B005NCLURW", "name": "Yellow Case for Apple iPod Touch 2G, 3G (2nd and 3rd Generation)", "imUrl": "http://ecx.images-amazon.com/images/I/31myn2zZtYL._SY300_.jpg", "price": 4.99, "numReviews": 6, "groups": [196], "averageRating": 3.6666666666666665}, {"asin": "B003E2CJ9G", "name": "ORANGE Apple iPod Touch 3 3G 3rd Generation 16GB 32GB 64GB CANDY Silicone Case Skin Cover", "imUrl": "http://ecx.images-amazon.com/images/I/51zAz0cGubL._SY300_.jpg", "price": 4.4, "numReviews": 56, "groups": [197], "averageRating": 4.339285714285714}, {"asin": "B0046S1W4K", "name": "eForCity Snap-On Crystal Case for iPod touch 4G (Clear)", "imUrl": "http://ecx.images-amazon.com/images/I/51FTMUvsUmL._SY300_.jpg", "price": 4.05, "numReviews": 11, "groups": [198], "averageRating": 3.727272727272727, "brand": "eForCity"}, {"asin": "B008H2GIAO", "name": "Everydaysource Crystal Clear BLU Case Cover+Protector Compatible With iPod Touch iTouch 2nd 3rd 3 2 G Gen", "imUrl": "http://ecx.images-amazon.com/images/I/51XqrM-e9fL._SY300_.jpg", "price": 2.81, "numReviews": 1, "groups": [199], "averageRating": 1.0}, {"asin": "B004E0K4PS", "name": "Evecase Permium Durable Leather Flip Carrying Case - Black for Apple iPod touch 8GB 32GB 64G 4G 4 (4th Generation)", "imUrl": "http://ecx.images-amazon.com/images/I/41TSzM8CvBL._SY300_.jpg", "price": 5.46, "numReviews": 14, "groups": [200], "averageRating": 3.5}, {"asin": "B006R6VWY4", "name": "New Glossy Crystal Hundred Dollar Benjamin 2d Hard Snap-on Crystal Skin Case Cover Accessory for Ipod Touch 4th Generation 4g 4 8gb 32gb 64gb", "imUrl": "http://ecx.images-amazon.com/images/I/41v8Ki8fP6L.jpg", "price": 1.69, "numReviews": 8, "groups": [201], "averageRating": 3.75}, {"asin": "B0095TF084", "name": "Black Penguin Soft Silicone Skin Cover Case for Apple Ipod Touch 4 / 4th / 4g / Itouch Gen Generation 8gb 16gb 32gb Mp3", "imUrl": "http://ecx.images-amazon.com/images/I/51KUnY%2BHofL._SY300_.jpg", "price": 3.89, "numReviews": 4, "groups": [202], "averageRating": 5.0, "brand": ""}, {"asin": "B00433SOZS", "name": "Speck Fitted Case with Fabric-Backed Protective Shell for iPod touch 4G -Dalmatian Houndstooth", "imUrl": "http://ecx.images-amazon.com/images/I/41sa0IkNmuL._SY300_.jpg", "price": 11.0, "numReviews": 28, "groups": [203], "averageRating": 3.5714285714285716}, {"asin": "B004761F6Q", "name": "Importer520 Rubberized Snap-On Hard Skin Protector Case Cover for For iPod Touch 4 - Red", "imUrl": "http://ecx.images-amazon.com/images/I/41NOSohDNIL._SY300_.jpg", "price": 2.15, "numReviews": 292, "groups": [204], "averageRating": 3.743150684931507, "brand": "Importer520"}, {"asin": "B006QFM5EM", "name": "White Autumn Flower Design Crystal Hard Skin Case Cover for Apple Ipod Touch iTouch 2nd and 3rd Generation Gen 2g 3g 2 3 8gb 16gb 32gb 64gb", "imUrl": "http://ecx.images-amazon.com/images/I/51nNiJk5ATL._SX300_.jpg", "price": 3.99, "numReviews": 20, "groups": [205], "averageRating": 3.9}, {"asin": "B00AX9HXY4", "name": "MyJacket Sky Blue/Olive Green/Light Orange Leather Book Type Protector Case with Card Slot for Apple iPod Touch 5", "imUrl": "http://ecx.images-amazon.com/images/I/411X9BzaWhL._SY300_.jpg", "price": 0.61, "numReviews": 7, "groups": [206], "averageRating": 4.428571428571429}, {"asin": "B00748U0LU", "name": "Apple iPOD TOUCH ITOUCH BLUE TRACK SQUARES SOFT SILICONE 2nd 3rd GEN 2 3 Case Cover Skins iPod Model #A1288 A1318", "imUrl": "http://ecx.images-amazon.com/images/I/41gDfeZ2UnL._SX300_.jpg", "price": 4.94, "numReviews": 4, "groups": [207], "averageRating": 4.75}, {"asin": "B009OAZXIQ", "name": "eForCity\u00ae Clip-on Crystal Case Compatible With Apple\u00ae iPod Touch Gen5\u00ae , Clear Smoke Rear", "imUrl": "http://ecx.images-amazon.com/images/I/51TWx38rFYL._SY300_.jpg", "price": 3.5, "numReviews": 2, "groups": [208], "averageRating": 4.5}, {"asin": "B00A3NIHAY", "name": "Baby Blue Raindrop Crystal Hard Back Cover Case for Apple iPod Touch 5th Generation 5G 5", "imUrl": "http://ecx.images-amazon.com/images/I/51m3a%2BGHX8L._SY300_.jpg", "price": 1.69, "numReviews": 43, "groups": [209], "averageRating": 4.27906976744186}, {"asin": "B004AI9O64", "name": "HHI iPod Touch 4G Carbon Fiber Snap On Back Shield Case - Black", "imUrl": "http://ecx.images-amazon.com/images/I/416tRcygBTL._SY300_.jpg", "price": 2.99, "numReviews": 2, "groups": [210], "averageRating": 4.0}, {"asin": "B00A3XVEBI", "name": "Asmyna Pink Crown Piggie Pastel Skin Cover for iPod touch 5", "imUrl": "http://ecx.images-amazon.com/images/I/41Y5TeemIcL._SY300_.jpg", "price": 11.99, "numReviews": 7, "groups": [211], "averageRating": 3.857142857142857}, {"asin": "B001JJRDVU", "name": "Folio Wallet Leather Case for Apple iPod Touch 3rd Generation - Black", "imUrl": "http://ecx.images-amazon.com/images/I/415uCx0-EdL._SY300_.jpg", "price": 3.99, "numReviews": 331, "groups": [212], "averageRating": 3.9788519637462234}, {"asin": "B002ZW0S1M", "name": "Cellular Connection Apple iPod Touch 2nd and 3rd Generation Hard Case BACK-Style Protective Cover Transparent", "imUrl": "http://ecx.images-amazon.com/images/I/41cWe7cBWJL._SY300_.jpg", "price": 1.98, "numReviews": 9, "groups": [213], "averageRating": 4.222222222222222}, {"asin": "B0076FF9V2", "name": "Grey Circles Flexible TPU Case for Apple iPod Touch 2G, 3G (2nd plus 3rd Generation)", "imUrl": "http://ecx.images-amazon.com/images/I/511Ri4LD8WL._SX300_.jpg", "price": 1.91, "numReviews": 2, "groups": [214], "averageRating": 3.5}, {"asin": "B0087OYAFM", "name": "Cellularvilla Hard and Soft Kickstand Case for iPod iTouch i Touch 4 4G - White and Black", "imUrl": "http://ecx.images-amazon.com/images/I/51q6BxtX8XL._SY300_.jpg", "price": 7.01, "numReviews": 6, "groups": [215], "averageRating": 4.833333333333333}, {"asin": "B001W09FZ8", "name": "Apple iPod Touch 2nd & 3rd Generation Snap-On Protector Hard Case \"Carbon Fiber Pattern\" Design", "imUrl": "http://ecx.images-amazon.com/images/I/51gfUL6DREL._SY300_.jpg", "price": 9.24, "numReviews": 2, "groups": [216], "averageRating": 4.0}, {"asin": "B009WUM3DQ", "name": "Black Red Heavy Duty Hybrid Hard Soft Cover Case with Stand for Apple Ipod Touch 5 5th", "imUrl": "http://ecx.images-amazon.com/images/I/51qgw0%2Bo5ZL._SY300_.jpg", "price": 0.1, "numReviews": 145, "groups": [217], "averageRating": 4.103448275862069}, {"asin": "B007WAWHOS", "name": "eforCity Hybrid Case for iPod touch 4G (Black Hard/White Skin)", "imUrl": "http://ecx.images-amazon.com/images/I/31SUPvu%2BIzL._SY300_.jpg", "price": 1.7, "numReviews": 2719, "groups": [218], "averageRating": 3.946303788157411}, {"asin": "B007WAWHQQ", "name": "eForCity Hybrid Case for iPod touch 4G (Black Hard/Red Skin)", "imUrl": "http://ecx.images-amazon.com/images/I/31T3uhUmx0L._SY300_.jpg", "price": 3.3, "numReviews": 2720, "groups": [219], "averageRating": 3.9466911764705883, "brand": "eForCity"}, {"asin": "B00DDLIHDK", "name": "ECO-FUSED Genuine Hot Pink REAL leather Wallet Case for Apple Ipod Touch 4g with inner Floral print / One Lanyard / Two Stylus (Hot Pink and Red) / One Case Opening Tool / Eco-Fused Microfiber Cleaning Cloth Included (Hot pink with white inner)", "imUrl": "http://ecx.images-amazon.com/images/I/5162-tCUSgL._SY300_.jpg", "price": 8.29, "numReviews": 14, "groups": [220], "averageRating": 2.7857142857142856}, {"asin": "B00A3MVX0Q", "name": "Black Snap-On Hard Skin Case Cover for iPod Touch 4th Generation 4G 4", "imUrl": "http://ecx.images-amazon.com/images/I/518hvAnRKJL._SY300_.jpg", "price": 1.33, "numReviews": 1, "groups": [221], "averageRating": 5.0}, {"asin": "B005OGX9J4", "name": "Silver Case for Apple iPod Touch 2G, 3G 2nd and 3rd Generation", "imUrl": "http://ecx.images-amazon.com/images/I/416SlB%2BofmL._SY300_.jpg", "price": 1.91, "numReviews": 2, "groups": [222], "averageRating": 3.5}, {"asin": "B007CE4Q3Y", "name": "Grey Butterfly Flower Flexible TPU Case for Apple iPod Touch 2G, 3G (2nd & 3rd Generation)", "imUrl": "http://ecx.images-amazon.com/images/I/51foiTSjZlL._SX300_.jpg", "price": 1.91, "numReviews": 3, "groups": [223], "averageRating": 4.666666666666667}, {"asin": "B007UCAYKW", "name": "Pink Polka Dot Embossed Hard Case for Apple iPod Touch 4, 4G (4th Generation)", "imUrl": "http://ecx.images-amazon.com/images/I/51K-eNQM7UL._SX300_.jpg", "price": 5.99, "numReviews": 5, "groups": [224], "averageRating": 3.6}, {"asin": "B0081ST3LA", "name": "Combo 4in1 2Tone (Red + Black, Hot Pink + Black, Pink + Black, Blue + Black) Rubberized HARD CASE FOR APPLE IPOD TOUCH ITOUCH 2nd 3rd GEN 2G/3G 8GB, 16GB, 32GB, 64GB", "imUrl": "http://ecx.images-amazon.com/images/I/51ILLzXbTdL._SY300_.jpg", "price": 5.99, "numReviews": 5, "groups": [225], "averageRating": 4.2}, {"asin": "B008BR4LJU", "name": "Huaxia Datacom 1pc Deluxe White 3-part Hard/Skin Case Cover For iPod Touch 4 4G 4th Gen", "imUrl": "http://ecx.images-amazon.com/images/I/51eXNoN%2BOWL._SY300_.jpg", "price": 3.79, "numReviews": 26, "groups": [226], "averageRating": 3.6923076923076925, "brand": "Huaxia Datacom"}, {"asin": "B009SE8452", "name": "iSee Case (TM) Rugged Hybrid Kickstand Heavy Duty Full Cover Case for 2012 New iPod Touch 5 iTouch 5 (it5-Armor Black on Black)", "imUrl": "http://ecx.images-amazon.com/images/I/41d0MSf1-QL._SY300_.jpg", "price": 5.5, "numReviews": 1, "groups": [227], "averageRating": 5.0, "brand": "iSee Case"}, {"asin": "B00E708MZE", "name": "DD Black 3D Cartoon Cute Super Adorable Hello Kitty with Glasses Soft Silicone Case Skin Protective Cover for Apple iPod Touch iTouch 5 5G 5th Generation with 3D Silicone Hello Kitty Stylus Touch Pen", "imUrl": "http://ecx.images-amazon.com/images/I/41drhPptyyL._SY300_.jpg", "price": 5.99, "numReviews": 22, "groups": [228], "averageRating": 4.363636363636363}, {"asin": "B0042VXLK4", "name": "Premium Green Soft Gel Silicone Skin Case Cover for Apple iPod Touch 4G, 4th Generation, 4th Gen", "imUrl": "http://ecx.images-amazon.com/images/I/31fT8sOQx%2BL._SY300_.jpg", "price": 3.89, "numReviews": 50, "groups": [229], "averageRating": 2.82}, {"asin": "B00ALMG34E", "name": "eForCity\u00ae Black Skin / Red Meshed Hard Hybrid Case + Clear Reusable Screen Protector Compatible with Apple\u00ae iPod touch\u00ae 4th Generation", "imUrl": "http://ecx.images-amazon.com/images/I/51oz5vp8OWL._SY300_.jpg", "price": 4.09, "numReviews": 1, "groups": [230], "averageRating": 5.0}, {"asin": "B002PU9PZO", "name": "Speck CandyShell Case for iPod touch 2G, 3G (Blue)", "imUrl": "http://ecx.images-amazon.com/images/I/31zMpWb-x-L._SY300_.jpg", "price": 1.91, "numReviews": 220, "groups": [231], "averageRating": 3.9318181818181817}, {"asin": "B004QNXL2G", "name": "Speck CandyShell Case for Ipod Touch 4G Party Pegasus Purple", "imUrl": "http://ecx.images-amazon.com/images/I/51jWfRTIEwL._SY300_.jpg", "price": 30.26, "numReviews": 3, "groups": [232], "averageRating": 2.0}, {"asin": "B005XGP02O", "name": "Lime Green Angel Case for Apple iPod Touch 2G, 3G (2nd & 3rd Generation)", "imUrl": "http://ecx.images-amazon.com/images/I/419XhlVsg%2BL._SX300_.jpg", "price": 3.34, "numReviews": 7, "groups": [233], "averageRating": 4.285714285714286}, {"asin": "B008PV02EA", "name": "MiniSuit Apple iPod Touch 4g Silicone Skin Case + Adjustable Armband (Translucent Red)", "imUrl": "http://ecx.images-amazon.com/images/I/51hjmHh4CEL._SY300_.jpg", "price": 2.33, "numReviews": 1, "groups": [234], "averageRating": 4.0}, {"asin": "B009WE2SFA", "name": "eForCity\u00ae Black / Sky Blue Hybrid Case + FREE Reusable Screen Protector Compatible with Apple\u00ae iPod touch\u00ae 4th Generation", "imUrl": "http://ecx.images-amazon.com/images/I/41cZ6k%2BJcCL._SY300_.jpg", "price": 1.49, "numReviews": 1, "groups": [235], "averageRating": 1.0}, {"asin": "B00AV2M4WY", "name": "Blue / White 3-Piece Deluxe Hybrid Premium Rugged Hard Soft Case Skin Cover for iPod Touch 4th Generation 4G 4", "imUrl": "http://ecx.images-amazon.com/images/I/510B0qR8fAL._SY300_.jpg", "price": 3.18, "numReviews": 55, "groups": [236], "averageRating": 4.036363636363636}, {"asin": "B004ADP1MK", "name": "Black Rubberized Hard Snap-on Skin Case Cover Accessory for Ipod Touch 4th Generation 4g 4 8gb 32gb 64gb by Electromaster", "imUrl": "http://ecx.images-amazon.com/images/I/41spfXBgOQL._SY300_.jpg", "price": 1.33, "numReviews": 50, "groups": [237], "averageRating": 4.14}, {"asin": "B0083DSSN2", "name": "eForCity Snap-On Rubber Coated Case for iPod touch 2G/3G (Purple Strips)", "imUrl": "http://ecx.images-amazon.com/images/I/51yo5XSdIcL._SY300_.jpg", "price": 3.07, "numReviews": 7, "groups": [238], "averageRating": 3.857142857142857, "brand": "eForCity"}, {"asin": "B00COI4NK4", "name": "I Need 3D Authentic Black Hello Kitty Soft Silicone Case Cover Compatible for Ipod Touch 4/4g/4th Generation", "imUrl": "http://ecx.images-amazon.com/images/I/31LhsnqahgL.jpg", "price": 2.99, "numReviews": 1, "groups": [239], "averageRating": 5.0}, {"asin": "B001JQLJ6S", "name": "DLO Jam Jacket Trek Case for iPod touch 2G, 3G (Black/Gray)", "imUrl": "http://ecx.images-amazon.com/images/I/31ozylz3hmL._SY300_.jpg", "price": 8.95, "numReviews": 17, "groups": [240], "averageRating": 4.352941176470588}, {"asin": "B004VYAD5S", "name": "Soft Angel Case for Apple iPod Touch 4G -4th Generation - Light Blue", "imUrl": "http://ecx.images-amazon.com/images/I/41eGLHzFsYL._SX300_.jpg", "price": 4.94, "numReviews": 2, "groups": [241], "averageRating": 5.0}, {"asin": "B007R152MG", "name": "eForCity Snap-On Rubber Coated Case for iPod touch 2G/3G (Blue Flower Rear)", "imUrl": "http://ecx.images-amazon.com/images/I/61Si2JP9FML._SY300_.jpg", "price": 13.52, "numReviews": 5, "groups": [242], "averageRating": 2.8, "brand": "eForCity"}, {"asin": "B007Z0G656", "name": "Everydaysource\u00ae Compatible With Apple\u00aeiPod\u00aeGen2/3 Touch Clip-on Rubber Case , Black", "imUrl": "http://ecx.images-amazon.com/images/I/51rwExr4idL._SY300_.jpg", "price": 2.91, "numReviews": 1, "groups": [243], "averageRating": 4.0}, {"asin": "B00A45DPVM", "name": "HHI Silicone Skin Case for iPod Touch 5th Generation - White Pig (Package include a HandHelditems Sketch Stylus Pen)", "imUrl": "http://ecx.images-amazon.com/images/I/318nljyWJOL._SY300_.jpg", "price": 3.99, "numReviews": 21, "groups": [244], "averageRating": 4.0}, {"asin": "B00AK4SJNQ", "name": "HHI Flip Wallet Case with Stand for iPod Touch 5th Generation - Purple (Package include a HandHelditems Sketch Stylus Pen)", "imUrl": "http://ecx.images-amazon.com/images/I/41LQG8IMcxL._SY300_.jpg", "price": 4.99, "numReviews": 43, "groups": [245], "averageRating": 3.86046511627907}, {"asin": "B004GPG45U", "name": "Apple Ipod Touch 4th Gen Protex Transparent Clear Protective Case - Faceplate - Case", "imUrl": "http://ecx.images-amazon.com/images/I/41lQE1xItZL._SY300_.jpg", "price": 4.69, "numReviews": 10, "groups": [246], "averageRating": 3.9}, {"asin": "B00B6PPVE8", "name": "The Union USA American Flag LV-4 Style Hard Case Cover for Apple iPod touch 5 5th Generation", "imUrl": "http://ecx.images-amazon.com/images/I/418Nk7Fjj0L._SY300_.jpg", "price": 4.16, "numReviews": 2, "groups": [247], "averageRating": 5.0}, {"asin": "B006RDM6XS", "name": "eForCity Snap-On Case for iPod touch 4G (Black/White Polka Dot)", "imUrl": "http://ecx.images-amazon.com/images/I/41Wv1k054xL._SY300_.jpg", "price": 2.08, "numReviews": 26, "groups": [248], "averageRating": 2.8846153846153846}, {"asin": "B007UCAK9M", "name": "ABZ Polka Dot Embossed Hard Case for Apple iPod Touch 4, 4G -Black", "imUrl": "http://ecx.images-amazon.com/images/I/51r6XMrbSJL._SX300_.jpg", "price": 5.14, "numReviews": 2, "groups": [249], "averageRating": 3.5}, {"asin": "B00ABW1G1Y", "name": "eForCity Autumn Flower Hard Case for iPod touch 5G (White)", "imUrl": "http://ecx.images-amazon.com/images/I/51cDpfNpDbL._SY300_.jpg", "price": 4.55, "numReviews": 2, "groups": [250], "averageRating": 3.5}, {"asin": "B00AEC7SYK", "name": "For Apple iPod Touch 5 5th Generation Hard Design Cover Case Blue Splash Accessory", "imUrl": "http://ecx.images-amazon.com/images/I/51WN8-XwmGL._SY300_.jpg", "price": 3.6, "numReviews": 3, "groups": [251], "averageRating": 5.0}, {"asin": "B00433SOTO", "name": "Speck Products SPK-A0114 PixelSkin Silicone Case for iPod Touch 4G - Hot Pink", "imUrl": "http://ecx.images-amazon.com/images/I/31BJJM7LdqL._SY300_.jpg", "price": 6.99, "numReviews": 81, "groups": [252], "averageRating": 4.37037037037037}, {"asin": "B004IA2B0A", "name": "Tribeca FVA3688 Varsity Jacket (Silicone) iPodTouch - 4th Generation - Denver Broncos - Dark Blue", "imUrl": "http://ecx.images-amazon.com/images/I/31QhRvwntaL._SY300_.jpg", "price": 17.99, "numReviews": 1, "groups": [253], "averageRating": 1.0}, {"asin": "B001JK7IAU", "name": "Transparent Clear Snap On Crystal Hard Cover Case for Apple Ipod Touch Itouch 8GB 16GB 32GB 2G 2nd Generation", "imUrl": "http://ecx.images-amazon.com/images/I/41GOOfWe0-L._SY300_.jpg", "price": 3.59, "numReviews": 156, "groups": [254], "averageRating": 3.6474358974358974}, {"asin": "B009EALCZY", "name": "White Hard/ Light Pink Skin Arrow Hybrid Case Cover compatible with Apple iPod Touch 4G, 4th Generation, 4th Gen 8GB / 32GB / 64GB", "imUrl": "http://ecx.images-amazon.com/images/I/515E3WlDL1L._SY300_.jpg", "price": 1.99, "numReviews": 4, "groups": [255], "averageRating": 4.5}, {"asin": "B00B2HTMMW", "name": "iPod Touch 4 Case Bundle including 4 Polka Dot Covers for Apple iPod Touch 4 / 2 Stylus Pens / 2 Screen Protectors / 1 ECO-FUSED Microfiber Cleaning Cloth (Green, Blue, Purple, Yellow)", "imUrl": "http://ecx.images-amazon.com/images/I/51A9sdO1PiL._SY300_.jpg", "price": 9.99, "numReviews": 54, "groups": [256], "averageRating": 4.851851851851852}, {"asin": "B00BUZVNK0", "name": "Einzige TPU Silcon Gel Skin Flexible Case Cover for Apple iPod Touch 5 5th Generation (Purple Flower) with Free Universal Screen-Stylus", "imUrl": "http://ecx.images-amazon.com/images/I/51iRZRba0yL._SY300_.jpg", "price": 4.96, "numReviews": 3, "groups": [257], "averageRating": 3.6666666666666665}, {"asin": "B00DUMDS0Y", "name": "Zing Revolution Despicable Me 2 - Cupcake Cover Skin for iPod touch 5G,", "imUrl": "http://ecx.images-amazon.com/images/I/51ldzl4wlgL._SX300_.jpg", "price": 15.0, "numReviews": 1, "groups": [258], "averageRating": 1.0}, {"asin": "B001L5JJTQ", "name": "eForCity Premium Leather Case with Lanyard and Kick Stand for iPod touch 2G/3G (Black)", "imUrl": "http://ecx.images-amazon.com/images/I/51SRrzVpDhL._SY300_.jpg", "price": 4.07, "numReviews": 8, "groups": [259], "averageRating": 4.25, "brand": "eForCity"}, {"asin": "B004DY7WPA", "name": "SkullCandy - Ipod Touch 4G Case - Silver", "imUrl": "http://ecx.images-amazon.com/images/I/311kfFJh0lL._SY300_.jpg", "price": 19.95, "numReviews": 18, "groups": [105, 156], "averageRating": 4.611111111111111}, {"asin": "B0065LLP52", "name": "Skinit Disney Princess Snow Globe Vinyl Skin for iPod Touch (2nd and 3rd Gen)", "imUrl": "http://ecx.images-amazon.com/images/I/51gvCFv7fcL._SY300_.jpg", "price": 1.98, "numReviews": 1, "groups": [260], "averageRating": 5.0}, {"asin": "B00AM4E0W8", "name": "Butterfly Flower on Blue Snap-On Hard Skin Case Cover for Apple iPod Touch 5th Generation 5G 5", "imUrl": "http://ecx.images-amazon.com/images/I/51jaTgg6BDL._SY300_.jpg", "price": 3.6, "numReviews": 3, "groups": [261], "averageRating": 3.6666666666666665}, {"asin": "B002YNUZFQ", "name": "KingCase Ipod Touch 2G 3G - 2nd & 3rd Gen. Rubberized Slim Slider Case (Black & Black) 8GB, 16GB, 32GB, 64GB", "imUrl": "http://ecx.images-amazon.com/images/I/41RNYCfrv7L._SY300_.jpg", "price": 1.91, "numReviews": 12, "groups": [262], "averageRating": 3.5}, {"asin": "B003W1160C", "name": "Premium Black horizontal Wallet Folio Leather Case + Mirror Screen Protector for Apple Ipod Touch Itouch 8Gb 16GB 32Gb 2G 3G 2nd 3rd Generation", "imUrl": "http://ecx.images-amazon.com/images/I/41VvuItcEYL._SX300_.jpg", "price": 0.99, "numReviews": 1, "groups": [263], "averageRating": 2.0}, {"asin": "B004362BBS", "name": "Silicone Skin Cover for iPod touch 4th gen for New Ipod Touch 4th Generation with Camera Suitable for 8G 32G 64G + New Ipod Touch 4G Clear Screen Protector, Black", "imUrl": "http://ecx.images-amazon.com/images/I/41OWRYmNkLL._SX300_.jpg", "price": 11.99, "numReviews": 2, "groups": [264], "averageRating": 3.0}, {"asin": "B007QA9MLA", "name": "eForCity Snap-On Rubber Coated Case for Apple iPod touch 2G/3G, Purple Love", "imUrl": "http://ecx.images-amazon.com/images/I/61x%2BXZ-La%2BL._SY300_.jpg", "price": 3.07, "numReviews": 10, "groups": [265], "averageRating": 3.4, "brand": "eForCity"}], "links": [{"source": 0, "target": 188, "right": false, "left": true, "value": 1}, {"source": 0, "target": 85, "right": false, "left": true, "value": 1}, {"source": 0, "target": 143, "right": false, "left": true, "value": 1}, {"source": 1, "target": 130, "right": false, "left": true, "value": 1}, {"source": 2, "target": 25, "right": true, "left": false, "value": 1}, {"source": 2, "target": 106, "right": true, "left": false, "value": 1}, {"source": 3, "target": 106, "right": true, "left": false, "value": 1}, {"source": 3, "target": 4, "right": true, "left": false, "value": 1}, {"source": 4, "target": 270, "right": false, "left": true, "value": 1}, {"source": 4, "target": 150, "right": false, "left": true, "value": 1}, {"source": 4, "target": 34, "right": false, "left": true, "value": 1}, {"source": 4, "target": 38, "right": false, "left": true, "value": 1}, {"source": 4, "target": 177, "right": false, "left": true, "value": 1}, {"source": 4, "target": 180, "right": false, "left": true, "value": 1}, {"source": 4, "target": 55, "right": false, "left": true, "value": 1}, {"source": 4, "target": 186, "right": false, "left": true, "value": 1}, {"source": 4, "target": 204, "right": false, "left": true, "value": 1}, {"source": 4, "target": 206, "right": false, "left": true, "value": 1}, {"source": 4, "target": 79, "right": false, "left": true, "value": 1}, {"source": 4, "target": 81, "right": false, "left": true, "value": 1}, {"source": 4, "target": 214, "right": false, "left": true, "value": 1}, {"source": 4, "target": 101, "right": false, "left": true, "value": 1}, {"source": 4, "target": 102, "right": false, "left": true, "value": 1}, {"source": 4, "target": 229, "right": false, "left": true, "value": 1}, {"source": 4, "target": 230, "right": false, "left": true, "value": 1}, {"source": 4, "target": 232, "right": false, "left": true, "value": 1}, {"source": 4, "target": 116, "right": false, "left": true, "value": 1}, {"source": 4, "target": 127, "right": false, "left": true, "value": 1}, {"source": 5, "target": 225, "right": true, "left": false, "value": 1}, {"source": 6, "target": 212, "right": true, "left": false, "value": 1}, {"source": 7, "target": 96, "right": true, "left": false, "value": 1}, {"source": 7, "target": 97, "right": false, "left": true, "value": 1}, {"source": 7, "target": 134, "right": false, "left": true, "value": 1}, {"source": 7, "target": 166, "right": false, "left": true, "value": 1}, {"source": 7, "target": 72, "right": false, "left": true, "value": 1}, {"source": 7, "target": 146, "right": false, "left": true, "value": 1}, {"source": 7, "target": 83, "right": false, "left": true, "value": 1}, {"source": 7, "target": 251, "right": false, "left": true, "value": 1}, {"source": 8, "target": 133, "right": true, "left": false, "value": 1}, {"source": 9, "target": 90, "right": true, "left": false, "value": 1}, {"source": 10, "target": 90, "right": true, "left": false, "value": 1}, {"source": 11, "target": 128, "right": false, "left": true, "value": 1}, {"source": 11, "target": 82, "right": false, "left": true, "value": 1}, {"source": 12, "target": 243, "right": true, "left": false, "value": 1}, {"source": 13, "target": 158, "right": true, "left": false, "value": 1}, {"source": 14, "target": 255, "right": true, "left": false, "value": 1}, {"source": 15, "target": 97, "right": false, "left": true, "value": 1}, {"source": 15, "target": 235, "right": false, "left": true, "value": 1}, {"source": 15, "target": 77, "right": false, "left": true, "value": 1}, {"source": 15, "target": 113, "right": false, "left": true, "value": 1}, {"source": 15, "target": 114, "right": true, "left": false, "value": 1}, {"source": 15, "target": 19, "right": false, "left": true, "value": 1}, {"source": 15, "target": 246, "right": false, "left": true, "value": 1}, {"source": 15, "target": 218, "right": false, "left": true, "value": 1}, {"source": 15, "target": 155, "right": false, "left": true, "value": 1}, {"source": 16, "target": 104, "right": true, "left": true, "value": 1}, {"source": 17, "target": 90, "right": true, "left": false, "value": 1}, {"source": 18, "target": 133, "right": true, "left": false, "value": 1}, {"source": 20, "target": 74, "right": true, "left": false, "value": 1}, {"source": 21, "target": 27, "right": true, "left": true, "value": 1}, {"source": 22, "target": 80, "right": true, "left": false, "value": 1}, {"source": 23, "target": 216, "right": true, "left": false, "value": 1}, {"source": 24, "target": 123, "right": true, "left": false, "value": 1}, {"source": 25, "target": 32, "right": false, "left": true, "value": 1}, {"source": 25, "target": 162, "right": false, "left": true, "value": 1}, {"source": 25, "target": 100, "right": false, "left": true, "value": 1}, {"source": 25, "target": 259, "right": false, "left": true, "value": 1}, {"source": 25, "target": 175, "right": false, "left": true, "value": 1}, {"source": 25, "target": 123, "right": true, "left": true, "value": 1}, {"source": 25, "target": 159, "right": false, "left": true, "value": 1}, {"source": 26, "target": 123, "right": true, "left": false, "value": 1}, {"source": 26, "target": 159, "right": true, "left": false, "value": 1}, {"source": 27, "target": 121, "right": true, "left": false, "value": 1}, {"source": 28, "target": 88, "right": true, "left": false, "value": 1}, {"source": 29, "target": 166, "right": false, "left": true, "value": 1}, {"source": 30, "target": 138, "right": true, "left": false, "value": 1}, {"source": 31, "target": 165, "right": true, "left": false, "value": 1}, {"source": 32, "target": 123, "right": true, "left": false, "value": 1}, {"source": 33, "target": 202, "right": true, "left": false, "value": 1}, {"source": 33, "target": 75, "right": true, "left": false, "value": 1}, {"source": 33, "target": 133, "right": true, "left": false, "value": 1}, {"source": 35, "target": 75, "right": true, "left": false, "value": 1}, {"source": 35, "target": 133, "right": true, "left": false, "value": 1}, {"source": 36, "target": 68, "right": true, "left": false, "value": 1}, {"source": 37, "target": 244, "right": true, "left": false, "value": 1}, {"source": 39, "target": 198, "right": false, "left": true, "value": 1}, {"source": 40, "target": 90, "right": true, "left": false, "value": 1}, {"source": 41, "target": 211, "right": true, "left": false, "value": 1}, {"source": 42, "target": 158, "right": true, "left": false, "value": 1}, {"source": 43, "target": 216, "right": true, "left": false, "value": 1}, {"source": 43, "target": 218, "right": true, "left": false, "value": 1}, {"source": 44, "target": 204, "right": false, "left": true, "value": 1}, {"source": 44, "target": 131, "right": false, "left": true, "value": 1}, {"source": 44, "target": 172, "right": false, "left": true, "value": 1}, {"source": 44, "target": 93, "right": false, "left": true, "value": 1}, {"source": 45, "target": 183, "right": true, "left": false, "value": 1}, {"source": 46, "target": 216, "right": true, "left": false, "value": 1}, {"source": 46, "target": 254, "right": false, "left": true, "value": 1}, {"source": 47, "target": 114, "right": true, "left": false, "value": 1}, {"source": 48, "target": 225, "right": true, "left": false, "value": 1}, {"source": 49, "target": 199, "right": false, "left": true, "value": 1}, {"source": 49, "target": 263, "right": true, "left": false, "value": 1}, {"source": 50, "target": 132, "right": true, "left": false, "value": 1}, {"source": 51, "target": 186, "right": true, "left": false, "value": 1}, {"source": 51, "target": 106, "right": true, "left": false, "value": 1}, {"source": 52, "target": 244, "right": true, "left": false, "value": 1}, {"source": 53, "target": 243, "right": true, "left": false, "value": 1}, {"source": 53, "target": 191, "right": true, "left": true, "value": 1}, {"source": 54, "target": 142, "right": true, "left": false, "value": 1}, {"source": 56, "target": 255, "right": true, "left": false, "value": 1}, {"source": 57, "target": 208, "right": true, "left": false, "value": 1}, {"source": 58, "target": 88, "right": true, "left": false, "value": 1}, {"source": 59, "target": 88, "right": true, "left": false, "value": 1}, {"source": 60, "target": 225, "right": true, "left": false, "value": 1}, {"source": 61, "target": 257, "right": true, "left": false, "value": 1}, {"source": 61, "target": 196, "right": false, "left": true, "value": 1}, {"source": 62, "target": 114, "right": true, "left": false, "value": 1}, {"source": 63, "target": 152, "right": false, "left": true, "value": 1}, {"source": 63, "target": 192, "right": false, "left": true, "value": 1}, {"source": 64, "target": 133, "right": true, "left": false, "value": 1}, {"source": 65, "target": 216, "right": true, "left": false, "value": 1}, {"source": 66, "target": 258, "right": false, "left": true, "value": 1}, {"source": 66, "target": 165, "right": true, "left": true, "value": 1}, {"source": 67, "target": 106, "right": true, "left": false, "value": 1}, {"source": 69, "target": 186, "right": true, "left": false, "value": 1}, {"source": 70, "target": 224, "right": true, "left": false, "value": 1}, {"source": 71, "target": 154, "right": true, "left": false, "value": 1}, {"source": 72, "target": 90, "right": true, "left": false, "value": 1}, {"source": 73, "target": 181, "right": true, "left": false, "value": 1}, {"source": 74, "target": 200, "right": false, "left": true, "value": 1}, {"source": 74, "target": 268, "right": false, "left": true, "value": 1}, {"source": 75, "target": 167, "right": false, "left": true, "value": 1}, {"source": 75, "target": 202, "right": true, "left": true, "value": 1}, {"source": 75, "target": 207, "right": false, "left": true, "value": 1}, {"source": 75, "target": 144, "right": false, "left": true, "value": 1}, {"source": 75, "target": 115, "right": false, "left": true, "value": 1}, {"source": 75, "target": 149, "right": false, "left": true, "value": 1}, {"source": 75, "target": 124, "right": false, "left": true, "value": 1}, {"source": 76, "target": 243, "right": true, "left": false, "value": 1}, {"source": 78, "target": 138, "right": true, "left": false, "value": 1}, {"source": 78, "target": 270, "right": true, "left": false, "value": 1}, {"source": 81, "target": 108, "right": true, "left": false, "value": 1}, {"source": 83, "target": 90, "right": true, "left": false, "value": 1}, {"source": 84, "target": 195, "right": true, "left": false, "value": 1}, {"source": 85, "target": 126, "right": true, "left": false, "value": 1}, {"source": 86, "target": 109, "right": false, "left": true, "value": 1}, {"source": 87, "target": 260, "right": true, "left": false, "value": 1}, {"source": 88, "target": 129, "right": false, "left": true, "value": 1}, {"source": 88, "target": 265, "right": false, "left": true, "value": 1}, {"source": 88, "target": 170, "right": false, "left": true, "value": 1}, {"source": 88, "target": 156, "right": false, "left": true, "value": 1}, {"source": 88, "target": 179, "right": false, "left": true, "value": 1}, {"source": 88, "target": 215, "right": false, "left": true, "value": 1}, {"source": 88, "target": 125, "right": false, "left": true, "value": 1}, {"source": 89, "target": 133, "right": true, "left": false, "value": 1}, {"source": 90, "target": 166, "right": false, "left": true, "value": 1}, {"source": 91, "target": 143, "right": false, "left": true, "value": 1}, {"source": 92, "target": 263, "right": true, "left": false, "value": 1}, {"source": 94, "target": 113, "right": true, "left": false, "value": 1}, {"source": 95, "target": 231, "right": false, "left": true, "value": 1}, {"source": 96, "target": 146, "right": false, "left": true, "value": 1}, {"source": 98, "target": 113, "right": true, "left": false, "value": 1}, {"source": 99, "target": 226, "right": true, "left": false, "value": 1}, {"source": 100, "target": 106, "right": true, "left": false, "value": 1}, {"source": 101, "target": 106, "right": true, "left": false, "value": 1}, {"source": 101, "target": 219, "right": true, "left": false, "value": 1}, {"source": 102, "target": 267, "right": true, "left": false, "value": 1}, {"source": 103, "target": 106, "right": true, "left": false, "value": 1}, {"source": 105, "target": 243, "right": true, "left": false, "value": 1}, {"source": 106, "target": 261, "right": false, "left": true, "value": 1}, {"source": 106, "target": 138, "right": false, "left": true, "value": 1}, {"source": 106, "target": 270, "right": false, "left": true, "value": 1}, {"source": 106, "target": 147, "right": false, "left": true, "value": 1}, {"source": 106, "target": 150, "right": false, "left": true, "value": 1}, {"source": 106, "target": 153, "right": false, "left": true, "value": 1}, {"source": 106, "target": 157, "right": false, "left": true, "value": 1}, {"source": 106, "target": 175, "right": false, "left": true, "value": 1}, {"source": 106, "target": 176, "right": false, "left": true, "value": 1}, {"source": 106, "target": 190, "right": false, "left": true, "value": 1}, {"source": 106, "target": 214, "right": false, "left": true, "value": 1}, {"source": 106, "target": 223, "right": false, "left": true, "value": 1}, {"source": 106, "target": 232, "right": false, "left": true, "value": 1}, {"source": 106, "target": 240, "right": false, "left": true, "value": 1}, {"source": 106, "target": 116, "right": false, "left": true, "value": 1}, {"source": 106, "target": 247, "right": false, "left": true, "value": 1}, {"source": 107, "target": 160, "right": false, "left": true, "value": 1}, {"source": 107, "target": 267, "right": true, "left": true, "value": 1}, {"source": 109, "target": 225, "right": true, "left": false, "value": 1}, {"source": 110, "target": 174, "right": true, "left": false, "value": 1}, {"source": 111, "target": 184, "right": true, "left": false, "value": 1}, {"source": 111, "target": 178, "right": false, "left": true, "value": 1}, {"source": 111, "target": 262, "right": false, "left": true, "value": 1}, {"source": 112, "target": 165, "right": true, "left": false, "value": 1}, {"source": 113, "target": 171, "right": false, "left": true, "value": 1}, {"source": 113, "target": 246, "right": false, "left": true, "value": 1}, {"source": 114, "target": 164, "right": false, "left": true, "value": 1}, {"source": 114, "target": 235, "right": false, "left": true, "value": 1}, {"source": 114, "target": 120, "right": false, "left": true, "value": 1}, {"source": 114, "target": 185, "right": false, "left": true, "value": 1}, {"source": 117, "target": 219, "right": true, "left": false, "value": 1}, {"source": 118, "target": 121, "right": true, "left": true, "value": 1}, {"source": 119, "target": 263, "right": true, "left": false, "value": 1}, {"source": 121, "target": 209, "right": false, "left": true, "value": 1}, {"source": 122, "target": 252, "right": false, "left": true, "value": 1}, {"source": 123, "target": 238, "right": false, "left": true, "value": 1}, {"source": 123, "target": 239, "right": false, "left": true, "value": 1}, {"source": 123, "target": 159, "right": true, "left": true, "value": 1}, {"source": 124, "target": 202, "right": true, "left": false, "value": 1}, {"source": 126, "target": 193, "right": true, "left": false, "value": 1}, {"source": 127, "target": 225, "right": true, "left": false, "value": 1}, {"source": 128, "target": 174, "right": true, "left": false, "value": 1}, {"source": 130, "target": 133, "right": true, "left": false, "value": 1}, {"source": 132, "target": 247, "right": true, "left": false, "value": 1}, {"source": 133, "target": 227, "right": false, "left": true, "value": 1}, {"source": 133, "target": 139, "right": false, "left": true, "value": 1}, {"source": 133, "target": 144, "right": false, "left": true, "value": 1}, {"source": 133, "target": 213, "right": false, "left": true, "value": 1}, {"source": 133, "target": 151, "right": false, "left": true, "value": 1}, {"source": 135, "target": 257, "right": true, "left": false, "value": 1}, {"source": 136, "target": 236, "right": true, "left": false, "value": 1}, {"source": 137, "target": 138, "right": true, "left": false, "value": 1}, {"source": 138, "target": 203, "right": false, "left": true, "value": 1}, {"source": 138, "target": 180, "right": false, "left": true, "value": 1}, {"source": 140, "target": 183, "right": true, "left": false, "value": 1}, {"source": 141, "target": 212, "right": true, "left": false, "value": 1}, {"source": 142, "target": 161, "right": false, "left": true, "value": 1}, {"source": 145, "target": 243, "right": true, "left": false, "value": 1}, {"source": 147, "target": 175, "right": true, "left": false, "value": 1}, {"source": 148, "target": 217, "right": false, "left": true, "value": 1}, {"source": 149, "target": 202, "right": true, "left": false, "value": 1}, {"source": 151, "target": 202, "right": true, "left": false, "value": 1}, {"source": 156, "target": 261, "right": true, "left": false, "value": 1}, {"source": 158, "target": 201, "right": false, "left": true, "value": 1}, {"source": 159, "target": 239, "right": false, "left": true, "value": 1}, {"source": 159, "target": 210, "right": false, "left": true, "value": 1}, {"source": 159, "target": 181, "right": false, "left": true, "value": 1}, {"source": 160, "target": 267, "right": true, "left": true, "value": 1}, {"source": 162, "target": 175, "right": true, "left": false, "value": 1}, {"source": 163, "target": 183, "right": true, "left": false, "value": 1}, {"source": 165, "target": 258, "right": false, "left": true, "value": 1}, {"source": 165, "target": 269, "right": false, "left": true, "value": 1}, {"source": 168, "target": 225, "right": true, "left": false, "value": 1}, {"source": 169, "target": 255, "right": true, "left": false, "value": 1}, {"source": 172, "target": 186, "right": true, "left": false, "value": 1}, {"source": 173, "target": 248, "right": false, "left": true, "value": 1}, {"source": 175, "target": 259, "right": false, "left": true, "value": 1}, {"source": 175, "target": 182, "right": false, "left": true, "value": 1}, {"source": 175, "target": 221, "right": false, "left": true, "value": 1}, {"source": 181, "target": 210, "right": false, "left": true, "value": 1}, {"source": 183, "target": 194, "right": false, "left": true, "value": 1}, {"source": 183, "target": 189, "right": false, "left": true, "value": 1}, {"source": 187, "target": 243, "right": true, "left": false, "value": 1}, {"source": 196, "target": 257, "right": true, "left": false, "value": 1}, {"source": 197, "target": 217, "right": true, "left": false, "value": 1}, {"source": 203, "target": 270, "right": true, "left": false, "value": 1}, {"source": 205, "target": 253, "right": false, "left": true, "value": 1}, {"source": 212, "target": 245, "right": false, "left": true, "value": 1}, {"source": 212, "target": 230, "right": false, "left": true, "value": 1}, {"source": 216, "target": 264, "right": false, "left": true, "value": 1}, {"source": 219, "target": 266, "right": false, "left": true, "value": 1}, {"source": 219, "target": 271, "right": false, "left": true, "value": 1}, {"source": 220, "target": 261, "right": true, "left": false, "value": 1}, {"source": 222, "target": 225, "right": true, "left": false, "value": 1}, {"source": 224, "target": 234, "right": false, "left": true, "value": 1}, {"source": 225, "target": 233, "right": false, "left": true, "value": 1}, {"source": 225, "target": 241, "right": false, "left": true, "value": 1}, {"source": 225, "target": 242, "right": false, "left": true, "value": 1}, {"source": 226, "target": 272, "right": false, "left": true, "value": 1}, {"source": 226, "target": 242, "right": false, "left": true, "value": 1}, {"source": 226, "target": 237, "right": false, "left": true, "value": 1}, {"source": 228, "target": 244, "right": true, "left": false, "value": 1}, {"source": 231, "target": 255, "right": true, "left": false, "value": 1}, {"source": 249, "target": 273, "right": true, "left": false, "value": 1}, {"source": 250, "target": 270, "right": true, "left": false, "value": 1}, {"source": 255, "target": 256, "right": false, "left": true, "value": 1}]}