{"nodes": [{"asin": "B004RQWRJK", "name": "Kicker 11KS525 5-1/4\" KS-Series 3-Way Coaxial Speakers - Pair (Black)", "imUrl": "http://ecx.images-amazon.com/images/I/41uk9o0-FpL._SX300_.jpg", "price": 75.59, "numReviews": 2, "groups": [0], "averageRating": 3.5, "brand": "Kicker"}, {"asin": "B0012GDO6I", "name": "Pioneer TS-G4642R 4-Inch X 6-Inch 2-Way 130-Watt Speaker", "imUrl": "http://ecx.images-amazon.com/images/I/416llFcHZkL._SX300_.jpg", "price": 38.74, "numReviews": 8, "groups": [1], "averageRating": 4.75}, {"asin": "B005M2925U", "name": "New Excellent Performance (PIONEER) TS A4674R 4 X 6 3 WAY SPEAKERS (CAR STEREO SPEAKERS) High Quality", "imUrl": "http://ecx.images-amazon.com/images/I/413QG4quFSL._SY300_.jpg", "price": 38.49, "numReviews": 2, "groups": [2], "averageRating": 4.0}, {"asin": "B001ES8X9M", "name": "PYLE PLMR41B 4-Inch Dual Cone Waterproof Stereo Speaker System", "imUrl": "http://ecx.images-amazon.com/images/I/41-v7stP6XL._SY300_.jpg", "price": 8.93, "numReviews": 48, "groups": [3], "averageRating": 3.7291666666666665}, {"asin": "B001RBWI10", "name": "Sony XSGT6936A 6-Inchx9-Inch Coaxial 3-way Speakers (Black)", "imUrl": "http://ecx.images-amazon.com/images/I/41q51ctfidL._SX300_.jpg", "price": 52.98, "numReviews": 8, "groups": [4], "averageRating": 3.75, "brand": "Sony"}, {"asin": "B004TH57BM", "name": "Alpine SPS-610 6-1/2\" 2-Way Type-S Series Coaxial Car Speakers", "imUrl": "http://ecx.images-amazon.com/images/I/51-M-C77yZL._SX300_.jpg", "price": 57.44, "numReviews": 71, "groups": [5], "averageRating": 4.563380281690141, "brand": "Alpine"}, {"asin": "B009GHQX5O", "name": "Infinity Kappa 6.5\" 2-way Loudspeaker-Pair (Black)", "imUrl": "http://ecx.images-amazon.com/images/I/51SF2bAs6vL._SY300_.jpg", "price": 131.99, "numReviews": 12, "groups": [6], "averageRating": 4.25, "brand": "Infinity"}, {"asin": "B004BY1T2Y", "name": "Rockford Fosgate R142 Prime Series 2 Way 4\" 100 Watt (Pair) Full-range Car Speakers", "imUrl": "http://ecx.images-amazon.com/images/I/41%2B-xqiMDWL._SX300_.jpg", "price": 28.89, "numReviews": 4, "groups": [7], "averageRating": 4.75, "brand": "Rockford Fosgate"}, {"asin": "B001P85IZI", "name": "Rockford Fosgate Punch P152 5-Inch  Full Range Coaxial Speakers", "imUrl": "http://ecx.images-amazon.com/images/I/41jf%2BB6ZNOL._SY300_.jpg", "price": 51.26, "numReviews": 15, "groups": [8], "averageRating": 4.733333333333333, "brand": "Rockford Fosgate"}, {"asin": "B004VF61JY", "name": "BOSS Audio NX694 Onyx 800-watt 4 way auto 6\" x 9\" Coaxial Speaker", "imUrl": "http://ecx.images-amazon.com/images/I/41%2BBIqbrLyL._SX300_.jpg", "price": 50.24, "numReviews": 13, "groups": [9], "averageRating": 4.615384615384615, "brand": "BOSS"}, {"asin": "B000J1DA3Y", "name": "BOSS Audio CH4620 Chaos Exxtreme 200-watt 2 way auto 4\" x 6\" Coaxial Speaker", "imUrl": "http://ecx.images-amazon.com/images/I/51d9iIi7plL._SX300_.jpg", "price": 12.45, "numReviews": 523, "groups": [10], "averageRating": 3.636711281070746, "brand": "BOSS"}, {"asin": "B001VZ6EYO", "name": "Fusion MS-FR402 4-Inch IPX65 2-Way 120 Watts High Performance Marine Speakers Includes Grills (White)", "imUrl": "http://ecx.images-amazon.com/images/I/51JzZb8rl0L._SX300_.jpg", "price": 74.95, "numReviews": 2, "groups": [11], "averageRating": 3.5}, {"asin": "B00478Q3GG", "name": "15-PR693V2 - Memphis 6\" x 9\" 3-Way Power Reference Coaxial Speakers w/ Swivel Tweeter", "imUrl": "http://ecx.images-amazon.com/images/I/41DOR%2BS3h8L._SY300_.jpg", "price": 79.99, "numReviews": 1, "groups": [12], "averageRating": 4.0}, {"asin": "B00D3PTLW2", "name": "MBQUART RKM116 Reference Series Car Audio - Set of 2", "imUrl": "http://ecx.images-amazon.com/images/I/51RSs6deu7L._SY300_.jpg", "price": 64.89, "numReviews": 2, "groups": [13], "averageRating": 3.5}, {"asin": "B001586MJ4", "name": "Lanzar VC5K Vector 5.25-Inch 2-Way Slim Component Speaker System", "imUrl": "http://ecx.images-amazon.com/images/I/41WQPkRXsjL._SX300_.jpg", "price": 60.34, "numReviews": 1, "groups": [14], "averageRating": 5.0, "brand": "Lanzar"}, {"asin": "B002G9MHHC", "name": "Rockford Fosgate Power T1692 6X9\" Full Range Coaxial Speakers", "imUrl": "http://ecx.images-amazon.com/images/I/41hMx7PudQL._SX300_.jpg", "price": 179.99, "numReviews": 33, "groups": [15], "averageRating": 4.393939393939394}, {"asin": "B002CMUKZY", "name": "Infinity Reference 6832cf 6 x 8/5 x 7-Inch, 180-Watt High Performance 2-Way Loudspeaker (Pair)", "imUrl": "http://ecx.images-amazon.com/images/I/41FpGVAdT0L._SX300_.jpg", "price": 59.9, "numReviews": 191, "groups": [16], "averageRating": 4.612565445026178, "brand": "Infinity"}, {"asin": "B007SY1TPQ", "name": "15-PR63V2 - Memphis 6.5\" 3-Way Power Reference Coaxial Speakers with Swivel Tweeter", "imUrl": "http://ecx.images-amazon.com/images/I/51cP%2BYpoykL._SX300_.jpg", "price": 79.99, "numReviews": 1, "groups": [17], "averageRating": 4.0}, {"asin": "B0002M792S", "name": "Legacy LS328 3.5-Inch 120 Watt TwoWay Speakers", "imUrl": "http://ecx.images-amazon.com/images/I/41N-PoJOhyL._SX300_.jpg", "price": 9.37, "numReviews": 33, "groups": [18], "averageRating": 3.606060606060606}, {"asin": "B004VBIEZW", "name": "Alpine SPR-60C 6.5\" Car Audio Component System (Pair)", "imUrl": "http://ecx.images-amazon.com/images/I/41O8D80n6hL._SX300_.jpg", "price": 152.69, "numReviews": 62, "groups": [19], "averageRating": 4.5, "brand": "Alpine"}, {"asin": "B006WVXDFU", "name": "Clarion Mobile Electronics SRG6832C 6 x 8 Inches Coaxial Speaker System (Discontinued by Manufacturer)", "imUrl": "http://ecx.images-amazon.com/images/I/41524RJP7uL._SY300_.jpg", "price": 44.6, "numReviews": 5, "groups": [20], "averageRating": 3.4}, {"asin": "B000MQAX72", "name": "Infinity Reference 6022si 6.5-Inch Two-Way Shallow-Mount Loudspeaker (Silver/Black)", "imUrl": "http://ecx.images-amazon.com/images/I/51om3QznU3L._SX300_.jpg", "price": 50.1, "numReviews": 6, "groups": [21], "averageRating": 4.5}, {"asin": "B001NG54XI", "name": "System242-gt - Dynaudio 6.5\" 2 Way Component Speakers", "imUrl": "http://ecx.images-amazon.com/images/I/21BjCC06-%2BL.jpg", "price": 899.99, "numReviews": 1, "groups": [22], "averageRating": 5.0}, {"asin": "B001P86SE8", "name": "Rockford Fosgate Punch P1692 6 x 9-Inches  Full Range Coaxial Speakers", "imUrl": "http://ecx.images-amazon.com/images/I/417PXzcTgBL._SY300_.jpg", "price": 61.81, "numReviews": 35, "groups": [23], "averageRating": 4.628571428571429, "brand": "Rockford Fosgate"}, {"asin": "B004MEXF7K", "name": "West Coast Customs 6\" x 8\" / 5\" x7\" 2-Way Convertible Component/Coaxial Car Speakers System (WCC-680)", "imUrl": "http://ecx.images-amazon.com/images/I/41hFUpiuh3L._SY300_.jpg", "price": 60.99, "numReviews": 3, "groups": [24], "averageRating": 4.666666666666667}, {"asin": "B004PRZMC0", "name": "11DS46 4X6 Coaxial Speakers Pair", "imUrl": "http://ecx.images-amazon.com/images/I/41bd6S44vzL._SY300_.jpg", "price": 35.49, "numReviews": 59, "groups": [25], "averageRating": 4.203389830508475}, {"asin": "B000P0PF78", "name": "Polk Audio DB501 5-Inch Coaxial Speakers (Pair, Black)", "imUrl": "http://ecx.images-amazon.com/images/I/41K5fz4sDhL._SX300_.jpg", "price": 63.15, "numReviews": 38, "groups": [8], "averageRating": 4.5, "brand": "Polk Audio"}, {"asin": "B0013L09DS", "name": "Kenwood KFC-C5782IE 5-Inch x 7-Inch 220-Watt Max power Two-Way Custom Fit Speaker System", "imUrl": "http://ecx.images-amazon.com/images/I/4199R3UXM7L._SX300_.jpg", "price": 39.99, "numReviews": 4, "groups": [26], "averageRating": 4.75}, {"asin": "B007SNN0T0", "name": "Infinity Reference 8602cfx 6\" x 8\" / 5\" x 7\" two-way car audio speakers", "imUrl": "http://ecx.images-amazon.com/images/I/41BQhSNpZlL._SX300_.jpg", "price": 82.99, "numReviews": 8, "groups": [27], "averageRating": 4.875, "brand": "Infinity"}, {"asin": "B003UYUNLY", "name": "Quantum QA65C Alpha Series 6.5-Inch Component Speaker", "imUrl": "http://ecx.images-amazon.com/images/I/41UBxpBV1WL._SY300_.jpg", "price": 66.2, "numReviews": 2, "groups": [28], "averageRating": 4.0}, {"asin": "B005C1RA3M", "name": "Boston Acoustics SE50 5-\u00bc\" 2-way Component System", "imUrl": "http://ecx.images-amazon.com/images/I/51P6TduXfHL._SX300_.jpg", "price": 146.81, "numReviews": 1, "groups": [29], "averageRating": 4.0}, {"asin": "B002IXTVMK", "name": "Naxa NX-775 1000 Watt Pair 6x9 Inch 4-Way Coaxial Car Stereo Speakers", "imUrl": "http://ecx.images-amazon.com/images/I/51mbq4iUUgL._SX300_.jpg", "price": 19.52, "numReviews": 8, "groups": [30], "averageRating": 4.25, "brand": "Naxa"}, {"asin": "B003TIR2YC", "name": "Pair of New Kenwood Kfc-6983ps 900 Watts Combined (450 Each) Powerful Four-way Car Audio Speakers with Sound Image Enhancer", "imUrl": "http://ecx.images-amazon.com/images/I/41YHcKYa-uL._SX300_.jpg", "price": 59.95, "numReviews": 6, "groups": [31], "averageRating": 4.666666666666667, "brand": "Kenwood"}, {"asin": "B000VB09T0", "name": "Kenwood KFC-6972IE 450-Watt 6-Inch x 9-Inch 4-Way Speaker System", "imUrl": "http://ecx.images-amazon.com/images/I/416NbVBPrRL._SX300_.jpg", "price": 49.95, "numReviews": 10, "groups": [32], "averageRating": 4.0}, {"asin": "B001ECR3FI", "name": "Kenwood KFC-6950S 200-Watt 6-Inch x 9-Inch Dual-Cone Speaker System", "imUrl": "http://ecx.images-amazon.com/images/I/41m5MS3fpIL._SX300_.jpg", "price": 69.26, "numReviews": 4, "groups": [33], "averageRating": 4.5}, {"asin": "B0045SS474", "name": "Renegade RX693 6 x 9 Inches Full Range 3-Way Speakers - Set of 2 (Black)", "imUrl": "http://ecx.images-amazon.com/images/I/515OIpmuQhL._SX300_.jpg", "price": 38.09, "numReviews": 4, "groups": [34], "averageRating": 3.25, "brand": "Renegade"}, {"asin": "B006TTQDZC", "name": "Cadence Acoustics CS2.46 120 Watt Peak 4x6-Inch 2-Way Speaker System", "imUrl": "http://ecx.images-amazon.com/images/I/51h9-dczs6L._SY300_.jpg", "price": 24.95, "numReviews": 3, "groups": [35], "averageRating": 4.666666666666667}, {"asin": "B0045SRLE6", "name": "Renegade RX6.2C 6.5-Inch 2-Way Component System - Set of 2 (Black)", "imUrl": "http://ecx.images-amazon.com/images/I/51G6n%2BrcHIL._SX300_.jpg", "price": 39.98, "numReviews": 7, "groups": [36], "averageRating": 3.5714285714285716, "brand": "Renegade"}, {"asin": "B002CMYVLI", "name": "Infinity Reference 3032cf  3.5-Inch, 75-watt High Performance Two-Way Loudspeaker (Pair)", "imUrl": "http://ecx.images-amazon.com/images/I/519Q2adBysL._SY300_.jpg", "price": 59.99, "numReviews": 36, "groups": [37], "averageRating": 4.333333333333333}, {"asin": "B004E8Z1A8", "name": "Kenwood Kfc-1362s 300 Watts Combined (150 Each) Powerful Full-range 3 Way Car Audio Speakers with 2 Tweeters Built Into Each Speaker", "imUrl": "http://ecx.images-amazon.com/images/I/41Izt3xQjSL._SX300_.jpg", "price": 34.95, "numReviews": 1, "groups": [38], "averageRating": 3.0}, {"asin": "B000JLBHLG", "name": "Boss Audio CH3220 3-1/2-Inch 2-Way Speaker", "imUrl": "http://ecx.images-amazon.com/images/I/411zBte3kNL._SY300_.jpg", "price": 7.99, "numReviews": 8, "groups": [39], "averageRating": 3.25}, {"asin": "B001GKAIFU", "name": "P660C  6 1/2\"\" (160mm) 2-way component system", "imUrl": "http://ecx.images-amazon.com/images/I/21pwajQeQmL.jpg", "price": 124.99, "numReviews": 15, "groups": [40], "averageRating": 4.666666666666667}, {"asin": "B00399HKIY", "name": "Pioneer TS-D1002R 4 In. 2-Way Speaker with 110 Watts Max. Power", "imUrl": "http://ecx.images-amazon.com/images/I/51U4hb-16lL._SY300_.jpg", "price": 40.95, "numReviews": 21, "groups": [41], "averageRating": 4.428571428571429, "brand": "Pioneer"}, {"asin": "B0009JDZAE", "name": "Boston Acoustics S85 5\"x7\" 2-way car speakers", "imUrl": "http://ecx.images-amazon.com/images/I/515nU55R6PL._SX300_.jpg", "price": 6.99, "numReviews": 6, "groups": [42], "averageRating": 4.5}, {"asin": "B0030D6918", "name": "RE Audio RE6.5C 6.5-Inch 4 Ohm Component Kit - Set of 4", "imUrl": "http://ecx.images-amazon.com/images/I/41oBnDyLn-L._SY300_.jpg", "price": 119.95, "numReviews": 2, "groups": [43], "averageRating": 3.0}, {"asin": "B00BRXNH0E", "name": "Kicker 40CS6934 6\"x9\" 3-way Car Speakers", "imUrl": "http://ecx.images-amazon.com/images/I/51g26EqGaJL._SX300_.jpg", "price": 99.95, "numReviews": 8, "groups": [44], "averageRating": 3.0, "brand": "Kicker"}, {"asin": "B00G4NZ1HO", "name": "4) NEW KICKER DS46 4x6\" 200W 2-Way DS Series Car Audio Speakers 11DS46 2 PAIR", "imUrl": "http://ecx.images-amazon.com/images/I/51yj3mycXyL._SX300_.jpg", "price": 49.99, "numReviews": 2, "groups": [45], "averageRating": 5.0}, {"asin": "B00ANIECRQ", "name": "JBL GTO629 Premium 6.5-Inch Co-Axial Speaker - Set of 2", "imUrl": "http://ecx.images-amazon.com/images/I/512Azu7OIiL._SY300_.jpg", "price": 97.0, "numReviews": 7, "groups": [46], "averageRating": 4.857142857142857, "brand": "JBL"}, {"asin": "B001467IIG", "name": "Kicker 08KS680 6-Inch X 8-Inch 152mm X 203mm Coax Speaker", "imUrl": "http://ecx.images-amazon.com/images/I/41nlWekr4pL._SX300_.jpg", "price": 59.95, "numReviews": 3, "groups": [47], "averageRating": 4.0}, {"asin": "B0000WS0NC", "name": "SXE-1725S", "imUrl": "http://ecx.images-amazon.com/images/I/41q7ct-SmFL._SX300_.jpg", "price": 28.11, "numReviews": 27, "groups": [48], "averageRating": 4.444444444444445}, {"asin": "B003KN2TEE", "name": "JBL GTO528 5.25-Inch 2-Way Loudspeaker (pair)", "imUrl": "http://ecx.images-amazon.com/images/I/51S8CvnjPZL._SX300_.jpg", "price": 54.54, "numReviews": 16, "groups": [49], "averageRating": 3.9375, "brand": "JBL"}, {"asin": "B0057AR5DS", "name": "Autotek ATX46CX 4 x 6 Inches Coaxial Speakers, 1 Pair", "imUrl": "http://ecx.images-amazon.com/images/I/41-tA-lCgWL._SX300_.jpg", "price": 28.0, "numReviews": 5, "groups": [50], "averageRating": 4.0, "brand": "Autotek"}, {"asin": "B008FYFGZM", "name": "Blaupunkt GTx 402 DE 4 - inch 140 Watt Coaxial Speaker System", "imUrl": "http://ecx.images-amazon.com/images/I/41DpKouVjdL._SX300_.jpg", "price": 38.32, "numReviews": 37, "groups": [51], "averageRating": 4.27027027027027}, {"asin": "B001Q9EL0Y", "name": "Focal Polyglass 130 CVX 5.25-Inch Coaxial Speaker Kit", "imUrl": "http://ecx.images-amazon.com/images/I/51VHF5Ch-5L._SX300_.jpg", "price": 299.99, "numReviews": 3, "groups": [52], "averageRating": 5.0}, {"asin": "B007MTNBSK", "name": "Alpine Type-E Series SXE-1750S Car Audio 6.5-Inch Component 2-Way Speakers", "imUrl": "http://ecx.images-amazon.com/images/I/41LZ9YwSK4L._SX300_.jpg", "price": 49.99, "numReviews": 58, "groups": [53], "averageRating": 4.275862068965517, "brand": "Alpine"}, {"asin": "B00284AKNI", "name": "Lanzar HR69.3 Heritage 6-Inchx 9-Inch Three-Way Triaxial Speakers", "imUrl": "http://ecx.images-amazon.com/images/I/41lhTffmkEL._SX300_.jpg", "price": 35.12, "numReviews": 4, "groups": [54], "averageRating": 4.75}, {"asin": "B00514AMEY", "name": "Kuryakyn (875) 2 Ohm Kicker Speaker", "imUrl": "http://ecx.images-amazon.com/images/I/41Dx5p9FTrL._SY300_.jpg", "price": 129.94, "numReviews": 6, "groups": [55], "averageRating": 4.666666666666667, "brand": "Kuryakyn"}, {"asin": "B0029QI7KI", "name": "Infinity Reference 6432cf 4 x 6-Inch, 120-Watt High Performance Two-Way Loudspeaker (Pair)", "imUrl": "http://ecx.images-amazon.com/images/I/51FUt0ImZNL._SX300_.jpg", "price": 53.9, "numReviews": 45, "groups": [56], "averageRating": 4.444444444444445, "brand": "Infinity"}, {"asin": "B002NEGUN2", "name": "PowerBass L-6705x 6.5-Inch to 6.75-Inch Coaxial 2-Way Speaker System (Pair)", "imUrl": "http://ecx.images-amazon.com/images/I/41lHYyBP0aL._SY300_.jpg", "price": 63.55, "numReviews": 4, "groups": [57], "averageRating": 4.75}, {"asin": "B003F8USF6", "name": "Cadence Acoustics XS682 150 Watt Peak 2-Way Speaker System", "imUrl": "http://ecx.images-amazon.com/images/I/413ye4BhkgL._SX300_.jpg", "price": 35.39, "numReviews": 2, "groups": [58], "averageRating": 5.0, "brand": "Cadence"}, {"asin": "B006WVXD50", "name": "Clarion Mobile Electronics SRG4622C 4 x 6-Inches Coaxial Speaker System (Discontinued by Manufacturer)", "imUrl": "http://ecx.images-amazon.com/images/I/41MAdtHFqEL._SY300_.jpg", "price": 32.99, "numReviews": 7, "groups": [59], "averageRating": 4.285714285714286}, {"asin": "B00CE96A4A", "name": "Kenwood Excelon XR-1800P 7\" 2-Way Component Speaker Sys", "imUrl": "http://ecx.images-amazon.com/images/I/51RBHf-awfL._SX300_.jpg", "price": 199.99, "numReviews": 7, "groups": [60], "averageRating": 4.857142857142857, "brand": "Kenwood"}, {"asin": "B00A0LUX6A", "name": "Pioneer TS-A6985R 6\" x 9\" (6x9) 4-Way TS Coaxial Car Speakers", "imUrl": "http://ecx.images-amazon.com/images/I/41QtpIbbJRL._SX300_.jpg", "price": 58.48, "numReviews": 282, "groups": [61], "averageRating": 4.613475177304965, "brand": "Pioneer"}, {"asin": "B00D3PTLZE", "name": "MBQUART RCM216 Reference Series Car Audio - Set of 2", "imUrl": "http://ecx.images-amazon.com/images/I/51nRkkK8CFL._SY300_.jpg", "price": 92.95, "numReviews": 4, "groups": [62], "averageRating": 5.0}, {"asin": "B0002OPKE0", "name": "Pyramid 6091 6.5-Inch 300 Watts ThreeWay Slim Mount Speakers", "imUrl": "http://ecx.images-amazon.com/images/I/41uTZmlT1wL._SX300_.jpg", "price": 22.72, "numReviews": 2, "groups": [63], "averageRating": 4.0, "brand": "Pyramid"}, {"asin": "B0015VY478", "name": "Kicker 08KS690 KS-Series 6-Inch x 9-Inch 152mm X 229mm Coaxial Speaker", "imUrl": "http://ecx.images-amazon.com/images/I/41nlWekr4pL._SX300_.jpg", "price": 50.29, "numReviews": 8, "groups": [64], "averageRating": 4.625}, {"asin": "B004K5A9XO", "name": "Kicker 11ds682 6x8 Component Speaker W20mm Twt", "imUrl": "http://ecx.images-amazon.com/images/I/41ckRmHXRSL._SY300_.jpg", "price": 92.9, "numReviews": 9, "groups": [65], "averageRating": 4.666666666666667, "brand": "Kicker"}, {"asin": "B004QMETLY", "name": "JVC CSV427 4-Inch 160W Peak 2-Way Coaxial Speakers", "imUrl": "http://ecx.images-amazon.com/images/I/41YpigUmAOL._SY300_.jpg", "price": 32.49, "numReviews": 18, "groups": [66], "averageRating": 4.333333333333333, "brand": "JVC"}, {"asin": "B002CGS3LS", "name": "Dual SX692 6-Inch X 9-Inch 300 Watt 2-Way Speakers", "imUrl": "http://ecx.images-amazon.com/images/I/41XHNQKgICL._SX300_.jpg", "price": 26.07, "numReviews": 2, "groups": [67], "averageRating": 4.0}, {"asin": "B007LNSLJ6", "name": "Pyle 6.5in Gear Cmpnt Spkr Sys", "imUrl": "http://ecx.images-amazon.com/images/I/513Htytl47L._SY300_.jpg", "price": 50.79, "numReviews": 1, "groups": [68], "averageRating": 5.0, "brand": "Pyle"}, {"asin": "B008M2HWZ4", "name": "Sony Xplod Xs-R series XS-R6944 6\"x9\" 600 Watt 4-Way 4 Ohm Car Speakers With Low Distortion", "imUrl": "http://ecx.images-amazon.com/images/I/41pny4PSbvL._SX300_.jpg", "price": 82.0, "numReviews": 13, "groups": [69], "averageRating": 4.769230769230769}, {"asin": "B002UZH8QW", "name": "Cadence CVSL69 6x9 Inches 3 Way Competition Component Speakers", "imUrl": "http://ecx.images-amazon.com/images/I/51U58CaG0ML._SY300_.jpg", "price": 189.99, "numReviews": 5, "groups": [70], "averageRating": 4.6}, {"asin": "B0030JJDVA", "name": "CDT Audio HD-M6 - 6.5\" High Definition Midrange Speaker", "imUrl": "http://ecx.images-amazon.com/images/I/51DJH5hjHFL._SX300_.jpg", "price": 199.99, "numReviews": 2, "groups": [71], "averageRating": 5.0, "brand": "CDT Audio"}, {"asin": "B009LNYBOS", "name": "NEW KICKER DS693 6x9\" 280W 3-Way Car Speakers + DS65 6.5\" 2-Way Speakers 11DS693", "imUrl": "http://ecx.images-amazon.com/images/I/41BlhoDXonL._SX300_.jpg", "price": 71.99, "numReviews": 10, "groups": [72], "averageRating": 3.7}, {"asin": "B0039825S0", "name": "Pioneer TS-D1702R 6.75 In. 2-Way Speaker with 280 Watts Max. Power", "imUrl": "http://ecx.images-amazon.com/images/I/51MNizLqyjL._SX300_.jpg", "price": 74.94, "numReviews": 10, "groups": [73], "averageRating": 4.4, "brand": "Pioneer"}, {"asin": "B003TNAMLC", "name": "Cadence Fx6m4 (4 Ohm) 6-Inch 150 Watt Mid-bass Speaker", "imUrl": "http://ecx.images-amazon.com/images/I/51Tcb8c%2BQZL._SX300_.jpg", "price": 27.95, "numReviews": 1, "groups": [74], "averageRating": 5.0}, {"asin": "B00BJ95VKA", "name": "4) New BOSS Chaos CH1552 5.25\" 3-Way 400 Watt Car Audio Coaxial Speakers Stereo", "imUrl": "http://ecx.images-amazon.com/images/I/511qhXOB5FL._SY300_.jpg", "price": 18.95, "numReviews": 2, "groups": [75], "averageRating": 2.5}, {"asin": "B003DKJ31Q", "name": "DP Audio Video DS699 3-Way 6 x 9-Inch Car Speakers", "imUrl": "http://ecx.images-amazon.com/images/I/41fiDKYLFtL._SX300_.jpg", "price": 22.99, "numReviews": 3, "groups": [76], "averageRating": 2.6666666666666665, "brand": "DP Audio Video"}, {"asin": "B004K5AZAQ", "name": "Kicker DS693 6\"x9\" 3-Way Speakers (Pair)", "imUrl": "http://ecx.images-amazon.com/images/I/41LJGwouCUL._SX300_.jpg", "price": 49.95, "numReviews": 130, "groups": [77], "averageRating": 4.623076923076923, "brand": "Kicker"}, {"asin": "B000LY8DCM", "name": "Pioneer TS-A1672R 3-Way 6.5-Inch 220-Watt Speaker", "imUrl": "http://ecx.images-amazon.com/images/I/51upxJf1LGL._SY300_.jpg", "price": 39.99, "numReviews": 7, "groups": [78], "averageRating": 4.714285714285714}, {"asin": "B000LYCWMY", "name": "Pioneer TS-A6982R 4-Way 6-Inch X 9-Inch 440-Watt Speaker", "imUrl": "http://ecx.images-amazon.com/images/I/41EZQ7bRFyL._SX300_.jpg", "price": 54.95, "numReviews": 2, "groups": [79], "averageRating": 5.0}, {"asin": "B001P86SQG", "name": "Rockford Fosgate Punch P1462 4 x 6-Inches Full Range Coaxial Speakers", "imUrl": "http://ecx.images-amazon.com/images/I/41CItPdK3nL._SY300_.jpg", "price": 54.92, "numReviews": 33, "groups": [80], "averageRating": 4.242424242424242, "brand": "Rockford Fosgate"}, {"asin": "B006VFENQK", "name": "4) New BOSS CH6530 6.5\" 3-Way 600W Car Audio Speakers", "imUrl": "http://ecx.images-amazon.com/images/I/41sR0bgZwZL._SX300_.jpg", "price": 56.08, "numReviews": 14, "groups": [81], "averageRating": 3.642857142857143, "brand": "BOSS"}, {"asin": "B007VLKNS0", "name": "Brand New Pioneer A Series TS-A4674R 4\" x 6\" 400 Watt Peak / 60 Watt RMS (Pair) 3 Way Car Speakers with Carbon Graphite IMPP Cone", "imUrl": "http://ecx.images-amazon.com/images/I/41dxMe6iV4L._SX300_.jpg", "price": 44.44, "numReviews": 3, "groups": [82], "averageRating": 3.0}, {"asin": "B0056JXLTW", "name": "Alpine Spr-50c 5.25-Inch 2 Way Pair of Component Car Speaker System", "imUrl": "http://ecx.images-amazon.com/images/I/51X2HZNcd1L._SX300_.jpg", "price": 147.15, "numReviews": 17, "groups": [83], "averageRating": 4.647058823529412, "brand": "Alpine"}, {"asin": "B0024JARH6", "name": "JBL GTO608C 6.5-Inch 2-Way Component System", "imUrl": "http://ecx.images-amazon.com/images/I/514cyXEyU6L._SX300_.jpg", "price": 100.46, "numReviews": 63, "groups": [84], "averageRating": 4.333333333333333, "brand": "JBL"}, {"asin": "B002J9EHMW", "name": "2) NEW Naxa NX-777 6x9\" 1000 Watt 3-Way Car Stereo Audio Speakers NCS-777 PAIR", "imUrl": "http://ecx.images-amazon.com/images/I/41THxSWBbUL._SX300_.jpg", "price": 20.05, "numReviews": 3, "groups": [85], "averageRating": 4.0}, {"asin": "B002KEXGK0", "name": "Boston Acoustics SC85 5\" x 7\" 2-way Car Audio Speakers", "imUrl": "http://ecx.images-amazon.com/images/I/41Q3BrHLaeL._SX300_.jpg", "price": 67.06, "numReviews": 7, "groups": [86], "averageRating": 4.857142857142857, "brand": "Boston Acoustics"}, {"asin": "B00BPW59RQ", "name": "4) New JBL GTO638 6.5\" - 6.75\" 360W 3 Way Car Audio Coaxial Speakers Stereo", "imUrl": "http://ecx.images-amazon.com/images/I/5193VK6ng2L._SY300_.jpg", "price": 129.99, "numReviews": 1, "groups": [87], "averageRating": 5.0}, {"asin": "B0009GX2QY", "name": "Blaupunkt PCxb542 5-1/4\" 2-way car speakers", "imUrl": "http://ecx.images-amazon.com/images/I/5133ZXPBH6L._SX300_.jpg", "price": 34.95, "numReviews": 1, "groups": [88], "averageRating": 5.0}, {"asin": "B0041BV706", "name": "MTX TDX46 4-Inch x 6-Inch 2-Way Coaxial Speakers", "imUrl": "http://ecx.images-amazon.com/images/I/41Jq%2Bh0lF3L._SY300_.jpg", "price": 39.99, "numReviews": 1, "groups": [89], "averageRating": 5.0}, {"asin": "B004MF56CG", "name": "Polk Audio Dxi400", "imUrl": "http://ecx.images-amazon.com/images/I/21YM7UPqPVL.jpg", "price": 55.98, "numReviews": 3, "groups": [90], "averageRating": 4.0}, {"asin": "B004BYJNHC", "name": "Rockford Fosgate Prime R1652-S 6.5-Inch Component Speaker System", "imUrl": "http://ecx.images-amazon.com/images/I/41SRI0UkwaL._SX300_.jpg", "price": 78.99, "numReviews": 1, "groups": [91], "averageRating": 5.0, "brand": "Rockford Fosgate"}, {"asin": "B007X4PIOE", "name": "4) New BOSS CH6500 6.5\" 2-Way 400W Slim Car Speakers", "imUrl": "http://ecx.images-amazon.com/images/I/51nArScqioL._SY300_.jpg", "price": 57.98, "numReviews": 9, "groups": [92], "averageRating": 3.6666666666666665, "brand": "BOSS"}, {"asin": "B00126KB9Q", "name": "Pioneer TSD1602R 6.5 Inch Two-Way Speakers with 260 Watts Max Power", "imUrl": "http://ecx.images-amazon.com/images/I/51YcysmwblL._SX300_.jpg", "price": 71.84, "numReviews": 40, "groups": [93], "averageRating": 4.65, "brand": "Pioneer"}, {"asin": "B005FI9SKA", "name": "Brand New Kenwood Excelon KFC-X693 6\" x 9\" 3 Way Pair Of Car Speakers Totalling 600 Watts Peak / 260 Watts RMS", "imUrl": "http://ecx.images-amazon.com/images/I/417qGTA0PjL._SX300_.jpg", "price": 56.45, "numReviews": 3, "groups": [94], "averageRating": 3.0}, {"asin": "B00076FVHE", "name": "JL AUDIO TR 525-CXi - Car speaker - 2-way - coaxial - 5.25\"", "imUrl": "http://ecx.images-amazon.com/images/I/51iQtAoLOkL._SX300_.jpg", "price": 74.45, "numReviews": 10, "groups": [95], "averageRating": 4.0}, {"asin": "B0007LCLPE", "name": "Pyle PLG6C 6.5-Inch 400-Watt 2-Way Custom Component System", "imUrl": "http://ecx.images-amazon.com/images/I/51MHBMP1D8L._SY300_.jpg", "price": 36.88, "numReviews": 193, "groups": [96], "averageRating": 3.6010362694300517, "brand": "Pyle"}, {"asin": "B0082AYDCQ", "name": "Infinity REF-6402cfx 4\" x 6\" 90W RMS 2-Way Reference X Series Coaxial Speakers", "imUrl": "http://ecx.images-amazon.com/images/I/51IIjZ3wR5L._SY300_.jpg", "price": 65.25, "numReviews": 3, "groups": [97], "averageRating": 4.666666666666667, "brand": "Infinity"}, {"asin": "B0009JHMU8", "name": "Boston Acoustics S35 3 1/2\" S Series Coaxial Speaker", "imUrl": "http://ecx.images-amazon.com/images/I/515EqPcGL8L._SX300_.jpg", "price": 44.99, "numReviews": 18, "groups": [98], "averageRating": 4.444444444444445}, {"asin": "B004THAWHG", "name": "Alpine SPS-610C 6-1/2\" Component 2-Way Type-S Speaker System", "imUrl": "http://ecx.images-amazon.com/images/I/41wGIjpslgL._SX300_.jpg", "price": 71.54, "numReviews": 81, "groups": [99], "averageRating": 4.407407407407407, "brand": "Alpine"}, {"asin": "B008A6YTNK", "name": "Kicker 10 PS5250 4-Ohm 5-\u00bc\" 2-way Marine Speakers", "imUrl": "http://ecx.images-amazon.com/images/I/51m8aDQOoaL._SX300_.jpg", "price": 199.95, "numReviews": 1, "groups": [100], "averageRating": 4.0}, {"asin": "B009CW6YUM", "name": "682.11cf", "imUrl": "http://ecx.images-amazon.com/images/I/51DYVV%2By6dL._SY300_.jpg", "price": 94.99, "numReviews": 11, "groups": [101], "averageRating": 4.909090909090909}, {"asin": "B00C86ND2G", "name": "MBQUART OSC216 Onyx Speakers - Set of 2", "imUrl": "http://ecx.images-amazon.com/images/I/514wjNLu8UL._SX300_.jpg", "price": 68.83, "numReviews": 5, "groups": [62], "averageRating": 4.4}, {"asin": "B000UCUGR0", "name": "JVC CS-V525 In-Vehicle 5.25-Inch 2-Way Coaxial Speaker (Pair, Blue)", "imUrl": "http://ecx.images-amazon.com/images/I/51zLnmiOudL._SX300_.jpg", "price": 27.95, "numReviews": 2, "groups": [102], "averageRating": 3.0, "brand": "JVC"}, {"asin": "B007C81GVA", "name": "Kenwood KEN-KFC6994PS Performance Series 6 x 9 Inches 5-Way Car Speaker - Set of 2", "imUrl": "http://ecx.images-amazon.com/images/I/41GaR6No9kL._SY300_.jpg", "price": 49.79, "numReviews": 35, "groups": [103], "averageRating": 4.571428571428571, "brand": "Kenwood"}, {"asin": "B001467IJ0", "name": "Kicker 08KS6930 KS-Series 6-Inch x 9-Inch 152mm X 229mm 3-Way Speaker", "imUrl": "http://ecx.images-amazon.com/images/I/415c05or6cL._SX300_.jpg", "price": 107.98, "numReviews": 13, "groups": [104], "averageRating": 4.384615384615385}, {"asin": "B001BNYUJ2", "name": "Kicker 07DS460 4-Inch X 6-Inch Coax Speakers (Pair)", "imUrl": "http://ecx.images-amazon.com/images/I/51oO-%2BaUSVL._SY300_.jpg", "price": 32.49, "numReviews": 15, "groups": [105], "averageRating": 3.8666666666666667}, {"asin": "B0043KDKKU", "name": "MTX TDX693 Thunder Dome Triaxial 6-Inch X 9-Inch 3-Way Speakers", "imUrl": "http://ecx.images-amazon.com/images/I/51qBQyx1FaL._SY300_.jpg", "price": 73.31, "numReviews": 1, "groups": [106], "averageRating": 4.0, "brand": "MTX"}, {"asin": "B004USNQIG", "name": "Kicker KS40 4\" Coaxial 2-Way Speaker (pair) 11KS40", "imUrl": "http://ecx.images-amazon.com/images/I/41zfIPTz0hL._SX300_.jpg", "price": 64.84, "numReviews": 7, "groups": [107], "averageRating": 4.571428571428571, "brand": "Kicker"}, {"asin": "B002G9KJEA", "name": "Rockford Fosgate Power T1572 5X7\" Full Range Coaxial Speakers", "imUrl": "http://ecx.images-amazon.com/images/I/41xwQUjkegL._SX300_.jpg", "price": 53.25, "numReviews": 14, "groups": [108], "averageRating": 4.5}, {"asin": "B00BGRMHX4", "name": "Kicker 40CS684 6\"x8\" 2-way Car Speakers", "imUrl": "http://ecx.images-amazon.com/images/I/41Of5ahMr0L._SX300_.jpg", "price": 67.99, "numReviews": 3, "groups": [109], "averageRating": 4.0, "brand": "Kicker"}, {"asin": "B0013FJ9DA", "name": "Alpine SPS609 / SPS-609 / SPS-609 Type-S 6x9 3-way Car Speakers", "imUrl": "http://ecx.images-amazon.com/images/I/51Kg1H7yv2L._SX300_.jpg", "price": 66.9, "numReviews": 14, "groups": [110], "averageRating": 4.571428571428571, "salesRankCategory": "Electronics", "salesRank": 86793}, {"asin": "B001I8ZR4W", "name": "Blaupunkt THx-462 4-Inch x 6-Inch 2-Way Thin Mount Coaxial Speakers", "imUrl": "http://ecx.images-amazon.com/images/I/413EzoOUJJL._SX300_.jpg", "price": 53.9, "numReviews": 1, "groups": [111], "averageRating": 2.0}, {"asin": "B001ULVA0C", "name": "Kicker 09KM6200 / KM6200 / KM6200 6-1/2, 195W, 2-Way Marine Speakers", "imUrl": "http://ecx.images-amazon.com/images/I/51OBByxR44L._SY300_.jpg", "price": 99.99, "numReviews": 2, "groups": [112], "averageRating": 4.5}, {"asin": "B0056VWI6M", "name": "Alpine Sps-510 5.25-Inch 2 Way Pair of Car Speakers", "imUrl": "http://ecx.images-amazon.com/images/I/4165YPFWorL._SX300_.jpg", "price": 52.99, "numReviews": 4, "groups": [113], "averageRating": 4.25, "brand": "Alpine"}, {"asin": "B00716309E", "name": "Hifonics ZRX6.5C Car Speaker", "imUrl": "http://ecx.images-amazon.com/images/I/51Q38%2Bzq9gL._SX300_.jpg", "price": 77.0, "numReviews": 1, "groups": [114], "averageRating": 2.0}, {"asin": "B00BBGIJQE", "name": "JVC CSV528 5.25-Inch 2-Way Coaxial Speakers 220W Peak (Pair)", "imUrl": "http://ecx.images-amazon.com/images/I/510ow25bX3L._SX300_.jpg", "price": 26.99, "numReviews": 12, "groups": [115], "averageRating": 4.333333333333333, "brand": "JVC"}, {"asin": "B0002YU5VS", "name": "Lanzar VX530 VX 5.25-Inch Three-Way Speakers", "imUrl": "http://ecx.images-amazon.com/images/I/41o0cYua8VL._SX300_.jpg", "price": 20.29, "numReviews": 53, "groups": [116], "averageRating": 4.188679245283019, "brand": "Lanzar"}, {"asin": "B000ETFY1M", "name": "Hifonics Zeus ZXI63 6.5-Inch 3-Way Speakers", "imUrl": "http://ecx.images-amazon.com/images/I/41%2BsPBc6Q3L._SX300_.jpg", "price": 41.17, "numReviews": 22, "groups": [117], "averageRating": 4.2272727272727275}, {"asin": "B000P0R6KW", "name": "Polk Audio DB691 6-by-9-Inch 3-Way Speakers (Pair, Silver)", "imUrl": "http://ecx.images-amazon.com/images/I/41Et2VTM2DL._SX300_.jpg", "price": 92.95, "numReviews": 72, "groups": [118], "averageRating": 4.611111111111111, "brand": "Polk Audio"}, {"asin": "B002CIU78I", "name": "Infinity Reference 9632cf 6x9-Inch, 300-Watt High Performance Two-Way Loudspeaker (Pair)", "imUrl": "http://ecx.images-amazon.com/images/I/413w8nw72KL._SX300_.jpg", "price": 67.09, "numReviews": 69, "groups": [119], "averageRating": 4.608695652173913, "brand": "Infinity"}, {"asin": "B001RNNX12", "name": "Boss SE692 CHAOS 6-Inch X 9-Inch 350-Watt 2-Way Speaker", "imUrl": "http://ecx.images-amazon.com/images/I/41x99DBaiqL._SY300_.jpg", "price": 26.07, "numReviews": 1, "groups": [120], "averageRating": 3.0}, {"asin": "B002DD597G", "name": "MX650-CCX-CG-TB - JL Audio 6.5\" Marine Cockpit Coaxials", "imUrl": "http://ecx.images-amazon.com/images/I/516Cr6LPNWL._SY300_.jpg", "price": 99.99, "numReviews": 1, "groups": [121], "averageRating": 5.0}, {"asin": "B0041BWTIK", "name": "MTX TDX65 6.5-Inch 2-Way Thunder Dome Coaxials", "imUrl": "http://ecx.images-amazon.com/images/I/51jikrE6bWL._SY300_.jpg", "price": 58.98, "numReviews": 2, "groups": [122], "averageRating": 5.0, "brand": "MTX"}, {"asin": "B003EMPIOE", "name": "Soundstream SF-693T 6 x 9 3-Way 100 Watt Speakers", "imUrl": "http://ecx.images-amazon.com/images/I/414F42o0EvL._SX300_.jpg", "price": 35.65, "numReviews": 2, "groups": [123], "averageRating": 2.0, "brand": "Soundstream"}, {"asin": "B00076FVMO", "name": "JL Audio TR350-CXi 3-1/2", "imUrl": "http://ecx.images-amazon.com/images/I/41AJ9bFUmLL._SX300_.jpg", "price": 52.84, "numReviews": 3, "groups": [124], "averageRating": 4.666666666666667, "brand": "JL Audio"}, {"asin": "B001SPXLJ8", "name": "Rockford Fosgate M2 M262B Marine Grade 6.5-Inch  Coax 2-way Speakers Black", "imUrl": "http://ecx.images-amazon.com/images/I/51AlPriG-EL._SX300_.jpg", "price": 115.95, "numReviews": 23, "groups": [125], "averageRating": 4.3478260869565215, "brand": "Rockford"}, {"asin": "B0088027EG", "name": "PowerBass 3XL Series 3XL-6902x 6x9 Inch 3 Ohm Full Range Coaxial Speakers (Pair)", "imUrl": "http://ecx.images-amazon.com/images/I/41Au%2BChNpjL._SX300_.jpg", "price": 94.95, "numReviews": 1, "groups": [126], "averageRating": 5.0, "brand": "PowerBass"}, {"asin": "B0012GFP7O", "name": "Pioneer TS-G1342R 5.25-Inch 2-Way 140-Watt Speaker", "imUrl": "http://ecx.images-amazon.com/images/I/51ZNxXZGwvL._SX300_.jpg", "price": 31.95, "numReviews": 9, "groups": [127], "averageRating": 3.888888888888889, "brand": "Pioneer"}, {"asin": "B002BZFSYA", "name": "Infinity Reference 6032cf 6.5-Inch 180-Watt High-Performance 2-Way Speakers (Pair)", "imUrl": "http://ecx.images-amazon.com/images/I/51A8MA8-4zL._SX300_.jpg", "price": 49.0, "numReviews": 317, "groups": [128], "averageRating": 4.416403785488959, "brand": "Infinity"}, {"asin": "B006ZPB2W4", "name": "4) New BOSS CH6520 6.5\" 2-Way 500W Car Audio Speakers", "imUrl": "http://ecx.images-amazon.com/images/I/51%2BKXkMRxFL._SX300_.jpg", "price": 57.98, "numReviews": 9, "groups": [92], "averageRating": 4.0, "brand": "BOSS"}, {"asin": "B00A034HE2", "name": "Pioneer 300-Watts 5.25-Inch Component Speaker PIOTSA1305C", "imUrl": "http://ecx.images-amazon.com/images/I/41Sl-OsuYrL._SY300_.jpg", "price": 65.05, "numReviews": 4, "groups": [129], "averageRating": 3.25, "brand": "Pioneer"}, {"asin": "B00A0M0PXA", "name": "Pioneer TS-A4675R 4\" X 6\" 3-Way Speakers", "imUrl": "http://ecx.images-amazon.com/images/I/41zkk3Ls2EL._SY300_.jpg", "price": 44.44, "numReviews": 27, "groups": [56], "averageRating": 4.185185185185185, "brand": "Pioneer"}, {"asin": "B004OAWLTK", "name": "Kicker Kicker KS693 6x9 Inch. 3-way Speakers", "imUrl": "http://ecx.images-amazon.com/images/I/41nKj0jZ9%2BL._SY300_.jpg", "price": 114.9, "numReviews": 25, "groups": [130], "averageRating": 4.72, "brand": "Kicker"}, {"asin": "B00H3JVF14", "name": "4) New Rockford Fosgate P1675 6.75\" 240W 3 Way Car Coaxial Audio Speakers Stereo", "imUrl": "http://ecx.images-amazon.com/images/I/51M3hv6IwtL._SX300_.jpg", "price": 107.95, "numReviews": 2, "groups": [131], "averageRating": 5.0}, {"asin": "B003KN2TEY", "name": "JBL GTO628 6.5-Inch 2-Way Loudspeaker (Pair)", "imUrl": "http://ecx.images-amazon.com/images/I/51T2bYz71fL._SX300_.jpg", "price": 56.95, "numReviews": 78, "groups": [132], "averageRating": 4.487179487179487, "brand": "JBL"}, {"asin": "B002G9DO8S", "name": "Rockford Fosgate Power T1462 4x6\"  Full Range Coaxial Speakers", "imUrl": "http://ecx.images-amazon.com/images/I/41Bi8JVvH3L._SX300_.jpg", "price": 114.61, "numReviews": 11, "groups": [133], "averageRating": 4.636363636363637}, {"asin": "B005DHADYI", "name": "JBL MS-62C 6.5\" 2-Way Component Speaker System", "imUrl": "http://ecx.images-amazon.com/images/I/51LU-HUGshL._SX300_.jpg", "price": 63.55, "numReviews": 13, "groups": [134], "averageRating": 4.3076923076923075}, {"asin": "B002KOGQEI", "name": "Pioneer TS-G1343R 5.25-Inch 2-Way Speakers", "imUrl": "http://ecx.images-amazon.com/images/I/417t0C-8bZL._SY300_.jpg", "price": 28.95, "numReviews": 26, "groups": [135], "averageRating": 4.538461538461538, "brand": "Pioneer"}, {"asin": "B002QUZHX2", "name": "Planet Audio TQ60C 6.5-Inch 2-Way Poly Injection Cone Component Speaker System (Black)", "imUrl": "http://ecx.images-amazon.com/images/I/41hP1Ew9G0L._SX300_.jpg", "price": 38.57, "numReviews": 3, "groups": [136], "averageRating": 3.3333333333333335, "brand": "Planet Audio"}, {"asin": "B0038NMC8O", "name": "Alpine SPE-6000 6.5\" 2-Way Speakers", "imUrl": "http://ecx.images-amazon.com/images/I/51Wg%2BXf5tWL._SX300_.jpg", "price": 47.98, "numReviews": 24, "groups": [137], "averageRating": 4.166666666666667, "brand": "Alpine"}, {"asin": "B003FYRU60", "name": "Sony XS-GT6948X Xplod 6x9 inch 4-Way 420 Watts Car Speakers [Electronics]", "imUrl": "http://ecx.images-amazon.com/images/I/41fDpRGFOmL._SY300_.jpg", "price": 82.0, "numReviews": 2, "groups": [138], "averageRating": 5.0}, {"asin": "B00E81RAU0", "name": "4) New Rockford Fosgate R165X3 6.5\" 180W 3 Way Car Audio Coaxial Speakers Stereo", "imUrl": "http://ecx.images-amazon.com/images/I/51qRwlEBTtL._SX300_.jpg", "price": 59.49, "numReviews": 5, "groups": [139], "averageRating": 3.6, "brand": "Rockford Fosgate"}, {"asin": "B000J1DAAC", "name": "BOSS Audio CH6920 Chaos Exxtreme 350-watt 2 way auto 6\" x 9\" Coaxial Speaker", "imUrl": "http://ecx.images-amazon.com/images/I/51CJlSqAaiL._SY300_.jpg", "price": 25.36, "numReviews": 523, "groups": [140], "averageRating": 3.636711281070746, "brand": "BOSS"}, {"asin": "B0042LG1RE", "name": "M6+ - CDT Audio 6.5\" 240 Watt Mid-Bass/Sub-Bass Drivers", "imUrl": "http://ecx.images-amazon.com/images/I/51Iojo4OeIL._SX300_.jpg", "price": 229.99, "numReviews": 5, "groups": [141], "averageRating": 4.6}, {"asin": "B000P0PF8C", "name": "Polk Audio DB521 5.25-Inch Coaxial Speakers (Pair, Silver)", "imUrl": "http://ecx.images-amazon.com/images/I/51SFPulc0fL._SY300_.jpg", "price": 62.99, "numReviews": 108, "groups": [142], "averageRating": 4.62037037037037, "brand": "Polk Audio"}, {"asin": "B000P0LRUM", "name": "Polk Audio DB351 3.5-Inch Coaxial Speakers (Pair, Black)", "imUrl": "http://ecx.images-amazon.com/images/I/41LJfFeU0sL._SY300_.jpg", "price": 44.99, "numReviews": 51, "groups": [143], "averageRating": 4.7254901960784315, "brand": "Polk"}, {"asin": "B002XF2DLY", "name": "PAIR OF BRAND NEW CADENCE CVLW69 6x9\" COMPETITION MID-BASS DRIVER SPEAKERS WITH 300 WATTS TOTAL RMS AND 600 WATTS PEAK, 2\" VOICE COILS, DOUBLE STACKED 70 OZ MAGNETS, AND THE BEST SOUND QUALITY", "imUrl": "http://ecx.images-amazon.com/images/I/31wBkFHqkKL._SX300_.jpg", "price": 68.65, "numReviews": 5, "groups": [144], "averageRating": 5.0}, {"asin": "B005NTOHY8", "name": "Kicker KM6200 (11KM6200) 6\" 2-way KM Series Water-Resistant Marine & Boat Speakers w/ 20mm Tweeters", "imUrl": "http://ecx.images-amazon.com/images/I/41sG9cna9OL._SX300_.jpg", "price": 119.95, "numReviews": 3, "groups": [145], "averageRating": 3.6666666666666665, "brand": "Kicker"}, {"asin": "B00GLUZUUI", "name": "4) New Rockford Fosgate P1683 6x8\" 260 Watt 3 Way Car Coaxial Speakers Audio", "imUrl": "http://ecx.images-amazon.com/images/I/41iR9peuzcL._SX300_.jpg", "price": 115.95, "numReviews": 4, "groups": [146], "averageRating": 4.25}, {"asin": "B0007LCLDG", "name": "Lanzar MTP5X7 5-Inch x 7-Inch/6-Inch x 8-Inch Two-Way Plate Speaker System", "imUrl": "http://ecx.images-amazon.com/images/I/41Db%2BYAvzDL._SY300_.jpg", "price": 43.99, "numReviews": 2, "groups": [147], "averageRating": 3.5}, {"asin": "B000H5U2TC", "name": "Boston Acoustics S45 4-inch Car Audio Speakers (Pair)", "imUrl": "http://ecx.images-amazon.com/images/I/317QMuqhTKL.jpg", "price": 41.96, "numReviews": 1, "groups": [148], "averageRating": 5.0}, {"asin": "B000LQZNMI", "name": "Blaupunkt GTc-652 6-1/2-Inch 2-Way Component Set", "imUrl": "http://ecx.images-amazon.com/images/I/51gMuUrizsL._SX300_.jpg", "price": 59.99, "numReviews": 3, "groups": [149], "averageRating": 4.0}, {"asin": "B0054STWRK", "name": "Boston Acoustics Se55 5.25-Inch 200 Watt Peak / 70 Watt RMS 2 Way Se Series Pair of Car Speakers", "imUrl": "http://ecx.images-amazon.com/images/I/41iDJQfEv8L._SX300_.jpg", "price": 63.7, "numReviews": 3, "groups": [150], "averageRating": 3.6666666666666665}, {"asin": "B000V1Z43Q", "name": "Kicker 07DS5250 525-Inch 130mm Coax Speakers (Pair)", "imUrl": "http://ecx.images-amazon.com/images/I/51UUDOa%2BJeL._SY300_.jpg", "price": 39.99, "numReviews": 5, "groups": [151], "averageRating": 3.8}, {"asin": "B0032FOJRK", "name": "Sony XS-GTX6931 GTX Series 6.5\" Component Speakers (Discontinued by Manufacturer)", "imUrl": "http://ecx.images-amazon.com/images/I/41fmu38zSAL._SX300_.jpg", "price": 46.72, "numReviews": 8, "groups": [152], "averageRating": 4.875}, {"asin": "B007XZ4CFO", "name": "Kenwood Excelon KFC-XP184C 7\" Component Speaker System", "imUrl": "http://ecx.images-amazon.com/images/I/51Li2ah1U7L._SX300_.jpg", "price": 199.99, "numReviews": 1, "groups": [153], "averageRating": 5.0}, {"asin": "B00852VE2I", "name": "MTX TNS52 5-1/4\" 2-Way Terminator Series Component Car Speakers System", "imUrl": "http://ecx.images-amazon.com/images/I/41U5tfrQTEL._SY300_.jpg", "price": 57.02, "numReviews": 1, "groups": [154], "averageRating": 5.0, "brand": "MTX"}, {"asin": "B000TQCBUW", "name": "Kenwood KFC-P680C 6-Inch x 8-Inch Easy Fit Ford/Mazda Speaker System", "imUrl": "http://ecx.images-amazon.com/images/I/41smIz2MrNL._SX300_.jpg", "price": 89.4, "numReviews": 23, "groups": [155], "averageRating": 4.173913043478261, "brand": "Kenwood"}, {"asin": "B002X786XQ", "name": "Rockford Fosgate Prime R152-S 5.25-Inch Component Speaker System", "imUrl": "http://ecx.images-amazon.com/images/I/41C35au8A9L._SX300_.jpg", "price": 58.9, "numReviews": 33, "groups": [156], "averageRating": 4.0606060606060606, "brand": "Rockford Fosgate"}, {"asin": "B004MF1396", "name": "JBL P963 6\" x 9\" 3-way Power Series Speakers (Pair)", "imUrl": "http://ecx.images-amazon.com/images/I/511cc9PHJiL._SX300_.jpg", "price": 92.9, "numReviews": 9, "groups": [157], "averageRating": 5.0, "brand": "JBL"}, {"asin": "B00BBGILIA", "name": "JVC CSV6938 6-Inch x 9-Inch 3-Way Coaxial Speakers 400W Peak (Pair)", "imUrl": "http://ecx.images-amazon.com/images/I/51bGWFRbiyL._SX300_.jpg", "price": 40.57, "numReviews": 8, "groups": [158], "averageRating": 3.25, "brand": "JVC"}, {"asin": "B001447Z8Q", "name": "Alpine Type-S SPS-600C - Car speaker - 80 Watt - 2-way - component", "imUrl": "http://ecx.images-amazon.com/images/I/51KkTSrVlxL._SY300_.jpg", "price": 108.0, "numReviews": 25, "groups": [159], "averageRating": 4.12, "salesRankCategory": "Electronics", "salesRank": 77055}, {"asin": "B00163YA92", "name": "JVC CS-V525 190 Watt 5-1/4 Inch 2-Way Speakers", "imUrl": "http://ecx.images-amazon.com/images/I/31BMRkkmpdL._SY300_.jpg", "price": 24.95, "numReviews": 3, "groups": [160], "averageRating": 4.0}, {"asin": "B00BHNPI74", "name": "4) NEW BOSS SK652 6.5\" 600W 2-Way Full Range Skull Car Audio Speakers 2 PAIR", "imUrl": "http://ecx.images-amazon.com/images/I/41l-IvFHwhL._SX300_.jpg", "price": 54.99, "numReviews": 1, "groups": [161], "averageRating": 5.0}, {"asin": "B000YPRWZW", "name": "Kicker 07DS6930 DS-Series 6-Inch x 9-Inch 152mm X 229mm 3-Way Speaker (Pair)", "imUrl": "http://ecx.images-amazon.com/images/I/51JsfRwxYeL._SY300_.jpg", "price": 53.99, "numReviews": 19, "groups": [162], "averageRating": 4.0}, {"asin": "B004L6MH96", "name": "Kicker DS40 4-Inch Coaxial Speaker Pair", "imUrl": "http://ecx.images-amazon.com/images/I/51PhMp04xFL._SX300_.jpg", "price": 31.9, "numReviews": 39, "groups": [163], "averageRating": 4.435897435897436, "brand": "Kicker"}, {"asin": "B00CWK99Y4", "name": "CERWIN VEGA VEGA369X 900-Watt 6X9 Coaxial 700W 75W RMS Power Amplifier", "imUrl": "http://ecx.images-amazon.com/images/I/512pJkbmuHL._SX300_.jpg", "price": 62.61, "numReviews": 2, "groups": [164], "averageRating": 4.0, "salesRankCategory": "Musical Instruments", "salesRank": 74641}, {"asin": "B002RILN2W", "name": "Soundstream SF-652T 6-1/2\" Arachnid Series 2-way Car Speakers", "imUrl": "http://ecx.images-amazon.com/images/I/41Q0AhwwilL._SY300_.jpg", "price": 26.82, "numReviews": 5, "groups": [165], "averageRating": 5.0, "brand": "Soundstream"}, {"asin": "B004CLYOIM", "name": "Pioneer TS-A1304C A-Series 5 1/4\" Components 300 Watts", "imUrl": "http://ecx.images-amazon.com/images/I/41P5mV-1ZkL._SY300_.jpg", "price": 59.99, "numReviews": 6, "groups": [166], "averageRating": 4.166666666666667}, {"asin": "B004TU5MCS", "name": "SPS-510 5.25\" 2-way Car Audio Speakers (Pair)", "imUrl": "http://ecx.images-amazon.com/images/I/41DWxOPBBBL._SY300_.jpg", "price": 52.95, "numReviews": 20, "groups": [167], "averageRating": 4.7}, {"asin": "B008UG01JG", "name": "Audiobahn AMS620H 6-1/2 Inches 2-Way Murdered Out Series Coaxial Car Speakers", "imUrl": "http://ecx.images-amazon.com/images/I/41DYdO1bD2L._SY300_.jpg", "price": 32.79, "numReviews": 4, "groups": [168], "averageRating": 3.25}, {"asin": "B003KN2TG2", "name": "JBL GTO928 6-Inch x 9-Inch 2-Way Loudspeaker", "imUrl": "http://ecx.images-amazon.com/images/I/51RV7G8ZdoL._SX300_.jpg", "price": 66.18, "numReviews": 24, "groups": [169], "averageRating": 4.541666666666667, "brand": "JBL"}, {"asin": "B001V7C9FK", "name": "Kicker 09QS652 QS Series 6.5-Inch Component Vehicle Speaker System", "imUrl": "http://ecx.images-amazon.com/images/I/41Ebmuek-6L._SX300_.jpg", "price": 34.99, "numReviews": 2, "groups": [170], "averageRating": 5.0}, {"asin": "B004T0YBKC", "name": "Rockford Fosgate T5652-S Power T5 6.5-Inch 2-Way Components Car Speakers", "imUrl": "http://ecx.images-amazon.com/images/I/41LwfLT-1zL._SY300_.jpg", "price": 39.36, "numReviews": 4, "groups": [171], "averageRating": 5.0}, {"asin": "B004UC2N7M", "name": "Alpine SPS-517 5\" x 7\" 2-Way Type-S Series Coaxial Car Speaker", "imUrl": "http://ecx.images-amazon.com/images/I/412PTuxj7TL._SX300_.jpg", "price": 57.92, "numReviews": 25, "groups": [172], "averageRating": 4.6, "brand": "Alpine"}, {"asin": "B001Q9ER94", "name": "Kenwood KFC-1652S 6.5-Inch 160 Watt Max Power Dual Cone Speaker System", "imUrl": "http://ecx.images-amazon.com/images/I/41OapfiHtVL._SX300_.jpg", "price": 19.99, "numReviews": 21, "groups": [173], "averageRating": 4.142857142857143}, {"asin": "B00284AKMO", "name": "Lanzar HR5.2 Heritage 5.25-Inch Two-Way Coaxial Speakers", "imUrl": "http://ecx.images-amazon.com/images/I/41AjqkAJnPL._SX300_.jpg", "price": 63.99, "numReviews": 1, "groups": [174], "averageRating": 5.0}, {"asin": "B003LV0CWG", "name": "Pioneer TS-D1702R 6-3/4\" 2-Way D Series Car Speakers (Pair)", "imUrl": "http://ecx.images-amazon.com/images/I/41pADakU68L._SX300_.jpg", "price": 76.09, "numReviews": 2, "groups": [175], "averageRating": 5.0, "brand": "Pioneer"}, {"asin": "B00BF6HWCM", "name": "Rockford Fosgate R165X3 Prime 6.5-Inch Full-Range 3-Way Coaxial Speaker - Set of 2", "imUrl": "http://ecx.images-amazon.com/images/I/41HSi42eHmL._SX300_.jpg", "price": 37.91, "numReviews": 157, "groups": [176], "averageRating": 4.535031847133758, "brand": "Rockford Fosgate"}, {"asin": "B001RNNX76", "name": "Boss BRS69 6x9 Inches Dual Cone Replacement Speaker (Single Speaker)", "imUrl": "http://ecx.images-amazon.com/images/I/41gJ0NNPEnL._SY300_.jpg", "price": 12.74, "numReviews": 31, "groups": [177], "averageRating": 3.967741935483871}, {"asin": "B004NME066", "name": "MTX TN502 5.25-Inch 35-Watt Coaxial Speakers RMS", "imUrl": "http://ecx.images-amazon.com/images/I/4171tW1PbFL._SY300_.jpg", "price": 39.99, "numReviews": 1, "groups": [178], "averageRating": 5.0}, {"asin": "B001P88TOA", "name": "Rockford Fosgate Punch  P1694 6-Inch x 9-Inch  Full Range Coaxial Speakers", "imUrl": "http://ecx.images-amazon.com/images/I/41uADbeaGcL._SX300_.jpg", "price": 66.24, "numReviews": 16, "groups": [23], "averageRating": 4.75, "brand": "Rockford Fosgate"}, {"asin": "B003K9495U", "name": "Sony 6\" x 9\" 4-Way Speakers 300 Watts Power Handling XSR6943", "imUrl": "http://ecx.images-amazon.com/images/I/51fKtBS4FnL._SY300_.jpg", "price": 40.0, "numReviews": 4, "groups": [179], "averageRating": 5.0}, {"asin": "B00518XEA4", "name": "IS130 - Focal Integration 5.25\" 2-Way Component Speaker System", "imUrl": "http://ecx.images-amazon.com/images/I/51%2BTdoPmG-L._SX300_.jpg", "price": 169.99, "numReviews": 3, "groups": [180], "averageRating": 4.0}, {"asin": "B00A0LZZ9U", "name": "Pioneer TS-A1375R 5-1/4\" 3-way car speakers", "imUrl": "http://ecx.images-amazon.com/images/I/41LML6TS3uL._SY300_.jpg", "price": 44.98, "numReviews": 22, "groups": [181], "averageRating": 4.2727272727272725, "brand": "Pioneer"}, {"asin": "B000F33CK2", "name": "Jensen JS692 6-Inch x 9-Inch Co-axial Speakers (Grey)", "imUrl": "http://ecx.images-amazon.com/images/I/51FtJAfAZ2L._SX300_.jpg", "price": 34.95, "numReviews": 3, "groups": [182], "averageRating": 4.333333333333333}, {"asin": "B000FKP7MQ", "name": "BOSS Audio MR50B 150-watt 2 way Marine 5.25\" Coaxial Speaker", "imUrl": "http://ecx.images-amazon.com/images/I/51d69X1opFL._SX300_.jpg", "price": 24.3, "numReviews": 35, "groups": [142], "averageRating": 4.314285714285714, "brand": "BOSS"}, {"asin": "B0070O9ROY", "name": "Kenwood KFC-1664S 6-1/2-Inch 3-Way Sport Series Coaxial Car Speakers", "imUrl": "http://ecx.images-amazon.com/images/I/51aZw%2B2MK9L._SY300_.jpg", "price": 26.9, "numReviews": 55, "groups": [183], "averageRating": 4.090909090909091, "brand": "Kenwood"}, {"asin": "B00I4B4GAM", "name": "4) NEW LANZAR MX6C 6.5\" 400W 2-Way Component Car Audio Speakers Stereo 6-1/2\"", "imUrl": "http://ecx.images-amazon.com/images/I/51U0GCbErrL._SY300_.jpg", "price": 86.95, "numReviews": 1, "groups": [184], "averageRating": 5.0}, {"asin": "B001P88U12", "name": "Rockford Fosgate Punch P1683 6 x 8-Inches  Full Range 3-Way Speakers", "imUrl": "http://ecx.images-amazon.com/images/I/41p9WNEgBAL._SY300_.jpg", "price": 53.98, "numReviews": 35, "groups": [185], "averageRating": 4.371428571428571, "brand": "Rockford Fosgate"}, {"asin": "B008FYFJEA", "name": "Blaupunkt GTx 542 DE 5.25-Inch 180-Watt Coaxial  Speaker System", "imUrl": "http://ecx.images-amazon.com/images/I/41-JIZEgMjL._SX300_.jpg", "price": 37.0, "numReviews": 37, "groups": [186], "averageRating": 4.27027027027027, "brand": "Blaupunkt"}, {"asin": "B00BGRMD4C", "name": "Kicker 40CSS684 6\"x8\" Component Speaker System", "imUrl": "http://ecx.images-amazon.com/images/I/41C4Akz3%2BBL._SX300_.jpg", "price": 144.98, "numReviews": 2, "groups": [187], "averageRating": 5.0}, {"asin": "B00C86N5A6", "name": "MBQUART OKC116  Onyx Speakers -  Set of 2", "imUrl": "http://ecx.images-amazon.com/images/I/51faWnqVIsL._SX300_.jpg", "price": 49.92, "numReviews": 4, "groups": [188], "averageRating": 4.5}, {"asin": "B0019R7IE4", "name": "Boston Acoustic S50 5.25\" Car Audio Component 2-way Speakers", "imUrl": "http://ecx.images-amazon.com/images/I/517VeXNhAHL._SX300_.jpg", "price": 189.99, "numReviews": 2, "groups": [189], "averageRating": 4.0}, {"asin": "B003ENOEEI", "name": "Powerbass L60CX 6.5-Inch Component Speakers", "imUrl": "http://ecx.images-amazon.com/images/I/41sEDaJjDkL._SY300_.jpg", "price": 49.99, "numReviews": 4, "groups": [190], "averageRating": 4.75}, {"asin": "B003PJ6TTE", "name": "Cadence Acoustics XS6K 6.5-Inch 200 Watt Peak Speaker Component Kit", "imUrl": "http://ecx.images-amazon.com/images/I/517q2VYszCL._SX300_.jpg", "price": 59.95, "numReviews": 3, "groups": [191], "averageRating": 2.0}, {"asin": "B00BF6HVG4", "name": "Rockford Fosgate R169X3 Prime 6 x 9 Inch 3-Way Full-Range Coaxial Speaker - Set of 2", "imUrl": "http://ecx.images-amazon.com/images/I/41ZKR9CGYyL._SX300_.jpg", "price": 42.23, "numReviews": 157, "groups": [77], "averageRating": 4.535031847133758, "brand": "Rockford Fosgate"}, {"asin": "B00IMQWE6C", "name": "Pair Kicker 41DSC6934 6x9\" D-Series 360 Watts Peak/90 Watts RMS 3-Way Car Speakers DSC693 with Thin-profile woofers", "imUrl": "http://ecx.images-amazon.com/images/I/41S2XkRglgL._SX300_.jpg", "price": 69.95, "numReviews": 2, "groups": [192], "averageRating": 4.5, "brand": "Kicker"}, {"asin": "B0009IIZSC", "name": "Infinity REF6012si 6-1/2\" 2-Way Shallow Mount Loudspeaker (Pair)", "imUrl": "http://ecx.images-amazon.com/images/I/51QV7JE3HAL._SX300_.jpg", "price": 50.1, "numReviews": 2, "groups": [193], "averageRating": 4.5}, {"asin": "B00372GLGK", "name": "Kenwood Kfc-6983Ps 6-Inch X 9-Inch Performance Series 4-Way Speaker System", "imUrl": "http://ecx.images-amazon.com/images/I/41L8XZ8hoOL._SY300_.jpg", "price": 59.99, "numReviews": 35, "groups": [194], "averageRating": 4.685714285714286}, {"asin": "B008540JCW", "name": "MX650-CCX-SG-WH - JL Audio 6.5\" 2-Way Marine Cockpit Coaxial MX Series Speakers (White)", "imUrl": "http://ecx.images-amazon.com/images/I/51Xd5tqQkiL._SY300_.jpg", "price": 405.99, "numReviews": 2, "groups": [195], "averageRating": 5.0}, {"asin": "B001JT5T2K", "name": "Db Bass Inferno Bi46 4-Inch X 6-Inch 4-Way Speakers", "imUrl": "http://ecx.images-amazon.com/images/I/41259I4JGyL._SY300_.jpg", "price": 18.18, "numReviews": 3, "groups": [196], "averageRating": 4.0, "brand": "Bass"}, {"asin": "B00480OP1S", "name": "Naxa NCS-774 6.5-Inch 2-Way Speaker", "imUrl": "http://ecx.images-amazon.com/images/I/51rS3JMNKOL._SX300_.jpg", "price": 22.23, "numReviews": 2, "groups": [197], "averageRating": 4.5, "salesRankCategory": "Electronics", "salesRank": 188935}, {"asin": "B0032FOKRY", "name": "BOSS Audio P65.4C Phantom 400-watt 4 way auto 6.5\" Coaxial Speaker", "imUrl": "http://ecx.images-amazon.com/images/I/5168C9yRj7L._SX300_.jpg", "price": 31.49, "numReviews": 11, "groups": [198], "averageRating": 4.363636363636363, "brand": "BOSS"}, {"asin": "B005C7584O", "name": "Boston Acoustics Se85 5 x 7 Inches 2 Way Se Series Pair of Car Speakers", "imUrl": "http://ecx.images-amazon.com/images/I/41OEBdOX4GL._SX300_.jpg", "price": 99.99, "numReviews": 2, "groups": [86], "averageRating": 4.5, "brand": "Boston Acoustics"}], "links": [{"source": 0, "target": 78, "right": true, "left": false, "value": 1}, {"source": 1, "target": 133, "right": true, "left": false, "value": 1}, {"source": 2, "target": 133, "right": true, "left": false, "value": 1}, {"source": 3, "target": 11, "right": false, "left": true, "value": 1}, {"source": 3, "target": 188, "right": true, "left": false, "value": 1}, {"source": 4, "target": 70, "right": true, "left": false, "value": 1}, {"source": 5, "target": 171, "right": false, "left": true, "value": 1}, {"source": 5, "target": 163, "right": false, "left": true, "value": 1}, {"source": 5, "target": 141, "right": false, "left": true, "value": 1}, {"source": 6, "target": 130, "right": true, "left": false, "value": 1}, {"source": 7, "target": 180, "right": true, "left": false, "value": 1}, {"source": 8, "target": 160, "right": false, "left": true, "value": 1}, {"source": 8, "target": 26, "right": true, "left": true, "value": 1}, {"source": 8, "target": 180, "right": true, "left": false, "value": 1}, {"source": 9, "target": 77, "right": false, "left": true, "value": 1}, {"source": 10, "target": 36, "right": false, "left": true, "value": 1}, {"source": 12, "target": 78, "right": true, "left": false, "value": 1}, {"source": 13, "target": 194, "right": true, "left": false, "value": 1}, {"source": 13, "target": 130, "right": true, "left": false, "value": 1}, {"source": 13, "target": 63, "right": true, "left": false, "value": 1}, {"source": 14, "target": 97, "right": true, "left": false, "value": 1}, {"source": 15, "target": 183, "right": true, "left": false, "value": 1}, {"source": 15, "target": 23, "right": true, "left": false, "value": 1}, {"source": 16, "target": 191, "right": false, "left": true, "value": 1}, {"source": 16, "target": 66, "right": false, "left": true, "value": 1}, {"source": 16, "target": 102, "right": false, "left": true, "value": 1}, {"source": 16, "target": 43, "right": false, "left": true, "value": 1}, {"source": 16, "target": 110, "right": false, "left": true, "value": 1}, {"source": 16, "target": 206, "right": false, "left": true, "value": 1}, {"source": 16, "target": 48, "right": false, "left": true, "value": 1}, {"source": 16, "target": 176, "right": false, "left": true, "value": 1}, {"source": 16, "target": 20, "right": false, "left": true, "value": 1}, {"source": 16, "target": 87, "right": false, "left": true, "value": 1}, {"source": 16, "target": 24, "right": false, "left": true, "value": 1}, {"source": 16, "target": 151, "right": false, "left": true, "value": 1}, {"source": 16, "target": 28, "right": false, "left": true, "value": 1}, {"source": 16, "target": 159, "right": false, "left": true, "value": 1}, {"source": 17, "target": 130, "right": true, "left": false, "value": 1}, {"source": 18, "target": 40, "right": false, "left": true, "value": 1}, {"source": 19, "target": 163, "right": false, "left": true, "value": 1}, {"source": 19, "target": 100, "right": true, "left": false, "value": 1}, {"source": 21, "target": 130, "right": true, "left": false, "value": 1}, {"source": 22, "target": 85, "right": true, "left": false, "value": 1}, {"source": 23, "target": 180, "right": true, "left": false, "value": 1}, {"source": 23, "target": 198, "right": true, "left": false, "value": 1}, {"source": 23, "target": 183, "right": true, "left": true, "value": 1}, {"source": 24, "target": 66, "right": true, "left": false, "value": 1}, {"source": 25, "target": 90, "right": false, "left": true, "value": 1}, {"source": 25, "target": 107, "right": false, "left": true, "value": 1}, {"source": 25, "target": 60, "right": false, "left": true, "value": 1}, {"source": 25, "target": 46, "right": false, "left": true, "value": 1}, {"source": 26, "target": 146, "right": true, "left": false, "value": 1}, {"source": 27, "target": 176, "right": true, "left": false, "value": 1}, {"source": 29, "target": 130, "right": true, "left": false, "value": 1}, {"source": 29, "target": 85, "right": true, "left": false, "value": 1}, {"source": 30, "target": 84, "right": true, "left": false, "value": 1}, {"source": 31, "target": 86, "right": false, "left": true, "value": 1}, {"source": 32, "target": 105, "right": true, "left": false, "value": 1}, {"source": 33, "target": 105, "right": true, "left": false, "value": 1}, {"source": 34, "target": 105, "right": true, "left": false, "value": 1}, {"source": 34, "target": 189, "right": true, "left": false, "value": 1}, {"source": 34, "target": 121, "right": true, "left": false, "value": 1}, {"source": 35, "target": 198, "right": true, "left": false, "value": 1}, {"source": 35, "target": 78, "right": true, "left": false, "value": 1}, {"source": 37, "target": 97, "right": true, "left": false, "value": 1}, {"source": 37, "target": 54, "right": true, "left": false, "value": 1}, {"source": 38, "target": 130, "right": true, "left": false, "value": 1}, {"source": 38, "target": 147, "right": true, "left": false, "value": 1}, {"source": 39, "target": 105, "right": true, "left": false, "value": 1}, {"source": 39, "target": 189, "right": true, "left": false, "value": 1}, {"source": 41, "target": 161, "right": true, "left": false, "value": 1}, {"source": 41, "target": 138, "right": false, "left": true, "value": 1}, {"source": 41, "target": 85, "right": true, "left": false, "value": 1}, {"source": 42, "target": 152, "right": false, "left": true, "value": 1}, {"source": 42, "target": 91, "right": false, "left": true, "value": 1}, {"source": 43, "target": 87, "right": true, "left": false, "value": 1}, {"source": 44, "target": 54, "right": true, "left": false, "value": 1}, {"source": 45, "target": 134, "right": true, "left": false, "value": 1}, {"source": 45, "target": 78, "right": true, "left": false, "value": 1}, {"source": 46, "target": 133, "right": true, "left": false, "value": 1}, {"source": 47, "target": 136, "right": true, "left": false, "value": 1}, {"source": 47, "target": 85, "right": true, "left": false, "value": 1}, {"source": 49, "target": 172, "right": false, "left": true, "value": 1}, {"source": 49, "target": 180, "right": true, "left": false, "value": 1}, {"source": 49, "target": 141, "right": false, "left": true, "value": 1}, {"source": 50, "target": 136, "right": true, "left": false, "value": 1}, {"source": 50, "target": 146, "right": true, "left": false, "value": 1}, {"source": 51, "target": 133, "right": true, "left": false, "value": 1}, {"source": 52, "target": 167, "right": true, "left": false, "value": 1}, {"source": 53, "target": 146, "right": true, "left": false, "value": 1}, {"source": 54, "target": 97, "right": true, "left": false, "value": 1}, {"source": 54, "target": 130, "right": true, "left": false, "value": 1}, {"source": 54, "target": 100, "right": false, "left": true, "value": 1}, {"source": 54, "target": 196, "right": false, "left": true, "value": 1}, {"source": 54, "target": 141, "right": false, "left": true, "value": 1}, {"source": 54, "target": 153, "right": false, "left": true, "value": 1}, {"source": 55, "target": 78, "right": true, "left": false, "value": 1}, {"source": 56, "target": 101, "right": false, "left": true, "value": 1}, {"source": 57, "target": 98, "right": false, "left": true, "value": 1}, {"source": 57, "target": 133, "right": true, "left": true, "value": 1}, {"source": 57, "target": 81, "right": false, "left": true, "value": 1}, {"source": 57, "target": 113, "right": false, "left": true, "value": 1}, {"source": 57, "target": 121, "right": true, "left": false, "value": 1}, {"source": 58, "target": 130, "right": true, "left": false, "value": 1}, {"source": 59, "target": 191, "right": true, "left": false, "value": 1}, {"source": 60, "target": 133, "right": true, "left": false, "value": 1}, {"source": 61, "target": 157, "right": false, "left": true, "value": 1}, {"source": 62, "target": 80, "right": false, "left": true, "value": 1}, {"source": 63, "target": 100, "right": true, "left": false, "value": 1}, {"source": 63, "target": 103, "right": true, "left": true, "value": 1}, {"source": 64, "target": 97, "right": true, "left": false, "value": 1}, {"source": 65, "target": 134, "right": true, "left": false, "value": 1}, {"source": 65, "target": 78, "right": true, "left": false, "value": 1}, {"source": 67, "target": 167, "right": true, "left": false, "value": 1}, {"source": 68, "target": 144, "right": true, "left": false, "value": 1}, {"source": 69, "target": 97, "right": true, "left": false, "value": 1}, {"source": 70, "target": 198, "right": true, "left": false, "value": 1}, {"source": 70, "target": 142, "right": false, "left": true, "value": 1}, {"source": 70, "target": 78, "right": true, "left": false, "value": 1}, {"source": 70, "target": 184, "right": false, "left": true, "value": 1}, {"source": 70, "target": 156, "right": false, "left": true, "value": 1}, {"source": 71, "target": 120, "right": true, "left": false, "value": 1}, {"source": 71, "target": 148, "right": false, "left": true, "value": 1}, {"source": 72, "target": 145, "right": true, "left": false, "value": 1}, {"source": 73, "target": 198, "right": true, "left": false, "value": 1}, {"source": 73, "target": 78, "right": true, "left": false, "value": 1}, {"source": 74, "target": 179, "right": false, "left": true, "value": 1}, {"source": 74, "target": 94, "right": true, "left": false, "value": 1}, {"source": 75, "target": 85, "right": true, "left": false, "value": 1}, {"source": 76, "target": 82, "right": true, "left": false, "value": 1}, {"source": 77, "target": 144, "right": true, "left": false, "value": 1}, {"source": 78, "target": 128, "right": false, "left": true, "value": 1}, {"source": 78, "target": 134, "right": false, "left": true, "value": 1}, {"source": 78, "target": 148, "right": false, "left": true, "value": 1}, {"source": 78, "target": 155, "right": false, "left": true, "value": 1}, {"source": 78, "target": 166, "right": false, "left": true, "value": 1}, {"source": 78, "target": 173, "right": false, "left": true, "value": 1}, {"source": 78, "target": 187, "right": false, "left": true, "value": 1}, {"source": 78, "target": 198, "right": true, "left": true, "value": 1}, {"source": 78, "target": 199, "right": false, "left": true, "value": 1}, {"source": 78, "target": 105, "right": false, "left": true, "value": 1}, {"source": 78, "target": 106, "right": false, "left": true, "value": 1}, {"source": 78, "target": 108, "right": false, "left": true, "value": 1}, {"source": 78, "target": 125, "right": false, "left": true, "value": 1}, {"source": 79, "target": 189, "right": true, "left": false, "value": 1}, {"source": 81, "target": 133, "right": true, "left": false, "value": 1}, {"source": 81, "target": 137, "right": false, "left": true, "value": 1}, {"source": 81, "target": 175, "right": false, "left": true, "value": 1}, {"source": 81, "target": 180, "right": true, "left": false, "value": 1}, {"source": 81, "target": 90, "right": false, "left": true, "value": 1}, {"source": 82, "target": 131, "right": false, "left": true, "value": 1}, {"source": 82, "target": 93, "right": false, "left": true, "value": 1}, {"source": 82, "target": 165, "right": false, "left": true, "value": 1}, {"source": 83, "target": 133, "right": true, "left": false, "value": 1}, {"source": 84, "target": 185, "right": false, "left": true, "value": 1}, {"source": 84, "target": 171, "right": true, "left": false, "value": 1}, {"source": 85, "target": 197, "right": false, "left": true, "value": 1}, {"source": 85, "target": 136, "right": true, "left": false, "value": 1}, {"source": 85, "target": 138, "right": false, "left": true, "value": 1}, {"source": 86, "target": 144, "right": true, "left": false, "value": 1}, {"source": 87, "target": 206, "right": true, "left": true, "value": 1}, {"source": 88, "target": 136, "right": true, "left": false, "value": 1}, {"source": 89, "target": 192, "right": true, "left": false, "value": 1}, {"source": 92, "target": 180, "right": true, "left": false, "value": 1}, {"source": 93, "target": 131, "right": true, "left": true, "value": 1}, {"source": 94, "target": 179, "right": false, "left": true, "value": 1}, {"source": 95, "target": 105, "right": true, "left": false, "value": 1}, {"source": 96, "target": 146, "right": true, "left": false, "value": 1}, {"source": 97, "target": 140, "right": false, "left": true, "value": 1}, {"source": 97, "target": 172, "right": false, "left": true, "value": 1}, {"source": 97, "target": 174, "right": false, "left": true, "value": 1}, {"source": 97, "target": 204, "right": false, "left": true, "value": 1}, {"source": 97, "target": 190, "right": false, "left": true, "value": 1}, {"source": 98, "target": 133, "right": true, "left": false, "value": 1}, {"source": 99, "target": 130, "right": true, "left": false, "value": 1}, {"source": 99, "target": 147, "right": true, "left": false, "value": 1}, {"source": 100, "target": 163, "right": false, "left": true, "value": 1}, {"source": 100, "target": 103, "right": false, "left": true, "value": 1}, {"source": 101, "target": 146, "right": true, "left": false, "value": 1}, {"source": 104, "target": 117, "right": true, "left": false, "value": 1}, {"source": 105, "target": 166, "right": false, "left": true, "value": 1}, {"source": 105, "target": 201, "right": false, "left": true, "value": 1}, {"source": 106, "target": 134, "right": true, "left": false, "value": 1}, {"source": 107, "target": 133, "right": true, "left": false, "value": 1}, {"source": 108, "target": 120, "right": true, "left": false, "value": 1}, {"source": 108, "target": 134, "right": true, "left": false, "value": 1}, {"source": 109, "target": 167, "right": true, "left": false, "value": 1}, {"source": 111, "target": 193, "right": false, "left": true, "value": 1}, {"source": 111, "target": 191, "right": true, "left": false, "value": 1}, {"source": 112, "target": 121, "right": true, "left": false, "value": 1}, {"source": 114, "target": 149, "right": true, "left": false, "value": 1}, {"source": 114, "target": 127, "right": true, "left": false, "value": 1}, {"source": 115, "target": 171, "right": true, "left": false, "value": 1}, {"source": 116, "target": 119, "right": true, "left": false, "value": 1}, {"source": 117, "target": 192, "right": false, "left": true, "value": 1}, {"source": 117, "target": 164, "right": false, "left": true, "value": 1}, {"source": 117, "target": 182, "right": false, "left": true, "value": 1}, {"source": 117, "target": 118, "right": false, "left": true, "value": 1}, {"source": 118, "target": 171, "right": true, "left": false, "value": 1}, {"source": 120, "target": 134, "right": false, "left": true, "value": 1}, {"source": 122, "target": 144, "right": true, "left": false, "value": 1}, {"source": 122, "target": 181, "right": true, "left": false, "value": 1}, {"source": 123, "target": 202, "right": true, "left": false, "value": 1}, {"source": 123, "target": 127, "right": true, "left": false, "value": 1}, {"source": 124, "target": 136, "right": true, "left": false, "value": 1}, {"source": 126, "target": 147, "right": true, "left": false, "value": 1}, {"source": 129, "target": 139, "right": true, "left": false, "value": 1}, {"source": 130, "target": 194, "right": false, "left": true, "value": 1}, {"source": 130, "target": 136, "right": false, "left": true, "value": 1}, {"source": 130, "target": 200, "right": false, "left": true, "value": 1}, {"source": 130, "target": 172, "right": false, "left": true, "value": 1}, {"source": 130, "target": 158, "right": false, "left": true, "value": 1}, {"source": 132, "target": 170, "right": false, "left": true, "value": 1}, {"source": 132, "target": 186, "right": true, "left": false, "value": 1}, {"source": 132, "target": 158, "right": false, "left": true, "value": 1}, {"source": 133, "target": 137, "right": false, "left": true, "value": 1}, {"source": 133, "target": 203, "right": false, "left": true, "value": 1}, {"source": 135, "target": 180, "right": true, "left": false, "value": 1}, {"source": 137, "target": 180, "right": true, "left": false, "value": 1}, {"source": 139, "target": 186, "right": true, "left": false, "value": 1}, {"source": 143, "target": 180, "right": true, "left": false, "value": 1}, {"source": 144, "target": 181, "right": false, "left": true, "value": 1}, {"source": 146, "target": 192, "right": false, "left": true, "value": 1}, {"source": 146, "target": 194, "right": false, "left": true, "value": 1}, {"source": 146, "target": 154, "right": false, "left": true, "value": 1}, {"source": 146, "target": 178, "right": false, "left": true, "value": 1}, {"source": 146, "target": 188, "right": true, "left": true, "value": 1}, {"source": 150, "target": 191, "right": true, "left": false, "value": 1}, {"source": 154, "target": 171, "right": true, "left": false, "value": 1}, {"source": 160, "target": 195, "right": false, "left": true, "value": 1}, {"source": 160, "target": 198, "right": true, "left": false, "value": 1}, {"source": 162, "target": 198, "right": true, "left": false, "value": 1}, {"source": 166, "target": 198, "right": true, "left": false, "value": 1}, {"source": 168, "target": 198, "right": true, "left": false, "value": 1}, {"source": 169, "target": 180, "right": true, "left": false, "value": 1}, {"source": 170, "target": 186, "right": true, "left": false, "value": 1}, {"source": 175, "target": 180, "right": true, "left": false, "value": 1}, {"source": 177, "target": 189, "right": true, "left": false, "value": 1}, {"source": 183, "target": 198, "right": true, "left": false, "value": 1}, {"source": 189, "target": 205, "right": false, "left": true, "value": 1}]}