{"nodes": [{"asin": "B002RPMKOA", "name": "DUAL TWIN Y Yoke Bracket for Dish 500 perfect for: 110/119 or 91/82 FTA, dish network or bell express VU", "imUrl": "http://ecx.images-amazon.com/images/I/31dpVCGhXAL._SY300_.jpg", "price": 4.96, "numReviews": 4, "groups": [0], "averageRating": 3.75}, {"asin": "B003L1BCCK", "name": "Non - Penetrating Roof Mount 2 - Inch for satellite dish", "imUrl": "http://ecx.images-amazon.com/images/I/31sfcgcisLL.jpg", "price": 55.01, "numReviews": 2, "groups": [1, 2], "averageRating": 5.0}, {"asin": "B0013L56OK", "name": "10 DB Attenuator Pad - 1 Each", "imUrl": "http://ecx.images-amazon.com/images/I/31e4k1%2ByRBL._SX300_.jpg", "price": 1.47, "numReviews": 9, "groups": [3], "averageRating": 4.444444444444445}, {"asin": "B005LYJ8Q2", "name": "Trimax SM3500 Satellite Meter", "imUrl": "http://ecx.images-amazon.com/images/I/51udCRFRyfL._SX300_.jpg", "price": 399.99, "numReviews": 5, "groups": [4], "averageRating": 2.8}, {"asin": "B00CQEGZJS", "name": "Cable N Wireless 2 Way Balanced HD Digital 5 - 2050 MHz High Performance Coax Splitter for TV HDTV Coaxial Digital Video Cable Singnal, Silver (US Seller)", "imUrl": "http://ecx.images-amazon.com/images/I/41QDW01mzgL._SY300_.jpg", "price": 9.23, "numReviews": 2, "groups": [5], "averageRating": 3.0}, {"asin": "B003Z547F6", "name": "Cellphone-Mate CM-S-4 Four Way Coaxial Coax Cable Splitter Combiner", "imUrl": "http://ecx.images-amazon.com/images/I/41LiU5SZC3L._SY300_.jpg", "price": 64.99, "numReviews": 1, "groups": [6], "averageRating": 5.0}, {"asin": "B007BYFUZS", "name": "Satlink WS-6906 3.5 - Inch Screen DVB-S FTA Digital Satellite Finder Meter", "imUrl": "http://ecx.images-amazon.com/images/I/41q0pcXMmQL._SX342_.jpg", "price": 94.05, "numReviews": 5, "groups": [7], "averageRating": 3.0, "salesRankCategory": "Industrial & Scientific", "salesRank": 52680}, {"asin": "B0002ZPIVE", "name": "High Frequency Splitter 2-Way 1 Port Passive", "imUrl": "http://ecx.images-amazon.com/images/I/51zlWMnuUdL._SY300_.jpg", "price": 2.42, "numReviews": 1, "groups": [8], "averageRating": 5.0}, {"asin": "B0018BS728", "name": "Eagle Aspen 500249 Single Diplexer", "imUrl": "http://ecx.images-amazon.com/images/I/51QLzP52FAL._SY300_.jpg", "price": 4.38, "numReviews": 7, "groups": [9], "averageRating": 4.428571428571429, "brand": "Eagle Aspen"}, {"asin": "B009MDJ6ZQ", "name": "Trimax SM-4500 Digital Satellite Meter FTA Dish Network DTV", "imUrl": "http://ecx.images-amazon.com/images/I/51aXeWMP7YL._SY300_.jpg", "price": 348.47, "numReviews": 1, "groups": [10], "averageRating": 5.0, "brand": ""}, {"asin": "B004LWHOSE", "name": "2-port VGA Splitter 1 PC To 2 Monitors VGA SVGA XGA LCD Video Splitter Box", "imUrl": "http://ecx.images-amazon.com/images/I/416eGoG%2BCWL._SY300_.jpg", "price": 3.04, "numReviews": 6, "groups": [11], "averageRating": 2.8333333333333335}, {"asin": "B00009UHYL", "name": "Terk BMS-58 5 In/8 Out Integrated Multiswitch (Terk BMS58) (Discontinued by Manufacturer)", "imUrl": "http://ecx.images-amazon.com/images/I/117TZF8N5XL.jpg", "price": 31.99, "numReviews": 10, "groups": [12], "averageRating": 3.1, "brand": "Terk"}, {"asin": "B0007WWI2O", "name": "Eagle Aspen DTV3X4 DirecTV-Approved Min-Max 3-In/4-Out Multiswitch", "imUrl": "http://ecx.images-amazon.com/images/I/51BYXYGZSPL._SX300_.jpg", "price": 10.31, "numReviews": 23, "groups": [13], "averageRating": 4.521739130434782, "brand": "Eagle Aspen"}, {"asin": "B009UOFKKC", "name": "SF-500 Digital Satellite Finder Directv Dish FTA & HV Light & audio DVB-S2 and DVB-S", "imUrl": "http://ecx.images-amazon.com/images/I/41K21VAKnsL._SX300_.jpg", "price": 12.68, "numReviews": 1, "groups": [14], "averageRating": 1.0}, {"asin": "B001X3Q2R8", "name": "4-Way Coax Cable Splitter 2Ghz Cable TV Video HDTV", "imUrl": "http://ecx.images-amazon.com/images/I/51RydeukD3L._SY300_.jpg", "price": 5.45, "numReviews": 14, "groups": [15], "averageRating": 3.4285714285714284}, {"asin": "B009TMSZS4", "name": "SatHero SH-100HD Pocket Digital Satellite Signal Finder DVB-S, DVB-S2 8PSK MPEG4 & MPEG2", "imUrl": "http://ecx.images-amazon.com/images/I/417DHPZYCbL._SX300_.jpg", "price": 94.0, "numReviews": 1, "groups": [16], "averageRating": 3.0}, {"asin": "B007P5Y824", "name": "SDS-12 Splitter, 12 Way", "imUrl": "http://ecx.images-amazon.com/images/I/31D3W4EooWL.jpg", "price": 24.99, "numReviews": 1, "groups": [17], "averageRating": 5.0}, {"asin": "B001222256", "name": "Electroline EDA-2400 4-Port Cable TV HDTV Signal Booster/Amplifier (Retail Package with 5-Year Warranty)", "imUrl": "http://ecx.images-amazon.com/images/I/41HgcPnwYFL._SY300_.jpg", "price": 58.99, "numReviews": 33, "groups": [18], "averageRating": 4.545454545454546, "brand": "Electroline"}, {"asin": "B001UEEVNC", "name": "Audiovox VH101 Indoor / Outdoor Matching Transformer", "imUrl": "http://ecx.images-amazon.com/images/I/41qyUPbFDLL._SX300_.jpg", "price": 4.99, "numReviews": 3, "groups": [19], "averageRating": 3.0, "brand": "Audiovox"}, {"asin": "B00009W3BQ", "name": "RCA VH48 Splitters (3-way)", "imUrl": "http://ecx.images-amazon.com/images/I/51F0DOAA40L._SY300_.jpg", "price": 5.19, "numReviews": 56, "groups": [20], "averageRating": 4.25, "brand": "RCA"}, {"asin": "B008R3LOM0", "name": "Splitter, Broadband RF 2 output MoCA capable 5-1002MHZ", "imUrl": "http://ecx.images-amazon.com/images/I/314xIRuPKmL.jpg", "price": 4.99, "numReviews": 3, "groups": [21], "averageRating": 5.0}, {"asin": "B00HRH1KGM", "name": "Royal Plus + Circular LNBF Dual Output LNB 118/119 Satellite ANIK F3 10750 0.2db Royal+", "imUrl": "http://ecx.images-amazon.com/images/I/41LFS8EteDL._SY300_.jpg", "price": 17.08, "numReviews": 1, "groups": [22], "averageRating": 5.0}, {"asin": "B00HVM08JI", "name": "High Performance C-band LNBF - Phase Lock Loop 3.7-4.2GHz WiFi Filtered C1PLL with Flat Scalar and Cooling Fins C1-PLL by Titanium Satellite", "imUrl": "http://ecx.images-amazon.com/images/I/41TwCmyqc0L._SY300_.jpg", "price": 44.0, "numReviews": 2, "groups": [23], "averageRating": 5.0, "brand": "Titanium Satellite"}, {"asin": "B00006JPEB", "name": "CHANNEL PLUS 2534 4-Way Splitter/Combiner", "imUrl": "http://ecx.images-amazon.com/images/I/51u0HbSb1IL._SY300_.jpg", "price": 7.61, "numReviews": 7, "groups": [24], "averageRating": 2.857142857142857}, {"asin": "B004PCLOOK", "name": "Splitter/Combiner, 75 ohm, Coax, 2 way, Gold Plated", "imUrl": "http://ecx.images-amazon.com/images/I/21VkskT7zwL.jpg", "price": 8.97, "numReviews": 1, "groups": [25], "averageRating": 3.0}, {"asin": "B003HV9N8O", "name": "LAVA SF-95 Satellite Finder Kits", "imUrl": "http://ecx.images-amazon.com/images/I/31A3gIc2WcL._SX300_.jpg", "price": 16.47, "numReviews": 2, "groups": [26], "averageRating": 1.0}, {"asin": "B005QTOZ7O", "name": "Eagle Aspen 501481 5 X 8 Sat Multiswitch", "imUrl": "http://ecx.images-amazon.com/images/I/41hum3TGPJL._SY300_.jpg", "price": 47.74, "numReviews": 2, "groups": [27], "averageRating": 5.0, "brand": "Eagle Aspen"}, {"asin": "B007ZEUMAW", "name": "Viewsonics VSMA601C-10R 1-Port TV Signal Booster/Amplifier with Active Return Path (Retail Package with 5-Year Warranty)", "imUrl": "http://ecx.images-amazon.com/images/I/51WiGMc%2BAVL._SX300_.jpg", "price": 69.99, "numReviews": 2, "groups": [28], "averageRating": 3.5}, {"asin": "B0077QMDGY", "name": "GE 87625 4-Way 5Mhz to 2.3Ghz Digital Splitter", "imUrl": "http://ecx.images-amazon.com/images/I/51UCG3a3GJL._SY300_.jpg", "price": 14.85, "numReviews": 3, "groups": [29], "averageRating": 4.666666666666667, "brand": "GE"}, {"asin": "B001N51P8W", "name": "Trimax SM2200 Digital Satellite Finder Meter", "imUrl": "http://ecx.images-amazon.com/images/I/41n00AUGhjL._SX300_.jpg", "price": 379.88, "numReviews": 1, "groups": [30], "averageRating": 5.0}, {"asin": "B005MKE7PM", "name": "Cmple 6 Way Splitter 5 2050MHz F Type", "imUrl": "http://ecx.images-amazon.com/images/I/41erm1W0mqL._SY300_.jpg", "price": 9.04, "numReviews": 7, "groups": [31], "averageRating": 3.142857142857143, "brand": "Cmple"}, {"asin": "B000EOV29K", "name": "Dish DP44 Pro Plus 44 Switch and Power Inserter Kit", "imUrl": "http://ecx.images-amazon.com/images/I/513D4ECHfmL._SX300_.jpg", "price": 69.99, "numReviews": 9, "groups": [32], "averageRating": 4.111111111111111}, {"asin": "B00008VSLA", "name": "Acoustic Research PR430 High Performance 2 GHZ, 2-way splitter (Discontinued by Manufacturer)", "imUrl": "http://ecx.images-amazon.com/images/I/510RT2AFM8L._SY300_.jpg", "price": 90.78, "numReviews": 12, "groups": [33], "averageRating": 4.25}, {"asin": "B0042QNLWM", "name": "Dish Network Dish Pro Plus Triplexer", "imUrl": "http://ecx.images-amazon.com/images/I/41GR%2BHiQrkL._SX300_.jpg", "price": 0.79, "numReviews": 4, "groups": [34], "averageRating": 4.75, "brand": "Dish Network"}, {"asin": "B002SZWII2", "name": "First Strike FS1 Digital Satellite Meter", "imUrl": "http://ecx.images-amazon.com/images/I/51oHTtnIsQL._SY300_.jpg", "price": 258.99, "numReviews": 16, "groups": [35], "averageRating": 3.75, "brand": "First Strike"}, {"asin": "B00408R6OQ", "name": "Electroline EDA-ICF Remote Power Inserter for All EDA Amp", "imUrl": "http://ecx.images-amazon.com/images/I/41ApX2L5sRL._SY300_.jpg", "price": 4.55, "numReviews": 2, "groups": [36], "averageRating": 4.5, "brand": "Electroline"}, {"asin": "B007F7VPIM", "name": "SATHERO SH200 Pocket Satellite Finder Meter DVB-S, DVB-S2, MPEG-4, CBS2 MPEG-4, ABS", "imUrl": "http://ecx.images-amazon.com/images/I/51FNioDEm3L._SY300_.jpg", "price": 146.75, "numReviews": 3, "groups": [37], "averageRating": 4.333333333333333, "brand": "SATHERO"}, {"asin": "B0015YRMXI", "name": "C&E CNE86960 HDE HDMI Splitter Amplifier 1 In to 2 Out Dual Display", "imUrl": "http://ecx.images-amazon.com/images/I/41RCrQZ50tL._SX300_.jpg", "price": 19.98, "numReviews": 676, "groups": [38], "averageRating": 3.548816568047337, "brand": "C&E"}, {"asin": "B00ADARFBO", "name": "PCT 2-Port Active Return Cable TV Splitter Signal Booster/Amplifier With Modem/VoIP Telephone Bypass Feature", "imUrl": "http://ecx.images-amazon.com/images/I/41LC13SThfL._SX300_.jpg", "price": 18.0, "numReviews": 1, "groups": [39], "averageRating": 2.0, "brand": "PCT"}, {"asin": "B007P5Y8BA", "name": "SDS-16 Splitter, 16 Way", "imUrl": "http://ecx.images-amazon.com/images/I/31LBtUoOOsL.jpg", "price": 24.99, "numReviews": 3, "groups": [40], "averageRating": 5.0}, {"asin": "B0043OAI9M", "name": "3 feet Satellite Tripod Mount with 2-Inch OD Mast", "imUrl": "http://ecx.images-amazon.com/images/I/31%2BUJRE9PJL._SX300_.jpg", "price": 36.0, "numReviews": 57, "groups": [41], "averageRating": 4.508771929824562}, {"asin": "B008ICT5NA", "name": "SatLink WS-6903 Digital LED Satellite Signal Meter Finder", "imUrl": "http://ecx.images-amazon.com/images/I/41GdkJgkGWL._SX342_.jpg", "price": 10.46, "numReviews": 3, "groups": [42], "averageRating": 3.0, "salesRankCategory": "Industrial & Scientific", "salesRank": 21003}, {"asin": "B009RCOITG", "name": "DIGISAT 3 Digital satellite meter finder locator Dish / Directv / Free-to-Air", "imUrl": "http://ecx.images-amazon.com/images/I/41CYsSC2FeL._SX300_.jpg", "price": 32.6, "numReviews": 1, "groups": [43], "averageRating": 1.0}, {"asin": "B004NEUI06", "name": "Steren 201-104 1GHz/130dB 4-Way Digital Ready Splitter", "imUrl": "http://ecx.images-amazon.com/images/I/31eNJop2qyL._SX300_.jpg", "price": 7.94, "numReviews": 2, "groups": [44], "averageRating": 4.0, "brand": "Steren"}, {"asin": "B00BEZWFP8", "name": "Klein Tools VDV814-636 Coax Splitter - Satellite, 2-Way, 5MHz - 2.3GHz", "imUrl": "http://ecx.images-amazon.com/images/I/51mTI5wAc6L._SX300_.jpg", "price": 9.95, "numReviews": 1, "groups": [45], "averageRating": 5.0, "brand": "Klein Tools"}, {"asin": "B004CANCL8", "name": "3 ft. Satellite Tripod Mount with 1.66\" OD Mast", "imUrl": "http://ecx.images-amazon.com/images/I/21KoIc%2BYViL.jpg", "price": 34.99, "numReviews": 10, "groups": [46], "averageRating": 4.3}, {"asin": "B004EC30P2", "name": "Dish Network DPP 44 Switch Slim Line with Power Insert", "imUrl": "http://ecx.images-amazon.com/images/I/51wcrmuSQAL._SY300_.jpg", "price": 59.0, "numReviews": 2, "groups": [32], "averageRating": 5.0, "brand": "Dish Network"}, {"asin": "B009FNNHZI", "name": "Extreme 4 Way Balanced HD Digital 1GHz high performance coax cablecplitter - BDS104h", "imUrl": "http://ecx.images-amazon.com/images/I/41PtTwhNjtL._SX300_.jpg", "price": 3.99, "numReviews": 37, "groups": [47], "averageRating": 4.864864864864865, "brand": "Extreme"}, {"asin": "B00AKXCP8W", "name": "Gino Ku Band LNB Universal Linear Single FTA LNBF 0.5dB", "imUrl": "http://ecx.images-amazon.com/images/I/31MXP5fsvlL._SY300_.jpg", "price": 6.45, "numReviews": 1, "groups": [48], "averageRating": 4.0}, {"asin": "B0007WWI2E", "name": "Eagle Aspen DTV4X8 DirecTV-Approved 4-In/8-Out Multiswitch", "imUrl": "http://ecx.images-amazon.com/images/I/419YZE7PJWL._SX300_.jpg", "price": 33.99, "numReviews": 21, "groups": [49], "averageRating": 3.6666666666666665}, {"asin": "B00EIAFREW", "name": "HIGH SHIELD SPLITTER COMBINER 2-WAY HIGH FREQ 5-1000 MHZ", "imUrl": "http://ecx.images-amazon.com/images/I/41ZVWCK14CL._SX300_.jpg", "price": 10.49, "numReviews": 1, "groups": [50], "averageRating": 1.0}, {"asin": "B004NEUJJG", "name": "Digital 2-WAY Splitter 2.5 Ghz", "imUrl": "http://ecx.images-amazon.com/images/I/51ZnFXQ57LL._SY300_.jpg", "price": 7.82, "numReviews": 2, "groups": [51], "averageRating": 3.5}, {"asin": "B00BBIJW2M", "name": "LAVA Digital Satellite Finder", "imUrl": "http://ecx.images-amazon.com/images/I/31zeAay4jpL._SX300_.jpg", "price": 12.03, "numReviews": 6, "groups": [52], "averageRating": 3.0}, {"asin": "B0013WK8WO", "name": "Dish Network Dish Pro Dual LNBF", "imUrl": "http://ecx.images-amazon.com/images/I/219B3moDR1L.jpg", "price": 69.99, "numReviews": 2, "groups": [53], "averageRating": 1.5}, {"asin": "B001HXGZQW", "name": "2-Port Bi-Directional Cable TV HDTV Amplifier Splitter Signal Booster", "imUrl": "http://ecx.images-amazon.com/images/I/51U0ZS12gcL._SX300_.jpg", "price": 12.95, "numReviews": 10, "groups": [54], "averageRating": 4.5}, {"asin": "B000F28DP2", "name": "PCT 1-PORT BI-DIRECTIONAL CABLE TV HDTV AMPLIFIER SIGNAL BOOSTER WITH PASSIVE RETURN PATH", "imUrl": "http://ecx.images-amazon.com/images/I/418JV7A5G8L._SY300_.jpg", "price": 29.99, "numReviews": 1031, "groups": [55], "averageRating": 4.387002909796315, "brand": "PCT"}, {"asin": "B003L9RZ28", "name": "2 ft. Satellite Tripod Mount with 1.66\" OD Mast", "imUrl": "http://ecx.images-amazon.com/images/I/21ShF0LulhL.jpg", "price": 27.9, "numReviews": 5, "groups": [56], "averageRating": 4.4}, {"asin": "B00GF9ZLV8", "name": "EXTREME 8 WAY BALANCED HD DIGITAL 1GHz HIGH PERFORMANCE COAX CABLE SPLITTER - BDS108VF", "imUrl": "http://ecx.images-amazon.com/images/I/51OaRSCNquL._SY300_.jpg", "price": 13.99, "numReviews": 1, "groups": [57], "averageRating": 3.0}, {"asin": "B007ZZEI0G", "name": "Quad Universal LNB with 4 Output", "imUrl": "http://ecx.images-amazon.com/images/I/51FY9lNaeXL._SY300_.jpg", "price": 14.95, "numReviews": 13, "groups": [58], "averageRating": 4.6923076923076925}, {"asin": "B004BP31II", "name": "COAX COAXIAL 2 WAY SPLITTER VIDEO CABLE TV HDTV ANTENNA", "imUrl": "http://ecx.images-amazon.com/images/I/31mHpVnyjIL.jpg", "price": 7.98, "numReviews": 2, "groups": [59], "averageRating": 2.5}, {"asin": "B00003CWG4", "name": "Monster Cable TGHZ-4RF 2 Gigahertz 4-Way Low-Loss RF Splitters for TV & Satellite (Discontinued by Manufacturer)", "imUrl": "http://ecx.images-amazon.com/images/I/711PDT2TACL._SX300_.gif", "price": 12.95, "numReviews": 36, "groups": [60], "averageRating": 3.8055555555555554}, {"asin": "B005AME1RG", "name": "DIRECTV SPLIT2 2-Way Signal Splitter", "imUrl": "http://ecx.images-amazon.com/images/I/51sez%2BrH4YL._SY300_.jpg", "price": 5.9, "numReviews": 3, "groups": [61], "averageRating": 2.0, "brand": "DIRECTV"}, {"asin": "B00005T3UR", "name": "Terk Weatherproof Splitter 2-Way (Discontinued by Manufacturer)", "imUrl": "http://ecx.images-amazon.com/images/I/21WRKKX2BJL.jpg", "price": 7.99, "numReviews": 15, "groups": [62], "averageRating": 4.866666666666666}, {"asin": "B008FW42KE", "name": "CE Compass 1 PC To 4 Port VGA SVGA LCD CRT Video Monitor Splitter", "imUrl": "http://ecx.images-amazon.com/images/I/317OTOdloVL._SY300_.jpg", "price": 12.99, "numReviews": 2, "groups": [63], "averageRating": 5.0}, {"asin": "B000Y9B1RI", "name": "3 Way 2 GigaHertz RF Splitter 1 In 3 out", "imUrl": "http://ecx.images-amazon.com/images/I/51OPGtBqvKL._SY300_.jpg", "price": 12.95, "numReviews": 9, "groups": [64], "averageRating": 3.888888888888889}, {"asin": "B0006PIR8Q", "name": "CHANNEL PLUS 2503-10 In-Line Attenuators (3 dB)", "imUrl": "http://ecx.images-amazon.com/images/I/51xDD7qPACL._SY300_.jpg", "price": 21.22, "numReviews": 4, "groups": [65], "averageRating": 4.0}, {"asin": "B00556LI1E", "name": "Splitter, 2-Way, MoCa enabling, 2-2150Mhz, DirecTV Approved", "imUrl": "http://ecx.images-amazon.com/images/I/41u-hbEdZNL.jpg", "price": 13.88, "numReviews": 1, "groups": [66], "averageRating": 5.0}, {"asin": "B006ZOUR5S", "name": "Viewsonics VSMA608C-10R 8-Port TV Signal Booster/Amplifier with Active Return Path (Retail Package with 5-Year Warranty)", "imUrl": "http://ecx.images-amazon.com/images/I/61bmqiyu1FL._SX300_.jpg", "price": 69.99, "numReviews": 16, "groups": [67], "averageRating": 4.4375}, {"asin": "B002DKBO1E", "name": "HDMI Splitter Amplifier 1 In to 2 Out Dual Display", "imUrl": "http://ecx.images-amazon.com/images/I/413f19LeVRL._SY300_.jpg", "price": 21.98, "numReviews": 4, "groups": [68], "averageRating": 1.75}, {"asin": "B004Z1C4U4", "name": "DIRECTV SWM 8-Way Splitter", "imUrl": "http://ecx.images-amazon.com/images/I/51-3xuO7g9L._SY300_.jpg", "price": 9.99, "numReviews": 2, "groups": [69], "averageRating": 5.0, "brand": "DIRECTV"}, {"asin": "B00FZSG2RW", "name": "SPLIT2MRV4PK", "imUrl": "http://ecx.images-amazon.com/images/I/519KYbPGz6L._SY300_.jpg", "price": 11.97, "numReviews": 2, "groups": [70], "averageRating": 5.0}, {"asin": "B000EA1KXC", "name": "16dB InLine Attenuattor Pad", "imUrl": "http://ecx.images-amazon.com/images/I/210YVMJT3NL.jpg", "price": 4.89, "numReviews": 2, "groups": [71], "averageRating": 4.5}, {"asin": "B0007D4TFW", "name": "CHANNEL VISION HS-3 3-WAY Pcb Based Splitters/combiner", "imUrl": "http://ecx.images-amazon.com/images/I/514lDhgEZvL._SY300_.jpg", "price": 7.95, "numReviews": 5, "groups": [72], "averageRating": 4.0}, {"asin": "B000MLGNN0", "name": "Zinwell 3 x 4 Multi-Switch", "imUrl": "http://ecx.images-amazon.com/images/I/51nERUsP%2BjL._SX300_.jpg", "price": 15.0, "numReviews": 8, "groups": [13], "averageRating": 4.0}, {"asin": "B0018BTXT4", "name": "Eagle Aspen 500311 4-Way Splitter", "imUrl": "http://ecx.images-amazon.com/images/I/51jUA9C-e9L._SY300_.jpg", "price": 4.79, "numReviews": 1, "groups": [73], "averageRating": 5.0, "brand": "Eagle Aspen"}, {"asin": "B004UBUQ9A", "name": "1PORT HDmi Splitter 2DISPLAY", "imUrl": "http://ecx.images-amazon.com/images/I/41G4HnqQbdL._SY300_.jpg", "price": 61.85, "numReviews": 1, "groups": [74], "averageRating": 1.0}, {"asin": "B00122FCRG", "name": "Motorola Signal Booster BDA-S1 1-Port Cable Modem TV HDTV Amplifier", "imUrl": "http://ecx.images-amazon.com/images/I/413%2BLlVDL6L._SX300_.jpg", "price": 43.99, "numReviews": 82, "groups": [75], "averageRating": 4.158536585365853, "brand": "Motorola"}, {"asin": "B004ZQIEO4", "name": "Zinwell MS2X4RO-03 2x4 Multi-Switch", "imUrl": "http://ecx.images-amazon.com/images/I/41tUpZ4WNSL._SX300_.jpg", "price": 0.01, "numReviews": 9, "groups": [13], "averageRating": 4.666666666666667, "brand": "Zinwell"}, {"asin": "B0054G0RGM", "name": "SH200 Digital Satellite Finder Meter DVBS-2", "imUrl": "http://ecx.images-amazon.com/images/I/51nkzWHABHL._SY300_.jpg", "price": 180.0, "numReviews": 2, "groups": [76], "averageRating": 3.0, "brand": ""}, {"asin": "B008S49WW2", "name": "Birdog USB Plus Satellite Meter Signal Locator 4.0 (Refurbished)", "imUrl": "http://ecx.images-amazon.com/images/I/41Zdl2Hi7sL._SY300_.jpg", "price": 218.99, "numReviews": 5, "groups": [77], "averageRating": 3.8}, {"asin": "B00291RLFA", "name": "Steren 221-110 Non-Penetrating Roof Mount", "imUrl": "http://ecx.images-amazon.com/images/I/31kGhRnQJJL._SX300_.jpg", "price": 34.15, "numReviews": 1, "groups": [1], "averageRating": 5.0, "brand": "Steren"}, {"asin": "B0002F67MI", "name": "WINEGARD SC2000 Satellite Alignment Compass", "imUrl": "http://ecx.images-amazon.com/images/I/51uz2wegCjL._SY300_.jpg", "price": 10.23, "numReviews": 13, "groups": [78], "averageRating": 3.230769230769231}, {"asin": "B004BTWHUC", "name": "6' 6 FT FOOT BLACK RG59 RG-59 75 OHM COAX COAXIAL CABLE WIRE CORD WITH 24 K KARAT GOLD F-TYPE CONNECTORS FOR TV SATELLITE HD VCR FM DISH ANTENNA RF MODEM ETC.", "imUrl": "http://ecx.images-amazon.com/images/I/41qFDGUzDWL._SX300_.jpg", "price": 2.0, "numReviews": 2, "groups": [79], "averageRating": 4.5}, {"asin": "B002J8W1WG", "name": "Monoprice 104903 2-Way SVGA VGA Splitter Amplifier Multiplier", "imUrl": "http://ecx.images-amazon.com/images/I/41178aJAg9L._SX300_.jpg", "price": 24.28, "numReviews": 4, "groups": [80], "averageRating": 4.25, "brand": "Monoprice"}, {"asin": "B000EA1L2W", "name": "Satellite Splitter", "imUrl": "http://ecx.images-amazon.com/images/I/315GMMpfcuL._SY300_.jpg", "price": 5.5, "numReviews": 2, "groups": [81], "averageRating": 3.0}, {"asin": "B0081TKPLG", "name": "AIM Advanced Installation Signal Meter for DIRECTV Satellite Dishes", "imUrl": "http://ecx.images-amazon.com/images/I/51Jpj5FiR8L._SY300_.jpg", "price": 448.97, "numReviews": 3, "groups": [82], "averageRating": 4.333333333333333}, {"asin": "B003H2HNQW", "name": "DirecTv MSPLIT2R1 Approved Zinwell 2-Way Wide Band SWM Splitter", "imUrl": "http://ecx.images-amazon.com/images/I/51tvFTemAiL._SY300_.jpg", "price": 5.99, "numReviews": 19, "groups": [70, 83], "averageRating": 4.947368421052632, "brand": "Zinwell"}, {"asin": "B00701MZWI", "name": "WINEGARD SF1000+ Satellite Finder With Mobile Installation Kit", "imUrl": "http://ecx.images-amazon.com/images/I/41iLt-2a-bL.jpg", "price": 19.99, "numReviews": 2, "groups": [84], "averageRating": 3.0}, {"asin": "B007B4YEQO", "name": "Viewsonics Four Port (4 output) Indoor/Outdoor High Performance 5-1000 MHz Cable TV HDTV Coaxial Digital Signal Splitter", "imUrl": "http://ecx.images-amazon.com/images/I/51QU7Z3DYXL._SX300_.jpg", "price": 4.87, "numReviews": 5, "groups": [85], "averageRating": 4.8}, {"asin": "B00008VSLB", "name": "Acoustic Research PR431 High Performance 2.5 GHZ, 3-way splitter (Discontinued by Manufacturer)", "imUrl": "http://ecx.images-amazon.com/images/I/51fMTc2YJgL._SY300_.jpg", "price": 9.23, "numReviews": 14, "groups": [86], "averageRating": 4.642857142857143}, {"asin": "B002N4ROYG", "name": "DUAL D-SHAPED LEGACY LNB,LNBF ORIGINAL DISH NETWORK,BELL,FTA", "imUrl": "http://ecx.images-amazon.com/images/I/31HDkqHyv0L._SX300_.jpg", "price": 25.36, "numReviews": 1, "groups": [87], "averageRating": 5.0}, {"asin": "B00AWHWN7O", "name": "Avenger Standard Ku Band Dual LNBF KSC322 10750 0.2dB Noise", "imUrl": "http://ecx.images-amazon.com/images/I/41YULECKk3L._SY300_.jpg", "price": 17.23, "numReviews": 1, "groups": [88], "averageRating": 5.0}, {"asin": "B005WAK7LU", "name": "Dish Network Dish Pro Single LNBF", "imUrl": "http://ecx.images-amazon.com/images/I/31LPoYq8okL.jpg", "price": 66.98, "numReviews": 1, "groups": [89], "averageRating": 5.0, "brand": "Dish Network"}, {"asin": "B0018BQR84", "name": "RCA DH24SPF Two Way 3 Ghz Bi-Di Splitter", "imUrl": "http://ecx.images-amazon.com/images/I/61PVO-TO5OL._SY300_.jpg", "price": 8.65, "numReviews": 165, "groups": [90], "averageRating": 4.242424242424242}, {"asin": "B003A47G1O", "name": "DIRECTV 5 LNB with 1 SWM Output 99,101,103,110,119", "imUrl": "http://ecx.images-amazon.com/images/I/31F9nk63RML._SX300_.jpg", "price": 36.99, "numReviews": 14, "groups": [91], "averageRating": 4.857142857142857, "brand": "DIRECTV"}, {"asin": "B0084JRS8G", "name": "SATLink 3.5\" WS-6906 DVB-S FTA Data Satellite Signal Finder Meter", "imUrl": "http://ecx.images-amazon.com/images/I/51u0k5lJV5L._SY300_.jpg", "price": 93.55, "numReviews": 2, "groups": [92], "averageRating": 2.5}, {"asin": "B008ZXXHWW", "name": "DishNetwork DirecTV Dish with Compass FTA Digital Satellite Signal Meter Finder", "imUrl": "http://ecx.images-amazon.com/images/I/41r12DAx%2BRL._SY300_.jpg", "price": 17.99, "numReviews": 2, "groups": [93], "averageRating": 5.0}, {"asin": "B00835RQIS", "name": "3.5\" LCD SAT link WS-6906 DVB-S FTA Data Digital Satellite Signal Finder Meter", "imUrl": "http://ecx.images-amazon.com/images/I/41CDkHZeBKL._SY300_.jpg", "price": 93.57, "numReviews": 1, "groups": [94], "averageRating": 5.0}, {"asin": "B001UAIYK2", "name": "Gefen TV Digital Audio Splitter 1x2", "imUrl": "http://ecx.images-amazon.com/images/I/21aSAM-IcaL._SX300_.jpg", "price": 62.81, "numReviews": 2, "groups": [95], "averageRating": 3.0, "brand": "Gefen"}, {"asin": "B006JW7FEW", "name": "SATlink WS-6906 3.5 - Inch DVB-S FTA Data Digital Satellite Signal Finder Meter", "imUrl": "http://ecx.images-amazon.com/images/I/410-ve9l0dL._SX342_.jpg", "price": 94.15, "numReviews": 31, "groups": [96], "averageRating": 3.935483870967742, "brand": "SATlink", "salesRankCategory": "Industrial & Scientific", "salesRank": 14732}, {"asin": "B004Z1CR7Y", "name": "DIRECTV SWM 4-Way Splitter", "imUrl": "http://ecx.images-amazon.com/images/I/418MdpoIDXL._SX300_.jpg", "price": 13.99, "numReviews": 3, "groups": [97], "averageRating": 3.0, "brand": "DIRECTV"}, {"asin": "B009YE97S4", "name": "Satellite Find Finder Signal Meter for Sat Dish LNB DirecTV", "imUrl": "http://ecx.images-amazon.com/images/I/41lkALFCjuL._SX300_.jpg", "price": 14.99, "numReviews": 1, "groups": [98], "averageRating": 4.0}, {"asin": "B009P87NVW", "name": "DISH Network 185834 Solo Node For Hopper/Joey", "imUrl": "http://ecx.images-amazon.com/images/I/41SO3vMVHqL._SX300_.jpg", "price": 16.0, "numReviews": 7, "groups": [99], "averageRating": 4.857142857142857}, {"asin": "B000I1NUGW", "name": "Zinwell Direct TV Wb68 Mutiswitch 6x8", "imUrl": "http://ecx.images-amazon.com/images/I/314gd-FdmFL._SX300_.jpg", "price": 10.0, "numReviews": 10, "groups": [100], "averageRating": 4.0, "brand": "Zinwell"}, {"asin": "B003A9YJK0", "name": "C-Band LNBF Single Output BSC421", "imUrl": "http://ecx.images-amazon.com/images/I/410EdaTaZmL._SY300_.jpg", "price": 22.0, "numReviews": 2, "groups": [23], "averageRating": 2.5}, {"asin": "B00684D77A", "name": "Pack of 2- Holland Dishpro Satellite Diplexer - Dish Approved 2 amp version", "imUrl": "http://ecx.images-amazon.com/images/I/4133fVAie-L._SX300_.jpg", "price": 5.57, "numReviews": 17, "groups": [9, 101], "averageRating": 4.352941176470588}, {"asin": "B00BMWGU7C", "name": "NEW FOOT MAST WALL & ROOF MOUNT FOR Directv 2\" OD SLIMELINE HD DISH ANTENNA", "imUrl": "http://ecx.images-amazon.com/images/I/418ICvVNZBL._SX300_.jpg", "price": 17.0, "numReviews": 3, "groups": [102], "averageRating": 4.0}, {"asin": "B001L2WWD4", "name": "Dish Network Videopath Dish Pro Plus 33 Multi-dish Switch DPP33", "imUrl": "http://ecx.images-amazon.com/images/I/41XfsTFplkL._SY300_.jpg", "price": 29.99, "numReviews": 3, "groups": [103], "averageRating": 3.6666666666666665}, {"asin": "B0045DVIP4", "name": "Directv 8-Way Wide Band Splitter for SWM LNB", "imUrl": "http://ecx.images-amazon.com/images/I/41R8TQjEESL._SX300_.jpg", "price": 5.0, "numReviews": 29, "groups": [83, 104], "averageRating": 4.758620689655173}, {"asin": "B008PJYL94", "name": "SIIG 1x2 S/PDIF TOSLINK Digital Audio Splitter (CE-TS0011-S1)", "imUrl": "http://ecx.images-amazon.com/images/I/31uXKs5xk3L._SY300_.jpg", "price": 53.88, "numReviews": 15, "groups": [105], "averageRating": 4.733333333333333, "brand": "SIIG"}, {"asin": "B00BYBWZOI", "name": "DIRECTV SWM 5LNB SLIMELINE KA/KU SL5 MPEG4 HD LNBF W/ POWER SUPPLY 8WAY SPLITTER", "imUrl": "http://ecx.images-amazon.com/images/I/41bokAsJyRL._SX300_.jpg", "price": 49.99, "numReviews": 3, "groups": [106], "averageRating": 4.666666666666667, "brand": "DIRECTV"}, {"asin": "B000YC380S", "name": "Two Gigahertz Low-Loss RF Splitters for TV and Satellite MKII - 4 Way 2 GigaHertz RF Splitter", "imUrl": "http://ecx.images-amazon.com/images/I/512htyPVMOL._SY300_.jpg", "price": 26.71, "numReviews": 27, "groups": [64], "averageRating": 4.666666666666667}, {"asin": "B00BEZWIJG", "name": "Klein Tools VDV814-635 Coax Splitter - CATV, 8-Way, 5MHz - 1GHz", "imUrl": "http://ecx.images-amazon.com/images/I/51m0dTkxRbL._SX300_.jpg", "price": 8.34, "numReviews": 2, "groups": [107], "averageRating": 3.5, "brand": "Klein Tools"}, {"asin": "B0045G2C4W", "name": "HotShot Satellite Dish Heater - 18-22 in. Dishes", "imUrl": "http://ecx.images-amazon.com/images/I/41SB3KbDoqL._SY300_.jpg", "price": 114.49, "numReviews": 8, "groups": [108], "averageRating": 4.0}, {"asin": "B00ABTG2HA", "name": "Klein Tools VDV002-818 Coax Installation and Testing Kit", "imUrl": "http://ecx.images-amazon.com/images/I/51isRYOSVhL._SY300_.jpg", "price": 39.97, "numReviews": 30, "groups": [109], "averageRating": 4.466666666666667, "brand": "Klein Tools"}, {"asin": "B0089DYOCA", "name": "Strong HD LNB ,Digital Universal Single LNB (Best Performance)", "imUrl": "http://ecx.images-amazon.com/images/I/51btLcC-n2L._SY300_.jpg", "price": 6.45, "numReviews": 24, "groups": [110], "averageRating": 4.291666666666667}, {"asin": "B005GFM5PW", "name": "TERK BMS44 BMS-44 4 x 4 INDOOR / OUTDOOR SATELLITE MULTISWITCH HDTV CERTIFIED", "imUrl": "http://ecx.images-amazon.com/images/I/41OPlpN94XL._SX300_.jpg", "price": 3.59, "numReviews": 1, "groups": [111], "averageRating": 5.0}, {"asin": "B00BURKXXQ", "name": "JynxBox JB-DVBS2 FTA Satellite Media Tuner", "imUrl": "http://ecx.images-amazon.com/images/I/51zU8LeyO7L._SY300_.jpg", "price": 21.49, "numReviews": 1, "groups": [112], "averageRating": 5.0}, {"asin": "B00405FS0I", "name": "Dish Network DP Plus Triplexer", "imUrl": "http://ecx.images-amazon.com/images/I/413wkbFvJAL._SX300_.jpg", "price": 0.01, "numReviews": 1, "groups": [113], "averageRating": 5.0, "brand": "Dish Network"}, {"asin": "B008USOG2W", "name": "Solid Signal SKY32816 Non-penetrating Roof Mount Base (SKY32816)", "imUrl": "http://ecx.images-amazon.com/images/I/31OGYw-J4ML.jpg", "price": 59.97, "numReviews": 2, "groups": [2], "averageRating": 4.5}, {"asin": "B001YHIFXC", "name": "Directv 4 Way Splitter Model Sws4wb-wnc", "imUrl": "http://ecx.images-amazon.com/images/I/31MKx2Kn6QL.jpg", "price": 5.99, "numReviews": 1, "groups": [114], "averageRating": 5.0}, {"asin": "B0002KR75O", "name": "Diplexer 1 Port DC Passive 40-2150 MHz", "imUrl": "http://ecx.images-amazon.com/images/I/515NQAtECmL._SY300_.jpg", "price": 3.5, "numReviews": 1, "groups": [115], "averageRating": 5.0}, {"asin": "B009VY0WEA", "name": "AGPtek\u00ae Digital Satellite Signal Finder Meter for Dish Network Directv FTA", "imUrl": "http://ecx.images-amazon.com/images/I/41cTexJNVlL._SY300_.jpg", "price": 10.0, "numReviews": 2, "groups": [116], "averageRating": 1.0, "brand": "AGPtek"}, {"asin": "B003VSI6NG", "name": "Dmsiusa SF-95 B Satellite Finder for Directv, FTA, and Dish Network", "imUrl": "http://ecx.images-amazon.com/images/I/41Uw2QKmvLL._SX300_.jpg", "price": 19.66, "numReviews": 5, "groups": [117], "averageRating": 4.0, "brand": "Dmsiusa"}, {"asin": "B00006JPE6", "name": "Channel Plus LPF-600 Low Pass Filter", "imUrl": "http://ecx.images-amazon.com/images/I/41K5WAxhj1L._SY300_.jpg", "price": 31.48, "numReviews": 8, "groups": [118], "averageRating": 4.25}, {"asin": "B0017I1PVC", "name": "Motorola Signal Booster 2-Port BDA-S2 Cable Modem TV HDTV Amplifier", "imUrl": "http://ecx.images-amazon.com/images/I/51Y7w1Gm7FL._SX300_.jpg", "price": 39.0, "numReviews": 55, "groups": [75], "averageRating": 4.527272727272727, "brand": "Motorola"}, {"asin": "B0069AYLKK", "name": "Splitter IPTV RF Broadband 3-Way HomePNA Tested & Certified for applications on U-Verse Networks", "imUrl": "http://ecx.images-amazon.com/images/I/31iG8qjvZmL._SX300_.jpg", "price": 6.57, "numReviews": 4, "groups": [119], "averageRating": 4.25}, {"asin": "B00BLZDY6A", "name": "IMAGE\u00ae 1 PC To 4 Monitors VGA/SVGA LCD CRT 4 Port Video Splitter Box", "imUrl": "http://ecx.images-amazon.com/images/I/41X0KL9CBvL._SY300_.jpg", "price": 12.99, "numReviews": 20, "groups": [120], "averageRating": 4.25}, {"asin": "B00997T0U6", "name": "Digital Antenna Signal Splitter", "imUrl": "http://ecx.images-amazon.com/images/I/41RiE22lUTL._SX300_.jpg", "price": 47.99, "numReviews": 2, "groups": [121], "averageRating": 4.0}, {"asin": "B004BUH4EU", "name": "15'FT FOOT BLACK RG59 RG-59 75 OHM COAX COAXIAL CABLE WIRE CORD WITH 24 K KARAT GOLD F-TYPE CONNECTORS FOR TV SATELLITE HD VCR FM DISH ANTENNA RF MODEM ETC.", "imUrl": "http://ecx.images-amazon.com/images/I/31bbDTf7M2L._SX300_.jpg", "price": 4.17, "numReviews": 2, "groups": [122], "averageRating": 4.5}, {"asin": "B005XCXY0S", "name": "1-Port Bi-Directional Cable TV HDTV Amplifier Splitter Signal Booster with Passive Return", "imUrl": "http://ecx.images-amazon.com/images/I/51UndDRqJLL._SX300_.jpg", "price": 31.5, "numReviews": 17, "groups": [123], "averageRating": 3.9411764705882355}, {"asin": "B00DIGAIRS", "name": "Monoprice PREMIUM 6-Way Coax Cable Splitter F-Type Screw for Video VCR Cable TV Antenna (110016)", "imUrl": "http://ecx.images-amazon.com/images/I/41T7zIUEKpL._SX300_.jpg", "price": 2.71, "numReviews": 10, "groups": [124], "averageRating": 4.2, "brand": "Monoprice"}, {"asin": "B008O0Y7D4", "name": "DIGITAL SATELLITE SIGNAL METER FINDER DISHNETWORK DIRECTV DISH WITH COMPASS FTA", "imUrl": "http://ecx.images-amazon.com/images/I/41WVqK8itfL._SY300_.jpg", "price": 29.95, "numReviews": 1, "groups": [125], "averageRating": 1.0, "brand": ""}, {"asin": "B004JKSIY2", "name": "Splitter, Broadband RF 3 unbalanced outputs MoCA\u00ae enabling 5-1200MHz", "imUrl": "http://ecx.images-amazon.com/images/I/31-6tBel-nL.jpg", "price": 5.99, "numReviews": 7, "groups": [126], "averageRating": 4.285714285714286}, {"asin": "B005Y12UH6", "name": "PCT Power Inserter MPI-1G Remote Power Inserter for All PCT Signal Amplifers", "imUrl": "http://ecx.images-amazon.com/images/I/51oKxKYy5sL._SX300_.jpg", "price": 4.89, "numReviews": 14, "groups": [127], "averageRating": 4.785714285714286, "brand": "PCT"}, {"asin": "B00D0UTKK8", "name": "Power Inserter, for remote DC powering of ALL CATV type subscriber premise amplifiers 5-1002MHz", "imUrl": "http://ecx.images-amazon.com/images/I/31n%2Bxhvg0JL.jpg", "price": 6.97, "numReviews": 1, "groups": [128], "averageRating": 5.0}, {"asin": "B00408SW6M", "name": "Electroline EDA-UG2802 Zero-Loss 8-port CATV Amp-Splitter", "imUrl": "http://ecx.images-amazon.com/images/I/51fyWLSUXIL._SY300_.jpg", "price": 81.82, "numReviews": 5, "groups": [129], "averageRating": 5.0, "brand": "Electroline"}, {"asin": "B0044VP3A8", "name": "WS International Digital Satellite Finder with Built-in Compass - DSF120+C", "imUrl": "http://ecx.images-amazon.com/images/I/41tYDW3jCwL._SX300_.jpg", "price": 43.99, "numReviews": 14, "groups": [130], "averageRating": 3.357142857142857}, {"asin": "B009FMHHX2", "name": "Extreme 3 Way Unbalanced HD Digital 1GHz High Performance Coax Cable Splitter - BDS103H", "imUrl": "http://ecx.images-amazon.com/images/I/41Bnc63pe4L._SX300_.jpg", "price": 4.5, "numReviews": 41, "groups": [47], "averageRating": 4.658536585365853, "brand": "Extreme"}, {"asin": "B004BU0NIO", "name": "6' 6 FT FOOT WHITE RG59 RG-59 75 OHM COAX COAXIAL CABLE WIRE CORD WITH 24 K KARAT GOLD F-TYPE CONNECTORS FOR TV SATELLITE HD VCR FM DISH ANTENNA RF MODEM ETC.", "imUrl": "http://ecx.images-amazon.com/images/I/21MAp1CTsrL.jpg", "price": 4.17, "numReviews": 3, "groups": [131], "averageRating": 3.6666666666666665}, {"asin": "B005DTJXK6", "name": "Fosmon Technology Coaxial RG-6U Satellite/CATV/Antenna Cable - Black (12 ft.)", "imUrl": "http://ecx.images-amazon.com/images/I/31aQ3OZ%2B43L._SY300_.jpg", "price": 2.99, "numReviews": 2, "groups": [132], "averageRating": 4.5, "brand": "Fosmon Technology"}, {"asin": "B003E2OPMU", "name": "3-WAY 1GHZ Rf Splitter Premium Retail Blister Pack", "imUrl": "http://ecx.images-amazon.com/images/I/51p5gT2xO1L._SY300_.jpg", "price": 7.4, "numReviews": 1, "groups": [133], "averageRating": 5.0}, {"asin": "B00292SAMM", "name": "200-992 Satellite Finder With Analog Meter", "imUrl": "http://ecx.images-amazon.com/images/I/31QYE9DPhxL._SY300_.jpg", "price": 14.99, "numReviews": 5, "groups": [134], "averageRating": 4.4}, {"asin": "B004GZ4Y98", "name": "Electroline EDA2200 2-port Low Noise CATV Amplifier +11dB", "imUrl": "http://ecx.images-amazon.com/images/I/41JTDo-59FL._SY300_.jpg", "price": 53.64, "numReviews": 1, "groups": [135], "averageRating": 3.0, "brand": "Electroline"}, {"asin": "B00003CWFC", "name": "Monster Cable SS3RF Monster Standard RF Splitters For CATV Signals 3-Way RF Splitter (Discontinued by Manufacturer)", "imUrl": "http://ecx.images-amazon.com/images/I/71HTNM80F3L._SX300_.gif", "price": 13.99, "numReviews": 1, "groups": [136], "averageRating": 4.0}, {"asin": "B002NHEZZ4", "name": "SINGLE SATELLITE TV DISH LNB BRACKET", "imUrl": "http://ecx.images-amazon.com/images/I/41GQ6KFJqlL._SX300_.jpg", "price": 1.05, "numReviews": 17, "groups": [137], "averageRating": 4.235294117647059}, {"asin": "B00AK0UR0I", "name": "BestDealUSA Satellite Signal Finder Meter Directv/Dish FTA HD Monitors Signal Strength Meter", "imUrl": "http://ecx.images-amazon.com/images/I/41Z3ikquivL._SY300_.jpg", "price": 6.74, "numReviews": 1, "groups": [138], "averageRating": 1.0}, {"asin": "B00DIGAK62", "name": "Monoprice 110014 PREMIUM 3-Way Coax Cable Splitter F-Type Screw for Video VCR Cable TV Antenna (110014)", "imUrl": "http://ecx.images-amazon.com/images/I/41gzvbIoxML._SX300_.jpg", "price": 4.83, "numReviews": 8, "groups": [139], "averageRating": 4.875, "brand": "Monoprice"}, {"asin": "B007IUPYAG", "name": "Calrad 75-730-4 4-Way 2GHz Satellite Splitter", "imUrl": "http://ecx.images-amazon.com/images/I/51E5U7Q5eAL._SY300_.jpg", "price": 8.59, "numReviews": 1, "groups": [140], "averageRating": 4.0, "brand": "Calrad"}, {"asin": "B00DISDUV2", "name": "SATlink WS-6923 Digital Satellite Signal Finder, Support DISEQC 1.0/1.1 ,0/22khz Tone, Black", "imUrl": "http://ecx.images-amazon.com/images/I/41v4VyWXXcL._SY300_.jpg", "price": 82.0, "numReviews": 2, "groups": [141], "averageRating": 1.0}, {"asin": "B00DC8IEE6", "name": "Filter, MoCA \"POE\" Filter for Cable TV Coaxial Networking ONLY", "imUrl": "http://ecx.images-amazon.com/images/I/412XGHKRGRL._SY300_.jpg", "price": 10.0, "numReviews": 19, "groups": [142], "averageRating": 4.421052631578948}, {"asin": "B004AK8A1C", "name": "18\" Satellite Dish Cover", "imUrl": "http://ecx.images-amazon.com/images/I/417%2BnVMi6ZL._SX300_.jpg", "price": 114.49, "numReviews": 3, "groups": [143], "averageRating": 2.6666666666666665}, {"asin": "B00D3RDWCA", "name": "Cable TV / Antenna RF Amplifier w/ passive return - PCTVB2P", "imUrl": "http://ecx.images-amazon.com/images/I/31MA2FhjsaL.jpg", "price": 23.49, "numReviews": 1, "groups": [144], "averageRating": 5.0}, {"asin": "B000E9VJO8", "name": "Steren 201-221 1GHz 130dB 3-Way Balanced Splitter", "imUrl": "http://ecx.images-amazon.com/images/I/31p%2BzLltgmL._SX300_.jpg", "price": 5.86, "numReviews": 5, "groups": [145], "averageRating": 5.0, "brand": "Steren"}, {"asin": "B002ABAU70", "name": "Pixel Technologies - Mbs4 - Product - Multi-band 4-way Splitter", "imUrl": "http://ecx.images-amazon.com/images/I/41wuzYV09KL._SX300_.jpg", "price": 29.8, "numReviews": 1, "groups": [146], "averageRating": 5.0}, {"asin": "B004JKT3VY", "name": "Splitter, Broadband RF 4 output MoCA\u00ae enabling 5-1200MHz", "imUrl": "http://ecx.images-amazon.com/images/I/31VT%2BL-5FPL.jpg", "price": 6.57, "numReviews": 10, "groups": [126], "averageRating": 4.8}, {"asin": "B00AETXH7A", "name": "Electroline EDA-AR01200 1-Port Cable TV/HDTV/Digital Internet Modem Signal Booster/Amplifier With Active Return (Retail Package with 5-Year Warranty)", "imUrl": "http://ecx.images-amazon.com/images/I/51M8DutOAoL._SX300_.jpg", "price": 30.44, "numReviews": 4, "groups": [147], "averageRating": 4.5, "brand": "Electroline"}, {"asin": "B005051UWC", "name": "DECA BSFR1-01 Band Stop Filter for DirecTv", "imUrl": "http://ecx.images-amazon.com/images/I/21JAKy1s5UL._SX300_.jpg", "price": 3.55, "numReviews": 4, "groups": [148], "averageRating": 5.0}, {"asin": "B008ZGTDBS", "name": "Digital Satellite Signal Meter Finder Directv Dish, FTA", "imUrl": "http://ecx.images-amazon.com/images/I/41yjhDN3d5L._SY300_.jpg", "price": 14.82, "numReviews": 10, "groups": [149], "averageRating": 2.8}, {"asin": "B0017YCZOC", "name": "WINEGARD SF1000 Satellite Finder", "imUrl": "http://ecx.images-amazon.com/images/I/41hkYUQzlOL._SX300_.jpg", "price": 26.97, "numReviews": 21, "groups": [150], "averageRating": 3.761904761904762}, {"asin": "B0018BQRN4", "name": "EAGLE ASPEN SF-99 SATELLITE FINDER METER", "imUrl": "http://ecx.images-amazon.com/images/I/41yh%2BjJNcTL._SY300_.jpg", "price": 11.51, "numReviews": 26, "groups": [151], "averageRating": 3.576923076923077}, {"asin": "B002FXOG5K", "name": "Triplett 3275 SatAlign 2 Digital Satellite Signal Strength Meter with Tone", "imUrl": "http://ecx.images-amazon.com/images/I/51MhL9tJC9L._SX342_.jpg", "price": 24.02, "numReviews": 40, "groups": [152], "averageRating": 3.55, "brand": "Triplett", "salesRankCategory": "Industrial & Scientific", "salesRank": 4528}, {"asin": "B00027YZRU", "name": "GE 23218 2-Way Signal Splitter (Discontinued by Manufacturer)", "imUrl": "http://ecx.images-amazon.com/images/I/51OrBhyG3EL._SY300_.jpg", "price": 4.88, "numReviews": 2, "groups": [153], "averageRating": 5.0, "brand": "GE"}, {"asin": "B005XO4J5K", "name": "Motorola Power Inserter BDP-100/PI Remote Power Inserter for All Motorola Signal Amplifers", "imUrl": "http://ecx.images-amazon.com/images/I/51mtMiazNkL._SY300_.jpg", "price": 7.99, "numReviews": 15, "groups": [154], "averageRating": 4.666666666666667}, {"asin": "B000I97HRM", "name": "Cblwhl 1GHz 90dB 3-Way F-Pin Splitter", "imUrl": "http://ecx.images-amazon.com/images/I/51HKKwZ-e0L._SX300_.jpg", "price": 5.69, "numReviews": 13, "groups": [155], "averageRating": 4.615384615384615, "brand": "Cblwhl"}, {"asin": "B008DVUVCA", "name": "Viewsonics Three Port (3 output) Indoor/Outdoor High Performance 5-1000 MHz Cable TV HDTV Coaxial Digital Signal Splitter (VS603S)", "imUrl": "http://ecx.images-amazon.com/images/I/51Nz0OsD5lL._SX300_.jpg", "price": 4.5, "numReviews": 1, "groups": [156], "averageRating": 5.0, "brand": "Viewsonics"}, {"asin": "B0002ZPIKU", "name": "2-Way Solder Back Splitter 5-1000 MHz", "imUrl": "http://ecx.images-amazon.com/images/I/51ZN3RlkqZL._SY300_.jpg", "price": 0.01, "numReviews": 5, "groups": [157], "averageRating": 5.0}, {"asin": "B007WYPXZE", "name": "CMC2003U 3-Way Coaxial Splitter 5-1002MHz", "imUrl": "http://ecx.images-amazon.com/images/I/41qzUxwXcDL._SX300_.jpg", "price": 2.4, "numReviews": 1, "groups": [158], "averageRating": 5.0}, {"asin": "B00005T3EV", "name": "RCA VH47N 2-Way Signal Splitter (Discontinued by Manufacturer)", "imUrl": "http://ecx.images-amazon.com/images/I/212V5D8YERL.jpg", "price": 5.27, "numReviews": 67, "groups": [159], "averageRating": 3.8208955223880596, "brand": "RCA"}, {"asin": "B002TK80BU", "name": "Eyesat Dual DSS Circular LNB Satellite LNBF Compatible with DISH NETWORK, DIRECTV, Bell", "imUrl": "http://ecx.images-amazon.com/images/I/317YQGzVEnL._SX300_.jpg", "price": 15.97, "numReviews": 11, "groups": [160], "averageRating": 4.0}, {"asin": "B0002J2RLO", "name": "Ultralink PLATINUM Series Videophile Pro 3 GHz 3-Way Signal Splitter - Antenna splitter - F connector (F) - F connector (F)", "imUrl": "http://ecx.images-amazon.com/images/I/4140zUGtKHL._SY300_.jpg", "price": 42.99, "numReviews": 1, "groups": [161], "averageRating": 2.0}, {"asin": "B004LWGUM0", "name": "2-port VGA Splitter 1 PC To 2 Monitors Splitter with USB 2.0 AGPtek All-in-One Card Reader", "imUrl": "http://ecx.images-amazon.com/images/I/41DsTFRB5jL._SY300_.jpg", "price": 5.22, "numReviews": 3, "groups": [162], "averageRating": 3.3333333333333335}, {"asin": "B00BXJUHHI", "name": "Solid Signal SSTRIPOD 3 Foot Universal Antenna or Satellite Tripod (SS Tripod)", "imUrl": "http://ecx.images-amazon.com/images/I/41ERuIx010L._SY300_.jpg", "price": 30.97, "numReviews": 1, "groups": [163], "averageRating": 5.0, "brand": "Solid Signal"}, {"asin": "B00I0JCY3O", "name": "Advanced Dynamics Splitter/Wallplate Pro Original, White", "imUrl": "http://ecx.images-amazon.com/images/I/31t56GdLEXL._SY300_.jpg", "price": 10.95, "numReviews": 1, "groups": [164], "averageRating": 5.0}, {"asin": "B00CQEGZS4", "name": "Cable N Wireless 3 Way Balanced HD Digital 5 - 2050 MHz High Performance Coax Splitter for TV HDTV Coaxial Digital Video Cable Singnal, Silver (US Seller)", "imUrl": "http://ecx.images-amazon.com/images/I/41uqtIYOCVL._SY300_.jpg", "price": 7.49, "numReviews": 5, "groups": [165], "averageRating": 4.2}, {"asin": "B000O92L90", "name": "Directv wb68 Dtv 6x8 Switch for HD Antenna", "imUrl": "http://ecx.images-amazon.com/images/I/416LA6crVEL._SY300_.jpg", "price": 11.19, "numReviews": 30, "groups": [100], "averageRating": 4.533333333333333}, {"asin": "B001V6WKSM", "name": "15-1237 RADIOSHACK GOLD SERIES 5-900mhz COMBINER SPLITTER", "imUrl": "http://ecx.images-amazon.com/images/I/51lQlqznblL._SX300_.jpg", "price": 4.98, "numReviews": 1, "groups": [166], "averageRating": 3.0}, {"asin": "B0078ANR5A", "name": "PCT Genesys 2-way Mini 1Ghz Splitter", "imUrl": "http://ecx.images-amazon.com/images/I/516I-autbNL._SY300_.jpg", "price": 4.22, "numReviews": 3, "groups": [167], "averageRating": 4.333333333333333, "brand": "PCT"}, {"asin": "B0083S4Q8S", "name": "AGPtek\u00ae Digital Satellite Signal Finder Meter for Dish Network Directv FTA with Compass and Audio Tone", "imUrl": "http://ecx.images-amazon.com/images/I/41KLeaDbPDL._SY300_.jpg", "price": 17.99, "numReviews": 33, "groups": [168], "averageRating": 3.0}, {"asin": "B0017I79JE", "name": "Terk MSP-34 Integrated Multiswitch Satellite Indoor/Outdoor Powered Multiswitch", "imUrl": "http://ecx.images-amazon.com/images/I/410GGTZt1-L._SX300_.jpg", "price": 34.96, "numReviews": 1, "groups": [169], "averageRating": 5.0}, {"asin": "B001E4PZPQ", "name": "CMC2003BH 3-Way Balanced Splitter", "imUrl": "http://ecx.images-amazon.com/images/I/41gfLuqCUYL._SX300_.jpg", "price": 7.0, "numReviews": 3, "groups": [170], "averageRating": 4.333333333333333}, {"asin": "B00BEZWI50", "name": "Klein Tools VDV814-637 Coax Splitter - Satellite, 4-Way, 5MHz - 2.3GHz", "imUrl": "http://ecx.images-amazon.com/images/I/41iTlImt2QL._SX300_.jpg", "price": 10.99, "numReviews": 3, "groups": [171], "averageRating": 4.666666666666667, "brand": "Klein Tools"}, {"asin": "B003TT16CU", "name": "Dish Network Lnbf Bracket for Dish 1000.2", "imUrl": "http://ecx.images-amazon.com/images/I/3154YnfWB7L._SX300_.jpg", "price": 7.44, "numReviews": 6, "groups": [172], "averageRating": 3.6666666666666665, "brand": "Dish Network"}, {"asin": "B00A8DCS36", "name": "Satellite Signal Finder Meter Directv/Dish FTA HD Monitors Signal Strength Meter", "imUrl": "http://ecx.images-amazon.com/images/I/51OnKx90xyL._SY300_.jpg", "price": 5.85, "numReviews": 2, "groups": [173], "averageRating": 2.0}, {"asin": "B00BURK14W", "name": "JynxBox ATSC FTA Satellite Media Tuner", "imUrl": "http://ecx.images-amazon.com/images/I/51yWszYEEcL._SX300_.jpg", "price": 28.0, "numReviews": 1, "groups": [174], "averageRating": 5.0, "brand": "JynxBox"}, {"asin": "B00EZD1W1E", "name": "DMS DiSEqC Motor SG6100 With H-H Mount For Motorized Sat Dish", "imUrl": "http://ecx.images-amazon.com/images/I/41YjqjESxAL._SY300_.jpg", "price": 148.88, "numReviews": 1, "groups": [175], "averageRating": 2.0}, {"asin": "B0054EILOE", "name": "GE 87623 2-Way 5Mhz to 2.3Ghz Digital Splitter", "imUrl": "http://ecx.images-amazon.com/images/I/51623XXyMRL._SY300_.jpg", "price": 7.0, "numReviews": 1, "groups": [176], "averageRating": 5.0, "brand": "GE"}, {"asin": "B00GF7RMWQ", "name": "EXTREME 6 WAY BALANCED HD DIGITAL 1GHz HIGH PERFORMANCE COAX CABLE SPLITTER - BDS106VF", "imUrl": "http://ecx.images-amazon.com/images/I/51bTCBwPeTL._SY300_.jpg", "price": 10.99, "numReviews": 2, "groups": [57, 124], "averageRating": 4.5}, {"asin": "B009Q8635S", "name": "PcConnectTM F-Pin (Coax) Splitter, 4 way, 2 GHz 90dB, 1-DC Passing", "imUrl": "http://ecx.images-amazon.com/images/I/41FzmFgqZpL._SY300_.jpg", "price": 8.85, "numReviews": 3, "groups": [177], "averageRating": 4.0}, {"asin": "B00003CWG3", "name": "Monster Cable TGHZ-3RF 3-Way Low-Loss RF Splitter for TV and Satellite, 2 GHz (Discontinued by Manufacturer)", "imUrl": "http://ecx.images-amazon.com/images/I/71RHV3VXVFL._SX300_.gif", "price": 12.95, "numReviews": 13, "groups": [178], "averageRating": 3.8461538461538463}, {"asin": "B00035FEOE", "name": "Channel Vision Coaxial Tap Splitter - 6DB Line Tap - 2 Way", "imUrl": "http://ecx.images-amazon.com/images/I/510hEsgm%2B3L._SY300_.jpg", "price": 12.51, "numReviews": 13, "groups": [179], "averageRating": 4.0}, {"asin": "B004LWGUKC", "name": "4 Ports VGA Splitter 1 PC to 4-Port VGA/SVGA LCD CRT Video Monitor Splitter (Support Daisy Chain)", "imUrl": "http://ecx.images-amazon.com/images/I/410AqR68zKL._SY300_.jpg", "price": 6.99, "numReviews": 4, "groups": [180], "averageRating": 4.0}, {"asin": "B000HSGM6Q", "name": "Philips USA SDW50100/17 Digital Satellite Splitter", "imUrl": "http://ecx.images-amazon.com/images/I/516zJBstTrL._SY300_.jpg", "price": 12.99, "numReviews": 2, "groups": [181], "averageRating": 2.5, "brand": "Philips"}, {"asin": "B00003CWG2", "name": "Monster Cable TGHZ-2RF Two Gigahertz Low-Loss RF Splitters For TV and Satellite 2-Way 2 Gigahertz RF Splitter (Discontinued by Manufacturer)", "imUrl": "http://ecx.images-amazon.com/images/I/51SC93SP24L._SX300_.jpg", "price": 12.95, "numReviews": 34, "groups": [182], "averageRating": 4.323529411764706}, {"asin": "B004JKUMW8", "name": "Broadband RF splitter 2 output MoCA\u00ae enabling 5-1200MHz", "imUrl": "http://ecx.images-amazon.com/images/I/31%2BKcmAB-IL.jpg", "price": 0.99, "numReviews": 7, "groups": [183], "averageRating": 4.285714285714286}, {"asin": "B00CZFV7HI", "name": "OnQ VM2201V1 Single Port MoCA 2Way Amplifier", "imUrl": "http://ecx.images-amazon.com/images/I/410A3ZEmoDL._SY300_.jpg", "price": 34.99, "numReviews": 1, "groups": [184], "averageRating": 2.0}, {"asin": "B000V0ET2Y", "name": "RiteAV - Coax Cable RG6 Satellite/CATV/Antenna 3ft.", "imUrl": "http://ecx.images-amazon.com/images/I/41RSR3B%2Be6L._SY300_.jpg", "price": 10.49, "numReviews": 2, "groups": [185], "averageRating": 3.0}, {"asin": "B00FSKZI54", "name": "Power Adapter Wall Mount for Cable TV Subscriber Premise Drop Amplifiers", "imUrl": "http://ecx.images-amazon.com/images/I/318y-%2BJrwdL.jpg", "price": 15.97, "numReviews": 1, "groups": [186], "averageRating": 5.0}, {"asin": "B009NIC16Q", "name": "SatHero SH-500G Digital Satellite Signal Meter Kit DVB-S, DVB-S2 CBS2 MPEG4, GPS", "imUrl": "http://ecx.images-amazon.com/images/I/51fet1%2BYiTL._SX300_.jpg", "price": 280.9, "numReviews": 1, "groups": [187], "averageRating": 2.0}, {"asin": "B00BY7SCXA", "name": "Rocketfish 2-way Coaxial Splitter", "imUrl": "http://ecx.images-amazon.com/images/I/41gFVXc1vjL._SX300_.jpg", "price": 9.23, "numReviews": 1, "groups": [188], "averageRating": 5.0}, {"asin": "B00CNXJN4G", "name": "Autek 3.5\" LCD Handheld Digital Satellite Signal Finder Meter Directv Dish FTA LNB Sat(SatelliteFinder-JTY962)", "imUrl": "http://ecx.images-amazon.com/images/I/51Tbe8laOFL._SX300_.jpg", "price": 104.0, "numReviews": 3, "groups": [189], "averageRating": 3.0}, {"asin": "B000V1R97A", "name": "RiteAV - 2-way Coax Splitter - Premium", "imUrl": "http://ecx.images-amazon.com/images/I/417V--y50oL._SY300_.jpg", "price": 9.23, "numReviews": 1, "groups": [190], "averageRating": 5.0}, {"asin": "B009HMF87M", "name": "AGPtek\u00ae Digital Satellite Signal Finder Meter for Dish Network Directv FTA Backlit with Compass and Audio Tone Backlit", "imUrl": "http://ecx.images-amazon.com/images/I/41KLeaDbPDL._SY300_.jpg", "price": 11.04, "numReviews": 1, "groups": [191], "averageRating": 5.0}, {"asin": "B0041IE2TM", "name": "Coaxial SV-4G 5-1000MHz 4-way Splitter", "imUrl": "http://ecx.images-amazon.com/images/I/41Kv98QanGL._SX300_.jpg", "price": 2.0, "numReviews": 1, "groups": [192], "averageRating": 5.0}, {"asin": "B001RAN95A", "name": "RCA Vh100n Video Signal Amplifier, 10 Db", "imUrl": "http://ecx.images-amazon.com/images/I/31SSsedfUCL._SX300_.jpg", "price": 34.99, "numReviews": 1, "groups": [193], "averageRating": 5.0}, {"asin": "B0048KSKVY", "name": "Eagle Aspen 500183 SHN 24-Kit Signal Combiner/Amplified 4-Way Splitter", "imUrl": "http://ecx.images-amazon.com/images/I/41YibOHsTRL._SY300_.jpg", "price": 9.35, "numReviews": 13, "groups": [194], "averageRating": 3.6153846153846154, "brand": "Eagle Aspen"}, {"asin": "B00C5WPF4M", "name": "IMAGE\u00ae 2 Port VGA/SVGA/XGA Video Splitter Box 1 PC To 2 Monitors With All in 1 USB HUB, Up to 1600 x 1280 resolution", "imUrl": "http://ecx.images-amazon.com/images/I/41J2V5GtnVL._SY300_.jpg", "price": 10.59, "numReviews": 1, "groups": [195], "averageRating": 4.0}, {"asin": "B006Z9YLHI", "name": "Holland Dishpro Satellite Diplexer - Dish Approved 2 amp version", "imUrl": "http://ecx.images-amazon.com/images/I/51837zq0Y2L._SY300_.jpg", "price": 2.96, "numReviews": 3, "groups": [196], "averageRating": 3.0}, {"asin": "B00408PWBU", "name": "Electroline EDA-UG2402 Zero-Loss 4-port CATV Amp-Splitter", "imUrl": "http://ecx.images-amazon.com/images/I/41slcCeg1bL._SY300_.jpg", "price": 49.99, "numReviews": 2, "groups": [197], "averageRating": 5.0, "brand": "Electroline"}, {"asin": "B00H28HSQ2", "name": "SL1PLL - GEOSATpro SINGLE STANDARD KU PHASE LOCKED LOOP LNBF", "imUrl": "http://ecx.images-amazon.com/images/I/31TWy-iz7eL._SY300_.jpg", "price": 17.0, "numReviews": 2, "groups": [198], "averageRating": 4.5}, {"asin": "B0002472QO", "name": "PHOENIX GOLD PGD-12 Pro Series Hybrid Smt Technology Splitters", "imUrl": "http://ecx.images-amazon.com/images/I/5123DHNJS3L._SY300_.jpg", "price": 3.99, "numReviews": 1, "groups": [199], "averageRating": 5.0}, {"asin": "B000OUHRZW", "name": "Zinwell SAM - 4402-3A DirecTV 4x4 Multi-Switch", "imUrl": "http://ecx.images-amazon.com/images/I/4184QUK9fmL._SX300_.jpg", "price": 11.14, "numReviews": 3, "groups": [200], "averageRating": 4.666666666666667}, {"asin": "B008QD8JPG", "name": "Viewsonics VSMA-611C 1-Port 15dB Cable TV HDTV Signal Booster / Amplifier (Retail Package)", "imUrl": "http://ecx.images-amazon.com/images/I/41zPdc1VvNL._SX300_.jpg", "price": 24.99, "numReviews": 25, "groups": [201], "averageRating": 4.08, "brand": "Viewsonics"}, {"asin": "B00009WDU1", "name": "CHANNEL PLUS 2514 DC + IR Passing 4-Way Splitter/Combiner (CHANNEL PLUS 2514)", "imUrl": "http://ecx.images-amazon.com/images/I/51V1NPlg6dL._SY300_.jpg", "price": 11.61, "numReviews": 8, "groups": [24], "averageRating": 4.375}, {"asin": "B008ILDEYM", "name": "InstallerParts 3Way 2.5GHz Satellite Splitter DC Power Pass", "imUrl": "http://ecx.images-amazon.com/images/I/31XmRswlCbL.jpg", "price": 3.52, "numReviews": 2, "groups": [202], "averageRating": 5.0}, {"asin": "B001IS8DR0", "name": "Dish Network DishPro TWIN DP  LNB / LNBF 110/119", "imUrl": "http://ecx.images-amazon.com/images/I/41Gl0wiJg4L._SX300_.jpg", "price": 39.99, "numReviews": 2, "groups": [203], "averageRating": 3.0}, {"asin": "B005AME7Y8", "name": "DIRECTV PI21R1-03 Power Inserter (Discontinued by Manufacturer)", "imUrl": "http://ecx.images-amazon.com/images/I/41xsAXFPQ9L._SX300_.jpg", "price": 9.4, "numReviews": 42, "groups": [204], "averageRating": 4.619047619047619, "brand": "DIRECTV"}, {"asin": "B006E89F62", "name": "KaKu LNB 5 for Slimline Dish Directv Brand", "imUrl": "http://ecx.images-amazon.com/images/I/31XQBcA9M0L._SX300_.jpg", "price": 47.49, "numReviews": 23, "groups": [91], "averageRating": 4.826086956521739}, {"asin": "B006T3H9TM", "name": "PCT 1-Port Variable Gain Signal Amplifier With Active Return", "imUrl": "http://ecx.images-amazon.com/images/I/512LWgleYBL._SX300_.jpg", "price": 20.25, "numReviews": 52, "groups": [55], "averageRating": 4.230769230769231, "brand": "PCT"}, {"asin": "B0002KQZIO", "name": "OPENHOUSE H804 4-WAY Balanced Splitter/combiner", "imUrl": "http://ecx.images-amazon.com/images/I/41BNKWXCYCL._SY300_.jpg", "price": 13.99, "numReviews": 2, "groups": [205], "averageRating": 2.0}, {"asin": "B007TXSXUA", "name": "Viewsonics Mini-Drop 1-Port 6KV Combination Wave Surge Protected Amplifier - 15.0 dB", "imUrl": "http://ecx.images-amazon.com/images/I/51%2BwkIudurL._SY300_.jpg", "price": 12.99, "numReviews": 1, "groups": [206], "averageRating": 5.0}, {"asin": "B00BEZWEYU", "name": "Klein Tools VDV814-633 Coax Splitter - CATV, 2-Way, 5MHz - 1GHz", "imUrl": "http://ecx.images-amazon.com/images/I/51vrC26Q58L._SX300_.jpg", "price": 8.0, "numReviews": 3, "groups": [207], "averageRating": 3.6666666666666665, "brand": "Klein Tools"}, {"asin": "B000MTXFXS", "name": "SF-95 Analog Satellite Finder", "imUrl": "http://ecx.images-amazon.com/images/I/41GbrRxlmCL._SY300_.jpg", "price": 2.9, "numReviews": 93, "groups": [208], "averageRating": 3.6881720430107525}, {"asin": "B002HEQEPC", "name": "Digiwave SC10S - Satellite Finder Kit with Compass And Power Supplier", "imUrl": "http://ecx.images-amazon.com/images/I/31-MRUrdjfL.jpg", "price": 43.99, "numReviews": 3, "groups": [209], "averageRating": 2.6666666666666665}, {"asin": "B0002BWCJY", "name": "Multiswitch 3-In 8-Out", "imUrl": "http://ecx.images-amazon.com/images/I/51XoY55ps9L._SY300_.jpg", "price": 34.8, "numReviews": 1, "groups": [210], "averageRating": 5.0}, {"asin": "B009OWFECO", "name": "LotFancy New International Digital LED Satellite Finder Meter For Dish Network Directv FTA with Built-In Compass and Buzzer Audio Tone -- New 2012 model DSF2012B", "imUrl": "http://ecx.images-amazon.com/images/I/41T9yX%2Bm8dL._SX300_.jpg", "price": 12.68, "numReviews": 25, "groups": [168, 208], "averageRating": 3.12}, {"asin": "B00005T3EW", "name": "RCA 4-Way Signal Splitter (VH49)", "imUrl": "http://ecx.images-amazon.com/images/I/21S4NVR6T7L.jpg", "price": 3.94, "numReviews": 12, "groups": [211], "averageRating": 4.083333333333333, "brand": "RCA"}, {"asin": "B00BW60R68", "name": "DirecTv MSPLIT4R1-03 Approved WNC 4-Way Wide Band SWM Splitter", "imUrl": "http://ecx.images-amazon.com/images/I/41wipFRxZfL._SX300_.jpg", "price": 5.99, "numReviews": 29, "groups": [104], "averageRating": 4.448275862068965}, {"asin": "B001IX00XU", "name": "Birdog USB Plus Satellite Meter Signal Locator 4.0 SWM Compatible", "imUrl": "http://ecx.images-amazon.com/images/I/41EtCLms0zL._SX300_.jpg", "price": 399.99, "numReviews": 13, "groups": [77], "averageRating": 3.6923076923076925, "brand": "Birdog"}, {"asin": "B004Z1CZ0S", "name": "DIRECTV SWM 2-Way Splitter", "imUrl": "http://ecx.images-amazon.com/images/I/31jgl4sUsZL._SX300_.jpg", "price": 7.0, "numReviews": 2, "groups": [212], "averageRating": 5.0, "brand": "DIRECTV"}, {"asin": "B008B6MIA0", "name": "Octo Full HD LNB , 8 output Universal Ku Band LNB", "imUrl": "http://ecx.images-amazon.com/images/I/51U7WVZ6wcL._SY300_.jpg", "price": 28.95, "numReviews": 1, "groups": [213], "averageRating": 5.0}, {"asin": "B00124BLI8", "name": "DISH Network 1000.2 DISH PRO PLUS INTEGRATED LNBF", "imUrl": "http://ecx.images-amazon.com/images/I/31cEGNgDVdL._SX300_.jpg", "price": 21.5, "numReviews": 6, "groups": [214], "averageRating": 4.666666666666667}, {"asin": "B00666X3GK", "name": "SIIG 1x2 HDMI Splitter. 1PORT HDMI SPLITTER 2DISPLAY AV-AMP. 1 x HDMI Digital Audio/Video In, 2 x HDMI Digital Audio/Video Out - 1920 x 1200 @ 60 Hz", "imUrl": "http://ecx.images-amazon.com/images/I/31K1eYjsF5L.jpg", "price": 99.48, "numReviews": 1, "groups": [215], "averageRating": 2.0, "brand": "SIIG"}, {"asin": "B007RNUVIO", "name": "Splitter IPTV RF Broadband 2-Way HomePNA Tested & Certified for applications on U-Verse Networks", "imUrl": "http://ecx.images-amazon.com/images/I/31jI4aebrNL._SX300_.jpg", "price": 5.97, "numReviews": 3, "groups": [216], "averageRating": 5.0}, {"asin": "B00AANOUKS", "name": "Digital Satellite Signal Finder Meter for Dish Network Directv FTA with Compass and Audio Tone", "imUrl": "http://ecx.images-amazon.com/images/I/41QYlgOS8NL._SY300_.jpg", "price": 17.99, "numReviews": 1, "groups": [217], "averageRating": 3.0}, {"asin": "B00005T3EZ", "name": "RCA Matching Transformer", "imUrl": "http://ecx.images-amazon.com/images/I/41n-zLZrWSL._SY300_.jpg", "price": 4.19, "numReviews": 30, "groups": [218], "averageRating": 4.233333333333333, "brand": "RCA"}, {"asin": "B00006JPEA", "name": "CHANNEL PLUS 2512 DC + IR Passing 2-Way Splitter/Combiner", "imUrl": "http://ecx.images-amazon.com/images/I/51%2BASlawFtL._SY300_.jpg", "price": 9.2, "numReviews": 72, "groups": [219], "averageRating": 4.25}, {"asin": "B0030TYX6K", "name": "Hot Shot Heater for Ka/Ku Slimline Satellite Dish", "imUrl": "http://ecx.images-amazon.com/images/I/21h8r-kuZlL.jpg", "price": 139.95, "numReviews": 2, "groups": [108], "averageRating": 5.0}, {"asin": "B005LXOE5S", "name": "Pixel Satellite Radio MB-2 Wide Band 2-Way Passive Splitter", "imUrl": "http://ecx.images-amazon.com/images/I/210uic5g7qL.jpg", "price": 22.04, "numReviews": 1, "groups": [220], "averageRating": 5.0}, {"asin": "B001N4XK5E", "name": "Invacom Single Universal LNB", "imUrl": "http://ecx.images-amazon.com/images/I/21Dkq7HwZRL.jpg", "price": 43.46, "numReviews": 5, "groups": [221], "averageRating": 2.8, "brand": "Invacom"}, {"asin": "B007F7VPAU", "name": "SatLink WS-6908 LCD DVB-S FTA Professional Digital Satellite Finder Meter", "imUrl": "http://ecx.images-amazon.com/images/I/517lvnSBWmL._SX342_.jpg", "price": 116.98, "numReviews": 10, "groups": [222], "averageRating": 3.5, "salesRankCategory": "Industrial & Scientific", "salesRank": 12054}, {"asin": "B009P7YB0O", "name": "DISH Network 185836 Duo Node For Hopper/Joey", "imUrl": "http://ecx.images-amazon.com/images/I/41NnXKAfPML._SX300_.jpg", "price": 29.99, "numReviews": 4, "groups": [99], "averageRating": 4.0}, {"asin": "B00003CWFD", "name": "Monster Cable SS4RF Monster Standard RF Splitters For CATV Signals 4-Way RF Splitter (Discontinued by Manufacturer)", "imUrl": "http://ecx.images-amazon.com/images/I/41344ZB869L._SX300_.jpg", "price": 5.99, "numReviews": 4, "groups": [223], "averageRating": 3.0, "brand": "Monster"}, {"asin": "B0043B0TNU", "name": "NEW PIPE ADAPTER Directv/Dishnet dishes 1 5/8\" OD", "imUrl": "http://ecx.images-amazon.com/images/I/11ZGZEJ3JjL.jpg", "price": 9.99, "numReviews": 1, "groups": [224], "averageRating": 1.0}, {"asin": "B008DMJRRE", "name": "Viewsonics Three Port (3 output) Indoor/Outdoor High Performance 5-1000 MHz Cable TV HDTV Coaxial Digital Signal Splitter", "imUrl": "http://ecx.images-amazon.com/images/I/21GjgGDPYDL.jpg", "price": 4.43, "numReviews": 3, "groups": [225], "averageRating": 4.666666666666667}, {"asin": "B009FN72PO", "name": "EXTREME 3 WAY BALANCED HD DIGITAL 1GHz HIGH PERFORMANCE COAX CABLE SPLITTER - BDS103HB (5.5 dB / 5.5 dB / 5.5 dB out)", "imUrl": "http://ecx.images-amazon.com/images/I/41MGU69tv9L._SX300_.jpg", "price": 7.49, "numReviews": 28, "groups": [47, 139], "averageRating": 4.428571428571429}, {"asin": "B007YV0UQW", "name": "2 WAY EXTREME HD DIGITAL 1GHz HIGH PERFORMANCE COAX CABLE SPLITTER - BDS102H", "imUrl": "http://ecx.images-amazon.com/images/I/41-ZGcEblTL._SX300_.jpg", "price": 4.65, "numReviews": 72, "groups": [90], "averageRating": 4.583333333333333}, {"asin": "B000G2EMM4", "name": "Satellite Finder", "imUrl": "http://ecx.images-amazon.com/images/I/41nMulyQTNL._SX300_.jpg", "price": 8.0, "numReviews": 1, "groups": [226], "averageRating": 3.0, "brand": "Satellite Finder"}, {"asin": "B000F3RKJ6", "name": "Electroline EDA-2100 1-Port Cable TV HDTV Signal Booster/Amplifier (Retail Package with 5-Year Warranty)", "imUrl": "http://ecx.images-amazon.com/images/I/41A8KbqxujL._SY300_.jpg", "price": 45.99, "numReviews": 23, "groups": [18], "averageRating": 4.3478260869565215, "brand": "Electroline"}, {"asin": "B008ILDI98", "name": "InstallerParts 4Way 2.5GHz Satellite Splitter DC Power Pass", "imUrl": "http://ecx.images-amazon.com/images/I/31hJWPLRbZL.jpg", "price": 4.09, "numReviews": 1, "groups": [227], "averageRating": 4.0}, {"asin": "B002TSKPDI", "name": "RCA Antenna Satellite Diplexer Splitter", "imUrl": "http://ecx.images-amazon.com/images/I/31H5YN4HZYL.jpg", "price": 1.37, "numReviews": 13, "groups": [101], "averageRating": 4.153846153846154}, {"asin": "B00006JQJY", "name": "Terk Technologies BDS-P1 Indoor/Outdoor Diplexer (Single-LNB) (Discontinued by Manufacturer)", "imUrl": "http://ecx.images-amazon.com/images/I/51m9EUXo2OL._SY300_.jpg", "price": 6.0, "numReviews": 2, "groups": [228], "averageRating": 3.0}, {"asin": "B00BBDHXLO", "name": "DirecTV SWM8 Multiswitch", "imUrl": "http://ecx.images-amazon.com/images/I/51yANtKfGZL._SX300_.jpg", "price": 38.99, "numReviews": 14, "groups": [229], "averageRating": 5.0}, {"asin": "B00013BOAQ", "name": "Open House H806 6 Way Rf Splitter Hub", "imUrl": "http://ecx.images-amazon.com/images/I/412B-L5uZsL._SY300_.jpg", "price": 18.99, "numReviews": 2, "groups": [230], "averageRating": 5.0, "brand": "Open House"}, {"asin": "B00075Z0S0", "name": "DISH NETWORK DISH PRO QUAD LNB", "imUrl": "http://ecx.images-amazon.com/images/I/31PJF0W7AWL._SX300_.jpg", "price": 39.99, "numReviews": 3, "groups": [231], "averageRating": 3.3333333333333335}], "links": [{"source": 0, "target": 145, "right": true, "left": false, "value": 1}, {"source": 0, "target": 182, "right": true, "left": false, "value": 1}, {"source": 0, "target": 215, "right": false, "left": true, "value": 1}, {"source": 0, "target": 92, "right": false, "left": true, "value": 1}, {"source": 0, "target": 254, "right": false, "left": true, "value": 1}, {"source": 1, "target": 40, "right": true, "left": false, "value": 1}, {"source": 1, "target": 80, "right": true, "left": true, "value": 1}, {"source": 1, "target": 119, "right": true, "left": true, "value": 1}, {"source": 2, "target": 65, "right": false, "left": true, "value": 1}, {"source": 2, "target": 71, "right": false, "left": true, "value": 1}, {"source": 3, "target": 115, "right": true, "left": false, "value": 1}, {"source": 3, "target": 9, "right": true, "left": false, "value": 1}, {"source": 3, "target": 145, "right": true, "left": false, "value": 1}, {"source": 3, "target": 99, "right": true, "left": false, "value": 1}, {"source": 4, "target": 93, "right": true, "left": false, "value": 1}, {"source": 5, "target": 236, "right": true, "left": false, "value": 1}, {"source": 5, "target": 213, "right": true, "left": false, "value": 1}, {"source": 6, "target": 97, "right": false, "left": true, "value": 1}, {"source": 7, "target": 93, "right": true, "left": false, "value": 1}, {"source": 8, "target": 26, "right": false, "left": true, "value": 1}, {"source": 8, "target": 105, "right": true, "left": true, "value": 1}, {"source": 8, "target": 236, "right": true, "left": false, "value": 1}, {"source": 8, "target": 12, "right": false, "left": true, "value": 1}, {"source": 8, "target": 250, "right": true, "left": false, "value": 1}, {"source": 9, "target": 115, "right": true, "left": false, "value": 1}, {"source": 9, "target": 99, "right": true, "left": false, "value": 1}, {"source": 9, "target": 222, "right": true, "left": false, "value": 1}, {"source": 10, "target": 171, "right": false, "left": true, "value": 1}, {"source": 10, "target": 127, "right": true, "left": false, "value": 1}, {"source": 11, "target": 175, "right": true, "left": false, "value": 1}, {"source": 12, "target": 224, "right": false, "left": true, "value": 1}, {"source": 12, "target": 73, "right": true, "left": true, "value": 1}, {"source": 12, "target": 108, "right": true, "left": false, "value": 1}, {"source": 12, "target": 77, "right": true, "left": true, "value": 1}, {"source": 12, "target": 211, "right": false, "left": true, "value": 1}, {"source": 12, "target": 26, "right": false, "left": true, "value": 1}, {"source": 13, "target": 161, "right": true, "left": false, "value": 1}, {"source": 13, "target": 178, "right": true, "left": false, "value": 1}, {"source": 13, "target": 52, "right": true, "left": false, "value": 1}, {"source": 13, "target": 225, "right": true, "left": false, "value": 1}, {"source": 14, "target": 226, "right": false, "left": true, "value": 1}, {"source": 14, "target": 138, "right": true, "left": false, "value": 1}, {"source": 14, "target": 47, "right": true, "left": false, "value": 1}, {"source": 14, "target": 148, "right": false, "left": true, "value": 1}, {"source": 14, "target": 88, "right": false, "left": true, "value": 1}, {"source": 14, "target": 155, "right": true, "left": false, "value": 1}, {"source": 14, "target": 188, "right": false, "left": true, "value": 1}, {"source": 14, "target": 93, "right": true, "left": false, "value": 1}, {"source": 15, "target": 36, "right": true, "left": false, "value": 1}, {"source": 15, "target": 222, "right": true, "left": false, "value": 1}, {"source": 16, "target": 39, "right": true, "left": false, "value": 1}, {"source": 17, "target": 248, "right": true, "left": true, "value": 1}, {"source": 17, "target": 35, "right": false, "left": true, "value": 1}, {"source": 17, "target": 208, "right": false, "left": true, "value": 1}, {"source": 18, "target": 235, "right": true, "left": false, "value": 1}, {"source": 19, "target": 164, "right": false, "left": true, "value": 1}, {"source": 19, "target": 138, "right": true, "left": false, "value": 1}, {"source": 19, "target": 147, "right": true, "left": false, "value": 1}, {"source": 19, "target": 244, "right": false, "left": true, "value": 1}, {"source": 19, "target": 245, "right": true, "left": false, "value": 1}, {"source": 19, "target": 93, "right": true, "left": false, "value": 1}, {"source": 20, "target": 93, "right": true, "left": false, "value": 1}, {"source": 20, "target": 246, "right": true, "left": false, "value": 1}, {"source": 21, "target": 91, "right": true, "left": false, "value": 1}, {"source": 22, "target": 104, "right": true, "left": true, "value": 1}, {"source": 22, "target": 145, "right": true, "left": false, "value": 1}, {"source": 23, "target": 213, "right": true, "left": true, "value": 1}, {"source": 23, "target": 47, "right": true, "left": false, "value": 1}, {"source": 24, "target": 236, "right": true, "left": false, "value": 1}, {"source": 24, "target": 93, "right": true, "left": false, "value": 1}, {"source": 25, "target": 160, "right": true, "left": false, "value": 1}, {"source": 25, "target": 222, "right": true, "left": false, "value": 1}, {"source": 26, "target": 175, "right": true, "left": false, "value": 1}, {"source": 27, "target": 67, "right": true, "left": false, "value": 1}, {"source": 27, "target": 212, "right": true, "left": false, "value": 1}, {"source": 28, "target": 186, "right": true, "left": false, "value": 1}, {"source": 28, "target": 111, "right": true, "left": false, "value": 1}, {"source": 28, "target": 47, "right": true, "left": false, "value": 1}, {"source": 29, "target": 178, "right": true, "left": false, "value": 1}, {"source": 29, "target": 240, "right": true, "left": false, "value": 1}, {"source": 29, "target": 34, "right": true, "left": false, "value": 1}, {"source": 29, "target": 99, "right": true, "left": false, "value": 1}, {"source": 30, "target": 131, "right": true, "left": false, "value": 1}, {"source": 30, "target": 253, "right": false, "left": true, "value": 1}, {"source": 31, "target": 107, "right": false, "left": true, "value": 1}, {"source": 31, "target": 46, "right": true, "left": true, "value": 1}, {"source": 31, "target": 53, "right": false, "left": true, "value": 1}, {"source": 31, "target": 254, "right": false, "left": true, "value": 1}, {"source": 31, "target": 222, "right": true, "left": false, "value": 1}, {"source": 32, "target": 93, "right": true, "left": false, "value": 1}, {"source": 33, "target": 118, "right": false, "left": true, "value": 1}, {"source": 33, "target": 222, "right": true, "left": false, "value": 1}, {"source": 33, "target": 207, "right": false, "left": true, "value": 1}, {"source": 34, "target": 161, "right": true, "left": false, "value": 1}, {"source": 34, "target": 99, "right": true, "left": false, "value": 1}, {"source": 34, "target": 79, "right": true, "left": false, "value": 1}, {"source": 35, "target": 248, "right": true, "left": false, "value": 1}, {"source": 36, "target": 161, "right": true, "left": false, "value": 1}, {"source": 36, "target": 99, "right": true, "left": false, "value": 1}, {"source": 36, "target": 78, "right": false, "left": true, "value": 1}, {"source": 37, "target": 68, "right": false, "left": true, "value": 1}, {"source": 38, "target": 218, "right": true, "left": false, "value": 1}, {"source": 40, "target": 172, "right": false, "left": true, "value": 1}, {"source": 40, "target": 45, "right": false, "left": true, "value": 1}, {"source": 40, "target": 80, "right": false, "left": true, "value": 1}, {"source": 40, "target": 56, "right": false, "left": true, "value": 1}, {"source": 41, "target": 247, "right": false, "left": true, "value": 1}, {"source": 42, "target": 225, "right": true, "left": false, "value": 1}, {"source": 42, "target": 222, "right": true, "left": false, "value": 1}, {"source": 42, "target": 159, "right": true, "left": false, "value": 1}, {"source": 43, "target": 47, "right": true, "left": false, "value": 1}, {"source": 44, "target": 246, "right": true, "left": false, "value": 1}, {"source": 45, "target": 56, "right": false, "left": true, "value": 1}, {"source": 45, "target": 172, "right": false, "left": true, "value": 1}, {"source": 47, "target": 226, "right": false, "left": true, "value": 1}, {"source": 47, "target": 131, "right": false, "left": true, "value": 1}, {"source": 47, "target": 165, "right": false, "left": true, "value": 1}, {"source": 47, "target": 138, "right": true, "left": true, "value": 1}, {"source": 47, "target": 74, "right": false, "left": true, "value": 1}, {"source": 47, "target": 203, "right": false, "left": true, "value": 1}, {"source": 47, "target": 111, "right": false, "left": true, "value": 1}, {"source": 47, "target": 188, "right": false, "left": true, "value": 1}, {"source": 47, "target": 242, "right": false, "left": true, "value": 1}, {"source": 47, "target": 148, "right": false, "left": true, "value": 1}, {"source": 47, "target": 245, "right": true, "left": true, "value": 1}, {"source": 47, "target": 181, "right": false, "left": true, "value": 1}, {"source": 47, "target": 88, "right": false, "left": true, "value": 1}, {"source": 47, "target": 155, "right": false, "left": true, "value": 1}, {"source": 48, "target": 145, "right": true, "left": false, "value": 1}, {"source": 48, "target": 115, "right": true, "left": false, "value": 1}, {"source": 49, "target": 77, "right": true, "left": false, "value": 1}, {"source": 49, "target": 175, "right": true, "left": false, "value": 1}, {"source": 50, "target": 236, "right": true, "left": false, "value": 1}, {"source": 50, "target": 246, "right": true, "left": false, "value": 1}, {"source": 51, "target": 93, "right": true, "left": false, "value": 1}, {"source": 52, "target": 225, "right": true, "left": false, "value": 1}, {"source": 52, "target": 132, "right": false, "left": true, "value": 1}, {"source": 52, "target": 234, "right": false, "left": true, "value": 1}, {"source": 52, "target": 178, "right": true, "left": false, "value": 1}, {"source": 52, "target": 149, "right": false, "left": true, "value": 1}, {"source": 52, "target": 222, "right": true, "left": false, "value": 1}, {"source": 52, "target": 223, "right": false, "left": true, "value": 1}, {"source": 53, "target": 90, "right": true, "left": false, "value": 1}, {"source": 53, "target": 92, "right": true, "left": false, "value": 1}, {"source": 54, "target": 55, "right": true, "left": false, "value": 1}, {"source": 55, "target": 248, "right": false, "left": true, "value": 1}, {"source": 55, "target": 130, "right": false, "left": true, "value": 1}, {"source": 55, "target": 197, "right": false, "left": true, "value": 1}, {"source": 55, "target": 134, "right": false, "left": true, "value": 1}, {"source": 55, "target": 76, "right": false, "left": true, "value": 1}, {"source": 55, "target": 204, "right": false, "left": true, "value": 1}, {"source": 55, "target": 212, "right": false, "left": true, "value": 1}, {"source": 55, "target": 152, "right": false, "left": true, "value": 1}, {"source": 55, "target": 218, "right": true, "left": true, "value": 1}, {"source": 55, "target": 156, "right": false, "left": true, "value": 1}, {"source": 57, "target": 131, "right": true, "left": false, "value": 1}, {"source": 57, "target": 187, "right": true, "left": true, "value": 1}, {"source": 58, "target": 115, "right": true, "left": false, "value": 1}, {"source": 58, "target": 230, "right": false, "left": true, "value": 1}, {"source": 59, "target": 236, "right": true, "left": false, "value": 1}, {"source": 59, "target": 93, "right": true, "left": false, "value": 1}, {"source": 59, "target": 246, "right": true, "left": false, "value": 1}, {"source": 60, "target": 138, "right": true, "left": false, "value": 1}, {"source": 60, "target": 93, "right": true, "left": false, "value": 1}, {"source": 60, "target": 111, "right": true, "left": false, "value": 1}, {"source": 61, "target": 86, "right": true, "left": false, "value": 1}, {"source": 61, "target": 227, "right": true, "left": false, "value": 1}, {"source": 61, "target": 70, "right": true, "left": false, "value": 1}, {"source": 62, "target": 251, "right": false, "left": true, "value": 1}, {"source": 62, "target": 116, "right": false, "left": true, "value": 1}, {"source": 62, "target": 93, "right": true, "left": false, "value": 1}, {"source": 62, "target": 246, "right": true, "left": false, "value": 1}, {"source": 63, "target": 127, "right": true, "left": false, "value": 1}, {"source": 64, "target": 138, "right": true, "left": false, "value": 1}, {"source": 64, "target": 93, "right": true, "left": false, "value": 1}, {"source": 64, "target": 111, "right": true, "left": true, "value": 1}, {"source": 66, "target": 150, "right": true, "left": false, "value": 1}, {"source": 66, "target": 93, "right": true, "left": false, "value": 1}, {"source": 66, "target": 86, "right": true, "left": false, "value": 1}, {"source": 69, "target": 227, "right": true, "left": false, "value": 1}, {"source": 69, "target": 108, "right": true, "left": false, "value": 1}, {"source": 69, "target": 252, "right": true, "left": false, "value": 1}, {"source": 70, "target": 227, "right": true, "left": false, "value": 1}, {"source": 70, "target": 86, "right": true, "left": true, "value": 1}, {"source": 72, "target": 245, "right": true, "left": false, "value": 1}, {"source": 72, "target": 138, "right": true, "left": false, "value": 1}, {"source": 72, "target": 236, "right": true, "left": false, "value": 1}, {"source": 72, "target": 213, "right": true, "left": false, "value": 1}, {"source": 73, "target": 224, "right": false, "left": true, "value": 1}, {"source": 73, "target": 103, "right": true, "left": false, "value": 1}, {"source": 73, "target": 77, "right": true, "left": true, "value": 1}, {"source": 73, "target": 175, "right": true, "left": false, "value": 1}, {"source": 73, "target": 179, "right": false, "left": true, "value": 1}, {"source": 73, "target": 211, "right": false, "left": true, "value": 1}, {"source": 75, "target": 232, "right": false, "left": true, "value": 1}, {"source": 76, "target": 125, "right": true, "left": true, "value": 1}, {"source": 77, "target": 224, "right": false, "left": true, "value": 1}, {"source": 77, "target": 227, "right": true, "left": false, "value": 1}, {"source": 77, "target": 103, "right": false, "left": true, "value": 1}, {"source": 77, "target": 175, "right": true, "left": false, "value": 1}, {"source": 77, "target": 211, "right": false, "left": true, "value": 1}, {"source": 77, "target": 116, "right": false, "left": true, "value": 1}, {"source": 78, "target": 137, "right": true, "left": false, "value": 1}, {"source": 78, "target": 99, "right": true, "left": false, "value": 1}, {"source": 78, "target": 222, "right": true, "left": false, "value": 1}, {"source": 79, "target": 99, "right": true, "left": false, "value": 1}, {"source": 79, "target": 228, "right": true, "left": true, "value": 1}, {"source": 81, "target": 161, "right": true, "left": false, "value": 1}, {"source": 81, "target": 222, "right": true, "left": false, "value": 1}, {"source": 81, "target": 87, "right": false, "left": true, "value": 1}, {"source": 82, "target": 129, "right": false, "left": true, "value": 1}, {"source": 82, "target": 139, "right": false, "left": true, "value": 1}, {"source": 82, "target": 140, "right": true, "left": false, "value": 1}, {"source": 83, "target": 127, "right": true, "left": false, "value": 1}, {"source": 84, "target": 105, "right": true, "left": false, "value": 1}, {"source": 84, "target": 250, "right": true, "left": false, "value": 1}, {"source": 85, "target": 161, "right": true, "left": false, "value": 1}, {"source": 85, "target": 228, "right": true, "left": false, "value": 1}, {"source": 86, "target": 227, "right": false, "left": true, "value": 1}, {"source": 86, "target": 100, "right": false, "left": true, "value": 1}, {"source": 86, "target": 229, "right": false, "left": true, "value": 1}, {"source": 86, "target": 108, "right": true, "left": true, "value": 1}, {"source": 86, "target": 157, "right": false, "left": true, "value": 1}, {"source": 87, "target": 222, "right": true, "left": false, "value": 1}, {"source": 87, "target": 159, "right": true, "left": false, "value": 1}, {"source": 89, "target": 138, "right": true, "left": false, "value": 1}, {"source": 89, "target": 147, "right": true, "left": false, "value": 1}, {"source": 89, "target": 93, "right": true, "left": false, "value": 1}, {"source": 89, "target": 111, "right": true, "left": false, "value": 1}, {"source": 90, "target": 169, "right": true, "left": false, "value": 1}, {"source": 90, "target": 222, "right": true, "left": false, "value": 1}, {"source": 91, "target": 115, "right": true, "left": false, "value": 1}, {"source": 92, "target": 107, "right": true, "left": false, "value": 1}, {"source": 93, "target": 138, "right": true, "left": false, "value": 1}, {"source": 93, "target": 141, "right": false, "left": true, "value": 1}, {"source": 93, "target": 147, "right": false, "left": true, "value": 1}, {"source": 93, "target": 162, "right": false, "left": true, "value": 1}, {"source": 93, "target": 166, "right": false, "left": true, "value": 1}, {"source": 93, "target": 168, "right": false, "left": true, "value": 1}, {"source": 93, "target": 170, "right": false, "left": true, "value": 1}, {"source": 93, "target": 173, "right": false, "left": true, "value": 1}, {"source": 93, "target": 174, "right": false, "left": true, "value": 1}, {"source": 93, "target": 177, "right": false, "left": true, "value": 1}, {"source": 93, "target": 186, "right": false, "left": true, "value": 1}, {"source": 93, "target": 192, "right": false, "left": true, "value": 1}, {"source": 93, "target": 193, "right": false, "left": true, "value": 1}, {"source": 93, "target": 194, "right": false, "left": true, "value": 1}, {"source": 93, "target": 196, "right": false, "left": true, "value": 1}, {"source": 93, "target": 199, "right": false, "left": true, "value": 1}, {"source": 93, "target": 201, "right": false, "left": true, "value": 1}, {"source": 93, "target": 210, "right": false, "left": true, "value": 1}, {"source": 93, "target": 214, "right": false, "left": true, "value": 1}, {"source": 93, "target": 220, "right": false, "left": true, "value": 1}, {"source": 93, "target": 221, "right": false, "left": true, "value": 1}, {"source": 93, "target": 226, "right": false, "left": true, "value": 1}, {"source": 93, "target": 233, "right": false, "left": true, "value": 1}, {"source": 93, "target": 236, "right": false, "left": true, "value": 1}, {"source": 93, "target": 246, "right": true, "left": true, "value": 1}, {"source": 93, "target": 121, "right": false, "left": true, "value": 1}, {"source": 93, "target": 250, "right": false, "left": true, "value": 1}, {"source": 93, "target": 251, "right": false, "left": true, "value": 1}, {"source": 93, "target": 126, "right": false, "left": true, "value": 1}, {"source": 94, "target": 217, "right": true, "left": true, "value": 1}, {"source": 94, "target": 110, "right": false, "left": true, "value": 1}, {"source": 95, "target": 97, "right": false, "left": true, "value": 1}, {"source": 95, "target": 99, "right": true, "left": false, "value": 1}, {"source": 95, "target": 222, "right": true, "left": false, "value": 1}, {"source": 96, "target": 178, "right": true, "left": false, "value": 1}, {"source": 97, "target": 240, "right": true, "left": false, "value": 1}, {"source": 97, "target": 99, "right": true, "left": false, "value": 1}, {"source": 98, "target": 109, "right": true, "left": false, "value": 1}, {"source": 99, "target": 198, "right": false, "left": true, "value": 1}, {"source": 99, "target": 200, "right": false, "left": true, "value": 1}, {"source": 99, "target": 149, "right": false, "left": true, "value": 1}, {"source": 100, "target": 227, "right": true, "left": false, "value": 1}, {"source": 100, "target": 108, "right": true, "left": false, "value": 1}, {"source": 101, "target": 225, "right": true, "left": false, "value": 1}, {"source": 101, "target": 123, "right": true, "left": false, "value": 1}, {"source": 102, "target": 241, "right": true, "left": true, "value": 1}, {"source": 103, "target": 175, "right": true, "left": true, "value": 1}, {"source": 105, "target": 236, "right": true, "left": false, "value": 1}, {"source": 105, "target": 207, "right": false, "left": true, "value": 1}, {"source": 105, "target": 121, "right": false, "left": true, "value": 1}, {"source": 105, "target": 250, "right": true, "left": true, "value": 1}, {"source": 106, "target": 243, "right": false, "left": true, "value": 1}, {"source": 107, "target": 241, "right": true, "left": false, "value": 1}, {"source": 108, "target": 224, "right": false, "left": true, "value": 1}, {"source": 108, "target": 227, "right": true, "left": true, "value": 1}, {"source": 108, "target": 110, "right": false, "left": true, "value": 1}, {"source": 108, "target": 175, "right": false, "left": true, "value": 1}, {"source": 108, "target": 216, "right": true, "left": false, "value": 1}, {"source": 108, "target": 217, "right": false, "left": true, "value": 1}, {"source": 108, "target": 120, "right": false, "left": true, "value": 1}, {"source": 110, "target": 216, "right": true, "left": false, "value": 1}, {"source": 110, "target": 217, "right": true, "left": false, "value": 1}, {"source": 111, "target": 242, "right": false, "left": true, "value": 1}, {"source": 111, "target": 181, "right": false, "left": true, "value": 1}, {"source": 111, "target": 189, "right": false, "left": true, "value": 1}, {"source": 112, "target": 114, "right": true, "left": false, "value": 1}, {"source": 113, "target": 237, "right": true, "left": true, "value": 1}, {"source": 113, "target": 151, "right": false, "left": true, "value": 1}, {"source": 114, "target": 221, "right": false, "left": true, "value": 1}, {"source": 115, "target": 239, "right": false, "left": true, "value": 1}, {"source": 115, "target": 145, "right": true, "left": false, "value": 1}, {"source": 115, "target": 209, "right": false, "left": true, "value": 1}, {"source": 116, "target": 175, "right": true, "left": false, "value": 1}, {"source": 117, "target": 184, "right": true, "left": false, "value": 1}, {"source": 120, "target": 227, "right": true, "left": false, "value": 1}, {"source": 122, "target": 225, "right": true, "left": false, "value": 1}, {"source": 122, "target": 222, "right": true, "left": false, "value": 1}, {"source": 123, "target": 225, "right": true, "left": false, "value": 1}, {"source": 123, "target": 222, "right": true, "left": false, "value": 1}, {"source": 124, "target": 236, "right": true, "left": false, "value": 1}, {"source": 125, "target": 163, "right": false, "left": true, "value": 1}, {"source": 125, "target": 143, "right": false, "left": true, "value": 1}, {"source": 126, "target": 245, "right": true, "left": false, "value": 1}, {"source": 126, "target": 138, "right": true, "left": false, "value": 1}, {"source": 126, "target": 147, "right": true, "left": false, "value": 1}, {"source": 127, "target": 206, "right": false, "left": true, "value": 1}, {"source": 127, "target": 191, "right": false, "left": true, "value": 1}, {"source": 128, "target": 236, "right": true, "left": false, "value": 1}, {"source": 130, "target": 218, "right": true, "left": false, "value": 1}, {"source": 131, "target": 187, "right": true, "left": true, "value": 1}, {"source": 132, "target": 225, "right": true, "left": false, "value": 1}, {"source": 132, "target": 158, "right": true, "left": false, "value": 1}, {"source": 133, "target": 194, "right": false, "left": true, "value": 1}, {"source": 133, "target": 138, "right": true, "left": false, "value": 1}, {"source": 133, "target": 174, "right": false, "left": true, "value": 1}, {"source": 133, "target": 150, "right": true, "left": false, "value": 1}, {"source": 133, "target": 153, "right": false, "left": true, "value": 1}, {"source": 133, "target": 155, "right": true, "left": true, "value": 1}, {"source": 134, "target": 135, "right": false, "left": true, "value": 1}, {"source": 136, "target": 208, "right": false, "left": true, "value": 1}, {"source": 137, "target": 161, "right": true, "left": false, "value": 1}, {"source": 137, "target": 178, "right": true, "left": false, "value": 1}, {"source": 137, "target": 225, "right": true, "left": false, "value": 1}, {"source": 138, "target": 141, "right": false, "left": true, "value": 1}, {"source": 138, "target": 144, "right": false, "left": true, "value": 1}, {"source": 138, "target": 147, "right": false, "left": true, "value": 1}, {"source": 138, "target": 153, "right": false, "left": true, "value": 1}, {"source": 138, "target": 164, "right": false, "left": true, "value": 1}, {"source": 138, "target": 165, "right": false, "left": true, "value": 1}, {"source": 138, "target": 166, "right": false, "left": true, "value": 1}, {"source": 138, "target": 174, "right": false, "left": true, "value": 1}, {"source": 138, "target": 177, "right": false, "left": true, "value": 1}, {"source": 138, "target": 180, "right": false, "left": true, "value": 1}, {"source": 138, "target": 181, "right": false, "left": true, "value": 1}, {"source": 138, "target": 189, "right": false, "left": true, "value": 1}, {"source": 138, "target": 203, "right": false, "left": true, "value": 1}, {"source": 138, "target": 214, "right": false, "left": true, "value": 1}, {"source": 138, "target": 242, "right": false, "left": true, "value": 1}, {"source": 138, "target": 244, "right": false, "left": true, "value": 1}, {"source": 138, "target": 245, "right": true, "left": true, "value": 1}, {"source": 138, "target": 246, "right": false, "left": true, "value": 1}, {"source": 142, "target": 161, "right": true, "left": false, "value": 1}, {"source": 142, "target": 222, "right": true, "left": false, "value": 1}, {"source": 143, "target": 248, "right": true, "left": false, "value": 1}, {"source": 143, "target": 218, "right": true, "left": false, "value": 1}, {"source": 145, "target": 225, "right": true, "left": false, "value": 1}, {"source": 145, "target": 230, "right": false, "left": true, "value": 1}, {"source": 145, "target": 169, "right": false, "left": true, "value": 1}, {"source": 145, "target": 182, "right": false, "left": true, "value": 1}, {"source": 146, "target": 225, "right": true, "left": false, "value": 1}, {"source": 146, "target": 183, "right": true, "left": false, "value": 1}, {"source": 147, "target": 153, "right": false, "left": true, "value": 1}, {"source": 147, "target": 245, "right": true, "left": true, "value": 1}, {"source": 147, "target": 246, "right": true, "left": false, "value": 1}, {"source": 149, "target": 178, "right": true, "left": false, "value": 1}, {"source": 150, "target": 195, "right": false, "left": true, "value": 1}, {"source": 153, "target": 245, "right": true, "left": false, "value": 1}, {"source": 154, "target": 238, "right": true, "left": false, "value": 1}, {"source": 156, "target": 248, "right": true, "left": false, "value": 1}, {"source": 156, "target": 218, "right": true, "left": false, "value": 1}, {"source": 158, "target": 161, "right": true, "left": false, "value": 1}, {"source": 158, "target": 178, "right": true, "left": false, "value": 1}, {"source": 158, "target": 225, "right": true, "left": false, "value": 1}, {"source": 159, "target": 161, "right": true, "left": false, "value": 1}, {"source": 159, "target": 225, "right": true, "left": false, "value": 1}, {"source": 159, "target": 222, "right": true, "left": false, "value": 1}, {"source": 160, "target": 161, "right": true, "left": false, "value": 1}, {"source": 160, "target": 222, "right": true, "left": false, "value": 1}, {"source": 161, "target": 225, "right": false, "left": true, "value": 1}, {"source": 161, "target": 223, "right": false, "left": true, "value": 1}, {"source": 161, "target": 200, "right": false, "left": true, "value": 1}, {"source": 161, "target": 178, "right": false, "left": true, "value": 1}, {"source": 161, "target": 183, "right": false, "left": true, "value": 1}, {"source": 162, "target": 246, "right": true, "left": false, "value": 1}, {"source": 164, "target": 244, "right": false, "left": true, "value": 1}, {"source": 164, "target": 245, "right": true, "left": false, "value": 1}, {"source": 165, "target": 245, "right": true, "left": false, "value": 1}, {"source": 165, "target": 246, "right": true, "left": false, "value": 1}, {"source": 166, "target": 246, "right": true, "left": false, "value": 1}, {"source": 167, "target": 180, "right": true, "left": false, "value": 1}, {"source": 168, "target": 246, "right": true, "left": false, "value": 1}, {"source": 170, "target": 245, "right": true, "left": false, "value": 1}, {"source": 174, "target": 245, "right": true, "left": false, "value": 1}, {"source": 175, "target": 227, "right": true, "left": false, "value": 1}, {"source": 175, "target": 211, "right": false, "left": true, "value": 1}, {"source": 175, "target": 252, "right": false, "left": true, "value": 1}, {"source": 176, "target": 236, "right": true, "left": false, "value": 1}, {"source": 177, "target": 246, "right": true, "left": false, "value": 1}, {"source": 178, "target": 225, "right": true, "left": true, "value": 1}, {"source": 178, "target": 202, "right": false, "left": true, "value": 1}, {"source": 178, "target": 234, "right": false, "left": true, "value": 1}, {"source": 178, "target": 222, "right": true, "left": false, "value": 1}, {"source": 180, "target": 245, "right": true, "left": false, "value": 1}, {"source": 181, "target": 188, "right": false, "left": true, "value": 1}, {"source": 182, "target": 222, "right": true, "left": false, "value": 1}, {"source": 183, "target": 225, "right": true, "left": false, "value": 1}, {"source": 183, "target": 222, "right": true, "left": false, "value": 1}, {"source": 185, "target": 222, "right": true, "left": false, "value": 1}, {"source": 186, "target": 246, "right": true, "left": false, "value": 1}, {"source": 190, "target": 246, "right": true, "left": false, "value": 1}, {"source": 192, "target": 227, "right": true, "left": false, "value": 1}, {"source": 193, "target": 246, "right": true, "left": false, "value": 1}, {"source": 197, "target": 218, "right": true, "left": false, "value": 1}, {"source": 198, "target": 240, "right": true, "left": false, "value": 1}, {"source": 199, "target": 246, "right": true, "left": false, "value": 1}, {"source": 200, "target": 225, "right": true, "left": false, "value": 1}, {"source": 202, "target": 225, "right": true, "left": false, "value": 1}, {"source": 205, "target": 213, "right": true, "left": false, "value": 1}, {"source": 207, "target": 250, "right": true, "left": false, "value": 1}, {"source": 212, "target": 218, "right": true, "left": false, "value": 1}, {"source": 213, "target": 249, "right": false, "left": true, "value": 1}, {"source": 213, "target": 219, "right": false, "left": true, "value": 1}, {"source": 214, "target": 245, "right": true, "left": false, "value": 1}, {"source": 215, "target": 222, "right": true, "left": false, "value": 1}, {"source": 216, "target": 217, "right": false, "left": true, "value": 1}, {"source": 216, "target": 229, "right": false, "left": true, "value": 1}, {"source": 218, "target": 248, "right": false, "left": true, "value": 1}, {"source": 219, "target": 236, "right": true, "left": false, "value": 1}, {"source": 221, "target": 246, "right": true, "left": false, "value": 1}, {"source": 222, "target": 223, "right": false, "left": true, "value": 1}, {"source": 222, "target": 225, "right": true, "left": true, "value": 1}, {"source": 222, "target": 230, "right": false, "left": true, "value": 1}, {"source": 222, "target": 231, "right": false, "left": true, "value": 1}, {"source": 222, "target": 234, "right": false, "left": true, "value": 1}, {"source": 222, "target": 239, "right": false, "left": true, "value": 1}, {"source": 222, "target": 247, "right": false, "left": true, "value": 1}, {"source": 225, "target": 247, "right": false, "left": true, "value": 1}, {"source": 227, "target": 229, "right": false, "left": true, "value": 1}, {"source": 227, "target": 252, "right": false, "left": true, "value": 1}, {"source": 236, "target": 251, "right": false, "left": true, "value": 1}, {"source": 244, "target": 245, "right": true, "left": false, "value": 1}, {"source": 245, "target": 246, "right": true, "left": false, "value": 1}, {"source": 250, "target": 251, "right": false, "left": true, "value": 1}]}