{"nodes": [{"asin": "B001SER4D8", "name": "Canon WP-DC32 Waterproof Case for SD960IS Digital Elph Camera", "imUrl": "http://ecx.images-amazon.com/images/I/413nLHc9qGL._SX300_.jpg", "price": 159.0, "numReviews": 17, "groups": [0], "averageRating": 4.823529411764706, "brand": "Canon"}, {"asin": "B007RSUB02", "name": "Ikelite 6184.93 Underwater Camera Housing for Nikon Coolpix S9300 Digital Camera", "imUrl": "http://ecx.images-amazon.com/images/I/513oYu2B6sL._SY300_.jpg", "price": 379.95, "numReviews": 1, "groups": [1], "averageRating": 5.0}, {"asin": "B00BFH0Z2K", "name": "Pro Camera & Flash Underwater, Waterproof, Rain Sand Proof Marine Housing Case for Canon EOS 650D, T4i, 6D, M, PowerShot SX50, G15, G12, G1, G10, G11, G9, G2", "imUrl": "http://ecx.images-amazon.com/images/I/41tyRtKkeaL._SY300_.jpg", "price": 139.95, "numReviews": 1, "groups": [2], "averageRating": 4.0}, {"asin": "B00AA00C08", "name": "Polaroid Dive-Rated Large Waterproof Camera Housing For The Canon Powershot N, G1 X, G15, G12, G11, G10, G9, G7, SX500, SX280, SX270, SX260, SX240, SX230, SX220, SX210, SX200, SX160, SX150, SX130, SX120, A1300, A1400, A810, SD4500 Digital Camera", "imUrl": "http://ecx.images-amazon.com/images/I/41RWDotNU4L._SX300_.jpg", "price": 29.99, "numReviews": 17, "groups": [3], "averageRating": 3.176470588235294}, {"asin": "B004FS0IM8", "name": "Polaroid Dive-Rated Waterproof Camera Housing - Protects Virtually Any Ultra Compact \"FIXED\" Lens Camera", "imUrl": "http://ecx.images-amazon.com/images/I/41M8UxXKevL._SY300_.jpg", "price": 19.99, "numReviews": 3, "groups": [4], "averageRating": 4.0, "brand": "Polaroid"}, {"asin": "B006ZCFWEQ", "name": "Polaroid Dive Rated Waterproof Underwater Housing Case For Canon Powershot G11, G12 Digital Camera", "imUrl": "http://ecx.images-amazon.com/images/I/411PPFpO0DL._SX300_.jpg", "price": 99.99, "numReviews": 4, "groups": [5], "averageRating": 4.5}, {"asin": "B00B8L05Y6", "name": "Dicapac USA Inc. WP-S3 Waterproof Case for Hybrid and Mirrorless Cameras (Dark Brown)", "imUrl": "http://ecx.images-amazon.com/images/I/41xNSjf4q4L._SX300_.jpg", "price": 66.15, "numReviews": 3, "groups": [6], "averageRating": 3.6666666666666665, "brand": "Dicapac USA Inc."}, {"asin": "B00EKRORW6", "name": "iPhone 5 PRO Underwater Waterproof Housing Case and Red Filter Pkg by Watershot", "imUrl": "http://ecx.images-amazon.com/images/I/41y59LrnBcL._SX300_.jpg", "price": 223.95, "numReviews": 3, "groups": [7], "averageRating": 5.0}, {"asin": "B00FVU8C9U", "name": "XCSOURCE\u00ae Waterproof Underwater Housing Bag Case 40m 130ft For Sony DSC-RX100 II M2 LF267", "imUrl": "http://ecx.images-amazon.com/images/I/51F8Fb3bNuL._SY300_.jpg", "price": 195.55, "numReviews": 8, "groups": [8], "averageRating": 4.125}, {"asin": "B006OALQ3K", "name": "DicaPac WP-410 Underwater Camera Case/Waterproof Housing 410 + Accessory Kit For Point & Shoot Digital Cameras", "imUrl": "http://ecx.images-amazon.com/images/I/41UXD3dLUJL._SX300_.jpg", "price": 16.94, "numReviews": 2, "groups": [9], "averageRating": 5.0}, {"asin": "B0049KOXLY", "name": "Gomadic Clean-n-Dry Waterproof Camera Case for the Kodak EasyShare M341 * unique floating design", "imUrl": "http://ecx.images-amazon.com/images/I/411zc09KuiL._SY300_.jpg", "price": 24.58, "numReviews": 1, "groups": [10], "averageRating": 4.0}, {"asin": "B004NT1300", "name": "Canon WP-DC41 Waterproof Underwater Housing Case for PowerShot Elph 300 HS Digital Camera", "imUrl": "http://ecx.images-amazon.com/images/I/51GELoiWxeL._SY300_.jpg", "price": 199.0, "numReviews": 25, "groups": [11], "averageRating": 4.24}, {"asin": "B002UDZZIW", "name": "Opteka Underwater Case/Housing for Canon EOS 1D, 5D, 7D, 10D, 20D, 30D, 40D, 50D, 60D, Rebel XT, XTi, XS, XSi, T1i & T2i Digital SLR Cameras", "imUrl": "http://ecx.images-amazon.com/images/I/41lJY1C8vvL._SY300_.jpg", "price": 79.95, "numReviews": 18, "groups": [12], "averageRating": 2.2222222222222223}, {"asin": "B000J4DGS0", "name": "Canon WP-DC9 WaterProof Case for Canon SD800 IS Digital Camera", "imUrl": "http://ecx.images-amazon.com/images/I/41NK321JW4L._SX300_.jpg", "price": 16.99, "numReviews": 51, "groups": [13], "averageRating": 4.862745098039215}, {"asin": "B001AOTJD4", "name": "Ewa-Marine EM U-BXP Underwated Housing for DSLR Cameras  (Clear)", "imUrl": "http://ecx.images-amazon.com/images/I/31h9jJv6lGL.jpg", "price": 394.91, "numReviews": 2, "groups": [14], "averageRating": 3.0}, {"asin": "B005C5I3VG", "name": "Polaroid Dive-Rated Waterproof Camera Housing For The Samsung ST30, ST65, ST76, ST80, ST90, ST93, ST95, ST100, ST200F, ST700, PL100, PL120, PL150, PL200, PL210, PL170, SH100, WB700,WB2000, TL205, TL210, TL350, MV800, DV300F Digital Cameras", "imUrl": "http://ecx.images-amazon.com/images/I/41yZw6QkYHL._SX300_.jpg", "price": 19.99, "numReviews": 8, "groups": [15], "averageRating": 2.75}, {"asin": "B009HMUDHM", "name": "EarlyBirdSavings DSLR SLR Camera Underwater Waterproof Housing Case Pouch Dry Bag Clear Blue", "imUrl": "http://ecx.images-amazon.com/images/I/41A1LiYh9-L._SY300_.jpg", "price": 6.5, "numReviews": 5, "groups": [16], "averageRating": 1.0}, {"asin": "B001SER4CY", "name": "Canon WP-DC31 PowerShot Waterproof Underwater Housing for Cameras  (Clear/Blue)", "imUrl": "http://ecx.images-amazon.com/images/I/516Q6igac9L._SY300_.jpg", "price": 19.99, "numReviews": 26, "groups": [17], "averageRating": 4.576923076923077}, {"asin": "B00A7L8H52", "name": "Ikelite 6242.11 Underwater Camera Housing for Canon Powershot S110 Digital Camera", "imUrl": "http://ecx.images-amazon.com/images/I/41aWpVdvYBL._SX300_.jpg", "price": 324.95, "numReviews": 2, "groups": [18], "averageRating": 4.0, "brand": "Ikelite"}, {"asin": "B000UC0UTY", "name": "Olympus ARM SHORT UW PTSA-02", "imUrl": "http://ecx.images-amazon.com/images/I/31QE6Oe%2B9VL._SY300_.jpg", "price": 33.35, "numReviews": 3, "groups": [19], "averageRating": 4.333333333333333, "brand": "Olympus"}, {"asin": "B001SER4DI", "name": "Canon WP-DC29 Waterproof Case for SD1200 IS Digital ELPH Camera", "imUrl": "http://ecx.images-amazon.com/images/I/51M2N5597hL._SY300_.jpg", "price": 19.99, "numReviews": 17, "groups": [20], "averageRating": 4.823529411764706}, {"asin": "B000UXQFIS", "name": "DiCAPac WP-110 Underwater Housing Case for Nikon Coolpix S200, S210, S500, S550, S600, S610, S61c, S700, S710 Digital Cameras", "imUrl": "http://ecx.images-amazon.com/images/I/41kkK9BxxDL._SY300_.jpg", "price": 27.98, "numReviews": 4, "groups": [21], "averageRating": 4.5}, {"asin": "B007OS2B08", "name": "Panasonic DMW-MCTZ30 Marine Case for Select Lumix Cameras (White/Clear)", "imUrl": "http://ecx.images-amazon.com/images/I/51uGqV2kj1L._SY300_.jpg", "price": 218.0, "numReviews": 4, "groups": [22], "averageRating": 4.0, "brand": "Panasonic"}, {"asin": "B004R26O0M", "name": "Gomadic Clean-n-Dry Waterproof Camera Case for the Sony Cyber-shot DSC-W230 * unique floating design", "imUrl": "http://ecx.images-amazon.com/images/I/41T3Z2XET7L._SY300_.jpg", "price": 24.95, "numReviews": 1, "groups": [23], "averageRating": 4.0}, {"asin": "B005EK3D78", "name": "Ikelite Underwater TTL Camera Housing for Panasonic Lumix DMCTS3 & FT3 Digital Cameras", "imUrl": "http://ecx.images-amazon.com/images/I/51Pnl-LGBcL._SY300_.jpg", "price": 239.95, "numReviews": 7, "groups": [24], "averageRating": 4.142857142857143, "brand": "Ikelite"}, {"asin": "B001G5ZTOU", "name": "Canon WP-DC26 Waterproof Case for Canon PowerShot SD880IS Digital Cameras", "imUrl": "http://ecx.images-amazon.com/images/I/51i8H%2BoV1RL._SX300_.jpg", "price": 199.99, "numReviews": 17, "groups": [25], "averageRating": 4.705882352941177, "brand": "Canon"}, {"asin": "B00E0G2NQE", "name": "Protective Housing Case Waterproof with Coated Glass Lens for Gopro Hero 1 and Gopro Hero 2", "imUrl": "http://ecx.images-amazon.com/images/I/51IRJZzO8QL._SY300_.jpg", "price": 20.95, "numReviews": 3, "groups": [26], "averageRating": 3.0}, {"asin": "B001WAKDKY", "name": "Sony MPK-THH Marine pack for DSC-T900", "imUrl": "http://ecx.images-amazon.com/images/I/41sP9RsqwIL._SY300_.jpg", "price": 17.12, "numReviews": 5, "groups": [27], "averageRating": 3.8}, {"asin": "B003172FFW", "name": "GoPro Replacement Housing for HD HERO and HERO2 Cameras", "imUrl": "http://ecx.images-amazon.com/images/I/41Hh-PACZ8L._SY300_.jpg", "price": 55.0, "numReviews": 53, "groups": [28], "averageRating": 4.509433962264151, "brand": "GoPro"}, {"asin": "B0037UANH0", "name": "Stylish Sealed Waterproof Digital Camera Bag for Underwater Swimming/Sports/Surfing/Skiing/Fishing, Protects Canon-Nikon-Kodak-Panasonic-Olympus-Sony Cameras", "imUrl": "http://ecx.images-amazon.com/images/I/31u8AoPTNvL.jpg", "price": 14.25, "numReviews": 6, "groups": [29], "averageRating": 2.3333333333333335}, {"asin": "B0049KQQZ0", "name": "Gomadic Clean-n-Dry Waterproof Camera Case for the Kodak EasyShare M340 * unique floating design", "imUrl": "http://ecx.images-amazon.com/images/I/41tlwoddidL._SY300_.jpg", "price": 24.8, "numReviews": 1, "groups": [30], "averageRating": 3.0}, {"asin": "B009FR11FM", "name": "Canon Waterproof Case WP-DC47 for PowerShot S110", "imUrl": "http://ecx.images-amazon.com/images/I/51OlNsupnvL._SY300_.jpg", "price": 232.67, "numReviews": 10, "groups": [31], "averageRating": 5.0, "brand": "Canon"}, {"asin": "B004FEZ9BW", "name": "Ikelite Compact Housing for Canon PowerShot S95 Digital Camera", "imUrl": "http://ecx.images-amazon.com/images/I/51p7yCRe7RL._SY300_.jpg", "price": 324.95, "numReviews": 7, "groups": [32], "averageRating": 4.571428571428571, "brand": "Ikelite"}, {"asin": "B001EBFKUO", "name": "Underwater Case for the Following Nikon Coolpix Digital Cameras: 3700, 4100, ...", "imUrl": "http://ecx.images-amazon.com/images/I/212jPHFMxRL.jpg", "price": 29.23, "numReviews": 1, "groups": [33], "averageRating": 3.0}, {"asin": "B004J0DL7Q", "name": "Panasonic DMW-MCTZ10 Marine Case Underwater Housing for Panasonic Lumix DMC-ZS5, DMC-ZS7 and DMC-TZ10", "imUrl": "http://ecx.images-amazon.com/images/I/31bNfFgC%2BVL.jpg", "price": 80.0, "numReviews": 5, "groups": [34], "averageRating": 4.6}, {"asin": "B009CJA1S6", "name": "AST Waterproof Diving Case Bag for Nikon DSLR Camera D3000 D3100 D5100 D5000 D90", "imUrl": "http://ecx.images-amazon.com/images/I/41rdz0n2HeL._SY300_.jpg", "price": 22.99, "numReviews": 2, "groups": [35], "averageRating": 1.0}, {"asin": "B002698G86", "name": "Waterproof digital camera case for Casio EX S100, 500, 600, 600D, 770, 880, E...", "imUrl": "http://ecx.images-amazon.com/images/I/41kkK9BxxDL._SY300_.jpg", "price": 35.5, "numReviews": 7, "groups": [36], "averageRating": 4.285714285714286}, {"asin": "B0044LXK3A", "name": "Aquapac Waterproof SLR Camera Case 458", "imUrl": "http://ecx.images-amazon.com/images/I/41jXqQ0AaSL._SX300_.jpg", "price": 104.79, "numReviews": 17, "groups": [37], "averageRating": 3.5294117647058822, "brand": "Aquapac"}, {"asin": "B00BBHKGZU", "name": "Dive-Rated Waterproof Camera Housing - Orange - For The Canon Powershot A4000 IS, A3500, A3400, A3300, A3200, A3100, A3000, A2500, A2400, A2300, A2200, A1200, A1100, A800, A495, A490, ELPH 530 HS, 520 HS, 510 HS, 500 HS, 320 HS, 310 HS, 300 HS, 130 HS, 115 HS, 100 HS, 110 HS, SD4000, SD3500, SD1400, SD1300, S95, SD940, SD960, SD970, SD980, SD1200, SD780, S100 Digital Cameras", "imUrl": "http://ecx.images-amazon.com/images/I/51GQhn1gtmL._SY300_.jpg", "price": 19.99, "numReviews": 1, "groups": [38], "averageRating": 2.0}, {"asin": "B002L0ELDY", "name": "DiCAPac WP-D20 Waterproof Camcorder Case", "imUrl": "http://ecx.images-amazon.com/images/I/51RuN1tL6oL._SY300_.jpg", "price": 7.95, "numReviews": 10, "groups": [39], "averageRating": 3.8}, {"asin": "B0002DF0FU", "name": "Canon WWDC1 Weight for Canon Waterproof and All Weather Cases", "imUrl": "http://ecx.images-amazon.com/images/I/41DJQPM2XJL._SX300_.jpg", "price": 22.99, "numReviews": 46, "groups": [40], "averageRating": 4.043478260869565, "brand": "Canon"}, {"asin": "B00ENKTHH0", "name": "Canon Waterproof Case WP-DC51 for PowerShot S120", "imUrl": "http://ecx.images-amazon.com/images/I/41r8bDhQMrL._SX300_.jpg", "price": 243.76, "numReviews": 2, "groups": [41], "averageRating": 5.0, "brand": "Canon"}, {"asin": "B001EBDZE2", "name": "Underwater Case for the Following Canon Powershot Digital Cameras: A60, A70, A75, A80, A85, A95, A420, A430, A460, A470, A510, A520", "imUrl": "http://ecx.images-amazon.com/images/I/71UOLnx1B3L._SX300_.gif", "price": 16.99, "numReviews": 2, "groups": [42], "averageRating": 3.5}, {"asin": "B007FDPI5C", "name": "Lightweight Underwater Camera Bag suitable for the Canon Powershot SD1200 IS Waterproof Protection", "imUrl": "http://ecx.images-amazon.com/images/I/41YOVoQWoLL._SY300_.jpg", "price": 24.67, "numReviews": 1, "groups": [43], "averageRating": 5.0}, {"asin": "B006OIUOPS", "name": "BINGO big SLR Waterproof Case Housing Pouch Bag White For Camera", "imUrl": "http://ecx.images-amazon.com/images/I/41Ok-4e09eL._SY300_.jpg", "price": 6.5, "numReviews": 8, "groups": [44], "averageRating": 2.5}, {"asin": "B001AD9Y4Y", "name": "DiCAPac WP-710 Alpha Underwater Waterproof Digital Camera Housing Case", "imUrl": "http://ecx.images-amazon.com/images/I/21hrBGQW6HL.jpg", "price": 23.94, "numReviews": 1, "groups": [45], "averageRating": 5.0, "brand": "DiCAPac"}, {"asin": "B005KO2QX0", "name": "Ikelite Underwater Camera Housing for Sony DSC-HX9V Digital Camera", "imUrl": "http://ecx.images-amazon.com/images/I/51jtZkwRagL._SY300_.jpg", "price": 379.95, "numReviews": 3, "groups": [46], "averageRating": 4.333333333333333}, {"asin": "B001B5Z4FE", "name": "Underwater Housing Camera Case for Samsung Digimax S730, S860, L830, L210, L110, L100, S85, NV40, NV30, NV24, & NV20 Digital Cameras", "imUrl": "http://ecx.images-amazon.com/images/I/31uEqEQaxRL._SY300_.jpg", "price": 24.25, "numReviews": 4, "groups": [47], "averageRating": 3.75}, {"asin": "B001EO0XW6", "name": "Sony APK-THA Aqty Pack for Sony DSC-T Series Digital Cameras", "imUrl": "http://ecx.images-amazon.com/images/I/41-P%2BF4LmVL._SX300_.jpg", "price": 19.99, "numReviews": 8, "groups": [48], "averageRating": 2.875}, {"asin": "B003NR1QI2", "name": "Underwater, Waterproof, Rain Snow Sand Dust Proof Housing Case for Nikon D3000, D5000, D90, D40, D60, D80, D70, D40x, D50, D70s, D300s, D700, D300, DX, D200, D100, D3s, D3x, D3, D1, D2x, L110, L100, P100, P90, P80", "imUrl": "http://ecx.images-amazon.com/images/I/41g2qPFhdIL._SY300_.jpg", "price": 25.99, "numReviews": 25, "groups": [49], "averageRating": 2.76}, {"asin": "B004TLK8GM", "name": "Panasonic DMW-MCTZ20 Marine Case for Select Lumix Cameras (White/Clear)", "imUrl": "http://ecx.images-amazon.com/images/I/51FB4KQv67L._SY300_.jpg", "price": 229.99, "numReviews": 15, "groups": [50], "averageRating": 4.666666666666667, "brand": "Panasonic"}, {"asin": "B003MTTAXE", "name": "Ikelite Underwater Camera Housing for Canon Powershot SD1400 IS, IXUS 130IS and IXY 400F Digital Cameras", "imUrl": "http://ecx.images-amazon.com/images/I/51MQ4Ui0qzL._SY300_.jpg", "price": 259.95, "numReviews": 4, "groups": [51], "averageRating": 4.5, "brand": "Ikelite"}, {"asin": "B0058MJWM2", "name": "Sony MPKTHK DSC Marine Pack for Digital Imaging Products", "imUrl": "http://ecx.images-amazon.com/images/I/510fZxu6DqL._SY300_.jpg", "price": 249.99, "numReviews": 5, "groups": [52], "averageRating": 3.6}, {"asin": "B001F8W69E", "name": "Dicapac Waterproof Digital Camera Case Olympus Stylus 10 15 20 25 30 40 40 Digital 300 400 500 600 700 780 800 820 830 840 1010 1020 Digital S Mini Verve S Casio Exilim EX-Z60 EX-Z70 EX-Z75 EX-Z77 EX-Z8 EX-Z9 EX-Z20 EX-Z80", "imUrl": "http://ecx.images-amazon.com/images/I/31uToOr-0UL._SY300_.jpg", "price": 29.95, "numReviews": 7, "groups": [53], "averageRating": 4.428571428571429}, {"asin": "B003NQVGME", "name": "Underwater, Waterproof, Rain Snow Sand Dust Proof Housing Case for Canon 450D, 1000D, 550D, 400D, 500D, 350D, Xsi, T1i, T2i, Xti, XS, XT, 50D, 40D, 10D, 20D, 1Ds, 1D Mark II, III, IV, 5D Mark II, SX20IS, SX10IS, SX1IS", "imUrl": "http://ecx.images-amazon.com/images/I/61NW9DOGfyL._SX300_.jpg", "price": 61.5, "numReviews": 2, "groups": [54], "averageRating": 1.5}, {"asin": "B001G52Z8I", "name": "Underwater Case for the Following Kodak Easyshare Digital Cameras: M753, M763...", "imUrl": "http://ecx.images-amazon.com/images/I/21TqnUfvH0L.jpg", "price": 29.23, "numReviews": 4, "groups": [55], "averageRating": 4.75}, {"asin": "B0026ROI3K", "name": "Underwater Waterproof case for Canon Powershot G5,G7,G9,G10,SX100IS", "imUrl": "http://ecx.images-amazon.com/images/I/51WFnT%2BGooL._SY300_.jpg", "price": 45.95, "numReviews": 5, "groups": [56], "averageRating": 3.2}, {"asin": "B004JP2WBM", "name": "Gomadic Clean-n-Dry Waterproof Camera Case for the Nikon Coolpix S8100 * unique floating design", "imUrl": "http://ecx.images-amazon.com/images/I/41HhQ-z2UXL._SY300_.jpg", "price": 24.83, "numReviews": 1, "groups": [57], "averageRating": 1.0}, {"asin": "B004TSCX9K", "name": "Canon WP-DC41 Waterproof Underwater Housing Case for PowerShot Elph 300 + Underwater Accessory Kit", "imUrl": "http://ecx.images-amazon.com/images/I/51oeyCIlaRL._SY300_.jpg", "price": 206.99, "numReviews": 1, "groups": [58], "averageRating": 4.0}, {"asin": "B00E1D2F28", "name": "Neewer Underwater Waterproof Housing Cover Lens Replacement Kit for Gopro HD Hero and Hero 2 Cameras", "imUrl": "http://ecx.images-amazon.com/images/I/41AXOiUkokL._SY300_.jpg", "price": 5.45, "numReviews": 1, "groups": [59], "averageRating": 4.0, "brand": "Neewer"}, {"asin": "B00HMQBGJE", "name": "Nikon 1 AW1 CF-N6000 Silicone Jacket (Orange) w/ Nikon Lens Pen Cleaning System", "imUrl": "http://ecx.images-amazon.com/images/I/41eYl0mnxXL._SY300_.jpg", "price": 36.96, "numReviews": 1, "groups": [60], "averageRating": 5.0}, {"asin": "B003A24KL0", "name": "Ikelite 5660.08 Underwater Housing for Kodak Zi8 Camcorder", "imUrl": "http://ecx.images-amazon.com/images/I/51Od07BdH3L._SY300_.jpg", "price": 99.95, "numReviews": 2, "groups": [61], "averageRating": 3.0}, {"asin": "B0026PYR1A", "name": "WP-H10: Underwater Waterproof case for Olympus SP-560uz, 550uz, 510uz, 500", "imUrl": "http://ecx.images-amazon.com/images/I/51WFnT%2BGooL._SY300_.jpg", "price": 64.85, "numReviews": 1, "groups": [62], "averageRating": 5.0}, {"asin": "B00HAQBTBG", "name": "Fantasea FG16 Underwater Housing for Canon PowerShot G16 Digital Camera", "imUrl": "http://ecx.images-amazon.com/images/I/51AsqWz3DVL._SY300_.jpg", "price": 399.95, "numReviews": 2, "groups": [63], "averageRating": 3.0, "brand": "Fantasea"}, {"asin": "B00269OW4S", "name": "Underwater Waterproof case for Sony Cybershot DSC N1,N2,W120,W130", "imUrl": "http://ecx.images-amazon.com/images/I/31ZMr8tuA9L._SY300_.jpg", "price": 14.25, "numReviews": 7, "groups": [64], "averageRating": 4.285714285714286}, {"asin": "B001E6RX2C", "name": "Underwater Case for the Following Canon Powershot Digital Cameras: Sd500, Sd550, 700is, 810is, 820is, 900, 950is, S500, 410", "imUrl": "http://ecx.images-amazon.com/images/I/212jPHFMxRL.jpg", "price": 29.95, "numReviews": 3, "groups": [65], "averageRating": 4.333333333333333}, {"asin": "B0073X66V4", "name": "Polaroid Dive-Rated Waterproof Camera Housing + Polaroid Floating Wrist Strap + Polaroid 5 Piece Camera Cleaning Kit + Polaroid Lenspen Lens Cleaner + Polaroid Super Blower For The Canon Powershot A4000 IS, A3400, A3300, A3200, A3100, A3000, A2400, A2300, A2200, A1200, A1100, A800, A495, A490, ELPH 530 HS, 520 HS, 510 HS, 500 HS, 320 HS, 310 HS, 300 HS, 100 HS, 110 HS, SD4000, SD3500, SD1400, SD1300, S95, SD940, SD960, SD970, SD980, SD1200, SD780, S100 Digital Cameras", "imUrl": "http://ecx.images-amazon.com/images/I/51sF8OH10VL._SY300_.jpg", "price": 29.99, "numReviews": 2, "groups": [66], "averageRating": 4.5}, {"asin": "B009Q0X4O4", "name": "Equinox Underwater DSLR Housing for Canon 5D MARK III with Customizable Lens", "imUrl": "http://ecx.images-amazon.com/images/I/41aBgBA-MyL._SX300_.jpg", "price": 61.5, "numReviews": 1, "groups": [67], "averageRating": 4.0}, {"asin": "B004R2CB1S", "name": "Lightweight Underwater Camera Bag suitable for the Sony Cyber-shot DSC-H70 Waterproof Protection", "imUrl": "http://ecx.images-amazon.com/images/I/41OxVG7TGqL._SY300_.jpg", "price": 24.45, "numReviews": 2, "groups": [68], "averageRating": 4.0}, {"asin": "B007G4QFKC", "name": "Professional Nereus Digital Camera Waterproof Underwater Case Model:WP400 for Nikon, Sony, Casio, Pentax, Olympus, Samsung etc. Digital Camera", "imUrl": "http://ecx.images-amazon.com/images/I/41G5Xb87bQL._SX300_.jpg", "price": 20.99, "numReviews": 1, "groups": [69], "averageRating": 5.0}, {"asin": "B007FDOUTM", "name": "Gomadic Waterproof Camera Protective Bag suitable for the Nikon Coolpix S630 - Unique Floating Design Keeps Camera Clean and Dry", "imUrl": "http://ecx.images-amazon.com/images/I/51E-Ca6BaRL._SY300_.jpg", "price": 24.87, "numReviews": 1, "groups": [70], "averageRating": 3.0}, {"asin": "B00EAX3V8Q", "name": "Seashell SS-G Waterproof Photo Housing 40m/130ft Underwater Case for Samsung Galaxy S4 and S3 Phones - Black", "imUrl": "http://ecx.images-amazon.com/images/I/41AlF5hJXeL._SX300_.jpg", "price": 149.95, "numReviews": 5, "groups": [71], "averageRating": 4.2}, {"asin": "B000V74S1Y", "name": "Canon WP-DC21 Underwater housing for Canon G9 Digital Cameras", "imUrl": "http://ecx.images-amazon.com/images/I/41ccgjxN8VL._SX300_.jpg", "price": 22.89, "numReviews": 35, "groups": [72], "averageRating": 4.485714285714286}, {"asin": "B001G5ZTYA", "name": "Canon WP-DC27 Waterproof Case for Canon PowerShot SD990IS Digital Cameras", "imUrl": "http://ecx.images-amazon.com/images/I/512jpHO8uhL._SX300_.jpg", "price": 19.99, "numReviews": 17, "groups": [73], "averageRating": 4.647058823529412}, {"asin": "B003OTYLNG", "name": "Ikelite Underwater TTL Camera Housing for the Nikon Coolpix L22 & L24 Digital Camera", "imUrl": "http://ecx.images-amazon.com/images/I/51iN4TOJzTL._SX300_.jpg", "price": 259.99, "numReviews": 4, "groups": [74], "averageRating": 4.75}, {"asin": "B00BNCNV6O", "name": "Canon WP-DC48 Waterproof Underwater Housing Case for PowerShot G15 Digital Camera with Battery + Case + Tripods + Accessory Kit", "imUrl": "http://ecx.images-amazon.com/images/I/51RoBfUDPIL._SY300_.jpg", "price": 239.0, "numReviews": 1, "groups": [75], "averageRating": 5.0}, {"asin": "B001G5ZTQS", "name": "Canon WP-DC28 Waterproof Case for Canon PowerShot G10 Digital Cameras", "imUrl": "http://ecx.images-amazon.com/images/I/419y%2BnHxlAL._SX300_.jpg", "price": 22.89, "numReviews": 36, "groups": [76], "averageRating": 4.527777777777778}, {"asin": "B00212S3TK", "name": "DiCAPac WPH10 Waterproof Case for High-End Cameras", "imUrl": "http://ecx.images-amazon.com/images/I/51qeyjGj%2B5L._SY300_.jpg", "price": 44.65, "numReviews": 37, "groups": [6], "averageRating": 3.7027027027027026, "brand": "DiCAPac"}, {"asin": "B00G24M86W", "name": "MegaGear 130ft 40m Underwater Waterproof case Housing with Foam Floating Wrist Strap for Canon Rebel T5i Digital SLR Camera and 18-55mm EF-S IS STM Lens (Canon EOS 700D)", "imUrl": "http://ecx.images-amazon.com/images/I/51%2B1-W8x2yL._SX300_.jpg", "price": 61.5, "numReviews": 1, "groups": [77], "averageRating": 5.0}, {"asin": "B0000AUR26", "name": "Canon Waterproof Case WP-DC10 for Powershot SD100 & SD110", "imUrl": "http://ecx.images-amazon.com/images/I/215JXGJB3TL.jpg", "price": 179.0, "numReviews": 4, "groups": [78], "averageRating": 5.0, "brand": "Canon"}, {"asin": "B0027HPJIC", "name": "Underwater Waterproof case for Casio Exilim EX-Z75,77,80,250,150", "imUrl": "http://ecx.images-amazon.com/images/I/31T7hrC-QqL._SX300_.jpg", "price": 29.95, "numReviews": 1, "groups": [79], "averageRating": 5.0}, {"asin": "B00DR97XMY", "name": "Koolertron 20M Underwater Waterproof Case DSLR SLR For Canon 6D 600D 650D Nikon D7100 D5200 D5100 D3200 (Black)", "imUrl": "http://ecx.images-amazon.com/images/I/419TjrIvtaL._SY300_.jpg", "price": 25.83, "numReviews": 9, "groups": [80], "averageRating": 2.5555555555555554}, {"asin": "B00IOJDTL6", "name": "Dslr SLR Camera Waterproof Underwater Housing Case Pouch Dry Bag for Canon Nikon (Transparent)", "imUrl": "http://ecx.images-amazon.com/images/I/41iDZSRYaZL._SX300_.jpg", "price": 61.5, "numReviews": 2, "groups": [81], "averageRating": 4.0}, {"asin": "B005AETJPI", "name": "Neewer Waterproof Digital Camera Pouch Dry Bag Beach Skin- Pink", "imUrl": "http://ecx.images-amazon.com/images/I/41K1XC9nljL._SY300_.jpg", "price": 9.95, "numReviews": 10, "groups": [82], "averageRating": 3.7, "brand": "Neewer"}, {"asin": "B0027I11CE", "name": "Dicapack Underwater Waterproof case for Nikon Coolpix S500,S510,S520,S560,S610C", "imUrl": "http://ecx.images-amazon.com/images/I/31T7hrC-QqL._SX300_.jpg", "price": 29.95, "numReviews": 1, "groups": [83], "averageRating": 4.0}, {"asin": "B001EB5T28", "name": "Underwater Case for the Following Canon Powershot Digital Cameras: Sd10, Sd20, Sd30, Sd40, Sd100, Sd110, Sd200, Sd300, Sd400, Sd430, Sd340, Sd600, Sd630", "imUrl": "http://ecx.images-amazon.com/images/I/212jPHFMxRL.jpg", "price": 16.99, "numReviews": 4, "groups": [84], "averageRating": 3.75}, {"asin": "B00GKOHUNK", "name": "Ikelite 6146.16 Underwater TTL Camera Housing for Canon Powershot G16 Digital Cameras", "imUrl": "http://ecx.images-amazon.com/images/I/310mPAbwppL.jpg", "price": 649.95, "numReviews": 1, "groups": [85], "averageRating": 4.0}, {"asin": "B005E1GWJ8", "name": "Underwater, Waterproof, Rain Snow Sand Dust Proof Camcorder Housing Case for Canon VIXIA HF M30, M31, M300, HF20, HF21, HF11, HF10, HF100", "imUrl": "http://ecx.images-amazon.com/images/I/41FH5qP1cRL._SX300_.jpg", "price": 17.12, "numReviews": 1, "groups": [86], "averageRating": 1.0}, {"asin": "B008MZD3M2", "name": "Polaroid Dive Rated Waperproof Pouch For The Nikon 1 J1, J2, J3, V1, V2, V3, S1, D40, D40x, D50, D60, D70, D80, D90, D100, D200, D300, D3, D3S, D700, D3000, D5000, D3100, D3200, D3300, D7000, D5100, D4, D4s, D800, D800E, D600, D610, D7100, D5200, D5300 Digital SLR Cameras", "imUrl": "http://ecx.images-amazon.com/images/I/41R17DDFAQL._SX300_.jpg", "price": 16.99, "numReviews": 2, "groups": [87], "averageRating": 1.5}, {"asin": "B0035FZJLW", "name": "Canon WP-DC36 Waterproof Case for Canon SD1300IS Digital Camera", "imUrl": "http://ecx.images-amazon.com/images/I/51%2B0-%2BY4bFL._SY300_.jpg", "price": 199.99, "numReviews": 16, "groups": [88], "averageRating": 4.25, "brand": "Canon"}, {"asin": "B008U4R542", "name": "Meike 40M/130ft Waterproof Underwater Case Housing Diving Canon G1X", "imUrl": "http://ecx.images-amazon.com/images/I/41uGcRkay1L._SY300_.jpg", "price": 269.0, "numReviews": 1, "groups": [89], "averageRating": 2.0}, {"asin": "B0012NQJA4", "name": "Underwater Case for the Following Canon Ixus, IXY & Powershot Digital Cameras: 600, 500, 450, 430, 400, S400, S410, A410, A420, A430, A450, A460", "imUrl": "http://ecx.images-amazon.com/images/I/410kOZ0OMCL._SY300_.jpg", "price": 29.31, "numReviews": 2, "groups": [90], "averageRating": 4.0}, {"asin": "B00192HQYG", "name": "Dicapac Waterproof Digital Camera Case Kodak Easyshare C340 C360 C875 CX6230 CX6330 CX7220 CX7330 CX7430 CX7530 DX4330 DX4530 DX6340 DX6440 DX7440 DX7630 LS443 Z885 Z1275 Kenko Z510 Kocom KDC-330", "imUrl": "http://ecx.images-amazon.com/images/I/41l9tUMjaoL._SY300_.jpg", "price": 14.25, "numReviews": 3, "groups": [91], "averageRating": 3.3333333333333335}, {"asin": "B002LITT4W", "name": "Canon WP-DC35 Underwater Housing for Canon PowerShot S90 Digital Camera", "imUrl": "http://ecx.images-amazon.com/images/I/51bOrmi7b5L._SY300_.jpg", "price": 189.0, "numReviews": 30, "groups": [92], "averageRating": 4.333333333333333, "brand": "Canon"}, {"asin": "B00ATQUQFE", "name": "Lightweight Underwater Camera Bag suitable for the Panasonic Lumix DMC-ZS3 Waterproof Protection", "imUrl": "http://ecx.images-amazon.com/images/I/411j8ikLchL._SY300_.jpg", "price": 24.75, "numReviews": 2, "groups": [93], "averageRating": 2.5}, {"asin": "B001F8Y1YW", "name": "Dicapac WP-510 Waterproof Digital Camera Case", "imUrl": "http://ecx.images-amazon.com/images/I/41vIILzE2zL._SY300_.jpg", "price": 16.99, "numReviews": 1, "groups": [94], "averageRating": 3.0}, {"asin": "B001F8U0UG", "name": "Dicapac Waterproof Digital Camera Case Nikon Coolpix 3700 4100 4600 S200 S210 S500 S510 S520 L10 L11 L12 L14 L15 L16 L18 Toshiba Alegretto 3330", "imUrl": "http://ecx.images-amazon.com/images/I/417yFbsBacL._SY300_.jpg", "price": 24.95, "numReviews": 3, "groups": [95], "averageRating": 4.333333333333333}, {"asin": "B000V72M3A", "name": "Canon WP-DC17 Underwater housing for Canon SD870IS Digital Cameras", "imUrl": "http://ecx.images-amazon.com/images/I/51nkxBg37FL._SY300_.jpg", "price": 162.95, "numReviews": 42, "groups": [96], "averageRating": 4.857142857142857}, {"asin": "B007RSU8K0", "name": "Ikelite 6148.26 Underwater Camera Housing for Canon Powershot SX-240 HS and SX260 HS Digital Cameras", "imUrl": "http://ecx.images-amazon.com/images/I/51UHuhuI%2B8L._SX300_.jpg", "price": 379.95, "numReviews": 3, "groups": [97], "averageRating": 4.333333333333333}, {"asin": "B001EBHGPG", "name": "Underwater Case for the Following Panasonic Lumix DMC Digital Cameras: Fx1, F...", "imUrl": "http://ecx.images-amazon.com/images/I/212jPHFMxRL.jpg", "price": 29.23, "numReviews": 2, "groups": [98], "averageRating": 3.5}, {"asin": "B00DCY2E4Q", "name": "Waterproof Underwater Housing Case for Camera Sony Cyber-shot DSC-RX100 LF208", "imUrl": "http://ecx.images-amazon.com/images/I/51kQzxsLQ5L._SY300_.jpg", "price": 199.99, "numReviews": 12, "groups": [8], "averageRating": 4.25}, {"asin": "B00EPCG0YO", "name": "Wild-us Waterproof Underwater Replacement Housing Case for Gopro HD Camera Hero 1 Hero 2", "imUrl": "http://ecx.images-amazon.com/images/I/41nA1oMlgxL._SX300_.jpg", "price": 14.98, "numReviews": 1, "groups": [99], "averageRating": 5.0}, {"asin": "B0012BT8TA", "name": "Aquapac Mini Waterproof Camera Case", "imUrl": "http://ecx.images-amazon.com/images/I/51uYffjYbML._SY300_.jpg", "price": 34.99, "numReviews": 22, "groups": [100], "averageRating": 4.090909090909091, "brand": "Aquapac"}, {"asin": "B000S8JNMK", "name": "DiCAPac WP-500 Waterproof / Underwater Case for Compact Digital Cameras", "imUrl": "http://ecx.images-amazon.com/images/I/41GVT1oXoIL._SY300_.jpg", "price": 24.99, "numReviews": 26, "groups": [101], "averageRating": 3.269230769230769, "brand": "DiCAPac"}, {"asin": "B00269AEXG", "name": "Underwater UW Waterproof Housing Case for Nikon Coolpix S620 S630 S600", "imUrl": "http://ecx.images-amazon.com/images/I/41fgMGcWpLL._SX300_.jpg", "price": 32.23, "numReviews": 2, "groups": [102], "averageRating": 1.5}, {"asin": "B002GOHTPM", "name": "My Aqua Case 6210 Waterproof Housing Case for Casio Exilim EX-S5, S10, S12, S770, S880, Z9, Z29, Z70, Z75, Z80, Z85, Z250, Z270, Z400, Z700, Kodak EasyShare M320, M340, M380, M763, M863, M883, M1033, M1063, M1073, M1093, Nikon Coolpix S220 S230 Compact Digital Cameras-Orange", "imUrl": "http://ecx.images-amazon.com/images/I/41bLK05UhBL._SY300_.jpg", "price": 19.99, "numReviews": 16, "groups": [103], "averageRating": 4.3125}, {"asin": "B0047R0UCK", "name": "Underwater, Waterproof, Rain Snow Sand Dust Proof Case for Canon PowerShot G5, G7, G9, G10, G11, SX100IS, SX200IS, SX120IS, SX210IS, SX110IS, S90", "imUrl": "http://ecx.images-amazon.com/images/I/41hd1TQxkaL._SY300_.jpg", "price": 33.23, "numReviews": 2, "groups": [104], "averageRating": 1.0}, {"asin": "B007FDPHG2", "name": "Lightweight Underwater Camera Bag suitable for the Canon Powershot SD1000 Waterproof Protection", "imUrl": "http://ecx.images-amazon.com/images/I/51GkpyHFslL._SY300_.jpg", "price": 24.67, "numReviews": 1, "groups": [105], "averageRating": 2.0}, {"asin": "B00EAX40P4", "name": "Seashell SS-G Waterproof Photo Housing 40m/130ft Underwater Case for Samsung Galaxy S4 and S3 Phones - Yellow", "imUrl": "http://ecx.images-amazon.com/images/I/41aHv1aaLmL._SX300_.jpg", "price": 99.95, "numReviews": 1, "groups": [106], "averageRating": 2.0}, {"asin": "B00AA00E2E", "name": "Polaroid Dive-Rated Large Waterproof Camera Housing For The Nikon Coolpix A, L21, L610, P7700, P7100, P7000, P6000, P5100, P5000, P330, P300, S8200, S8100, S8000, S9100, S9300, S9500, S800c, S31 Digital Camera", "imUrl": "http://ecx.images-amazon.com/images/I/41RWDotNU4L._SX300_.jpg", "price": 29.99, "numReviews": 6, "groups": [107], "averageRating": 2.0}, {"asin": "B0047R9SM8", "name": "Underwater, Waterproof, Rain Snow Sand Dust Proof Case for Panasonic DMC LX1, LX2, LX3, LZ1, TZ1, TZ2, TZ3, TZ4, TZ5, TZ5K, TZ4K, TZ5A, TZ5S, TZ3K, TZ3S, ZS7, ZS3, ZS1, ZS5, ZR1", "imUrl": "http://ecx.images-amazon.com/images/I/41hd1TQxkaL._SY300_.jpg", "price": 33.23, "numReviews": 1, "groups": [108], "averageRating": 1.0}, {"asin": "B0049KQOSY", "name": "Gomadic Waterproof Camera Protective Bag suitable for the Pure Digital Flip Video Mino - Unique Floating Design Keeps Camera Clean and Dry", "imUrl": "http://ecx.images-amazon.com/images/I/41dCzNs2G%2BL._SY300_.jpg", "price": 24.67, "numReviews": 2, "groups": [109], "averageRating": 2.0}, {"asin": "B007FDPEGK", "name": "Canon Powershot ELPH 300 HS compatible Gomadic Weatherproof Case Protection Designed Camera with Unique FloatableDesign", "imUrl": "http://ecx.images-amazon.com/images/I/41BWGiZafVL._SY300_.jpg", "price": 24.72, "numReviews": 1, "groups": [110], "averageRating": 3.0}, {"asin": "B009IFUWLK", "name": "Ikelite 6116.10 Underwater Camera Housing for Sony Cybershot RX100/B Digital Camera", "imUrl": "http://ecx.images-amazon.com/images/I/51nwr29Z0PL._SY300_.jpg", "price": 399.95, "numReviews": 1, "groups": [111], "averageRating": 1.0, "brand": "Ikelite"}, {"asin": "B00AQ67W2C", "name": "Polaroid Floating Wrist Strap (Red) For The Polaroid XS100, XS20, XS7 Action Cameras", "imUrl": "http://ecx.images-amazon.com/images/I/411DriTSzUL._SX300_.jpg", "price": 6.99, "numReviews": 1, "groups": [112], "averageRating": 5.0}, {"asin": "B009FR11N4", "name": "Canon Waterproof Case WP-DC48 for  PowerShot G15 Digital Camera", "imUrl": "http://ecx.images-amazon.com/images/I/51bA1Dx22LL._SY300_.jpg", "price": 239.0, "numReviews": 7, "groups": [113], "averageRating": 4.428571428571429}, {"asin": "B008MOVGUY", "name": "Polaroid Dive Rated Waperproof Pouch For Canon, Nikon, Sony, Pentax, Olympus, Panasonic Digital SLR Cameras", "imUrl": "http://ecx.images-amazon.com/images/I/41R17DDFAQL._SX300_.jpg", "price": 16.99, "numReviews": 3, "groups": [114], "averageRating": 1.6666666666666667}, {"asin": "B008CQLZR6", "name": "Polaroid Dive-Rated Waterproof Camera Housing For The Sony Cybershot DSC-TX66, TX55, TX200V, TX20, TX100V, TX10, T110, TX9, T99, TX5, TX7, TX1, T90, T900 Digital Cameras", "imUrl": "http://ecx.images-amazon.com/images/I/41M8UxXKevL._SY300_.jpg", "price": 19.99, "numReviews": 8, "groups": [115], "averageRating": 2.875}, {"asin": "B00G6CD75Q", "name": "Plastic Underwater Waterproof Case Housing Lock for Gopro HD Hero 2 - Black", "imUrl": "http://ecx.images-amazon.com/images/I/41tLbHpWvdL._SY300_.jpg", "price": 7.95, "numReviews": 6, "groups": [116], "averageRating": 4.0}, {"asin": "B005HG5ITK", "name": "Underwater, Waterproof, Rain Snow Sand Dust Proof Housing Case for Caon EOS 60D, 600D, T3i, 7D SLR DSLR Camera", "imUrl": "http://ecx.images-amazon.com/images/I/61TMYeJwVAL._SX300_.jpg", "price": 39.98, "numReviews": 3, "groups": [117], "averageRating": 2.3333333333333335}, {"asin": "B000UXKXNG", "name": "UNDERWATER WATERPROOF CASE FOR SONY DSC-W30 W40 W50 W7 W80 T10 P10 COMPACT DIGITAL CAMERAS", "imUrl": "http://ecx.images-amazon.com/images/I/41r0A2Mrt%2BL._SX300_.jpg", "price": 29.95, "numReviews": 13, "groups": [118], "averageRating": 4.076923076923077}, {"asin": "B000UXOFSK", "name": "Underwater Housing Case for Canon Powershot SD1100, SD1000, SD890IS, SD850IS, SD790IS SD770IS, SD750, SD630, Digital Cameras", "imUrl": "http://ecx.images-amazon.com/images/I/41TmwIuAfqL._SY300_.jpg", "price": 24.95, "numReviews": 80, "groups": [119], "averageRating": 3.9375}, {"asin": "B004AV3EAI", "name": "Ikelite TTL Underwater Housing for Canon PowerShot G12 & G11", "imUrl": "http://ecx.images-amazon.com/images/I/51gJTnCK-PL._SX300_.jpg", "price": 624.93, "numReviews": 4, "groups": [120], "averageRating": 5.0, "brand": "Ikelite"}, {"asin": "B001EAYX58", "name": "Underwater Case for the Following Canon Powershot", "imUrl": "http://ecx.images-amazon.com/images/I/418m3Cz49UL._SY300_.jpg", "price": 24.95, "numReviews": 6, "groups": [121], "averageRating": 4.0}, {"asin": "B005B2HLTA", "name": "Neewer Blue Waterproof Jacket/Case/Bag Cell Phone PDA Digital Camera", "imUrl": "http://ecx.images-amazon.com/images/I/41ZmJPKRzDL._SY300_.jpg", "price": 1.7, "numReviews": 3, "groups": [122], "averageRating": 4.0, "brand": "Neewer"}, {"asin": "B00G13DYKI", "name": "GoMax Red Underwater Replacement Housing for GoPro Hero3", "imUrl": "http://ecx.images-amazon.com/images/I/41fjlRQu-tL._SY300_.jpg", "price": 41.95, "numReviews": 2, "groups": [123], "averageRating": 3.5}, {"asin": "B004NT12Z6", "name": "Canon WP DC42 - Marine case for Canon Powershot SX220 & SX230 HS", "imUrl": "http://ecx.images-amazon.com/images/I/51JcRLPbUnL._SY300_.jpg", "price": 249.99, "numReviews": 24, "groups": [124], "averageRating": 4.5}, {"asin": "B001G6ZESA", "name": "Underwater Case for the Following Casio Exilim EX-Z Digital Cameras: 750, 850, 1000, 1050, 1080, 1200SR", "imUrl": "http://ecx.images-amazon.com/images/I/31IlY4IPRaL._SY300_.jpg", "price": 24.9, "numReviews": 2, "groups": [125], "averageRating": 4.5}, {"asin": "B007FDNLQA", "name": "Gomadic Clean-n-Dry Waterproof Protective Case for the Canon Powershot SX230 HS * unique floating design", "imUrl": "http://ecx.images-amazon.com/images/I/417hA%2BtiikL._SY300_.jpg", "price": 24.95, "numReviews": 3, "groups": [126], "averageRating": 3.3333333333333335}, {"asin": "B007RSULEI", "name": "Ikelite 6280.26 Underwater TTL Camera Housing for the Nikon Coolpix L26 and L28 Digital Cameras", "imUrl": "http://ecx.images-amazon.com/images/I/412i235K3CL._SX300_.jpg", "price": 279.95, "numReviews": 2, "groups": [127], "averageRating": 5.0, "brand": "Ikelite"}, {"asin": "B007FDNT7G", "name": "Lightweight Underwater Camera Bag suitable for the Nikon Coolpix AW100 Waterproof Protection", "imUrl": "http://ecx.images-amazon.com/images/I/41mpARCiPRL._SY300_.jpg", "price": 24.59, "numReviews": 2, "groups": [128], "averageRating": 2.0}, {"asin": "B001BSTJIO", "name": "DicaPac WP310 160x105mm Medium Alfa Waterproof Digital Camera Case with Optical Lens -Clear", "imUrl": "http://ecx.images-amazon.com/images/I/51Pgm83rlLL._SY300_.jpg", "price": 25.75, "numReviews": 112, "groups": [129], "averageRating": 4.151785714285714}, {"asin": "B00ENKTE1Y", "name": "Canon Waterproof Case WP-DC52 for PowerShot G16", "imUrl": "http://ecx.images-amazon.com/images/I/41J2bMY9kqL._SX300_.jpg", "price": 249.0, "numReviews": 2, "groups": [63], "averageRating": 2.0, "brand": "Canon"}, {"asin": "B003ULV6UO", "name": "Panasonic DMW-MCFT2 Marine Case for Select Lumix Cameras (White/Clear)", "imUrl": "http://ecx.images-amazon.com/images/I/51JmezU-8%2BL._SY300_.jpg", "price": 229.0, "numReviews": 5, "groups": [130], "averageRating": 4.8, "brand": "Panasonic"}, {"asin": "B00FA4ULNC", "name": "Nikon 1 AW1 GR-N6000 Camera Grip", "imUrl": "http://ecx.images-amazon.com/images/I/51nPCLkCLOL._SY300_.jpg", "price": 45.05, "numReviews": 2, "groups": [131], "averageRating": 3.0, "brand": "Nikon"}, {"asin": "B0044LTIQS", "name": "Aquapac Waterproof Mini Camera Case 408", "imUrl": "http://ecx.images-amazon.com/images/I/41GAArcSb6L._SY300_.jpg", "price": 29.95, "numReviews": 1, "groups": [132], "averageRating": 2.0, "brand": "Aquapac"}, {"asin": "B00D3I1BRW", "name": "MegaGear 130ft 40m Underwater Waterproof case Housing with Floating Wrist Strap for Canon PowerShot G15 WP-DC48", "imUrl": "http://ecx.images-amazon.com/images/I/51m0kVnM%2BwL._SY300_.jpg", "price": 189.99, "numReviews": 5, "groups": [113], "averageRating": 4.8}, {"asin": "B00GKOKD6Q", "name": "Ikelite 6242.12 Underwater Camera Housing for Canon Powershot S120 Digital Camera", "imUrl": "http://ecx.images-amazon.com/images/I/51x4e%2ByoxyL._SY300_.jpg", "price": 324.95, "numReviews": 1, "groups": [133], "averageRating": 3.0, "brand": "Ikelite"}, {"asin": "B00C2UGN16", "name": "DiCaPac Waterproof Case WP1 for Compact Point & Shoot and Zoom Lens Digital Cameras", "imUrl": "http://ecx.images-amazon.com/images/I/41UdUg1Xb6L._SY300_.jpg", "price": 24.9, "numReviews": 5, "groups": [134], "averageRating": 3.4}, {"asin": "B00H2N1LGU", "name": "MegaGear 130ft 40m Underwater Waterproof case Housing with Foam Floating Wrist Strap WP-DC51 for Canon PowerShot S120", "imUrl": "http://ecx.images-amazon.com/images/I/516No3gnykL._SX300_.jpg", "price": 189.99, "numReviews": 1, "groups": [135], "averageRating": 5.0}, {"asin": "B0012ZASQS", "name": "Canon WP-DC22 Waterproof Case for Canon PowerShot SD1100IS", "imUrl": "http://ecx.images-amazon.com/images/I/51EtcudjegL._SY300_.jpg", "price": 24.95, "numReviews": 45, "groups": [136], "averageRating": 4.666666666666667}, {"asin": "B00E2TXLEC", "name": "DiCAPac  WP-570  All Medium & Large Size Camera 100% Waterproof Cases", "imUrl": "http://ecx.images-amazon.com/images/I/41KXcF8uojL._SY300_.jpg", "price": 36.35, "numReviews": 1, "groups": [137], "averageRating": 5.0, "brand": "DiCAPac"}, {"asin": "B004R2FD8G", "name": "Gomadic Clean-n-Dry Waterproof Camera Case for the Sony Cyber-shot DSC-HX9V", "imUrl": "http://ecx.images-amazon.com/images/I/41UTXY%2BAnEL._SY300_.jpg", "price": 33.23, "numReviews": 5, "groups": [138], "averageRating": 2.4}, {"asin": "B00FA3T6BQ", "name": "CowboyStudio 40M/130feet Underwater Waterproof Cover Case Camera Housing for Canon WP-DC48 PowerShot G15", "imUrl": "http://ecx.images-amazon.com/images/I/41NTWsuAQvL._SY300_.jpg", "price": 170.0, "numReviews": 1, "groups": [139], "averageRating": 5.0, "brand": "CowboyStudio"}, {"asin": "B00FA4UO5W", "name": "Nikon 1 AW1 CF-N6000 Silicone Jacket (Khaki)", "imUrl": "http://ecx.images-amazon.com/images/I/41%2BrDPXuNmL._SX300_.jpg", "price": 746.95, "numReviews": 14, "groups": [140], "averageRating": 4.142857142857143}, {"asin": "B00838F5OC", "name": "Gomadic Waterproof Camera Protective Bag suitable for the Nikon Coolpix S9100 - Unique Floating Design Keeps Camera Clean and Dry", "imUrl": "http://ecx.images-amazon.com/images/I/41f0xQRiC9L._SY300_.jpg", "price": 24.47, "numReviews": 3, "groups": [141], "averageRating": 3.0}, {"asin": "B005E1HRTC", "name": "Underwater, Waterproof, Rain Snow Sand Dust Proof Camcorder Housing Case for Sony HDR-CX110, CX100, CX150, CX350V, CX500V, CX520V, CX300, XR150, XR100, XR520V, DCR-SR68, SR88, SR87, SR47, SR67", "imUrl": "http://ecx.images-amazon.com/images/I/41FH5qP1cRL._SX300_.jpg", "price": 17.12, "numReviews": 3, "groups": [142], "averageRating": 2.3333333333333335}, {"asin": "B005OAZCJ0", "name": "Canon WP-DC43 Underwater Housing for the Canon PowerShot S100", "imUrl": "http://ecx.images-amazon.com/images/I/51KxnTk%2BSnL._SY300_.jpg", "price": 219.95, "numReviews": 14, "groups": [143], "averageRating": 4.714285714285714}, {"asin": "B00D452SSK", "name": "MegaGear Diving Underwater Housing Case O-ring & Silicone Grease Kit for CANON Powershot S80, SD710, SD720, S90, S95, S200, S230, SD400, SD430, ELPH520, WP-DC1, WP-DC6, WP-DC16, WP-DC35, WP-DC38, WP-DC600, WP-DC800", "imUrl": "http://ecx.images-amazon.com/images/I/41GfB3BseIL._SX300_.jpg", "price": 25.99, "numReviews": 1, "groups": [144], "averageRating": 3.0}, {"asin": "B00FA4UNEE", "name": "Nikon 1 AW1 CF-N7000 Water-resistant Body Case", "imUrl": "http://ecx.images-amazon.com/images/I/41v5jTJg4xL._SX300_.jpg", "price": 36.96, "numReviews": 4, "groups": [145], "averageRating": 4.0}, {"asin": "B0048FFHTC", "name": "Vivitar YELLOW Floating Wrist Strap for UnderWater/WaterProof Cameras", "imUrl": "http://ecx.images-amazon.com/images/I/31x6xpVj34L._SX300_.jpg", "price": 5.44, "numReviews": 94, "groups": [146], "averageRating": 3.75531914893617, "brand": "Vivitar"}, {"asin": "B00ADJYE6Y", "name": "Ikelite 6146.15 Underwater Camera Housing for Canon Powershot G15 Digital Cameras", "imUrl": "http://ecx.images-amazon.com/images/I/51Of15k6U0L._SX300_.jpg", "price": 649.95, "numReviews": 1, "groups": [147], "averageRating": 5.0, "brand": "Ikelite"}, {"asin": "B002GE11YW", "name": "Dicapac Waterproof Digital Camera Case Sony Cybershot P1 P2 P5 P7 P8 DSC-P9 DSC-P10 DSC-P71 DSC-P72 DSC-P73 DSC-P92 DSC-P93 DSC-S60 DSC-S90 DSC-W1 DSC-W5 DSC-W7 DSC-W12 DSC-W15 Toshiba PDR-5300", "imUrl": "http://ecx.images-amazon.com/images/I/41l9tUMjaoL._SY300_.jpg", "price": 16.94, "numReviews": 5, "groups": [148], "averageRating": 4.0}, {"asin": "B000NSH15Q", "name": "Canon WP-DC14 Waterproof Case for Canon SD750 Digital Camera", "imUrl": "http://ecx.images-amazon.com/images/I/51-iDh9a7EL._SX300_.jpg", "price": 16.99, "numReviews": 41, "groups": [149], "averageRating": 4.560975609756097}, {"asin": "B000099SGU", "name": "Canon Waterproof Case WP-DC800 for Powershot S500, S410 and S400", "imUrl": "http://ecx.images-amazon.com/images/I/41QTQH33WEL._SX300_.jpg", "price": 19.99, "numReviews": 34, "groups": [150], "averageRating": 4.176470588235294}, {"asin": "B0027I6WDC", "name": "UNDERWATER WATERPROOF CASE FOR SONY CYBERSHOT DSC-N1 N2 P200 W35 W90 W120 W130 W200 COMPACT DIGITAL CAMEARS", "imUrl": "http://ecx.images-amazon.com/images/I/418m3Cz49UL._SY300_.jpg", "price": 24.25, "numReviews": 14, "groups": [151], "averageRating": 4.214285714285714}, {"asin": "B000Q2YF80", "name": "Canon WP-DC15 Waterproof Case for Canon SD850 Digital Camera", "imUrl": "http://ecx.images-amazon.com/images/I/51SLd3Z2VvL._SX300_.jpg", "price": 24.95, "numReviews": 22, "groups": [152], "averageRating": 4.7727272727272725}, {"asin": "B002LITT5G", "name": "Canon WP-DC34 Underwater Housing for Canon PowerShot G11/G12 Digital Camera", "imUrl": "http://ecx.images-amazon.com/images/I/51clddkHeDL._SY300_.jpg", "price": 8.76, "numReviews": 70, "groups": [5, 40, 153], "averageRating": 3.742857142857143}, {"asin": "B00EBPNC78", "name": "Skeleton Housing Without Lens for GoPro HD HERO / HD HERO2 Camera", "imUrl": "http://ecx.images-amazon.com/images/I/41h4ac8pdXL._SX300_.jpg", "price": 20.5, "numReviews": 9, "groups": [154], "averageRating": 4.333333333333333}, {"asin": "B004R2DQJO", "name": "Gomadic Clean-n-Dry Waterproof Camera Case for the Sony Cyber-shot DSC-W570 * unique floating design", "imUrl": "http://ecx.images-amazon.com/images/I/41qZbla7IoL._SY300_.jpg", "price": 24.56, "numReviews": 6, "groups": [155], "averageRating": 3.3333333333333335}, {"asin": "B000UXOFYY", "name": "UNDERWATER WATERPROOF CASE FOR OLYMPUS STYLUS 300 400 600 710 740 COMPACT DIGITAL CAMERAS", "imUrl": "http://ecx.images-amazon.com/images/I/418m3Cz49UL._SY300_.jpg", "price": 29.95, "numReviews": 6, "groups": [156], "averageRating": 5.0}, {"asin": "B007D3WCJO", "name": "Olympus PT-EP06 Underwater Housing For E-PM1 Digital Camera", "imUrl": "http://ecx.images-amazon.com/images/I/319jYaeLu0L.jpg", "price": 399.0, "numReviews": 3, "groups": [157], "averageRating": 2.6666666666666665, "brand": "Olympus"}, {"asin": "B002IQWWOG", "name": "Panasonic DMW-MCTZ7  Marine Case for Lumix Cameras (White/Clear)", "imUrl": "http://ecx.images-amazon.com/images/I/51wQGavoziL._SY300_.jpg", "price": 79.99, "numReviews": 8, "groups": [158], "averageRating": 4.75}, {"asin": "B00192ED8I", "name": "Dicapac Waterproof Digital Camera Case Nikon Coolpix 2200 3200 4200 5200 5600 5900 7600 7900 L2 L3 L4 L5 L6 P3 P4 Kyocera Finecam S3 Yashica EZ Digital 5030 Konica Minolta Revio KD-200Z KD-300Z", "imUrl": "http://ecx.images-amazon.com/images/I/410kOZ0OMCL._SY300_.jpg", "price": 29.95, "numReviews": 1, "groups": [159], "averageRating": 5.0}, {"asin": "B00DFYZXV4", "name": "Flylinktech Bingo Blue Underwater Camera Waterproof Dry Bag Case Jacket Diving Wp03", "imUrl": "http://ecx.images-amazon.com/images/I/416P2Alg%2BhL._SY300_.jpg", "price": 14.25, "numReviews": 1, "groups": [160], "averageRating": 2.0}, {"asin": "B00EEVBBC2", "name": "Underwater Waterproof Protective Housing Case For GoPro Hero 3 Camera", "imUrl": "http://ecx.images-amazon.com/images/I/51SD5upm6vL._SY300_.jpg", "price": 12.59, "numReviews": 9, "groups": [161], "averageRating": 2.6666666666666665}, {"asin": "B004R2A0RK", "name": "Lightweight Underwater Camera Bag suitable for the Sony Cyber-shot DSC-W220 Waterproof Protection", "imUrl": "http://ecx.images-amazon.com/images/I/41eTUVE2VPL._SY300_.jpg", "price": 24.7, "numReviews": 2, "groups": [162], "averageRating": 3.0}, {"asin": "B009LJRN10", "name": "DiCAPac WP-S5 Waterproof Underwater Housing Case with EN-EL14 Battery + LED Torch & Handstrap + Accessory Kit for Nikon D3100, D3200, D5100, D5200 Digital SLR Cameras", "imUrl": "http://ecx.images-amazon.com/images/I/51TqTL1SynL._SY300_.jpg", "price": 117.95, "numReviews": 1, "groups": [163], "averageRating": 5.0}, {"asin": "B008BO5VU6", "name": "Ikelite 6115.20 Underwater Camera Housing for Sony Cybershot HX20V/B and HX30/B Digital Cameras", "imUrl": "http://ecx.images-amazon.com/images/I/51WNDsR6mHL._SY300_.jpg", "price": 399.95, "numReviews": 3, "groups": [164], "averageRating": 4.333333333333333, "brand": "Ikelite"}, {"asin": "B002UDQSV0", "name": "Opteka UC-SLR Underwater Case/Housing for Digital SLR Cameras (Rated depth of 30 feet)", "imUrl": "http://ecx.images-amazon.com/images/I/41ArMnE-LaL.jpg", "price": 79.95, "numReviews": 5, "groups": [165], "averageRating": 2.0}, {"asin": "B0080P6RZY", "name": "Dive-Rated Waterproof Camera Housing - Green - For The Canon Powershot A4000 IS, A3500, A3400, A3300, A3200, A3100, A3000, A2500, A2400, A2300, A2200, A1200, A1100, A800, A495, A490, ELPH 530 HS, 520 HS, 510 HS, 500 HS, 320 HS, 310 HS, 300 HS, 130 HS, 115 HS, 100 HS, 110 HS, SD4000, SD3500, SD1400, SD1300, S95, SD940, SD960, SD970, SD980, SD1200, SD780, S100 Digital Cameras", "imUrl": "http://ecx.images-amazon.com/images/I/51dJ9LuaF6L._SY300_.jpg", "price": 19.99, "numReviews": 3, "groups": [166], "averageRating": 4.666666666666667}, {"asin": "B00192CGM8", "name": "Underwater Case for the Following Olympus Camedia Digital Cameras: C310z, C315z, X790, Fe130, Fe140, Fe170, Fe180, Fe200, Fe210, Fe220, Fe230, Fe240, Fe250, Fe270, Fe280, Fe290", "imUrl": "http://ecx.images-amazon.com/images/I/417yFbsBacL._SY300_.jpg", "price": 24.25, "numReviews": 4, "groups": [167], "averageRating": 4.25}, {"asin": "B006UN0SM6", "name": "Canon Waterproof Housing WP-DC44 for Canon PowerShot G1 X Digital Camera", "imUrl": "http://ecx.images-amazon.com/images/I/51MsqsZoUXL._SY300_.jpg", "price": 299.99, "numReviews": 3, "groups": [168], "averageRating": 5.0, "brand": "Canon"}, {"asin": "B0007ZGXNQ", "name": "Nikon WP-CP4 Waterproof Case for Coolpix 5900 & 7900 Digital Cameras (depth 130ft.)", "imUrl": "http://ecx.images-amazon.com/images/I/51931VFSEEL._SX300_.jpg", "price": 19.99, "numReviews": 5, "groups": [169], "averageRating": 4.2}, {"asin": "B001E090IS", "name": "DiCAPac WP-S10 Waterproof Case + LP-E5 Reachargeable Battery + Precision Design Accessory Kit for Canon EOS Rebel XS, XSi, T1i Digital SLR Cameras", "imUrl": "http://ecx.images-amazon.com/images/I/51h%2BXCiQVNL._SY300_.jpg", "price": 61.5, "numReviews": 1, "groups": [170], "averageRating": 5.0}, {"asin": "B009E8CU1Q", "name": "Oculus Red Dive Housing Filter", "imUrl": "http://ecx.images-amazon.com/images/I/31JhxO7KPEL._SX300_.jpg", "price": 35.0, "numReviews": 1, "groups": [171], "averageRating": 1.0}, {"asin": "B008MZD4GW", "name": "Polaroid Dive Rated Waperproof Pouch For The Various Sony Digital SLR Cameras", "imUrl": "http://ecx.images-amazon.com/images/I/41R17DDFAQL._SX300_.jpg", "price": 16.99, "numReviews": 1, "groups": [172], "averageRating": 1.0}, {"asin": "B00F42U8AQ", "name": "MegaGear 130ft 40m Underwater Waterproof case Housing with Foam Floating Wrist Strap for Sony DSC-RX100M II Cyber-shot Digital Still Camera", "imUrl": "http://ecx.images-amazon.com/images/I/51ARwI4LCrL._SY300_.jpg", "price": 199.99, "numReviews": 5, "groups": [8], "averageRating": 3.2}, {"asin": "B0019GV4MM", "name": "Panasonic DMW-MCTZ5 Marine Case for Panasonic TZ5, TZ4, TZ50", "imUrl": "http://ecx.images-amazon.com/images/I/41l04rOLqPL._SY300_.jpg", "price": 79.99, "numReviews": 29, "groups": [34], "averageRating": 4.9655172413793105, "brand": "Panasonic"}, {"asin": "B00E97YXTY", "name": "Beyondtek Underwater, Waterproof, Rain Snow Sand Dust Proof Housing Case for Nikon D3000, D5000, D90, D40, D60, D80, D70, D40x, D50, D70s, D300s, D700, D300, DX, D200, D100, D3s, D3x, D3, D1, D2x, L110, L100, P100, P90, P80", "imUrl": "http://ecx.images-amazon.com/images/I/41XTDLxqRHL._SY300_.jpg", "price": 29.99, "numReviews": 2, "groups": [173], "averageRating": 2.5}, {"asin": "B009QXFFDO", "name": "GoPro Replacement Housing", "imUrl": "http://ecx.images-amazon.com/images/I/41tidVywq%2BL._SY300_.jpg", "price": 41.99, "numReviews": 153, "groups": [174], "averageRating": 4.673202614379085, "brand": "GoPro"}, {"asin": "B00169HXW2", "name": "Dicapac USA Inc. WP-S10 Waterproof Case for Compact Digital Cameras (Dark Brown)", "imUrl": "http://ecx.images-amazon.com/images/I/51F0F6OG39L._SY300_.jpg", "price": 61.5, "numReviews": 110, "groups": [175], "averageRating": 3.418181818181818, "brand": "Dicapac USA Inc."}, {"asin": "B00336EHF2", "name": "Sony MPKWF DSC Marine Pack", "imUrl": "http://ecx.images-amazon.com/images/I/41WLzprUIfL._SY300_.jpg", "price": 19.99, "numReviews": 10, "groups": [176], "averageRating": 4.4}, {"asin": "B007FDPIJS", "name": "Canon Powershot SD1400 IS compatible Gomadic Weatherproof Case Protection Designed Camera with Unique FloatableDesign", "imUrl": "http://ecx.images-amazon.com/images/I/41JCis3rJaL._SY300_.jpg", "price": 24.63, "numReviews": 1, "groups": [177], "averageRating": 1.0}, {"asin": "B00FA4UNTY", "name": "Nikon 1 AW1 CF-N6000 Silicone Jacket (Black)", "imUrl": "http://ecx.images-amazon.com/images/I/41rNP-txzhL._SX300_.jpg", "price": 36.96, "numReviews": 14, "groups": [178], "averageRating": 4.142857142857143}, {"asin": "B007FDPGNQ", "name": "Canon Powershot S90 compatible Gomadic Weatherproof Case Protection Designed Camera with Unique FloatableDesign", "imUrl": "http://ecx.images-amazon.com/images/I/410rDs2CnrL._SY300_.jpg", "price": 24.9, "numReviews": 1, "groups": [179], "averageRating": 4.0}, {"asin": "B00BZMVX26", "name": "Panasonic DMW-MCFT5 Marine Case for Select Lumix Digital Cameras (White/Clear)", "imUrl": "http://ecx.images-amazon.com/images/I/51F61K2wqTL._SY300_.jpg", "price": 239.99, "numReviews": 2, "groups": [180], "averageRating": 4.5, "brand": "Panasonic"}, {"asin": "B00DVV88NG", "name": "iPhone 5 PRO Underwater Waterproof Housing Case & Red Filter & Buoyancy Strap Package by Watershot", "imUrl": "http://ecx.images-amazon.com/images/I/411vmdaKm3L._SX300_.jpg", "price": 239.98, "numReviews": 4, "groups": [181], "averageRating": 4.0}, {"asin": "B0028WIOLA", "name": "Ikelite WD-4 Wide Angle Conversion Dome to fit Ikelite Housings", "imUrl": "http://ecx.images-amazon.com/images/I/41f%2BBFwSKkL._SY300_.jpg", "price": 299.95, "numReviews": 1, "groups": [182], "averageRating": 4.0, "brand": "Ikelite"}, {"asin": "B0035FZJK8", "name": "Canon WP-DC37 Waterproof Case for Canon SD1400IS Digital Camera", "imUrl": "http://ecx.images-amazon.com/images/I/51ytXYzvBUL._SY300_.jpg", "price": 209.99, "numReviews": 26, "groups": [183], "averageRating": 4.153846153846154, "brand": "Canon"}, {"asin": "B007STXHTM", "name": "GoPro Dive Housing for HERO Cameras", "imUrl": "http://ecx.images-amazon.com/images/I/416Mju1GIYL._SY300_.jpg", "price": 10.99, "numReviews": 151, "groups": [184], "averageRating": 4.344370860927152}, {"asin": "B001F0NYDE", "name": "UNDERWATER WATERPROOF CASE FOR SONY CYBERSHOT DSC-P93 S90 T33 W15 COMPACT DIGITAL CAMERAS", "imUrl": "http://ecx.images-amazon.com/images/I/418m3Cz49UL._SY300_.jpg", "price": 33.0, "numReviews": 5, "groups": [185], "averageRating": 3.2}, {"asin": "B00FA4UOOI", "name": "Nikon 1 AW1 CF-N6000 Silicone Jacket (Orange)", "imUrl": "http://ecx.images-amazon.com/images/I/41hb7Iqu%2B%2BL._SX300_.jpg", "price": 36.96, "numReviews": 14, "groups": [145], "averageRating": 4.142857142857143, "brand": "Nikon"}, {"asin": "B004LQ1C1K", "name": "Sony SPKHCG Water-Resistant Housing for Camcorder", "imUrl": "http://ecx.images-amazon.com/images/I/31XJIWYW49L._SY300_.jpg", "price": 24.95, "numReviews": 4, "groups": [186], "averageRating": 4.75}, {"asin": "B005E1GLIA", "name": "Underwater, Waterproof, Rain Snow Sand Dust Proof Camcorder Housing Case for Canon VIXIA HF R100, R200, R10, R11, S10, S20, S30, S100", "imUrl": "http://ecx.images-amazon.com/images/I/41FH5qP1cRL._SX300_.jpg", "price": 56.52, "numReviews": 2, "groups": [187], "averageRating": 2.5}, {"asin": "B00GW8LNQY", "name": "MetroEB 20M Underwater Waterproof Rain Snow Sand Dust Proof Housing Bag Case DSLR SLR Canon 5D III 5D2 7D 60D 650D Nikon D700 CANON REBEL EOS T3i T2i T1i XT XTi XSi 60D 7D, NIKON D7000 D5100 D5000 D3200 D3000 D90 D80", "imUrl": "http://ecx.images-amazon.com/images/I/4154NuL%2BOyL._SY300_.jpg", "price": 16.77, "numReviews": 7, "groups": [175], "averageRating": 2.142857142857143}, {"asin": "B005APKJKG", "name": "Neewer White Waterproof Camera Jacket/Case/Bag For Digital SLR Camera", "imUrl": "http://ecx.images-amazon.com/images/I/41vM%2BwMxqBL._SY300_.jpg", "price": 16.99, "numReviews": 1, "groups": [188], "averageRating": 3.0}, {"asin": "B0015DNJKE", "name": "Canon WP-DC24 Waterproof Case for Canon Powershot SD790IS Digital Cameras", "imUrl": "http://ecx.images-amazon.com/images/I/51LLz6BW68L._SY300_.jpg", "price": 24.95, "numReviews": 24, "groups": [189], "averageRating": 4.791666666666667}, {"asin": "B005AQ451Y", "name": "NEEWER\u00ae Blue Underwater Waterproof Pouch Dry Bag Beach Case for Digital Cameras", "imUrl": "http://ecx.images-amazon.com/images/I/418iLfYtJ1L._SY300_.jpg", "price": 7.95, "numReviews": 77, "groups": [190], "averageRating": 3.3376623376623376, "brand": "NEEWER"}, {"asin": "B00G24WXNK", "name": "MegaGear 130ft 40m Underwater Waterproof case Housing with Foam Floating Wrist Strap for Canon PowerShot G16 WP-DC52", "imUrl": "http://ecx.images-amazon.com/images/I/51GKVBqWsFL._SX300_.jpg", "price": 199.99, "numReviews": 2, "groups": [191], "averageRating": 3.5}, {"asin": "B004SIHRP6", "name": "Olympus  PT-050 Under Water Housing for Xz-1 Digital Camera", "imUrl": "http://ecx.images-amazon.com/images/I/31qBuUFOSEL.jpg", "price": 25.0, "numReviews": 12, "groups": [192], "averageRating": 4.916666666666667}, {"asin": "B004NT131E", "name": "Canon WP-DC320L Waterproof Underwater Housing Case for PowerShot Elph 300 HS Camera", "imUrl": "http://ecx.images-amazon.com/images/I/41GSfMVokXL._SX300_.jpg", "price": 19.99, "numReviews": 42, "groups": [193], "averageRating": 3.9523809523809526}, {"asin": "B002GOHIQM", "name": "My Aqua Case 6810 Waterproof Housing Case for Canon PowerShot SD770, SD780, SD870, SD880, SD890, SD960, SD970, SD990, SD1100, SD1200, A1000, A2000 IS, Nikon Coolpix L18, L19, L20, Sony CyberShot DSC-W130, W150, W300, W730 Compact Digital Cameras-Orange", "imUrl": "http://ecx.images-amazon.com/images/I/41nI4zLteGL._SY300_.jpg", "price": 19.99, "numReviews": 6, "groups": [194], "averageRating": 3.0}, {"asin": "B004UTRP9Q", "name": "Panasonic Marine Case for Lumix TS3 Digital Camera - DMW-MCFT3", "imUrl": "http://ecx.images-amazon.com/images/I/51lQcFpGHVL._SY300_.jpg", "price": 225.0, "numReviews": 5, "groups": [195], "averageRating": 4.2, "brand": "Panasonic"}, {"asin": "B009CJ5QCM", "name": "AST Waterproof Diving Case Bag for Canon DSLR Camera 40D 50D 60D 450D 500D 550D 600D", "imUrl": "http://ecx.images-amazon.com/images/I/41rdz0n2HeL._SY300_.jpg", "price": 22.99, "numReviews": 4, "groups": [196], "averageRating": 3.0}, {"asin": "B006YFWNF0", "name": "Canon Waterproof Housing WP-DC330L for Canon PowerShot ELPH 110 HS Digital Cameras", "imUrl": "http://ecx.images-amazon.com/images/I/41f1jmuV91L._SX300_.jpg", "price": 19.99, "numReviews": 15, "groups": [197], "averageRating": 4.066666666666666}, {"asin": "B00EW9RCOW", "name": "Wild-us Skeleton Replacement Housing Case for Gopro HD Hero 1 Hero 2 Camera", "imUrl": "http://ecx.images-amazon.com/images/I/41-gtupJm2L._SX300_.jpg", "price": 18.45, "numReviews": 15, "groups": [198], "averageRating": 3.6}, {"asin": "B00AA00EXS", "name": "Polaroid Dive-Rated Large Waterproof Camera Housing For The Sony Cybershot RX100, HX30V, HX20V, HX10V, HX9V, HX7V, HX5, HX50V, H55, H70, H90 Digital Camera", "imUrl": "http://ecx.images-amazon.com/images/I/41RWDotNU4L._SX300_.jpg", "price": 29.99, "numReviews": 4, "groups": [199], "averageRating": 1.75}, {"asin": "B00508I8ZG", "name": "Ikelite Underwater Housing for Nikon S9100", "imUrl": "http://ecx.images-amazon.com/images/I/510BMCu1qML._SY300_.jpg", "price": 399.95, "numReviews": 3, "groups": [200], "averageRating": 4.666666666666667, "brand": "Ikelite"}, {"asin": "B00EBPNCTQ", "name": "Replacement Waterproof HD Housing Case for GoPro HD HERO and HD HERO2 Camera", "imUrl": "http://ecx.images-amazon.com/images/I/51GscX6XTXL._SY300_.jpg", "price": 15.55, "numReviews": 32, "groups": [201], "averageRating": 3.71875}, {"asin": "B008MZD27S", "name": "Polaroid Dive Rated Waperproof Pouch For The Canon Digital EOS Rebel T4i (650D), T3 (1100D), T3i (600D), T1i (500D), T2i (550D), XSI (450D), XS (1000D), XTI (400D), XT (350D), 1D C, 60D, 60Da, 50D, 40D, 30D, 20D, 10D, 5D, 1D X, 1D, 5D Mark 2, 5D Mark 3, 7D, 6D, EOS M Digital SLR Cameras", "imUrl": "http://ecx.images-amazon.com/images/I/41R17DDFAQL._SX300_.jpg", "price": 16.99, "numReviews": 3, "groups": [202], "averageRating": 3.0}, {"asin": "B00AVATN6G", "name": "Lightweight Underwater Camera Bag for the Kodak Zi8 Pocket Video Camera - Waterproof Protection for Up to 20 feet", "imUrl": "http://ecx.images-amazon.com/images/I/41UTCMAe06L._SY300_.jpg", "price": 24.47, "numReviews": 1, "groups": [203], "averageRating": 5.0}, {"asin": "B003IMQL9G", "name": "Olympus PT-EP01 Underwater Case for PEN E-PL1 Digital Camera (Rated for a Depth of 40m)", "imUrl": "http://ecx.images-amazon.com/images/I/41lT88fZXML.jpg", "price": 44.99, "numReviews": 5, "groups": [204], "averageRating": 4.8}, {"asin": "B001C20816", "name": "DicaPac WP410 (10.5x16.0cm) Small Zoom Alfa Waterproof Digital Camera Case with Optical Lens (Clear)", "imUrl": "http://ecx.images-amazon.com/images/I/41TmwIuAfqL._SY300_.jpg", "price": 16.94, "numReviews": 540, "groups": [205], "averageRating": 4.279629629629629}, {"asin": "B004R2A0XY", "name": "Gomadic Clean-n-Dry Waterproof Camera Case for the Sony Cyber-shot DSC-WX9 * unique floating design", "imUrl": "http://ecx.images-amazon.com/images/I/41kSOMkGX6L._SY300_.jpg", "price": 24.55, "numReviews": 2, "groups": [206], "averageRating": 3.0}, {"asin": "B0000DCW2V", "name": "Sealife Small  Moisture muncher 10 capsules, 1.5 grams each", "imUrl": "http://ecx.images-amazon.com/images/I/415w%2B3PRVTL._SY300_.jpg", "price": 8.61, "numReviews": 37, "groups": [153], "averageRating": 4.72972972972973}, {"asin": "B001PKUUEU", "name": "Sony SPK-HCE Sports Pack Waterproof Case for Camcorders", "imUrl": "http://ecx.images-amazon.com/images/I/41JI8nrQz7L._SY300_.jpg", "price": 17.25, "numReviews": 8, "groups": [207], "averageRating": 3.875}, {"asin": "B004WQHWEA", "name": "Ikelite Underwater TTL Camera Housing for Panasonic ZS8, ZS10, TZ18, TZ20 & TZ22 & Leica V-LUX 30 Digital Cameras", "imUrl": "http://ecx.images-amazon.com/images/I/51VA3O2DcqL._SY300_.jpg", "price": 379.95, "numReviews": 2, "groups": [208], "averageRating": 5.0}, {"asin": "B00F46KFIM", "name": "Canon WP-DC52 Waterproof Underwater Housing Case for PowerShot G16 Digital Camera with Battery + Case + Tripod + Accessory Kit", "imUrl": "http://ecx.images-amazon.com/images/I/51sOgV16ikL._SY300_.jpg", "price": 309.95, "numReviews": 1, "groups": [209], "averageRating": 5.0}, {"asin": "B000NSIKI8", "name": "Canon WP-DC13 Waterproof Case for Canon SD1000 Digital Camera", "imUrl": "http://ecx.images-amazon.com/images/I/41nJLCkX18L._SX300_.jpg", "price": 16.99, "numReviews": 41, "groups": [210], "averageRating": 4.780487804878049}, {"asin": "B0054L1SOM", "name": "Polaroid Floating Wrist Strap Orange for Underwater Waterproof Cameras Camcorders Housings", "imUrl": "http://ecx.images-amazon.com/images/I/41z9pxmF9YL._SX300_.jpg", "price": 7.99, "numReviews": 152, "groups": [211], "averageRating": 3.973684210526316, "brand": "Polaroid"}, {"asin": "B000UXMM4Y", "name": "UNDERWATER WATERPROOF CASE FOR CANON SD630 S110 S100 SD750 SD300 COMPACT DIGITAL CAMERAS", "imUrl": "http://ecx.images-amazon.com/images/I/418m3Cz49UL._SY300_.jpg", "price": 24.95, "numReviews": 3, "groups": [212], "averageRating": 4.333333333333333}, {"asin": "B005B1XOBK", "name": "Neewer Underwater Camera Waterproof Dry Jacket Case Lens Diving wp12", "imUrl": "http://ecx.images-amazon.com/images/I/41LELnEXeSL._SY300_.jpg", "price": 16.99, "numReviews": 10, "groups": [213], "averageRating": 2.7}, {"asin": "B002PF5VIY", "name": "GoPro HERO Standard Replacement Housing", "imUrl": "http://ecx.images-amazon.com/images/I/51FhmpFHzlL._SY300_.jpg", "price": 49.99, "numReviews": 8, "groups": [214], "averageRating": 3.75}, {"asin": "B002LITT7Y", "name": "Canon WP-DC33 Underwater Housing for Canon PowerShot SD940IS Digital Camera", "imUrl": "http://ecx.images-amazon.com/images/I/51dNpNBkY8L._SY300_.jpg", "price": 175.0, "numReviews": 5, "groups": [215], "averageRating": 5.0, "brand": "Canon"}, {"asin": "B004R2FD22", "name": "Lightweight Underwater Camera Bag suitable for the Sony Cyber-shot DSC-HX5V Waterproof Protection", "imUrl": "http://ecx.images-amazon.com/images/I/41MoImaSD7L._SY300_.jpg", "price": 24.92, "numReviews": 1, "groups": [216], "averageRating": 1.0}, {"asin": "B00D3HUCE6", "name": "MegaGear 130ft 40m Underwater Waterproof case Housing with Floating Wrist Strap for SONY DSC-RX100 RX100 Camera", "imUrl": "http://ecx.images-amazon.com/images/I/51m1Vb%2BcbfL._SX300_.jpg", "price": 189.99, "numReviews": 9, "groups": [217], "averageRating": 4.222222222222222}, {"asin": "B0012MWL20", "name": "Underwater case for the following CANON Powershot SX100IS", "imUrl": "http://ecx.images-amazon.com/images/I/51EOz5-QvzL._SY300_.jpg", "price": 63.25, "numReviews": 6, "groups": [218], "averageRating": 3.5}, {"asin": "B005C5GKFC", "name": "Polaroid Dive-Rated Waterproof Camera Housing For The Casio Exilim EX-Z2300, S7, S200, Z800, Z35, Z2000, Z550 Digital Cameras", "imUrl": "http://ecx.images-amazon.com/images/I/419q4S9aFvL._SX300_.jpg", "price": 19.99, "numReviews": 1, "groups": [219], "averageRating": 2.0}, {"asin": "B001FR6GF0", "name": "WP410: Underwater Case for Sony Cybershot DSC S40, S500, S600, S650, S700, S750, S780", "imUrl": "http://ecx.images-amazon.com/images/I/31zIHvauoIL._SY300_.jpg", "price": 24.99, "numReviews": 2, "groups": [220], "averageRating": 4.5}, {"asin": "B004NT130K", "name": "Canon Waterproof Camera Case WP-DC310L 5191B001", "imUrl": "http://ecx.images-amazon.com/images/I/41W%2BaNgK4jL._SX300_.jpg", "price": 67.54, "numReviews": 19, "groups": [221], "averageRating": 4.0, "brand": "Canon"}, {"asin": "B001TDD6IK", "name": "Waterproof Underwater Digital Camera Case Scuba Diving Surfing Swimming Accessories", "imUrl": "http://ecx.images-amazon.com/images/I/41eRx85duCL._SY300_.jpg", "price": 17.25, "numReviews": 5, "groups": [222], "averageRating": 3.8}, {"asin": "B00FDUUFRK", "name": "Canon Powershot ELPH 100 110 115 130 320 330 500 510 520 530 compatible Gomadic Weatherproof Case Protection Designed Camera with Unique FloatableDesign", "imUrl": "http://ecx.images-amazon.com/images/I/415JdAlpjNL._SY300_.jpg", "price": 24.57, "numReviews": 1, "groups": [223], "averageRating": 2.0}, {"asin": "B0042EPZMI", "name": "Ikelite Underwater Camera Housing for Sony HX5V and H55 Digital Cameras", "imUrl": "http://ecx.images-amazon.com/images/I/51-DNiMnUCL._SX300_.jpg", "price": 324.95, "numReviews": 3, "groups": [224], "averageRating": 4.666666666666667}, {"asin": "B007FYJXBG", "name": "MPKWH Underwater Case for Camera - Transparent, Black", "imUrl": "http://ecx.images-amazon.com/images/I/41MTi%2BjyF9L._SX300_.jpg", "price": 19.99, "numReviews": 4, "groups": [225], "averageRating": 3.75}], "links": [{"source": 0, "target": 213, "right": true, "left": false, "value": 1}, {"source": 1, "target": 109, "right": true, "left": false, "value": 1}, {"source": 2, "target": 181, "right": true, "left": false, "value": 1}, {"source": 3, "target": 56, "right": false, "left": true, "value": 1}, {"source": 3, "target": 126, "right": false, "left": true, "value": 1}, {"source": 4, "target": 220, "right": true, "left": false, "value": 1}, {"source": 5, "target": 40, "right": true, "left": false, "value": 1}, {"source": 5, "target": 157, "right": true, "left": true, "value": 1}, {"source": 5, "target": 215, "right": true, "left": false, "value": 1}, {"source": 6, "target": 77, "right": true, "left": true, "value": 1}, {"source": 6, "target": 181, "right": true, "left": false, "value": 1}, {"source": 7, "target": 187, "right": true, "left": false, "value": 1}, {"source": 8, "target": 177, "right": true, "left": true, "value": 1}, {"source": 8, "target": 226, "right": false, "left": true, "value": 1}, {"source": 8, "target": 100, "right": true, "left": true, "value": 1}, {"source": 9, "target": 131, "right": true, "left": false, "value": 1}, {"source": 9, "target": 213, "right": true, "left": false, "value": 1}, {"source": 10, "target": 213, "right": true, "left": false, "value": 1}, {"source": 11, "target": 58, "right": false, "left": true, "value": 1}, {"source": 11, "target": 213, "right": true, "left": false, "value": 1}, {"source": 12, "target": 169, "right": false, "left": true, "value": 1}, {"source": 12, "target": 195, "right": true, "left": false, "value": 1}, {"source": 12, "target": 181, "right": true, "left": false, "value": 1}, {"source": 13, "target": 213, "right": true, "left": false, "value": 1}, {"source": 14, "target": 181, "right": true, "left": false, "value": 1}, {"source": 15, "target": 213, "right": true, "left": false, "value": 1}, {"source": 15, "target": 47, "right": false, "left": true, "value": 1}, {"source": 16, "target": 49, "right": true, "left": false, "value": 1}, {"source": 16, "target": 181, "right": true, "left": false, "value": 1}, {"source": 17, "target": 213, "right": true, "left": false, "value": 1}, {"source": 18, "target": 31, "right": true, "left": false, "value": 1}, {"source": 19, "target": 200, "right": true, "left": false, "value": 1}, {"source": 20, "target": 213, "right": true, "left": false, "value": 1}, {"source": 21, "target": 213, "right": true, "left": false, "value": 1}, {"source": 22, "target": 217, "right": false, "left": true, "value": 1}, {"source": 22, "target": 34, "right": false, "left": true, "value": 1}, {"source": 22, "target": 50, "right": false, "left": true, "value": 1}, {"source": 23, "target": 213, "right": true, "left": false, "value": 1}, {"source": 24, "target": 203, "right": true, "left": false, "value": 1}, {"source": 25, "target": 213, "right": true, "left": false, "value": 1}, {"source": 26, "target": 209, "right": true, "left": false, "value": 1}, {"source": 26, "target": 28, "right": true, "left": false, "value": 1}, {"source": 27, "target": 52, "right": true, "left": false, "value": 1}, {"source": 28, "target": 101, "right": false, "left": true, "value": 1}, {"source": 28, "target": 206, "right": false, "left": true, "value": 1}, {"source": 28, "target": 209, "right": true, "left": false, "value": 1}, {"source": 28, "target": 190, "right": true, "left": false, "value": 1}, {"source": 28, "target": 223, "right": false, "left": true, "value": 1}, {"source": 29, "target": 83, "right": true, "left": false, "value": 1}, {"source": 29, "target": 213, "right": true, "left": false, "value": 1}, {"source": 30, "target": 213, "right": true, "left": false, "value": 1}, {"source": 31, "target": 147, "right": false, "left": true, "value": 1}, {"source": 32, "target": 215, "right": true, "left": false, "value": 1}, {"source": 33, "target": 213, "right": true, "left": false, "value": 1}, {"source": 34, "target": 162, "right": false, "left": true, "value": 1}, {"source": 34, "target": 178, "right": true, "left": true, "value": 1}, {"source": 35, "target": 49, "right": true, "left": false, "value": 1}, {"source": 35, "target": 181, "right": true, "left": false, "value": 1}, {"source": 36, "target": 131, "right": true, "left": false, "value": 1}, {"source": 36, "target": 213, "right": true, "left": false, "value": 1}, {"source": 37, "target": 181, "right": true, "left": false, "value": 1}, {"source": 38, "target": 220, "right": true, "left": false, "value": 1}, {"source": 39, "target": 213, "right": true, "left": false, "value": 1}, {"source": 40, "target": 72, "right": false, "left": true, "value": 1}, {"source": 40, "target": 76, "right": false, "left": true, "value": 1}, {"source": 40, "target": 148, "right": false, "left": true, "value": 1}, {"source": 40, "target": 157, "right": true, "left": true, "value": 1}, {"source": 40, "target": 93, "right": true, "left": false, "value": 1}, {"source": 41, "target": 137, "right": false, "left": true, "value": 1}, {"source": 41, "target": 139, "right": false, "left": true, "value": 1}, {"source": 42, "target": 213, "right": true, "left": false, "value": 1}, {"source": 43, "target": 213, "right": true, "left": false, "value": 1}, {"source": 44, "target": 49, "right": true, "left": false, "value": 1}, {"source": 44, "target": 181, "right": true, "left": false, "value": 1}, {"source": 45, "target": 213, "right": true, "left": false, "value": 1}, {"source": 46, "target": 213, "right": true, "left": false, "value": 1}, {"source": 47, "target": 213, "right": true, "left": false, "value": 1}, {"source": 48, "target": 213, "right": true, "left": false, "value": 1}, {"source": 48, "target": 117, "right": true, "left": false, "value": 1}, {"source": 49, "target": 195, "right": true, "left": false, "value": 1}, {"source": 49, "target": 82, "right": false, "left": true, "value": 1}, {"source": 49, "target": 179, "right": false, "left": true, "value": 1}, {"source": 49, "target": 116, "right": false, "left": true, "value": 1}, {"source": 49, "target": 181, "right": true, "left": false, "value": 1}, {"source": 49, "target": 54, "right": false, "left": true, "value": 1}, {"source": 49, "target": 88, "right": false, "left": true, "value": 1}, {"source": 50, "target": 217, "right": false, "left": true, "value": 1}, {"source": 51, "target": 213, "right": true, "left": false, "value": 1}, {"source": 51, "target": 189, "right": true, "left": false, "value": 1}, {"source": 53, "target": 213, "right": true, "left": false, "value": 1}, {"source": 54, "target": 181, "right": true, "left": false, "value": 1}, {"source": 55, "target": 213, "right": true, "left": false, "value": 1}, {"source": 57, "target": 213, "right": true, "left": false, "value": 1}, {"source": 57, "target": 109, "right": true, "left": false, "value": 1}, {"source": 59, "target": 209, "right": true, "left": false, "value": 1}, {"source": 60, "target": 192, "right": true, "left": false, "value": 1}, {"source": 61, "target": 102, "right": true, "left": false, "value": 1}, {"source": 62, "target": 77, "right": true, "left": false, "value": 1}, {"source": 63, "target": 132, "right": true, "left": true, "value": 1}, {"source": 63, "target": 86, "right": false, "left": true, "value": 1}, {"source": 63, "target": 199, "right": false, "left": true, "value": 1}, {"source": 64, "target": 155, "right": true, "left": false, "value": 1}, {"source": 65, "target": 131, "right": true, "left": false, "value": 1}, {"source": 65, "target": 213, "right": true, "left": false, "value": 1}, {"source": 66, "target": 220, "right": true, "left": false, "value": 1}, {"source": 67, "target": 181, "right": true, "left": false, "value": 1}, {"source": 68, "target": 213, "right": true, "left": false, "value": 1}, {"source": 69, "target": 213, "right": true, "left": false, "value": 1}, {"source": 70, "target": 104, "right": false, "left": true, "value": 1}, {"source": 71, "target": 108, "right": true, "left": false, "value": 1}, {"source": 73, "target": 213, "right": true, "left": false, "value": 1}, {"source": 74, "target": 129, "right": true, "left": false, "value": 1}, {"source": 74, "target": 213, "right": true, "left": false, "value": 1}, {"source": 75, "target": 136, "right": true, "left": false, "value": 1}, {"source": 75, "target": 115, "right": true, "left": false, "value": 1}, {"source": 76, "target": 157, "right": true, "left": false, "value": 1}, {"source": 77, "target": 181, "right": true, "left": false, "value": 1}, {"source": 77, "target": 176, "right": false, "left": true, "value": 1}, {"source": 78, "target": 181, "right": true, "left": false, "value": 1}, {"source": 79, "target": 213, "right": true, "left": false, "value": 1}, {"source": 80, "target": 213, "right": true, "left": false, "value": 1}, {"source": 81, "target": 195, "right": true, "left": false, "value": 1}, {"source": 81, "target": 181, "right": true, "left": false, "value": 1}, {"source": 82, "target": 181, "right": true, "left": false, "value": 1}, {"source": 83, "target": 213, "right": true, "left": false, "value": 1}, {"source": 84, "target": 213, "right": true, "left": false, "value": 1}, {"source": 85, "target": 121, "right": true, "left": false, "value": 1}, {"source": 85, "target": 213, "right": true, "left": false, "value": 1}, {"source": 86, "target": 188, "right": true, "left": false, "value": 1}, {"source": 87, "target": 194, "right": true, "left": false, "value": 1}, {"source": 88, "target": 181, "right": true, "left": false, "value": 1}, {"source": 89, "target": 213, "right": true, "left": false, "value": 1}, {"source": 90, "target": 172, "right": true, "left": false, "value": 1}, {"source": 91, "target": 213, "right": true, "left": false, "value": 1}, {"source": 92, "target": 213, "right": true, "left": false, "value": 1}, {"source": 94, "target": 213, "right": true, "left": false, "value": 1}, {"source": 95, "target": 213, "right": true, "left": false, "value": 1}, {"source": 96, "target": 213, "right": true, "left": false, "value": 1}, {"source": 97, "target": 213, "right": true, "left": false, "value": 1}, {"source": 98, "target": 213, "right": true, "left": false, "value": 1}, {"source": 99, "target": 213, "right": true, "left": false, "value": 1}, {"source": 100, "target": 177, "right": true, "left": true, "value": 1}, {"source": 100, "target": 226, "right": false, "left": true, "value": 1}, {"source": 100, "target": 113, "right": false, "left": true, "value": 1}, {"source": 101, "target": 209, "right": true, "left": false, "value": 1}, {"source": 102, "target": 213, "right": true, "left": false, "value": 1}, {"source": 102, "target": 211, "right": false, "left": true, "value": 1}, {"source": 103, "target": 213, "right": true, "left": false, "value": 1}, {"source": 105, "target": 213, "right": true, "left": false, "value": 1}, {"source": 106, "target": 213, "right": true, "left": false, "value": 1}, {"source": 107, "target": 121, "right": true, "left": false, "value": 1}, {"source": 107, "target": 213, "right": true, "left": false, "value": 1}, {"source": 110, "target": 213, "right": true, "left": false, "value": 1}, {"source": 111, "target": 213, "right": true, "left": false, "value": 1}, {"source": 112, "target": 213, "right": true, "left": false, "value": 1}, {"source": 114, "target": 220, "right": true, "left": false, "value": 1}, {"source": 115, "target": 136, "right": true, "left": true, "value": 1}, {"source": 115, "target": 151, "right": false, "left": true, "value": 1}, {"source": 115, "target": 143, "right": false, "left": true, "value": 1}, {"source": 116, "target": 196, "right": false, "left": true, "value": 1}, {"source": 117, "target": 213, "right": true, "left": false, "value": 1}, {"source": 118, "target": 180, "right": true, "left": false, "value": 1}, {"source": 119, "target": 195, "right": true, "left": false, "value": 1}, {"source": 119, "target": 181, "right": true, "left": false, "value": 1}, {"source": 120, "target": 225, "right": false, "left": true, "value": 1}, {"source": 120, "target": 213, "right": true, "left": false, "value": 1}, {"source": 121, "target": 197, "right": false, "left": true, "value": 1}, {"source": 121, "target": 202, "right": false, "left": true, "value": 1}, {"source": 121, "target": 140, "right": false, "left": true, "value": 1}, {"source": 121, "target": 213, "right": true, "left": false, "value": 1}, {"source": 121, "target": 153, "right": false, "left": true, "value": 1}, {"source": 121, "target": 156, "right": false, "left": true, "value": 1}, {"source": 122, "target": 157, "right": true, "left": false, "value": 1}, {"source": 122, "target": 215, "right": true, "left": false, "value": 1}, {"source": 123, "target": 131, "right": true, "left": false, "value": 1}, {"source": 124, "target": 198, "right": true, "left": false, "value": 1}, {"source": 125, "target": 180, "right": true, "left": false, "value": 1}, {"source": 127, "target": 138, "right": true, "left": false, "value": 1}, {"source": 128, "target": 213, "right": true, "left": false, "value": 1}, {"source": 130, "target": 220, "right": true, "left": false, "value": 1}, {"source": 131, "target": 213, "right": true, "left": false, "value": 1}, {"source": 132, "target": 218, "right": false, "left": true, "value": 1}, {"source": 132, "target": 199, "right": false, "left": true, "value": 1}, {"source": 133, "target": 186, "right": true, "left": false, "value": 1}, {"source": 134, "target": 149, "right": true, "left": false, "value": 1}, {"source": 135, "target": 213, "right": true, "left": false, "value": 1}, {"source": 136, "target": 151, "right": false, "left": true, "value": 1}, {"source": 136, "target": 143, "right": false, "left": true, "value": 1}, {"source": 138, "target": 213, "right": true, "left": false, "value": 1}, {"source": 140, "target": 213, "right": true, "left": false, "value": 1}, {"source": 141, "target": 213, "right": true, "left": false, "value": 1}, {"source": 142, "target": 213, "right": true, "left": false, "value": 1}, {"source": 144, "target": 149, "right": true, "left": false, "value": 1}, {"source": 145, "target": 208, "right": false, "left": true, "value": 1}, {"source": 146, "target": 216, "right": false, "left": true, "value": 1}, {"source": 149, "target": 192, "right": true, "left": true, "value": 1}, {"source": 149, "target": 184, "right": false, "left": true, "value": 1}, {"source": 150, "target": 220, "right": true, "left": false, "value": 1}, {"source": 152, "target": 213, "right": true, "left": false, "value": 1}, {"source": 153, "target": 213, "right": true, "left": false, "value": 1}, {"source": 154, "target": 213, "right": true, "left": false, "value": 1}, {"source": 155, "target": 213, "right": true, "left": false, "value": 1}, {"source": 156, "target": 213, "right": true, "left": false, "value": 1}, {"source": 157, "target": 215, "right": true, "left": true, "value": 1}, {"source": 158, "target": 209, "right": true, "left": false, "value": 1}, {"source": 158, "target": 206, "right": false, "left": true, "value": 1}, {"source": 159, "target": 213, "right": true, "left": false, "value": 1}, {"source": 160, "target": 213, "right": true, "left": false, "value": 1}, {"source": 161, "target": 212, "right": false, "left": true, "value": 1}, {"source": 162, "target": 178, "right": false, "left": true, "value": 1}, {"source": 163, "target": 213, "right": true, "left": false, "value": 1}, {"source": 164, "target": 213, "right": true, "left": false, "value": 1}, {"source": 165, "target": 180, "right": true, "left": false, "value": 1}, {"source": 166, "target": 213, "right": true, "left": false, "value": 1}, {"source": 167, "target": 181, "right": true, "left": false, "value": 1}, {"source": 168, "target": 213, "right": true, "left": false, "value": 1}, {"source": 169, "target": 181, "right": true, "left": false, "value": 1}, {"source": 170, "target": 213, "right": true, "left": false, "value": 1}, {"source": 171, "target": 213, "right": true, "left": false, "value": 1}, {"source": 173, "target": 213, "right": true, "left": false, "value": 1}, {"source": 174, "target": 181, "right": true, "left": false, "value": 1}, {"source": 175, "target": 190, "right": true, "left": false, "value": 1}, {"source": 177, "target": 226, "right": false, "left": true, "value": 1}, {"source": 179, "target": 181, "right": true, "left": false, "value": 1}, {"source": 180, "target": 223, "right": false, "left": true, "value": 1}, {"source": 181, "target": 195, "right": true, "left": true, "value": 1}, {"source": 181, "target": 204, "right": false, "left": true, "value": 1}, {"source": 181, "target": 210, "right": false, "left": true, "value": 1}, {"source": 182, "target": 234, "right": true, "left": false, "value": 1}, {"source": 183, "target": 213, "right": true, "left": false, "value": 1}, {"source": 185, "target": 213, "right": true, "left": false, "value": 1}, {"source": 188, "target": 215, "right": true, "left": false, "value": 1}, {"source": 189, "target": 213, "right": true, "left": false, "value": 1}, {"source": 191, "target": 213, "right": true, "left": false, "value": 1}, {"source": 193, "target": 216, "right": true, "left": false, "value": 1}, {"source": 195, "target": 210, "right": false, "left": true, "value": 1}, {"source": 197, "target": 213, "right": true, "left": false, "value": 1}, {"source": 198, "target": 213, "right": true, "left": false, "value": 1}, {"source": 198, "target": 222, "right": false, "left": true, "value": 1}, {"source": 198, "target": 231, "right": false, "left": true, "value": 1}, {"source": 201, "target": 213, "right": true, "left": false, "value": 1}, {"source": 202, "target": 213, "right": true, "left": false, "value": 1}, {"source": 205, "target": 213, "right": true, "left": false, "value": 1}, {"source": 206, "target": 209, "right": true, "left": false, "value": 1}, {"source": 207, "target": 213, "right": true, "left": false, "value": 1}, {"source": 213, "target": 214, "right": false, "left": true, "value": 1}, {"source": 213, "target": 216, "right": false, "left": true, "value": 1}, {"source": 213, "target": 219, "right": false, "left": true, "value": 1}, {"source": 213, "target": 221, "right": false, "left": true, "value": 1}, {"source": 213, "target": 222, "right": false, "left": true, "value": 1}, {"source": 213, "target": 224, "right": false, "left": true, "value": 1}, {"source": 213, "target": 225, "right": false, "left": true, "value": 1}, {"source": 213, "target": 227, "right": false, "left": true, "value": 1}, {"source": 213, "target": 228, "right": false, "left": true, "value": 1}, {"source": 213, "target": 229, "right": false, "left": true, "value": 1}, {"source": 213, "target": 230, "right": false, "left": true, "value": 1}, {"source": 213, "target": 231, "right": false, "left": true, "value": 1}, {"source": 213, "target": 232, "right": false, "left": true, "value": 1}, {"source": 225, "target": 233, "right": false, "left": true, "value": 1}]}