{"nodes": [{"asin": "B000MVZ2IM", "name": "OP/TECH USA Utility Strap - 3/8-Inch (Black)", "imUrl": "http://ecx.images-amazon.com/images/I/41rWEoAR-CL._SX300_.jpg", "price": 19.95, "numReviews": 4, "groups": [0], "averageRating": 4.75, "brand": "OP/TECH USA"}, {"asin": "B008SP6CXS", "name": "Gariz Genuine Leather XS-CHLSNBK Camera Neck Strap for GX1 GF3 GF2 NEX-7, Black", "imUrl": "http://ecx.images-amazon.com/images/I/41hNQwlj8UL._SX300_.jpg", "price": 44.99, "numReviews": 4, "groups": [1], "averageRating": 4.25, "brand": "Gariz"}, {"asin": "B00J3MLF9G", "name": "Eggsnow Camera Shoulder Neck Strap Vintage Belt for All DSLR Camera(Nikon Canon Sony Pentax etc) - Black White", "imUrl": "http://ecx.images-amazon.com/images/I/41eBa4Kh8mL._SY300_.jpg", "price": 9.14, "numReviews": 3, "groups": [2], "averageRating": 5.0}, {"asin": "B00DFFR3K2", "name": "Hand/Wrist Strap Grip E2 for Canon EOS 550D, 50D, 60D, 600D, 7D, 5D2 Compatible with Cameras Neck Shoulder Strap, Tripod", "imUrl": "http://ecx.images-amazon.com/images/I/31g5HICbdwL._SX300_.jpg", "price": 19.99, "numReviews": 4, "groups": [3], "averageRating": 3.75}, {"asin": "B00006I5LB", "name": "OP/TECH USA Fashion Strap, 3/8-Inch Black", "imUrl": "http://ecx.images-amazon.com/images/I/412MZtrN3iL._SX300_.jpg", "price": 14.59, "numReviews": 6, "groups": [4], "averageRating": 3.5, "brand": "OP/TECH USA"}, {"asin": "B006AZI5ME", "name": "EzFoto Stainless Steel D-Link Screw for Quick Release Neck Strap, R-Strap", "imUrl": "http://ecx.images-amazon.com/images/I/41NWzF2O16L._SX300_.jpg", "price": 6.99, "numReviews": 26, "groups": [5], "averageRating": 4.153846153846154}, {"asin": "B000RJNSL2", "name": "eForCity Heavy Duty Camera Hand Strap, Black", "imUrl": "http://ecx.images-amazon.com/images/I/41xxdP5qIQL._SY300_.jpg", "price": 1.79, "numReviews": 100, "groups": [6], "averageRating": 3.76}, {"asin": "B004QLHYXU", "name": "EzFoto Black Genuine Leather Hand Wrist Strap, for Fuji X100 X10; Nikon N1 V1 J1; Leica X1 D-Lux5 M9 M8 M7 M6 M5, M4; Panasonic GF1 GF2 GF2K GF3 GX1 LX-3 LX-5; Olympus E-P1 E-P2 E-P3 E-PL1 E-PL2 E-PL3; Sony NEX-3 NEX-5 NEX-C3 NEX-5N NEX-7.", "imUrl": "http://ecx.images-amazon.com/images/I/31RgV5H4L2L._SX300_.jpg", "price": 8.29, "numReviews": 28, "groups": [7], "averageRating": 4.0}, {"asin": "B00D12AHF2", "name": "Cotton Carrier Hand Strap - with Arca Swiss-compatible mini-plate", "imUrl": "http://ecx.images-amazon.com/images/I/41dLBJQRyLL._SY300_.jpg", "price": 19.95, "numReviews": 20, "groups": [8], "averageRating": 4.5, "brand": "Cotton Carrier"}, {"asin": "B004CJID5E", "name": "Canon Hand Strap E2 for EOS 60D", "imUrl": "http://ecx.images-amazon.com/images/I/41MOp52MI8L._SY300_.jpg", "price": 49.95, "numReviews": 17, "groups": [3, 9], "averageRating": 3.9411764705882355, "brand": "Canon"}, {"asin": "B00JKMOWJE", "name": "Rough Enough Vintage Fancy Folk Timeless Neck Camera Strap for Panasonic Pentax Canon Nikon Olympus Sony Camera", "imUrl": "http://ecx.images-amazon.com/images/I/41oj3SpbsbL._SY300_.jpg", "price": 5.16, "numReviews": 1, "groups": [10], "averageRating": 5.0}, {"asin": "B006W1J3OK", "name": "OP/TECH USA 3401002 Compact Sling for Cameras (Black)", "imUrl": "http://ecx.images-amazon.com/images/I/31nfOnxLuPL._SX300_.jpg", "price": 11.95, "numReviews": 69, "groups": [11], "averageRating": 4.536231884057971, "brand": "OP/TECH USA"}, {"asin": "B00GK5QCCY", "name": "Joby JB01301-BWW Pro Sling Strap for DSLRs (S-L) (Black/Charcoal)", "imUrl": "http://ecx.images-amazon.com/images/I/31Cna%2BIM%2BHL._SY300_.jpg", "price": 45.36, "numReviews": 9, "groups": [12], "averageRating": 3.888888888888889, "brand": "Joby"}, {"asin": "B00F8ZKI7C", "name": "Gariz Genuine Leather XS-WS1 Camera Hand Strap for Mirrorless and Other Types of Digital Camera, Black", "imUrl": "http://ecx.images-amazon.com/images/I/41mlq5ZhQoL._SY300_.jpg", "price": 21.49, "numReviews": 1, "groups": [13], "averageRating": 4.0, "brand": "Gariz"}, {"asin": "B00FY399EQ", "name": "FotoTech Professional 100% GENUINE LEATHER Hand Wrist Strap Grip for Canon EOS 1D X, EOS 6D, EOS 7D, EOS 70D, EOS 60Da, EOS 60D, EOS 5D Mark III, EOS 5D Mark II, SL1, T5i, T4i, T3i, T2i, T1i, XSi, XT, XTi Digital SLRS with FotoTech Velvet Bag", "imUrl": "http://ecx.images-amazon.com/images/I/41i%2BkX9u1PL._SY300_.jpg", "price": 37.99, "numReviews": 4, "groups": [14], "averageRating": 3.75}, {"asin": "B005MVBNLW", "name": "Double Shoulder Belt Strap for Canon Nikon Sony 2 SLR DSLR Cameras", "imUrl": "http://ecx.images-amazon.com/images/I/41vz6S7tSuL._SY300_.jpg", "price": 12.6, "numReviews": 18, "groups": [15], "averageRating": 3.5}, {"asin": "B002S4WQBC", "name": "Studiohut SONY Neck Strap for cameras or camcorders", "imUrl": "http://ecx.images-amazon.com/images/I/41Fp839BhPL._SX300_.jpg", "price": 6.98, "numReviews": 9, "groups": [16], "averageRating": 4.111111111111111}, {"asin": "B003IOYXVM", "name": "OP/TECH USA System Connector Sling Strap Adaptor", "imUrl": "http://ecx.images-amazon.com/images/I/21lYnOUZRWL._SY300_.jpg", "price": 9.95, "numReviews": 33, "groups": [17], "averageRating": 4.515151515151516, "brand": "OP/TECH USA"}, {"asin": "B00B1MUTSE", "name": "British Grid Ocean Blue Checker Neck Shoulder Strap Belt for Canon Nikon Fuji Olympus Panasonic Pentax Sony Digital SLR Cameras", "imUrl": "http://ecx.images-amazon.com/images/I/51tpxOYHUPL._SY300_.jpg", "price": 5.75, "numReviews": 1, "groups": [18], "averageRating": 1.0}, {"asin": "B00006J07K", "name": "OP/TECH USA 1001252 Classic Strap for cameras and binoculars- neoprene (Black)", "imUrl": "http://ecx.images-amazon.com/images/I/3125xoxQdBL._SX300_.jpg", "price": 17.95, "numReviews": 33, "groups": [19], "averageRating": 4.484848484848484, "brand": "OP/TECH USA"}, {"asin": "B004DEGA9O", "name": "CowboyStudio Yellow High Quality Neoprene Neck Strap for Canon, Nikon, Fuji, Olympus, Panasonic, Pentax and Sony Cameras", "imUrl": "http://ecx.images-amazon.com/images/I/41C7W40ObbL._SY300_.jpg", "price": 10.0, "numReviews": 4, "groups": [20], "averageRating": 4.25, "brand": "CowboyStudio"}, {"asin": "B008SP6E4U", "name": "Gariz Genuine Leather XS-WSM1 Camera Hand Strap for Mirroless Camera, Black", "imUrl": "http://ecx.images-amazon.com/images/I/41-9iJwj1bL._SX300_.jpg", "price": 9.22, "numReviews": 6, "groups": [21], "averageRating": 4.166666666666667}, {"asin": "B00IHVW8SG", "name": "Custom SLR Hand Strap for Cameras with Battery Grips or Hand Strap Attachment Mounts", "imUrl": "http://ecx.images-amazon.com/images/I/41eCxVpRCjL._SX300_.jpg", "price": 14.95, "numReviews": 2, "groups": [22], "averageRating": 3.5}, {"asin": "B002MFQ4EM", "name": "Camera Hand Strap For the Olympus E300, E330, E500, E1, E3, E410, E400, E510 Digital Cameras", "imUrl": "http://ecx.images-amazon.com/images/I/41TnVaxnkTL._SY300_.jpg", "price": 8.47, "numReviews": 2, "groups": [23], "averageRating": 2.0}, {"asin": "B005EJ4VRU", "name": "Black Rapid RS-W1c Green Lake Women's Sling Camera Strap BlackRapid RSW1", "imUrl": "http://ecx.images-amazon.com/images/I/41WpTjpmKoL._SY300_.jpg", "price": 69.99, "numReviews": 4, "groups": [24], "averageRating": 4.75}, {"asin": "B007HST8KG", "name": "Easy-Glide Digital Camera Neck Strap with Sliding Buckle for Panasonic Lumix DMC-GF6 , DMC-LF1 , DMC-G6 , DMC-ZS20 , DMC-ZS30 , DMC-TS5 , DMC-GF3 , DMC-FZ200 and Many More Digital Cameras!", "imUrl": "http://ecx.images-amazon.com/images/I/41y0DRObgSL._SY300_.jpg", "price": 7.9, "numReviews": 1, "groups": [25], "averageRating": 5.0}, {"asin": "B008XJBGXA", "name": "Skylor - Camera Wrist Strap (Black Ink)", "imUrl": "http://ecx.images-amazon.com/images/I/31od8oIqmUL._SY300_.jpg", "price": 9.99, "numReviews": 2, "groups": [26], "averageRating": 4.5}, {"asin": "B003IT985S", "name": "Vintage VNS Soft Multi-Color Neck Strap for Canon, Fuji, Nikon, Olympus, Panasonic, Pentax and Sony Cameras (Multi)", "imUrl": "http://ecx.images-amazon.com/images/I/51jOePObwrL._SX300_.jpg", "price": 4.38, "numReviews": 75, "groups": [27], "averageRating": 4.613333333333333, "brand": "Vintage"}, {"asin": "B00BMACMTO", "name": "CowboyStudio Soft Multi-Color Neck Strap for Canon, Nikon, Fuji, Olympus, Panasonic, Pentax, Sony cameras", "imUrl": "http://ecx.images-amazon.com/images/I/41m7sHEImCL._SY300_.jpg", "price": 7.5, "numReviews": 3, "groups": [28], "averageRating": 4.666666666666667, "brand": "CowboyStudio"}, {"asin": "B0001TST6W", "name": "OP/TECH USA Pro Loop Connector", "imUrl": "http://ecx.images-amazon.com/images/I/31pEQVe6zyL._SX300_.jpg", "price": 7.95, "numReviews": 7, "groups": [29], "averageRating": 4.0, "brand": "OP/TECH USA"}, {"asin": "B00BD1HRYW", "name": "Black Straight Genuine Leather Camera Wrist Strap 3001", "imUrl": "http://ecx.images-amazon.com/images/I/51Zq4yXk7lL._SY300_.jpg", "price": 8.29, "numReviews": 1, "groups": [30], "averageRating": 5.0}, {"asin": "B00BQ8UZD2", "name": "BlackRapid RHF3M-2AO FastenR Stealth (Black)", "imUrl": "http://ecx.images-amazon.com/images/I/51EX4M5rTFL._SY300_.jpg", "price": 14.95, "numReviews": 10, "groups": [31], "averageRating": 3.8, "brand": "BlackRapid"}, {"asin": "B004DEKH84", "name": "CowboyStudio Professional Neoprene Neck Strap Neckstrap for NIKON Camera", "imUrl": "http://ecx.images-amazon.com/images/I/4190a1As34L._SY300_.jpg", "price": 3.85, "numReviews": 120, "groups": [32], "averageRating": 4.558333333333334, "brand": "CowboyStudio"}, {"asin": "B005K1Y2GC", "name": "USA Gear DualGRIP Stabilizing Digital SLR Camera Hand Strap Grip for Canon EOS Rebel T5i , T4i , T3i , T3 , T2i , 70D , 100D , 550D , 600D , 650D , 1100D , 5D Mark III , 6D & More DSLR Cameras - Includes Cleaning Kit", "imUrl": "http://ecx.images-amazon.com/images/I/41Xd1brUS4L._SY300_.jpg", "price": 14.99, "numReviews": 165, "groups": [33], "averageRating": 4.157575757575757}, {"asin": "B002MFRX5Q", "name": "Camera Hand Strap For the Canon EOS 450D, 400D, 40D, 30D,20D, 10D, D60, D30, 300D, 350D, 1DS MARK III Digital SLR Cameras", "imUrl": "http://ecx.images-amazon.com/images/I/41TnVaxnkTL._SY300_.jpg", "price": 9.59, "numReviews": 3, "groups": [34], "averageRating": 1.6666666666666667}, {"asin": "B004FRCUHA", "name": "Camera Neck Strap (Black) for Fuji film camera", "imUrl": "http://ecx.images-amazon.com/images/I/11RXMXerqrL.jpg", "price": 3.22, "numReviews": 4, "groups": [35], "averageRating": 5.0}, {"asin": "B009YTU68O", "name": "JYC Camera Full Yellow Neoprene Neck Strap For Nikon D80 F70 F80D F90X D100 D300S D1", "imUrl": "http://ecx.images-amazon.com/images/I/41jQXWEfAHL._SY300_.jpg", "price": 6.26, "numReviews": 1, "groups": [36], "averageRating": 5.0}, {"asin": "B007NV8QKK", "name": "*Yellow* DSLR Camera Shoulder Strap Neck Strap Belt For Nikon Canon", "imUrl": "http://ecx.images-amazon.com/images/I/412ty7rFSzL._SY300_.jpg", "price": 1.96, "numReviews": 1, "groups": [37], "averageRating": 2.0}, {"asin": "B00EZIHSMQ", "name": "Koolertron New Strap Camera Single Shoulder Sling Strap Belt for canon nikon sony camera (Deep Green)", "imUrl": "http://ecx.images-amazon.com/images/I/41c0zWIYJHL._SY300_.jpg", "price": 11.99, "numReviews": 2, "groups": [38], "averageRating": 4.0}, {"asin": "B00501VEV8", "name": "Bower SS2477BK Digital Camera Wrist Strap 1.50-Inch - Black", "imUrl": "http://ecx.images-amazon.com/images/I/41hjX31co1L._SY300_.jpg", "price": 5.99, "numReviews": 6, "groups": [39], "averageRating": 4.5}, {"asin": "B0001QFSRI", "name": "OP/TECH USA Super Classic Strap - Bino 3/8-Inch Black", "imUrl": "http://ecx.images-amazon.com/images/I/31Svz1d4TyL._SX300_.jpg", "price": 19.95, "numReviews": 7, "groups": [40], "averageRating": 4.285714285714286, "brand": "OP/TECH USA"}, {"asin": "B00B0X7BF8", "name": "Vintage OneKnot Cotton/Leather Camera Wrist Strap For Sony Leica Fuji Canon Olympus Nikon Pentax Panasonic Samsung Pentax 2061", "imUrl": "http://ecx.images-amazon.com/images/I/31FNYGDFFGL._SY300_.jpg", "price": 10.9, "numReviews": 2, "groups": [41], "averageRating": 2.0}, {"asin": "B00GYJTT3A", "name": "Chocolate Denim/Leather Universal Camera Shoulder Neck Strap DSLR SLR 7173", "imUrl": "http://ecx.images-amazon.com/images/I/41lPqVmHLhL._SY300_.jpg", "price": 9.97, "numReviews": 2, "groups": [42], "averageRating": 5.0}, {"asin": "B004N623UW", "name": "OP/TECH USA 1301052 System Connectors (Extensions)-Adjustable Extension pieces for OP/TECH USA Straps with Quick Disconnects", "imUrl": "http://ecx.images-amazon.com/images/I/313nWEBKeTL._SY300_.jpg", "price": 5.95, "numReviews": 24, "groups": [43], "averageRating": 4.541666666666667, "brand": "OP/TECH USA"}, {"asin": "B005CMMWHU", "name": "Cosmos Classic Camera Strap with Cable Tie (Multi-Color)", "imUrl": "http://ecx.images-amazon.com/images/I/41XQbFLI91L._SX300_.jpg", "price": 3.27, "numReviews": 61, "groups": [44], "averageRating": 4.524590163934426, "brand": "Cosmos"}, {"asin": "B00641QETK", "name": "Dragonfly Optical D-Slr Camera Neck Strap For Canon Eos 10D, 20D, 30D, 40D, 50D, 60D, 300D, 350D, 400D, 450D, 500D, 550D, 600D, 1000D, 1100D Etc", "imUrl": "http://ecx.images-amazon.com/images/I/318QqMYirwL.jpg", "price": 17.12, "numReviews": 3, "groups": [45], "averageRating": 4.666666666666667}, {"asin": "B0096JZRBI", "name": "Joby UltraFit Sling Strap for Men for DSLRs or CSCs", "imUrl": "http://ecx.images-amazon.com/images/I/41Bs94HP-5L._SY300_.jpg", "price": 36.22, "numReviews": 257, "groups": [46], "averageRating": 4.035019455252918, "brand": "Joby"}, {"asin": "B004FREPYG", "name": "Camera Neck Strap for Kodak camera-Black", "imUrl": "http://ecx.images-amazon.com/images/I/11RXMXerqrL.jpg", "price": 3.22, "numReviews": 19, "groups": [47], "averageRating": 4.368421052631579}, {"asin": "B005DRNK48", "name": "ProMaster Neoprene Wrist Strap for Compact Cameras", "imUrl": "http://ecx.images-amazon.com/images/I/31-jP0gvxqL._SX300_.jpg", "price": 7.95, "numReviews": 2, "groups": [48], "averageRating": 4.5, "brand": "ProMaster"}, {"asin": "B005RG99OU", "name": "Fotasy NSQS Stainless Steel Screw with Fotasy Premier Cleaning Cloth for Quick Release Neck Strap, R-Strap (Silver/Black)", "imUrl": "http://ecx.images-amazon.com/images/I/515xezmeNvL._SX300_.jpg", "price": 7.39, "numReviews": 111, "groups": [49], "averageRating": 4.612612612612613, "brand": "Fotasy"}, {"asin": "B007NNAM78", "name": "Street Strap - 46 inches Soft Round Camera Strap for Leica, Micro 4/3, Fuji Cameras with Round Rings", "imUrl": "http://ecx.images-amazon.com/images/I/41y7OV9YWwL._SX300_.jpg", "price": 64.99, "numReviews": 20, "groups": [50], "averageRating": 4.0}, {"asin": "B00D6WDKUQ", "name": "USA Gear Black Anti-slip Samsung DLSR Camera Shoulder Neck Strap w/ Neoprene Padding & Accessory Storage Pockets- Works with Galaxy NX , Galaxy Cam / NX2000 , NX1100 , NX300 and More Digital Cameras * Includes SD Memory Card Reader & Mini Tripod *", "imUrl": "http://ecx.images-amazon.com/images/I/418yZe4e6QL._SY300_.jpg", "price": 14.99, "numReviews": 1, "groups": [51], "averageRating": 4.0}, {"asin": "B00B46AI0Q", "name": "Bluecell NC-513 Leopard Pattern and LC-006A Multi Color Digital SLR Camera Camcorder Neck Shoulder Straps Belt for Canon Nikon Samsung Olympus Sony Fujifilm Panasonic", "imUrl": "http://ecx.images-amazon.com/images/I/41TzVF%2BnI1L._SX300_.jpg", "price": 13.99, "numReviews": 3, "groups": [52], "averageRating": 5.0}, {"asin": "B00CJHMKC8", "name": "EasyGLIDE Adjustable Camera QUICK Neck Shoulder Sling Strap with Action-Ready Tripod Socket Connection & Anti-Slip Comfort Padding for Nikon D7100 , D3200 , D3100 , D800 , D5100 & More Cameras Bonus Mini Tripod", "imUrl": "http://ecx.images-amazon.com/images/I/41tLWmXcbJL._SY300_.jpg", "price": 18.82, "numReviews": 1, "groups": [53], "averageRating": 5.0}, {"asin": "B00162YZXE", "name": "OP/TECH USA System Connector Adapt-Its", "imUrl": "http://ecx.images-amazon.com/images/I/31JlQZ7o8BL._SY300_.jpg", "price": 4.82, "numReviews": 35, "groups": [54], "averageRating": 4.314285714285714, "brand": "OP/TECH USA"}, {"asin": "B00F8ZQTDO", "name": "Gariz Genuine Leather XS-WS3 Camera Hand Strap for Mirrorless and Other Types of Digital Camera, Brown + Black", "imUrl": "http://ecx.images-amazon.com/images/I/41SNeOEJ9PL._SY300_.jpg", "price": 21.49, "numReviews": 1, "groups": [55], "averageRating": 5.0, "brand": "Gariz"}, {"asin": "B004GI06BK", "name": "Opteka OP-NS1 Professional Neoprene Padded Neck Strap for Digital SLR Cameras (Holds up to 15 lbs)", "imUrl": "http://ecx.images-amazon.com/images/I/41-bio9WOTL._SY300_.jpg", "price": 9.95, "numReviews": 23, "groups": [56], "averageRating": 3.5217391304347827, "brand": "Opteka"}, {"asin": "B00AUNL81M", "name": "LapWorks iPad Lanyard Neck Strap for Hands-Free Moving About While the iPad or Tablet Hangs Safely by Your Side", "imUrl": "http://ecx.images-amazon.com/images/I/31Psw-S8nbL._SX300_.jpg", "price": 14.95, "numReviews": 5, "groups": [57], "averageRating": 4.8}, {"asin": "B0042AE046", "name": "Rapid DSLR Camera Strap for Women - Black", "imUrl": "http://ecx.images-amazon.com/images/I/21zDuICjeTL._SY300_.jpg", "price": 61.95, "numReviews": 11, "groups": [58], "averageRating": 4.7272727272727275}, {"asin": "B005HWHU5E", "name": "Matin Neoprene Fast Access Sling Strap Camera Belt Dynamic Shooting Photographers - Deluxe", "imUrl": "http://ecx.images-amazon.com/images/I/41bXZka8fEL._SY300_.jpg", "price": 18.82, "numReviews": 1, "groups": [59], "averageRating": 4.0}, {"asin": "B005POIWZQ", "name": "iOttie Digital SLR Camera Camcorder Neck Shoulder Straps for Canon Rebel T3i, T2i, T1i, EOS 60D, 7D, 5D, Nikon D5100, D3100, D7000, Sony NEX7K, NEX5NK, SLTA77V, Olympus PEN E-P3, P2, P1, Panasonic LUMIX DMCG2K, DMC-G1, DMC-G10 F1 Design Universal Size", "imUrl": "http://ecx.images-amazon.com/images/I/51uMddoxyXL._SY300_.jpg", "price": 5.09, "numReviews": 8, "groups": [60], "averageRating": 4.375}, {"asin": "B009WTIV9M", "name": "Professional Innovative Neoprene Quick Release Neck Strap For Digital SLR, Cameras & Camcorders + JB Microfiber Lens Cleaning Cloth", "imUrl": "http://ecx.images-amazon.com/images/I/41Gza3%2Bs9eL._SY300_.jpg", "price": 9.95, "numReviews": 6, "groups": [61], "averageRating": 5.0}, {"asin": "B009SKPVO8", "name": "Case Logic DCS-101 DSLR Quick Sling (Black)", "imUrl": "http://ecx.images-amazon.com/images/I/41uQ27CNeKL._SY300_.jpg", "price": 19.95, "numReviews": 68, "groups": [62], "averageRating": 4.294117647058823, "brand": "Case Logic"}, {"asin": "B00006I5JI", "name": "Nikon AN-4Y Nylon Neck Strap - Yellow", "imUrl": "http://ecx.images-amazon.com/images/I/41v6GiV4L-L._SX300_.jpg", "price": 12.89, "numReviews": 2, "groups": [63], "averageRating": 4.5, "brand": "Nikon"}, {"asin": "B007FVSBY4", "name": "HDE Quick Install 1/4\" Screw for Quick Release Neck Straps", "imUrl": "http://ecx.images-amazon.com/images/I/41e2u-Fy1-L._SY300_.jpg", "price": 3.95, "numReviews": 1, "groups": [64], "averageRating": 5.0}, {"asin": "B00FG9OPKQ", "name": "BlackRapid RHF1M-1AO FastenR Hitch (Stainless Steel)", "imUrl": "http://ecx.images-amazon.com/images/I/4171%2Bh89P9L._SY300_.jpg", "price": 9.95, "numReviews": 3, "groups": [65], "averageRating": 5.0, "brand": "BlackRapid"}, {"asin": "B0043WKRCW", "name": "OP/TECH USA 1001062 Super Classic Strap-Uni Loop for cameras and binoculars- neoprene (Black)", "imUrl": "http://ecx.images-amazon.com/images/I/31qIkP2wnxL._SX300_.jpg", "price": 20.5, "numReviews": 37, "groups": [66], "averageRating": 4.702702702702703, "brand": "OP/TECH USA"}, {"asin": "B00ARAAWPQ", "name": "Handmade Universal Genunie Leather Camera Neck Strap for M8 M9 V1 OM-D X-E1 GF5 E-PL5 X100s 3211", "imUrl": "http://ecx.images-amazon.com/images/I/41YiugJ9FZL._SY300_.jpg", "price": 28.9, "numReviews": 5, "groups": [67], "averageRating": 4.2}, {"asin": "B004N623WK", "name": "OP/TECH USA Mini QD Loops - 1.5mm", "imUrl": "http://ecx.images-amazon.com/images/I/41p7b2I-0bL._SY300_.jpg", "price": 7.44, "numReviews": 65, "groups": [68], "averageRating": 4.707692307692308, "brand": "OP/TECH USA"}, {"asin": "B00DVGGXDI", "name": "Generic New Leather Hand Grip Strap for Canon EOS DSLR Camera 60D 50D 7D 600D 550D 1100D", "imUrl": "http://ecx.images-amazon.com/images/I/51pkzpq1ISL._SX300_.jpg", "price": 8.59, "numReviews": 2, "groups": [69], "averageRating": 4.0}, {"asin": "B00501UZAY", "name": "Bower SS2477R 1.50-Inch Digital Camera Wrist Strap (Red)", "imUrl": "http://ecx.images-amazon.com/images/I/313dG-bxCXL._SY300_.jpg", "price": 3.0, "numReviews": 4, "groups": [70], "averageRating": 4.25}, {"asin": "B009K3M3LW", "name": "Tamrac N5051 Leather Mirrorless Camera Strap - Brown", "imUrl": "http://ecx.images-amazon.com/images/I/41fB3a4SFNL._SX300_.jpg", "price": 17.95, "numReviews": 1, "groups": [71], "averageRating": 3.0, "brand": "Tamrac"}, {"asin": "B00KBYP72G", "name": "BlackRapid Shot Molded Shoulder Camera Strap (Orange)", "imUrl": "http://ecx.images-amazon.com/images/I/31PP1dxTbxL._SY300_.jpg", "price": 34.95, "numReviews": 3, "groups": [72], "averageRating": 4.333333333333333, "brand": "BlackRapid"}, {"asin": "B00760Y0UI", "name": "Navajo Red 2\" DSLR Camera Strap", "imUrl": "http://ecx.images-amazon.com/images/I/41ySuTkCpUL._SX300_.jpg", "price": 49.0, "numReviews": 7, "groups": [73], "averageRating": 5.0}, {"asin": "B00FR7R14O", "name": "Herringbone Heritage Leather Camera Hand Grip Type 2 Hand Strap for DSLR, RED Limited", "imUrl": "http://ecx.images-amazon.com/images/I/51QVvpZy74L._SY300_.jpg", "price": 30.49, "numReviews": 1, "groups": [74], "averageRating": 5.0, "brand": "Herringbone"}, {"asin": "B008D67QMI", "name": "Sony Cyber-shot RX100 Neck Strap (Lanyard Style) Adjustable With Quick-Release.", "imUrl": "http://ecx.images-amazon.com/images/I/31YGPH8NpXL._SX300_.jpg", "price": 14.99, "numReviews": 3, "groups": [75], "averageRating": 4.333333333333333}, {"asin": "B00FR72UHC", "name": "Herringbone Heritage Leather Camera Hand Grip Type 1 Hand Strap for DSLR with Multi Plate, Camel Brown", "imUrl": "http://ecx.images-amazon.com/images/I/5135Ugbm6iL._SY300_.jpg", "price": 34.49, "numReviews": 2, "groups": [76], "averageRating": 5.0, "brand": "Herringbone"}, {"asin": "B00092KD9C", "name": "OP/TECH USA Pro Strap - Black", "imUrl": "http://ecx.images-amazon.com/images/I/31xAv5sKVXL._SY300_.jpg", "price": 16.98, "numReviews": 211, "groups": [77], "averageRating": 4.431279620853081, "brand": "OP/TECH USA"}, {"asin": "B0032VJIAM", "name": "Camera Straps by Capturing Couture: Men's Collection, The Aaron 2 inch SLR/DSLR Camera Strap", "imUrl": "http://ecx.images-amazon.com/images/I/41m78C-1jpL._SX300_.jpg", "price": 39.0, "numReviews": 5, "groups": [78], "averageRating": 4.2}, {"asin": "B00435TDDI", "name": "quick Quick Rapid Double Camera Strap for EOS T3i / T2i / T1i / Xs / Xsi 50D 60D 5DMKII 7D Nikon D7000 D700 D300s D90-Black", "imUrl": "http://ecx.images-amazon.com/images/I/41X0rsQNwVL._SY300_.jpg", "price": 16.59, "numReviews": 6, "groups": [79], "averageRating": 4.0}, {"asin": "B005N56O7A", "name": "COSMOS 5 pcs Black Long Neck Strap Band Lanyard (36 inch full round length)For Camera Cell phone ipod mp3 mp4 PSP Wiimote ID card badge and other Electronic Devices + Cosmos cable tie", "imUrl": "http://ecx.images-amazon.com/images/I/31SHQ6cP%2BIL._SY300_.jpg", "price": 6.56, "numReviews": 44, "groups": [80], "averageRating": 4.409090909090909, "brand": "Cosmos"}, {"asin": "B00ATZ87JC", "name": "Colorful! Cotton Braided Span/leather Universal Camera Shoulder Neck Strap 8798", "imUrl": "http://ecx.images-amazon.com/images/I/41sB8kPyUPL._SY300_.jpg", "price": 22.49, "numReviews": 2, "groups": [81], "averageRating": 5.0}, {"asin": "B005WQ7H9O", "name": "Macbeth MB-NSSNBW Collection Soft Neoprene Camera Strap- Black Paisley", "imUrl": "http://ecx.images-amazon.com/images/I/41ADIdaXR3L._SY300_.jpg", "price": 17.14, "numReviews": 12, "groups": [82], "averageRating": 4.0}, {"asin": "B009LIT3ZU", "name": "Shoulder Neck Sling Belt Strap for Sony Camera Black", "imUrl": "http://ecx.images-amazon.com/images/I/41BZjcob%2BDL._SY300_.jpg", "price": 5.9, "numReviews": 1, "groups": [83], "averageRating": 5.0}, {"asin": "B009TAMJNS", "name": "Carry Speed DS-2 Camera Sling Strap", "imUrl": "http://ecx.images-amazon.com/images/I/51cTGaileeL._SY300_.jpg", "price": 18.82, "numReviews": 4, "groups": [84], "averageRating": 4.75}, {"asin": "B00F9INKYQ", "name": "CowboyStudio Bein Soft Beautiful Burgundy Wide Genuine Leather Camera Shoulder Neck Strap 2244", "imUrl": "http://ecx.images-amazon.com/images/I/51V3Xgew1EL._SY300_.jpg", "price": 30.0, "numReviews": 1, "groups": [85], "averageRating": 5.0, "brand": "CowboyStudio"}, {"asin": "B004OCEYAC", "name": "Custom SLR C-Loop Camera Strap Mount, Black", "imUrl": "http://ecx.images-amazon.com/images/I/31NXe0HjeVL._SY300_.jpg", "price": 39.95, "numReviews": 17, "groups": [86], "averageRating": 4.588235294117647, "brand": "Custom SLR"}, {"asin": "B00IMU47TK", "name": "Op/Tech Mirrorless Strap with Mini QD Loops for Mirrorless Cameras and Small SLR Cameras, Black", "imUrl": "http://ecx.images-amazon.com/images/I/21lbA0n6MfL.jpg", "price": 17.95, "numReviews": 1, "groups": [87], "averageRating": 5.0}, {"asin": "B00065TGTA", "name": "Krusell Multi Detach Neckstrap/LanyardWith Cell/USB Lariat. BLACK. SOLD INDIVIDUALLY", "imUrl": "http://ecx.images-amazon.com/images/I/41u6ZYxM%2B1L._SY300_.jpg", "price": 9.99, "numReviews": 63, "groups": [88], "averageRating": 4.301587301587301}, {"asin": "B008R5EG9Q", "name": "BosStrap Generation 3 Sliding Sling Strap System for DSLR Cameras", "imUrl": "http://ecx.images-amazon.com/images/I/41PTJo2MSkL._SY300_.jpg", "price": 47.95, "numReviews": 9, "groups": [89], "averageRating": 4.333333333333333, "brand": "BosStrap"}, {"asin": "B00C0KX5VY", "name": "Camera Straps by Capturing Couture: Tropical Collection, The Sun Kiss 2\" DSLR/SLR Fashion Camera Strap", "imUrl": "http://ecx.images-amazon.com/images/I/21LzMN3m1VL.jpg", "price": 39.0, "numReviews": 2, "groups": [90], "averageRating": 5.0, "brand": "Capturing Couture"}, {"asin": "B004DJMIDQ", "name": "CowboyStudio Professional Neck Strap for Canon Camera - White", "imUrl": "http://ecx.images-amazon.com/images/I/41QdB0Sn1lL._SY300_.jpg", "price": 4.0, "numReviews": 3, "groups": [91], "averageRating": 3.6666666666666665, "brand": "CowboyStudio"}, {"asin": "B00877PSIC", "name": "Custom SLR Camera Glide Strap + C-Loop Combo - Complete Camera Strap System", "imUrl": "http://ecx.images-amazon.com/images/I/41QJEm2byNL._SY300_.jpg", "price": 20.7, "numReviews": 11, "groups": [92], "averageRating": 4.363636363636363}, {"asin": "B008NCRWVM", "name": "Easy-Glide Digital Camera Neck Strap with Adjustable Weight-Reduction Buckle for Canon PowerShot G15 , SX260 HS , ELPH 110 HS And More Digital Cameras - Includes Mini Tripod!", "imUrl": "http://ecx.images-amazon.com/images/I/41JezpKfIdL._SY300_.jpg", "price": 7.9, "numReviews": 2, "groups": [93], "averageRating": 5.0}, {"asin": "B00CLYQ54I", "name": "TrueSHOT Nikon DSLR Camera Harness Strap System with Adjustable Brackets for Nikon D610 , D7100 , D5200 , D600 / Coolpix L320 , L820 & more Nikon Digital SLR Cameras - Includes Mini Tripod.", "imUrl": "http://ecx.images-amazon.com/images/I/41GTjkdhG2L._SY300_.jpg", "price": 17.99, "numReviews": 3, "groups": [94], "averageRating": 5.0}, {"asin": "B0032VMRZA", "name": "Capturing Couture Alicia Black 1.5\" Camera Strap (Black)", "imUrl": "http://ecx.images-amazon.com/images/I/41cCBEp5LlL._SY300_.jpg", "price": 39.0, "numReviews": 7, "groups": [95], "averageRating": 4.571428571428571}, {"asin": "B009TL1XS4", "name": "BlackRapid Wrist Strap", "imUrl": "http://ecx.images-amazon.com/images/I/41pqNaIl6KL._SY300_.jpg", "price": 18.95, "numReviews": 54, "groups": [96], "averageRating": 4.277777777777778, "brand": "BlackRapid"}, {"asin": "B0018MPQBM", "name": "OP/TECH USA Bin/Op Strap - QD (Wine)", "imUrl": "http://ecx.images-amazon.com/images/I/31pKp6wmSAL._SX300_.jpg", "price": 12.95, "numReviews": 74, "groups": [97], "averageRating": 4.5, "brand": "OP/TECH USA"}, {"asin": "B00C6M6AOA", "name": "Ciesta CSS-HG01-03 Leather Hand Grip + Plate (Brown) for Digital SLR DSLR Camera", "imUrl": "http://ecx.images-amazon.com/images/I/51V1pPyxQvL._SX300_.jpg", "price": 34.99, "numReviews": 1, "groups": [98], "averageRating": 4.0}, {"asin": "B00C6M67SY", "name": "Ciesta CSS-HG01-02 Leather Hand Grip + Plate (Black/Red) for Digital SLR DSLR Camera", "imUrl": "http://ecx.images-amazon.com/images/I/51qx1GuK5IL._SX300_.jpg", "price": 34.99, "numReviews": 1, "groups": [99], "averageRating": 5.0, "brand": "Ciesta"}, {"asin": "B0000AB4NV", "name": "Tamrac N-11 - Backpack Camera Straps - Black", "imUrl": "http://ecx.images-amazon.com/images/I/216dBuWY1dL.jpg", "price": 20.95, "numReviews": 8, "groups": [100], "averageRating": 4.25, "brand": "Tamrac"}, {"asin": "B004VFPUMI", "name": "Easy-Glide DSLR Camera Shoulder Strap with Quick Release Sling Design for Canon EOS 70D , Rebel T4i / 650D , 100D / SL1 , 700D / T5i , T3i / 600D , T3 / 1100D & Many More Digital Cameras **Bonus Mini Tripod**", "imUrl": "http://ecx.images-amazon.com/images/I/41viVyBltGL._SY300_.jpg", "price": 21.95, "numReviews": 13, "groups": [101], "averageRating": 4.153846153846154}, {"asin": "B00DEAOQ5I", "name": "IMAGE\u00ae Single Shoulder Quick Release Neck Strap for Digital Cameras Canon Nikon Sony Pentax Panasonic DSLR", "imUrl": "http://ecx.images-amazon.com/images/I/51h9bYfTJJL._SY300_.jpg", "price": 19.09, "numReviews": 3, "groups": [102], "averageRating": 2.3333333333333335}, {"asin": "B007M679FO", "name": "DSLRKIT AQS-B Anti-slip Elastic Neoprene Quick Sling Strap for Camera", "imUrl": "http://ecx.images-amazon.com/images/I/41oiuBhgnnL._SY300_.jpg", "price": 16.49, "numReviews": 2, "groups": [103], "averageRating": 3.5}, {"asin": "B00GR8KEMS", "name": "Quick Release Neck Shoulder Strap for DSLR Cameras w/ Quick Release Metal Tripod Mount for Canon Nikon Sony + MagicFiber Microfiber Cleaning Cloth", "imUrl": "http://ecx.images-amazon.com/images/I/41d-Kpjl9KL._SY300_.jpg", "price": 9.99, "numReviews": 2, "groups": [104], "averageRating": 5.0}, {"asin": "B00IWFIORQ", "name": "Custom SLR Camera Air Strap", "imUrl": "http://ecx.images-amazon.com/images/I/410VFHVW39L._SY300_.jpg", "price": 19.95, "numReviews": 3, "groups": [105], "averageRating": 5.0, "brand": "Custom SLR"}, {"asin": "B00ATZO7X2", "name": "Resilience Load-reduced! Camera Shoulder Neck Strap for Nikon Canon Dslr 8792", "imUrl": "http://ecx.images-amazon.com/images/I/41S4K0PbxCL._SY300_.jpg", "price": 22.49, "numReviews": 1, "groups": [106], "averageRating": 5.0}, {"asin": "B000YFCULI", "name": "Promaster Slim Digital Neck Strap", "imUrl": "http://ecx.images-amazon.com/images/I/21xj7Kq4rVL.jpg", "price": 11.95, "numReviews": 2, "groups": [107], "averageRating": 5.0}, {"asin": "B0094KJWPQ", "name": "Quick Release Neck Shoulder Strap for DSLR Cameras w/ Quick Release Metal Tripod Mount for Canon Nikon Sony + MagicFiber Microfiber Cleaning Cloth", "imUrl": "http://ecx.images-amazon.com/images/I/413pTFD%2BjSL._SY300_.jpg", "price": 9.99, "numReviews": 17, "groups": [108], "averageRating": 3.6470588235294117}, {"asin": "B00C94GTJQ", "name": "2 PACK] Extra Long Camera / Camcorder Neck Shoulder Straps Belt - Length Approximately 47\" + Cleaning Cloth in Retail Packaging (Extra Long - Black/Red + Black)", "imUrl": "http://ecx.images-amazon.com/images/I/41REIUQHXWL._SY300_.jpg", "price": 10.99, "numReviews": 201, "groups": [109], "averageRating": 4.796019900497512}, {"asin": "B00092DXZS", "name": "OP/TECH USA Mini Loop Strap - QD Black", "imUrl": "http://ecx.images-amazon.com/images/I/418GHZBlrVL._SY300_.jpg", "price": 9.95, "numReviews": 9, "groups": [110], "averageRating": 4.555555555555555, "brand": "OP/TECH USA"}, {"asin": "B004BOATWK", "name": "Vivitar SLR/DSLR Pro Hang Grip - VIV-SLR-HGR", "imUrl": "http://ecx.images-amazon.com/images/I/41MEjVbIy2L._SX300_.jpg", "price": 6.49, "numReviews": 30, "groups": [111], "averageRating": 3.8, "brand": "Vivitar"}, {"asin": "B005DRNJ8K", "name": "Promaster Neoprene Wrist Strap for DSLR Cameras", "imUrl": "http://ecx.images-amazon.com/images/I/31JvBabIe7L._SX300_.jpg", "price": 9.95, "numReviews": 5, "groups": [112], "averageRating": 4.0}, {"asin": "B007NRCUXI", "name": "OP/TECH USA 1301092 System Connectors - Extensions X-Long - for OP/TECH USA Straps with Quick Disconnects", "imUrl": "http://ecx.images-amazon.com/images/I/31mw-aNt2SL._SX300_.jpg", "price": 5.95, "numReviews": 11, "groups": [43], "averageRating": 4.7272727272727275, "brand": "OP/TECH USA"}, {"asin": "B00FR74GOW", "name": "Herringbone Heritage Leather Camera Hand Grip Type 1 Hand Strap for DSLR with Multi Plate, Black with Red Stitching", "imUrl": "http://ecx.images-amazon.com/images/I/51d%2BITYgOWL._SY300_.jpg", "price": 34.49, "numReviews": 4, "groups": [113], "averageRating": 4.75, "brand": "Herringbone"}, {"asin": "B0033SRJI2", "name": "OP/TECH USA Envy Camera Strap + Accessory Kit for Canon Rebel XSi, XS, T1i, T2i, EOS 60D, 50D, 5D, 7D, Nikon D3000, D3100, D5000, D7000, D90, D300s, Olympus Evolt E-5, E-30, E-450, E-620 & Sony Alpha A290, A390, A500, A33, A55, A550 Digital SLR Cameras", "imUrl": "http://ecx.images-amazon.com/images/I/51G86Bu-vFL._SY300_.jpg", "price": 18.95, "numReviews": 1, "groups": [114], "averageRating": 4.0}, {"asin": "B00C94GTNC", "name": "2 PACK] Extra Long Camera / Camcorder Neck Shoulder Straps Belt - Length Approximately 47\" + Cleaning Cloth in Retail Packaging (Extra Long - Black/Red + Black)", "imUrl": "http://ecx.images-amazon.com/images/I/41REIUQHXWL._SY300_.jpg", "price": 10.99, "numReviews": 201, "groups": [115], "averageRating": 4.796019900497512}, {"asin": "B00760Y0QM", "name": "Navajo Black 2\" DSLR Camera Strap", "imUrl": "http://ecx.images-amazon.com/images/I/41DiT%2BdRRkL._SX300_.jpg", "price": 49.0, "numReviews": 6, "groups": [116], "averageRating": 4.833333333333333}, {"asin": "B009TL1YMY", "name": "BlackRapid RS10SC-1AO\u00a0Metro Camera Strap (Black)", "imUrl": "http://ecx.images-amazon.com/images/I/31LrMacx67L._SY300_.jpg", "price": 39.95, "numReviews": 92, "groups": [117], "averageRating": 4.565217391304348, "brand": "BlackRapid"}, {"asin": "B004FRCU8O", "name": "Camera Neck Strap (Black) for Nikon camera", "imUrl": "http://ecx.images-amazon.com/images/I/11RXMXerqrL.jpg", "price": 3.22, "numReviews": 1, "groups": [118], "averageRating": 5.0}, {"asin": "B004Q3YCQA", "name": "Camera Strap + Name Tag + Pocket- Dreamer Neck Camera Strap - Sky Blue", "imUrl": "http://ecx.images-amazon.com/images/I/51Bs8F%2BwDIL._SX300_.jpg", "price": 25.59, "numReviews": 6, "groups": [119], "averageRating": 4.666666666666667}, {"asin": "B005R2U3L2", "name": "Studiohut CANON Neck Strap for cameras or camcorders", "imUrl": "http://ecx.images-amazon.com/images/I/41ikL1WkbjL._SX300_.jpg", "price": 5.5, "numReviews": 18, "groups": [120], "averageRating": 4.111111111111111}, {"asin": "B00C6M65H2", "name": "Ciesta CSS-HG01-01 Leather Hand Grip + Plate (Black) for Digital SLR DSLR Camera", "imUrl": "http://ecx.images-amazon.com/images/I/51sERWgMp-L._SX300_.jpg", "price": 34.99, "numReviews": 2, "groups": [99], "averageRating": 5.0, "brand": "Ciesta"}, {"asin": "B00G8OUKJ8", "name": "FotoTech Camouflage High Elastic Decompression Anti-Slip Neoprene/Silicone Camera/shoulder/grip Neck Strap Belt for Canon Nikon Sony Panasonic Fujifilm Olympus Pentax Sigma DSLR/SLR/EVIL Camera with FotoTech Velvet Bag", "imUrl": "http://ecx.images-amazon.com/images/I/413ZWbVH2aL._SY300_.jpg", "price": 9.99, "numReviews": 11, "groups": [121], "averageRating": 5.0}, {"asin": "B00D72NRM6", "name": "Fotasy WS3B Wrist Strap for Canon Fuji Leica Nikon Olympus Panasonic Pentax Samsung Sony with Premier Cloth (Black)", "imUrl": "http://ecx.images-amazon.com/images/I/41dp4N%2Bb%2BhL._SX300_.jpg", "price": 7.59, "numReviews": 12, "groups": [122], "averageRating": 4.833333333333333, "brand": "Fotasy"}, {"asin": "B0018MT4Z6", "name": "OP/TECH USA Bin/Op Strap - QD (Royal)", "imUrl": "http://ecx.images-amazon.com/images/I/41D3%2BU2ROjL._SX300_.jpg", "price": 12.95, "numReviews": 74, "groups": [123], "averageRating": 4.5, "brand": "OP/TECH USA"}, {"asin": "B005F77Z9C", "name": "5 pcs Black Neck Strap Band Lanyard For USB Flash/Pen Drives, Cell phone, mp3, mp4 and other Lightweight (under 50 grams) Electronic Devices", "imUrl": "http://ecx.images-amazon.com/images/I/31kAa91XjmL._SY300_.jpg", "price": 5.58, "numReviews": 73, "groups": [124], "averageRating": 4.3561643835616435}, {"asin": "B00FF3U7QY", "name": "JJC NS-J1 Quick Release Professional Anti-Slip Shoulder Slider Strap Style Camera Sling Belt Neck Strap with Storage Pocket for All Cameras", "imUrl": "http://ecx.images-amazon.com/images/I/41g6Kj9BDJL._SX300_.jpg", "price": 8.9, "numReviews": 2, "groups": [125], "averageRating": 2.5}, {"asin": "B009KOLZ3S", "name": "Joby UltraFit Sling Camera Strap for Men (Charcoal) with Monopod + Cleaning & Accessory Kit", "imUrl": "http://ecx.images-amazon.com/images/I/51R5%2BEKRuJL._SY300_.jpg", "price": 52.95, "numReviews": 1, "groups": [126], "averageRating": 5.0, "brand": "Joby"}, {"asin": "B002K4512Q", "name": "Black Rapid RS-5 Camera Strap", "imUrl": "http://ecx.images-amazon.com/images/I/41GlpxnyJhL._SY300_.jpg", "price": 71.95, "numReviews": 74, "groups": [127], "averageRating": 4.418918918918919}, {"asin": "B00B605W0Q", "name": "USA Gear DualGRIP Stabilizing DSLR Camera Hand Grip Wrist Strap- Works with Fujifilm FinePix HS30EXR , HS35EXR , HS50 , SL1000 , S8400W , S8300W & More DSLR Cameras", "imUrl": "http://ecx.images-amazon.com/images/I/41vrb-B20yL._SY300_.jpg", "price": 14.99, "numReviews": 4, "groups": [128], "averageRating": 4.0}, {"asin": "B00BJ4FWRW", "name": "Ninja Strap!Red Quick-Release Sliding Flexible Camera Neck Shoulder Strap 1575", "imUrl": "http://ecx.images-amazon.com/images/I/41k17ZXeh6L._SY300_.jpg", "price": 24.9, "numReviews": 2, "groups": [129], "averageRating": 3.0}, {"asin": "B00JQQPOP0", "name": "Nikon BlackRapid Quick-Draw Strap", "imUrl": "http://ecx.images-amazon.com/images/I/51EYKBXA4rL._SY300_.jpg", "price": 82.99, "numReviews": 2, "groups": [130], "averageRating": 4.5, "brand": "Nikon"}, {"asin": "B004L5W6R0", "name": "Think Tank V2.0-1\" Double-Sided Non-Slip Camera Strap - Grey #254", "imUrl": "http://ecx.images-amazon.com/images/I/41EQbo9ULwL._SX300_.jpg", "price": 26.75, "numReviews": 15, "groups": [131], "averageRating": 4.466666666666667, "brand": "Think Tank"}, {"asin": "B0060BHK1A", "name": "Camera Straps by Capturing Couture: Animal Print Collection, The Raspberry Snake Skin 1.5\" SLR/DSLR Fashion Camera Strap", "imUrl": "http://ecx.images-amazon.com/images/I/21gbTW0Gl7L.jpg", "price": 39.0, "numReviews": 2, "groups": [132], "averageRating": 5.0}, {"asin": "B00FR7FWKY", "name": "Herringbone Heritage Leather Camera Hand Grip Type 2 Hand Strap for DSLR, Camel Brown", "imUrl": "http://ecx.images-amazon.com/images/I/41LPOkvDPgL._SX300_.jpg", "price": 29.99, "numReviews": 2, "groups": [133], "averageRating": 3.0, "brand": "Herringbone"}, {"asin": "B000MVTXJQ", "name": "Lowepro Speedster Camera Strap Black", "imUrl": "http://ecx.images-amazon.com/images/I/41CluIrC%2BSL._SY300_.jpg", "price": 6.95, "numReviews": 21, "groups": [134], "averageRating": 4.333333333333333}, {"asin": "B00137JVRM", "name": "OP/TECH USA Envy Strap (Black)", "imUrl": "http://ecx.images-amazon.com/images/I/41m2A5BbH6L._SY300_.jpg", "price": 15.95, "numReviews": 21, "groups": [135], "averageRating": 4.523809523809524, "brand": "OP/TECH USA"}, {"asin": "B007WPQL5Y", "name": "Nikon AN-DC3 Neck Strap for D3200 and D3300 D-SLR Cameras, Black", "imUrl": "http://ecx.images-amazon.com/images/I/41GWe77pR1L._SY300_.jpg", "price": 19.0, "numReviews": 1, "groups": [136], "averageRating": 5.0, "brand": "Nikon"}, {"asin": "B008N6SFRI", "name": "BIRUGEAR Soft Multi-Color Classic Camera shoulder/Neck Strap Belt + Heavy Duty Stabilizing Hand Grip Strap + Cleaning Cloth for Canon SX510 HS, SX50 HS, EOS 70D, 6D, SX500 IS, XT XTi XS XSi T1i T2i T3i T3 T4i T5i SL1; Nikon P530 D5300 D3300 D7100 D800 D4 COOLPIX L830 L820 L810 L310; GE Power Pro X500; Pentax X-5, 645Z and Other SLR Cameras", "imUrl": "http://ecx.images-amazon.com/images/I/518MyGKAA0L._SY300_.jpg", "price": 9.95, "numReviews": 4, "groups": [137], "averageRating": 4.5}, {"asin": "B00G55RGII", "name": "Joby JB01303-BWW Convertible Neck Strap (Black/Charcoal)", "imUrl": "http://ecx.images-amazon.com/images/I/31OgRhaiL2L._SY300_.jpg", "price": 20.32, "numReviews": 1, "groups": [138], "averageRating": 4.0, "brand": "Joby"}, {"asin": "B00HTKDFGU", "name": "Fotasy HB1 Professional Belt-Mounted DSLR Holster System with Premier Cleaning Cloth (Black)", "imUrl": "http://ecx.images-amazon.com/images/I/41X6NiUzRNL._SX300_.jpg", "price": 14.54, "numReviews": 3, "groups": [139], "averageRating": 4.333333333333333}, {"asin": "B004VXIX0Q", "name": "Golla Snap Camera Strap (Light Grey)", "imUrl": "http://ecx.images-amazon.com/images/I/31%2B7BGIw95L._SX300_.jpg", "price": 10.95, "numReviews": 8, "groups": [140], "averageRating": 4.75, "brand": "Golla"}, {"asin": "B00DO0HY2U", "name": "pangshi Shoulder Neck Strap Compatible for Canon EOS Rebel T3i T2i T1i T3 XSi XS Digital Cameras", "imUrl": "http://ecx.images-amazon.com/images/I/41IrzZHQd7L._SY300_.jpg", "price": 4.29, "numReviews": 1, "groups": [141], "averageRating": 5.0}, {"asin": "B00EVXT58A", "name": "Neo Victorian Blue 2\" SLR/DSLR Bohemian Camera Strap", "imUrl": "http://ecx.images-amazon.com/images/I/411GLW3Xg6L._SX300_.jpg", "price": 45.0, "numReviews": 1, "groups": [142], "averageRating": 5.0}, {"asin": "B00HTWFB6U", "name": "Movo Photo NS-1 Shock-Absorbing Padded Neoprene Camera Neck Strap with Quick Release", "imUrl": "http://ecx.images-amazon.com/images/I/41x0a3Qjg8L._SY300_.jpg", "price": 12.95, "numReviews": 12, "groups": [32, 143], "averageRating": 4.833333333333333}, {"asin": "B004VIRO6A", "name": "Bungalow Beach 1.5\" SLR/DSLR Fashion Camera Strap", "imUrl": "http://ecx.images-amazon.com/images/I/41tdLBqlsPL._SX300_.jpg", "price": 35.0, "numReviews": 2, "groups": [144], "averageRating": 5.0}, {"asin": "B00A7G5MR8", "name": "Custom SLR C-Loop Camera Strap Mount With Adjustable Cushioned Neck Strap - Silver", "imUrl": "http://ecx.images-amazon.com/images/I/41ffbrntL7L._SX300_.jpg", "price": 35.0, "numReviews": 1, "groups": [145], "averageRating": 5.0}, {"asin": "B00BTZ3IE0", "name": "Hand Strap Grip for Canon E2 for Canon EOS 60d 50d 7d 1d 1ds 1dii III 600d 5d Ii", "imUrl": "http://ecx.images-amazon.com/images/I/41BYMIeDclL._SY300_.jpg", "price": 6.8, "numReviews": 10, "groups": [9], "averageRating": 4.0}, {"asin": "B00FVM4FZS", "name": "Gariz Genuine Leather XS-HG2/BK1 Hand Strap Grip with XA-PC1 Plate for DSLR Canon Nikon Sony Camera, Black", "imUrl": "http://ecx.images-amazon.com/images/I/410%2BtdEDP-L._SY300_.jpg", "price": 42.99, "numReviews": 1, "groups": [146], "averageRating": 5.0, "brand": "Gariz"}, {"asin": "B008SP68VO", "name": "Gariz Elastic Band DD-WSP1 Camera Hand Strap for Mirroless Camera, Black", "imUrl": "http://ecx.images-amazon.com/images/I/41vW9GEbhZL._SX300_.jpg", "price": 9.99, "numReviews": 2, "groups": [147], "averageRating": 3.5, "brand": "Gariz"}, {"asin": "B009DB1MIG", "name": "Cosmos 2 Pcs Black Elasticity Anti-Slip Elastic Neoprene/Silicone Camera/shoulder/grip Neck Strap Belt for Panasonic Sony Canon Nikon Fuji Olympus Pentax Dslr with Cosmos Fastening Strap", "imUrl": "http://ecx.images-amazon.com/images/I/312jNuJRLKL.jpg", "price": 5.5, "numReviews": 3, "groups": [148], "averageRating": 2.6666666666666665}, {"asin": "B00CFHBBUE", "name": "Vintage Soft Multi-Color Universal Camcorder Camera Shoulder Strap Neck Belt for DSLR Nikon Canon Sony Olympus Samsung", "imUrl": "http://ecx.images-amazon.com/images/I/41hcXUTJY5L._SY300_.jpg", "price": 5.99, "numReviews": 30, "groups": [149], "averageRating": 4.633333333333334}, {"asin": "B008XYH10M", "name": "EarlyBirdSavings Neoprene Comfort Camera Padded Shoulder Neck Strap For Canon Camera/Camcorder", "imUrl": "http://ecx.images-amazon.com/images/I/41mdd-uL-AL._SY300_.jpg", "price": 5.99, "numReviews": 1, "groups": [150], "averageRating": 5.0}, {"asin": "B00EUINYCE", "name": "BlackRapid RS2SW-1AS Women's Camera Strap (Black)", "imUrl": "http://ecx.images-amazon.com/images/I/31yEBmQxbhL._SY300_.jpg", "price": 61.95, "numReviews": 3, "groups": [151], "averageRating": 5.0, "brand": "BlackRapid"}, {"asin": "B004VIRP82", "name": "Capturing Couture Tropical Collection 1.5\" Camera Strap (Hibiscus Harvest)", "imUrl": "http://ecx.images-amazon.com/images/I/214UTSFj7QL.jpg", "price": 35.0, "numReviews": 9, "groups": [152], "averageRating": 5.0, "brand": "Capturing Couture"}, {"asin": "B00BQ8UZKA", "name": "Black Rapid Yeti Dual Camera Sling Strap", "imUrl": "http://ecx.images-amazon.com/images/I/4169%2BPAr9NL._SY300_.jpg", "price": 99.95, "numReviews": 14, "groups": [153], "averageRating": 4.714285714285714}, {"asin": "B00C94GTLO", "name": "2 PACK] Extra Long Camera / Camcorder Neck Shoulder Straps Belt - Length Approximately 47\" + Cleaning Cloth in Retail Packaging (Extra Long - Black/Red + Black)", "imUrl": "http://ecx.images-amazon.com/images/I/41REIUQHXWL._SY300_.jpg", "price": 10.99, "numReviews": 201, "groups": [154], "averageRating": 4.796019900497512}, {"asin": "B00FY2SW9A", "name": "FotoTech Professional 100% GENUINE LEATHER Hand Wrist Strap Grip for Nikon D3, D3S, D3X, D4, D800, D800E, Df, D700, D600, D610, D7100, D7000, D90, D80, D300S, D300, D5200, D5100, D5000, D3200, D3100, D3000 with FotoTech Velvet Bag", "imUrl": "http://ecx.images-amazon.com/images/I/41pmIO5zC4L._SY300_.jpg", "price": 37.99, "numReviews": 5, "groups": [155], "averageRating": 4.0}, {"asin": "B004VXIWZM", "name": "GOLLA USA, INC. CAMERA NECK STRAP, BLINK, PINK", "imUrl": "http://ecx.images-amazon.com/images/I/416mUr9MGwL._SX300_.jpg", "price": 5.97, "numReviews": 2, "groups": [156], "averageRating": 4.5}, {"asin": "B0031YIWJS", "name": "BohemianUS Comfortable to wear neck-strap Lanyard in BLACK for Flashdrives, MP3s, Digital and other personal Items.", "imUrl": "http://ecx.images-amazon.com/images/I/31hvVxG5tIL._SX300_.jpg", "price": 6.56, "numReviews": 9, "groups": [157], "averageRating": 4.444444444444445}, {"asin": "B000H02B6O", "name": "OP/TECH USA Cam Strap - QD (Black)", "imUrl": "http://ecx.images-amazon.com/images/I/31eSf4jSutL._SX300_.jpg", "price": 8.95, "numReviews": 151, "groups": [158], "averageRating": 4.503311258278146, "brand": "OP/TECH USA"}, {"asin": "B008SP6G34", "name": "Gariz Genuine Leather XS-WSM3 Camera Hand Strap for Mirroless Camera, Brown", "imUrl": "http://ecx.images-amazon.com/images/I/41dH8BgKq6L._SX300_.jpg", "price": 7.77, "numReviews": 5, "groups": [159], "averageRating": 4.2}, {"asin": "B005J3DDD4", "name": "Artisan & Artist ACAM-301 Silk Cord Strap (Red)", "imUrl": "http://ecx.images-amazon.com/images/I/41It1dt7rbL._SX300_.jpg", "price": 88.0, "numReviews": 1, "groups": [160], "averageRating": 5.0}, {"asin": "B004L5R35U", "name": "Think Tank V2.0-1\" Double-Sided Non-Slip Camera Strap - Blue", "imUrl": "http://ecx.images-amazon.com/images/I/41EQbo9ULwL._SX300_.jpg", "price": 26.75, "numReviews": 15, "groups": [161], "averageRating": 4.666666666666667, "brand": "Think Tank"}, {"asin": "B005IY5U44", "name": "CowboyStudio Quick Neck Shoulder Strap for Canon, Nikon, and Sony Cameras (SFstrap)", "imUrl": "http://ecx.images-amazon.com/images/I/51RPNx6claL._SY300_.jpg", "price": 16.95, "numReviews": 13, "groups": [162], "averageRating": 3.6153846153846154, "brand": "CowboyStudio"}, {"asin": "B009K3M33U", "name": "Tamrac N5051 Leather Mirrorless Camera Strap - Black", "imUrl": "http://ecx.images-amazon.com/images/I/41fB3a4SFNL._SX300_.jpg", "price": 16.0, "numReviews": 2, "groups": [71], "averageRating": 4.5, "brand": "Tamrac"}, {"asin": "B00F9IQQ3S", "name": "CowboyStudio Bein Dark Brown Handmade Wide Genuine Leather Camera Shoulder Neck Strap, 2291", "imUrl": "http://ecx.images-amazon.com/images/I/41kr-G-ZC0L._SY300_.jpg", "price": 12.99, "numReviews": 1, "groups": [163], "averageRating": 5.0}, {"asin": "B009URICY0", "name": "Kingmys Black Professional Double Shoulder Belt Strap For Tow Video Cameras SLR DSLR", "imUrl": "http://ecx.images-amazon.com/images/I/51GzxJkhpbL._SY300_.jpg", "price": 12.6, "numReviews": 1, "groups": [164], "averageRating": 3.0}, {"asin": "B00318KTAE", "name": "Janco Leather Camera Hand Strap For the Canon EOS 7D, 5D Mark II, 500D, 450D, 400D, 50D, 40D, 30D,20D, 10D, 300D, 350D, 1DS MARK III Digital SLR Cameras", "imUrl": "http://ecx.images-amazon.com/images/I/41Odd3%2B0erL._SY300_.jpg", "price": 8.95, "numReviews": 13, "groups": [165], "averageRating": 3.8461538461538463}, {"asin": "B00F9ISYI8", "name": "CowboyStudio Bein Adjustable Handmade Genuine Leather Camera Shoulder Neck Strap, 2725", "imUrl": "http://ecx.images-amazon.com/images/I/51nFTDR%2Bf-L._SY300_.jpg", "price": 30.0, "numReviews": 1, "groups": [166], "averageRating": 3.0, "brand": "CowboyStudio"}, {"asin": "B0047W56WY", "name": "Vivitar Neoprene Shock Absorbing DSLR Camera Neck / Shoulder Strap Bundle For Nikon D3200, D3000, D3100, D5000, D5100, D90, D7000, D300S, D3X, D3S, D700, D800, D800E + BP MicroFiber Cleaning Cloth", "imUrl": "http://ecx.images-amazon.com/images/I/41QGhgCsuKL._SY300_.jpg", "price": 6.99, "numReviews": 2, "groups": [167], "averageRating": 4.0}, {"asin": "B00B87AWVG", "name": "Anti-Slip Olive Cotton/Brown Leather Head Universal Camera Strap for SLR DSLR 1204A-2", "imUrl": "http://ecx.images-amazon.com/images/I/41KPFExAP9L._SY300_.jpg", "price": 19.49, "numReviews": 3, "groups": [168], "averageRating": 5.0}, {"asin": "B002YVRGPA", "name": "Rainbowimaging NSCAN Anti-Slip Elastic Neoprene Neck Strap for Canon DSLR (Black)", "imUrl": "http://ecx.images-amazon.com/images/I/41gFwJRGtiL._SX300_.jpg", "price": 4.23, "numReviews": 58, "groups": [169], "averageRating": 4.362068965517241, "brand": "Rainbowimaging"}, {"asin": "B0056RCQJK", "name": "Custom SLR Glide Strap with Split Strap Technology", "imUrl": "http://ecx.images-amazon.com/images/I/41huF06fIaL._SX300_.jpg", "price": 32.95, "numReviews": 23, "groups": [170], "averageRating": 3.869565217391304, "brand": "Custom SLR"}, {"asin": "B00DYH2TGY", "name": "DSLRKIT Split Leather Wrist/Hand Strap Grip for Compact & Mirrorless Camera", "imUrl": "http://ecx.images-amazon.com/images/I/31lF7%2BcI6gL._SY300_.jpg", "price": 7.99, "numReviews": 2, "groups": [171], "averageRating": 4.5}, {"asin": "B008N6SFIM", "name": "BIRUGEAR Lens Pen + Soft Multi-Color Classic Camera shoulder/Neck Strap Belt + Cloth for Canon SX50 HS, G15, EOS 70D, 6D, SX500 IS, XSi T1i T2i T3i T3 T4i T5i SL1; Nikon D5300 D3300 D5200 D3200 D5100 D800 D4 COOLPIX L830 L820 L810 L310 P600 P530 P520; GE Power Pro X500; Pentax Q10, X-5 and Sony Fuji Olympus Panasonic DSLR Camera", "imUrl": "http://ecx.images-amazon.com/images/I/51WPgtzyMWL._SY300_.jpg", "price": 5.99, "numReviews": 17, "groups": [172], "averageRating": 4.352941176470588}, {"asin": "B00BRMGQIA", "name": "CowboyStudio Quick Neck Shoulder Camera Sling Belt Strap for Canon Nikon Sony Cameras", "imUrl": "http://ecx.images-amazon.com/images/I/51qZcoNplOL._SY300_.jpg", "price": 9.95, "numReviews": 105, "groups": [62, 143], "averageRating": 4.219047619047619, "brand": "CowboyStudio"}, {"asin": "B003U3H5CK", "name": "Vintage VNH Multi-Color Neck Strap for Canon, Fuji, Nikon, Olympus, Panasonic, Pentax and Sony Cameras (Multi)", "imUrl": "http://ecx.images-amazon.com/images/I/51276LVgk3L._SX300_.jpg", "price": 5.15, "numReviews": 147, "groups": [149], "averageRating": 4.292517006802721, "brand": "Vintage"}, {"asin": "B0010HA68I", "name": "OP/TECH USA System Connector - Reporter/Backpack", "imUrl": "http://ecx.images-amazon.com/images/I/41QYSXUfi0L._SY300_.jpg", "price": 8.95, "numReviews": 38, "groups": [173], "averageRating": 4.578947368421052, "brand": "OP/TECH USA"}, {"asin": "B00D7RA080", "name": "BIRUGEAR Blue Anti-Slip Soft Neoprene Camera Shoulder/Neck Strap + Cloth for Canon EOS SL1 T5 T5i T4i T3i T3 T2i; SX500 IS, SX50 HS, G15; Nikon P600 P530 P520 P510 L830 L820 L810 L120 Df D3300 D5300 D610 D7100 D5200 D3200 D600 D800 or any other Pentax Sony Fuji Olympus Panasonic SLR Cameras", "imUrl": "http://ecx.images-amazon.com/images/I/51TqpAXNIcL._SY300_.jpg", "price": 2.99, "numReviews": 115, "groups": [174], "averageRating": 4.130434782608695}, {"asin": "B00508ZURU", "name": "Rainbowimaging Quick Release Dual-shoulder Camera Neck Strap for Canon Nikon Olympus Pentax Panasonic Sony Dslr + Lens - Black", "imUrl": "http://ecx.images-amazon.com/images/I/51rNX3QzSZL._SY300_.jpg", "price": 12.6, "numReviews": 229, "groups": [175], "averageRating": 3.8253275109170306}, {"asin": "B00BCKK4BC", "name": "Level-Adjustable Handmade Genuine Leather Camera Shoulder Neck Strap Canon Olympus Samsung 2856", "imUrl": "http://ecx.images-amazon.com/images/I/41%2B4SzQ0qAL._SY300_.jpg", "price": 31.9, "numReviews": 1, "groups": [176], "averageRating": 5.0}, {"asin": "B005N57J3I", "name": "COSMOS 5 pcs Green Long Neck Strap Band Lanyard (36 inch full round length)For Camera Cell phone ipod mp3 mp4 PSP Wiimote ID card badge and other Electronic Devices + Cosmos cable tie", "imUrl": "http://ecx.images-amazon.com/images/I/31gObajzJ%2BL.jpg", "price": 5.99, "numReviews": 4, "groups": [177], "averageRating": 4.25}, {"asin": "B005Q09QQI", "name": "Merkury Innovations MB-NSSNBW Macbeth Collection Mb-nssnbw Shoulder/neck Camera Strap [black Neopaisley]", "imUrl": "http://ecx.images-amazon.com/images/I/413-LGAAPBL._SY300_.jpg", "price": 24.97, "numReviews": 1, "groups": [178], "averageRating": 5.0}, {"asin": "B007PXRFQW", "name": "Genuine Leather Wrist Strap for Leica Camera Leica for M, R,G,D, V-Lux, Panasonic,Olympus series", "imUrl": "http://ecx.images-amazon.com/images/I/31cQb%2BSNeUL._SY300_.jpg", "price": 6.99, "numReviews": 4, "groups": [179], "averageRating": 3.25}, {"asin": "B0092I7NG0", "name": "Getm Getm Wear 20006 Copper Camera Strap (Copper)", "imUrl": "http://ecx.images-amazon.com/images/I/41iaGo8kNDL._SY300_.jpg", "price": 30.82, "numReviews": 1, "groups": [180], "averageRating": 5.0}, {"asin": "B00460RUR6", "name": "BlackRapid RS-7 with FastenR-3 Curved Camera Strap - Black", "imUrl": "http://ecx.images-amazon.com/images/I/414u4q3CcnL._SY300_.jpg", "price": 61.95, "numReviews": 49, "groups": [181], "averageRating": 4.551020408163265, "brand": "BlackRapid"}, {"asin": "B0062W02C6", "name": "Fotasy NSQF Anti-Slip Sling Neck Strap with Rapid Fasten, Comfort, Ergonomic Design (Black)", "imUrl": "http://ecx.images-amazon.com/images/I/515AEoppcUL._SY300_.jpg", "price": 18.59, "numReviews": 195, "groups": [143], "averageRating": 4.482051282051282, "brand": "Fotasy"}, {"asin": "B00BWYC7AY", "name": "Custom SLR Glide One Strap Camera Strap System with Silver C-Loop", "imUrl": "http://ecx.images-amazon.com/images/I/41YSyv1u2PL._SY300_.jpg", "price": 64.95, "numReviews": 12, "groups": [86, 170], "averageRating": 4.666666666666667, "brand": "Custom SLR"}, {"asin": "B00092LFW6", "name": "OP/TECH USA Super Pro Strap - Design B (Black)", "imUrl": "http://ecx.images-amazon.com/images/I/41jtHYhXdWL._SY300_.jpg", "price": 18.21, "numReviews": 19, "groups": [182], "averageRating": 4.0, "brand": "OP/TECH USA"}, {"asin": "B00EHCQYP2", "name": "niceEshop(TM) Multi-Color Camera Neck Strap For Canon Nikon Sony Pentax Sigma DSLR Cameras", "imUrl": "http://ecx.images-amazon.com/images/I/416JxPxdBDL._SY300_.jpg", "price": 2.99, "numReviews": 2, "groups": [183], "averageRating": 5.0}, {"asin": "B0016XI3OA", "name": "Curved Comfort", "imUrl": "http://ecx.images-amazon.com/images/I/31tRRy1X5KL.jpg", "price": 18.82, "numReviews": 1, "groups": [184], "averageRating": 5.0}, {"asin": "B004VIRR12", "name": "Capturing Couture Summer Bliss 1.5\" Strap", "imUrl": "http://ecx.images-amazon.com/images/I/410lj8dS3XL._SY300_.jpg", "price": 35.0, "numReviews": 8, "groups": [185], "averageRating": 4.75, "brand": "Capturing Couture"}, {"asin": "B004VXIX1K", "name": "GOLLA USA, INC. CAMERA NECK STRAP, SNAP, GREEN", "imUrl": "http://ecx.images-amazon.com/images/I/41u1DZEEwQL._SX300_.jpg", "price": 7.52, "numReviews": 2, "groups": [186], "averageRating": 5.0}, {"asin": "B005U7RVS2", "name": "Camera Straps by Capturing Couture: Penelope Pear 1.5\" SLR/DSLR Camera Strap", "imUrl": "http://ecx.images-amazon.com/images/I/41rZoSaHr4L._SY300_.jpg", "price": 35.0, "numReviews": 16, "groups": [185], "averageRating": 4.9375}, {"asin": "B00B10CW22", "name": "Easy-Glide Digital Camera Neck Strap with Adjustable Weight-Reduction Buckle for Sony DSC-RX100M , Alpha NEX-6 , NEX-5N , DSC-RX100 and Many More Digital Cameras!", "imUrl": "http://ecx.images-amazon.com/images/I/41SGyMxW-2L._SY300_.jpg", "price": 14.99, "numReviews": 1, "groups": [187], "averageRating": 2.0}, {"asin": "B005DPOTXG", "name": "Black Nylon Camera/shoulder / Camcorder quick sling strap for Panasonic nikon Olympus samsung Canon Dslr + Cosmos Cable Tie", "imUrl": "http://ecx.images-amazon.com/images/I/31l2hmlYBAL._SY300_.jpg", "price": 12.49, "numReviews": 45, "groups": [188], "averageRating": 3.933333333333333, "brand": "Cosmos"}, {"asin": "B005FDWE4C", "name": "Cosmos Black Elasticity Anti-Slip Elastic Neoprene/Silicone Camera/shoulder/grip Neck Strap Belt for Panasonic Sony Canon Nikon Fuji Olympus Pentax Dslr + Cosmos Cable Tie", "imUrl": "http://ecx.images-amazon.com/images/I/41q9JiUjgEL._SY300_.jpg", "price": 4.45, "numReviews": 153, "groups": [189], "averageRating": 4.30718954248366, "brand": "Cosmos"}, {"asin": "B00137NMMW", "name": "OP/TECH USA SLR Wrist Strap (Black)", "imUrl": "http://ecx.images-amazon.com/images/I/41mKaQ6R6nL._SY300_.jpg", "price": 8.95, "numReviews": 234, "groups": [158], "averageRating": 4.581196581196581, "brand": "OP/TECH USA"}, {"asin": "B001NDQ2ZU", "name": "OP/TECH USA Compact Strap Trio (Swirl)", "imUrl": "http://ecx.images-amazon.com/images/I/41Tom4Yjv0L._SY300_.jpg", "price": 24.95, "numReviews": 8, "groups": [190], "averageRating": 4.25, "brand": "OP/TECH USA"}, {"asin": "B00BOG389E", "name": "Gariz Genuine Leather XS-CHLSNBKB Camera Neck Strap for Sony, Leica, Fujifilm, olympus cameras- Black with Brown Stitching", "imUrl": "http://ecx.images-amazon.com/images/I/41OoaxKZboL._SY300_.jpg", "price": 44.99, "numReviews": 1, "groups": [1], "averageRating": 1.0}, {"asin": "B00EC15S7S", "name": "Soft Matt-Black-Brown Wide Genuine Leather Camera Shoulder Neck Strap 2247", "imUrl": "http://ecx.images-amazon.com/images/I/41qdRo6tcoL._SY300_.jpg", "price": 33.9, "numReviews": 1, "groups": [191], "averageRating": 5.0}, {"asin": "B00HTWF9ZI", "name": "Movo Photo HSG-2 DualStrap Padded Wrist & Grip Strap for DSLR Cameras - Prevents droppage and stabilizes video", "imUrl": "http://ecx.images-amazon.com/images/I/51JlGUOn2GL._SY300_.jpg", "price": 9.95, "numReviews": 14, "groups": [33], "averageRating": 4.857142857142857}, {"asin": "B003VGJ2LI", "name": "RainbowImaging Innovative High Quality Quick Release Oxford Neck Strap For Canon, Nikon, Olympus. Sony, Pentax, Panasonic , Fujifilm Digital Cameras", "imUrl": "http://ecx.images-amazon.com/images/I/51oysA-vXSL._SX300_.jpg", "price": 12.88, "numReviews": 60, "groups": [192], "averageRating": 3.2, "brand": "Rainbow"}, {"asin": "B00DYO2CFA", "name": "Faux Leather Hand Grip Wrist strap For Canon G1X G10 G11 G12 G15 Black", "imUrl": "http://ecx.images-amazon.com/images/I/316cm9%2BWDML._SY300_.jpg", "price": 11.37, "numReviews": 1, "groups": [193], "averageRating": 4.0}, {"asin": "B0040HJOO2", "name": "Quick Neck Shoulder Strap for Canon Nikon Olympus Pentax Panasonic Sony Camera - Black", "imUrl": "http://ecx.images-amazon.com/images/I/516U%2BybvC8L._SY300_.jpg", "price": 18.29, "numReviews": 78, "groups": [194], "averageRating": 3.6794871794871793}, {"asin": "B00H7PM1JE", "name": "NEEWER\u00ae 2+1 Padding Stress Release Long Shoulder Strap for Canon, Nikon, Sony, Pentax, Olympus and all Other DSLR Cameras Camcorder", "imUrl": "http://ecx.images-amazon.com/images/I/41cw4O1AwFL._SY300_.jpg", "price": 12.75, "numReviews": 1, "groups": [195], "averageRating": 3.0}, {"asin": "B008SP686E", "name": "Gariz Genuine Leather XS-FS1BW Camera Finger Strap for Leica X100 X10 X-PRO1 SONY, Brown", "imUrl": "http://ecx.images-amazon.com/images/I/41LkB76kJAL._SX300_.jpg", "price": 11.99, "numReviews": 1, "groups": [196], "averageRating": 5.0, "brand": "Gariz"}, {"asin": "B008H2F15C", "name": "Crumpler Convenient Disgrace - Extra Camera Straps (CDE000)", "imUrl": "http://ecx.images-amazon.com/images/I/31CI2ThSkmL._SY300_.jpg", "price": 15.0, "numReviews": 1, "groups": [197], "averageRating": 5.0, "brand": "Crumpler"}, {"asin": "B008SP6M5Q", "name": "Gariz Metal XA-SH1N Camera Neck Strap Hook for Gun Shot Function for Mirroless Camera, Black", "imUrl": "http://ecx.images-amazon.com/images/I/31rhM9A8MfL._SX300_.jpg", "price": 12.99, "numReviews": 5, "groups": [198], "averageRating": 4.2, "brand": "Gariz"}], "links": [{"source": 0, "target": 77, "right": true, "left": false, "value": 1}, {"source": 1, "target": 201, "right": true, "left": true, "value": 1}, {"source": 2, "target": 178, "right": true, "left": false, "value": 1}, {"source": 3, "target": 9, "right": true, "left": true, "value": 1}, {"source": 3, "target": 148, "right": true, "left": false, "value": 1}, {"source": 4, "target": 54, "right": true, "left": false, "value": 1}, {"source": 4, "target": 199, "right": true, "left": false, "value": 1}, {"source": 5, "target": 49, "right": true, "left": false, "value": 1}, {"source": 5, "target": 177, "right": true, "left": false, "value": 1}, {"source": 5, "target": 188, "right": true, "left": false, "value": 1}, {"source": 6, "target": 198, "right": true, "left": false, "value": 1}, {"source": 7, "target": 185, "right": false, "left": true, "value": 1}, {"source": 7, "target": 124, "right": true, "left": false, "value": 1}, {"source": 7, "target": 30, "right": false, "left": true, "value": 1}, {"source": 8, "target": 114, "right": true, "left": false, "value": 1}, {"source": 8, "target": 199, "right": true, "left": false, "value": 1}, {"source": 9, "target": 148, "right": true, "left": true, "value": 1}, {"source": 10, "target": 152, "right": true, "left": false, "value": 1}, {"source": 11, "target": 97, "right": false, "left": true, "value": 1}, {"source": 11, "target": 35, "right": false, "left": true, "value": 1}, {"source": 11, "target": 196, "right": false, "left": true, "value": 1}, {"source": 11, "target": 166, "right": false, "left": true, "value": 1}, {"source": 11, "target": 71, "right": false, "left": true, "value": 1}, {"source": 11, "target": 200, "right": false, "left": true, "value": 1}, {"source": 11, "target": 75, "right": false, "left": true, "value": 1}, {"source": 11, "target": 107, "right": false, "left": true, "value": 1}, {"source": 11, "target": 110, "right": false, "left": true, "value": 1}, {"source": 11, "target": 47, "right": false, "left": true, "value": 1}, {"source": 11, "target": 80, "right": false, "left": true, "value": 1}, {"source": 11, "target": 17, "right": false, "left": true, "value": 1}, {"source": 11, "target": 125, "right": false, "left": true, "value": 1}, {"source": 11, "target": 87, "right": false, "left": true, "value": 1}, {"source": 11, "target": 55, "right": false, "left": true, "value": 1}, {"source": 11, "target": 25, "right": false, "left": true, "value": 1}, {"source": 11, "target": 93, "right": false, "left": true, "value": 1}, {"source": 11, "target": 57, "right": false, "left": true, "value": 1}, {"source": 12, "target": 140, "right": false, "left": true, "value": 1}, {"source": 12, "target": 46, "right": true, "left": false, "value": 1}, {"source": 13, "target": 55, "right": false, "left": true, "value": 1}, {"source": 14, "target": 33, "right": true, "left": false, "value": 1}, {"source": 14, "target": 203, "right": true, "left": false, "value": 1}, {"source": 15, "target": 49, "right": true, "left": false, "value": 1}, {"source": 15, "target": 188, "right": true, "left": false, "value": 1}, {"source": 15, "target": 181, "right": true, "left": false, "value": 1}, {"source": 16, "target": 83, "right": false, "left": true, "value": 1}, {"source": 16, "target": 198, "right": true, "left": false, "value": 1}, {"source": 17, "target": 84, "right": false, "left": true, "value": 1}, {"source": 18, "target": 178, "right": true, "left": false, "value": 1}, {"source": 18, "target": 198, "right": true, "left": false, "value": 1}, {"source": 19, "target": 66, "right": true, "left": false, "value": 1}, {"source": 20, "target": 32, "right": true, "left": false, "value": 1}, {"source": 20, "target": 145, "right": true, "left": false, "value": 1}, {"source": 21, "target": 210, "right": true, "left": false, "value": 1}, {"source": 22, "target": 203, "right": true, "left": false, "value": 1}, {"source": 23, "target": 33, "right": true, "left": false, "value": 1}, {"source": 23, "target": 199, "right": true, "left": false, "value": 1}, {"source": 24, "target": 58, "right": true, "left": false, "value": 1}, {"source": 25, "target": 68, "right": true, "left": false, "value": 1}, {"source": 26, "target": 199, "right": true, "left": false, "value": 1}, {"source": 27, "target": 152, "right": true, "left": false, "value": 1}, {"source": 27, "target": 44, "right": false, "left": true, "value": 1}, {"source": 27, "target": 119, "right": false, "left": true, "value": 1}, {"source": 28, "target": 152, "right": true, "left": false, "value": 1}, {"source": 28, "target": 178, "right": true, "left": false, "value": 1}, {"source": 29, "target": 179, "right": true, "left": false, "value": 1}, {"source": 31, "target": 49, "right": true, "left": false, "value": 1}, {"source": 32, "target": 36, "right": false, "left": true, "value": 1}, {"source": 32, "target": 198, "right": false, "left": true, "value": 1}, {"source": 32, "target": 138, "right": false, "left": true, "value": 1}, {"source": 32, "target": 142, "right": false, "left": true, "value": 1}, {"source": 32, "target": 145, "right": true, "left": true, "value": 1}, {"source": 32, "target": 180, "right": false, "left": true, "value": 1}, {"source": 32, "target": 119, "right": false, "left": true, "value": 1}, {"source": 32, "target": 56, "right": false, "left": true, "value": 1}, {"source": 32, "target": 91, "right": false, "left": true, "value": 1}, {"source": 32, "target": 63, "right": false, "left": true, "value": 1}, {"source": 33, "target": 34, "right": false, "left": true, "value": 1}, {"source": 33, "target": 130, "right": false, "left": true, "value": 1}, {"source": 33, "target": 69, "right": false, "left": true, "value": 1}, {"source": 33, "target": 169, "right": false, "left": true, "value": 1}, {"source": 33, "target": 203, "right": true, "left": true, "value": 1}, {"source": 33, "target": 139, "right": false, "left": true, "value": 1}, {"source": 33, "target": 111, "right": false, "left": true, "value": 1}, {"source": 35, "target": 198, "right": true, "left": false, "value": 1}, {"source": 36, "target": 173, "right": true, "left": false, "value": 1}, {"source": 37, "target": 178, "right": true, "left": false, "value": 1}, {"source": 38, "target": 177, "right": true, "left": false, "value": 1}, {"source": 38, "target": 188, "right": true, "left": false, "value": 1}, {"source": 38, "target": 62, "right": true, "left": false, "value": 1}, {"source": 39, "target": 203, "right": true, "left": false, "value": 1}, {"source": 39, "target": 199, "right": true, "left": false, "value": 1}, {"source": 40, "target": 66, "right": true, "left": false, "value": 1}, {"source": 41, "target": 124, "right": true, "left": false, "value": 1}, {"source": 42, "target": 172, "right": true, "left": false, "value": 1}, {"source": 43, "target": 113, "right": true, "left": true, "value": 1}, {"source": 44, "target": 186, "right": false, "left": true, "value": 1}, {"source": 44, "target": 146, "right": false, "left": true, "value": 1}, {"source": 44, "target": 152, "right": true, "left": false, "value": 1}, {"source": 44, "target": 90, "right": false, "left": true, "value": 1}, {"source": 44, "target": 60, "right": false, "left": true, "value": 1}, {"source": 45, "target": 173, "right": true, "left": false, "value": 1}, {"source": 46, "target": 128, "right": false, "left": true, "value": 1}, {"source": 46, "target": 105, "right": false, "left": true, "value": 1}, {"source": 46, "target": 78, "right": false, "left": true, "value": 1}, {"source": 46, "target": 84, "right": false, "left": true, "value": 1}, {"source": 46, "target": 188, "right": true, "left": false, "value": 1}, {"source": 46, "target": 62, "right": false, "left": true, "value": 1}, {"source": 46, "target": 127, "right": false, "left": true, "value": 1}, {"source": 48, "target": 161, "right": true, "left": false, "value": 1}, {"source": 48, "target": 199, "right": true, "left": false, "value": 1}, {"source": 49, "target": 64, "right": false, "left": true, "value": 1}, {"source": 49, "target": 65, "right": false, "left": true, "value": 1}, {"source": 49, "target": 192, "right": false, "left": true, "value": 1}, {"source": 49, "target": 168, "right": false, "left": true, "value": 1}, {"source": 49, "target": 177, "right": true, "left": false, "value": 1}, {"source": 49, "target": 181, "right": true, "left": false, "value": 1}, {"source": 50, "target": 163, "right": false, "left": true, "value": 1}, {"source": 51, "target": 188, "right": true, "left": false, "value": 1}, {"source": 52, "target": 152, "right": true, "left": false, "value": 1}, {"source": 52, "target": 178, "right": true, "left": false, "value": 1}, {"source": 53, "target": 177, "right": true, "left": false, "value": 1}, {"source": 53, "target": 188, "right": true, "left": false, "value": 1}, {"source": 53, "target": 62, "right": true, "left": false, "value": 1}, {"source": 56, "target": 145, "right": true, "left": false, "value": 1}, {"source": 56, "target": 198, "right": true, "left": false, "value": 1}, {"source": 58, "target": 154, "right": true, "left": false, "value": 1}, {"source": 59, "target": 188, "right": true, "left": false, "value": 1}, {"source": 60, "target": 178, "right": true, "left": false, "value": 1}, {"source": 60, "target": 82, "right": true, "left": false, "value": 1}, {"source": 61, "target": 145, "right": true, "left": false, "value": 1}, {"source": 61, "target": 66, "right": true, "left": false, "value": 1}, {"source": 61, "target": 68, "right": true, "left": false, "value": 1}, {"source": 62, "target": 165, "right": false, "left": true, "value": 1}, {"source": 62, "target": 197, "right": false, "left": true, "value": 1}, {"source": 62, "target": 206, "right": false, "left": true, "value": 1}, {"source": 62, "target": 177, "right": true, "left": true, "value": 1}, {"source": 62, "target": 84, "right": false, "left": true, "value": 1}, {"source": 62, "target": 188, "right": true, "left": false, "value": 1}, {"source": 66, "target": 137, "right": false, "left": true, "value": 1}, {"source": 66, "target": 190, "right": false, "left": true, "value": 1}, {"source": 67, "target": 202, "right": false, "left": true, "value": 1}, {"source": 67, "target": 85, "right": false, "left": true, "value": 1}, {"source": 67, "target": 182, "right": false, "left": true, "value": 1}, {"source": 68, "target": 199, "right": false, "left": true, "value": 1}, {"source": 68, "target": 136, "right": false, "left": true, "value": 1}, {"source": 68, "target": 200, "right": false, "left": true, "value": 1}, {"source": 68, "target": 208, "right": false, "left": true, "value": 1}, {"source": 68, "target": 209, "right": false, "left": true, "value": 1}, {"source": 68, "target": 179, "right": false, "left": true, "value": 1}, {"source": 68, "target": 87, "right": false, "left": true, "value": 1}, {"source": 69, "target": 148, "right": true, "left": false, "value": 1}, {"source": 70, "target": 199, "right": true, "left": false, "value": 1}, {"source": 71, "target": 166, "right": true, "left": true, "value": 1}, {"source": 72, "target": 188, "right": true, "left": false, "value": 1}, {"source": 72, "target": 118, "right": true, "left": false, "value": 1}, {"source": 73, "target": 178, "right": true, "left": false, "value": 1}, {"source": 73, "target": 90, "right": false, "left": true, "value": 1}, {"source": 73, "target": 134, "right": false, "left": true, "value": 1}, {"source": 74, "target": 114, "right": true, "left": false, "value": 1}, {"source": 76, "target": 114, "right": true, "left": false, "value": 1}, {"source": 76, "target": 135, "right": false, "left": true, "value": 1}, {"source": 79, "target": 188, "right": true, "left": false, "value": 1}, {"source": 79, "target": 181, "right": true, "left": false, "value": 1}, {"source": 80, "target": 160, "right": false, "left": true, "value": 1}, {"source": 80, "target": 183, "right": false, "left": true, "value": 1}, {"source": 80, "target": 88, "right": false, "left": true, "value": 1}, {"source": 80, "target": 126, "right": false, "left": true, "value": 1}, {"source": 81, "target": 178, "right": true, "left": false, "value": 1}, {"source": 81, "target": 106, "right": false, "left": true, "value": 1}, {"source": 82, "target": 184, "right": false, "left": true, "value": 1}, {"source": 82, "target": 198, "right": true, "left": false, "value": 1}, {"source": 84, "target": 188, "right": true, "left": false, "value": 1}, {"source": 85, "target": 170, "right": false, "left": true, "value": 1}, {"source": 86, "target": 147, "right": false, "left": true, "value": 1}, {"source": 86, "target": 92, "right": false, "left": true, "value": 1}, {"source": 86, "target": 189, "right": true, "left": true, "value": 1}, {"source": 87, "target": 161, "right": true, "left": false, "value": 1}, {"source": 88, "target": 160, "right": false, "left": true, "value": 1}, {"source": 89, "target": 188, "right": true, "left": false, "value": 1}, {"source": 91, "target": 188, "right": true, "left": false, "value": 1}, {"source": 91, "target": 173, "right": true, "left": false, "value": 1}, {"source": 94, "target": 181, "right": true, "left": false, "value": 1}, {"source": 95, "target": 178, "right": true, "left": false, "value": 1}, {"source": 95, "target": 155, "right": true, "left": false, "value": 1}, {"source": 96, "target": 161, "right": true, "left": false, "value": 1}, {"source": 96, "target": 199, "right": true, "left": false, "value": 1}, {"source": 97, "target": 161, "right": true, "left": false, "value": 1}, {"source": 98, "target": 122, "right": true, "left": false, "value": 1}, {"source": 98, "target": 99, "right": true, "left": false, "value": 1}, {"source": 99, "target": 114, "right": true, "left": false, "value": 1}, {"source": 99, "target": 122, "right": true, "left": true, "value": 1}, {"source": 100, "target": 179, "right": true, "left": false, "value": 1}, {"source": 101, "target": 177, "right": true, "left": false, "value": 1}, {"source": 101, "target": 188, "right": true, "left": false, "value": 1}, {"source": 102, "target": 177, "right": true, "left": false, "value": 1}, {"source": 102, "target": 188, "right": true, "left": false, "value": 1}, {"source": 103, "target": 188, "right": true, "left": false, "value": 1}, {"source": 103, "target": 198, "right": true, "left": false, "value": 1}, {"source": 104, "target": 177, "right": true, "left": false, "value": 1}, {"source": 104, "target": 188, "right": true, "left": false, "value": 1}, {"source": 105, "target": 189, "right": false, "left": true, "value": 1}, {"source": 108, "target": 177, "right": true, "left": false, "value": 1}, {"source": 108, "target": 188, "right": true, "left": false, "value": 1}, {"source": 109, "target": 152, "right": true, "left": false, "value": 1}, {"source": 109, "target": 178, "right": true, "left": false, "value": 1}, {"source": 112, "target": 161, "right": true, "left": false, "value": 1}, {"source": 112, "target": 199, "right": true, "left": false, "value": 1}, {"source": 114, "target": 135, "right": false, "left": true, "value": 1}, {"source": 115, "target": 137, "right": true, "left": false, "value": 1}, {"source": 116, "target": 152, "right": true, "left": false, "value": 1}, {"source": 116, "target": 178, "right": true, "left": false, "value": 1}, {"source": 117, "target": 178, "right": true, "left": false, "value": 1}, {"source": 118, "target": 187, "right": false, "left": true, "value": 1}, {"source": 118, "target": 188, "right": true, "left": false, "value": 1}, {"source": 120, "target": 198, "right": true, "left": false, "value": 1}, {"source": 121, "target": 145, "right": true, "left": false, "value": 1}, {"source": 121, "target": 173, "right": true, "left": false, "value": 1}, {"source": 123, "target": 152, "right": true, "left": false, "value": 1}, {"source": 123, "target": 178, "right": true, "left": false, "value": 1}, {"source": 124, "target": 161, "right": true, "left": false, "value": 1}, {"source": 124, "target": 185, "right": false, "left": true, "value": 1}, {"source": 125, "target": 161, "right": true, "left": false, "value": 1}, {"source": 126, "target": 183, "right": false, "left": true, "value": 1}, {"source": 127, "target": 177, "right": true, "left": false, "value": 1}, {"source": 127, "target": 188, "right": true, "left": false, "value": 1}, {"source": 128, "target": 188, "right": true, "left": false, "value": 1}, {"source": 129, "target": 188, "right": true, "left": false, "value": 1}, {"source": 131, "target": 161, "right": true, "left": false, "value": 1}, {"source": 132, "target": 188, "right": true, "left": false, "value": 1}, {"source": 133, "target": 192, "right": false, "left": true, "value": 1}, {"source": 136, "target": 145, "right": true, "left": false, "value": 1}, {"source": 141, "target": 188, "right": true, "left": false, "value": 1}, {"source": 142, "target": 188, "right": true, "left": false, "value": 1}, {"source": 142, "target": 159, "right": false, "left": true, "value": 1}, {"source": 143, "target": 173, "right": true, "left": false, "value": 1}, {"source": 144, "target": 155, "right": true, "left": false, "value": 1}, {"source": 145, "target": 153, "right": false, "left": true, "value": 1}, {"source": 145, "target": 198, "right": false, "left": true, "value": 1}, {"source": 145, "target": 173, "right": false, "left": true, "value": 1}, {"source": 145, "target": 177, "right": true, "left": true, "value": 1}, {"source": 145, "target": 180, "right": false, "left": true, "value": 1}, {"source": 145, "target": 188, "right": true, "left": true, "value": 1}, {"source": 146, "target": 193, "right": true, "left": false, "value": 1}, {"source": 146, "target": 178, "right": true, "left": false, "value": 1}, {"source": 146, "target": 195, "right": true, "left": false, "value": 1}, {"source": 149, "target": 210, "right": true, "left": false, "value": 1}, {"source": 150, "target": 161, "right": true, "left": false, "value": 1}, {"source": 151, "target": 198, "right": true, "left": false, "value": 1}, {"source": 152, "target": 178, "right": true, "left": true, "value": 1}, {"source": 152, "target": 157, "right": false, "left": true, "value": 1}, {"source": 153, "target": 173, "right": true, "left": false, "value": 1}, {"source": 154, "target": 188, "right": true, "left": false, "value": 1}, {"source": 156, "target": 181, "right": true, "left": false, "value": 1}, {"source": 157, "target": 178, "right": true, "left": false, "value": 1}, {"source": 158, "target": 203, "right": true, "left": false, "value": 1}, {"source": 161, "target": 166, "right": false, "left": true, "value": 1}, {"source": 161, "target": 199, "right": true, "left": true, "value": 1}, {"source": 161, "target": 200, "right": false, "left": true, "value": 1}, {"source": 161, "target": 175, "right": false, "left": true, "value": 1}, {"source": 162, "target": 210, "right": true, "left": false, "value": 1}, {"source": 164, "target": 179, "right": true, "left": false, "value": 1}, {"source": 165, "target": 177, "right": true, "left": false, "value": 1}, {"source": 165, "target": 188, "right": true, "left": false, "value": 1}, {"source": 167, "target": 177, "right": true, "left": false, "value": 1}, {"source": 168, "target": 181, "right": true, "left": false, "value": 1}, {"source": 171, "target": 198, "right": true, "left": false, "value": 1}, {"source": 173, "target": 198, "right": true, "left": false, "value": 1}, {"source": 174, "target": 188, "right": true, "left": false, "value": 1}, {"source": 174, "target": 189, "right": true, "left": true, "value": 1}, {"source": 176, "target": 178, "right": true, "left": false, "value": 1}, {"source": 177, "target": 197, "right": false, "left": true, "value": 1}, {"source": 177, "target": 204, "right": false, "left": true, "value": 1}, {"source": 177, "target": 206, "right": false, "left": true, "value": 1}, {"source": 177, "target": 207, "right": false, "left": true, "value": 1}, {"source": 177, "target": 181, "right": false, "left": true, "value": 1}, {"source": 177, "target": 188, "right": true, "left": true, "value": 1}, {"source": 178, "target": 191, "right": false, "left": true, "value": 1}, {"source": 178, "target": 194, "right": false, "left": true, "value": 1}, {"source": 181, "target": 188, "right": true, "left": false, "value": 1}, {"source": 185, "target": 205, "right": false, "left": true, "value": 1}, {"source": 187, "target": 188, "right": true, "left": false, "value": 1}, {"source": 188, "target": 192, "right": false, "left": true, "value": 1}, {"source": 188, "target": 197, "right": false, "left": true, "value": 1}, {"source": 188, "target": 204, "right": false, "left": true, "value": 1}, {"source": 188, "target": 206, "right": false, "left": true, "value": 1}, {"source": 193, "target": 195, "right": true, "left": true, "value": 1}, {"source": 208, "target": 210, "right": true, "left": false, "value": 1}]}