{"nodes": [{"asin": "B0076R7EZE", "name": "Samsung HT-E4500 HTIB 5.1 Channel 3D Blu-ray 1000-Watt Home Theater System", "imUrl": "http://ecx.images-amazon.com/images/I/31HCMHvvx5L._SX300_.jpg", "price": 329.95, "numReviews": 52, "groups": [0], "averageRating": 3.9038461538461537}, {"asin": "B008JFZI0A", "name": "Insignia 5.0 Channel Home Theater Speaker System NS-SP511", "imUrl": "http://ecx.images-amazon.com/images/I/41n61UD8tmL._SX300_.jpg", "price": 123.81, "numReviews": 1, "groups": [1], "averageRating": 5.0, "brand": "Insignia", "salesRankCategory": "Electronics", "salesRank": 135486}, {"asin": "B0086P7FLI", "name": "Panasonic SC-HTB351 Home Theater System Multi Positional System", "imUrl": "http://ecx.images-amazon.com/images/I/31wBNhu2uzL._SX300_.jpg", "price": 209.85, "numReviews": 2, "groups": [2], "averageRating": 2.5}, {"asin": "B008RRRUTC", "name": "Pioneer HTZ-BD32 3D Blu-Ray Surround Sound Home Theater System", "imUrl": "http://ecx.images-amazon.com/images/I/31MP8tCT4QL._SX300_.jpg", "price": 229.95, "numReviews": 20, "groups": [3], "averageRating": 3.3, "brand": "Pioneer"}, {"asin": "B008BGY0VU", "name": "Craig 2.1 Channel Tower Speaker System with Digital FM Radio, Black (CHT917)", "imUrl": "http://ecx.images-amazon.com/images/I/313cpUw6KWL._SY300_.jpg", "price": 97.1, "numReviews": 39, "groups": [4], "averageRating": 3.9743589743589745}, {"asin": "B001THBXM2", "name": "Coby DVD420 2.1-Channel DVD Home Theater System", "imUrl": "http://ecx.images-amazon.com/images/I/41kUOaU2BTL._SY300_.jpg", "price": 44.5, "numReviews": 28, "groups": [5], "averageRating": 2.6785714285714284, "brand": "Coby"}, {"asin": "B008BGY0VA", "name": "Craig 5.1 Channel Home Theater System with DVD Player, Black (CHT754)", "imUrl": "http://ecx.images-amazon.com/images/I/31GnEQYFeEL._SX300_.jpg", "price": 103.86, "numReviews": 4, "groups": [6], "averageRating": 2.25}, {"asin": "B003O85BG8", "name": "RCA RT2910 1000W Home Theater System (Discontinued by Manufacturer)", "imUrl": "http://ecx.images-amazon.com/images/I/31mV7p5hfEL._SX300_.jpg", "price": 124.99, "numReviews": 25, "groups": [7], "averageRating": 3.12}, {"asin": "B007JMNJPA", "name": "Samsung HT-E3500 5.1 Channel 500-Watt Blu-ray Home Theater System", "imUrl": "http://ecx.images-amazon.com/images/I/31MRm%2BmHIKL._SX300_.jpg", "price": 298.0, "numReviews": 46, "groups": [8], "averageRating": 3.869565217391304}, {"asin": "B003TXELEQ", "name": "Philips HTS5580W Home Theater (Discontinued by Manufacturer)", "imUrl": "http://ecx.images-amazon.com/images/I/31vV-vrIdfL._SY300_.jpg", "price": 8.99, "numReviews": 7, "groups": [9], "averageRating": 2.2857142857142856}, {"asin": "B0078GCLS8", "name": "Panasonic SC-HTB350 Energy Star 2.1-Channel 240-Watt Multi-Positional Audio System with Wireless Music Streaming via Bluetooth", "imUrl": "http://ecx.images-amazon.com/images/I/41fAndqj8zL._SY300_.jpg", "price": 209.85, "numReviews": 81, "groups": [10], "averageRating": 3.8395061728395063}, {"asin": "B0086IQCSM", "name": "Samsung HT-EM53C 5.1 3D Home Theater Blu-ray System w/ Wi-Fi", "imUrl": "http://ecx.images-amazon.com/images/I/31%2BR%2BoyK%2B6L._SY300_.jpg", "price": 369.97, "numReviews": 5, "groups": [11], "averageRating": 3.0}, {"asin": "B006U1YU8G", "name": "Sony BDVE390 Blu-ray Home Theater Systems", "imUrl": "http://ecx.images-amazon.com/images/I/31u6lSpikbL._SY300_.jpg", "price": 298.0, "numReviews": 64, "groups": [12], "averageRating": 4.03125}, {"asin": "B00C747FQY", "name": "Samsung HT-FM53/ZA Theatre System", "imUrl": "http://ecx.images-amazon.com/images/I/31Y%2BWtDVvgL._SY300_.jpg", "price": 4.45, "numReviews": 3, "groups": [13], "averageRating": 5.0}, {"asin": "B003Z4YTL4", "name": "Sony BDV-T57 Blu-Ray 5.1 Home Theater System", "imUrl": "http://ecx.images-amazon.com/images/I/21MaujVdDmL._SY300_.jpg", "price": 458.88, "numReviews": 14, "groups": [14], "averageRating": 3.0, "salesRankCategory": "Electronics", "salesRank": 175104}, {"asin": "B001S90XMW", "name": "Coby DVD968 1000-Watt 5.1-Channel Home theatre System", "imUrl": "http://ecx.images-amazon.com/images/I/31o7Jab2W0L._SY300_.jpg", "price": 181.19, "numReviews": 34, "groups": [15], "averageRating": 2.735294117647059, "brand": "Coby"}, {"asin": "B0007Z7XVW", "name": "Sony DAV-DX150 Home Theater System (Discontinued by Manufacturer)", "imUrl": "http://ecx.images-amazon.com/images/I/31ZYVHBSZXL._SX300_.jpg", "price": 12.02, "numReviews": 11, "groups": [16], "averageRating": 4.363636363636363}, {"asin": "B001EM9T8C", "name": "Samsung HT-BD2ET Blu-ray Home Theater System", "imUrl": "http://ecx.images-amazon.com/images/I/31fIgOAEIwL._SX300_.jpg", "price": 799.95, "numReviews": 17, "groups": [17], "averageRating": 1.9411764705882353}, {"asin": "B0018YXP5Y", "name": "LG LHT854 1000-Watt DVD Disc Home Theater In a Box (2009 Model)", "imUrl": "http://ecx.images-amazon.com/images/I/41b2Ee5zAWL._SY300_.jpg", "price": 4.45, "numReviews": 44, "groups": [18], "averageRating": 3.7954545454545454}, {"asin": "B000GK22AK", "name": "Yamaha DVX-CSC1 900 Watt 5.1 Cinema Station System - A/V Receiver with Integrated 5-Disc DVD/SACD Player (Silver)", "imUrl": "http://ecx.images-amazon.com/images/I/31ZJJSYZ9BL._SX300_.jpg", "price": 279.0, "numReviews": 1, "groups": [19], "averageRating": 5.0, "salesRankCategory": "Electronics", "salesRank": 306395}, {"asin": "B001AAV5QW", "name": "Samsung HT-X715T 5.1 Channel Bluetooth Home Theater System", "imUrl": "http://ecx.images-amazon.com/images/I/31XrZiO0lKL._SY300_.jpg", "price": 40.99, "numReviews": 15, "groups": [20], "averageRating": 3.933333333333333}, {"asin": "B0009WIDI0", "name": "YAMAHA DVX-C300 Cinema Station Home Theater Sound system (Discontinued by Manufacturer)", "imUrl": "http://ecx.images-amazon.com/images/I/312WGA1CZML._SX300_.jpg", "price": 349.95, "numReviews": 7, "groups": [21], "averageRating": 3.857142857142857}, {"asin": "B0015AD90M", "name": "Samsung HT-Z510T 5.1-Channel 5 Disc Home Theater Surround Sound System (Black)", "imUrl": "http://ecx.images-amazon.com/images/I/31F-UbIXPrL._SX300_.jpg", "price": 448.0, "numReviews": 31, "groups": [22], "averageRating": 3.3870967741935485, "salesRankCategory": "Electronics", "salesRank": 142599}, {"asin": "B000PU6MAC", "name": "Samsung HT-TX72 DVD Home Theater System (Discontinued by Manufacturer)", "imUrl": "http://ecx.images-amazon.com/images/I/314uI83Z84L._SY300_.jpg", "price": 5.99, "numReviews": 23, "groups": [23], "averageRating": 3.1739130434782608}, {"asin": "B0037QF7MU", "name": "Samsung HT-C7530W Blu-ray Home Theater System", "imUrl": "http://ecx.images-amazon.com/images/I/311uwjrxd4L._SX300_.jpg", "price": 899.95, "numReviews": 5, "groups": [24], "averageRating": 1.6}, {"asin": "B00ICDACYG", "name": "Samsung HT-H5500 5.1 Channel 3D Blu-Ray Home Theater System", "imUrl": "http://ecx.images-amazon.com/images/I/31VAGqyYyFL._SX300_.jpg", "price": 5.99, "numReviews": 16, "groups": [25], "averageRating": 2.75, "brand": "Samsung"}, {"asin": "B0078GCLUG", "name": "Panasonic SC-BTT490 Energy Star 5.1-Channel 1000-Watt Full HD 3D Blu-Ray Home Theater System with Built-in Wi-Fi (2012 Model)", "imUrl": "http://ecx.images-amazon.com/images/I/411mIl7KD3L._SY300_.jpg", "price": 396.75, "numReviews": 185, "groups": [26], "averageRating": 3.9351351351351354}, {"asin": "B0016OBV7U", "name": "Philips HTS3565D/37 1000 Watt DVD 1080P HDMI Upconversion Dolby Home Theater with iPod Dock (Discontinued by Manufacturer)", "imUrl": "http://ecx.images-amazon.com/images/I/31-Q6S0vPdL._SX300_.jpg", "price": 199.95, "numReviews": 38, "groups": [27], "averageRating": 3.1578947368421053}, {"asin": "B0021AFWOQ", "name": "Panasonic SC-PT670 1000W 5-DVD 5.1-Channel Large Speaker Home Theater System with Built-In iPod Dock (Discontinued by Manufacturer)", "imUrl": "http://ecx.images-amazon.com/images/I/31tptiVgQXL._SX300_.jpg", "price": 269.99, "numReviews": 33, "groups": [28], "averageRating": 3.878787878787879}, {"asin": "B000O1RDN2", "name": "Samsung HT-X40 5.1-Channel DVD Home Theater System (Discontinued by Manufacturer)", "imUrl": "http://ecx.images-amazon.com/images/I/3113rSaEWHL._SX300_.jpg", "price": 5.99, "numReviews": 29, "groups": [29], "averageRating": 3.3448275862068964}, {"asin": "B000OG6I10", "name": "Sony HTD-DW995 Full HD 1080p Component Home Theater System (Discontinued by Manufacturer)", "imUrl": "http://ecx.images-amazon.com/images/I/31bGkICiI0L._SX300_.jpg", "price": 199.95, "numReviews": 19, "groups": [30], "averageRating": 4.0}, {"asin": "B007JMNJSM", "name": "Samsung HT-E6500W 5.1 Channel 1000-Watt 3D Blu-Ray Home Theater System", "imUrl": "http://ecx.images-amazon.com/images/I/31RcOTSbyEL._SX300_.jpg", "price": 549.95, "numReviews": 42, "groups": [31], "averageRating": 3.2857142857142856, "brand": "Samsung"}, {"asin": "B00627UOK6", "name": "LG LHB306 Network 3D Blu-ray Home Theater System", "imUrl": "http://ecx.images-amazon.com/images/I/213vw9vnDbL.jpg", "price": 4.45, "numReviews": 14, "groups": [32], "averageRating": 4.214285714285714, "salesRankCategory": "Electronics", "salesRank": 78146}, {"asin": "B001XCX9LQ", "name": "Samsung HT-Z420 Home Theater System (Discontinued by Manufacturer)", "imUrl": "http://ecx.images-amazon.com/images/I/41%2B3OF0dRSL._SX300_.jpg", "price": 7.37, "numReviews": 19, "groups": [33], "averageRating": 2.789473684210526}, {"asin": "B004KZLXB6", "name": "RCA RTD396 DVD Home Theater System", "imUrl": "http://ecx.images-amazon.com/images/I/31Tvu1wPd6L._SX300_.jpg", "price": 86.39, "numReviews": 15, "groups": [34], "averageRating": 2.466666666666667, "brand": "RCA"}, {"asin": "B00BEGS1S2", "name": "LG BH9431PW 1460W 3D Blu-Ray Theater System with Smart TV, Sound, Wireless Rear Speakers, Tall Fronts (Black Cones)", "imUrl": "http://ecx.images-amazon.com/images/I/41gAW6iY0OL._SY300_.jpg", "price": 699.0, "numReviews": 100, "groups": [35], "averageRating": 3.55, "brand": "LG"}, {"asin": "B00BZ9I868", "name": "Theater Solutions TS516BT 5.1 Surround Sound Home Entertainment System with Built-In Bluetooth", "imUrl": "http://ecx.images-amazon.com/images/I/41lP27mtjmL._SY300_.jpg", "price": 129.99, "numReviews": 8, "groups": [36], "averageRating": 2.625, "brand": "Theater Solutions"}, {"asin": "B00DZSYEQ0", "name": "RT2781H 5.1 Home Theater System - 1000 W RMS", "imUrl": "http://ecx.images-amazon.com/images/I/3150oteIO8L._SY300_.jpg", "price": 199.59, "numReviews": 13, "groups": [37], "averageRating": 2.5384615384615383}, {"asin": "B003BYROQA", "name": "LG LHB335 1100-Watt Network Blu-ray Disc Home Theater System, Black (2010 Model)", "imUrl": "http://ecx.images-amazon.com/images/I/31Hp1U5ymiL._SX300_.jpg", "price": 298.0, "numReviews": 72, "groups": [38], "averageRating": 3.3333333333333335}, {"asin": "B00CN4TU1Q", "name": "Philips HTD3514/F7 300-Watts 5.1 Home Theater", "imUrl": "http://ecx.images-amazon.com/images/I/31bXnvWA%2BLL._SX300_.jpg", "price": 112.95, "numReviews": 2, "groups": [39], "averageRating": 3.0, "brand": "Philips"}, {"asin": "B004K1EO6Q", "name": "Sony BDV-E780W Blu-Ray Disc Player Home Entertainment System (Black) (Discontinued by Manufacturer)", "imUrl": "http://ecx.images-amazon.com/images/I/315JXXb2MHL._SY300_.jpg", "price": 142.0, "numReviews": 124, "groups": [40], "averageRating": 3.5483870967741935, "salesRankCategory": "Electronics", "salesRank": 45112}, {"asin": "B007581VWG", "name": "Samsung HT-E6730W 7.1 Channel 1330-Watt 3D Blu-Ray Home Theater System", "imUrl": "http://ecx.images-amazon.com/images/I/31aoRhVcElL._SX300_.jpg", "price": 899.95, "numReviews": 65, "groups": [41], "averageRating": 3.5846153846153848}, {"asin": "B00BG5CQ6E", "name": "Philips HTS3564/F7 3D Blu-Ray 5.1 Home Theatre System", "imUrl": "http://ecx.images-amazon.com/images/I/31rNsGspktL._SX300_.jpg", "price": 196.51, "numReviews": 30, "groups": [42], "averageRating": 3.7333333333333334, "brand": "Philips"}, {"asin": "B003UIYBK4", "name": "Frisby Tower Wireless Surround Sound Home Theater Speaker System with Remote SD USB", "imUrl": "http://ecx.images-amazon.com/images/I/41JHr6xAgNL._SY300_.jpg", "price": 8.99, "numReviews": 6, "groups": [43], "averageRating": 1.3333333333333333, "salesRankCategory": "Electronics", "salesRank": 176184}, {"asin": "B0015HPYF8", "name": "Sony BRAVIA Theater System (DAVHDX576WF) - Black (Discontinued by Manufacturer)", "imUrl": "http://ecx.images-amazon.com/images/I/41eVI1VP-4L._SY300_.jpg", "price": 279.0, "numReviews": 82, "groups": [44], "averageRating": 4.085365853658536}, {"asin": "B000OG88CW", "name": "Sony BRAVIA DAV-HDX267W Theater System with Wireless Speaker Kit (Discontinued by Manufacturer)", "imUrl": "http://ecx.images-amazon.com/images/I/31Lcz2SAlML._SX300_.jpg", "price": 449.99, "numReviews": 38, "groups": [45], "averageRating": 3.6052631578947367}, {"asin": "B001W0Y440", "name": "Sony BRAVIA DAV-HDX589W 5.1-Channel Theater System (Black) (Discontinued by Manufacturer)", "imUrl": "http://ecx.images-amazon.com/images/I/418JQADKM0L._SX300_.jpg", "price": 298.0, "numReviews": 156, "groups": [46], "averageRating": 4.358974358974359}, {"asin": "B0035ER1PK", "name": "Sony BDV-E770W Blu-ray Player Home Entertainment System [3D Compatible] (Discontinued by Manufacturer)", "imUrl": "http://ecx.images-amazon.com/images/I/31vH8hjQX6L._SY300_.jpg", "price": 298.0, "numReviews": 80, "groups": [47], "averageRating": 3.8}, {"asin": "B0037QF7NO", "name": "Samsung HT-C650W Home Theater System", "imUrl": "http://ecx.images-amazon.com/images/I/31T1WhXPC1L._SX300_.jpg", "price": 4.45, "numReviews": 23, "groups": [48], "averageRating": 2.8260869565217392}, {"asin": "B004OCN6ZG", "name": "Samsung Electronics HT-D6730W Home Theater System (Old Version)", "imUrl": "http://ecx.images-amazon.com/images/I/41uKsvn4rDL._SY300_.jpg", "price": 899.95, "numReviews": 61, "groups": [49], "averageRating": 3.901639344262295, "salesRankCategory": "Electronics", "salesRank": 50278}, {"asin": "B0073QJ8YS", "name": "HTS3106 Philips blue ray Home Theater system", "imUrl": "http://ecx.images-amazon.com/images/I/31WLR0P4gxL._SX300_.jpg", "price": 319.99, "numReviews": 4, "groups": [50], "averageRating": 4.5, "salesRankCategory": "Electronics", "salesRank": 127439}, {"asin": "B008658FRG", "name": "RCA RT2911 1000-Watt Home Theater System", "imUrl": "http://ecx.images-amazon.com/images/I/31b9iY1XZuL._SY300_.jpg", "price": 154.55, "numReviews": 83, "groups": [51, 52], "averageRating": 3.5542168674698793, "brand": "RCA", "salesRankCategory": "Electronics", "salesRank": 2380}, {"asin": "B00BFM8PCW", "name": "Samsung HT-F6500W 5.1 Channel 1000-Watt 3D Blu-Ray Home Theater System", "imUrl": "http://ecx.images-amazon.com/images/I/31UuUxzUd9L._SX300_.jpg", "price": 549.95, "numReviews": 54, "groups": [53], "averageRating": 3.9814814814814814}, {"asin": "B0014TC8EW", "name": "Panasonic SC-PT760 Deluxe 5 DVD Home Theater System (Discontinued by Manufacturer)", "imUrl": "http://ecx.images-amazon.com/images/I/41RsyJM5FnL._SX300_.jpg", "price": 10.97, "numReviews": 55, "groups": [54], "averageRating": 3.4727272727272727}, {"asin": "B000N5ZARK", "name": "Philips HTS3555 Home Theater System with iPod Connectivity (Black) (Discontinued by Manufacturer)", "imUrl": "http://ecx.images-amazon.com/images/I/31xBPM9QInL._SX300_.jpg", "price": 199.95, "numReviews": 68, "groups": [55], "averageRating": 3.3970588235294117}, {"asin": "B006U1YUQ8", "name": "Sony BDVN890W/Z Blu-ray Home Theater Systems (Discontinued by Manufacturer)", "imUrl": "http://ecx.images-amazon.com/images/I/31LadwZ3ByL._SY300_.jpg", "price": 799.99, "numReviews": 54, "groups": [56], "averageRating": 3.962962962962963, "brand": "Sony"}, {"asin": "B009IW2V0I", "name": "Sony 5.1 Channel Wireless 3D Blu-ray Home Theater System with Built-in Wi-fi + Blu-ray Player and Ipod/Iphone Dock", "imUrl": "http://ecx.images-amazon.com/images/I/31KsTCIsDKL._SX300_.jpg", "price": 479.95, "numReviews": 1, "groups": [57], "averageRating": 3.0}, {"asin": "B0037QF7MK", "name": "Samsung HT-C6930W 3D Blu-ray Home Theater System", "imUrl": "http://ecx.images-amazon.com/images/I/31fB3acXsnL._SX300_.jpg", "price": 899.95, "numReviews": 27, "groups": [58], "averageRating": 3.4444444444444446}, {"asin": "B00B6TXKUG", "name": "Supersonic SC37HT 5.1 Channel DVD Home Theater System", "imUrl": "http://ecx.images-amazon.com/images/I/41v8zI1R72L._SX300_.jpg", "price": 82.24, "numReviews": 3, "groups": [59], "averageRating": 2.6666666666666665, "brand": "Supersonic"}, {"asin": "B003WP5YCY", "name": "RCA 300W Blu-ray/DVD Home Theater System - Black (RTB1013)", "imUrl": "http://ecx.images-amazon.com/images/I/51x%2BlPRKuOL._SX300_.jpg", "price": 188.59, "numReviews": 5, "groups": [60], "averageRating": 3.2, "brand": "RCA", "salesRankCategory": "Electronics", "salesRank": 74619}, {"asin": "B004MME6RK", "name": "Panasonic SC-BTT770 5.1 Channel 3D Blu-ray Cinema Surround Home Entertainment System", "imUrl": "http://ecx.images-amazon.com/images/I/41JhqDS%2Bk0L._SY300_.jpg", "price": 398.3, "numReviews": 53, "groups": [61], "averageRating": 3.5849056603773586, "salesRankCategory": "Electronics", "salesRank": 56143}, {"asin": "B00550QSYM", "name": "RCA RTB1023 Blu-ray Home Theater with VUDU", "imUrl": "http://ecx.images-amazon.com/images/I/21pM7977OwL.jpg", "price": 28.0, "numReviews": 6, "groups": [62], "averageRating": 2.3333333333333335}, {"asin": "B0087FJ51K", "name": "NAXA Electronics ND-854 2.1 Channel DVD Home Theater System with Progressive Scan DVD Player", "imUrl": "http://ecx.images-amazon.com/images/I/413PCh6jtVL._SX300_.jpg", "price": 72.43, "numReviews": 4, "groups": [63], "averageRating": 3.75}, {"asin": "B0051BMQKK", "name": "AcoustiMax HD-70 5.1 Home Theatre Surround Sound System 2200 Watts HDMI", "imUrl": "http://ecx.images-amazon.com/images/I/41Dq67iQbqL._SY300_.jpg", "price": 298.0, "numReviews": 5, "groups": [64], "averageRating": 2.2}, {"asin": "B003JCB1AO", "name": "Sony HTSF470 Blu-ray Home Theater System (Black) (Discontinued by Manufacturer)", "imUrl": "http://ecx.images-amazon.com/images/I/31mFWdqLIPL._SY300_.jpg", "price": 429.74, "numReviews": 20, "groups": [65], "averageRating": 3.75, "salesRankCategory": "Electronics", "salesRank": 88730}, {"asin": "B0041DWVKE", "name": "Panasonic SC-BTT750 5.1 Channel 3D Blu-Ray Cinema Surround Home Entertainment System (Black)", "imUrl": "http://ecx.images-amazon.com/images/I/31mn6JhnXeL._SY300_.jpg", "price": 398.3, "numReviews": 14, "groups": [66], "averageRating": 3.857142857142857}, {"asin": "B00CXNH9K6", "name": "Sony BDV-E2100 - Home Theater System - 5.1 Channel", "imUrl": "http://ecx.images-amazon.com/images/I/214cFFvWlvL.jpg", "price": 249.99, "numReviews": 5, "groups": [67], "averageRating": 3.2, "salesRankCategory": "Electronics", "salesRank": 35177}, {"asin": "B000ROQ0YO", "name": "Sony DAV-IS10 5.1-Channel Micro Satellite Home Theater System with TDM-IP1 iPod Cradle", "imUrl": "http://ecx.images-amazon.com/images/I/31XFcFRgMgL._SX300_.jpg", "price": 4.45, "numReviews": 32, "groups": [68], "averageRating": 3.71875}, {"asin": "B009L8PJFI", "name": "Samsung 3D Ready 5.1 Channel Home Theater System", "imUrl": "http://ecx.images-amazon.com/images/I/41Fe3HJ5UTL._SX300_.jpg", "price": 9.99, "numReviews": 3, "groups": [69], "averageRating": 2.6666666666666665, "salesRankCategory": "Electronics", "salesRank": 242222}, {"asin": "B000093UR4", "name": "Sharp SD-AT1000 600 Watt Home Theater Audio System", "imUrl": "http://ecx.images-amazon.com/images/I/31P9TDSK3WL._SX300_.jpg", "price": 279.0, "numReviews": 3, "groups": [70], "averageRating": 3.6666666666666665, "salesRankCategory": "Electronics", "salesRank": 369446}, {"asin": "B005XQKQR8", "name": "Samsung HT-D5210C Blu-ray Home Theater System", "imUrl": "http://ecx.images-amazon.com/images/I/31GCHmfPOAL.jpg", "price": 399.99, "numReviews": 11, "groups": [71], "averageRating": 3.3636363636363638, "salesRankCategory": "Electronics", "salesRank": 41386}, {"asin": "B008BPDU1M", "name": "Supersonic SC-35HT SC-35GT 2.1 Home Theater System (Discontinued by Manufacturer)", "imUrl": "http://ecx.images-amazon.com/images/I/41mN0eChJ2L._SX300_.jpg", "price": 52.98, "numReviews": 3, "groups": [72], "averageRating": 3.0, "brand": "Supersonic"}, {"asin": "B004K1EO7A", "name": "Sony HTSS380 3D Home Theater System (Discontinued by Manufacturer)", "imUrl": "http://ecx.images-amazon.com/images/I/21eRfGlD28L._SY300_.jpg", "price": 298.0, "numReviews": 123, "groups": [73], "averageRating": 4.138211382113822}, {"asin": "B00BI22U3O", "name": "Sony BDV-E3100 5.1 Channel 3D Blu-ray Disc Home Theater System with Built-In Wi-Fi", "imUrl": "http://ecx.images-amazon.com/images/I/31v3HHbYRvL._SX300_.jpg", "price": 298.0, "numReviews": 200, "groups": [74, 75], "averageRating": 4.01, "brand": "Sony"}, {"asin": "B000O6SI6S", "name": "Sony BRAVIA DAV-HDX265 Home Theater System", "imUrl": "http://ecx.images-amazon.com/images/I/31uR4APAzZL._SX300_.jpg", "price": 199.95, "numReviews": 58, "groups": [76], "averageRating": 4.086206896551724}, {"asin": "B0019M7R9A", "name": "Klipsch CS700 / CS-700 / CS-700 2.1 Home Theater with DVD and Wireless Audio", "imUrl": "http://ecx.images-amazon.com/images/I/411GTCbiODL._SX300_.jpg", "price": 4.45, "numReviews": 13, "groups": [77], "averageRating": 3.6153846153846154, "salesRankCategory": "Electronics", "salesRank": 111376}, {"asin": "B001XCX9K2", "name": "Samsung HT-Z320 Home Theater System (Discontinued by Manufacturer)", "imUrl": "http://ecx.images-amazon.com/images/I/31CyEfieYLL._SX300_.jpg", "price": 22.3, "numReviews": 26, "groups": [78], "averageRating": 2.6153846153846154}, {"asin": "B00ADPCY92", "name": "Samsung 7.1 Channel 3D Blu-ray Home Theater System, Full HD 1080p Resolution, 1330 Watts Total Power, 2 Tower Speakers With Swivel Driver/ Woven Glass-Fiber Speakers, Vacuum-Tube And Digital Amp Technology, Smart Hub, Web Browser, Disc To Digital Streaming Service, Built-In Wi-Fi, 3D Sound Plus, Wireless Rear Speakers, Vertical Surround Sound, Black Finish", "imUrl": "http://ecx.images-amazon.com/images/I/31VfocFrKRL.jpg", "price": 899.95, "numReviews": 6, "groups": [79], "averageRating": 4.5}, {"asin": "B007WRPCNE", "name": "NAXA Electronics ND-855 5.1 Channel DVD Home Theater System with Progressive Scan DVD Player, Karaoke Function and USB/SD/MMC Inputs - Black", "imUrl": "http://ecx.images-amazon.com/images/I/41kxxOqH5VL._SX300_.jpg", "price": 94.95, "numReviews": 6, "groups": [80], "averageRating": 2.8333333333333335}, {"asin": "B002MW6SAU", "name": "Samsung HT-BD3252T/XAA Blu-ray Home Theater System (Black)", "imUrl": "http://ecx.images-amazon.com/images/I/41SlmkwB9bL._SX300_.jpg", "price": 269.99, "numReviews": 37, "groups": [81], "averageRating": 3.108108108108108}, {"asin": "B000OG88RC", "name": "Sony HTD-DW790 Component Home Theater System (Discontinued by Manufacturer)", "imUrl": "http://ecx.images-amazon.com/images/I/41yc1t7zpsL._SX300_.jpg", "price": 250.0, "numReviews": 51, "groups": [82], "averageRating": 4.215686274509804}, {"asin": "B00180MQWG", "name": "Sony HT-SS2300 Component Home Theater System", "imUrl": "http://ecx.images-amazon.com/images/I/31eWWmP-8HL._SX300_.jpg", "price": 279.0, "numReviews": 87, "groups": [83], "averageRating": 4.2988505747126435}, {"asin": "B0041CYYSW", "name": "Panasonic SC-BTT350 5.1 Channel 3D Blu-Ray Cinema Surround Home Entertainment System (Black)", "imUrl": "http://ecx.images-amazon.com/images/I/31C%2Btj59NnL._SY300_.jpg", "price": 269.99, "numReviews": 42, "groups": [84], "averageRating": 3.619047619047619}, {"asin": "B0091DR5DC", "name": "Pyle PHS51P PyleHome 5.1 Home Theater Passive Audio System Four Satellite, Center Channel and 10-Inch Subwoofer", "imUrl": "http://ecx.images-amazon.com/images/I/310KQleSpoL._SY300_.jpg", "price": 95.0, "numReviews": 7, "groups": [85], "averageRating": 3.7142857142857144, "brand": "Pyle"}, {"asin": "B004MSP5Y2", "name": "LG LHB336 1100W 3D Blu-ray Home Theater System with Smart TV (2011 Model)", "imUrl": "http://ecx.images-amazon.com/images/I/31hcyb01bvL._SX300_.jpg", "price": 142.0, "numReviews": 77, "groups": [86], "averageRating": 3.5064935064935066, "salesRankCategory": "Electronics", "salesRank": 54567}, {"asin": "B006YTKOD4", "name": "RCA RTD325W DVD Home Theater System with HDMI 1080p Output", "imUrl": "http://ecx.images-amazon.com/images/I/31OVr5qf0BL._SY300_.jpg", "price": 89.0, "numReviews": 5, "groups": [87], "averageRating": 1.6}, {"asin": "B0037QF7MA", "name": "Samsung HT-C6730W Blu-ray Home Theater System", "imUrl": "http://ecx.images-amazon.com/images/I/31wPYXVE%2BmL._SX300_.jpg", "price": 899.95, "numReviews": 33, "groups": [88], "averageRating": 3.0303030303030303}, {"asin": "B004ZKXY9U", "name": "Philips HTS3306/F7 Home Theater (Discontinued by Manufacturer)", "imUrl": "http://ecx.images-amazon.com/images/I/31WLR0P4gxL._SX300_.jpg", "price": 5.99, "numReviews": 26, "groups": [89], "averageRating": 3.6538461538461537}, {"asin": "B0079MVIXU", "name": "LG BH6720S 1000W 3D Blu-ray Home Theater System with Smart TV (2012 Model)", "imUrl": "http://ecx.images-amazon.com/images/I/31Rt-gsnp6L._SX300_.jpg", "price": 298.0, "numReviews": 32, "groups": [90], "averageRating": 3.875}, {"asin": "B005K69PLE", "name": "Panasonic SC-HTB15 Home Theater System (2011 Model)", "imUrl": "http://ecx.images-amazon.com/images/I/21dBjwNRtJL._SX300_.jpg", "price": 89.98, "numReviews": 46, "groups": [91], "averageRating": 4.173913043478261}, {"asin": "B0015HPYE4", "name": "Sony HTDDWG700 Component Home Theater System - Black (Discontinued by Manufacturer)", "imUrl": "http://ecx.images-amazon.com/images/I/41ebm4Xic8L._SY300_.jpg", "price": 199.95, "numReviews": 22, "groups": [92], "averageRating": 3.8181818181818183}, {"asin": "B00171L6LS", "name": "Sony CMTBX50BTi Music Streaming Micro Hi-Fi Shelf System with Bluetooth Stereo (Black) (Discontinued by Manufacturer)", "imUrl": "http://ecx.images-amazon.com/images/I/21xCmYo6JRL.jpg", "price": 198.0, "numReviews": 14, "groups": [93], "averageRating": 4.571428571428571, "salesRankCategory": "Electronics", "salesRank": 151940}, {"asin": "B00BD7UVK8", "name": "LG BH9230BW 1460W 3D Blu-ray Home Theater System with Wireless Rear Speakers, Sound, Smart TV (2013 Model)", "imUrl": "http://ecx.images-amazon.com/images/I/31YqR3%2B561L._SX300_.jpg", "price": 8.99, "numReviews": 24, "groups": [94], "averageRating": 3.375}, {"asin": "B007FGY2EW", "name": "Samsung HT-E5400 5.1 Channel Smart 3D Blu-Ray Home Theater System", "imUrl": "http://ecx.images-amazon.com/images/I/31rOSuS14LL._SX300_.jpg", "price": 439.95, "numReviews": 97, "groups": [95], "averageRating": 3.4742268041237114}, {"asin": "B00H1CNLRY", "name": "RCA RTD3266 200W 5.1-Ch. Upconvert DVD Home Theater System", "imUrl": "http://ecx.images-amazon.com/images/I/31yuv27kiEL._SY300_.jpg", "price": 149.99, "numReviews": 2, "groups": [96], "averageRating": 1.5}, {"asin": "B00GP3KSVW", "name": "Philips HTS3541/F7 3D Blu-ray 5.1 Home Theater System", "imUrl": "http://ecx.images-amazon.com/images/I/41qwGwmy9RL._SY300_.jpg", "price": 153.95, "numReviews": 2, "groups": [97], "averageRating": 4.0}, {"asin": "B007QWJV1E", "name": "Panasonic SCXH70 5.1-Channel DVD Home Theater System", "imUrl": "http://ecx.images-amazon.com/images/I/31eR8elx1sL._SY300_.jpg", "price": 114.95, "numReviews": 12, "groups": [98], "averageRating": 3.0833333333333335, "brand": "Panasonic"}, {"asin": "B001UDGQ7W", "name": "Sony BRAVIA DAV-HDX285 5.1-Channel Theater System (Black) (Discontinued by Manufacturer)", "imUrl": "http://ecx.images-amazon.com/images/I/31puw3NVgrL._SX300_.jpg", "price": 199.99, "numReviews": 68, "groups": [99], "averageRating": 4.0588235294117645}, {"asin": "B001XCX9V6", "name": "Samsung HT-BD1250 Blu-ray Home Theater System (Discontinued by Manufacturer)", "imUrl": "http://ecx.images-amazon.com/images/I/31yJMgt7P1L._SX300_.jpg", "price": 298.0, "numReviews": 86, "groups": [100], "averageRating": 2.558139534883721}, {"asin": "B00ICDE6PW", "name": "Samsung HT-H7730 7.1 Channel 1330-Watt 3D Blu-Ray Home Theater System", "imUrl": "http://ecx.images-amazon.com/images/I/31CooI2zRML._SX300_.jpg", "price": 797.99, "numReviews": 1, "groups": [101], "averageRating": 5.0, "brand": "Samsung"}, {"asin": "B00588MCN2", "name": "Samsung HT-D5500 165 W 5.1 3D Home Theater System (HT-D5500/ZA)", "imUrl": "http://ecx.images-amazon.com/images/I/31cbUxLFnyL._SY300_.jpg", "price": 595.0, "numReviews": 1, "groups": [102], "averageRating": 1.0}, {"asin": "B003B8VBJ2", "name": "Sony BRAVIA DAV-DZ170 Home Theater System", "imUrl": "http://ecx.images-amazon.com/images/I/31PcWVNKGdL._SX300_.jpg", "price": 209.95, "numReviews": 232, "groups": [51, 74, 103], "averageRating": 4.163793103448276, "brand": "Sony"}, {"asin": "B0096T8DLY", "name": "Samsung 5.1 Channel 3D Blu-ray 1000-watt Home Theater System with Built-in Wi-fi, and Wireless Rear Speakers + 3d Blu-ray Disc Player and Ipod Dock .", "imUrl": "http://ecx.images-amazon.com/images/I/31y4WaAV4YL._SX300_.jpg", "price": 459.95, "numReviews": 4, "groups": [104], "averageRating": 4.5}, {"asin": "B00005NCWC", "name": "Pioneer HTD-510DV 5-Disc DVD Home Theater System (Discontinued by Manufacturer)", "imUrl": "http://ecx.images-amazon.com/images/I/31KCQT88EZL._SX300_.jpg", "price": 279.0, "numReviews": 9, "groups": [105], "averageRating": 4.888888888888889}, {"asin": "B00BIP6G9K", "name": "Samsung HT-F5500W 3D Blu-Ray Home Theater System (2013 Model)", "imUrl": "http://ecx.images-amazon.com/images/I/313KD1BzDeL._SY300_.jpg", "price": 439.95, "numReviews": 138, "groups": [106], "averageRating": 4.0144927536231885}, {"asin": "B006MO249S", "name": "Sony 3D Blu-Ray 5.1 Channel Home Theater System, 1000 Watts, Full HD 1080p Playback, iPhone/iPad and Android Remote Control, Black - Bundle - with Sony Wi-Fi HomeShare Network Speaker", "imUrl": "http://ecx.images-amazon.com/images/I/21MwXbD5TWL.jpg", "price": 448.0, "numReviews": 1, "groups": [107], "averageRating": 5.0, "salesRankCategory": "Electronics", "salesRank": 569839}, {"asin": "B00BEGS1RI", "name": "LG BH9431PW 1460W 3D Blu-Ray Theater System with Smart TV, Sound, Wireless Rear Speakers, Tall Fronts (Black Cones)", "imUrl": "http://ecx.images-amazon.com/images/I/41gAW6iY0OL._SY300_.jpg", "price": 699.0, "numReviews": 100, "groups": [108], "averageRating": 3.55, "brand": "LG"}, {"asin": "B001EWEXOC", "name": "Sony BDVIS1000 5.1Ch Blu-ray Disc/DVD Home Theater System (Discontinued by Manufacturer)", "imUrl": "http://ecx.images-amazon.com/images/I/41E4KRMoD9L._SX300_.jpg", "price": 298.0, "numReviews": 63, "groups": [109], "averageRating": 3.7301587301587302}, {"asin": "B0076R7K26", "name": "Samsung HT-E5500W HTIB 5.1 Channel 3D Blu-ray 1000-Watt Home Theater System", "imUrl": "http://ecx.images-amazon.com/images/I/31QGySp2RpL._SX300_.jpg", "price": 459.95, "numReviews": 214, "groups": [110], "averageRating": 3.6121495327102804}, {"asin": "B00IAYI938", "name": "Acoustic Audio AA5160 Home Theater 5.1 Speaker System 500W with Powered Sub", "imUrl": "http://ecx.images-amazon.com/images/I/41%2ByQYEvt3L._SY300_.jpg", "price": 90.35, "numReviews": 1, "groups": [111], "averageRating": 2.0}, {"asin": "B00BD7UVPI", "name": "LG Electronics BH6830SW 1000 Watt 3D Blu-ray Home Theater System with Wireless Rear Speakers (2013 Model)", "imUrl": "http://ecx.images-amazon.com/images/I/31rnu1s%2BgsL._SX300_.jpg", "price": 399.94, "numReviews": 44, "groups": [112], "averageRating": 3.909090909090909}, {"asin": "B006U1YV4E", "name": "Sony BDVN790W Blu-ray Home Theater System (2013 Model)", "imUrl": "http://ecx.images-amazon.com/images/I/41E216DM6VL._SX300_.jpg", "price": 448.0, "numReviews": 235, "groups": [75], "averageRating": 3.8553191489361702, "brand": "Sony", "salesRankCategory": "Electronics", "salesRank": 13054}, {"asin": "B001PACFZW", "name": "Coby DVD765 5.1-Channel DVD Home Theater System (Black)", "imUrl": "http://ecx.images-amazon.com/images/I/41MaD3TueaL._SY300_.jpg", "price": 68.94, "numReviews": 73, "groups": [113], "averageRating": 2.315068493150685, "salesRankCategory": "Electronics", "salesRank": 17123}, {"asin": "B004PA59Y8", "name": "Samsung Electronics HT-D550 Home Theater System", "imUrl": "http://ecx.images-amazon.com/images/I/311OLA6hLzL._SX300_.jpg", "price": 149.96, "numReviews": 53, "groups": [114], "averageRating": 2.943396226415094, "salesRankCategory": "Electronics", "salesRank": 50421}, {"asin": "B00BL88P2U", "name": "Philips HTS3106/F7 Blu-ray Home Theater System with Built-in WiFi", "imUrl": "http://ecx.images-amazon.com/images/I/31YcpYcFWUL._SY300_.jpg", "price": 298.0, "numReviews": 8, "groups": [115], "averageRating": 4.0}, {"asin": "B0098V3DJM", "name": "Pyle PT628A PylePro 400-Watt 5.1 Channel Home Theater System with AM/FM Tuner", "imUrl": "http://ecx.images-amazon.com/images/I/41Zgre6FduL._SX300_.jpg", "price": 189.49, "numReviews": 11, "groups": [116], "averageRating": 3.1818181818181817, "brand": "Pyle"}, {"asin": "B00004VVUN", "name": "Sony DAVS300 DVD Home Theater Mini System (Discontinued by Manufacturer)", "imUrl": "http://ecx.images-amazon.com/images/I/21XYBZ3B6XL.jpg", "price": 94.95, "numReviews": 19, "groups": [117], "averageRating": 3.9473684210526314, "salesRankCategory": "Electronics", "salesRank": 260310}, {"asin": "B001A4LI5Q", "name": "LG Electronics LHT874 1000W 5.1-Ch. Home Theater System with Upconvert DVD/CD Player", "imUrl": "http://ecx.images-amazon.com/images/I/51d3KBCncSL._SX300_.jpg", "price": 298.0, "numReviews": 12, "groups": [118], "averageRating": 3.1666666666666665, "salesRankCategory": "Electronics", "salesRank": 218716}, {"asin": "B00DM5F19A", "name": "Sony CMTSBT100 Micro Music System with Bluetooth and NFC", "imUrl": "http://ecx.images-amazon.com/images/I/41J6L6WAdhL._SY300_.jpg", "price": 198.0, "numReviews": 70, "groups": [119], "averageRating": 4.514285714285714, "brand": "Sony"}, {"asin": "B00E1U78RI", "name": "RTB10323L 300W Home Theater System with Blu-ray- RCA", "imUrl": "http://ecx.images-amazon.com/images/I/21JFm0c6h9L._SY300_.jpg", "price": 187.85, "numReviews": 1, "groups": [120], "averageRating": 4.0}, {"asin": "B0017YZHUQ", "name": "Samsung HT-BD2T Blu-Ray 7.1 Channel Home Theater System (Set of Nine, Black) (Discontinued by Manufacturer)", "imUrl": "http://ecx.images-amazon.com/images/I/317vg3q6EAL._SX300_.jpg", "price": 899.95, "numReviews": 3, "groups": [121], "averageRating": 3.3333333333333335}, {"asin": "B00IAELTLM", "name": "LG Electronics BH5140S 500W Blu-Ray Home Theater System with Smart TV", "imUrl": "http://ecx.images-amazon.com/images/I/31kFP8jnrqL._SX300_.jpg", "price": 249.0, "numReviews": 10, "groups": [122], "averageRating": 3.5, "brand": "LG"}, {"asin": "B00ICDACXM", "name": "Samsung HT-H4500 5.1 Channel 500 Watt 3D Blu-Ray Home Theater System", "imUrl": "http://ecx.images-amazon.com/images/I/31ChXJd7f7L._SY300_.jpg", "price": 197.99, "numReviews": 14, "groups": [103], "averageRating": 3.7857142857142856, "brand": "Samsung"}, {"asin": "B00022RV8K", "name": "Sony DAV-FR1 5-Disc Progressive Scan DVD Dream System (Discontinued by Manufacturer)", "imUrl": "http://ecx.images-amazon.com/images/I/31KZ8TRXMCL._SX300_.jpg", "price": 199.95, "numReviews": 16, "groups": [123], "averageRating": 3.25}, {"asin": "B000P1VR7O", "name": "Coby DVD-419 2.1 Channel DVD Player with Home Theater Speaker System (Discontinued by Manufacturer)", "imUrl": "http://ecx.images-amazon.com/images/I/41y4ub%2BvUOL._SY300_.jpg", "price": 55.98, "numReviews": 6, "groups": [124], "averageRating": 1.8333333333333333}, {"asin": "B0016OIQFK", "name": "Philips HTS3151D/37 300 Watt DVD 5.1Surround Sound Home Theatre System with Ipod Dock", "imUrl": "http://ecx.images-amazon.com/images/I/31mWJX1DVEL._SX300_.jpg", "price": 199.95, "numReviews": 14, "groups": [125], "averageRating": 3.642857142857143}, {"asin": "B0078GCLRY", "name": "Panasonic SC-BTT190 Energy Star 5.1-Channel 1000-Watt Full HD 3D Blu-Ray Home Theater System (2013 Model)", "imUrl": "http://ecx.images-amazon.com/images/I/318-68ljMiL._SY300_.jpg", "price": 319.99, "numReviews": 180, "groups": [126], "averageRating": 3.7888888888888888}, {"asin": "B007VQPGIM", "name": "Samsung HT-D4500 Blu-Ray Home Theatre System", "imUrl": "http://ecx.images-amazon.com/images/I/31YB7nmbIOL.jpg", "price": 329.95, "numReviews": 1, "groups": [127], "averageRating": 4.0, "salesRankCategory": "Electronics", "salesRank": 224266}, {"asin": "B0000659U9", "name": "Panasonic SC-HT75 CD Home Theater Compact Stereo System (Discontinued by Manufacturer)", "imUrl": "http://ecx.images-amazon.com/images/I/31FQCW51FEL._SX300_.jpg", "price": 24.99, "numReviews": 22, "groups": [128], "averageRating": 2.727272727272727}, {"asin": "B004MME6RU", "name": "Panasonic SC-BTT370 5.1 Channel 3D Blu-ray Cinema Surround Home Entertainment System (2011 Model)", "imUrl": "http://ecx.images-amazon.com/images/I/31kJGthBimL._SY300_.jpg", "price": 269.99, "numReviews": 47, "groups": [129], "averageRating": 3.872340425531915, "salesRankCategory": "Electronics", "salesRank": 57138}, {"asin": "B000F36HR2", "name": "Panasonic SC-HT740 5 DVD Home Theater System (Discontinued by Manufacturer)", "imUrl": "http://ecx.images-amazon.com/images/I/41C230KDFHL._SY300_.jpg", "price": 279.0, "numReviews": 35, "groups": [130], "averageRating": 3.3714285714285714}, {"asin": "B005IVYZL6", "name": "Samsung HW-D650S 3D Home Theater System in a Box with iPod/iPhone Dock", "imUrl": "http://ecx.images-amazon.com/images/I/318JR8kYbfL._SX300_.jpg", "price": 279.0, "numReviews": 10, "groups": [131], "averageRating": 3.4}, {"asin": "B0098V3DI8", "name": "Pyle PT678HBA Bluetooth 5.1 Channel HDMI Home Theater System, 400 Watt, AM/FM Tuner, Subwoofer & Speakers", "imUrl": "http://ecx.images-amazon.com/images/I/41WeuyVuS4L._SX300_.jpg", "price": 194.0, "numReviews": 13, "groups": [132], "averageRating": 2.6923076923076925, "brand": "Pyle"}, {"asin": "B0037QF7NE", "name": "Samsung HT-C550 Home Theater System", "imUrl": "http://ecx.images-amazon.com/images/I/316yxK4poiL._SX300_.jpg", "price": 149.96, "numReviews": 29, "groups": [133], "averageRating": 3.310344827586207}, {"asin": "B0038KV8U0", "name": "Panasonic SC-BT730 Blu-ray DiscTM 5.1 Home Theater System", "imUrl": "http://ecx.images-amazon.com/images/I/31gvtnUCTWL._SY300_.jpg", "price": 142.0, "numReviews": 49, "groups": [134], "averageRating": 3.6122448979591835}, {"asin": "B000NLO2G4", "name": "Panasonic SC-PT750 Deluxe 5 DVD Home Theater System (Discontinued by Manufacturer)", "imUrl": "http://ecx.images-amazon.com/images/I/41O0j9fJ6VL._SX300_.jpg", "price": 159.99, "numReviews": 29, "groups": [135], "averageRating": 3.6551724137931036}, {"asin": "B002COCVPY", "name": "RCA RTD615i DVD Home Theater System with Dock for iPod (Discontinued by Manufacturer)", "imUrl": "http://ecx.images-amazon.com/images/I/31Bv06WAMML._SX300_.jpg", "price": 124.99, "numReviews": 15, "groups": [136], "averageRating": 2.533333333333333}, {"asin": "B00BD7UXQU", "name": "LG Electronics BH6730S 1000 Watt 3D Home Theater System", "imUrl": "http://ecx.images-amazon.com/images/I/3101j92UxML._SX300_.jpg", "price": 238.97, "numReviews": 65, "groups": [137], "averageRating": 3.9384615384615387, "brand": "LG"}, {"asin": "B001UHK5YI", "name": "JVC TH-G31 DVD Digital Theater System (Discontinued by Manufacturer)", "imUrl": "http://ecx.images-amazon.com/images/I/41ovm103oCL._SY300_.jpg", "price": 124.99, "numReviews": 10, "groups": [138], "averageRating": 3.4}, {"asin": "B007S00G36", "name": "Theater Solutions TS509 5.1 Speaker System Home Theater Multimedia Surround Sound", "imUrl": "http://ecx.images-amazon.com/images/I/41O4oJLP9XL._SY300_.jpg", "price": 69.99, "numReviews": 10, "groups": [139], "averageRating": 3.4, "brand": "Theater Solutions"}, {"asin": "B001PA94TC", "name": "Coby DVD938 5.1-Channel DVD Home Theater System (Black)", "imUrl": "http://ecx.images-amazon.com/images/I/41ZnoNS8PNL._SY300_.jpg", "price": 124.99, "numReviews": 96, "groups": [140], "averageRating": 3.1145833333333335, "salesRankCategory": "Electronics", "salesRank": 37462}, {"asin": "B002DEM9KK", "name": "Sony BDVE300 5.1-Channel High-Definition Blu-ray Disc Player/DVD Disc Home theater System (Black) (Discontinued by Manufacturer)", "imUrl": "http://ecx.images-amazon.com/images/I/313cOFXN5KL._SX300_.jpg", "price": 298.0, "numReviews": 48, "groups": [141], "averageRating": 3.9791666666666665}, {"asin": "B004PABDPC", "name": "Samsung HTD5300 5.1-Channel 3D Blu-Ray Home Theater System", "imUrl": "http://ecx.images-amazon.com/images/I/31Wv2e-5HML._SY300_.jpg", "price": 34.99, "numReviews": 30, "groups": [142], "averageRating": 3.1666666666666665}, {"asin": "B0014TL1UE", "name": "Panasonic SC-PT660 5 DVD Home Theater System", "imUrl": "http://ecx.images-amazon.com/images/I/31YowDE3pcL._SX300_.jpg", "price": 279.0, "numReviews": 27, "groups": [143], "averageRating": 3.8518518518518516}, {"asin": "B000092OWG", "name": "Panasonic SC-HT900 Home Theater System with 5-Disc DVD Changer (Discontinued by Manufacturer)", "imUrl": "http://ecx.images-amazon.com/images/I/31CXRCV2NNL._SX300_.jpg", "price": 269.99, "numReviews": 28, "groups": [144], "averageRating": 2.9285714285714284}, {"asin": "B001UHU1HE", "name": "JVC TH-G41 1000-Watt DVD Digital Theater System with iPod Dock", "imUrl": "http://ecx.images-amazon.com/images/I/41B2-UcNwjL._SY300_.jpg", "price": 279.0, "numReviews": 8, "groups": [145], "averageRating": 4.375}, {"asin": "B0079MVJ4I", "name": "LG BH6820SW 1000W 3D Blu-ray Home Theater System with Smart TV and Wireless Rear Speakers (2012 Model)", "imUrl": "http://ecx.images-amazon.com/images/I/21rryiQgeYL.jpg", "price": 4.45, "numReviews": 67, "groups": [146], "averageRating": 3.2686567164179103}, {"asin": "B004TEO8HY", "name": "Sony HT-SS380 3D Home Theater System Kit", "imUrl": "http://ecx.images-amazon.com/images/I/31GmS1ow77L._SX300_.jpg", "price": 5.99, "numReviews": 1, "groups": [147], "averageRating": 5.0, "salesRankCategory": "Electronics", "salesRank": 157294}, {"asin": "B0037QF7L6", "name": "Samsung HW-C560S Home Theater System", "imUrl": "http://ecx.images-amazon.com/images/I/31OpO5talbL._SX300_.jpg", "price": 279.0, "numReviews": 21, "groups": [148], "averageRating": 3.3333333333333335}, {"asin": "B0078GCLU6", "name": "Panasonic SC-BTT195 Energy Star 5.1-Channel 1000-Watt Full HD 3D Blu-Ray Home Theater System with Tall Boy Speakers (2012 Model)", "imUrl": "http://ecx.images-amazon.com/images/I/411q0nw3TpL._SY300_.jpg", "price": 389.0, "numReviews": 83, "groups": [149], "averageRating": 3.6265060240963853, "brand": "Panasonic"}, {"asin": "B008BSU288", "name": "Acoustic Audio AA5105 5.1 Surround Sound Home Entertainment System", "imUrl": "http://ecx.images-amazon.com/images/I/41ncWl4Ch4L._SY300_.jpg", "price": 100.95, "numReviews": 6, "groups": [150], "averageRating": 3.5, "brand": "Acoustic Audio"}, {"asin": "B00EIXCB2A", "name": "Samsung HT-F9730W 7.1-Channel 1330Watt 3D Blu-Ray Home Theater System", "imUrl": "http://ecx.images-amazon.com/images/I/31RnMFoiTsL._SY300_.jpg", "price": 797.99, "numReviews": 12, "groups": [101], "averageRating": 3.5, "brand": "Samsung"}, {"asin": "B008PQA83K", "name": "Craig Tower Speaker System with FM Radio and USB/SD Slot, Black (CHT909n ) (Discontinued by Manufacturer)", "imUrl": "http://ecx.images-amazon.com/images/I/41qMVzrE1RL._SY300_.jpg", "price": 99.99, "numReviews": 8, "groups": [151], "averageRating": 3.0}, {"asin": "B004PAA83A", "name": "Samsung Electronics HT-D5500 Home Theater System (Old Version)", "imUrl": "http://ecx.images-amazon.com/images/I/31hw%2BTNmNTL._SX300_.jpg", "price": 459.95, "numReviews": 35, "groups": [152], "averageRating": 3.4285714285714284}, {"asin": "B00DOVCZZ0", "name": "JBL Cinema BD 100 Complete 5.1-Channel 3D Blu-ray Disc Integrated Home Theater System", "imUrl": "http://ecx.images-amazon.com/images/I/414AhhPrwpL._SX300_.jpg", "price": 193.99, "numReviews": 5, "groups": [153], "averageRating": 3.2, "brand": "JBL"}, {"asin": "B005P99KX4", "name": "VIZIO VHT215 Home Theater Sound Bar with Wireless Subwoofer", "imUrl": "http://ecx.images-amazon.com/images/I/21ZdKc8oztL._SX300_.jpg", "price": 158.0, "numReviews": 285, "groups": [154], "averageRating": 4.035087719298246}, {"asin": "B0079MVJ8Y", "name": "LG BH9220BW 1080W 3D Blu-ray Home Theater System with Smart TV, Wireless Rear Speakers, Bluetooth and 3D Surround Sound (2012 Model)", "imUrl": "http://ecx.images-amazon.com/images/I/21itRvtBpfL.jpg", "price": 599.95, "numReviews": 13, "groups": [155], "averageRating": 3.5384615384615383, "brand": "LG"}, {"asin": "B0076R7F3U", "name": "Samsung HT-E550 HTIB 5.1 Channel 1000-Watt Home Theater System (2012 Model)", "imUrl": "http://ecx.images-amazon.com/images/I/31TB0E8ML9L._SX300_.jpg", "price": 160.46, "numReviews": 40, "groups": [52], "averageRating": 3.875, "brand": "Samsung"}, {"asin": "B004H1KB0W", "name": "Dynex DX-HTIB 200W 5.1ch DVD Home Theater System", "imUrl": "http://ecx.images-amazon.com/images/I/31cxJFZzEHL.jpg", "price": 94.95, "numReviews": 7, "groups": [156], "averageRating": 3.0, "salesRankCategory": "Electronics", "salesRank": 114166}, {"asin": "B0081GEBC8", "name": "Harman Kardon BDS 370 2.1-Channel Integrated Home Theater System", "imUrl": "http://ecx.images-amazon.com/images/I/41R33jCjuWL._SY300_.jpg", "price": 899.95, "numReviews": 5, "groups": [157], "averageRating": 3.4}, {"asin": "B008OGBEWA", "name": "Philips HSB2313A Refurbished Soundbar Home Theater (Discontinued by Manufacturer)", "imUrl": "http://ecx.images-amazon.com/images/I/31mfM3B1FUL._SX300_.jpg", "price": 99.0, "numReviews": 4, "groups": [158], "averageRating": 2.5}, {"asin": "B00DVNB0AM", "name": "Harman Kardon BDS 7772 5.1 Integrated 3D Blu-Ray Disc Home Theater System with Wireless Connectivity", "imUrl": "http://ecx.images-amazon.com/images/I/31AskLqM7XL._SX300_.jpg", "price": 899.95, "numReviews": 1, "groups": [159], "averageRating": 4.0, "brand": "Harman Kardon"}, {"asin": "B003AJGYX0", "name": "Philips HTS3251B/F7 Home Theater (Discontinued by Manufacturer)", "imUrl": "http://ecx.images-amazon.com/images/I/41HExUdFJHL._SY300_.jpg", "price": 4.45, "numReviews": 10, "groups": [160], "averageRating": 3.3}, {"asin": "B0024NDKKS", "name": "LG LHB953 1000-Watt Blu-ray Disc Home Theater In a Box", "imUrl": "http://ecx.images-amazon.com/images/I/31uLVy1E%2BiL._SY300_.jpg", "price": 499.99, "numReviews": 58, "groups": [161], "averageRating": 3.413793103448276}, {"asin": "B000065UVO", "name": "JVC THA5 Home Theater System (Silver) (Discontinued by Manufacturer)", "imUrl": "http://ecx.images-amazon.com/images/I/41J6XSJD2HL._SX300_.jpg", "price": 60.99, "numReviews": 2, "groups": [162], "averageRating": 3.0}, {"asin": "B001A5R3DG", "name": "Sony DAV-IS50/B 5.1-Channel Micro Satellite Home Theater System (Black) (Discontinued by Manufacturer)", "imUrl": "http://ecx.images-amazon.com/images/I/41z9TAXbWoL._SY300_.jpg", "price": 94.95, "numReviews": 4, "groups": [163], "averageRating": 3.25}, {"asin": "B007BGFEWU", "name": "Coby DVD978 5.1 Channel DVD Home Theater System with HDMI Output - Black", "imUrl": "http://ecx.images-amazon.com/images/I/313DpVaVqhL._SY300_.jpg", "price": 172.59, "numReviews": 2, "groups": [164], "averageRating": 1.5, "brand": "Coby"}, {"asin": "B000816XIY", "name": "Panasonic SC-HT930 5-Disc DVD Home Theater System (Discontinued by Manufacturer)", "imUrl": "http://ecx.images-amazon.com/images/I/41P8AKKAHXL._SX300_.jpg", "price": 269.99, "numReviews": 15, "groups": [165], "averageRating": 4.133333333333334}, {"asin": "B001AI4HSC", "name": "Philips-HTS3566D - Home theater system with iPod cradle - 5.1 channel", "imUrl": "http://ecx.images-amazon.com/images/I/21HaifqHitL._SX300_.jpg", "price": 4.45, "numReviews": 15, "groups": [166], "averageRating": 3.6, "salesRankCategory": "Electronics", "salesRank": 221250}, {"asin": "B00BIBDUAC", "name": "Coby DVD939 5.1-Channel DVD Home Theater System (Discontinued by Manufacturer)", "imUrl": "http://ecx.images-amazon.com/images/I/31GTpTlfWGL._SY300_.jpg", "price": 99.95, "numReviews": 6, "groups": [167], "averageRating": 4.5, "brand": "Coby"}, {"asin": "B00A9HOMUS", "name": "Panasonic 1000 Watts 5.1 Channel Virtual Surround Effect DVD Home Theater 3D Cinema Surround Sound Entertainment System with 1 Center Channel Speaker, 4 Satellite Speakers, Subwoofer, DVD Player, Remote Control, Dolby Digital Decoder, HDMI with Audio Return Channel, VIERA Link, Optical Input, Digital Synthesizer Tuner, 30 FM Radio Station Presets & Front Panel USB Music Port to Connect & Play Your iPod & iPhone", "imUrl": "http://ecx.images-amazon.com/images/I/41wpGv8EzvL._SX300_.jpg", "price": 164.95, "numReviews": 23, "groups": [168], "averageRating": 3.739130434782609, "brand": "Panasonic"}, {"asin": "B00A3CW378", "name": "Samsung HT-EM54C Blu-ray Home Theater System - 5.1 Channel, 1000 Watts, 3D Ready, Bluray Player, Built-in WiFi, Dolby TrueHD, HDMI, AllShare Play", "imUrl": "http://ecx.images-amazon.com/images/I/31tRiZXlOnL._SY300_.jpg", "price": 449.95, "numReviews": 2, "groups": [169], "averageRating": 1.0}, {"asin": "B005YXXT8I", "name": "Yamaha BDX-610BL Blu-Ray Home Theater System (Discontinued by Manufacturer)", "imUrl": "http://ecx.images-amazon.com/images/I/311lUvlYz5L._SX300_.jpg", "price": 279.0, "numReviews": 2, "groups": [170], "averageRating": 2.5}, {"asin": "B004PAA876", "name": "Samsung HTD6500W 5.1 CH 3D Blu-Ray Home Theater System", "imUrl": "http://ecx.images-amazon.com/images/I/31hHL7CwXIL._SX300_.jpg", "price": 499.95, "numReviews": 88, "groups": [171], "averageRating": 3.647727272727273, "salesRankCategory": "Electronics", "salesRank": 44595}, {"asin": "B006LQI9L4", "name": "5.1 Wireless SLS Q-line Gold 650w Surround Sound Home Theater", "imUrl": "http://ecx.images-amazon.com/images/I/516Ms5GQ3tL._SY300_.jpg", "price": 9.68, "numReviews": 3, "groups": [172], "averageRating": 4.333333333333333}, {"asin": "B008BGY0BA", "name": "Craig Tower Speaker System with FM Radio and USB/SD Slot, Black (CHT909) (Discontinued by Manufacturer)", "imUrl": "http://ecx.images-amazon.com/images/I/41H20ylyNOL._SY300_.jpg", "price": 69.95, "numReviews": 6, "groups": [173], "averageRating": 2.5}, {"asin": "B009L50N48", "name": "RCA Home Theater System", "imUrl": "http://ecx.images-amazon.com/images/I/119upiz93dL.jpg", "price": 64.99, "numReviews": 2, "groups": [174], "averageRating": 4.0}, {"asin": "B0037QF7LQ", "name": "Samsung HT-C5500 Blu-ray Home Theater System (Old Version)", "imUrl": "http://ecx.images-amazon.com/images/I/31C2Zrw7WzL._SX300_.jpg", "price": 459.95, "numReviews": 55, "groups": [175], "averageRating": 3.1818181818181817}, {"asin": "B00AD92EK2", "name": "Samsung 5.1 Channel 3D Blu-ray Home Theater System with Full HD 1080p Resolution, 1000 Watts Total Power, Smart Hub, Smart Content With Signature Services, Web Browser, Disc To Digital Streaming Service, Built-In Wi-Fi, AllShare Play, Wireless Rear Ready, Crystal Amp Plus, 3D Sound Plus, Black Finish", "imUrl": "http://ecx.images-amazon.com/images/I/314qvQIWevL._SX300_.jpg", "price": 439.95, "numReviews": 1, "groups": [176], "averageRating": 1.0}, {"asin": "B003553EEQ", "name": "LG LHB975 1100-Watt Blu-ray Home Theater System, Gloss Black", "imUrl": "http://ecx.images-amazon.com/images/I/31C5kbHKcPL._SX300_.jpg", "price": 4.45, "numReviews": 82, "groups": [177], "averageRating": 1.8414634146341464}, {"asin": "B000ES8C2G", "name": "Sony HT-DDW900 Complete 5.1-Channel DVD Home Theater System with HDMI Passthrough (Discontinued by Manufacturer)", "imUrl": "http://ecx.images-amazon.com/images/I/413H2PPNERL._SX300_.jpg", "price": 4.45, "numReviews": 52, "groups": [178], "averageRating": 4.423076923076923}, {"asin": "B007HDO11W", "name": "Samsung HT-E350 HTIB 5.1 Channel 330-Watt Home Theater System", "imUrl": "http://ecx.images-amazon.com/images/I/31Ads0t3JwL._SY300_.jpg", "price": 169.95, "numReviews": 27, "groups": [179], "averageRating": 4.111111111111111}, {"asin": "B00C27S0M4", "name": "Sony BDV-N7100W 5.1 Channel 3D Blu-ray Disc Home Theater System with Wireless Rear Speakers", "imUrl": "http://ecx.images-amazon.com/images/I/31o5zFz8BQL._SX300_.jpg", "price": 449.99, "numReviews": 34, "groups": [75], "averageRating": 4.470588235294118, "brand": "Sony"}, {"asin": "B004K1EO5C", "name": "Sony BDV-E580 Blu-Ray Disc Player Home Entertainment System (Black) (Discontinued by Manufacturer)", "imUrl": "http://ecx.images-amazon.com/images/I/31YkIph2t6L._SY300_.jpg", "price": 267.5, "numReviews": 102, "groups": [180], "averageRating": 3.303921568627451, "brand": "Sony", "salesRankCategory": "Electronics", "salesRank": 9597}, {"asin": "B001VICOUE", "name": "Philips HTS3371D/F7 DVD Home Theater with 1080P HDmi Upconversion", "imUrl": "http://ecx.images-amazon.com/images/I/31VaZcIjwUL._SX300_.jpg", "price": 199.99, "numReviews": 84, "groups": [181], "averageRating": 3.9047619047619047, "salesRankCategory": "Electronics", "salesRank": 64966}, {"asin": "B0087QU5EU", "name": "Pioneer HTZ-BD51 5.1 Blu-ray Home Theater System with Receiver, Tower Speakers, Sub Woofer", "imUrl": "http://ecx.images-amazon.com/images/I/31mZkDKLvbL._SX300_.jpg", "price": 229.95, "numReviews": 3, "groups": [182], "averageRating": 3.6666666666666665, "salesRankCategory": "Electronics", "salesRank": 124535}, {"asin": "B00FY33WLC", "name": "RCA RTD3136EH DVD 100W Home Theater with HDMI", "imUrl": "http://ecx.images-amazon.com/images/I/31EbIskLCVL._SY300_.jpg", "price": 99.0, "numReviews": 1, "groups": [183], "averageRating": 1.0}, {"asin": "B00IBINI7K", "name": "Acoustic Audio AA5170 Home Theater 5.1 Bluetooth Speaker System 700W with Powered Sub", "imUrl": "http://ecx.images-amazon.com/images/I/41HsX1XZyjL._SY300_.jpg", "price": 105.21, "numReviews": 17, "groups": [184], "averageRating": 3.4705882352941178}, {"asin": "B00INEI5U2", "name": "Samsung 5.1 channel 1,000-Watt 5 Speaker Smart 3D Blu-ray & DVD Home Theater System Includes Two Full-Range Wireless Front & Surround Speakers Plus Full-Range Center Speaker & Dual Unit Subwoofer Captivating 2D And 3D In Full HD 1080p, Built-in Wifi, Bluetooth Connectivity, Full Web Browser, Samsung Apps, AllShare & Anynet+, Virtual Surround 7.1 DTS Neo Fusion, Crystal Amplifier Plus Technology, HDMI, CD Ripping, BD Wise Web 3.0", "imUrl": "http://ecx.images-amazon.com/images/I/315pIUQ9uiL.jpg", "price": 429.95, "numReviews": 1, "groups": [185], "averageRating": 5.0}, {"asin": "B004YLRZGI", "name": "Sony BDV-T58 3D Blu-ray Disc/DVD Home Theatre System", "imUrl": "http://ecx.images-amazon.com/images/I/31hthxneobL._SY300_.jpg", "price": 399.88, "numReviews": 16, "groups": [186], "averageRating": 3.5625}, {"asin": "B007K5H4Z2", "name": "Sony DAVTZ140 DVD Home Theater System (Discontinued by Manufacturer)", "imUrl": "http://ecx.images-amazon.com/images/I/31q4ZbHdxTL._SY300_.jpg", "price": 128.0, "numReviews": 122, "groups": [187], "averageRating": 3.5081967213114753, "brand": "Sony"}, {"asin": "B004RKVWQK", "name": "Sony BDVE280 3D Blu-ray Disc Home Theater System (Discontinued by Manufacturer)", "imUrl": "http://ecx.images-amazon.com/images/I/31XyFUgHZwL._SY300_.jpg", "price": 345.0, "numReviews": 78, "groups": [188], "averageRating": 3.8846153846153846, "salesRankCategory": "Electronics", "salesRank": 48337}, {"asin": "B00B8CN8NU", "name": "Harman Kardon HKTS 16BQ 5.1 Channel Home Theater Speaker Package (Black)", "imUrl": "http://ecx.images-amazon.com/images/I/41FfA7Thw4L._SY300_.jpg", "price": 299.99, "numReviews": 8, "groups": [189], "averageRating": 4.125, "brand": "Harman Kardon"}, {"asin": "B0000A2U5M", "name": "Audiovox DV1201 5.1-Channel DVD Home Theater System (Discontinued by Manufacturer)", "imUrl": "http://ecx.images-amazon.com/images/I/413%2B24ODOlL._SY300_.jpg", "price": 129.95, "numReviews": 14, "groups": [190], "averageRating": 1.9285714285714286}, {"asin": "B007IXFH7I", "name": "Philips HTS3531 DVD Home Theater (Discontinued by Manufacturer)", "imUrl": "http://ecx.images-amazon.com/images/I/41sls6-Y8yL._SX300_.jpg", "price": 99.0, "numReviews": 8, "groups": [191], "averageRating": 3.5}, {"asin": "B0078GCLSS", "name": "Panasonic SC-XH170 Energy Star 5.1-Channel 1000-Watt DVD Home Theater System", "imUrl": "http://ecx.images-amazon.com/images/I/31%2BUzWXJWFL._SY300_.jpg", "price": 159.05, "numReviews": 55, "groups": [192], "averageRating": 3.6545454545454548, "brand": "Panasonic"}, {"asin": "B0035ER1OQ", "name": "Sony BDV-E570 Blu-ray Player Home Entertainment System (Discontinued by Manufacturer)", "imUrl": "http://ecx.images-amazon.com/images/I/31GYO18A0gL._SY300_.jpg", "price": 395.0, "numReviews": 76, "groups": [193], "averageRating": 3.8421052631578947, "salesRankCategory": "Electronics", "salesRank": 59427}, {"asin": "B00766BF1Y", "name": "Panasonic SC-HTB550 2.1-Channel 240-Watt Multi-Positional Full HD 3D Audio System with Wireless Music Streaming via Bluetooth", "imUrl": "http://ecx.images-amazon.com/images/I/31mqF-5pzNL._SX300_.jpg", "price": 289.95, "numReviews": 82, "groups": [194], "averageRating": 3.8048780487804876}, {"asin": "B0079MVJKM", "name": "LG BH9420PW 1080W 3D Blu-ray Home Theater System with Smart TV, Wireless Rear Speakers and Tall Front Speakers (2012 Model)", "imUrl": "http://ecx.images-amazon.com/images/I/31JHzkbvxXL._SX300_.jpg", "price": 699.95, "numReviews": 16, "groups": [195], "averageRating": 4.0}, {"asin": "B001H1IH4W", "name": "Bose Lifestyle V10 home theater system", "imUrl": "http://ecx.images-amazon.com/images/I/41k61XSeuTL._SY300_.jpg", "price": 9.68, "numReviews": 3, "groups": [196], "averageRating": 4.333333333333333}, {"asin": "B001NNOHSO", "name": "5.1-CHANNEL DVD Home Theater System with Digital Am/fm Tuner", "imUrl": "http://ecx.images-amazon.com/images/I/31ig-LHVodL._SY300_.jpg", "price": 155.95, "numReviews": 1, "groups": [197], "averageRating": 1.0}, {"asin": "B001VUUOMC", "name": "RCA RTD3133H Home Theater (Discontinued by Manufacturer)", "imUrl": "http://ecx.images-amazon.com/images/I/31yQQ3%2Bzx5L._SX300_.jpg", "price": 97.01, "numReviews": 23, "groups": [198], "averageRating": 2.608695652173913, "brand": "RCA", "salesRankCategory": "Electronics", "salesRank": 80003}, {"asin": "B000816XGG", "name": "Panasonic SC-HT730 5-Disc DVD Home Theater System (Discontinued by Manufacturer)", "imUrl": "http://ecx.images-amazon.com/images/I/31CZM53DJ4L._SX300_.jpg", "price": 269.99, "numReviews": 11, "groups": [199], "averageRating": 3.727272727272727}, {"asin": "B00818M5GK", "name": "Harman Kardon BDS 770 5.1-Channel Integrated Home Theater System (Discontinued by Manufacturer)", "imUrl": "http://ecx.images-amazon.com/images/I/41XMh0wpbJL._SY300_.jpg", "price": 279.0, "numReviews": 5, "groups": [200], "averageRating": 4.2}, {"asin": "B000N62JB4", "name": "Philips HTS3544 Home Theater System with iPod Connectivity (Silver) (Discontinued by Manufacturer)", "imUrl": "http://ecx.images-amazon.com/images/I/31MDMLpzZ1L._SX300_.jpg", "price": 199.95, "numReviews": 59, "groups": [201], "averageRating": 3.76271186440678}, {"asin": "B003DPNVNM", "name": "MRD410B/F7 Blu-ray Home Cinema System (Discontinued by Manufacturer)", "imUrl": "http://ecx.images-amazon.com/images/I/41HJYCr0kkL._SX300_.jpg", "price": 199.99, "numReviews": 5, "groups": [202], "averageRating": 4.0}, {"asin": "B00D424FXO", "name": "Philips HTB5544D/F7 Home Theater with Tall Boy Speakers (Black)", "imUrl": "http://ecx.images-amazon.com/images/I/41mCIUoQphL._SX300_.jpg", "price": 332.16, "numReviews": 7, "groups": [203], "averageRating": 4.428571428571429, "brand": "Philips"}, {"asin": "B002JTWSEQ", "name": "Philips HTS5100B/F7 Blu-ray 5.1 channel Home Theater system", "imUrl": "http://ecx.images-amazon.com/images/I/31qnrwqEjLL._SX300_.jpg", "price": 153.44, "numReviews": 5, "groups": [204], "averageRating": 2.6, "salesRankCategory": "Electronics", "salesRank": 236102}, {"asin": "B004RT1L2Q", "name": "RCA RTD3133H DVD Home Theater System", "imUrl": "http://ecx.images-amazon.com/images/I/31yQQ3%2Bzx5L._SX300_.jpg", "price": 99.0, "numReviews": 13, "groups": [205], "averageRating": 2.0, "brand": "RCA"}, {"asin": "B002RJPLFG", "name": "Insignia NS-H2002-U - Home Theater System", "imUrl": "http://ecx.images-amazon.com/images/I/31GStUR2u%2BL.jpg", "price": 64.99, "numReviews": 7, "groups": [206], "averageRating": 3.142857142857143}, {"asin": "B00008CMSL", "name": "Norcent DP1600 DVD Home Theater in a Box (Silver) (Discontinued by Manufacturer)", "imUrl": "http://ecx.images-amazon.com/images/I/41MC5ZYXMTL._SX300_.jpg", "price": 94.95, "numReviews": 21, "groups": [207], "averageRating": 3.857142857142857}, {"asin": "B0048FUALC", "name": "Sony DAV-HDX274 5.1-Channel Home Theater System", "imUrl": "http://ecx.images-amazon.com/images/I/51aF42Nl5-L._SX300_.jpg", "price": 279.0, "numReviews": 2, "groups": [208], "averageRating": 3.0}, {"asin": "B009HSPA9M", "name": "Sony Bravia 1000 Watt 5.1 Channel Surround Sound DVD Home Theater System With DVD Upscaling To Near HD Picture Quality Via HDMI, BRAVIA Sync Controls Compatible Devices With One Remote, Digital Cinema Audio Calibration For Quick Speaker Set-Up, Easy Set-up Disc Is Included To Guide You Through The Set-Up Process, Smart Remote Control Multiple Format Disc Playback, iPod Compatibility And Connectivity, Rip Your CDs To Your USB Drive, Plus 6ft HDMI Cable", "imUrl": "http://ecx.images-amazon.com/images/I/310EInnH0lL.jpg", "price": 234.95, "numReviews": 1, "groups": [209], "averageRating": 5.0}, {"asin": "B003O85BGS", "name": "RCA RTB1100 Home Theater (Discontinued by Manufacturer)", "imUrl": "http://ecx.images-amazon.com/images/I/31pi1ZLqn-L._SX300_.jpg", "price": 199.99, "numReviews": 10, "groups": [210], "averageRating": 1.5, "salesRankCategory": "Electronics", "salesRank": 116599}, {"asin": "B003JQLPWY", "name": "Bose\u00ae Lifestyle\u00ae T20 home theater system--Black", "imUrl": "http://ecx.images-amazon.com/images/I/31xBxiSvdEL._SX300_.jpg", "price": 15.99, "numReviews": 28, "groups": [211], "averageRating": 4.321428571428571, "salesRankCategory": "Electronics", "salesRank": 60076}, {"asin": "B008P3Y0QY", "name": "VHT210 2.1 Home Theater Soundbar with Wireless Subwoofer System in BLACK (30 DAYS DEFECTIVE WARRANTY)", "imUrl": "http://ecx.images-amazon.com/images/I/31d3iT63abL._SY300_.jpg", "price": 4.45, "numReviews": 1, "groups": [212], "averageRating": 4.0}, {"asin": "B0015HOG02", "name": "Sony DAV-HDX275 BRAVIA 5-Disc DVD/CD Player 5.1 Channel Home Theater System, Black (Discontinued by Manufacturer)", "imUrl": "http://ecx.images-amazon.com/images/I/41%2BEUYFpjPL._SX300_.jpg", "price": 199.95, "numReviews": 66, "groups": [213], "averageRating": 4.166666666666667}, {"asin": "B001AO4MOA", "name": "Insignia NS-H2002B 200W 5.1-Ch. Home Theater System with DVD/CD/MP3 Player", "imUrl": "http://ecx.images-amazon.com/images/I/4112YVX6svL._SX300_.jpg", "price": 149.96, "numReviews": 6, "groups": [214], "averageRating": 4.0, "salesRankCategory": "Electronics", "salesRank": 185668}, {"asin": "B00A6THUHQ", "name": "Acoustic Audio AA5102 800W 5.1 Channel Home Theater Surround Sound Speaker System", "imUrl": "http://ecx.images-amazon.com/images/I/41EOr12c1KL._SY300_.jpg", "price": 94.99, "numReviews": 17, "groups": [215], "averageRating": 3.0, "brand": "Acoustic Audio"}, {"asin": "B000NLLXZW", "name": "Panasonic SC-PT650 DVD Home Theater System (Discontinued by Manufacturer)", "imUrl": "http://ecx.images-amazon.com/images/I/31QT67QCt%2BL._SY300_.jpg", "price": 155.95, "numReviews": 9, "groups": [216], "averageRating": 3.6666666666666665}, {"asin": "B0015A6XVE", "name": "Samsung HT-Z410T 5.1-Channel 5 Disc Home Theater Surround Sound System (Set of Seven, Black) (Discontinued by Manufacturer)", "imUrl": "http://ecx.images-amazon.com/images/I/31Kzwvb5MkL._SX300_.jpg", "price": 4.45, "numReviews": 27, "groups": [217], "averageRating": 3.6296296296296298, "salesRankCategory": "Electronics", "salesRank": 140476}, {"asin": "B003UNNNLW", "name": "Electrohome ELE-HTB920E 5.1 Channel Surround Sound Home Theater Speaker System with HD 1080p Upconverting DVD Player & AM/FM Digital Radio", "imUrl": "http://ecx.images-amazon.com/images/I/2168U7cUC7L.jpg", "price": 94.95, "numReviews": 33, "groups": [218], "averageRating": 2.787878787878788}, {"asin": "B007B5WIJ8", "name": "Philips HTS3541/F7 5.1 Home Theater 3D Blu-ray Player", "imUrl": "http://ecx.images-amazon.com/images/I/41yUGVp%2BPVL._SY300_.jpg", "price": 153.06, "numReviews": 58, "groups": [219], "averageRating": 3.189655172413793, "brand": "Philips"}, {"asin": "B0035ER1QE", "name": "Sony HT-SS370 Surround Sound Home Theater System, Black (Discontinued by Manufacturer)", "imUrl": "http://ecx.images-amazon.com/images/I/31eJKI4KrEL._SY300_.jpg", "price": 334.54, "numReviews": 86, "groups": [220], "averageRating": 4.372093023255814, "brand": "Sony"}, {"asin": "B00C27S3WG", "name": "Sony BDV-N8100W 5.1 Channel 3D Blu-ray Disc Home Theater System with Wireless Rear Speakers", "imUrl": "http://ecx.images-amazon.com/images/I/31jLT5EQBxL._SX300_.jpg", "price": 699.95, "numReviews": 46, "groups": [221], "averageRating": 3.9565217391304346}, {"asin": "B0014TEASO", "name": "Panasonic SC-PT960 Deluxe 5 DVD Home Theater System", "imUrl": "http://ecx.images-amazon.com/images/I/41RecY7S69L._SX300_.jpg", "price": 10.97, "numReviews": 54, "groups": [222], "averageRating": 4.037037037037037}, {"asin": "B0078GCM50", "name": "Panasonic SC-HTB20 Energy Star 2.1-Channel 240-Watt Multi-Positional Full HD 3D Audio System (2012 Model)", "imUrl": "http://ecx.images-amazon.com/images/I/419YzSZH%2BIL._SY300_.jpg", "price": 165.0, "numReviews": 104, "groups": [223], "averageRating": 4.1826923076923075, "brand": "Panasonic"}, {"asin": "B002DEM9KU", "name": "Sony BDVE500W 5.1-Channel High-Definition Blu-ray and DVD Disc Home Theater System (Black) (Discontinued by Manufacturer)", "imUrl": "http://ecx.images-amazon.com/images/I/41t0FaZHzWL._SX300_.jpg", "price": 448.0, "numReviews": 54, "groups": [224], "averageRating": 4.12962962962963}, {"asin": "B000EX4VIU", "name": "Sony DAV-DZ100 Home Theatre System", "imUrl": "http://ecx.images-amazon.com/images/I/31151WGPK9L._SY300_.jpg", "price": 199.95, "numReviews": 3, "groups": [225], "averageRating": 3.6666666666666665, "salesRankCategory": "Electronics", "salesRank": 382466}, {"asin": "B0001LGXO0", "name": "Sony HT-DDW660 Home Theater System (Discontinued by Manufacturer)", "imUrl": "http://ecx.images-amazon.com/images/I/3139XWAZAML._SX300_.jpg", "price": 7.36, "numReviews": 29, "groups": [226], "averageRating": 4.0}, {"asin": "B004M8SAS0", "name": "Panasonic SC-XH150 5.1 Channel Cinema Surround Home Entertainment System (2011 Model)", "imUrl": "http://ecx.images-amazon.com/images/I/31z45tuov2L._SY300_.jpg", "price": 155.7, "numReviews": 60, "groups": [227], "averageRating": 3.55, "salesRankCategory": "Electronics", "salesRank": 48206}], "links": [{"source": 0, "target": 104, "right": true, "left": false, "value": 1}, {"source": 0, "target": 73, "right": true, "left": false, "value": 1}, {"source": 0, "target": 11, "right": false, "left": true, "value": 1}, {"source": 0, "target": 48, "right": false, "left": true, "value": 1}, {"source": 0, "target": 178, "right": false, "left": true, "value": 1}, {"source": 0, "target": 122, "right": true, "left": false, "value": 1}, {"source": 0, "target": 127, "right": false, "left": true, "value": 1}, {"source": 1, "target": 190, "right": true, "left": false, "value": 1}, {"source": 2, "target": 226, "right": true, "left": false, "value": 1}, {"source": 3, "target": 73, "right": true, "left": false, "value": 1}, {"source": 3, "target": 185, "right": false, "left": true, "value": 1}, {"source": 3, "target": 126, "right": true, "left": false, "value": 1}, {"source": 4, "target": 152, "right": false, "left": true, "value": 1}, {"source": 4, "target": 175, "right": false, "left": true, "value": 1}, {"source": 5, "target": 124, "right": false, "left": true, "value": 1}, {"source": 5, "target": 62, "right": false, "left": true, "value": 1}, {"source": 5, "target": 71, "right": false, "left": true, "value": 1}, {"source": 6, "target": 51, "right": true, "left": false, "value": 1}, {"source": 6, "target": 190, "right": true, "left": false, "value": 1}, {"source": 7, "target": 51, "right": true, "left": false, "value": 1}, {"source": 8, "target": 73, "right": true, "left": false, "value": 1}, {"source": 8, "target": 122, "right": true, "left": false, "value": 1}, {"source": 8, "target": 126, "right": true, "left": false, "value": 1}, {"source": 9, "target": 72, "right": true, "left": false, "value": 1}, {"source": 9, "target": 149, "right": true, "left": false, "value": 1}, {"source": 10, "target": 73, "right": true, "left": false, "value": 1}, {"source": 11, "target": 73, "right": true, "left": false, "value": 1}, {"source": 11, "target": 104, "right": true, "left": false, "value": 1}, {"source": 12, "target": 73, "right": true, "left": false, "value": 1}, {"source": 13, "target": 73, "right": true, "left": false, "value": 1}, {"source": 13, "target": 122, "right": true, "left": false, "value": 1}, {"source": 13, "target": 137, "right": true, "left": false, "value": 1}, {"source": 14, "target": 73, "right": true, "left": false, "value": 1}, {"source": 14, "target": 111, "right": true, "left": false, "value": 1}, {"source": 15, "target": 51, "right": true, "left": false, "value": 1}, {"source": 15, "target": 101, "right": true, "left": false, "value": 1}, {"source": 15, "target": 195, "right": true, "left": false, "value": 1}, {"source": 16, "target": 51, "right": true, "left": false, "value": 1}, {"source": 16, "target": 190, "right": true, "left": false, "value": 1}, {"source": 17, "target": 108, "right": true, "left": false, "value": 1}, {"source": 18, "target": 137, "right": true, "left": false, "value": 1}, {"source": 18, "target": 51, "right": true, "left": false, "value": 1}, {"source": 18, "target": 101, "right": true, "left": false, "value": 1}, {"source": 19, "target": 190, "right": true, "left": false, "value": 1}, {"source": 20, "target": 108, "right": true, "left": false, "value": 1}, {"source": 21, "target": 73, "right": true, "left": false, "value": 1}, {"source": 21, "target": 101, "right": true, "left": false, "value": 1}, {"source": 22, "target": 101, "right": true, "left": false, "value": 1}, {"source": 22, "target": 111, "right": true, "left": false, "value": 1}, {"source": 23, "target": 104, "right": true, "left": false, "value": 1}, {"source": 23, "target": 149, "right": true, "left": false, "value": 1}, {"source": 24, "target": 41, "right": true, "left": false, "value": 1}, {"source": 24, "target": 77, "right": true, "left": false, "value": 1}, {"source": 25, "target": 99, "right": false, "left": true, "value": 1}, {"source": 25, "target": 104, "right": false, "left": true, "value": 1}, {"source": 25, "target": 73, "right": true, "left": false, "value": 1}, {"source": 25, "target": 108, "right": false, "left": true, "value": 1}, {"source": 25, "target": 182, "right": true, "left": false, "value": 1}, {"source": 25, "target": 122, "right": true, "left": false, "value": 1}, {"source": 25, "target": 157, "right": true, "left": false, "value": 1}, {"source": 26, "target": 65, "right": false, "left": true, "value": 1}, {"source": 26, "target": 225, "right": false, "left": true, "value": 1}, {"source": 26, "target": 134, "right": false, "left": true, "value": 1}, {"source": 26, "target": 167, "right": false, "left": true, "value": 1}, {"source": 26, "target": 198, "right": false, "left": true, "value": 1}, {"source": 26, "target": 73, "right": true, "left": false, "value": 1}, {"source": 26, "target": 202, "right": false, "left": true, "value": 1}, {"source": 26, "target": 206, "right": false, "left": true, "value": 1}, {"source": 26, "target": 149, "right": false, "left": true, "value": 1}, {"source": 26, "target": 182, "right": true, "left": false, "value": 1}, {"source": 26, "target": 120, "right": false, "left": true, "value": 1}, {"source": 26, "target": 185, "right": false, "left": true, "value": 1}, {"source": 26, "target": 60, "right": false, "left": true, "value": 1}, {"source": 27, "target": 42, "right": true, "left": false, "value": 1}, {"source": 27, "target": 101, "right": true, "left": false, "value": 1}, {"source": 28, "target": 101, "right": true, "left": false, "value": 1}, {"source": 28, "target": 126, "right": true, "left": false, "value": 1}, {"source": 28, "target": 149, "right": true, "left": false, "value": 1}, {"source": 29, "target": 34, "right": true, "left": false, "value": 1}, {"source": 29, "target": 190, "right": true, "left": false, "value": 1}, {"source": 30, "target": 101, "right": true, "left": false, "value": 1}, {"source": 30, "target": 190, "right": true, "left": false, "value": 1}, {"source": 31, "target": 104, "right": true, "left": false, "value": 1}, {"source": 31, "target": 52, "right": true, "left": false, "value": 1}, {"source": 31, "target": 173, "right": false, "left": true, "value": 1}, {"source": 32, "target": 73, "right": true, "left": false, "value": 1}, {"source": 32, "target": 137, "right": true, "left": false, "value": 1}, {"source": 32, "target": 126, "right": true, "left": false, "value": 1}, {"source": 33, "target": 181, "right": true, "left": false, "value": 1}, {"source": 34, "target": 101, "right": true, "left": false, "value": 1}, {"source": 34, "target": 78, "right": false, "left": true, "value": 1}, {"source": 34, "target": 176, "right": false, "left": true, "value": 1}, {"source": 34, "target": 209, "right": false, "left": true, "value": 1}, {"source": 34, "target": 51, "right": true, "left": false, "value": 1}, {"source": 34, "target": 158, "right": false, "left": true, "value": 1}, {"source": 34, "target": 190, "right": true, "left": false, "value": 1}, {"source": 35, "target": 182, "right": true, "left": false, "value": 1}, {"source": 36, "target": 218, "right": true, "left": false, "value": 1}, {"source": 36, "target": 51, "right": true, "left": false, "value": 1}, {"source": 36, "target": 126, "right": true, "left": false, "value": 1}, {"source": 37, "target": 51, "right": true, "left": false, "value": 1}, {"source": 38, "target": 73, "right": true, "left": false, "value": 1}, {"source": 38, "target": 137, "right": true, "left": false, "value": 1}, {"source": 38, "target": 126, "right": true, "left": false, "value": 1}, {"source": 39, "target": 194, "right": false, "left": true, "value": 1}, {"source": 39, "target": 51, "right": true, "left": false, "value": 1}, {"source": 39, "target": 190, "right": true, "left": false, "value": 1}, {"source": 39, "target": 126, "right": true, "left": false, "value": 1}, {"source": 40, "target": 111, "right": true, "left": false, "value": 1}, {"source": 41, "target": 224, "right": true, "left": false, "value": 1}, {"source": 41, "target": 104, "right": true, "left": false, "value": 1}, {"source": 41, "target": 77, "right": false, "left": true, "value": 1}, {"source": 41, "target": 151, "right": true, "left": false, "value": 1}, {"source": 41, "target": 120, "right": false, "left": true, "value": 1}, {"source": 42, "target": 73, "right": true, "left": false, "value": 1}, {"source": 42, "target": 137, "right": true, "left": false, "value": 1}, {"source": 42, "target": 59, "right": false, "left": true, "value": 1}, {"source": 42, "target": 114, "right": false, "left": true, "value": 1}, {"source": 42, "target": 119, "right": false, "left": true, "value": 1}, {"source": 42, "target": 87, "right": false, "left": true, "value": 1}, {"source": 42, "target": 222, "right": false, "left": true, "value": 1}, {"source": 42, "target": 126, "right": true, "left": false, "value": 1}, {"source": 42, "target": 95, "right": false, "left": true, "value": 1}, {"source": 43, "target": 108, "right": true, "left": false, "value": 1}, {"source": 44, "target": 73, "right": true, "left": false, "value": 1}, {"source": 44, "target": 182, "right": true, "left": false, "value": 1}, {"source": 44, "target": 111, "right": true, "left": false, "value": 1}, {"source": 45, "target": 101, "right": true, "left": false, "value": 1}, {"source": 45, "target": 111, "right": true, "left": false, "value": 1}, {"source": 46, "target": 73, "right": true, "left": false, "value": 1}, {"source": 46, "target": 101, "right": true, "left": false, "value": 1}, {"source": 47, "target": 73, "right": true, "left": false, "value": 1}, {"source": 47, "target": 111, "right": true, "left": false, "value": 1}, {"source": 48, "target": 157, "right": true, "left": false, "value": 1}, {"source": 49, "target": 106, "right": true, "left": false, "value": 1}, {"source": 49, "target": 182, "right": true, "left": false, "value": 1}, {"source": 50, "target": 73, "right": true, "left": false, "value": 1}, {"source": 50, "target": 51, "right": true, "left": false, "value": 1}, {"source": 50, "target": 126, "right": true, "left": false, "value": 1}, {"source": 51, "target": 133, "right": false, "left": true, "value": 1}, {"source": 51, "target": 136, "right": false, "left": true, "value": 1}, {"source": 51, "target": 138, "right": false, "left": true, "value": 1}, {"source": 51, "target": 139, "right": false, "left": true, "value": 1}, {"source": 51, "target": 140, "right": false, "left": true, "value": 1}, {"source": 51, "target": 148, "right": false, "left": true, "value": 1}, {"source": 51, "target": 150, "right": false, "left": true, "value": 1}, {"source": 51, "target": 157, "right": true, "left": true, "value": 1}, {"source": 51, "target": 166, "right": false, "left": true, "value": 1}, {"source": 51, "target": 169, "right": false, "left": true, "value": 1}, {"source": 51, "target": 170, "right": false, "left": true, "value": 1}, {"source": 51, "target": 186, "right": false, "left": true, "value": 1}, {"source": 51, "target": 61, "right": false, "left": true, "value": 1}, {"source": 51, "target": 190, "right": false, "left": true, "value": 1}, {"source": 51, "target": 63, "right": false, "left": true, "value": 1}, {"source": 51, "target": 195, "right": false, "left": true, "value": 1}, {"source": 51, "target": 201, "right": false, "left": true, "value": 1}, {"source": 51, "target": 208, "right": false, "left": true, "value": 1}, {"source": 51, "target": 83, "right": false, "left": true, "value": 1}, {"source": 51, "target": 85, "right": false, "left": true, "value": 1}, {"source": 51, "target": 213, "right": false, "left": true, "value": 1}, {"source": 51, "target": 216, "right": false, "left": true, "value": 1}, {"source": 51, "target": 94, "right": false, "left": true, "value": 1}, {"source": 51, "target": 95, "right": false, "left": true, "value": 1}, {"source": 51, "target": 96, "right": false, "left": true, "value": 1}, {"source": 51, "target": 101, "right": true, "left": true, "value": 1}, {"source": 51, "target": 230, "right": false, "left": true, "value": 1}, {"source": 51, "target": 109, "right": false, "left": true, "value": 1}, {"source": 51, "target": 115, "right": false, "left": true, "value": 1}, {"source": 52, "target": 104, "right": true, "left": false, "value": 1}, {"source": 52, "target": 173, "right": false, "left": true, "value": 1}, {"source": 52, "target": 182, "right": true, "left": false, "value": 1}, {"source": 53, "target": 101, "right": true, "left": false, "value": 1}, {"source": 54, "target": 190, "right": true, "left": false, "value": 1}, {"source": 54, "target": 101, "right": true, "left": false, "value": 1}, {"source": 54, "target": 157, "right": true, "left": false, "value": 1}, {"source": 55, "target": 224, "right": true, "left": false, "value": 1}, {"source": 55, "target": 73, "right": true, "left": false, "value": 1}, {"source": 55, "target": 203, "right": false, "left": true, "value": 1}, {"source": 55, "target": 111, "right": true, "left": false, "value": 1}, {"source": 55, "target": 182, "right": true, "left": false, "value": 1}, {"source": 56, "target": 224, "right": true, "left": false, "value": 1}, {"source": 56, "target": 73, "right": true, "left": false, "value": 1}, {"source": 56, "target": 182, "right": true, "left": false, "value": 1}, {"source": 56, "target": 111, "right": true, "left": false, "value": 1}, {"source": 57, "target": 104, "right": true, "left": false, "value": 1}, {"source": 57, "target": 77, "right": true, "left": false, "value": 1}, {"source": 58, "target": 78, "right": false, "left": true, "value": 1}, {"source": 58, "target": 218, "right": true, "left": false, "value": 1}, {"source": 58, "target": 190, "right": true, "left": false, "value": 1}, {"source": 59, "target": 101, "right": true, "left": false, "value": 1}, {"source": 59, "target": 137, "right": true, "left": false, "value": 1}, {"source": 59, "target": 119, "right": false, "left": true, "value": 1}, {"source": 59, "target": 61, "right": false, "left": true, "value": 1}, {"source": 63, "target": 73, "right": true, "left": false, "value": 1}, {"source": 64, "target": 224, "right": true, "left": false, "value": 1}, {"source": 64, "target": 182, "right": true, "left": false, "value": 1}, {"source": 65, "target": 149, "right": true, "left": false, "value": 1}, {"source": 66, "target": 73, "right": true, "left": false, "value": 1}, {"source": 66, "target": 101, "right": true, "left": false, "value": 1}, {"source": 67, "target": 165, "right": false, "left": true, "value": 1}, {"source": 67, "target": 111, "right": true, "left": false, "value": 1}, {"source": 68, "target": 104, "right": true, "left": false, "value": 1}, {"source": 68, "target": 101, "right": true, "left": false, "value": 1}, {"source": 69, "target": 73, "right": true, "left": false, "value": 1}, {"source": 70, "target": 104, "right": true, "left": false, "value": 1}, {"source": 70, "target": 73, "right": true, "left": false, "value": 1}, {"source": 72, "target": 73, "right": true, "left": false, "value": 1}, {"source": 72, "target": 81, "right": false, "left": true, "value": 1}, {"source": 72, "target": 147, "right": false, "left": true, "value": 1}, {"source": 72, "target": 180, "right": false, "left": true, "value": 1}, {"source": 72, "target": 211, "right": false, "left": true, "value": 1}, {"source": 72, "target": 127, "right": false, "left": true, "value": 1}, {"source": 73, "target": 132, "right": false, "left": true, "value": 1}, {"source": 73, "target": 141, "right": false, "left": true, "value": 1}, {"source": 73, "target": 142, "right": false, "left": true, "value": 1}, {"source": 73, "target": 146, "right": false, "left": true, "value": 1}, {"source": 73, "target": 147, "right": false, "left": true, "value": 1}, {"source": 73, "target": 154, "right": false, "left": true, "value": 1}, {"source": 73, "target": 163, "right": false, "left": true, "value": 1}, {"source": 73, "target": 171, "right": false, "left": true, "value": 1}, {"source": 73, "target": 172, "right": false, "left": true, "value": 1}, {"source": 73, "target": 181, "right": false, "left": true, "value": 1}, {"source": 73, "target": 182, "right": true, "left": true, "value": 1}, {"source": 73, "target": 183, "right": false, "left": true, "value": 1}, {"source": 73, "target": 189, "right": false, "left": true, "value": 1}, {"source": 73, "target": 191, "right": false, "left": true, "value": 1}, {"source": 73, "target": 196, "right": false, "left": true, "value": 1}, {"source": 73, "target": 74, "right": false, "left": true, "value": 1}, {"source": 73, "target": 81, "right": false, "left": true, "value": 1}, {"source": 73, "target": 82, "right": false, "left": true, "value": 1}, {"source": 73, "target": 212, "right": false, "left": true, "value": 1}, {"source": 73, "target": 87, "right": false, "left": true, "value": 1}, {"source": 73, "target": 88, "right": false, "left": true, "value": 1}, {"source": 73, "target": 216, "right": false, "left": true, "value": 1}, {"source": 73, "target": 222, "right": false, "left": true, "value": 1}, {"source": 73, "target": 223, "right": false, "left": true, "value": 1}, {"source": 73, "target": 224, "right": false, "left": true, "value": 1}, {"source": 73, "target": 97, "right": false, "left": true, "value": 1}, {"source": 73, "target": 98, "right": false, "left": true, "value": 1}, {"source": 73, "target": 227, "right": false, "left": true, "value": 1}, {"source": 73, "target": 101, "right": true, "left": true, "value": 1}, {"source": 73, "target": 104, "right": false, "left": true, "value": 1}, {"source": 73, "target": 107, "right": false, "left": true, "value": 1}, {"source": 73, "target": 110, "right": false, "left": true, "value": 1}, {"source": 73, "target": 111, "right": true, "left": true, "value": 1}, {"source": 73, "target": 114, "right": false, "left": true, "value": 1}, {"source": 73, "target": 117, "right": false, "left": true, "value": 1}, {"source": 73, "target": 121, "right": false, "left": true, "value": 1}, {"source": 73, "target": 126, "right": false, "left": true, "value": 1}, {"source": 74, "target": 101, "right": true, "left": false, "value": 1}, {"source": 75, "target": 226, "right": true, "left": false, "value": 1}, {"source": 76, "target": 157, "right": true, "left": false, "value": 1}, {"source": 76, "target": 190, "right": true, "left": false, "value": 1}, {"source": 77, "target": 99, "right": true, "left": false, "value": 1}, {"source": 77, "target": 151, "right": true, "left": false, "value": 1}, {"source": 78, "target": 170, "right": true, "left": false, "value": 1}, {"source": 78, "target": 190, "right": true, "left": false, "value": 1}, {"source": 79, "target": 108, "right": true, "left": false, "value": 1}, {"source": 79, "target": 149, "right": true, "left": false, "value": 1}, {"source": 80, "target": 101, "right": true, "left": false, "value": 1}, {"source": 81, "target": 190, "right": true, "left": false, "value": 1}, {"source": 82, "target": 149, "right": true, "left": false, "value": 1}, {"source": 82, "target": 126, "right": true, "left": false, "value": 1}, {"source": 84, "target": 137, "right": true, "left": false, "value": 1}, {"source": 86, "target": 151, "right": true, "left": false, "value": 1}, {"source": 86, "target": 182, "right": true, "left": false, "value": 1}, {"source": 86, "target": 111, "right": true, "left": false, "value": 1}, {"source": 87, "target": 162, "right": false, "left": true, "value": 1}, {"source": 87, "target": 207, "right": false, "left": true, "value": 1}, {"source": 88, "target": 137, "right": true, "left": false, "value": 1}, {"source": 89, "target": 226, "right": true, "left": false, "value": 1}, {"source": 90, "target": 101, "right": true, "left": false, "value": 1}, {"source": 91, "target": 118, "right": true, "left": false, "value": 1}, {"source": 92, "target": 156, "right": false, "left": true, "value": 1}, {"source": 92, "target": 106, "right": true, "left": false, "value": 1}, {"source": 92, "target": 182, "right": true, "left": false, "value": 1}, {"source": 92, "target": 110, "right": true, "left": false, "value": 1}, {"source": 93, "target": 104, "right": true, "left": false, "value": 1}, {"source": 93, "target": 108, "right": true, "left": false, "value": 1}, {"source": 95, "target": 137, "right": true, "left": false, "value": 1}, {"source": 95, "target": 126, "right": true, "left": false, "value": 1}, {"source": 96, "target": 190, "right": true, "left": false, "value": 1}, {"source": 96, "target": 126, "right": true, "left": false, "value": 1}, {"source": 96, "target": 195, "right": true, "left": false, "value": 1}, {"source": 97, "target": 101, "right": true, "left": false, "value": 1}, {"source": 98, "target": 122, "right": true, "left": false, "value": 1}, {"source": 99, "target": 182, "right": true, "left": false, "value": 1}, {"source": 99, "target": 151, "right": true, "left": true, "value": 1}, {"source": 100, "target": 104, "right": true, "left": false, "value": 1}, {"source": 100, "target": 108, "right": true, "left": false, "value": 1}, {"source": 101, "target": 133, "right": false, "left": true, "value": 1}, {"source": 101, "target": 136, "right": false, "left": true, "value": 1}, {"source": 101, "target": 145, "right": false, "left": true, "value": 1}, {"source": 101, "target": 157, "right": false, "left": true, "value": 1}, {"source": 101, "target": 168, "right": false, "left": true, "value": 1}, {"source": 101, "target": 169, "right": false, "left": true, "value": 1}, {"source": 101, "target": 170, "right": false, "left": true, "value": 1}, {"source": 101, "target": 184, "right": false, "left": true, "value": 1}, {"source": 101, "target": 186, "right": false, "left": true, "value": 1}, {"source": 101, "target": 190, "right": false, "left": true, "value": 1}, {"source": 101, "target": 195, "right": false, "left": true, "value": 1}, {"source": 101, "target": 204, "right": false, "left": true, "value": 1}, {"source": 101, "target": 205, "right": false, "left": true, "value": 1}, {"source": 101, "target": 211, "right": false, "left": true, "value": 1}, {"source": 101, "target": 212, "right": false, "left": true, "value": 1}, {"source": 101, "target": 213, "right": false, "left": true, "value": 1}, {"source": 101, "target": 216, "right": false, "left": true, "value": 1}, {"source": 101, "target": 228, "right": false, "left": true, "value": 1}, {"source": 101, "target": 103, "right": false, "left": true, "value": 1}, {"source": 101, "target": 115, "right": false, "left": true, "value": 1}, {"source": 101, "target": 119, "right": false, "left": true, "value": 1}, {"source": 101, "target": 122, "right": true, "left": true, "value": 1}, {"source": 101, "target": 123, "right": false, "left": true, "value": 1}, {"source": 101, "target": 125, "right": false, "left": true, "value": 1}, {"source": 102, "target": 104, "right": true, "left": false, "value": 1}, {"source": 102, "target": 108, "right": true, "left": false, "value": 1}, {"source": 103, "target": 195, "right": true, "left": false, "value": 1}, {"source": 104, "target": 153, "right": false, "left": true, "value": 1}, {"source": 104, "target": 171, "right": false, "left": true, "value": 1}, {"source": 104, "target": 173, "right": false, "left": true, "value": 1}, {"source": 104, "target": 178, "right": false, "left": true, "value": 1}, {"source": 104, "target": 182, "right": true, "left": false, "value": 1}, {"source": 104, "target": 188, "right": false, "left": true, "value": 1}, {"source": 104, "target": 108, "right": false, "left": true, "value": 1}, {"source": 105, "target": 111, "right": true, "left": false, "value": 1}, {"source": 106, "target": 198, "right": false, "left": true, "value": 1}, {"source": 106, "target": 182, "right": true, "left": false, "value": 1}, {"source": 106, "target": 151, "right": false, "left": true, "value": 1}, {"source": 108, "target": 131, "right": false, "left": true, "value": 1}, {"source": 108, "target": 167, "right": false, "left": true, "value": 1}, {"source": 108, "target": 174, "right": false, "left": true, "value": 1}, {"source": 108, "target": 178, "right": false, "left": true, "value": 1}, {"source": 109, "target": 218, "right": true, "left": false, "value": 1}, {"source": 109, "target": 187, "right": true, "left": false, "value": 1}, {"source": 110, "target": 227, "right": false, "left": true, "value": 1}, {"source": 110, "target": 137, "right": true, "left": false, "value": 1}, {"source": 110, "target": 156, "right": false, "left": true, "value": 1}, {"source": 110, "target": 179, "right": false, "left": true, "value": 1}, {"source": 110, "target": 182, "right": true, "left": false, "value": 1}, {"source": 111, "target": 146, "right": false, "left": true, "value": 1}, {"source": 111, "target": 167, "right": false, "left": true, "value": 1}, {"source": 111, "target": 178, "right": false, "left": true, "value": 1}, {"source": 111, "target": 182, "right": true, "left": true, "value": 1}, {"source": 111, "target": 183, "right": false, "left": true, "value": 1}, {"source": 111, "target": 189, "right": false, "left": true, "value": 1}, {"source": 111, "target": 212, "right": false, "left": true, "value": 1}, {"source": 111, "target": 224, "right": false, "left": true, "value": 1}, {"source": 111, "target": 227, "right": false, "left": true, "value": 1}, {"source": 112, "target": 193, "right": false, "left": true, "value": 1}, {"source": 112, "target": 140, "right": false, "left": true, "value": 1}, {"source": 112, "target": 190, "right": true, "left": false, "value": 1}, {"source": 113, "target": 157, "right": true, "left": false, "value": 1}, {"source": 114, "target": 126, "right": true, "left": false, "value": 1}, {"source": 116, "target": 190, "right": true, "left": false, "value": 1}, {"source": 117, "target": 137, "right": true, "left": false, "value": 1}, {"source": 117, "target": 149, "right": true, "left": false, "value": 1}, {"source": 120, "target": 149, "right": true, "left": false, "value": 1}, {"source": 121, "target": 137, "right": true, "left": false, "value": 1}, {"source": 122, "target": 195, "right": false, "left": true, "value": 1}, {"source": 122, "target": 137, "right": false, "left": true, "value": 1}, {"source": 122, "target": 157, "right": true, "left": false, "value": 1}, {"source": 123, "target": 190, "right": true, "left": false, "value": 1}, {"source": 125, "target": 190, "right": true, "left": false, "value": 1}, {"source": 125, "target": 157, "right": true, "left": false, "value": 1}, {"source": 126, "target": 129, "right": false, "left": true, "value": 1}, {"source": 126, "target": 137, "right": true, "left": false, "value": 1}, {"source": 126, "target": 142, "right": false, "left": true, "value": 1}, {"source": 126, "target": 144, "right": false, "left": true, "value": 1}, {"source": 126, "target": 158, "right": false, "left": true, "value": 1}, {"source": 126, "target": 168, "right": false, "left": true, "value": 1}, {"source": 126, "target": 177, "right": false, "left": true, "value": 1}, {"source": 126, "target": 191, "right": false, "left": true, "value": 1}, {"source": 126, "target": 197, "right": false, "left": true, "value": 1}, {"source": 126, "target": 202, "right": false, "left": true, "value": 1}, {"source": 126, "target": 207, "right": false, "left": true, "value": 1}, {"source": 126, "target": 230, "right": false, "left": true, "value": 1}, {"source": 126, "target": 127, "right": false, "left": true, "value": 1}, {"source": 128, "target": 190, "right": true, "left": false, "value": 1}, {"source": 130, "target": 149, "right": true, "left": false, "value": 1}, {"source": 133, "target": 157, "right": true, "left": false, "value": 1}, {"source": 135, "target": 170, "right": true, "left": false, "value": 1}, {"source": 136, "target": 190, "right": true, "left": false, "value": 1}, {"source": 137, "target": 163, "right": false, "left": true, "value": 1}, {"source": 137, "target": 154, "right": false, "left": true, "value": 1}, {"source": 137, "target": 146, "right": false, "left": true, "value": 1}, {"source": 137, "target": 182, "right": true, "left": false, "value": 1}, {"source": 139, "target": 218, "right": true, "left": false, "value": 1}, {"source": 140, "target": 193, "right": false, "left": true, "value": 1}, {"source": 140, "target": 200, "right": false, "left": true, "value": 1}, {"source": 140, "target": 210, "right": false, "left": true, "value": 1}, {"source": 140, "target": 190, "right": true, "left": false, "value": 1}, {"source": 143, "target": 195, "right": true, "left": false, "value": 1}, {"source": 144, "target": 190, "right": true, "left": false, "value": 1}, {"source": 144, "target": 149, "right": true, "left": false, "value": 1}, {"source": 149, "target": 167, "right": false, "left": true, "value": 1}, {"source": 149, "target": 202, "right": false, "left": true, "value": 1}, {"source": 149, "target": 206, "right": false, "left": true, "value": 1}, {"source": 149, "target": 179, "right": false, "left": true, "value": 1}, {"source": 149, "target": 182, "right": true, "left": false, "value": 1}, {"source": 150, "target": 218, "right": true, "left": false, "value": 1}, {"source": 153, "target": 157, "right": true, "left": false, "value": 1}, {"source": 155, "target": 160, "right": false, "left": true, "value": 1}, {"source": 155, "target": 215, "right": false, "left": true, "value": 1}, {"source": 156, "target": 182, "right": true, "left": false, "value": 1}, {"source": 157, "target": 162, "right": false, "left": true, "value": 1}, {"source": 157, "target": 195, "right": false, "left": true, "value": 1}, {"source": 157, "target": 217, "right": false, "left": true, "value": 1}, {"source": 157, "target": 170, "right": false, "left": true, "value": 1}, {"source": 157, "target": 181, "right": false, "left": true, "value": 1}, {"source": 157, "target": 219, "right": false, "left": true, "value": 1}, {"source": 157, "target": 220, "right": false, "left": true, "value": 1}, {"source": 157, "target": 190, "right": false, "left": true, "value": 1}, {"source": 158, "target": 190, "right": true, "left": false, "value": 1}, {"source": 159, "target": 161, "right": false, "left": true, "value": 1}, {"source": 161, "target": 192, "right": true, "left": false, "value": 1}, {"source": 164, "target": 190, "right": true, "left": false, "value": 1}, {"source": 165, "target": 190, "right": true, "left": false, "value": 1}, {"source": 166, "target": 190, "right": true, "left": false, "value": 1}, {"source": 166, "target": 195, "right": true, "left": false, "value": 1}, {"source": 171, "target": 182, "right": true, "left": false, "value": 1}, {"source": 172, "target": 182, "right": true, "left": false, "value": 1}, {"source": 182, "target": 188, "right": false, "left": true, "value": 1}, {"source": 182, "target": 189, "right": false, "left": true, "value": 1}, {"source": 182, "target": 196, "right": false, "left": true, "value": 1}, {"source": 182, "target": 214, "right": false, "left": true, "value": 1}, {"source": 182, "target": 223, "right": false, "left": true, "value": 1}, {"source": 182, "target": 224, "right": false, "left": true, "value": 1}, {"source": 184, "target": 195, "right": true, "left": false, "value": 1}, {"source": 185, "target": 224, "right": true, "left": false, "value": 1}, {"source": 187, "target": 218, "right": false, "left": true, "value": 1}, {"source": 190, "target": 201, "right": false, "left": true, "value": 1}, {"source": 190, "target": 208, "right": false, "left": true, "value": 1}, {"source": 190, "target": 210, "right": false, "left": true, "value": 1}, {"source": 190, "target": 217, "right": false, "left": true, "value": 1}, {"source": 190, "target": 221, "right": false, "left": true, "value": 1}, {"source": 190, "target": 228, "right": false, "left": true, "value": 1}, {"source": 195, "target": 200, "right": false, "left": true, "value": 1}, {"source": 195, "target": 229, "right": false, "left": true, "value": 1}, {"source": 195, "target": 230, "right": false, "left": true, "value": 1}, {"source": 195, "target": 219, "right": false, "left": true, "value": 1}, {"source": 198, "target": 224, "right": true, "left": false, "value": 1}, {"source": 199, "target": 214, "right": true, "left": false, "value": 1}, {"source": 207, "target": 222, "right": true, "left": false, "value": 1}]}