{"nodes": [{"asin": "B0027410UG", "name": "Cisco SD208P 8-port 10/100 Switch - PoE/QoS", "imUrl": "http://ecx.images-amazon.com/images/I/31MvB6PZN6L._SX300_.jpg", "price": 113.33, "numReviews": 10, "groups": [0], "averageRating": 4.3}, {"asin": "B0057FWX2Q", "name": "HP Procurve V1810-48G Ethernet Switch (J9660A#ABA)", "imUrl": "http://ecx.images-amazon.com/images/I/21g7rtv5z-L._SY300_.jpg", "price": 467.97, "numReviews": 2, "groups": [1], "averageRating": 4.5, "brand": "HP"}, {"asin": "B0000BVYY5", "name": "D-Link DGS-1008D 8-Port 10/100/1000 Gigabit Switch, Desktop", "imUrl": "http://ecx.images-amazon.com/images/I/31QX38N821L._SX300_.jpg", "price": 34.99, "numReviews": 17, "groups": [2], "averageRating": 2.2941176470588234}, {"asin": "B002T45X7K", "name": "HP Procurve 2520G-8- Poe  Switch", "imUrl": "http://ecx.images-amazon.com/images/I/41iG-z9Gc7L._SY300_.jpg", "price": 875.0, "numReviews": 1, "groups": [3], "averageRating": 5.0}, {"asin": "B008HODTIG", "name": "SODIAL(TM) RJ45 CAT 5 6 LAN Ethernet Splitter Connector Adapter PC", "imUrl": "http://ecx.images-amazon.com/images/I/41hYrVErQDL._SY300_.jpg", "price": 3.1, "numReviews": 4, "groups": [4], "averageRating": 1.5, "brand": "SODIAL(TM)"}, {"asin": "B00BGTPPSQ", "name": "NETGEAR ProSAFE GS728TP 24-Port Gigabit PoE Smart Switch 10/100/1000Mbps", "imUrl": "http://ecx.images-amazon.com/images/I/31Be4AA1v4L._SX300_.jpg", "price": 439.22, "numReviews": 9, "groups": [5], "averageRating": 5.0}, {"asin": "B000VINRVU", "name": "TRENDnet 8-Port Gigabit Web Smart PoE Switch (8x 10/100/1000Mbps) TPE-80WS (Black)", "imUrl": "http://ecx.images-amazon.com/images/I/41UT4GmibWL._SX300_.jpg", "price": 113.33, "numReviews": 6, "groups": [6], "averageRating": 3.1666666666666665}, {"asin": "B0043SUY0Q", "name": "TRENDnet TEG-S8g 8-Port Unmanaged Gigabit GREENnet Desktop Switch (8 x 10/100/1000Mbps Auto-Negotiation, Auto-MDIX) (Plastic Housing)", "imUrl": "http://ecx.images-amazon.com/images/I/31BJf5yXwIL._SX300_.jpg", "price": 29.98, "numReviews": 24, "groups": [7], "averageRating": 4.208333333333333, "brand": "TRENDnet"}, {"asin": "B000AO7SJW", "name": "D-Link 8 Port 10/100 Desktop Switch, Metal (DES-108)", "imUrl": "http://ecx.images-amazon.com/images/I/41yFG-tIQAL._SX300_.jpg", "price": 32.5, "numReviews": 4, "groups": [8], "averageRating": 4.75, "brand": "D-Link"}, {"asin": "B00154CVPM", "name": "PowerDsine 1 port PoE injector, 10/100/10", "imUrl": "http://ecx.images-amazon.com/images/I/31yamJFgz6L._SX300_.jpg", "price": 24.95, "numReviews": 2, "groups": [9], "averageRating": 4.5}, {"asin": "B003N1ZTC2", "name": "HP Procurve 1410-8G Gigabit Ethernet Switch (J9559A#ABA)", "imUrl": "http://ecx.images-amazon.com/images/I/313q6h9e2BL._SY300_.jpg", "price": 59.1, "numReviews": 27, "groups": [10], "averageRating": 4.814814814814815, "brand": "HP"}, {"asin": "B000087RYI", "name": "Cisco WS-C3550-24PWR-SMI Catalyst 3550 10/100 24-Port Inline Power Switch", "imUrl": "http://ecx.images-amazon.com/images/I/11GB79Q7MTL.jpg", "price": 439.35, "numReviews": 3, "groups": [11], "averageRating": 4.666666666666667}, {"asin": "B003L139JO", "name": "Monoprice 101374 BNC AB 4 Position Switch Box", "imUrl": "http://ecx.images-amazon.com/images/I/41dw4PDXKyL._SX300_.jpg", "price": 17.19, "numReviews": 1, "groups": [12], "averageRating": 5.0, "brand": "Monoprice"}, {"asin": "B009LEJJM6", "name": "TP-LINK TL-SG2216 16-Port Gigabit Smart Switch with 2 Combo SFP Slots, 802.1Q VLAN, L2/L3/L4 QoS, IGMP Snooping, Port Security, Storm Control, Web-based Management", "imUrl": "http://ecx.images-amazon.com/images/I/31%2Bfiuk-saL._SX300_.jpg", "price": 145.8, "numReviews": 8, "groups": [13], "averageRating": 4.75, "brand": "TP-LINK"}, {"asin": "B001B8ICUK", "name": "LevelOne 8-port Gigabit Desktop/Wall Mountable Switch(GSW-0807)", "imUrl": "http://ecx.images-amazon.com/images/I/11eigtp-OkL.jpg", "price": 22.88, "numReviews": 4, "groups": [14], "averageRating": 4.0, "brand": "LevelOne"}, {"asin": "B0069JA5Y2", "name": "Edimax ES-3124RL - 24 Ports Auto-Sensing, Store-N-Forward, and Non-Blocking Fast Ethernet 19' Rackmount Switch", "imUrl": "http://ecx.images-amazon.com/images/I/41ECpKUGHVL._SY300_.jpg", "price": 50.49, "numReviews": 1, "groups": [15], "averageRating": 5.0}, {"asin": "B0000ALFEU", "name": "Cisco SD205 5-port 10/100 Switch", "imUrl": "http://ecx.images-amazon.com/images/I/31QC7hZ5TJL._SX300_.jpg", "price": 49.99, "numReviews": 25, "groups": [16], "averageRating": 4.68, "brand": "Cisco"}, {"asin": "B004SUO0YK", "name": "D-Link DGS-1100-16 Easysmart 16-Port Gigabit Switch", "imUrl": "http://ecx.images-amazon.com/images/I/31FkW01L8iL._SX300_.jpg", "price": 146.95, "numReviews": 23, "groups": [17], "averageRating": 4.130434782608695, "brand": "D-Link"}, {"asin": "B007UQRQYK", "name": "Cisco SYSTEMS 28-Port Stackable PoE (SG500-28P-K9)", "imUrl": "http://ecx.images-amazon.com/images/I/31SMS%2BlugQL._SY300_.jpg", "price": 667.98, "numReviews": 2, "groups": [18], "averageRating": 3.0, "brand": "Cisco"}, {"asin": "B009F1E94I", "name": "ZyXEL 48-Port GbE Smart Managed PoE+ Switch (GS1910-48HP)", "imUrl": "http://ecx.images-amazon.com/images/I/41zttU188xL._SY300_.jpg", "price": 616.64, "numReviews": 4, "groups": [19], "averageRating": 3.75}, {"asin": "B00006HQDQ", "name": "Cisco WS-C2950-24 Catalyst 2950-24 10/100 24-Port Switch", "imUrl": "http://ecx.images-amazon.com/images/I/411aweceC8L._SX300_.jpg", "price": 150.89, "numReviews": 4, "groups": [20], "averageRating": 4.0, "brand": "Cisco"}, {"asin": "B000MGBOHA", "name": "8 port 10/100 mini Switch, Pla", "imUrl": "http://ecx.images-amazon.com/images/I/31YfmN6GLXL._SX300_.jpg", "price": 13.99, "numReviews": 1, "groups": [21], "averageRating": 5.0}, {"asin": "B000ABME5S", "name": "SMC Networks SMCFS5 10/100Mbps Unmanaged 5-Port Compact Switches", "imUrl": "http://ecx.images-amazon.com/images/I/31TCOg5229L._SY300_.jpg", "price": 8.99, "numReviews": 10, "groups": [22], "averageRating": 4.7}, {"asin": "B000BWYU3A", "name": "Cisco SRW248G4 48-port 10/100 + 4-port Gigabit Switch - WebView", "imUrl": "http://ecx.images-amazon.com/images/I/41gPfSYxECL._SX300_.jpg", "price": 464.99, "numReviews": 1, "groups": [23], "averageRating": 5.0}, {"asin": "B004GHMU5G", "name": "Cisco SG200-26 Gigabit Ethernet Smart Switch with 24 10/100/1000 Ports and 2 Combo Mini-GBIC Ports (SLM2024T)", "imUrl": "http://ecx.images-amazon.com/images/I/311sdaJExxL._SX300_.jpg", "price": 238.89, "numReviews": 99, "groups": [24], "averageRating": 4.424242424242424, "brand": "Cisco"}, {"asin": "B00880BWZG", "name": "HP 1910-8G-PoE+ 180W Switch (JG350A#ABA)", "imUrl": "http://ecx.images-amazon.com/images/I/21%2BtU8NGvSL._SY300_.jpg", "price": 337.27, "numReviews": 1, "groups": [25], "averageRating": 5.0, "brand": "HP"}, {"asin": "B00003006K", "name": "Cisco-Linksys  EZXS88W EtherFast 10/100 8-Port Workgroup Switch", "imUrl": "http://ecx.images-amazon.com/images/I/416XG7QFKXL._SX300_.jpg", "price": 24.99, "numReviews": 90, "groups": [26], "averageRating": 4.322222222222222, "brand": "Linksys"}, {"asin": "B003OWZYLQ", "name": "HP Procurve 2915-8G- Poe Switch (J9562A)", "imUrl": "http://ecx.images-amazon.com/images/I/31BbBYNpnML._SX300_.jpg", "price": 526.78, "numReviews": 1, "groups": [27], "averageRating": 5.0, "brand": "HP"}, {"asin": "B0000C20HW", "name": "Cisco SR216 16-port 10/100 Rack Mountable Switch", "imUrl": "http://ecx.images-amazon.com/images/I/31-HTgzjtjL._SX300_.jpg", "price": 71.98, "numReviews": 2, "groups": [28], "averageRating": 4.5}, {"asin": "B00004Y7LP", "name": "NETGEAR FS516 16 Port Fast Ethernet Switch (10/100)", "imUrl": "http://ecx.images-amazon.com/images/I/41EVH5497DL._SX300_.jpg", "price": 58.99, "numReviews": 2, "groups": [29], "averageRating": 4.0}, {"asin": "B008B8CVTQ", "name": "Cisco SG100-16 16-Port Gigabit Switch (SG100-16-NA)", "imUrl": "http://ecx.images-amazon.com/images/I/31a7OVT50FL._SY300_.jpg", "price": 137.99, "numReviews": 15, "groups": [30], "averageRating": 4.533333333333333, "brand": "Cisco"}, {"asin": "B009LEJL5Q", "name": "TP-LINK TL-SG2424 24-Port Gigabit Smart Switch with 4 Combo SFP Slots, 802.1Q VLAN, L2/L3/L4 QoS, IGMP Snooping, Port Security, Storm Control, Web-based Management", "imUrl": "http://ecx.images-amazon.com/images/I/31ji3OUAP8L._SX300_.jpg", "price": 169.99, "numReviews": 8, "groups": [31], "averageRating": 4.75, "brand": "TP-LINK"}, {"asin": "B00009KIYM", "name": "Cisco-Linksys EG008W  Gigabit 8-Port Workgroup Switch", "imUrl": "http://ecx.images-amazon.com/images/I/41nGer5nnVL._SY300_.jpg", "price": 139.97, "numReviews": 57, "groups": [32], "averageRating": 3.6491228070175437, "brand": "Linksys"}, {"asin": "B001RAVZOC", "name": "Intellinet 16-Port 10/100 Fast Ethernet Rackmount PoE Switch (524155)", "imUrl": "http://ecx.images-amazon.com/images/I/31zrbgPemjL._SX300_.jpg", "price": 249.99, "numReviews": 1, "groups": [33], "averageRating": 1.0}, {"asin": "B000T5FEG6", "name": "D-Link Systems, Inc.  16-Port 10/100 Desktop Switch (DSS-16+/RE)", "imUrl": "http://ecx.images-amazon.com/images/I/31mgkoWj-IL._SX300_.jpg", "price": 55.99, "numReviews": 1, "groups": [34], "averageRating": 5.0, "brand": "D-Link"}, {"asin": "B001QCYIHW", "name": "Asante IntraCore  48-Port Green Gigabit/SFP Uplink Layer 2+ Management Ethernet Switch (Dark Grey)", "imUrl": "http://ecx.images-amazon.com/images/I/31aPbH1bklL._SX300_.jpg", "price": 699.99, "numReviews": 2, "groups": [35], "averageRating": 5.0}, {"asin": "B000HPWZH4", "name": "ZyXEL ZyWALL 2 PLUS Internet Security Firewall, 4 Port 10/100 Fast Ethernet Switch, w/ 5 IPSec VPN Tunnels", "imUrl": "http://ecx.images-amazon.com/images/I/41fftAIVduL._SY300_.jpg", "price": 206.99, "numReviews": 7, "groups": [36], "averageRating": 4.285714285714286}, {"asin": "B003E8ZSFC", "name": "Juniper EX2200-48T-4G Layer 3 Switch (EX2200-48T-4G)", "imUrl": "http://ecx.images-amazon.com/images/I/41KFuHgNYbL._SY300_.jpg", "price": 823.95, "numReviews": 3, "groups": [37], "averageRating": 4.666666666666667}, {"asin": "B005GAATOG", "name": "BV-TECH 8 Port 120W 10/100Mbps Power over Ethernet Switch - Designed for IP Camera Use(Gray)", "imUrl": "http://ecx.images-amazon.com/images/I/41Kxv3G7BGL._SY300_.jpg", "price": 119.05, "numReviews": 10, "groups": [38], "averageRating": 4.7}, {"asin": "B004GOKZ1U", "name": "TRENDnet 24-Port Gigabit Layer 2 Switch with 4 Shared Mini-GBIC Slots,TL2-G244", "imUrl": "http://ecx.images-amazon.com/images/I/31tSlfTTdNL._SX300_.jpg", "price": 275.45, "numReviews": 4, "groups": [39], "averageRating": 4.25, "brand": "TRENDnet"}, {"asin": "B0051MOUSK", "name": "RJ45 8P8C Network/Telephone AB 2 way 8P8C Manual Sharing Switch Box", "imUrl": "http://ecx.images-amazon.com/images/I/31hoFnwZztL._SY300_.jpg", "price": 6.86, "numReviews": 7, "groups": [40], "averageRating": 4.571428571428571}, {"asin": "B009AO63SU", "name": "D-Link Systems, Inc. Refurbished 8-Port Gigabit Desktop Switch (DGS-1008G/RE)", "imUrl": "http://ecx.images-amazon.com/images/I/31kPvlA0PgL._SX300_.jpg", "price": 36.8, "numReviews": 6, "groups": [41], "averageRating": 4.333333333333333}, {"asin": "B0000504DH", "name": "D-Link DI-704 Internet Gateway and Firewall with 4 Port Switch", "imUrl": "http://ecx.images-amazon.com/images/I/31BF7VVFVXL._SX300_.jpg", "price": 9.59, "numReviews": 63, "groups": [42], "averageRating": 3.8412698412698414}, {"asin": "B005F5MAKI", "name": "CISCO SYSTEMS SF100-16-NA 16 Port 10/100 Desktop Switch", "imUrl": "http://ecx.images-amazon.com/images/I/41V4gHpQv7L._SY300_.jpg", "price": 63.99, "numReviews": 3, "groups": [43], "averageRating": 5.0}, {"asin": "B000JLTXOO", "name": "Dynex DX-ESW8 8 Port 10/100 MB Fast Ethernet Switch", "imUrl": "http://ecx.images-amazon.com/images/I/51-E-n03fVL._SX300_.jpg", "price": 29.99, "numReviews": 9, "groups": [44], "averageRating": 4.888888888888889}, {"asin": "B007RB1MP2", "name": "CISCO SYSTEMS SF100D-16-NA 16 Port 10/100 Desktop Switch", "imUrl": "http://ecx.images-amazon.com/images/I/41PvB4tymPL._SX300_.jpg", "price": 50.47, "numReviews": 1, "groups": [43], "averageRating": 3.0}, {"asin": "B000UPTCRW", "name": "Cisco SLM2024 24-Port 10/100/1000 Gigabit Smart Switch with 2 Combo SFPs", "imUrl": "http://ecx.images-amazon.com/images/I/31SG20%2B4R8L._SY300_.jpg", "price": 245.04, "numReviews": 4, "groups": [45], "averageRating": 3.75}, {"asin": "B003X7TRWE", "name": "D-Link 5-Port Gigabit Switch (DGS-1005G)", "imUrl": "http://ecx.images-amazon.com/images/I/315CTt3XjuL._SX300_.jpg", "price": 27.64, "numReviews": 502, "groups": [46], "averageRating": 4.633466135458168, "brand": "D-Link"}, {"asin": "B00D6M2PC0", "name": "D-Link 5-Port Fast Ethernet Desktop Switch (GO-SW-5E)", "imUrl": "http://ecx.images-amazon.com/images/I/21rXC-6cWlL._SX300_.jpg", "price": 12.65, "numReviews": 5, "groups": [47], "averageRating": 4.6, "brand": "D-Link"}, {"asin": "B0007WM28E", "name": "NETGEAR PROSAFE 48PT 10/100-SMART SWITCH W/ 2PT GETH ( FS750T2NA )", "imUrl": "http://ecx.images-amazon.com/images/I/31ludxiYvTL._SX300_.jpg", "price": 240.9, "numReviews": 7, "groups": [48], "averageRating": 3.4285714285714284}, {"asin": "B002JQ8KX2", "name": "JFS524 Netgear PROSAFE 24 PORT 10/100 RACKMOUNT SWITCH JFS524", "imUrl": "http://ecx.images-amazon.com/images/I/31wKrP1bgaL._SX300_.jpg", "price": 67.12, "numReviews": 1, "groups": [49], "averageRating": 5.0}, {"asin": "9800359788", "name": "TP-Link 5-port Unmanaged Gigabit Desktop Switch", "imUrl": "http://ecx.images-amazon.com/images/I/415qlHq98zL._SX300_.jpg", "price": 18.99, "numReviews": 2, "groups": [50], "averageRating": 4.5}, {"asin": "B003O8J1AU", "name": "TRENDnet 8-Port 10/100Mbps PoE Switch (TPE-S80)", "imUrl": "http://ecx.images-amazon.com/images/I/314TLaSp%2BsL._SX300_.jpg", "price": 171.55, "numReviews": 27, "groups": [51], "averageRating": 4.518518518518518, "brand": "TRENDnet"}, {"asin": "B0006VHVDM", "name": "NETGEAR FS726TNA Switch 24-PT 10/100+1000MBPS", "imUrl": "http://ecx.images-amazon.com/images/I/31IdCSt7yZL._SX300_.jpg", "price": 149.74, "numReviews": 10, "groups": [52], "averageRating": 3.8}, {"asin": "B007SU0LBS", "name": "CISCO SYSTEMS SG100D-08-NA 8 Port Gigabit Switch", "imUrl": "http://ecx.images-amazon.com/images/I/41QRLmBZnPL._SY300_.jpg", "price": 51.91, "numReviews": 52, "groups": [53], "averageRating": 4.730769230769231}, {"asin": "B009HQ9FYU", "name": "HP 1810-24 v2 Switch (J9801A)", "imUrl": "http://ecx.images-amazon.com/images/I/31tHLQcTkxL._SY300_.jpg", "price": 140.0, "numReviews": 2, "groups": [54], "averageRating": 2.0, "brand": "HP"}, {"asin": "B0044934UG", "name": "Cisco SF 302-08MP 8-port 10/100 Max PoE Switch with Gigabit Uplinks (SRW208MP-K9-NA)", "imUrl": "http://ecx.images-amazon.com/images/I/31c5OcLHZRL._SX300_.jpg", "price": 321.85, "numReviews": 1, "groups": [55], "averageRating": 5.0, "brand": "Cisco"}, {"asin": "B000FNFSPY", "name": "TP-LINK TL-SF1005D 5-port 10/100Mbps Desktop Switch", "imUrl": "http://ecx.images-amazon.com/images/I/31Z%2BeYlK5-L._SX300_.jpg", "price": 14.2, "numReviews": 348, "groups": [56], "averageRating": 4.655172413793103}, {"asin": "B005GRETMM", "name": "ZyXEL ES1100-16P 16-Port Fast Ethernet POE Unmanaged Switch", "imUrl": "http://ecx.images-amazon.com/images/I/41MYyupf5UL._SX300_.jpg", "price": 118.52, "numReviews": 9, "groups": [57], "averageRating": 4.444444444444445, "brand": "ZyXEL"}, {"asin": "B000BZUGLM", "name": "Netgear GS608NA 8 Port Gigabit Ethernet Switch", "imUrl": "http://ecx.images-amazon.com/images/I/11Cgi8rDR5L.jpg", "price": 75.24, "numReviews": 2, "groups": [58], "averageRating": 5.0, "brand": "Netgear"}, {"asin": "B0012J0S64", "name": "ProCurve 2510-48 Ethernet Switch", "imUrl": "http://ecx.images-amazon.com/images/I/11jXyBlpWUL.jpg", "price": 365.0, "numReviews": 3, "groups": [59], "averageRating": 3.6666666666666665}, {"asin": "B004FM58MO", "name": "KEEBOX SGE05 5-Port 10/100/1000Mbps Gigabit Ethernet Switch", "imUrl": "http://ecx.images-amazon.com/images/I/411nsoQMikL._SX300_.jpg", "price": 18.76, "numReviews": 4, "groups": [60], "averageRating": 5.0}, {"asin": "B000BZU2ZW", "name": "Cisco-Linksys DSKT 10/100 5-Port  Network Switch", "imUrl": "http://ecx.images-amazon.com/images/I/31QQYSVZ12L.jpg", "price": 49.99, "numReviews": 4, "groups": [61], "averageRating": 5.0}, {"asin": "B000LO69AA", "name": "D-Link 8-PORT 10/100 PoE Switch (DES-1008PA)", "imUrl": "http://ecx.images-amazon.com/images/I/317cWX0%2BeeL._SX300_.jpg", "price": 65.93, "numReviews": 8, "groups": [62], "averageRating": 4.75, "brand": "D-Link"}, {"asin": "B003E8APB4", "name": "Juniper EX2200-24T-4G Layer 3 Switch (EX2200-24T-4G)", "imUrl": "http://ecx.images-amazon.com/images/I/31t-Pj6ggVL._SY300_.jpg", "price": 554.9, "numReviews": 2, "groups": [63], "averageRating": 5.0}, {"asin": "B005IPJWUG", "name": "Airlink Switch (ASW305) 10/100", "imUrl": "http://ecx.images-amazon.com/images/I/31r6gUWicdL._SY300_.jpg", "price": 14.32, "numReviews": 6, "groups": [64], "averageRating": 3.0}, {"asin": "B005GRETPO", "name": "ZyXEL ES1100-8P 8-Port Fast Ethernet POE Unmanaged Switch", "imUrl": "http://ecx.images-amazon.com/images/I/41PFRYf4hgL._SY300_.jpg", "price": 57.25, "numReviews": 6, "groups": [65], "averageRating": 4.333333333333333, "brand": "ZyXEL"}, {"asin": "B00AY1H9H2", "name": "16 Channel 480 fps DA-Series Vertical NVR Server with PoE Switch: H.264/MPEG4, USB, RS485, Gigabit, 2x SATA, eSATA", "imUrl": "http://ecx.images-amazon.com/images/I/317ovjP1Y3L._SY300_.jpg", "price": 112.24, "numReviews": 2, "groups": [66], "averageRating": 4.0}, {"asin": "B003QR1DBO", "name": "HP Procurve 1410-16G Switch (J9560A)", "imUrl": "http://ecx.images-amazon.com/images/I/41pucQWrthL._SY300_.jpg", "price": 133.34, "numReviews": 36, "groups": [67], "averageRating": 4.694444444444445, "brand": "HP"}, {"asin": "B000KL7H28", "name": "Encore 8-Port 110V Switch (ENH908-NWY)", "imUrl": "http://ecx.images-amazon.com/images/I/4180ax7qdFL._SX300_.jpg", "price": 10.73, "numReviews": 6, "groups": [68], "averageRating": 4.5}, {"asin": "B00BL5IDAW", "name": "HP NETWORKING HP 1810-8G v2 Switch<br>1810-8G SWITCH<br>8 Ports - Manageable - 8 x RJ-45 - 10/100/1000Base-T - Wall Mountable, Desktop, Rack-mountable", "imUrl": "http://ecx.images-amazon.com/images/I/317IOrr48kL.jpg", "price": 140.6, "numReviews": 1, "groups": [69], "averageRating": 2.0, "brand": "HP"}, {"asin": "B005LPLPRQ", "name": "ASUS 8-Port Gigabit Green Switch and VIP Port (GX-D1081/V2)", "imUrl": "http://ecx.images-amazon.com/images/I/31nilIU97PL._SY300_.jpg", "price": 34.99, "numReviews": 32, "groups": [70], "averageRating": 4.625}, {"asin": "B000JHEKIM", "name": "2PORT CAT5 RJ45 Manual Switch Beige", "imUrl": "http://ecx.images-amazon.com/images/I/41m1CG0zdlL._SY300_.jpg", "price": 29.35, "numReviews": 6, "groups": [71], "averageRating": 4.666666666666667}, {"asin": "B0000AKA95", "name": "SMC Networks SMC8508T 10/100/1000Mbps Unmanaged 8 Ports Jumbo Frame SupPort Rack Mountable Switches", "imUrl": "http://ecx.images-amazon.com/images/I/311A9BGXNXL._SX300_.jpg", "price": 75.99, "numReviews": 13, "groups": [72], "averageRating": 3.769230769230769}, {"asin": "B00004SYO3", "name": "D-Link DSS-8+ 8-Port 10/100 Switch, Desktop", "imUrl": "http://ecx.images-amazon.com/images/I/31FAK2SZGWL._SX300_.jpg", "price": 24.25, "numReviews": 9, "groups": [73], "averageRating": 3.888888888888889}, {"asin": "B004TLIVBQ", "name": "Linksys SE2500 5-Port Gigabit Ethernet Switch", "imUrl": "http://ecx.images-amazon.com/images/I/31frfxMiYAL._SY300_.jpg", "price": 37.46, "numReviews": 319, "groups": [74], "averageRating": 4.598746081504702, "brand": "Linksys"}, {"asin": "B004UCU3FG", "name": "Keebox SGE05 5 Port 5 x 1000Base-T Gigabit Ethernet Switch", "imUrl": "http://ecx.images-amazon.com/images/I/31TQAq%2BiFBL.jpg", "price": 21.98, "numReviews": 1, "groups": [75], "averageRating": 5.0, "brand": "Keebox"}, {"asin": "B003AVN1SE", "name": "Cisco SR2024CT 24 port 10/100/1000 Compact Gigabit Switch with 2 Combo mini GBIC ports", "imUrl": "http://ecx.images-amazon.com/images/I/31sAJGx6dSL._SX300_.jpg", "price": 178.0, "numReviews": 11, "groups": [76], "averageRating": 4.545454545454546}, {"asin": "B004ELA5W4", "name": "TP-LINK TL-SG1024D  10/100/1000Mbps 24-Port Gigabit 13-inch Rackmountable Switch, 48Gbps Capacity", "imUrl": "http://ecx.images-amazon.com/images/I/41o57240rLL._SX300_.jpg", "price": 107.99, "numReviews": 106, "groups": [77], "averageRating": 4.726415094339623, "brand": "TP-LINK"}, {"asin": "B004TLIVB6", "name": "Linksys SE1500 5-Port Fast Ethernet Switch", "imUrl": "http://ecx.images-amazon.com/images/I/312bQ0NtJFL._SY300_.jpg", "price": 21.0, "numReviews": 319, "groups": [78], "averageRating": 4.598746081504702, "brand": "Linksys"}, {"asin": "B0000ALFEV", "name": "Cisco SD208 8-port 10/100 Switch", "imUrl": "http://ecx.images-amazon.com/images/I/31O2L8AzGpL._SX300_.jpg", "price": 41.3, "numReviews": 8, "groups": [79], "averageRating": 4.0}, {"asin": "B006IV02EY", "name": "Zuni Digital 8-Port Green Ethernet Switch (ZS108G)", "imUrl": "http://ecx.images-amazon.com/images/I/31l7jBUfGNL._SX300_.jpg", "price": 25.3, "numReviews": 15, "groups": [80], "averageRating": 4.466666666666667}, {"asin": "B004GHMU4M", "name": "Cisco SF200-24P Smart Switch: 24 10/100 Ports, 12 of 24 PoE Ports, 2 Combo Mini-GBIC Ports (SLM224PT-NA)", "imUrl": "http://ecx.images-amazon.com/images/I/31b8jhDodRL._SX300_.jpg", "price": 320.81, "numReviews": 11, "groups": [81], "averageRating": 3.4545454545454546, "brand": "Cisco"}, {"asin": "B003CFATT2", "name": "TP-LINK TL-SF1008P 10/100Mbps 8-Port PoE Switch, 4 POE ports, IEEE 802.3af, 53W", "imUrl": "http://ecx.images-amazon.com/images/I/41Io73JL7oL._SX300_.jpg", "price": 44.99, "numReviews": 155, "groups": [82], "averageRating": 4.393548387096774}, {"asin": "B007RVXKTS", "name": "CISCO SYSTEMS SF100D-16P-NA 16 Port 10/100 PoE", "imUrl": "http://ecx.images-amazon.com/images/I/41arntGdfML._SY300_.jpg", "price": 188.98, "numReviews": 4, "groups": [83], "averageRating": 3.5}, {"asin": "B007RLFLN6", "name": "CISCO SYSTEMS SF100D-08-NA 8 Port 10/100 Desktop Switch", "imUrl": "http://ecx.images-amazon.com/images/I/31EeOHstvqL._SY300_.jpg", "price": 33.99, "numReviews": 2, "groups": [84], "averageRating": 2.5}, {"asin": "B00006B9HC", "name": "NETGEAR FVS318 ProSafe VPN Firewall 8 with 8-Port 10/100 Switch", "imUrl": "http://ecx.images-amazon.com/images/I/31K4Q5KDP1L._SX300_.jpg", "price": 189.99, "numReviews": 90, "groups": [85], "averageRating": 3.2555555555555555}, {"asin": "B003AVN1PM", "name": "Cisco SR2016T 16-Port Rackmount 10/100/1000 Gigabit Switch", "imUrl": "http://ecx.images-amazon.com/images/I/31Vs0r0%2BhkL._SX300_.jpg", "price": 147.74, "numReviews": 48, "groups": [30], "averageRating": 4.5625}, {"asin": "B0019WDZUU", "name": "TP-LINK TL-SF1005D 5-port 10/100Mbps Desktop Switch", "imUrl": "http://ecx.images-amazon.com/images/I/41Xo8Geu0jL._SX300_.jpg", "price": 14.3, "numReviews": 53, "groups": [86], "averageRating": 4.660377358490566}, {"asin": "B000M10200", "name": "Netgear GS748TS ProSafe 48-port Gigabit Stackable Smart Switch", "imUrl": "http://ecx.images-amazon.com/images/I/31Hnc6JOpSL._SX300_.jpg", "price": 852.99, "numReviews": 3, "groups": [87], "averageRating": 5.0}, {"asin": "B006KAP54A", "name": "Tenda G1008D 8-Port Desktop Gigabit Unmanaged 8-Port 10/100/1000 Mbps  Ethernet Switch", "imUrl": "http://ecx.images-amazon.com/images/I/31bcjMWOkBL._SX300_.jpg", "price": 35.0, "numReviews": 2, "groups": [88], "averageRating": 5.0, "brand": "Tenda"}, {"asin": "B000QYEN1W", "name": "TRENDnet 8-Port 10/100Mbps PoE Switch (4x 10/100, 4x 10/100 PoE) TPE-S44", "imUrl": "http://ecx.images-amazon.com/images/I/31Ml6UKLLzL._SX300_.jpg", "price": 57.86, "numReviews": 89, "groups": [82], "averageRating": 4.382022471910112, "brand": "TRENDnet"}, {"asin": "B002T45X7A", "name": "HP 2520-24-PoE ProCurve Networking Switch (J9138A)", "imUrl": "http://ecx.images-amazon.com/images/I/3142wzrHsmL._SY300_.jpg", "price": 625.0, "numReviews": 1, "groups": [89], "averageRating": 4.0, "brand": "HP"}, {"asin": "B00006B9H8", "name": "NETGEAR FS605NA 5-Port Fast Ethernet Switch", "imUrl": "http://ecx.images-amazon.com/images/I/21w8lMZkJUL._SX300_.jpg", "price": 26.36, "numReviews": 108, "groups": [90], "averageRating": 4.472222222222222}, {"asin": "B00006HYUW", "name": "Cisco WS-C2950SX-24 2950 10/100 24-Port w/2 1000BASE-SX Ports Catalyst Switch", "imUrl": "http://ecx.images-amazon.com/images/I/41MAJITQatL._SY300_.jpg", "price": 150.45, "numReviews": 1, "groups": [91], "averageRating": 5.0}, {"asin": "B00009VF6Z", "name": "D-Link DI-604", "imUrl": "http://ecx.images-amazon.com/images/I/41td7HbEfzL._SX300_.jpg", "price": 69.0, "numReviews": 3, "groups": [92], "averageRating": 4.333333333333333}, {"asin": "B0046SNSZQ", "name": "LevelOne POI-2002 PoE Injector", "imUrl": "http://ecx.images-amazon.com/images/I/31bKYDAt5uL._SX300_.jpg", "price": 32.79, "numReviews": 1, "groups": [93], "averageRating": 5.0}, {"asin": "B004GHMU60", "name": "Cisco SG200-50 Switch 48 10/100/1000 Ports, Gigabit Ethernet Smart Switch, 2 Combo Mini-GBIC Ports, Warranty, One Year Tech Support - SLM2048TNA", "imUrl": "http://ecx.images-amazon.com/images/I/41mhV7euohL._SY300_.jpg", "price": 493.72, "numReviews": 59, "groups": [94], "averageRating": 4.016949152542373}, {"asin": "B003WM58XC", "name": "Rosewill 10/100 Mbps Switch (RC-406X)", "imUrl": "http://ecx.images-amazon.com/images/I/31VhkfdADbL._SX300_.jpg", "price": 14.99, "numReviews": 4, "groups": [95], "averageRating": 4.75}, {"asin": "B0085MQN7E", "name": "Netgear ProSAFE 52-Port Gigabit Smart Stackable Switch (GS752TSB-100NAS)", "imUrl": "http://ecx.images-amazon.com/images/I/31bPpO6%2BAwL._SX300_.jpg", "price": 847.97, "numReviews": 2, "groups": [96], "averageRating": 4.5, "brand": "Netgear"}, {"asin": "B000BC7QMM", "name": "D-Link 5-Port Gigabit QOS Switch DGS-105", "imUrl": "http://ecx.images-amazon.com/images/I/41wScWhDjVL._SX300_.jpg", "price": 35.64, "numReviews": 59, "groups": [97], "averageRating": 4.677966101694915, "brand": "D-Link"}, {"asin": "B000VELE00", "name": "Cisco WS-C2960-48TC-S 2960 48-Port 10/100 Managed Ethernet Catalyst Switch", "imUrl": "http://ecx.images-amazon.com/images/I/31lcJqhwvrL._SY300_.jpg", "price": 645.0, "numReviews": 1, "groups": [98], "averageRating": 5.0, "brand": "Cisco"}, {"asin": "B00DF3IG3W", "name": "Hewlett Packard AABA Ps1810-8g Switch (J9833A)", "imUrl": "http://ecx.images-amazon.com/images/I/41h0RGxcmjL._SY300_.jpg", "price": 144.39, "numReviews": 1, "groups": [99], "averageRating": 5.0}, {"asin": "B00358PJ28", "name": "GS716T-200 - ProSafe\u00ae 16-port Gigabit Smart Switch", "imUrl": "http://ecx.images-amazon.com/images/I/41j027GtDIL._SX300_.jpg", "price": 204.99, "numReviews": 16, "groups": [100], "averageRating": 4.3125}, {"asin": "B000FIVDIA", "name": "D-Link DGS-2205 5-Port 10/100/1000 Desktop Switch", "imUrl": "http://ecx.images-amazon.com/images/I/41ldqkaHQtL._SX300_.jpg", "price": 149.95, "numReviews": 173, "groups": [101], "averageRating": 4.3468208092485545, "brand": "D-Link"}, {"asin": "B003X7TRWO", "name": "D-Link 8-Port Gigabit Switch (DGS-1008G)", "imUrl": "http://ecx.images-amazon.com/images/I/31jrEXhgxOL._SX300_.jpg", "price": 37.99, "numReviews": 502, "groups": [102], "averageRating": 4.633466135458168, "brand": "D-Link"}, {"asin": "B00006B9H6", "name": "Netgear JFS524 ProSafe 24-port Fast Ethernet Switch", "imUrl": "http://ecx.images-amazon.com/images/I/31DENYZ3FQL._SX300_.jpg", "price": 94.85, "numReviews": 32, "groups": [103], "averageRating": 4.75, "brand": "Netgear"}, {"asin": "B0000DCK5B", "name": "Zonet Networking ZFS3008-04 8-Port 10/100Base TxN-way Ethernet Switch", "imUrl": "http://ecx.images-amazon.com/images/I/319%2BERxhpRL.jpg", "price": 28.99, "numReviews": 2, "groups": [104], "averageRating": 3.0}, {"asin": "B007K1S2M0", "name": "5 Port 10/100Mbps Ethernet Network Switch Plastic", "imUrl": "http://ecx.images-amazon.com/images/I/41Qc7fBPzwL._SY300_.jpg", "price": 8.99, "numReviews": 3, "groups": [105], "averageRating": 5.0}, {"asin": "B00C3JPG4G", "name": "EEEKit 2 Ports AB Mini Manual Sharing Network Switch Box 2 way Port RJ45 RJ45-2 + EEEKit Protective Accessory Storage Pouch(Gift for Free)", "imUrl": "http://ecx.images-amazon.com/images/I/41tIQiMlfmL._SY300_.jpg", "price": 11.97, "numReviews": 2, "groups": [106], "averageRating": 4.5}, {"asin": "B000I9B2LE", "name": "SANOXY\u00ae RJ45, ABCD 4 Way Switch Box", "imUrl": "http://ecx.images-amazon.com/images/I/31pat1BhX%2BL._SX300_.jpg", "price": 15.76, "numReviews": 16, "groups": [107, 108], "averageRating": 4.625}, {"asin": "B00007MD88", "name": "Cisco WS-C2950T-24 Catalyst 2950 24 Port Switch", "imUrl": "http://ecx.images-amazon.com/images/I/11VR223HFAL.jpg", "price": 150.45, "numReviews": 4, "groups": [20], "averageRating": 4.25}, {"asin": "B0002TPFZO", "name": "D-Link 16-Port Rackmountable Gigabit Switch DGS-1016D", "imUrl": "http://ecx.images-amazon.com/images/I/318NXXSYliL._SX300_.jpg", "price": 110.39, "numReviews": 126, "groups": [109], "averageRating": 4.468253968253968, "brand": "D-Link"}, {"asin": "B000I4SZ3M", "name": "Cisco SRW2024P 24-port Gigabit Switch - WebView/PoE", "imUrl": "http://ecx.images-amazon.com/images/I/21xFWyr-FSL.jpg", "price": 245.04, "numReviews": 3, "groups": [110], "averageRating": 2.6666666666666665}, {"asin": "B003PCHAC6", "name": "Dualcomm DCSW-1005PT 10/100 Ethernet Network TAP w/PoE Pass-Through", "imUrl": "http://ecx.images-amazon.com/images/I/319hA0BQA-L._SX300_.jpg", "price": 99.95, "numReviews": 2, "groups": [111], "averageRating": 5.0}, {"asin": "B004FM7ER6", "name": "KEEBOX SGE08 8-Port 10/100/1000Mbps Gigabit Ethernet Switch", "imUrl": "http://ecx.images-amazon.com/images/I/31qjlq8UCoL._SX300_.jpg", "price": 27.71, "numReviews": 4, "groups": [112], "averageRating": 5.0}, {"asin": "B0000515RM", "name": "Cisco WS-C3548-XL-EN Catalyst 3548XL Enterprise Edition 48 Port Rack Mountable Switch", "imUrl": "http://ecx.images-amazon.com/images/I/113FHNiyrQL.jpg", "price": 150.45, "numReviews": 4, "groups": [113], "averageRating": 4.75}, {"asin": "B000PGCTQW", "name": "TRENDnet 8-Port Gigabit Switch (Plastic)", "imUrl": "http://ecx.images-amazon.com/images/I/31yrSbb2B0L._SX300_.jpg", "price": 49.99, "numReviews": 2, "groups": [114], "averageRating": 2.5}, {"asin": "B0029MGXGC", "name": "Tenda S108 8-Port Unmanaged 8-Port 10/100Mbps Fast Ethernet Switch", "imUrl": "http://ecx.images-amazon.com/images/I/31E1AB7WHmL._SX300_.jpg", "price": 11.6, "numReviews": 13, "groups": [115], "averageRating": 4.461538461538462, "brand": "Tenda"}, {"asin": "B00H5910IU", "name": "Eagle Eye Networks, Inc 5 Port Switch (4 Port POE + 1 Uplink) 10/100 Ethernet", "imUrl": "http://ecx.images-amazon.com/images/I/31qnuWnOhWL._SX300_.jpg", "price": 51.99, "numReviews": 5, "groups": [116], "averageRating": 5.0}, {"asin": "B003L62T1I", "name": "Web Smart 24-Port Gigabit Switch with 4 Combo SFP Slots, D-Link Green", "imUrl": "http://ecx.images-amazon.com/images/I/31iLNWPGg3L._SY300_.jpg", "price": 142.45, "numReviews": 11, "groups": [117], "averageRating": 4.0}, {"asin": "B009AO63QC", "name": "D-Link Systems, Inc. Refurbished 5-Port Gigabit Desktop Switch (DGS-1005G/RE)", "imUrl": "http://ecx.images-amazon.com/images/I/3170x762x3L._SX300_.jpg", "price": 20.54, "numReviews": 3, "groups": [118], "averageRating": 4.666666666666667}, {"asin": "B00B4H00EO", "name": "BV-Tech POE-I100G Gigabit Single Port 30W PoE Injector (Black)", "imUrl": "http://ecx.images-amazon.com/images/I/41x%2BZxkEwdL._SY300_.jpg", "price": 26.89, "numReviews": 11, "groups": [119], "averageRating": 3.909090909090909, "brand": "BV-Tech"}, {"asin": "B004XHIVGQ", "name": "Netgear GS108T Gigabit Switch", "imUrl": "http://ecx.images-amazon.com/images/I/21kxMdOvPrL.jpg", "price": 78.99, "numReviews": 4, "groups": [120], "averageRating": 4.25}, {"asin": "B0038KN150", "name": "NETGEAR 5-port Home Theater and Network Gaming Hub GS605AV", "imUrl": "http://ecx.images-amazon.com/images/I/31v8pXBCqFL._SY300_.jpg", "price": 34.99, "numReviews": 46, "groups": [121], "averageRating": 4.434782608695652}, {"asin": "B005IPJX7S", "name": "Airlink Switch (ASW308)", "imUrl": "http://ecx.images-amazon.com/images/I/314XB4xYc5L._SX300_.jpg", "price": 13.98, "numReviews": 11, "groups": [122], "averageRating": 3.8181818181818183}, {"asin": "B007SU0K5U", "name": "CISCO SYSTEMS SF100D-05-NA 5 Port 10/100 Desktop Switch", "imUrl": "http://ecx.images-amazon.com/images/I/312oHCroFbL._SY300_.jpg", "price": 27.22, "numReviews": 5, "groups": [123], "averageRating": 5.0}, {"asin": "B003VCBBT8", "name": "Intellinet PoE+ Splitter (560443)", "imUrl": "http://ecx.images-amazon.com/images/I/51vxms3rE5L._SY300_.jpg", "price": 41.95, "numReviews": 1, "groups": [124], "averageRating": 5.0, "brand": "Intellinet"}, {"asin": "B0000C20HX", "name": "Cisco SR224 24-port 10/100 Switch - 13-inch chassis", "imUrl": "http://ecx.images-amazon.com/images/I/31%2BYZtiU1wL._SX300_.jpg", "price": 121.98, "numReviews": 7, "groups": [125], "averageRating": 4.857142857142857}, {"asin": "B0042A1PSU", "name": "mini Hub 5 Port Plastic Case Ethernet Switch RJ45", "imUrl": "http://ecx.images-amazon.com/images/I/410YHNHHiyL._SY300_.jpg", "price": 8.79, "numReviews": 17, "groups": [126], "averageRating": 4.176470588235294}, {"asin": "B000Q69TH8", "name": "Netgear GS748TP ProSafe 48-port 10/100/1000 Smart PoE Switch", "imUrl": "http://ecx.images-amazon.com/images/I/31X4TwyxXLL._SY300_.jpg", "price": 799.99, "numReviews": 6, "groups": [127], "averageRating": 3.8333333333333335}, {"asin": "B004MF1BZW", "name": "DYNEX 8 PORT GIGABIT ETHERNET SWITCH DX-GB8PRT (RETAIL PACKAGING)", "imUrl": "http://ecx.images-amazon.com/images/I/217XNpwCh4L._SX300_.jpg", "price": 24.25, "numReviews": 12, "groups": [128], "averageRating": 4.25}, {"asin": "B0009VU7JY", "name": "NETGEAR GSM7248 Prosafe 48PORT Switch", "imUrl": "http://ecx.images-amazon.com/images/I/41xaYgiKjzL._SY300_.jpg", "price": 667.87, "numReviews": 2, "groups": [129], "averageRating": 5.0}, {"asin": "B004FM7ELW", "name": "KEEBOX SFE08 8-Port 10/100Mbps Fast Ethernet Switch", "imUrl": "http://ecx.images-amazon.com/images/I/310yuOLPMPL._SX300_.jpg", "price": 14.33, "numReviews": 1, "groups": [130], "averageRating": 5.0}, {"asin": "B003ICXAZE", "name": "Cisco Catalyst WS-C2960S-24TS-S 24-port 10/100/1000 switch", "imUrl": "http://ecx.images-amazon.com/images/I/31DFJsiR0TL._SX300_.jpg", "price": 658.77, "numReviews": 1, "groups": [131], "averageRating": 5.0, "brand": "Cisco"}, {"asin": "B003AVN1RA", "name": "Cisco SR224GT 24 port 10/100 Switch with 2 Combo mini GBIC ports", "imUrl": "http://ecx.images-amazon.com/images/I/2182u4IrcVL._SX300_.jpg", "price": 23.26, "numReviews": 3, "groups": [132], "averageRating": 5.0}, {"asin": "B005BQUNEG", "name": "BV-Tech POE-I100 Single Port 19W PoE Injector (Black)", "imUrl": "http://ecx.images-amazon.com/images/I/41ecXHVdlfL._SY300_.jpg", "price": 16.99, "numReviews": 28, "groups": [119], "averageRating": 4.607142857142857, "brand": "BV-Tech"}, {"asin": "B000BSQN4I", "name": "Gigafast Ethernet 5-Port Mini Switch 10/100 Mbps EZ500-S", "imUrl": "http://ecx.images-amazon.com/images/I/31gikRXMmXL._SX300_.jpg", "price": 9.59, "numReviews": 1, "groups": [133], "averageRating": 5.0}, {"asin": "B003U27SBE", "name": "HP Procurve 1910-24G-PoE (365W) Switch (JE007A#ABA)", "imUrl": "http://ecx.images-amazon.com/images/I/31L2acnzyqL._SX300_.jpg", "price": 543.11, "numReviews": 1, "groups": [134], "averageRating": 5.0, "brand": "HP"}, {"asin": "B007UQROJC", "name": "Cisco SYSTEMS 8-Port Gigabit (SG100D-08P-NA)", "imUrl": "http://ecx.images-amazon.com/images/I/41sWKSVt3AL._SY300_.jpg", "price": 131.99, "numReviews": 13, "groups": [135], "averageRating": 3.4615384615384617, "brand": "Cisco"}, {"asin": "B00062WV9U", "name": "Netgear ProSafe 48-Port Gigabit Smart Switch (GS748TNA)", "imUrl": "http://ecx.images-amazon.com/images/I/41Z7rdiQ8pL._SY300_.jpg", "price": 510.53, "numReviews": 33, "groups": [136], "averageRating": 3.8181818181818183, "brand": "Netgear"}, {"asin": "B0041ORNFG", "name": "Cisco SF300-24 24-Port 10/100 Managed Switch with Gigabit Uplinks (SRW224G4-K9-NA)", "imUrl": "http://ecx.images-amazon.com/images/I/3107s417gFL._SX300_.jpg", "price": 190.2, "numReviews": 12, "groups": [137], "averageRating": 4.0, "brand": "Cisco"}, {"asin": "B005W8NJSU", "name": "BUFFALO 5-Port Unmanaged Gigabit Switch - LSW3-GT-5EP/W", "imUrl": "http://ecx.images-amazon.com/images/I/31crp2HKk8L._SY300_.jpg", "price": 18.99, "numReviews": 2, "groups": [138], "averageRating": 4.5}, {"asin": "B003AVN1MA", "name": "Cisco SF100D-08 8-Port Desktop 10/100 Switch (SD208T)", "imUrl": "http://ecx.images-amazon.com/images/I/213T-WQnbQL._SX300_.jpg", "price": 44.99, "numReviews": 23, "groups": [84], "averageRating": 4.6521739130434785, "brand": "Cisco"}, {"asin": "B000NKAWGE", "name": "Cisco SGE2000P 24-port Gigabit Switch", "imUrl": "http://ecx.images-amazon.com/images/I/31JY4VrMM2L._SX300_.jpg", "price": 17.89, "numReviews": 4, "groups": [139], "averageRating": 4.0}, {"asin": "B000P2YRKM", "name": "HP J9078A#ABA 1400-24 G 24-Port 10/100/1000 ProCurve Switch with 2 Mini GBI Ports Unmanaged Switch", "imUrl": "http://ecx.images-amazon.com/images/I/31%2ByOsOtOGL._SX300_.jpg", "price": 218.0, "numReviews": 5, "groups": [140], "averageRating": 5.0}, {"asin": "B00DRG1SLO", "name": "MT-VIKI 2 Ports Network Switch Splitter Selector Hub 2-In 1-Out or 1-In 2-Out 100M MT-RJ45-2M", "imUrl": "http://ecx.images-amazon.com/images/I/31huAhlJp6L._SX300_.jpg", "price": 2.68, "numReviews": 4, "groups": [141], "averageRating": 5.0}, {"asin": "B000I99702", "name": "RJ12, ABCD 4 Way Switch Box", "imUrl": "http://ecx.images-amazon.com/images/I/41m0FPR3l8L._SY300_.jpg", "price": 14.39, "numReviews": 5, "groups": [107], "averageRating": 4.8}, {"asin": "B002BSF112", "name": "Dualcomm DCSW-1005 USB Powered 5-Port 10/100 Fast Ethernet Switch TAP (Port Mirroring)", "imUrl": "http://ecx.images-amazon.com/images/I/41b2hzKtL-L._SX300_.jpg", "price": 75.95, "numReviews": 11, "groups": [111, 142], "averageRating": 4.363636363636363}, {"asin": "B003AVN1OI", "name": "Cisco SF 100-16 16-Port 10/100 Switch (SR216T)", "imUrl": "http://ecx.images-amazon.com/images/I/31C4C9-5uAL._SX300_.jpg", "price": 82.71, "numReviews": 5, "groups": [143], "averageRating": 4.8, "brand": "Cisco"}, {"asin": "B00DY77HHK", "name": "SharkTap Network Sniffer", "imUrl": "http://ecx.images-amazon.com/images/I/41P7TXB5ixL._SX300_.jpg", "price": 69.95, "numReviews": 8, "groups": [142], "averageRating": 4.25}, {"asin": "B009HQAFBW", "name": "HP 1810-8G v2 Switch (J9802A)", "imUrl": "http://ecx.images-amazon.com/images/I/31YUC7PaoaL._SY300_.jpg", "price": 105.0, "numReviews": 5, "groups": [10, 67], "averageRating": 3.8, "brand": "HP"}, {"asin": "B000I96BVK", "name": "SANOXY NETWORK SWITCH (4 PORT RJ45)", "imUrl": "http://ecx.images-amazon.com/images/I/31pat1BhX%2BL._SX300_.jpg", "price": 12.35, "numReviews": 70, "groups": [108, 144], "averageRating": 4.385714285714286, "brand": "SANOXY"}, {"asin": "B004GHMU4C", "name": "Cisco SF200-24 Smart Switch: 24 10/100 Ports, 2 Combo Mini-GBIC Ports (SLM224GTNA)", "imUrl": "http://ecx.images-amazon.com/images/I/31rCUnJBRyL._SY300_.jpg", "price": 155.99, "numReviews": 12, "groups": [145], "averageRating": 5.0, "brand": "Cisco"}, {"asin": "B001RAZKZC", "name": "Intellinet 1-Port Power over Ethernet  Injector (524179)", "imUrl": "http://ecx.images-amazon.com/images/I/417B%2BaG6eWL._SX300_.jpg", "price": 25.98, "numReviews": 10, "groups": [146], "averageRating": 4.4, "brand": "Intellinet"}, {"asin": "B00CJE9WSG", "name": "Buffalo 16-Port Rackmount Gigabit 802.3at PoE Web Managed Switch (BSL-PS-G2116M)", "imUrl": "http://ecx.images-amazon.com/images/I/41pVcgjin-L._SY300_.jpg", "price": 401.06, "numReviews": 1, "groups": [147], "averageRating": 5.0, "brand": "Buffalo"}, {"asin": "B0088PIIYY", "name": "1405-5G Switch", "imUrl": "http://ecx.images-amazon.com/images/I/41jN9DNB98L._SY300_.jpg", "price": 40.31, "numReviews": 2, "groups": [148], "averageRating": 5.0}, {"asin": "B00EBSR7CQ", "name": "CablesOnline 2-Way A/B RJ45 Metal Rotary Manual Switch Box (SB-034)", "imUrl": "http://ecx.images-amazon.com/images/I/41ikD7e8IZL._SX300_.jpg", "price": 14.78, "numReviews": 4, "groups": [71, 144], "averageRating": 4.75, "brand": "CablesOnline"}, {"asin": "B00005IBYY", "name": "SMC SMC7004BR Cable/DSL Router with 4 Port Switch", "imUrl": "http://ecx.images-amazon.com/images/I/41WRBVGAS7L._SX300_.jpg", "price": 66.62, "numReviews": 24, "groups": [149], "averageRating": 4.375}, {"asin": "B005SFPCLO", "name": "Juniper Layer 3 Switch (EX2200-C-12T-2G)", "imUrl": "http://ecx.images-amazon.com/images/I/31TqL2%2Bv30L._SX300_.jpg", "price": 484.9, "numReviews": 2, "groups": [150], "averageRating": 4.5}, {"asin": "B006KAP4EG", "name": "Tenda TEG1016D 16-Port Gigabit Unmanaged 16-Port 10/100/1000 Mbps Ethernet Switch", "imUrl": "http://ecx.images-amazon.com/images/I/41mUDN29c9L._SX300_.jpg", "price": 105.78, "numReviews": 1, "groups": [151], "averageRating": 1.0, "brand": "Tenda"}, {"asin": "B000701CLE", "name": "Cisco SRW2024 24-port Gigabit Switch - WebView", "imUrl": "http://ecx.images-amazon.com/images/I/41aHx73cSzL._SX300_.jpg", "price": 499.95, "numReviews": 8, "groups": [152], "averageRating": 3.0}, {"asin": "B00836LXRW", "name": "NETGEAR ProSafe GS116 16 Port Gigabit Desktop Switch - switch - 16 ports - desktop (GS116NA) -", "imUrl": "http://ecx.images-amazon.com/images/I/31NXc5NmQVL._SX300_.jpg", "price": 159.98, "numReviews": 1, "groups": [153], "averageRating": 5.0}, {"asin": "B002N17ZSE", "name": "Linksys by Cisco EtherFast 10/100 5-Port Workgroup Switch - Linksys Certified Refurbished Product", "imUrl": "http://ecx.images-amazon.com/images/I/21l-Kvmi8rL.jpg", "price": 9.59, "numReviews": 38, "groups": [154], "averageRating": 3.8421052631578947}, {"asin": "B002T45X7U", "name": "HP Procurve 2520G-24-PoE Ethernet Switch (J9299A#ABA)", "imUrl": "http://ecx.images-amazon.com/images/I/41KTYZ5d72L._SY300_.jpg", "price": 988.14, "numReviews": 2, "groups": [89], "averageRating": 5.0, "brand": "HP"}, {"asin": "B009F1E8TO", "name": "ZyXEL 24-Port GbE Smart Managed PoE+ Switch (GS1910-24HP)", "imUrl": "http://ecx.images-amazon.com/images/I/318cIiTcF7L._SY300_.jpg", "price": 467.64, "numReviews": 3, "groups": [155], "averageRating": 4.666666666666667}, {"asin": "B004ELA0SS", "name": "TP-LINK TL-SG1016D  10/100/1000Mbps 16-Port Gigabit 13-inch Rackmountable Switch, 32Gbps Capacity", "imUrl": "http://ecx.images-amazon.com/images/I/41qxg3KVMcL._SX300_.jpg", "price": 88.69, "numReviews": 106, "groups": [156], "averageRating": 4.726415094339623, "brand": "TP-LINK"}, {"asin": "B007Q87KP2", "name": "TRENDnet Gigabit Power over Ethernet (PoE) Injector, TPE-113GI", "imUrl": "http://ecx.images-amazon.com/images/I/41mDPP853nL._SX300_.jpg", "price": 25.74, "numReviews": 32, "groups": [157], "averageRating": 4.53125, "brand": "TRENDnet"}, {"asin": "B0009RKAX6", "name": "LINKSYS ETHERFAST 10/100 5-PORT WORKGROUP SWITCH EZXS55W - SWITCH - 5 PORTS - EN, FAST EN - 10BASE-T, 100BASE-TX - EZXS55W-CA -", "imUrl": "http://ecx.images-amazon.com/images/I/51yK8vhtmBL._SX300_.jpg", "price": 49.0, "numReviews": 2, "groups": [158], "averageRating": 5.0}, {"asin": "B00F8WTKHE", "name": "Edimax 8-Port Fast Ethernet Desktop Switch (ES3308P)", "imUrl": "http://ecx.images-amazon.com/images/I/31eBgdOYmRL._SX300_.jpg", "price": 12.99, "numReviews": 1, "groups": [159], "averageRating": 5.0, "brand": "Edimax"}, {"asin": "B001B8EQQY", "name": "LevelOne 5-Port 10/100 Desktop/Wall Mountable Switch(FSW-0511)", "imUrl": "http://ecx.images-amazon.com/images/I/31A-eFFiQ6L._SX300_.jpg", "price": 14.54, "numReviews": 2, "groups": [160], "averageRating": 3.0, "brand": "LevelOne"}, {"asin": "B0041ORNC4", "name": "Cisco SG300-28P 28-port Gigabit PoE Managed Switch (SRW2024P-K9-NA)", "imUrl": "http://ecx.images-amazon.com/images/I/31ZlUhVYvRL._SX300_.jpg", "price": 526.99, "numReviews": 55, "groups": [161], "averageRating": 4.509090909090909, "brand": "Cisco"}, {"asin": "B00BGTPQO4", "name": "NETGEAR ProSAFE GS110TP 48-Port Gigabit PoE Smart Switch 10/100/1000Mbps", "imUrl": "http://ecx.images-amazon.com/images/I/31O-d0cW%2BpL._SX300_.jpg", "price": 669.99, "numReviews": 17, "groups": [162], "averageRating": 3.764705882352941}, {"asin": "B000063UZW", "name": "NETGEAR ProSAFE 16-Port Fast Ethernet Desktop Switch (FS116)", "imUrl": "http://ecx.images-amazon.com/images/I/41mo5KvlsFL._SX300_.jpg", "price": 67.18, "numReviews": 92, "groups": [163], "averageRating": 4.369565217391305}, {"asin": "B000P22S2Q", "name": "HP ProCurve Switch 1400-8G 8-Port 10/100/1000 Gigabit Network Switch", "imUrl": "http://ecx.images-amazon.com/images/I/31355rhL3nL._SX300_.jpg", "price": 57.99, "numReviews": 26, "groups": [164], "averageRating": 4.923076923076923}, {"asin": "B002YCGRQI", "name": "Cisco ESW 540-8P 8 Port 10/100/1000 PoE Switch with 1 combo SFP expansion por", "imUrl": "http://ecx.images-amazon.com/images/I/41z%2BdcwZqnL._SY300_.jpg", "price": 613.9, "numReviews": 1, "groups": [165], "averageRating": 5.0, "brand": "Cisco"}, {"asin": "B00006HXSK", "name": "Netgear GS104 4-port Gigabit Ethernet Switch", "imUrl": "http://ecx.images-amazon.com/images/I/312BQC49W3L._SX300_.jpg", "price": 8.99, "numReviews": 1, "groups": [166], "averageRating": 3.0}, {"asin": "B000ANF8FE", "name": "NETGEAR Prosafe 16 Port 10/100 Desktop Switch with 8 Port Poe FS116P", "imUrl": "http://ecx.images-amazon.com/images/I/31p6Ykt0RXL._SX300_.jpg", "price": 159.0, "numReviews": 17, "groups": [167], "averageRating": 4.294117647058823}, {"asin": "B000EQ766G", "name": "Bytecc Mini Size 10/100 mbps N-WAY SWITCH (USB Bus Powered)(RoHS ok)", "imUrl": "http://ecx.images-amazon.com/images/I/41yHNvyFXdL._SX300_.jpg", "price": 33.8, "numReviews": 14, "groups": [168], "averageRating": 4.214285714285714, "brand": "Bytecc"}, {"asin": "B000KLX1RS", "name": "Encore Ethernet Switch (ENH916P-NWY)", "imUrl": "http://ecx.images-amazon.com/images/I/31E9GcbYNRL._SX300_.jpg", "price": 23.0, "numReviews": 5, "groups": [169], "averageRating": 5.0, "brand": "Encore"}, {"asin": "B004RB8CT4", "name": "Mini 2-Port RJ45 Manual Network Switch (White) for Lenovo computer", "imUrl": "http://ecx.images-amazon.com/images/I/31WKRs4HgQL._SY300_.jpg", "price": 6.39, "numReviews": 20, "groups": [141], "averageRating": 4.4}, {"asin": "B000701CKU", "name": "Cisco SRW2016 16-port Gigabit Switch - WebView", "imUrl": "http://ecx.images-amazon.com/images/I/31AIM4ZQlEL._SY300_.jpg", "price": 135.99, "numReviews": 4, "groups": [170], "averageRating": 3.75}, {"asin": "B009F7N7B8", "name": "WebSmart DGS-1210-28P Ethernet Switch", "imUrl": "http://ecx.images-amazon.com/images/I/31E7l2GlbzL._SY300_.jpg", "price": 419.99, "numReviews": 1, "groups": [171], "averageRating": 5.0}, {"asin": "B004FNPVS4", "name": "D-Link Web Smart 24-Port PoE Fast Ethernet WebSmart Switch with 2 Gigabit BASE-T and 2 Gigabit Combo BASE-T/SFP (DES-1210-28P)", "imUrl": "http://ecx.images-amazon.com/images/I/319UxmAHaOL._SY300_.jpg", "price": 324.5, "numReviews": 2, "groups": [172], "averageRating": 3.5, "brand": "D-Link"}, {"asin": "B00008KYJH", "name": "Cisco WS-C3550-48-EMI Catalyst 3550-48 EMI 48 Port 10/100 Switch", "imUrl": "http://ecx.images-amazon.com/images/I/21IZzb4ptDL.jpg", "price": 193.93, "numReviews": 1, "groups": [173], "averageRating": 4.0}, {"asin": "B00008PGJM", "name": "E-Book 8PORT 10/100MP PALM-SIZE SWITCH ( EZ800-S )", "imUrl": "http://ecx.images-amazon.com/images/I/11DG9Z52BHL.jpg", "price": 11.9, "numReviews": 4, "groups": [174], "averageRating": 4.5}, {"asin": "B000FLI8BM", "name": "Cisco SR2024C Compact 24-port 10/100/1000 Gigabit Switch", "imUrl": "http://ecx.images-amazon.com/images/I/41atQtmPNaL._SX300_.jpg", "price": 178.0, "numReviews": 5, "groups": [175], "averageRating": 2.2}, {"asin": "B000A0S98A", "name": "PowerDsine 3001 1Port POE Injector AC Input 802.3AF and Cisco Supported", "imUrl": "http://ecx.images-amazon.com/images/I/31BJS2ivg6L._SX300_.jpg", "price": 23.0, "numReviews": 10, "groups": [9], "averageRating": 4.3, "brand": "PowerDsine"}, {"asin": "B000GK8LGY", "name": "Linksys by Cisco SRW208P 8-port 10/100 Ethernet Switch - WebView/PoE", "imUrl": "http://ecx.images-amazon.com/images/I/31WWt08bU2L._SX300_.jpg", "price": 41.79, "numReviews": 4, "groups": [176], "averageRating": 4.25}, {"asin": "B000HDLA22", "name": "Netgear ProSafe GS748TNA 10/100/1000 Mbps 48-port Gigabit smart switch", "imUrl": "http://ecx.images-amazon.com/images/I/41TVN3ZHMOL._SY300_.jpg", "price": 439.99, "numReviews": 4, "groups": [177], "averageRating": 3.0}, {"asin": "B002NJUJ6G", "name": "HP Procurve 1810G-8 Switch", "imUrl": "http://ecx.images-amazon.com/images/I/415Mv1WEGEL._SY300_.jpg", "price": 220.0, "numReviews": 14, "groups": [178], "averageRating": 4.142857142857143, "brand": "HP"}, {"asin": "B0000AZK41", "name": "TRENDnet 8-Port Copper Gigabit Switch TEG-S80TXE", "imUrl": "http://ecx.images-amazon.com/images/I/310kueeXHFL._SX300_.jpg", "price": 22.85, "numReviews": 13, "groups": [179], "averageRating": 4.6923076923076925}, {"asin": "B0001W2XJI", "name": "Netgear GS724T ProSafe 24-Port Gigabit Smart Switch", "imUrl": "http://ecx.images-amazon.com/images/I/31wegHReayL._SX300_.jpg", "price": 227.99, "numReviews": 8, "groups": [180], "averageRating": 3.875}, {"asin": "B0006GDCAI", "name": "D-Link DGS-1248T Web Smart 48-Port 10/100/1000 Gigabit Switch with 4-Port Combo SPFs", "imUrl": "http://ecx.images-amazon.com/images/I/31f4tAgVLiL._SX300_.jpg", "price": 307.13, "numReviews": 1, "groups": [181], "averageRating": 5.0}, {"asin": "B003AVN1Q6", "name": "Cisco SR224T 24-Port 10/100 Switch", "imUrl": "http://ecx.images-amazon.com/images/I/319exNqPp6L._SX300_.jpg", "price": 149.95, "numReviews": 47, "groups": [182], "averageRating": 4.553191489361702, "brand": "Cisco"}, {"asin": "B000065947", "name": "Hawking Technology PN105ES 5-Port 10/100 Switch", "imUrl": "http://ecx.images-amazon.com/images/I/4121TAX1MZL._SX300_.jpg", "price": 8.99, "numReviews": 3, "groups": [183], "averageRating": 2.3333333333333335}, {"asin": "B000PS4X8C", "name": "Netgear ProSafe 8-Port Gigabit Smart Switch", "imUrl": "http://ecx.images-amazon.com/images/I/515q7E64yGL._SX300_.jpg", "price": 78.99, "numReviews": 12, "groups": [184], "averageRating": 4.25}, {"asin": "B00006L4R8", "name": "EtherFast 10/100 5-Port Workgroup Switch", "imUrl": "http://ecx.images-amazon.com/images/I/31lqMJG8oVL._SX300_.jpg", "price": 27.99, "numReviews": 1, "groups": [185], "averageRating": 4.0}, {"asin": "B001BEFRBQ", "name": "Linkskey 5-Port 10/100 Mini Ethernet Switch (LKS-SH5P)", "imUrl": "http://ecx.images-amazon.com/images/I/315zdbNY51L._SX300_.jpg", "price": 14.83, "numReviews": 6, "groups": [186], "averageRating": 5.0, "brand": "Linkskey"}, {"asin": "B0098SMH4W", "name": "WS-POE-12-48v120w 12 port Poe injector - Power over Ethernet for 802.3af Cameras, IP phones, Access Points using passive PoE", "imUrl": "http://ecx.images-amazon.com/images/I/41B-uBnwjLL._SX300_.jpg", "price": 98.95, "numReviews": 8, "groups": [187], "averageRating": 4.875}, {"asin": "B001QUA6RA", "name": "TRENDnet 8-Port Unmanaged Gigabit GREENnet Desktop Metal Housing Switch, TEG-S80g", "imUrl": "http://ecx.images-amazon.com/images/I/41GyhGxqVlL._SX300_.jpg", "price": 36.99, "numReviews": 848, "groups": [188], "averageRating": 4.498820754716981, "brand": "TRENDnet"}, {"asin": "B000M0WALA", "name": "NETGEAR Switch 24-PT 10/100MBPS Poe", "imUrl": "http://ecx.images-amazon.com/images/I/319xsvG%2BsHL._SX300_.jpg", "price": 352.0, "numReviews": 11, "groups": [5], "averageRating": 4.454545454545454}, {"asin": "B0041ORN92", "name": "Cisco SG 300-10P (SRW2008P-K9-NA) 10-Port Gigabit PoE Managed Switch", "imUrl": "http://ecx.images-amazon.com/images/I/31WEV3kEc9L._SX300_.jpg", "price": 264.98, "numReviews": 22, "groups": [189], "averageRating": 4.590909090909091, "brand": "Cisco"}, {"asin": "B0009VU7JO", "name": "NETGEAR FVS114 ProSafe VPN Firewall 8 with 4-Port 10/100 Mbps Switch", "imUrl": "http://ecx.images-amazon.com/images/I/31P0Z2KR0EL._SX300_.jpg", "price": 32.18, "numReviews": 26, "groups": [190], "averageRating": 2.769230769230769}, {"asin": "B005F2KKFS", "name": "ASUS 8 ports Fast Eathernet switch VIP port GX1008B", "imUrl": "http://ecx.images-amazon.com/images/I/31KzNJbpiOL._SY300_.jpg", "price": 18.99, "numReviews": 5, "groups": [191], "averageRating": 4.8}, {"asin": "B00CUG8ESM", "name": "TP-LINK TL-SG1024DE 24-Port Gigabit Easy Smart Switch with 24 10/100/1000 Mbps RJ45 Ports, MTU/Port/Tag-Based VLAN, QoS and IGMP", "imUrl": "http://ecx.images-amazon.com/images/I/41bgsLFuH0L._SX300_.jpg", "price": 141.0, "numReviews": 9, "groups": [31, 77], "averageRating": 4.666666666666667, "brand": "TP-LINK"}, {"asin": "B002AQACFA", "name": "D-Link DES-1105/RE 5-Port 10/100 Unmanaged Switch", "imUrl": "http://ecx.images-amazon.com/images/I/21M33MX4N3L.jpg", "price": 9.59, "numReviews": 11, "groups": [192], "averageRating": 4.0}, {"asin": "B00003006E", "name": "Cisco-Linksys EZXS55W EtherFast 10/100 5-Port Workgroup Switch", "imUrl": "http://ecx.images-amazon.com/images/I/41thPqD5qNL._SX300_.jpg", "price": 52.95, "numReviews": 185, "groups": [193], "averageRating": 4.264864864864865, "brand": "Linksys"}, {"asin": "B004GHMU6A", "name": "Cisco SG200-50P 50-port Gigabit PoE Smart Switch (SLM2048PT)", "imUrl": "http://ecx.images-amazon.com/images/I/31XkpKVUZ9L._SX300_.jpg", "price": 706.99, "numReviews": 99, "groups": [94, 162], "averageRating": 4.424242424242424, "brand": "Cisco"}, {"asin": "B000P30X4U", "name": "HP ProCurve 8 Port 1700-8 Switch", "imUrl": "http://ecx.images-amazon.com/images/I/41iDdVq8nCL._SY300_.jpg", "price": 155.0, "numReviews": 4, "groups": [194], "averageRating": 4.0}, {"asin": "B008NP77EG", "name": "StarTech.com 5-Port Fast Ethernet Switch with 10/100 Desktop Wall Mount Network Switch (DS51072)", "imUrl": "http://ecx.images-amazon.com/images/I/31enI3liI9L._SY300_.jpg", "price": 15.66, "numReviews": 1, "groups": [195], "averageRating": 5.0, "brand": "StarTech"}, {"asin": "B000M2TAN4", "name": "TRENDnet 5-Port Unmanaged 10/100 Mbps GREENnet Ethernet Desktop Plastic Housing Switch, TE100-S5", "imUrl": "http://ecx.images-amazon.com/images/I/41wN7vgSpfL._SX300_.jpg", "price": 9.99, "numReviews": 1040, "groups": [56], "averageRating": 4.593269230769231, "brand": "TRENDnet"}, {"asin": "B006KAP55E", "name": "Tenda S105 5-Port Unmanaged 5-Port 10/100Mbps Fast Ethernet Switch", "imUrl": "http://ecx.images-amazon.com/images/I/31HHwUmCliL._SX300_.jpg", "price": 10.49, "numReviews": 3, "groups": [196], "averageRating": 4.666666666666667, "brand": "Tenda"}, {"asin": "B00009015U", "name": "Netgear 5 PORT 10/100 SWITCH ( FS105UK )", "imUrl": "http://ecx.images-amazon.com/images/I/41wVLD6xx6L._SX300_.jpg", "price": 24.95, "numReviews": 3, "groups": [197], "averageRating": 5.0, "brand": "Netgear"}, {"asin": "B003ICXAWW", "name": "Catalyst WS-C2960S-24TS-L 2960 24 Port Gigabit Switch", "imUrl": "http://ecx.images-amazon.com/images/I/31DFJsiR0TL._SX300_.jpg", "price": 883.0, "numReviews": 1, "groups": [131], "averageRating": 5.0}, {"asin": "B00EXIQ0ZY", "name": "Linksys 24-Port Metallic Gigabit Switch (SE3024)", "imUrl": "http://ecx.images-amazon.com/images/I/31iP86eXd-L._SY300_.jpg", "price": 175.99, "numReviews": 20, "groups": [198], "averageRating": 4.8, "brand": "Linksys"}], "links": [{"source": 0, "target": 91, "right": true, "left": false, "value": 1}, {"source": 0, "target": 139, "right": true, "left": false, "value": 1}, {"source": 1, "target": 97, "right": true, "left": false, "value": 1}, {"source": 1, "target": 60, "right": false, "left": true, "value": 1}, {"source": 2, "target": 200, "right": true, "left": false, "value": 1}, {"source": 2, "target": 105, "right": true, "left": false, "value": 1}, {"source": 3, "target": 164, "right": true, "left": false, "value": 1}, {"source": 3, "target": 92, "right": true, "left": false, "value": 1}, {"source": 4, "target": 57, "right": true, "left": false, "value": 1}, {"source": 5, "target": 201, "right": true, "left": true, "value": 1}, {"source": 5, "target": 155, "right": false, "left": true, "value": 1}, {"source": 5, "target": 165, "right": false, "left": true, "value": 1}, {"source": 5, "target": 183, "right": false, "left": true, "value": 1}, {"source": 6, "target": 200, "right": true, "left": false, "value": 1}, {"source": 7, "target": 117, "right": false, "left": true, "value": 1}, {"source": 7, "target": 191, "right": false, "left": true, "value": 1}, {"source": 8, "target": 105, "right": true, "left": false, "value": 1}, {"source": 9, "target": 122, "right": true, "left": false, "value": 1}, {"source": 9, "target": 187, "right": true, "left": true, "value": 1}, {"source": 10, "target": 102, "right": false, "left": true, "value": 1}, {"source": 10, "target": 174, "right": false, "left": true, "value": 1}, {"source": 10, "target": 209, "right": false, "left": true, "value": 1}, {"source": 10, "target": 151, "right": true, "left": true, "value": 1}, {"source": 10, "target": 156, "right": false, "left": true, "value": 1}, {"source": 10, "target": 190, "right": false, "left": true, "value": 1}, {"source": 11, "target": 20, "right": true, "left": false, "value": 1}, {"source": 12, "target": 152, "right": true, "left": false, "value": 1}, {"source": 12, "target": 157, "right": true, "left": false, "value": 1}, {"source": 12, "target": 110, "right": true, "left": false, "value": 1}, {"source": 13, "target": 205, "right": true, "left": false, "value": 1}, {"source": 14, "target": 200, "right": true, "left": false, "value": 1}, {"source": 15, "target": 200, "right": true, "left": false, "value": 1}, {"source": 16, "target": 57, "right": true, "left": false, "value": 1}, {"source": 16, "target": 126, "right": true, "left": false, "value": 1}, {"source": 17, "target": 112, "right": true, "left": false, "value": 1}, {"source": 18, "target": 202, "right": true, "left": false, "value": 1}, {"source": 18, "target": 171, "right": true, "left": false, "value": 1}, {"source": 19, "target": 208, "right": true, "left": false, "value": 1}, {"source": 19, "target": 130, "right": false, "left": true, "value": 1}, {"source": 19, "target": 172, "right": true, "left": false, "value": 1}, {"source": 20, "target": 116, "right": false, "left": true, "value": 1}, {"source": 20, "target": 94, "right": false, "left": true, "value": 1}, {"source": 20, "target": 111, "right": true, "left": true, "value": 1}, {"source": 21, "target": 88, "right": true, "left": false, "value": 1}, {"source": 21, "target": 57, "right": true, "left": false, "value": 1}, {"source": 22, "target": 200, "right": true, "left": false, "value": 1}, {"source": 22, "target": 211, "right": true, "left": false, "value": 1}, {"source": 23, "target": 140, "right": true, "left": false, "value": 1}, {"source": 24, "target": 64, "right": false, "left": true, "value": 1}, {"source": 24, "target": 97, "right": true, "left": false, "value": 1}, {"source": 24, "target": 128, "right": false, "left": true, "value": 1}, {"source": 24, "target": 161, "right": false, "left": true, "value": 1}, {"source": 24, "target": 194, "right": false, "left": true, "value": 1}, {"source": 24, "target": 134, "right": false, "left": true, "value": 1}, {"source": 24, "target": 39, "right": false, "left": true, "value": 1}, {"source": 24, "target": 171, "right": false, "left": true, "value": 1}, {"source": 24, "target": 77, "right": false, "left": true, "value": 1}, {"source": 24, "target": 46, "right": false, "left": true, "value": 1}, {"source": 24, "target": 111, "right": false, "left": true, "value": 1}, {"source": 24, "target": 141, "right": false, "left": true, "value": 1}, {"source": 24, "target": 113, "right": false, "left": true, "value": 1}, {"source": 24, "target": 82, "right": false, "left": true, "value": 1}, {"source": 24, "target": 144, "right": false, "left": true, "value": 1}, {"source": 24, "target": 214, "right": false, "left": true, "value": 1}, {"source": 24, "target": 215, "right": false, "left": true, "value": 1}, {"source": 24, "target": 153, "right": false, "left": true, "value": 1}, {"source": 24, "target": 30, "right": true, "left": false, "value": 1}, {"source": 25, "target": 138, "right": false, "left": true, "value": 1}, {"source": 25, "target": 27, "right": false, "left": true, "value": 1}, {"source": 26, "target": 163, "right": false, "left": true, "value": 1}, {"source": 26, "target": 197, "right": false, "left": true, "value": 1}, {"source": 26, "target": 168, "right": false, "left": true, "value": 1}, {"source": 26, "target": 75, "right": true, "left": false, "value": 1}, {"source": 26, "target": 79, "right": true, "left": false, "value": 1}, {"source": 26, "target": 62, "right": false, "left": true, "value": 1}, {"source": 27, "target": 151, "right": true, "left": false, "value": 1}, {"source": 28, "target": 211, "right": true, "left": false, "value": 1}, {"source": 28, "target": 149, "right": true, "left": false, "value": 1}, {"source": 29, "target": 173, "right": true, "left": false, "value": 1}, {"source": 30, "target": 194, "right": false, "left": true, "value": 1}, {"source": 30, "target": 43, "right": false, "left": true, "value": 1}, {"source": 30, "target": 84, "right": false, "left": true, "value": 1}, {"source": 30, "target": 149, "right": false, "left": true, "value": 1}, {"source": 30, "target": 181, "right": false, "left": true, "value": 1}, {"source": 30, "target": 87, "right": true, "left": true, "value": 1}, {"source": 30, "target": 153, "right": false, "left": true, "value": 1}, {"source": 31, "target": 205, "right": true, "left": true, "value": 1}, {"source": 31, "target": 39, "right": false, "left": true, "value": 1}, {"source": 32, "target": 75, "right": true, "left": false, "value": 1}, {"source": 33, "target": 177, "right": true, "left": false, "value": 1}, {"source": 33, "target": 91, "right": true, "left": false, "value": 1}, {"source": 33, "target": 83, "right": true, "left": false, "value": 1}, {"source": 34, "target": 173, "right": true, "left": false, "value": 1}, {"source": 35, "target": 97, "right": true, "left": false, "value": 1}, {"source": 36, "target": 200, "right": true, "left": false, "value": 1}, {"source": 37, "target": 64, "right": false, "left": true, "value": 1}, {"source": 38, "target": 83, "right": true, "left": false, "value": 1}, {"source": 40, "target": 72, "right": true, "left": false, "value": 1}, {"source": 40, "target": 109, "right": false, "left": true, "value": 1}, {"source": 40, "target": 146, "right": true, "left": false, "value": 1}, {"source": 40, "target": 180, "right": false, "left": true, "value": 1}, {"source": 40, "target": 157, "right": false, "left": true, "value": 1}, {"source": 41, "target": 200, "right": true, "left": false, "value": 1}, {"source": 41, "target": 105, "right": true, "left": false, "value": 1}, {"source": 41, "target": 121, "right": false, "left": true, "value": 1}, {"source": 41, "target": 47, "right": true, "left": false, "value": 1}, {"source": 42, "target": 57, "right": true, "left": false, "value": 1}, {"source": 42, "target": 47, "right": true, "left": false, "value": 1}, {"source": 43, "target": 85, "right": true, "left": false, "value": 1}, {"source": 43, "target": 45, "right": true, "left": true, "value": 1}, {"source": 43, "target": 149, "right": false, "left": true, "value": 1}, {"source": 44, "target": 57, "right": true, "left": false, "value": 1}, {"source": 44, "target": 211, "right": true, "left": false, "value": 1}, {"source": 45, "target": 173, "right": true, "left": false, "value": 1}, {"source": 47, "target": 100, "right": false, "left": true, "value": 1}, {"source": 47, "target": 104, "right": false, "left": true, "value": 1}, {"source": 47, "target": 75, "right": false, "left": true, "value": 1}, {"source": 47, "target": 170, "right": false, "left": true, "value": 1}, {"source": 47, "target": 176, "right": false, "left": true, "value": 1}, {"source": 47, "target": 121, "right": false, "left": true, "value": 1}, {"source": 48, "target": 57, "right": true, "left": false, "value": 1}, {"source": 48, "target": 211, "right": true, "left": false, "value": 1}, {"source": 49, "target": 140, "right": true, "left": false, "value": 1}, {"source": 50, "target": 106, "right": true, "left": false, "value": 1}, {"source": 51, "target": 93, "right": true, "left": false, "value": 1}, {"source": 52, "target": 83, "right": true, "left": false, "value": 1}, {"source": 53, "target": 201, "right": true, "left": false, "value": 1}, {"source": 54, "target": 139, "right": false, "left": true, "value": 1}, {"source": 54, "target": 85, "right": false, "left": true, "value": 1}, {"source": 54, "target": 126, "right": false, "left": true, "value": 1}, {"source": 54, "target": 143, "right": false, "left": true, "value": 1}, {"source": 55, "target": 151, "right": true, "left": false, "value": 1}, {"source": 56, "target": 202, "right": true, "left": false, "value": 1}, {"source": 57, "target": 129, "right": false, "left": true, "value": 1}, {"source": 57, "target": 137, "right": false, "left": true, "value": 1}, {"source": 57, "target": 158, "right": false, "left": true, "value": 1}, {"source": 57, "target": 163, "right": false, "left": true, "value": 1}, {"source": 57, "target": 169, "right": false, "left": true, "value": 1}, {"source": 57, "target": 178, "right": false, "left": true, "value": 1}, {"source": 57, "target": 180, "right": false, "left": true, "value": 1}, {"source": 57, "target": 69, "right": false, "left": true, "value": 1}, {"source": 57, "target": 198, "right": false, "left": true, "value": 1}, {"source": 57, "target": 75, "right": false, "left": true, "value": 1}, {"source": 57, "target": 206, "right": false, "left": true, "value": 1}, {"source": 57, "target": 79, "right": false, "left": true, "value": 1}, {"source": 57, "target": 81, "right": false, "left": true, "value": 1}, {"source": 57, "target": 210, "right": false, "left": true, "value": 1}, {"source": 57, "target": 211, "right": true, "left": true, "value": 1}, {"source": 57, "target": 212, "right": false, "left": true, "value": 1}, {"source": 57, "target": 88, "right": false, "left": true, "value": 1}, {"source": 57, "target": 93, "right": false, "left": true, "value": 1}, {"source": 57, "target": 95, "right": false, "left": true, "value": 1}, {"source": 57, "target": 98, "right": false, "left": true, "value": 1}, {"source": 57, "target": 107, "right": false, "left": true, "value": 1}, {"source": 57, "target": 108, "right": false, "left": true, "value": 1}, {"source": 57, "target": 125, "right": false, "left": true, "value": 1}, {"source": 58, "target": 83, "right": true, "left": false, "value": 1}, {"source": 59, "target": 105, "right": true, "left": false, "value": 1}, {"source": 60, "target": 97, "right": true, "left": false, "value": 1}, {"source": 61, "target": 178, "right": false, "left": true, "value": 1}, {"source": 61, "target": 76, "right": false, "left": true, "value": 1}, {"source": 62, "target": 168, "right": true, "left": false, "value": 1}, {"source": 62, "target": 207, "right": true, "left": false, "value": 1}, {"source": 62, "target": 79, "right": true, "left": false, "value": 1}, {"source": 63, "target": 91, "right": true, "left": false, "value": 1}, {"source": 63, "target": 83, "right": true, "left": false, "value": 1}, {"source": 64, "target": 159, "right": false, "left": true, "value": 1}, {"source": 65, "target": 211, "right": true, "left": false, "value": 1}, {"source": 66, "target": 91, "right": true, "left": false, "value": 1}, {"source": 66, "target": 83, "right": true, "left": false, "value": 1}, {"source": 67, "target": 83, "right": true, "left": false, "value": 1}, {"source": 68, "target": 145, "right": false, "left": true, "value": 1}, {"source": 68, "target": 151, "right": true, "left": true, "value": 1}, {"source": 70, "target": 190, "right": true, "left": false, "value": 1}, {"source": 70, "target": 151, "right": true, "left": false, "value": 1}, {"source": 71, "target": 200, "right": true, "left": false, "value": 1}, {"source": 72, "target": 109, "right": false, "left": true, "value": 1}, {"source": 72, "target": 146, "right": true, "left": false, "value": 1}, {"source": 72, "target": 180, "right": true, "left": false, "value": 1}, {"source": 72, "target": 152, "right": true, "left": false, "value": 1}, {"source": 72, "target": 157, "right": true, "left": true, "value": 1}, {"source": 73, "target": 200, "right": true, "left": false, "value": 1}, {"source": 74, "target": 200, "right": true, "left": false, "value": 1}, {"source": 75, "target": 168, "right": false, "left": true, "value": 1}, {"source": 75, "target": 207, "right": false, "left": true, "value": 1}, {"source": 76, "target": 200, "right": true, "left": false, "value": 1}, {"source": 76, "target": 115, "right": true, "left": false, "value": 1}, {"source": 77, "target": 186, "right": false, "left": true, "value": 1}, {"source": 78, "target": 205, "right": true, "left": true, "value": 1}, {"source": 79, "target": 207, "right": false, "left": true, "value": 1}, {"source": 80, "target": 139, "right": true, "left": false, "value": 1}, {"source": 80, "target": 143, "right": true, "left": false, "value": 1}, {"source": 82, "target": 84, "right": false, "left": true, "value": 1}, {"source": 82, "target": 208, "right": true, "left": false, "value": 1}, {"source": 83, "target": 96, "right": false, "left": true, "value": 1}, {"source": 83, "target": 167, "right": false, "left": true, "value": 1}, {"source": 83, "target": 199, "right": false, "left": true, "value": 1}, {"source": 83, "target": 119, "right": false, "left": true, "value": 1}, {"source": 83, "target": 91, "right": true, "left": true, "value": 1}, {"source": 83, "target": 188, "right": false, "left": true, "value": 1}, {"source": 84, "target": 177, "right": true, "left": false, "value": 1}, {"source": 85, "target": 143, "right": true, "left": true, "value": 1}, {"source": 86, "target": 203, "right": false, "left": true, "value": 1}, {"source": 88, "target": 195, "right": false, "left": true, "value": 1}, {"source": 88, "target": 108, "right": false, "left": true, "value": 1}, {"source": 88, "target": 211, "right": true, "left": false, "value": 1}, {"source": 88, "target": 212, "right": false, "left": true, "value": 1}, {"source": 89, "target": 130, "right": true, "left": false, "value": 1}, {"source": 89, "target": 99, "right": true, "left": false, "value": 1}, {"source": 89, "target": 140, "right": true, "left": false, "value": 1}, {"source": 90, "target": 200, "right": true, "left": false, "value": 1}, {"source": 91, "target": 119, "right": false, "left": true, "value": 1}, {"source": 92, "target": 138, "right": true, "left": false, "value": 1}, {"source": 92, "target": 171, "right": true, "left": false, "value": 1}, {"source": 92, "target": 164, "right": true, "left": true, "value": 1}, {"source": 94, "target": 111, "right": true, "left": false, "value": 1}, {"source": 96, "target": 122, "right": true, "left": false, "value": 1}, {"source": 97, "target": 193, "right": false, "left": true, "value": 1}, {"source": 97, "target": 101, "right": false, "left": true, "value": 1}, {"source": 97, "target": 140, "right": false, "left": true, "value": 1}, {"source": 97, "target": 172, "right": false, "left": true, "value": 1}, {"source": 97, "target": 208, "right": true, "left": true, "value": 1}, {"source": 97, "target": 153, "right": false, "left": true, "value": 1}, {"source": 97, "target": 189, "right": false, "left": true, "value": 1}, {"source": 99, "target": 140, "right": true, "left": false, "value": 1}, {"source": 102, "target": 151, "right": true, "left": false, "value": 1}, {"source": 103, "target": 192, "right": false, "left": true, "value": 1}, {"source": 103, "target": 162, "right": false, "left": true, "value": 1}, {"source": 104, "target": 105, "right": true, "left": false, "value": 1}, {"source": 105, "target": 117, "right": false, "left": true, "value": 1}, {"source": 107, "target": 211, "right": true, "left": false, "value": 1}, {"source": 108, "target": 211, "right": true, "left": false, "value": 1}, {"source": 109, "target": 152, "right": true, "left": false, "value": 1}, {"source": 109, "target": 157, "right": true, "left": false, "value": 1}, {"source": 110, "target": 152, "right": true, "left": true, "value": 1}, {"source": 110, "target": 147, "right": true, "left": true, "value": 1}, {"source": 110, "target": 180, "right": true, "left": false, "value": 1}, {"source": 111, "target": 184, "right": false, "left": true, "value": 1}, {"source": 113, "target": 171, "right": true, "left": false, "value": 1}, {"source": 114, "target": 148, "right": true, "left": true, "value": 1}, {"source": 115, "target": 200, "right": true, "left": false, "value": 1}, {"source": 117, "target": 200, "right": true, "left": false, "value": 1}, {"source": 118, "target": 133, "right": false, "left": true, "value": 1}, {"source": 120, "target": 183, "right": true, "left": false, "value": 1}, {"source": 122, "target": 167, "right": true, "left": false, "value": 1}, {"source": 122, "target": 136, "right": true, "left": true, "value": 1}, {"source": 122, "target": 154, "right": false, "left": true, "value": 1}, {"source": 122, "target": 127, "right": false, "left": true, "value": 1}, {"source": 123, "target": 200, "right": true, "left": false, "value": 1}, {"source": 124, "target": 213, "right": false, "left": true, "value": 1}, {"source": 126, "target": 143, "right": false, "left": true, "value": 1}, {"source": 128, "target": 153, "right": true, "left": false, "value": 1}, {"source": 128, "target": 194, "right": true, "left": false, "value": 1}, {"source": 129, "target": 211, "right": true, "left": false, "value": 1}, {"source": 130, "target": 172, "right": true, "left": false, "value": 1}, {"source": 130, "target": 140, "right": true, "left": false, "value": 1}, {"source": 130, "target": 208, "right": true, "left": false, "value": 1}, {"source": 131, "target": 200, "right": true, "left": false, "value": 1}, {"source": 132, "target": 140, "right": true, "left": false, "value": 1}, {"source": 134, "target": 171, "right": true, "left": false, "value": 1}, {"source": 134, "target": 214, "right": true, "left": true, "value": 1}, {"source": 135, "target": 194, "right": true, "left": false, "value": 1}, {"source": 135, "target": 141, "right": true, "left": false, "value": 1}, {"source": 136, "target": 187, "right": false, "left": true, "value": 1}, {"source": 136, "target": 154, "right": false, "left": true, "value": 1}, {"source": 136, "target": 167, "right": true, "left": false, "value": 1}, {"source": 140, "target": 172, "right": true, "left": false, "value": 1}, {"source": 140, "target": 189, "right": false, "left": true, "value": 1}, {"source": 142, "target": 200, "right": true, "left": false, "value": 1}, {"source": 143, "target": 149, "right": false, "left": true, "value": 1}, {"source": 146, "target": 211, "right": true, "left": false, "value": 1}, {"source": 146, "target": 180, "right": true, "left": true, "value": 1}, {"source": 146, "target": 157, "right": false, "left": true, "value": 1}, {"source": 148, "target": 150, "right": true, "left": true, "value": 1}, {"source": 151, "target": 190, "right": false, "left": true, "value": 1}, {"source": 152, "target": 180, "right": true, "left": false, "value": 1}, {"source": 152, "target": 157, "right": true, "left": true, "value": 1}, {"source": 154, "target": 167, "right": true, "left": false, "value": 1}, {"source": 160, "target": 166, "right": true, "left": false, "value": 1}, {"source": 168, "target": 207, "right": true, "left": false, "value": 1}, {"source": 169, "target": 211, "right": true, "left": false, "value": 1}, {"source": 170, "target": 211, "right": true, "left": false, "value": 1}, {"source": 172, "target": 208, "right": true, "left": true, "value": 1}, {"source": 174, "target": 200, "right": true, "left": false, "value": 1}, {"source": 174, "target": 190, "right": true, "left": false, "value": 1}, {"source": 175, "target": 202, "right": true, "left": false, "value": 1}, {"source": 176, "target": 211, "right": true, "left": false, "value": 1}, {"source": 177, "target": 201, "right": false, "left": true, "value": 1}, {"source": 178, "target": 211, "right": true, "left": false, "value": 1}, {"source": 179, "target": 211, "right": true, "left": false, "value": 1}, {"source": 182, "target": 183, "right": true, "left": false, "value": 1}, {"source": 183, "target": 201, "right": true, "left": false, "value": 1}, {"source": 185, "target": 211, "right": true, "left": false, "value": 1}, {"source": 190, "target": 209, "right": false, "left": true, "value": 1}, {"source": 191, "target": 200, "right": true, "left": false, "value": 1}, {"source": 195, "target": 211, "right": true, "left": false, "value": 1}, {"source": 196, "target": 200, "right": true, "left": false, "value": 1}, {"source": 198, "target": 211, "right": true, "left": false, "value": 1}, {"source": 200, "target": 204, "right": false, "left": true, "value": 1}, {"source": 206, "target": 211, "right": true, "left": false, "value": 1}, {"source": 210, "target": 211, "right": true, "left": false, "value": 1}, {"source": 211, "target": 212, "right": false, "left": true, "value": 1}]}