{"nodes": [{"asin": "B0064RPFJY", "name": "Rogue LX200BL Left-Handed Series III Electric Bass Guitar Pearl Black", "imUrl": "http://ecx.images-amazon.com/images/I/41mX-yn6egL._SY300_.jpg", "price": 119.99, "numReviews": 4, "groups": [0, 1], "averageRating": 4.0, "brand": "Rogue", "salesRankCategory": "Musical Instruments", "salesRank": 9555}, {"asin": "B00FZYYD54", "name": "Gold Tone GT-Series M-Bass 4-String Acoustic MicroBass for Electric Bass Guitar - Natural", "imUrl": "http://ecx.images-amazon.com/images/I/41KVy3han3L._SY300_.jpg", "price": 393.75, "numReviews": 3, "groups": [2], "averageRating": 3.0, "brand": "Gold Tone", "salesRankCategory": "Musical Instruments", "salesRank": 58493}, {"asin": "B001T479MS", "name": "New Electric Acoustic Bass Guitar W/ Equalizer & Accessories", "imUrl": "http://ecx.images-amazon.com/images/I/51%2BsWB6AL2L._SY300_.jpg", "price": 169.99, "numReviews": 7, "groups": [3], "averageRating": 3.7142857142857144, "salesRankCategory": "Musical Instruments", "salesRank": 73328}, {"asin": "B00DGWWT2G", "name": "Crescent Electric Bass Guitar Starter Kit - Pink Color (Includes Amp & CrescentTM Digital E-Tuner)", "imUrl": "http://ecx.images-amazon.com/images/I/51v9GzgoUWL._SY300_.jpg", "price": 99.99, "numReviews": 3, "groups": [4], "averageRating": 3.0, "salesRankCategory": "Musical Instruments", "salesRank": 38289}, {"asin": "B00GFVAVNY", "name": "Blue Electric Bass Guitar Includes Strap, Guitar Case, Amp Cord and More", "imUrl": "http://ecx.images-amazon.com/images/I/41Yj28p2TTL._SY300_.jpg", "price": 93.28, "numReviews": 1, "groups": [5], "averageRating": 1.0, "salesRankCategory": "Musical Instruments", "salesRank": 18787}, {"asin": "B0002CZV50", "name": "Epiphone Goth ThunderBird-IV Bass, Plain Black", "imUrl": "http://ecx.images-amazon.com/images/I/31P4CoEH5eL._SY300_.jpg", "price": 299.0, "numReviews": 6, "groups": [6], "averageRating": 4.833333333333333, "brand": "Epiphone", "salesRankCategory": "Musical Instruments", "salesRank": 26284}, {"asin": "B003IKW91C", "name": "Squier by Fender Deluxe Active Jazz Bass IV String, Black", "imUrl": "http://ecx.images-amazon.com/images/I/31zZ5fybpWL._SY300_.jpg", "price": 299.99, "numReviews": 1, "groups": [7], "averageRating": 4.0, "brand": "Fender", "salesRankCategory": "Musical Instruments", "salesRank": 69951}, {"asin": "B0064RDHCG", "name": "Ibanez GSRM20 Mikro Short-Scale Bass Guitar Roadster Orange Metallic", "imUrl": "http://ecx.images-amazon.com/images/I/414meVutIbL._SY300_.jpg", "price": 179.99, "numReviews": 1, "groups": [8], "averageRating": 5.0, "brand": "Ibanez", "salesRankCategory": "Musical Instruments", "salesRank": 114546}, {"asin": "B0002E1I8W", "name": "Schecter Stiletto Custom-5 Electric Bass (5 String, Natural Satin)", "imUrl": "http://ecx.images-amazon.com/images/I/31SpXRDPiwL._SY300_.jpg", "price": 579.0, "numReviews": 7, "groups": [9], "averageRating": 5.0, "brand": "Schecter", "salesRankCategory": "Musical Instruments", "salesRank": 16518}, {"asin": "B0009XPMOW", "name": "Dean Evo XM Mahogany Short-Scale Electric Bass Guitar - Natural", "imUrl": "http://ecx.images-amazon.com/images/I/41SC-a%2BOm9L._SY300_.jpg", "price": 199.0, "numReviews": 4, "groups": [10], "averageRating": 4.5, "salesRankCategory": "Musical Instruments", "salesRank": 21012}, {"asin": "B003M76KW0", "name": "Electric Bass Guitar Starter Set, Cherry Burst", "imUrl": "http://ecx.images-amazon.com/images/I/41ipvCmXDlL._SY300_.jpg", "price": 61.95, "numReviews": 5, "groups": [11], "averageRating": 4.2, "salesRankCategory": "Musical Instruments", "salesRank": 16586}, {"asin": "B001L8PKHI", "name": "Squier by Fender Deluxe Active Jazz Bass V String, Black", "imUrl": "http://ecx.images-amazon.com/images/I/31yIAHm7DJL._SY300_.jpg", "price": 329.99, "numReviews": 4, "groups": [12], "averageRating": 3.25, "brand": "Fender", "salesRankCategory": "Musical Instruments", "salesRank": 58536}, {"asin": "B004PJIAE0", "name": "Dean Guitars Hillsboro Junior 3/4 - Metallic Red 4-Strings Bass Guitar", "imUrl": "http://ecx.images-amazon.com/images/I/31pQRodfnrL._SY300_.jpg", "price": 149.0, "numReviews": 3, "groups": [13], "averageRating": 4.0, "brand": "Dean Guitars", "salesRankCategory": "Musical Instruments", "salesRank": 41099}, {"asin": "B002Y668P4", "name": "Bassfish Bass Guitar Package- Sunburst", "imUrl": "http://ecx.images-amazon.com/images/I/518T%2Bd1JCdL._SX300_.jpg", "price": 81.99, "numReviews": 3, "groups": [14], "averageRating": 4.333333333333333, "salesRankCategory": "Musical Instruments", "salesRank": 126592}, {"asin": "B002A4J0R8", "name": "Yamaha RBX170 Electric Bass Package, Blue", "imUrl": "http://ecx.images-amazon.com/images/I/41A7Tuaf9XL._SY300_.jpg", "price": 239.99, "numReviews": 3, "groups": [15], "averageRating": 4.333333333333333, "brand": "Yamaha", "salesRankCategory": "Musical Instruments", "salesRank": 82422}, {"asin": "B001250L38", "name": "Ursa 1 RN PK BK Black Bass Guitar Pack w/BA 1565 AMP, Carry Bag and Instructional DVD", "imUrl": "http://ecx.images-amazon.com/images/I/41Jwn3BxoPL._SY300_.jpg", "price": 119.95, "numReviews": 5, "groups": [16], "averageRating": 4.4, "salesRankCategory": "Musical Instruments", "salesRank": 52253}, {"asin": "B000GL46T4", "name": "Schecter Stiletto Studio-4 Fretless Electric Bass (4 String, Honey Satin)", "imUrl": "http://ecx.images-amazon.com/images/I/31c9FC7-9AL._SY300_.jpg", "price": 699.0, "numReviews": 5, "groups": [17], "averageRating": 4.8, "brand": "Schecter", "salesRankCategory": "Musical Instruments", "salesRank": 77885}, {"asin": "B002W8IHEE", "name": "SX Ursa 1 MN 3TS Electric Bass Guitar", "imUrl": "http://ecx.images-amazon.com/images/I/41DTTpnJ-KL._SY300_.jpg", "price": 10.99, "numReviews": 4, "groups": [18], "averageRating": 5.0, "salesRankCategory": "Musical Instruments", "salesRank": 87225}, {"asin": "B000P5PK4G", "name": "Schecter Stiletto Studio-5 Bass (5 String, See-Through Black Satin)", "imUrl": "http://ecx.images-amazon.com/images/I/31OC3E0XmeL._SY300_.jpg", "price": 749.0, "numReviews": 2, "groups": [19], "averageRating": 4.5, "brand": "Schecter", "salesRankCategory": "Musical Instruments", "salesRank": 99327}, {"asin": "B000KN2FUK", "name": "ESP LTD B55 5 String Electric Bass Guitar - (Black)", "imUrl": "http://ecx.images-amazon.com/images/I/41XOL71xARL._SY300_.jpg", "price": 249.0, "numReviews": 8, "groups": [20], "averageRating": 4.875, "brand": "ESP", "salesRankCategory": "Musical Instruments", "salesRank": 25397}, {"asin": "B001R2OODY", "name": "Rogue SX100B Series II Electric Bass Guitar Black", "imUrl": "http://ecx.images-amazon.com/images/I/41CvVmnYI%2BL._SY300_.jpg", "price": 119.99, "numReviews": 3, "groups": [21], "averageRating": 4.0, "brand": "Rogue", "salesRankCategory": "Musical Instruments", "salesRank": 77557}, {"asin": "B0049S7Z4S", "name": "Ibanez AEB5E Acoustic-Electric Bass (Natural)", "imUrl": "http://ecx.images-amazon.com/images/I/31KjudpZd2L._SX300_.jpg", "price": 169.99, "numReviews": 2, "groups": [22], "averageRating": 4.5, "salesRankCategory": "Musical Instruments", "salesRank": 52463}, {"asin": "B00H4FX0BU", "name": "Crescent AEB-BK Acoustic Electric Bass Guitar Kit, Black Color (Built-in Equalizer and Crescent Digital E-Tuner Included)", "imUrl": "http://ecx.images-amazon.com/images/I/410kG6NlYsL._SY300_.jpg", "price": 40.32, "numReviews": 6, "groups": [23], "averageRating": 3.8333333333333335, "salesRankCategory": "Musical Instruments", "salesRank": 56456}, {"asin": "B0002F6USY", "name": "Peavey Millennium 4 String Electric Bass with Active Electronics, Transparent Tiger Eye", "imUrl": "http://ecx.images-amazon.com/images/I/31Vyio%2BxsNL._SX300_.jpg", "price": 329.99, "numReviews": 3, "groups": [24], "averageRating": 3.6666666666666665, "brand": "Peavey", "salesRankCategory": "Musical Instruments", "salesRank": 113968}, {"asin": "B000FU3Q2Y", "name": "Barcelona Beginner Series Electric Bass Guitar with Bass Amplifier, Gig Bag, Instrument Cable, Strap, Picks, and Polishing Cloth - Zebra", "imUrl": "http://ecx.images-amazon.com/images/I/411fHxW48aL._SY300_.jpg", "price": 119.95, "numReviews": 7, "groups": [25], "averageRating": 3.5714285714285716, "salesRankCategory": "Musical Instruments", "salesRank": 87331}, {"asin": "B00F8KFPNY", "name": "SILENT BASS GUITAR Sandalwood Hollow Body Electric-Acoustic Headphones Included", "imUrl": "http://ecx.images-amazon.com/images/I/41mmmFWpuNL._SX300_.jpg", "price": 2.86, "numReviews": 3, "groups": [26], "averageRating": 2.3333333333333335, "salesRankCategory": "Musical Instruments", "salesRank": 57306}, {"asin": "B0002DV87Y", "name": "Ibanez GSR200 - Jewel Blue", "imUrl": "http://ecx.images-amazon.com/images/I/41JAEUVb6jL._SY300_.jpg", "price": 199.99, "numReviews": 6, "groups": [27], "averageRating": 4.0, "brand": "Ibanez", "salesRankCategory": "Musical Instruments", "salesRank": 42296}, {"asin": "B00CLE6NVS", "name": "Crescent Electric Bass Guitar Starter Kit - Transparent Blue Color (Includes CrescentTM Digital E-Tuner)", "imUrl": "http://ecx.images-amazon.com/images/I/413oRybRbxL._SY300_.jpg", "price": 49.95, "numReviews": 7, "groups": [28], "averageRating": 4.571428571428571, "salesRankCategory": "Musical Instruments", "salesRank": 1692}, {"asin": "B001NMT76C", "name": "Schecter Stiletto Custom-4  Electric Bass (4 String, Natural Satin, Left Handed)", "imUrl": "http://ecx.images-amazon.com/images/I/31nIz65WWhL._SY300_.jpg", "price": 549.0, "numReviews": 1, "groups": [29], "averageRating": 5.0, "salesRankCategory": "Musical Instruments", "salesRank": 104567}, {"asin": "B000FP94Z2", "name": "Dean Acoustic-Electric Bass, Classic Black", "imUrl": "http://ecx.images-amazon.com/images/I/31mPnzkFxaL._SY300_.jpg", "price": 169.99, "numReviews": 50, "groups": [30, 31], "averageRating": 3.98, "salesRankCategory": "Musical Instruments", "salesRank": 6949}, {"asin": "B00H4G11P6", "name": "Crescent AEB-RD Acoustic Electric Bass Guitar Kit, Red Color (Built-in Equalizer and Crescent Digital E-Tuner Included)", "imUrl": "http://ecx.images-amazon.com/images/I/419eXIv6LOL._SY300_.jpg", "price": 89.07, "numReviews": 2, "groups": [32], "averageRating": 3.0, "salesRankCategory": "Musical Instruments", "salesRank": 59296}, {"asin": "B001QSIAJ8", "name": "Kona Select 5 String Exotic Wood Electric Bass Guitar", "imUrl": "http://ecx.images-amazon.com/images/I/41I8zYEmJXL._SX300_.jpg", "price": 163.15, "numReviews": 5, "groups": [33], "averageRating": 4.6, "salesRankCategory": "Musical Instruments", "salesRank": 123664}, {"asin": "B003OXNQIS", "name": "Dean Zone XM Bass Guitar Transparent Black", "imUrl": "http://ecx.images-amazon.com/images/I/41ExC4b4dVL._SY300_.jpg", "price": 159.99, "numReviews": 5, "groups": [34], "averageRating": 4.4, "brand": "Dean", "salesRankCategory": "Musical Instruments", "salesRank": 73287}, {"asin": "B000AAPRBW", "name": "Dean Acoustic-Electric Bass Cutaway 5 String Satin Finish", "imUrl": "http://ecx.images-amazon.com/images/I/31XDXYiAjRL._SY300_.jpg", "price": 199.99, "numReviews": 24, "groups": [35], "averageRating": 3.75, "salesRankCategory": "Musical Instruments", "salesRank": 18300}, {"asin": "B003CKB4GE", "name": "Ibanez GSR200 - Pearl White", "imUrl": "http://ecx.images-amazon.com/images/I/31kmec2EkML._SX300_.jpg", "price": 199.99, "numReviews": 2, "groups": [36], "averageRating": 4.5, "brand": "Ibanez", "salesRankCategory": "Musical Instruments", "salesRank": 50047}, {"asin": "B000BYVQYO", "name": "B.C. Rich Bronze Warlock Electric Bass Guitar, Black", "imUrl": "http://ecx.images-amazon.com/images/I/31umzzzh-qL._SY300_.jpg", "price": 299.99, "numReviews": 3, "groups": [37], "averageRating": 3.3333333333333335, "brand": "B.C. Rich", "salesRankCategory": "Musical Instruments", "salesRank": 87177}, {"asin": "B000GAQP76", "name": "Fender Deluxe Active P Bass\u00ae Special, Blizzard Pearl, Maple Fretboard", "imUrl": "http://ecx.images-amazon.com/images/I/31i9Wg3rGQL._SY300_.jpg", "price": 699.99, "numReviews": 3, "groups": [38], "averageRating": 5.0, "brand": "Fender", "salesRankCategory": "Musical Instruments", "salesRank": 54625}, {"asin": "B000KD13ZS", "name": "Epiphone Thunderbird IV Bass Ebony", "imUrl": "http://ecx.images-amazon.com/images/I/31%2B1HEKew6L._SX300_.jpg", "price": 97.9, "numReviews": 3, "groups": [39], "averageRating": 4.0, "salesRankCategory": "Musical Instruments", "salesRank": 94512}, {"asin": "B00149UVL4", "name": "Ovation Celebrity Bass CC2474 Acoustic-electric Bass Guitar, Black", "imUrl": "http://ecx.images-amazon.com/images/I/31PRKh-DlmL._SY300_.jpg", "price": 459.0, "numReviews": 2, "groups": [40], "averageRating": 4.5, "salesRankCategory": "Musical Instruments", "salesRank": 87122}, {"asin": "B001RIZ2QG", "name": "Schecter Omen Extreme-4 Bass Guitar (Black Cherry, Left Handed)", "imUrl": "http://ecx.images-amazon.com/images/I/31zmwH6nfxL._SY300_.jpg", "price": 399.0, "numReviews": 3, "groups": [41], "averageRating": 4.666666666666667, "salesRankCategory": "Musical Instruments", "salesRank": 48248}, {"asin": "B009FKQS98", "name": "Full Size Electric Bass Guitar Starter Beginner Pack with Amp Case Strap Sunburst Package", "imUrl": "http://ecx.images-amazon.com/images/I/41lkRN6G4vL._SY300_.jpg", "price": 107.77, "numReviews": 7, "groups": [42], "averageRating": 4.285714285714286, "salesRankCategory": "Musical Instruments", "salesRank": 5698}, {"asin": "B005QOQYUU", "name": "ELECTRIC BASS GUITAR - RED - Small Scale 36\" Inch Childrens Mini Kids NEW", "imUrl": "http://ecx.images-amazon.com/images/I/41FEVbuV6yL._SY300_.jpg", "price": 81.99, "numReviews": 5, "groups": [43], "averageRating": 4.2, "salesRankCategory": "Musical Instruments", "salesRank": 42303}, {"asin": "B00AZ4EPJ8", "name": "Alston Guitars - DIY Electric Bass Guitar Kit | Bolt-On | Solid Mahogany", "imUrl": "http://ecx.images-amazon.com/images/I/519WHw7hfjL._SY300_.jpg", "price": 185.93, "numReviews": 2, "groups": [44], "averageRating": 3.5, "salesRankCategory": "Musical Instruments", "salesRank": 58966}, {"asin": "B0064RPYJA", "name": "Rogue LX200BF Fretless Series III Electric Bass Guitar Metallic Blue", "imUrl": "http://ecx.images-amazon.com/images/I/41ilGqFEXDL._SY300_.jpg", "price": 119.99, "numReviews": 3, "groups": [45], "averageRating": 4.0, "brand": "Rogue", "salesRankCategory": "Musical Instruments", "salesRank": 71991}, {"asin": "B00GFVLF5W", "name": "Black Electric Bass Guitar Includes Strap, Guitar Case, Amp Cord and More", "imUrl": "http://ecx.images-amazon.com/images/I/41yBrnUbwRL._SY300_.jpg", "price": 105.87, "numReviews": 7, "groups": [46], "averageRating": 4.0, "salesRankCategory": "Musical Instruments", "salesRank": 6552}, {"asin": "B001NFI7YW", "name": "Dean E09 Bass Guitar, Left Handed - Classic Black", "imUrl": "http://ecx.images-amazon.com/images/I/31Dh1OY33LL._SY300_.jpg", "price": 139.44, "numReviews": 3, "groups": [0, 47], "averageRating": 4.666666666666667, "salesRankCategory": "Musical Instruments", "salesRank": 26827}, {"asin": "B0007NHFBM", "name": "Dean Edge 1 5-String Bass, Classic Black", "imUrl": "http://ecx.images-amazon.com/images/I/31RgOyoNvEL._SY300_.jpg", "price": 249.0, "numReviews": 2, "groups": [48], "averageRating": 5.0, "salesRankCategory": "Musical Instruments", "salesRank": 75263}, {"asin": "B005K1ONG6", "name": "Electric Acoustic Bass Guitar Natural Solid Wood Construction With Equalizer New", "imUrl": "http://ecx.images-amazon.com/images/I/418edtMiVIL._SY300_.jpg", "price": 89.07, "numReviews": 26, "groups": [49], "averageRating": 3.5384615384615383, "salesRankCategory": "Musical Instruments", "salesRank": 28052}, {"asin": "B009K2T5UU", "name": "Legacy Solid Body Electric Bass Guitar, White", "imUrl": "http://ecx.images-amazon.com/images/I/31qURAdSnaL._SY300_.jpg", "price": 69.95, "numReviews": 28, "groups": [50], "averageRating": 4.75, "salesRankCategory": "Musical Instruments", "salesRank": 38397}, {"asin": "B007TWGLPU", "name": "Traveler Guitar Ultra-Light Acoustic-Electric Travel Bass with Gig Bag", "imUrl": "http://ecx.images-amazon.com/images/I/31h4rc9XrjL._SY300_.jpg", "price": 399.99, "numReviews": 4, "groups": [51], "averageRating": 3.25, "brand": "Traveler Guitar", "salesRankCategory": "Musical Instruments", "salesRank": 46550}, {"asin": "B000EEHD6G", "name": "Jasmine by Takamine ES50C 4-String Acoustic Electric Bass Guitar", "imUrl": "http://ecx.images-amazon.com/images/I/31NJZ7DEpzL._SX300_.jpg", "price": 469.0, "numReviews": 3, "groups": [52], "averageRating": 3.3333333333333335, "salesRankCategory": "Musical Instruments", "salesRank": 69941}, {"asin": "B00823R96U", "name": "Fender CB-100CE Dreadnought Cutaway Acoustic-Electric Bass - Natural", "imUrl": "http://ecx.images-amazon.com/images/I/31%2BSMNBJT7L._SY300_.jpg", "price": 299.99, "numReviews": 3, "groups": [53], "averageRating": 4.0, "brand": "Fender", "salesRankCategory": "Musical Instruments", "salesRank": 30894}, {"asin": "B001RIY5NW", "name": "Sterling by Music Man RAY34-HB Bass (4 String, Honey Burst)", "imUrl": "http://ecx.images-amazon.com/images/I/31zNOP0hM-L._SY300_.jpg", "price": 769.99, "numReviews": 2, "groups": [54], "averageRating": 5.0, "brand": "Sterling by Music Man", "salesRankCategory": "Musical Instruments", "salesRank": 45126}, {"asin": "B004X4Y2CQ", "name": "Saga JB-11 J-Style Bass Kit", "imUrl": "http://ecx.images-amazon.com/images/I/31Gtg2llpGL._SY300_.jpg", "price": 177.21, "numReviews": 5, "groups": [55], "averageRating": 4.2, "salesRankCategory": "Musical Instruments", "salesRank": 70180}, {"asin": "B006JW20CE", "name": "Sojing 4 String Cutaway Acoustic Electric Bass Guitar", "imUrl": "http://ecx.images-amazon.com/images/I/31O7cgAj5wL._SY300_.jpg", "price": 169.99, "numReviews": 3, "groups": [56], "averageRating": 4.666666666666667, "salesRankCategory": "Musical Instruments", "salesRank": 68161}, {"asin": "B00DWVB7YC", "name": "Squier by Fender Vintage Modified Jazz Bass, Fretless, 3-Tone Sunburst", "imUrl": "http://ecx.images-amazon.com/images/I/31dQgSgrioL._SY300_.jpg", "price": 299.99, "numReviews": 1, "groups": [57], "averageRating": 5.0, "brand": "Fender", "salesRankCategory": "Musical Instruments", "salesRank": 74311}, {"asin": "B005POPH7W", "name": "Full Size 4 String Precision P Electric Bass Guitar BLUE with Gig Bag and Accessories (Includes, Strap, String, & DirectlyCheap(TM) Translucent Blue Medium Guitar Pick)", "imUrl": "http://ecx.images-amazon.com/images/I/31zGOQvMJpL._SY300_.jpg", "price": 94.95, "numReviews": 17, "groups": [58], "averageRating": 4.294117647058823, "salesRankCategory": "Musical Instruments", "salesRank": 23846}, {"asin": "B003PBMZ0O", "name": "B.C. Rich RWBO 4-Strings Bass Guitar, Onyx", "imUrl": "http://ecx.images-amazon.com/images/I/31q-y7ppRvL._SY300_.jpg", "price": 299.99, "numReviews": 3, "groups": [59], "averageRating": 5.0, "brand": "B.C. Rich", "salesRankCategory": "Musical Instruments", "salesRank": 69800}, {"asin": "B00AL4BPAE", "name": "Blue 5 String Electric Bass Guitar Package with Amp & Case Value Starter Pack", "imUrl": "http://ecx.images-amazon.com/images/I/412szL2SM3L._SY300_.jpg", "price": 169.95, "numReviews": 1, "groups": [60], "averageRating": 5.0, "salesRankCategory": "Musical Instruments", "salesRank": 51072}, {"asin": "B004FK77JS", "name": "Full-Size Electric Bass Guitar Starter Beginner Pack with Amp Case Strap Red Package", "imUrl": "http://ecx.images-amazon.com/images/I/4127QXHgJfL._SY300_.jpg", "price": 119.95, "numReviews": 4, "groups": [61], "averageRating": 3.75, "salesRankCategory": "Musical Instruments", "salesRank": 72678}, {"asin": "B008UCQV8K", "name": "Fender Geddy Lee Signature Jazz Bass Guitar, Maple Fretboard, Black", "imUrl": "http://ecx.images-amazon.com/images/I/31MGzkZ3NsL._SY300_.jpg", "price": 899.99, "numReviews": 1, "groups": [62], "averageRating": 5.0, "brand": "Fender", "salesRankCategory": "Musical Instruments", "salesRank": 36149}, {"asin": "B0002F5DZ0", "name": "Dean Edge 09 Bass, Classic Black", "imUrl": "http://ecx.images-amazon.com/images/I/31z26EHUMpL._SY300_.jpg", "price": 173.02, "numReviews": 11, "groups": [63], "averageRating": 4.636363636363637, "salesRankCategory": "Musical Instruments", "salesRank": 26357}, {"asin": "B001VNL4FA", "name": "New Pro Flame Maple Top Viola Violin Beatle Bass Guitar", "imUrl": "http://ecx.images-amazon.com/images/I/51BHmKQ1SWL._SY300_.jpg", "price": 329.99, "numReviews": 2, "groups": [64], "averageRating": 4.5, "salesRankCategory": "Musical Instruments", "salesRank": 114169}, {"asin": "B004WDQ6JA", "name": "Johnson JB-24F-NA Deep Body Jumbo Bass, Fretless", "imUrl": "http://ecx.images-amazon.com/images/I/31rC7dZVbKL._SY300_.jpg", "price": 234.99, "numReviews": 2, "groups": [65], "averageRating": 4.0, "brand": "Johnson", "salesRankCategory": "Musical Instruments", "salesRank": 30297}, {"asin": "B00G005RLG", "name": "Gold Tone GT-Series M-Bass/FL 4-String Acoustic MicroBass Fretless for Electric Bass Guitar - Natural", "imUrl": "http://ecx.images-amazon.com/images/I/41j3-nAD8TL._SY300_.jpg", "price": 393.75, "numReviews": 5, "groups": [2], "averageRating": 4.6, "brand": "Gold Tone", "salesRankCategory": "Musical Instruments", "salesRank": 17034}, {"asin": "B004TBAHYU", "name": "5-String Electric Bass Guitar - Metallic Red", "imUrl": "http://ecx.images-amazon.com/images/I/41eCCjUfOZL._SY300_.jpg", "price": 189.0, "numReviews": 2, "groups": [66], "averageRating": 4.5, "salesRankCategory": "Musical Instruments", "salesRank": 75380}, {"asin": "B0002KWVXW", "name": "Washburn Taurus Series Basses (5 String, Mahogany)", "imUrl": "http://ecx.images-amazon.com/images/I/31ipuG1HgBL._SY300_.jpg", "price": 499.0, "numReviews": 2, "groups": [67], "averageRating": 5.0, "brand": "Washburn", "salesRankCategory": "Musical Instruments", "salesRank": 46861}, {"asin": "B001R2TRFE", "name": "Peavey Millennium 4 String Electric Bass, Transparent Tiger Eye", "imUrl": "http://ecx.images-amazon.com/images/I/31SgvK7zlAL._SX300_.jpg", "price": 299.99, "numReviews": 4, "groups": [68], "averageRating": 4.75, "brand": "Peavey", "salesRankCategory": "Musical Instruments", "salesRank": 6695}, {"asin": "B001R2MJ2W", "name": "Ibanez GSRM20 Mikro Short-Scale Bass Guitar Pearl White", "imUrl": "http://ecx.images-amazon.com/images/I/41kLYCaPQNL._SY300_.jpg", "price": 179.95, "numReviews": 2, "groups": [69], "averageRating": 4.5, "brand": "Ibanez", "salesRankCategory": "Musical Instruments", "salesRank": 36112}, {"asin": "B0030YB930", "name": "B.C. Rich Warlock One Electric Bass Guitar Black with Widow Headstock (Black with Widow Headstock)", "imUrl": "http://ecx.images-amazon.com/images/I/31iG237XC1L._SX300_.jpg", "price": 299.99, "numReviews": 2, "groups": [70], "averageRating": 3.0, "salesRankCategory": "Musical Instruments", "salesRank": 135027}, {"asin": "B0002CZU9C", "name": "Epiphone Thunderbird IV Electric Bass Guitar, 4-Strings, Reverse Body, Vintage Sunburst", "imUrl": "http://ecx.images-amazon.com/images/I/31Ft0bEZs0L._SY300_.jpg", "price": 299.0, "numReviews": 9, "groups": [6], "averageRating": 4.111111111111111, "brand": "Epiphone", "salesRankCategory": "Musical Instruments", "salesRank": 19818}, {"asin": "B0002FOQ6C", "name": "Jay Turser Jtb2b Violin Bass Sunburst", "imUrl": "http://ecx.images-amazon.com/images/I/31JFX0ZJVML._SY300_.jpg", "price": 299.0, "numReviews": 6, "groups": [71], "averageRating": 4.666666666666667, "salesRankCategory": "Musical Instruments", "salesRank": 96001}, {"asin": "B00AL4GHDO", "name": "5 String Electric Bass Guitar Blue with Gig Bag Case", "imUrl": "http://ecx.images-amazon.com/images/I/31eXjL2vxoL._SY300_.jpg", "price": 129.95, "numReviews": 1, "groups": [72], "averageRating": 3.0, "salesRankCategory": "Musical Instruments", "salesRank": 106016}, {"asin": "B003EUGAMU", "name": "Fender BG-31 Bass, Metallic Black", "imUrl": "http://ecx.images-amazon.com/images/I/31nEqahM7UL._SY300_.jpg", "price": 169.99, "numReviews": 2, "groups": [73], "averageRating": 4.5, "salesRankCategory": "Musical Instruments", "salesRank": 111275}, {"asin": "B00AZUD7JG", "name": "Sterling by Music Man S.U.B. Ray4 Electric Bass Honeyburst Satin", "imUrl": "http://ecx.images-amazon.com/images/I/41q34fZ-C8L._SY300_.jpg", "price": 299.99, "numReviews": 1, "groups": [74], "averageRating": 5.0, "brand": "Sterling by Music Man", "salesRankCategory": "Musical Instruments", "salesRank": 81561}, {"asin": "B004ACJCL2", "name": "Ibanez Soundgear GSR100EX Bass Guitar - Black", "imUrl": "http://ecx.images-amazon.com/images/I/41MQFdLhHKL._SY300_.jpg", "price": 179.99, "numReviews": 1, "groups": [75], "averageRating": 5.0, "brand": "Ibanez", "salesRankCategory": "Musical Instruments", "salesRank": 103137}, {"asin": "B00DWVB8AA", "name": "Squier by Fender Vintage Modified Jazz Bass, LH, 3-Tone Sunburst", "imUrl": "http://ecx.images-amazon.com/images/I/31t9c5okd%2BL._SY300_.jpg", "price": 299.99, "numReviews": 1, "groups": [76], "averageRating": 5.0, "brand": "Fender", "salesRankCategory": "Musical Instruments", "salesRank": 77460}, {"asin": "B00H4FY8KC", "name": "Crescent AEB-NR Acoustic Electric Bass Guitar Kit, Natural Color (Built-in Equalizer and Crescent Digital E-Tuner Included)", "imUrl": "http://ecx.images-amazon.com/images/I/41NjSjmwrHL._SY300_.jpg", "price": 89.07, "numReviews": 4, "groups": [77], "averageRating": 2.75, "salesRankCategory": "Musical Instruments", "salesRank": 59438}, {"asin": "B00AM7JCVO", "name": "Black Electric Bass Guitar Full Size with Gig Bag Case", "imUrl": "http://ecx.images-amazon.com/images/I/31k06zvgdBL._SY300_.jpg", "price": 119.95, "numReviews": 1, "groups": [78], "averageRating": 5.0, "salesRankCategory": "Musical Instruments", "salesRank": 112718}, {"asin": "B003UNC8RM", "name": "Fender Geddy Lee Jazz Bass\u00ae, 3 Tone Sunburst, Maple Fretboard", "imUrl": "http://ecx.images-amazon.com/images/I/31QtGZcHuoL._SY300_.jpg", "price": 899.99, "numReviews": 1, "groups": [79], "averageRating": 5.0, "salesRankCategory": "Musical Instruments", "salesRank": 133544}, {"asin": "B005FM2CCW", "name": "Squier by Fender Deluxe Jazz Electric Bass Guitar V Active (5 String), Ebonol Fretboard with Gear Guardian Extended Warranty - 3-Color Sunburst", "imUrl": "http://ecx.images-amazon.com/images/I/41jIuxOxd6L._SY300_.jpg", "price": 329.99, "numReviews": 1, "groups": [80], "averageRating": 4.0, "salesRankCategory": "Musical Instruments", "salesRank": 48249}, {"asin": "B001RIZ2V6", "name": "Schecter Stiletto Extreme-4 Bass Guitar (4 String, See-Thru Black)", "imUrl": "http://ecx.images-amazon.com/images/I/31BlYzWiZ9L._SY300_.jpg", "price": 399.0, "numReviews": 4, "groups": [81], "averageRating": 4.5, "brand": "Schecter", "salesRankCategory": "Musical Instruments", "salesRank": 147108}, {"asin": "B009ECE8AI", "name": "Sterling by Music Man S.U.B. Ray4 Bass Guitar White", "imUrl": "http://ecx.images-amazon.com/images/I/31TK%2Bg9P6EL._SY300_.jpg", "price": 299.99, "numReviews": 1, "groups": [82], "averageRating": 5.0, "brand": "Sterling by Music Man", "salesRankCategory": "Musical Instruments", "salesRank": 74405}, {"asin": "B001QVD55E", "name": "Ibanez Gio GSR206 6-String Bass Guitar Black", "imUrl": "http://ecx.images-amazon.com/images/I/410EqjfusnL._SY300_.jpg", "price": 299.99, "numReviews": 3, "groups": [83], "averageRating": 4.0, "brand": "Ibanez", "salesRankCategory": "Musical Instruments", "salesRank": 46834}, {"asin": "B000RJ4O92", "name": "Dean V Metalman Bass, 2A", "imUrl": "http://ecx.images-amazon.com/images/I/31VQ6wCncXL._SY300_.jpg", "price": 286.96, "numReviews": 1, "groups": [84], "averageRating": 2.0, "salesRankCategory": "Musical Instruments", "salesRank": 89998}, {"asin": "B0038BRRCW", "name": "Dean Edge 10A PJ Electric Bass Guitar with Active EQ - Classic Black", "imUrl": "http://ecx.images-amazon.com/images/I/31Ij2ZKpazL._SY300_.jpg", "price": 195.77, "numReviews": 12, "groups": [85], "averageRating": 4.166666666666667, "salesRankCategory": "Musical Instruments", "salesRank": 39598}, {"asin": "B000WB9Q34", "name": "Dean Guitars E10A CBK 4-String Bass Guitar", "imUrl": "http://ecx.images-amazon.com/images/I/318cnxOWAyL._SY300_.jpg", "price": 259.0, "numReviews": 1, "groups": [86], "averageRating": 5.0, "brand": "Dean Guitars", "salesRankCategory": "Musical Instruments", "salesRank": 83489}, {"asin": "B004L5XFJI", "name": "Ibanez AEB10E Acoustic-Electric Bass Guitar with Onboard Tuner Gloss Black", "imUrl": "http://ecx.images-amazon.com/images/I/31ZhzA35NCL._SY300_.jpg", "price": 119.99, "numReviews": 4, "groups": [87], "averageRating": 4.75, "salesRankCategory": "Musical Instruments", "salesRank": 94619}, {"asin": "B0064RPRHY", "name": "Rogue LX205B 5-String Series III Electric Bass Guitar Metallic Blue", "imUrl": "http://ecx.images-amazon.com/images/I/41G8qMYasBL._SY300_.jpg", "price": 149.99, "numReviews": 4, "groups": [88], "averageRating": 4.5, "brand": "Rogue", "salesRankCategory": "Musical Instruments", "salesRank": 51122}, {"asin": "B00DDV8F00", "name": "Crescent Electric Bass Guitar Starter Kit - Sunburst Color (Includes Amp & CrescentTM Digital E-Tuner)", "imUrl": "http://ecx.images-amazon.com/images/I/51WTdJSP0hL._SY300_.jpg", "price": 99.99, "numReviews": 1, "groups": [89], "averageRating": 5.0, "salesRankCategory": "Musical Instruments", "salesRank": 60232}, {"asin": "B003HUWCLA", "name": "Electric Acoustic Bass Guitar Blue Solid Wood Construction With Equalizer", "imUrl": "http://ecx.images-amazon.com/images/I/31LGzaiWmPL._SY300_.jpg", "price": 74.95, "numReviews": 69, "groups": [90], "averageRating": 3.9130434782608696, "salesRankCategory": "Musical Instruments", "salesRank": 912}, {"asin": "B005QOQ9Z0", "name": "ELECTRIC BASS GUITAR - BLUE - Small Scale 36\" Inch Childrens Mini Kids NEW", "imUrl": "http://ecx.images-amazon.com/images/I/31ZWxl-cAQL._SY300_.jpg", "price": 81.99, "numReviews": 5, "groups": [43], "averageRating": 3.8, "salesRankCategory": "Musical Instruments", "salesRank": 34789}, {"asin": "B006SXB408", "name": "Fender Kingman SCE Dreadnought Cutaway Acoustic-Electric Bass - Natural", "imUrl": "http://ecx.images-amazon.com/images/I/31zPlyGSgaL._SY300_.jpg", "price": 529.99, "numReviews": 3, "groups": [91], "averageRating": 5.0, "brand": "Fender", "salesRankCategory": "Musical Instruments", "salesRank": 45901}, {"asin": "B0064RPZD0", "name": "Rogue LX200BF Fretless Series III Electric Bass Guitar Pearl Black", "imUrl": "http://ecx.images-amazon.com/images/I/31Pl%2B-MJhtL._SY300_.jpg", "price": 119.99, "numReviews": 2, "groups": [92], "averageRating": 2.5, "brand": "Rogue", "salesRankCategory": "Musical Instruments", "salesRank": 92019}, {"asin": "B0044EBHKU", "name": "Kona Guitars KE5BN Bass 5-String Electric Guitar with Split Pickup Configuration", "imUrl": "http://ecx.images-amazon.com/images/I/41-Vw-MUNrL._SX300_.jpg", "price": 177.0, "numReviews": 5, "groups": [93], "averageRating": 3.8, "brand": "Kona Guitars", "salesRankCategory": "Musical Instruments", "salesRank": 11295}, {"asin": "B0094EJRF2", "name": "Sterling by Music Man S.U.B. Ray4 Bass Guitar Walnut Satin", "imUrl": "http://ecx.images-amazon.com/images/I/41-b5l4fv%2BL._SY300_.jpg", "price": 299.99, "numReviews": 2, "groups": [94], "averageRating": 4.5, "brand": "Sterling by Music Man", "salesRankCategory": "Musical Instruments", "salesRank": 73417}, {"asin": "B001FW5FVG", "name": "Dean Custom Zone Bass, Flourecent Pink", "imUrl": "http://ecx.images-amazon.com/images/I/31jR51OIhbL._SY300_.jpg", "price": 199.0, "numReviews": 3, "groups": [95], "averageRating": 4.333333333333333, "salesRankCategory": "Musical Instruments", "salesRank": 63625}, {"asin": "B003GWQJUE", "name": "Full Size Electric Bass Guitar Starter Beginner Pack with Amp Case Strap Black Package", "imUrl": "http://ecx.images-amazon.com/images/I/41oN12D-BKL._SY300_.jpg", "price": 119.95, "numReviews": 85, "groups": [96], "averageRating": 4.6, "salesRankCategory": "Musical Instruments", "salesRank": 1171}, {"asin": "B0011YOW58", "name": "SX Ursa 2 PK RN Black Bass Guitar Package w/Amp, Carry Bag and Instructional DVD", "imUrl": "http://ecx.images-amazon.com/images/I/41EzxEJ7tfL._SY300_.jpg", "price": 119.95, "numReviews": 1, "groups": [97], "averageRating": 4.0, "salesRankCategory": "Musical Instruments", "salesRank": 113018}, {"asin": "B0043E9DMK", "name": "Maxam 43 inch Electric Bass Guitar", "imUrl": "http://ecx.images-amazon.com/images/I/41VkLza9D0L._SY300_.jpg", "price": 118.54, "numReviews": 13, "groups": [98], "averageRating": 4.384615384615385, "brand": "Maxam", "salesRankCategory": "Musical Instruments", "salesRank": 32426}, {"asin": "B00BSXH2B8", "name": "Crescent Electric Bass Guitar Starter Kit - White Color (Includes CrescentTM Digital E-Tuner)", "imUrl": "http://ecx.images-amazon.com/images/I/41Jrv09wJsL._SY300_.jpg", "price": 69.95, "numReviews": 4, "groups": [99], "averageRating": 3.25, "salesRankCategory": "Musical Instruments", "salesRank": 50444}, {"asin": "B00DGXZG3Y", "name": "Crescent Electric Bass Guitar Starter Kit - White Color (Includes Amp & CrescentTM Digital E-Tuner)", "imUrl": "http://ecx.images-amazon.com/images/I/41SC8%2BEwHwL._SY300_.jpg", "price": 129.0, "numReviews": 12, "groups": [100], "averageRating": 3.6666666666666665, "salesRankCategory": "Musical Instruments", "salesRank": 24901}, {"asin": "B004MMTIEQ", "name": "Ibanez GSRM20 Mikro Short-Scale Bass Guitar Metallic Purple", "imUrl": "http://ecx.images-amazon.com/images/I/41LcdUlNZKL._SY300_.jpg", "price": 179.99, "numReviews": 2, "groups": [101], "averageRating": 5.0, "brand": "Ibanez", "salesRankCategory": "Musical Instruments", "salesRank": 11728}, {"asin": "B00524EZF0", "name": "Traveler Guitar TB-4P Electric Travel Bass with Gig Bag (Sunburst)", "imUrl": "http://ecx.images-amazon.com/images/I/31z6gyPj2hL._SY300_.jpg", "price": 499.0, "numReviews": 2, "groups": [102], "averageRating": 5.0, "brand": "Traveler Guitar", "salesRankCategory": "Musical Instruments", "salesRank": 63171}, {"asin": "B001RIZ2O8", "name": "Schecter Omen Extreme-4 Bass Guitar (Black Cherry)", "imUrl": "http://ecx.images-amazon.com/images/I/31xSaJarc6L._SY300_.jpg", "price": 399.0, "numReviews": 1, "groups": [103], "averageRating": 5.0, "brand": "Schecter", "salesRankCategory": "Musical Instruments", "salesRank": 75215}, {"asin": "B0058TYZSG", "name": "Fender Blacktop Precision Bass\u00ae, White Chrome Pearl, Rosewood Fretboard", "imUrl": "http://ecx.images-amazon.com/images/I/311uSDIb3fL._SY300_.jpg", "price": 499.99, "numReviews": 5, "groups": [104], "averageRating": 4.0, "brand": "Fender", "salesRankCategory": "Musical Instruments", "salesRank": 23112}, {"asin": "B001L8IKGQ", "name": "Squier by Fender Deluxe Active Jazz Bass V String, 3 Tone Sunburst", "imUrl": "http://ecx.images-amazon.com/images/I/31zkaz2SbpL._SY300_.jpg", "price": 329.99, "numReviews": 3, "groups": [105], "averageRating": 4.666666666666667, "brand": "Fender", "salesRankCategory": "Musical Instruments", "salesRank": 35399}, {"asin": "B00563E76O", "name": "Dean Guitars E10APJ-CBK Edge 10A PJ Classic Black Electric Bass with Cable, Pick Sampler, Stand Bass Bag", "imUrl": "http://ecx.images-amazon.com/images/I/51S%2B445geHL._SY300_.jpg", "price": 222.27, "numReviews": 1, "groups": [106], "averageRating": 4.0, "brand": "Dean Guitars", "salesRankCategory": "Musical Instruments", "salesRank": 77001}, {"asin": "B004PJLSBC", "name": "Dean Guitars Exotica Quilt Ash A/E Bass TBL 4-Strings Acoustic-Electric Bass Guitar with Aphex", "imUrl": "http://ecx.images-amazon.com/images/I/313xUF1V-JL._SY300_.jpg", "price": 399.0, "numReviews": 2, "groups": [107], "averageRating": 3.0, "brand": "Dean Guitars", "salesRankCategory": "Musical Instruments", "salesRank": 64836}, {"asin": "B004X4Y230", "name": "Saga JB-10 J-Style Bass Kit", "imUrl": "http://ecx.images-amazon.com/images/I/31-Oygay4sL._SY300_.jpg", "price": 179.16, "numReviews": 9, "groups": [108], "averageRating": 4.0, "salesRankCategory": "Musical Instruments", "salesRank": 66892}, {"asin": "B00987CF9A", "name": "Ibanez GSRM25 Mikro Bass - Black", "imUrl": "http://ecx.images-amazon.com/images/I/41meuWbBGDL._SY300_.jpg", "price": 199.99, "numReviews": 1, "groups": [109], "averageRating": 5.0, "brand": "Ibanez", "salesRankCategory": "Musical Instruments", "salesRank": 62854}, {"asin": "B0002IF0VE", "name": "Steinberger Spirit XT-2 Standard Bass Guitar Black", "imUrl": "http://ecx.images-amazon.com/images/I/31NF4jL3lBL._SY300_.jpg", "price": 399.0, "numReviews": 5, "groups": [110], "averageRating": 4.4, "brand": "Steinberger", "salesRankCategory": "Musical Instruments", "salesRank": 46510}, {"asin": "B001FW3A5E", "name": "Dean ML Metalman Bass", "imUrl": "http://ecx.images-amazon.com/images/I/31p0DNgWrZL._SY300_.jpg", "price": 199.0, "numReviews": 1, "groups": [111], "averageRating": 5.0, "salesRankCategory": "Musical Instruments", "salesRank": 74106}, {"asin": "B000GAQP8U", "name": "Fender Active Jazz Electric Bass Guitar V (Five String), Rosewood Fretboard, 4-Ply Brown Shell Pickguard - Candy Apple Red", "imUrl": "http://ecx.images-amazon.com/images/I/314ExSIS1zL._SY300_.jpg", "price": 799.95, "numReviews": 1, "groups": [112], "averageRating": 5.0, "brand": "Fender", "salesRankCategory": "Musical Instruments", "salesRank": 90582}, {"asin": "B00DGX9WGQ", "name": "Crescent Electric Bass Guitar Starter Kit - Blue Chrome Metallic Color (Includes Amp & CrescentTM Digital E-Tuner)", "imUrl": "http://ecx.images-amazon.com/images/I/51vsRob5BeL._SY300_.jpg", "price": 99.99, "numReviews": 7, "groups": [113], "averageRating": 3.142857142857143, "salesRankCategory": "Musical Instruments", "salesRank": 29920}, {"asin": "B003M76KU2", "name": "Crescent Electric Bass Guitar Blueburst Starter Kit", "imUrl": "http://ecx.images-amazon.com/images/I/41bnUeKFz2L._SY300_.jpg", "price": 122.91, "numReviews": 1, "groups": [114], "averageRating": 3.0, "brand": "Crescent", "salesRankCategory": "Musical Instruments", "salesRank": 116964}, {"asin": "B003S3RXTW", "name": "Hofner Icon Series Beatle Bass Sunburst", "imUrl": "http://ecx.images-amazon.com/images/I/31tbzNkub8L._SY300_.jpg", "price": 459.0, "numReviews": 9, "groups": [115], "averageRating": 4.111111111111111, "salesRankCategory": "Musical Instruments", "salesRank": 61952}, {"asin": "B001BFR7EK", "name": "Dean Acoustic-Electric Bass Fretless Satin Finish", "imUrl": "http://ecx.images-amazon.com/images/I/31vOHbcUy8L._SY300_.jpg", "price": 195.77, "numReviews": 18, "groups": [116], "averageRating": 4.055555555555555, "salesRankCategory": "Musical Instruments", "salesRank": 11450}, {"asin": "B0011YKW02", "name": "Ursa 2 PK RN 3TS Sunburst Bass Guitar Package w/Amp, Carry Bag and Instructional DVD", "imUrl": "http://ecx.images-amazon.com/images/I/515hntzEu6L._SY300_.jpg", "price": 14.99, "numReviews": 6, "groups": [117], "averageRating": 4.666666666666667, "salesRankCategory": "Musical Instruments", "salesRank": 83230}, {"asin": "B004PJIAD6", "name": "Dean Guitars Hillsboro Junior 3/4 - Classic Black 4-Strings Bass Guitar", "imUrl": "http://ecx.images-amazon.com/images/I/31CWSuBAe2L._SY300_.jpg", "price": 149.0, "numReviews": 1, "groups": [13], "averageRating": 4.0, "brand": "Dean Guitars", "salesRankCategory": "Musical Instruments", "salesRank": 12272}, {"asin": "B000K6B44U", "name": "Dean Custom Zone Bass, Nuclear Green", "imUrl": "http://ecx.images-amazon.com/images/I/31dpU%2BMApUL._SY300_.jpg", "price": 199.0, "numReviews": 25, "groups": [118], "averageRating": 4.48, "salesRankCategory": "Musical Instruments", "salesRank": 2539}, {"asin": "B000WBBJHA", "name": "Dean Edge 09 Bass, 5 String, Classic Black", "imUrl": "http://ecx.images-amazon.com/images/I/31sI08GcHiL._SY300_.jpg", "price": 159.99, "numReviews": 5, "groups": [119], "averageRating": 4.8, "salesRankCategory": "Musical Instruments", "salesRank": 39189}, {"asin": "B003JJDN9O", "name": "Ibanez AEB5E Acoustic-Electric Bass Black", "imUrl": "http://ecx.images-amazon.com/images/I/41ZVBDq4M6L._SY300_.jpg", "price": 199.99, "numReviews": 9, "groups": [30], "averageRating": 4.444444444444445, "brand": "Ibanez", "salesRankCategory": "Musical Instruments", "salesRank": 11184}, {"asin": "B0002GZXYK", "name": "Squier by Fender Affinity P Bass, Metallic Red", "imUrl": "http://ecx.images-amazon.com/images/I/313WjIrmCEL._SY300_.jpg", "price": 14.99, "numReviews": 1, "groups": [120], "averageRating": 4.0, "salesRankCategory": "Musical Instruments", "salesRank": 73118}, {"asin": "B0002CZU9W", "name": "Epiphone Viola Electric Bass Guitar, Vintage Sunburst", "imUrl": "http://ecx.images-amazon.com/images/I/31TUKjyMPVL._SY300_.jpg", "price": 282.35, "numReviews": 17, "groups": [121], "averageRating": 4.705882352941177, "brand": "Epiphone", "salesRankCategory": "Musical Instruments", "salesRank": 13408}, {"asin": "B004MMO61G", "name": "Ibanez GSRM20 Mikro Short-Scale Bass Guitar Starlight Blue", "imUrl": "http://ecx.images-amazon.com/images/I/41oVTtCnDLL._SY300_.jpg", "price": 179.99, "numReviews": 2, "groups": [122], "averageRating": 5.0, "brand": "Ibanez", "salesRankCategory": "Musical Instruments", "salesRank": 52992}, {"asin": "B00H4FL9NG", "name": "Crescent AEB-BU Acoustic Electric Bass Guitar Kit, Blue Color (Built-in Equalizer and Crescent Digital E-Tuner Included)", "imUrl": "http://ecx.images-amazon.com/images/I/41818qhdLUL._SY300_.jpg", "price": 169.99, "numReviews": 2, "groups": [123], "averageRating": 4.0, "salesRankCategory": "Musical Instruments", "salesRank": 61708}, {"asin": "B0002DV88I", "name": "Ibanez GSR205 5-String Bass Black", "imUrl": "http://ecx.images-amazon.com/images/I/41mP66U0%2BSL._SY300_.jpg", "price": 249.99, "numReviews": 2, "groups": [124], "averageRating": 5.0, "brand": "Ibanez", "salesRankCategory": "Musical Instruments", "salesRank": 36641}, {"asin": "B007X0OCEU", "name": "Hofner HCT-SHB-BK-O Shorty Electric Travel Bass Guitar with Gig Bag, Black", "imUrl": "http://ecx.images-amazon.com/images/I/31ncqP6t%2BoL._SX300_.jpg", "price": 249.99, "numReviews": 3, "groups": [125], "averageRating": 4.666666666666667, "brand": "Hofner", "salesRankCategory": "Musical Instruments", "salesRank": 45295}, {"asin": "B000GAP0JU", "name": "Fender Deluxe Active P Electric Bass Guitar Special, Rosewood Fretboard, 1-Ply Beveled Gold Vinyl Pickguard - Black", "imUrl": "http://ecx.images-amazon.com/images/I/31DGrG9bJ6L._SY300_.jpg", "price": 699.99, "numReviews": 1, "groups": [126], "averageRating": 5.0, "brand": "Fender", "salesRankCategory": "Musical Instruments", "salesRank": 89192}, {"asin": "B000N4YTVY", "name": "Gator GBE-BASS Bass Guitar Bag", "imUrl": "http://ecx.images-amazon.com/images/I/31ygkA6QM4L._SY300_.jpg", "price": 24.99, "numReviews": 11, "groups": [127], "averageRating": 4.0, "brand": "Gator", "salesRankCategory": "Musical Instruments", "salesRank": 7986}, {"asin": "B0064RPQFC", "name": "Rogue LX205B 5-String Series III Electric Bass Guitar Candy Apple Red", "imUrl": "http://ecx.images-amazon.com/images/I/41gzSlKy5zL._SY300_.jpg", "price": 129.99, "numReviews": 1, "groups": [88], "averageRating": 5.0, "brand": "Rogue", "salesRankCategory": "Musical Instruments", "salesRank": 41733}, {"asin": "B003OVL82G", "name": "Fender Squier\u00ae Affinity Precision Bass\u00ae, Brown Sunburst, Rosewood Fretboard", "imUrl": "http://ecx.images-amazon.com/images/I/31StxesGLjL._SY300_.jpg", "price": 179.99, "numReviews": 1, "groups": [128], "averageRating": 4.0, "brand": "Squier", "salesRankCategory": "Musical Instruments", "salesRank": 45512}, {"asin": "B009K2T4H4", "name": "Legacy Solid Body Electric Bass Guitar, Sunburst", "imUrl": "http://ecx.images-amazon.com/images/I/31KZKXX61yL._SY300_.jpg", "price": 69.95, "numReviews": 28, "groups": [129], "averageRating": 4.75, "salesRankCategory": "Musical Instruments", "salesRank": 36124}, {"asin": "B000GAMZK2", "name": "Fender Deluxe Active P Bass\u00ae Special, Navy Blue Metallic, Rosewood Fretboard", "imUrl": "http://ecx.images-amazon.com/images/I/31JMLCa%2BiEL._SY300_.jpg", "price": 699.95, "numReviews": 1, "groups": [130], "averageRating": 4.0, "brand": "Fender", "salesRankCategory": "Musical Instruments", "salesRank": 23619}, {"asin": "B001IJF4AI", "name": "Ursa 1 JR RN PK WT White Bass Guitar Package w/Amp Bag, Strap and Instructional DVD", "imUrl": "http://ecx.images-amazon.com/images/I/41aGLVaTYEL._SY300_.jpg", "price": 119.95, "numReviews": 1, "groups": [131], "averageRating": 4.0, "salesRankCategory": "Musical Instruments", "salesRank": 100968}, {"asin": "B00AZ513MY", "name": "Crescent Electric Bass Guitar Starter Kit - Translucent Green Color (Includes CrescentTM Digital E-Tuner)", "imUrl": "http://ecx.images-amazon.com/images/I/41SrF8iOM3L._SY300_.jpg", "price": 89.99, "numReviews": 7, "groups": [132], "averageRating": 4.0, "salesRankCategory": "Musical Instruments", "salesRank": 47418}, {"asin": "B00B4WN6QI", "name": "Ibanez SR305 5-string Bass - Root Beer Metallic", "imUrl": "http://ecx.images-amazon.com/images/I/414a94VKH6L._SY300_.jpg", "price": 399.99, "numReviews": 2, "groups": [133], "averageRating": 5.0, "brand": "Ibanez", "salesRankCategory": "Musical Instruments", "salesRank": 47006}, {"asin": "B00AZ57KZI", "name": "Alston Guitars - DIY Electric Bass Guitar Kit | Bolt-On | Solid Mahogany Body & Neck", "imUrl": "http://ecx.images-amazon.com/images/I/51zaOS1lttL._SY300_.jpg", "price": 185.93, "numReviews": 6, "groups": [44], "averageRating": 4.5, "salesRankCategory": "Musical Instruments", "salesRank": 41997}, {"asin": "B0002PZF6C", "name": "Dean Edge 09L Left Handed Electric Bass Guitar - (Black)", "imUrl": "http://ecx.images-amazon.com/images/I/31xhShF1DbL._SY300_.jpg", "price": 149.95, "numReviews": 2, "groups": [134], "averageRating": 5.0, "brand": "Dean", "salesRankCategory": "Musical Instruments", "salesRank": 101569}, {"asin": "B00B123WV0", "name": "Crescent Electric Bass Guitar Starter Kit - Zebra Print Color (Includes CrescentTM Digital Tuner)", "imUrl": "http://ecx.images-amazon.com/images/I/410MzgzWv8L._SY300_.jpg", "price": 69.95, "numReviews": 5, "groups": [135], "averageRating": 3.4, "salesRankCategory": "Musical Instruments", "salesRank": 57704}, {"asin": "B000BUBF6M", "name": "World Tour BG20D Deluxe 20mm Bass Guitar Gig Bag", "imUrl": "http://ecx.images-amazon.com/images/I/31TRN7YGJHL._SY300_.jpg", "price": 29.95, "numReviews": 101, "groups": [136], "averageRating": 4.5049504950495045, "brand": "World Tour", "salesRankCategory": "Musical Instruments", "salesRank": 1171}, {"asin": "B0007PRNFI", "name": "Barcelona Beginner Series Electric Bass Guitar with Gig Bag, Instrument Cable, Strap, Picks, and Polishing Cloth - Black", "imUrl": "http://ecx.images-amazon.com/images/I/41rAY8-Hl1L._SY300_.jpg", "price": 69.95, "numReviews": 26, "groups": [137], "averageRating": 3.8076923076923075, "salesRankCategory": "Musical Instruments", "salesRank": 52352}, {"asin": "B000X1M1SK", "name": "Epiphone Nikki Sixx Signature Blackbird Bass Guitar, Pitch Black Satin", "imUrl": "http://ecx.images-amazon.com/images/I/315M0PNUAcL._SX300_.jpg", "price": 5.99, "numReviews": 4, "groups": [138], "averageRating": 4.25, "salesRankCategory": "Musical Instruments", "salesRank": 73744}, {"asin": "B001OI6GRI", "name": "Fender FSR Standard J Bass Natural Ash Rosewood Fretboard", "imUrl": "http://ecx.images-amazon.com/images/I/41xHFWREZTL._SY300_.jpg", "price": 499.99, "numReviews": 5, "groups": [139], "averageRating": 4.8, "brand": "Fender", "salesRankCategory": "Musical Instruments", "salesRank": 37430}, {"asin": "B005AIVKCY", "name": "Fender Blacktop Precision Electric Bass Guitar, Rosewood Fretboard - Black", "imUrl": "http://ecx.images-amazon.com/images/I/31rSoIlIhiL._SY300_.jpg", "price": 499.99, "numReviews": 6, "groups": [140], "averageRating": 5.0, "brand": "Fender", "salesRankCategory": "Musical Instruments", "salesRank": 21712}, {"asin": "B000UAPH5I", "name": "Hofner Icon Series Beatle Bass Guitar - Sunburst", "imUrl": "http://ecx.images-amazon.com/images/I/31vBz1HLOvL._SY300_.jpg", "price": 459.0, "numReviews": 8, "groups": [141], "averageRating": 4.5, "salesRankCategory": "Musical Instruments", "salesRank": 71867}, {"asin": "B000WZ7FT2", "name": "Gator Bass Guitar Lightweight Case (GL-BASS)", "imUrl": "http://ecx.images-amazon.com/images/I/31Z9KxqCezL._SY300_.jpg", "price": 79.99, "numReviews": 15, "groups": [142], "averageRating": 4.866666666666666, "brand": "Gator", "salesRankCategory": "Musical Instruments", "salesRank": 16208}, {"asin": "B00432K5BK", "name": "Squier by Fender Vintage Modified Precision Bass Maple, Amber", "imUrl": "http://ecx.images-amazon.com/images/I/31V8h3IBXNL._SY300_.jpg", "price": 284.24, "numReviews": 13, "groups": [143], "averageRating": 4.846153846153846, "salesRankCategory": "Musical Instruments", "salesRank": 23419}, {"asin": "B003M76KNY", "name": "ELECTRIC BASS GUITAR SUNBURST", "imUrl": "http://ecx.images-amazon.com/images/I/31iEqz-mJVL._SY300_.jpg", "price": 69.95, "numReviews": 97, "groups": [46, 96], "averageRating": 4.195876288659794, "salesRankCategory": "Musical Instruments", "salesRank": 3127}, {"asin": "B000GAQPOO", "name": "Fender Geddy Lee Jazz Bass\u00ae, Black, Maple Fretboard", "imUrl": "http://ecx.images-amazon.com/images/I/31MGzkZ3NsL._SY300_.jpg", "price": 999.0, "numReviews": 5, "groups": [144], "averageRating": 5.0, "salesRankCategory": "Musical Instruments", "salesRank": 94624}, {"asin": "B0002F7920", "name": "Yamaha RBX374 4 String Electric Bass Guitar, Red Metallic", "imUrl": "http://ecx.images-amazon.com/images/I/31UrnrPzj7L._SY300_.jpg", "price": 299.99, "numReviews": 1, "groups": [145], "averageRating": 3.0, "brand": "Yamaha", "salesRankCategory": "Musical Instruments", "salesRank": 83564}, {"asin": "B0011YKRQ6", "name": "Ursa 1 RN PK 3TS 3 Tones Bass Guitar Pack w/BA1565 AMP, Instructional DVD and Carry Bag", "imUrl": "http://ecx.images-amazon.com/images/I/41FFs6BcOZL._SY300_.jpg", "price": 119.95, "numReviews": 5, "groups": [146], "averageRating": 5.0, "salesRankCategory": "Musical Instruments", "salesRank": 49845}, {"asin": "B0002F75NS", "name": "Squier by Fender Affinity P Electric Bass Guitar, Rosewood Fretboard - Black", "imUrl": "http://ecx.images-amazon.com/images/I/31jVNdho%2BlL._SY300_.jpg", "price": 179.99, "numReviews": 16, "groups": [147], "averageRating": 4.3125, "brand": "Fender", "salesRankCategory": "Musical Instruments", "salesRank": 30074}, {"asin": "B001L8PKDC", "name": "Squier by Fender Vintage Modified Jazz Bass Fretless, 3 Tone Sunburst", "imUrl": "http://ecx.images-amazon.com/images/I/31TvhkF9-SL._SY300_.jpg", "price": 299.99, "numReviews": 13, "groups": [57], "averageRating": 4.615384615384615, "salesRankCategory": "Musical Instruments", "salesRank": 43990}, {"asin": "B0035HAQ36", "name": "Squier by Fender Deluxe Active Jazz Bass IV String, 3 Tone Sunburst", "imUrl": "http://ecx.images-amazon.com/images/I/318pzxwnDdL._SY300_.jpg", "price": 299.99, "numReviews": 3, "groups": [148], "averageRating": 4.666666666666667, "brand": "Fender", "salesRankCategory": "Musical Instruments", "salesRank": 61882}, {"asin": "B009G9BKXM", "name": "Sterling by Music Man S.U.B. SB4 Bass Guitar Black", "imUrl": "http://ecx.images-amazon.com/images/I/417XHL-0S6L._SY300_.jpg", "price": 16.89, "numReviews": 2, "groups": [149], "averageRating": 5.0, "salesRankCategory": "Musical Instruments", "salesRank": 87921}, {"asin": "B0002CZZNI", "name": "Dean EAB Acoustic-Electric Bass Guitar - Natural", "imUrl": "http://ecx.images-amazon.com/images/I/313i23yAGEL._SY300_.jpg", "price": 179.99, "numReviews": 46, "groups": [31], "averageRating": 4.0, "salesRankCategory": "Musical Instruments", "salesRank": 11294}, {"asin": "B009P15LMW", "name": "Schecter C-5 BASS SGR 5-string bass, Black", "imUrl": "http://ecx.images-amazon.com/images/I/31SdQmxLygL._SY300_.jpg", "price": 229.0, "numReviews": 4, "groups": [150], "averageRating": 4.0, "salesRankCategory": "Musical Instruments", "salesRank": 63684}, {"asin": "B000K6B1IY", "name": "Dean Z Metalman Bass", "imUrl": "http://ecx.images-amazon.com/images/I/31JQA%2B4glzL._SY300_.jpg", "price": 199.0, "numReviews": 2, "groups": [151], "averageRating": 4.5, "salesRankCategory": "Musical Instruments", "salesRank": 69723}, {"asin": "B0064RQ14M", "name": "Rogue LX200BF Fretless Series III Electric Bass Guitar Pearl White", "imUrl": "http://ecx.images-amazon.com/images/I/31vaNX%2BtqrL._SY300_.jpg", "price": 119.99, "numReviews": 5, "groups": [152], "averageRating": 4.4, "brand": "Rogue", "salesRankCategory": "Musical Instruments", "salesRank": 52753}, {"asin": "B0064RPX1Y", "name": "Rogue LX200B Series III Electric Bass Guitar Pearl Black", "imUrl": "http://ecx.images-amazon.com/images/I/41BPhgEKkXL._SY300_.jpg", "price": 119.99, "numReviews": 2, "groups": [153], "averageRating": 5.0, "brand": "Rogue", "salesRankCategory": "Musical Instruments", "salesRank": 9045}, {"asin": "B004LRP526", "name": "Peavey Millennium 5 String Electric Bass, Gloss Black", "imUrl": "http://ecx.images-amazon.com/images/I/31hpm%2BVKQYL._SX300_.jpg", "price": 289.98, "numReviews": 1, "groups": [154], "averageRating": 5.0, "salesRankCategory": "Musical Instruments", "salesRank": 101775}, {"asin": "B004FK3EHM", "name": "Full-Size Electric Bass Guitar Starter Beginner Pack with Amp Case Strap White Package", "imUrl": "http://ecx.images-amazon.com/images/I/41eahn7YQhL._SY300_.jpg", "price": 119.95, "numReviews": 4, "groups": [155], "averageRating": 4.25, "salesRankCategory": "Musical Instruments", "salesRank": 63637}, {"asin": "B00B0ZVSRS", "name": "Crescent Electric Bass Guitar Starter Kit - Pink Color (Includes CrescentTM Digital E-Tuner)", "imUrl": "http://ecx.images-amazon.com/images/I/4174QhaM-SL._SY300_.jpg", "price": 49.95, "numReviews": 1, "groups": [156], "averageRating": 3.0, "salesRankCategory": "Musical Instruments", "salesRank": 10243}, {"asin": "B00DWVB6K2", "name": "Squier by Fender Vintage Modified Jazz Bass '70s, Natural", "imUrl": "http://ecx.images-amazon.com/images/I/31i2JR817fL._SY300_.jpg", "price": 299.99, "numReviews": 3, "groups": [157], "averageRating": 4.333333333333333, "brand": "Fender", "salesRankCategory": "Musical Instruments", "salesRank": 18805}, {"asin": "B001FC68SK", "name": "Dean V Metalman Bass", "imUrl": "http://ecx.images-amazon.com/images/I/31ePPQC0SiL._SY300_.jpg", "price": 199.0, "numReviews": 11, "groups": [158], "averageRating": 4.454545454545454, "salesRankCategory": "Musical Instruments", "salesRank": 46127}, {"asin": "B003JIXNUO", "name": "Kala U-Bass - 4-String, Fretless, Spruce", "imUrl": "http://ecx.images-amazon.com/images/I/41XHNg%2BG-8L._SX300_.jpg", "price": 393.75, "numReviews": 7, "groups": [159], "averageRating": 4.571428571428571, "salesRankCategory": "Musical Instruments", "salesRank": 31109}, {"asin": "B004L9KU6K", "name": "Saga MB-10 Modern Style Bass Kit", "imUrl": "http://ecx.images-amazon.com/images/I/41yL9qN2y1L._SY300_.jpg", "price": 161.63, "numReviews": 9, "groups": [160], "averageRating": 4.0, "salesRankCategory": "Musical Instruments", "salesRank": 59190}, {"asin": "B003M7A6FC", "name": "Electric Bass Guitar Pack with 20 Watts Amplifier Blueburst", "imUrl": "http://ecx.images-amazon.com/images/I/41aLnHl5vOL._SY300_.jpg", "price": 199.95, "numReviews": 4, "groups": [161], "averageRating": 4.0, "salesRankCategory": "Musical Instruments", "salesRank": 61317}, {"asin": "B007L56U4C", "name": "Epiphone Limited Edition Thunderbird IV Bass Guitar, TV Silver", "imUrl": "http://ecx.images-amazon.com/images/I/31Qz8w8eZ-L._SX300_.jpg", "price": 5.99, "numReviews": 1, "groups": [162], "averageRating": 5.0, "salesRankCategory": "Musical Instruments", "salesRank": 63864}, {"asin": "B003M7C7CW", "name": "ELECTRIC BASS PACK WITH 20 WATTS AMP PINK", "imUrl": "http://ecx.images-amazon.com/images/I/41lsqMp7b3L._SY300_.jpg", "price": 169.95, "numReviews": 2, "groups": [163], "averageRating": 5.0, "salesRankCategory": "Musical Instruments", "salesRank": 63713}, {"asin": "B005GXMKHW", "name": "5 String Cutaway NATURAL Acoustic Electric Bass with 4 EQ - & DirectlyCheap(TM) Translucent Blue Medium Guitar Pick", "imUrl": "http://ecx.images-amazon.com/images/I/31LYr1gVTFL._SY300_.jpg", "price": 159.95, "numReviews": 7, "groups": [164], "averageRating": 4.142857142857143, "salesRankCategory": "Musical Instruments", "salesRank": 66327}, {"asin": "B001RIY5NM", "name": "Sterling by Music Man RAY34-NT Bass (4 String, Natural)", "imUrl": "http://ecx.images-amazon.com/images/I/41Q96B5rlqL._SY300_.jpg", "price": 769.99, "numReviews": 5, "groups": [54], "averageRating": 4.6, "brand": "Sterling by Music Man", "salesRankCategory": "Musical Instruments", "salesRank": 92763}, {"asin": "B003N9M59O", "name": "Stagg BC300 3/4BK 4 String 3/4 Size Fusion Electric Bass Guitar - Black", "imUrl": "http://ecx.images-amazon.com/images/I/31cVrF765lL._SX300_.jpg", "price": 263.29, "numReviews": 2, "groups": [165], "averageRating": 4.5, "salesRankCategory": "Musical Instruments", "salesRank": 84794}, {"asin": "B001RIY5NC", "name": "Sterling by Music Man RAY34-BK Bass (4 String, Black)", "imUrl": "http://ecx.images-amazon.com/images/I/31kbCQtpjHL._SY300_.jpg", "price": 749.99, "numReviews": 3, "groups": [166], "averageRating": 4.333333333333333, "brand": "Sterling by Music Man", "salesRankCategory": "Musical Instruments", "salesRank": 74150}, {"asin": "B00740BBAW", "name": "Schecter Damien Elite-5 5-String Bass Guitar, See-Thru Black", "imUrl": "http://ecx.images-amazon.com/images/I/31hzRPmF49L._SY300_.jpg", "price": 672.1, "numReviews": 1, "groups": [167], "averageRating": 5.0, "salesRankCategory": "Musical Instruments", "salesRank": 75637}, {"asin": "B003M7A77E", "name": "ELECTRIC BASS PACK WITH 20 WATTS AMP CHERRYBURST", "imUrl": "http://ecx.images-amazon.com/images/I/41zEVXvcYgL._SY300_.jpg", "price": 162.01, "numReviews": 1, "groups": [168], "averageRating": 1.0, "salesRankCategory": "Musical Instruments", "salesRank": 79224}, {"asin": "B00CVB178A", "name": "Full Size Electric Bass Guitar Starter Beginner Pack with Amp Case Strap Blue Package", "imUrl": "http://ecx.images-amazon.com/images/I/419t9LZNOPL._SY300_.jpg", "price": 119.95, "numReviews": 6, "groups": [169], "averageRating": 4.5, "salesRankCategory": "Musical Instruments", "salesRank": 25502}, {"asin": "B00DWVB4FY", "name": "Squier by Fender Vintage Modified Jazz Bass '70s, LH, Natural", "imUrl": "http://ecx.images-amazon.com/images/I/31%2BUtp186PL._SY300_.jpg", "price": 329.99, "numReviews": 1, "groups": [76], "averageRating": 5.0, "brand": "Fender", "salesRankCategory": "Musical Instruments", "salesRank": 75751}, {"asin": "B003H8MXQQ", "name": "Electric Acoustic Bass Guitar Black Solid Wood Construction With Equalizer New", "imUrl": "http://ecx.images-amazon.com/images/I/312RGEUvU6L._SY300_.jpg", "price": 88.14, "numReviews": 43, "groups": [170], "averageRating": 3.395348837209302, "salesRankCategory": "Musical Instruments", "salesRank": 16362}, {"asin": "B003H8XAFY", "name": "Cort Gene Simmons Axe Bass", "imUrl": "http://ecx.images-amazon.com/images/I/31tOxSXiR1L._SY300_.jpg", "price": 29.56, "numReviews": 14, "groups": [171], "averageRating": 4.142857142857143, "salesRankCategory": "Musical Instruments", "salesRank": 47685}, {"asin": "B0064RPIWS", "name": "Rogue LX200BL Left-Handed Series III Electric Bass Guitar Metallic Blue", "imUrl": "http://ecx.images-amazon.com/images/I/41Ktee1K2rL._SY300_.jpg", "price": 119.99, "numReviews": 1, "groups": [1], "averageRating": 4.0, "brand": "Rogue", "salesRankCategory": "Musical Instruments", "salesRank": 25550}, {"asin": "B0002F75OM", "name": "Yamaha RBX170METALLICBLUE Electric Bass Guitar - Metallic Blue Finish", "imUrl": "http://ecx.images-amazon.com/images/I/41nfu4Nj6iL._SY300_.jpg", "price": 179.99, "numReviews": 5, "groups": [15], "averageRating": 4.0, "brand": "Yamaha", "salesRankCategory": "Musical Instruments", "salesRank": 33484}, {"asin": "B00DDVJCO8", "name": "Crescent Electric Bass Guitar Starter Kit - Transparent Blue Color (Includes Amp & CrescentTM Digital E-Tuner)", "imUrl": "http://ecx.images-amazon.com/images/I/51Rz4BNo5dL._SY300_.jpg", "price": 109.0, "numReviews": 12, "groups": [172], "averageRating": 4.416666666666667, "brand": "Crescent", "salesRankCategory": "Musical Instruments", "salesRank": 4729}, {"asin": "B000RW0MAY", "name": "Washburn T12BPAK Bass Pack, Black", "imUrl": "http://ecx.images-amazon.com/images/I/51fxdgHclbL._SY300_.jpg", "price": 199.95, "numReviews": 1, "groups": [173], "averageRating": 5.0, "salesRankCategory": "Musical Instruments", "salesRank": 93578}, {"asin": "B00AJECIVQ", "name": "Left Hand Full Size Electric Bass Guitar Starter Beginner Pack with Amp Case Strap Black Package", "imUrl": "http://ecx.images-amazon.com/images/I/41sFUk7zZcL._SY300_.jpg", "price": 159.95, "numReviews": 6, "groups": [47], "averageRating": 4.0, "salesRankCategory": "Musical Instruments", "salesRank": 23655}, {"asin": "B008PFRK14", "name": "Yamaha RBX170EWTBS 4-String Bass Guitar Flame Mango Top (Tobacco Sunburst) w/Gig Bag and Stand", "imUrl": "http://ecx.images-amazon.com/images/I/41swecdOUPL._SY300_.jpg", "price": 199.99, "numReviews": 2, "groups": [174], "averageRating": 5.0, "salesRankCategory": "Musical Instruments", "salesRank": 62874}, {"asin": "B0049S6JJK", "name": "Ibanez GSRM20 Mikro Short-Scale Bass Guitar Black", "imUrl": "http://ecx.images-amazon.com/images/I/41eM35vsbrL._SY300_.jpg", "price": 179.99, "numReviews": 7, "groups": [175], "averageRating": 4.857142857142857, "brand": "Ibanez", "salesRankCategory": "Musical Instruments", "salesRank": 24298}, {"asin": "B0002F793E", "name": "Yamaha RBX375 5 String Electric Bass Guitar, Black", "imUrl": "http://ecx.images-amazon.com/images/I/31f46DTiG0L._SX300_.jpg", "price": 6.71, "numReviews": 4, "groups": [176], "averageRating": 4.75, "salesRankCategory": "Musical Instruments", "salesRank": 65943}, {"asin": "B009K2T37A", "name": "Legacy Solid Body Electric Bass Guitar, Natural", "imUrl": "http://ecx.images-amazon.com/images/I/31edVP%2BqrJL._SY300_.jpg", "price": 69.95, "numReviews": 28, "groups": [177], "averageRating": 4.75, "salesRankCategory": "Musical Instruments", "salesRank": 35408}, {"asin": "B002BJHFFG", "name": "Ibanez Soundgear GSR200 Bass Guitar - Black", "imUrl": "http://ecx.images-amazon.com/images/I/41BxlxWRrsL._SY300_.jpg", "price": 199.99, "numReviews": 10, "groups": [178], "averageRating": 4.5, "salesRankCategory": "Musical Instruments", "salesRank": 20608}, {"asin": "B003XZ49G0", "name": "Ursa 1 JR RN PK 3TS 3 Tones Bass Guitar Package w/Amp Bag, Strap and Instructional DVD", "imUrl": "http://ecx.images-amazon.com/images/I/41FFs6BcOZL._SY300_.jpg", "price": 139.95, "numReviews": 2, "groups": [179], "averageRating": 4.0, "salesRankCategory": "Musical Instruments", "salesRank": 59927}, {"asin": "B000GAP0LI", "name": "Fender Deluxe Active P Electric Bass Guitar Special, Maple Fretboard, 1-Ply Beveled Gold Vinyl Pickguard - Black", "imUrl": "http://ecx.images-amazon.com/images/I/31dATZ1SLsL._SY300_.jpg", "price": 699.99, "numReviews": 4, "groups": [180], "averageRating": 4.75, "brand": "Fender", "salesRankCategory": "Musical Instruments", "salesRank": 22632}, {"asin": "B004TH7ZWG", "name": "ESP LTD B Series B-15 Five-String Electric Bass Guitar - Black", "imUrl": "http://ecx.images-amazon.com/images/I/31SDUZshPvL._SX300_.jpg", "price": 219.0, "numReviews": 9, "groups": [181], "averageRating": 4.666666666666667, "brand": "ESP", "salesRankCategory": "Musical Instruments", "salesRank": 54091}, {"asin": "B007R6ISXQ", "name": "Crescent EB46-BCM Electric Bass Guitar Starter Kit, Blue Chrome Metallic", "imUrl": "http://ecx.images-amazon.com/images/I/41duHtrQAML._SY300_.jpg", "price": 89.99, "numReviews": 12, "groups": [182], "averageRating": 3.9166666666666665, "salesRankCategory": "Musical Instruments", "salesRank": 29930}, {"asin": "B00AYM3RSQ", "name": "Alston Guitars - DIY Electric Bass Guitar Kit | Set-In | Flamed Maple Veneer Top", "imUrl": "http://ecx.images-amazon.com/images/I/51zy3csbdWL._SY300_.jpg", "price": 149.0, "numReviews": 3, "groups": [183], "averageRating": 3.0, "salesRankCategory": "Musical Instruments", "salesRank": 48006}, {"asin": "B000GAQP9E", "name": "Fender Active Jazz Electric Bass Guitar V (Five String), Rosewood Fretboard, 4-Ply Brown Shell Pickguard - Vintage White", "imUrl": "http://ecx.images-amazon.com/images/I/31AXzQreJ4L._SY300_.jpg", "price": 799.99, "numReviews": 1, "groups": [184], "averageRating": 5.0, "brand": "Fender", "salesRankCategory": "Musical Instruments", "salesRank": 73498}, {"asin": "B003M74K7M", "name": "ELECTRIC BASS GUITAR GREENBURST", "imUrl": "http://ecx.images-amazon.com/images/I/41SrF8iOM3L._SY300_.jpg", "price": 69.95, "numReviews": 5, "groups": [185], "averageRating": 3.8, "salesRankCategory": "Musical Instruments", "salesRank": 29202}, {"asin": "B004LRP56M", "name": "Peavey Millennium 4 String Electric Bass, Sunburst", "imUrl": "http://ecx.images-amazon.com/images/I/31bYllPHjaL._SX300_.jpg", "price": 239.99, "numReviews": 1, "groups": [186], "averageRating": 5.0, "brand": "Peavey", "salesRankCategory": "Musical Instruments", "salesRank": 117878}, {"asin": "B0002F75O2", "name": "Yamaha RBX Series RBX170 BLACK 4-Strings Bass Guitar", "imUrl": "http://ecx.images-amazon.com/images/I/31rRmypgq8L._SY300_.jpg", "price": 179.99, "numReviews": 12, "groups": [187], "averageRating": 4.416666666666667, "brand": "Yamaha", "salesRankCategory": "Musical Instruments", "salesRank": 11739}, {"asin": "B001RIZ2OI", "name": "Schecter Omen Extreme-5 Bass Guitar (Black Cherry)", "imUrl": "http://ecx.images-amazon.com/images/I/3172aAmc0BL._SY300_.jpg", "price": 479.0, "numReviews": 5, "groups": [188], "averageRating": 4.4, "brand": "Schecter", "salesRankCategory": "Musical Instruments", "salesRank": 77843}, {"asin": "B001IJ4Q48", "name": "Ursa 1 JR RN PK BK Black Bass Guitar Package w/Amp and DVD", "imUrl": "http://ecx.images-amazon.com/images/I/41Jwn3BxoPL._SY300_.jpg", "price": 119.95, "numReviews": 6, "groups": [189], "averageRating": 4.5, "salesRankCategory": "Musical Instruments", "salesRank": 52729}, {"asin": "B000OQI2GY", "name": "Traveler Guitar Escape MK-II Acoustic-Electric Travel Bass with Gig Bag", "imUrl": "http://ecx.images-amazon.com/images/I/31PgRaI4OBL._SY300_.jpg", "price": 13.33, "numReviews": 2, "groups": [190], "averageRating": 5.0, "salesRankCategory": "Musical Instruments", "salesRank": 68102}, {"asin": "B001R2JYQ6", "name": "Dean Starter Bass Pack with Edge 09 Bass, Metallic Red", "imUrl": "http://ecx.images-amazon.com/images/I/51i9A0VmMNL._SX300_.jpg", "price": 197.28, "numReviews": 12, "groups": [191], "averageRating": 4.083333333333333, "salesRankCategory": "Musical Instruments", "salesRank": 38582}], "links": [{"source": 0, "target": 39, "right": false, "left": true, "value": 1}, {"source": 0, "target": 139, "right": false, "left": true, "value": 1}, {"source": 0, "target": 45, "right": true, "left": true, "value": 1}, {"source": 0, "target": 182, "right": true, "left": true, "value": 1}, {"source": 0, "target": 186, "right": true, "left": false, "value": 1}, {"source": 1, "target": 64, "right": true, "left": true, "value": 1}, {"source": 2, "target": 90, "right": true, "left": false, "value": 1}, {"source": 2, "target": 29, "right": true, "left": false, "value": 1}, {"source": 2, "target": 47, "right": true, "left": false, "value": 1}, {"source": 3, "target": 40, "right": true, "left": false, "value": 1}, {"source": 3, "target": 164, "right": false, "left": true, "value": 1}, {"source": 3, "target": 149, "right": true, "left": false, "value": 1}, {"source": 3, "target": 184, "right": true, "left": false, "value": 1}, {"source": 4, "target": 44, "right": true, "left": false, "value": 1}, {"source": 4, "target": 149, "right": true, "left": false, "value": 1}, {"source": 5, "target": 170, "right": false, "left": true, "value": 1}, {"source": 5, "target": 37, "right": false, "left": true, "value": 1}, {"source": 5, "target": 70, "right": true, "left": true, "value": 1}, {"source": 5, "target": 143, "right": false, "left": true, "value": 1}, {"source": 6, "target": 155, "right": true, "left": false, "value": 1}, {"source": 7, "target": 68, "right": true, "left": false, "value": 1}, {"source": 8, "target": 201, "right": false, "left": true, "value": 1}, {"source": 8, "target": 66, "right": false, "left": true, "value": 1}, {"source": 9, "target": 141, "right": true, "left": false, "value": 1}, {"source": 10, "target": 195, "right": true, "left": false, "value": 1}, {"source": 10, "target": 149, "right": true, "left": false, "value": 1}, {"source": 10, "target": 198, "right": true, "left": false, "value": 1}, {"source": 11, "target": 106, "right": true, "left": false, "value": 1}, {"source": 11, "target": 155, "right": true, "left": false, "value": 1}, {"source": 12, "target": 119, "right": true, "left": true, "value": 1}, {"source": 13, "target": 41, "right": true, "left": false, "value": 1}, {"source": 14, "target": 200, "right": true, "left": false, "value": 1}, {"source": 14, "target": 183, "right": true, "left": true, "value": 1}, {"source": 15, "target": 97, "right": true, "left": false, "value": 1}, {"source": 15, "target": 149, "right": true, "left": false, "value": 1}, {"source": 16, "target": 141, "right": true, "left": false, "value": 1}, {"source": 17, "target": 149, "right": true, "left": false, "value": 1}, {"source": 18, "target": 176, "right": false, "left": true, "value": 1}, {"source": 19, "target": 162, "right": false, "left": true, "value": 1}, {"source": 19, "target": 194, "right": false, "left": true, "value": 1}, {"source": 19, "target": 121, "right": false, "left": true, "value": 1}, {"source": 19, "target": 158, "right": false, "left": true, "value": 1}, {"source": 19, "target": 127, "right": false, "left": true, "value": 1}, {"source": 20, "target": 149, "right": true, "left": false, "value": 1}, {"source": 21, "target": 29, "right": true, "left": false, "value": 1}, {"source": 21, "target": 141, "right": true, "left": false, "value": 1}, {"source": 22, "target": 29, "right": true, "left": false, "value": 1}, {"source": 22, "target": 157, "right": true, "left": false, "value": 1}, {"source": 23, "target": 67, "right": true, "left": false, "value": 1}, {"source": 24, "target": 97, "right": true, "left": false, "value": 1}, {"source": 24, "target": 149, "right": true, "left": false, "value": 1}, {"source": 25, "target": 29, "right": true, "left": false, "value": 1}, {"source": 26, "target": 191, "right": true, "left": false, "value": 1}, {"source": 27, "target": 184, "right": true, "left": false, "value": 1}, {"source": 27, "target": 44, "right": true, "left": false, "value": 1}, {"source": 27, "target": 149, "right": true, "left": false, "value": 1}, {"source": 28, "target": 39, "right": true, "left": false, "value": 1}, {"source": 29, "target": 90, "right": false, "left": true, "value": 1}, {"source": 29, "target": 38, "right": false, "left": true, "value": 1}, {"source": 29, "target": 73, "right": false, "left": true, "value": 1}, {"source": 29, "target": 108, "right": false, "left": true, "value": 1}, {"source": 29, "target": 77, "right": false, "left": true, "value": 1}, {"source": 29, "target": 172, "right": false, "left": true, "value": 1}, {"source": 29, "target": 51, "right": false, "left": true, "value": 1}, {"source": 29, "target": 180, "right": false, "left": true, "value": 1}, {"source": 29, "target": 54, "right": false, "left": true, "value": 1}, {"source": 29, "target": 117, "right": false, "left": true, "value": 1}, {"source": 29, "target": 122, "right": true, "left": true, "value": 1}, {"source": 29, "target": 92, "right": false, "left": true, "value": 1}, {"source": 29, "target": 157, "right": true, "left": true, "value": 1}, {"source": 30, "target": 157, "right": true, "left": false, "value": 1}, {"source": 30, "target": 47, "right": true, "left": false, "value": 1}, {"source": 31, "target": 65, "right": true, "left": false, "value": 1}, {"source": 32, "target": 120, "right": true, "left": false, "value": 1}, {"source": 33, "target": 122, "right": false, "left": true, "value": 1}, {"source": 33, "target": 51, "right": false, "left": true, "value": 1}, {"source": 33, "target": 172, "right": false, "left": true, "value": 1}, {"source": 33, "target": 157, "right": true, "left": false, "value": 1}, {"source": 34, "target": 191, "right": true, "left": false, "value": 1}, {"source": 35, "target": 57, "right": true, "left": false, "value": 1}, {"source": 36, "target": 129, "right": false, "left": true, "value": 1}, {"source": 36, "target": 193, "right": false, "left": true, "value": 1}, {"source": 37, "target": 70, "right": true, "left": false, "value": 1}, {"source": 38, "target": 122, "right": true, "left": false, "value": 1}, {"source": 40, "target": 192, "right": false, "left": true, "value": 1}, {"source": 40, "target": 97, "right": true, "left": false, "value": 1}, {"source": 40, "target": 178, "right": true, "left": false, "value": 1}, {"source": 40, "target": 184, "right": true, "left": false, "value": 1}, {"source": 40, "target": 59, "right": false, "left": true, "value": 1}, {"source": 41, "target": 91, "right": true, "left": true, "value": 1}, {"source": 42, "target": 138, "right": true, "left": true, "value": 1}, {"source": 42, "target": 53, "right": false, "left": true, "value": 1}, {"source": 42, "target": 149, "right": true, "left": false, "value": 1}, {"source": 43, "target": 160, "right": true, "left": false, "value": 1}, {"source": 44, "target": 97, "right": true, "left": false, "value": 1}, {"source": 44, "target": 195, "right": false, "left": true, "value": 1}, {"source": 44, "target": 198, "right": false, "left": true, "value": 1}, {"source": 44, "target": 149, "right": true, "left": true, "value": 1}, {"source": 44, "target": 56, "right": false, "left": true, "value": 1}, {"source": 45, "target": 186, "right": true, "left": true, "value": 1}, {"source": 45, "target": 139, "right": false, "left": true, "value": 1}, {"source": 46, "target": 121, "right": true, "left": false, "value": 1}, {"source": 46, "target": 194, "right": true, "left": false, "value": 1}, {"source": 47, "target": 126, "right": false, "left": true, "value": 1}, {"source": 47, "target": 141, "right": true, "left": false, "value": 1}, {"source": 47, "target": 77, "right": false, "left": true, "value": 1}, {"source": 47, "target": 90, "right": true, "left": false, "value": 1}, {"source": 47, "target": 157, "right": true, "left": false, "value": 1}, {"source": 48, "target": 149, "right": true, "left": false, "value": 1}, {"source": 49, "target": 128, "right": true, "left": false, "value": 1}, {"source": 50, "target": 122, "right": true, "left": false, "value": 1}, {"source": 50, "target": 157, "right": true, "left": false, "value": 1}, {"source": 51, "target": 92, "right": false, "left": true, "value": 1}, {"source": 51, "target": 157, "right": true, "left": false, "value": 1}, {"source": 52, "target": 173, "right": true, "left": true, "value": 1}, {"source": 52, "target": 175, "right": false, "left": true, "value": 1}, {"source": 53, "target": 109, "right": false, "left": true, "value": 1}, {"source": 53, "target": 94, "right": true, "left": false, "value": 1}, {"source": 54, "target": 90, "right": true, "left": false, "value": 1}, {"source": 55, "target": 154, "right": true, "left": true, "value": 1}, {"source": 56, "target": 149, "right": true, "left": false, "value": 1}, {"source": 57, "target": 69, "right": false, "left": true, "value": 1}, {"source": 58, "target": 72, "right": false, "left": true, "value": 1}, {"source": 58, "target": 97, "right": true, "left": false, "value": 1}, {"source": 59, "target": 97, "right": true, "left": false, "value": 1}, {"source": 60, "target": 150, "right": false, "left": true, "value": 1}, {"source": 60, "target": 79, "right": false, "left": true, "value": 1}, {"source": 61, "target": 121, "right": false, "left": true, "value": 1}, {"source": 61, "target": 149, "right": true, "left": false, "value": 1}, {"source": 62, "target": 124, "right": true, "left": false, "value": 1}, {"source": 63, "target": 117, "right": true, "left": false, "value": 1}, {"source": 64, "target": 167, "right": false, "left": true, "value": 1}, {"source": 65, "target": 94, "right": true, "left": false, "value": 1}, {"source": 67, "target": 199, "right": false, "left": true, "value": 1}, {"source": 68, "target": 188, "right": true, "left": false, "value": 1}, {"source": 68, "target": 125, "right": false, "left": true, "value": 1}, {"source": 68, "target": 102, "right": false, "left": true, "value": 1}, {"source": 70, "target": 170, "right": false, "left": true, "value": 1}, {"source": 71, "target": 124, "right": true, "left": false, "value": 1}, {"source": 71, "target": 141, "right": true, "left": false, "value": 1}, {"source": 74, "target": 95, "right": false, "left": true, "value": 1}, {"source": 75, "target": 191, "right": true, "left": false, "value": 1}, {"source": 76, "target": 179, "right": true, "left": true, "value": 1}, {"source": 76, "target": 141, "right": true, "left": false, "value": 1}, {"source": 78, "target": 97, "right": true, "left": false, "value": 1}, {"source": 80, "target": 106, "right": false, "left": true, "value": 1}, {"source": 81, "target": 104, "right": true, "left": false, "value": 1}, {"source": 82, "target": 95, "right": false, "left": true, "value": 1}, {"source": 83, "target": 127, "right": true, "left": false, "value": 1}, {"source": 84, "target": 166, "right": true, "left": false, "value": 1}, {"source": 85, "target": 107, "right": false, "left": true, "value": 1}, {"source": 85, "target": 86, "right": false, "left": true, "value": 1}, {"source": 87, "target": 122, "right": true, "left": false, "value": 1}, {"source": 88, "target": 121, "right": true, "left": false, "value": 1}, {"source": 88, "target": 131, "right": true, "left": true, "value": 1}, {"source": 89, "target": 184, "right": true, "left": false, "value": 1}, {"source": 89, "target": 97, "right": true, "left": false, "value": 1}, {"source": 90, "target": 172, "right": false, "left": true, "value": 1}, {"source": 90, "target": 180, "right": false, "left": true, "value": 1}, {"source": 92, "target": 157, "right": true, "left": false, "value": 1}, {"source": 93, "target": 160, "right": true, "left": false, "value": 1}, {"source": 95, "target": 156, "right": false, "left": true, "value": 1}, {"source": 96, "target": 120, "right": true, "left": false, "value": 1}, {"source": 97, "target": 135, "right": false, "left": true, "value": 1}, {"source": 97, "target": 140, "right": false, "left": true, "value": 1}, {"source": 97, "target": 142, "right": false, "left": true, "value": 1}, {"source": 97, "target": 149, "right": true, "left": true, "value": 1}, {"source": 97, "target": 152, "right": false, "left": true, "value": 1}, {"source": 97, "target": 163, "right": false, "left": true, "value": 1}, {"source": 97, "target": 169, "right": false, "left": true, "value": 1}, {"source": 97, "target": 177, "right": false, "left": true, "value": 1}, {"source": 97, "target": 178, "right": false, "left": true, "value": 1}, {"source": 97, "target": 184, "right": false, "left": true, "value": 1}, {"source": 97, "target": 185, "right": false, "left": true, "value": 1}, {"source": 97, "target": 186, "right": false, "left": true, "value": 1}, {"source": 97, "target": 192, "right": false, "left": true, "value": 1}, {"source": 97, "target": 202, "right": false, "left": true, "value": 1}, {"source": 97, "target": 204, "right": false, "left": true, "value": 1}, {"source": 97, "target": 98, "right": false, "left": true, "value": 1}, {"source": 97, "target": 101, "right": false, "left": true, "value": 1}, {"source": 97, "target": 114, "right": false, "left": true, "value": 1}, {"source": 97, "target": 118, "right": false, "left": true, "value": 1}, {"source": 99, "target": 161, "right": false, "left": true, "value": 1}, {"source": 99, "target": 149, "right": true, "left": false, "value": 1}, {"source": 100, "target": 184, "right": true, "left": false, "value": 1}, {"source": 100, "target": 149, "right": true, "left": false, "value": 1}, {"source": 101, "target": 184, "right": true, "left": false, "value": 1}, {"source": 101, "target": 114, "right": false, "left": true, "value": 1}, {"source": 101, "target": 149, "right": true, "left": false, "value": 1}, {"source": 103, "target": 203, "right": false, "left": true, "value": 1}, {"source": 105, "target": 145, "right": true, "left": false, "value": 1}, {"source": 106, "target": 155, "right": true, "left": false, "value": 1}, {"source": 106, "target": 189, "right": false, "left": true, "value": 1}, {"source": 110, "target": 188, "right": true, "left": false, "value": 1}, {"source": 110, "target": 127, "right": true, "left": false, "value": 1}, {"source": 111, "target": 128, "right": true, "left": false, "value": 1}, {"source": 112, "target": 166, "right": true, "left": false, "value": 1}, {"source": 112, "target": 159, "right": false, "left": true, "value": 1}, {"source": 113, "target": 197, "right": false, "left": true, "value": 1}, {"source": 114, "target": 184, "right": true, "left": false, "value": 1}, {"source": 115, "target": 184, "right": true, "left": false, "value": 1}, {"source": 116, "target": 124, "right": true, "left": false, "value": 1}, {"source": 117, "target": 157, "right": true, "left": false, "value": 1}, {"source": 119, "target": 174, "right": true, "left": false, "value": 1}, {"source": 122, "target": 157, "right": true, "left": false, "value": 1}, {"source": 123, "target": 153, "right": true, "left": false, "value": 1}, {"source": 126, "target": 157, "right": true, "left": false, "value": 1}, {"source": 127, "target": 137, "right": false, "left": true, "value": 1}, {"source": 129, "target": 134, "right": false, "left": true, "value": 1}, {"source": 130, "target": 141, "right": true, "left": false, "value": 1}, {"source": 131, "target": 160, "right": false, "left": true, "value": 1}, {"source": 132, "target": 153, "right": true, "left": false, "value": 1}, {"source": 133, "target": 149, "right": true, "left": false, "value": 1}, {"source": 136, "target": 195, "right": true, "left": false, "value": 1}, {"source": 136, "target": 149, "right": true, "left": false, "value": 1}, {"source": 138, "target": 168, "right": false, "left": true, "value": 1}, {"source": 140, "target": 149, "right": true, "left": false, "value": 1}, {"source": 141, "target": 146, "right": false, "left": true, "value": 1}, {"source": 141, "target": 147, "right": false, "left": true, "value": 1}, {"source": 141, "target": 151, "right": false, "left": true, "value": 1}, {"source": 141, "target": 154, "right": false, "left": true, "value": 1}, {"source": 142, "target": 149, "right": true, "left": false, "value": 1}, {"source": 144, "target": 165, "right": true, "left": false, "value": 1}, {"source": 148, "target": 165, "right": true, "left": false, "value": 1}, {"source": 149, "target": 164, "right": false, "left": true, "value": 1}, {"source": 149, "target": 169, "right": false, "left": true, "value": 1}, {"source": 149, "target": 178, "right": false, "left": true, "value": 1}, {"source": 149, "target": 181, "right": false, "left": true, "value": 1}, {"source": 149, "target": 184, "right": false, "left": true, "value": 1}, {"source": 149, "target": 190, "right": false, "left": true, "value": 1}, {"source": 149, "target": 192, "right": false, "left": true, "value": 1}, {"source": 149, "target": 195, "right": false, "left": true, "value": 1}, {"source": 149, "target": 196, "right": false, "left": true, "value": 1}, {"source": 149, "target": 198, "right": false, "left": true, "value": 1}, {"source": 149, "target": 204, "right": false, "left": true, "value": 1}, {"source": 152, "target": 178, "right": true, "left": false, "value": 1}, {"source": 157, "target": 172, "right": false, "left": true, "value": 1}, {"source": 157, "target": 180, "right": false, "left": true, "value": 1}, {"source": 159, "target": 166, "right": true, "left": false, "value": 1}, {"source": 163, "target": 178, "right": true, "left": false, "value": 1}, {"source": 164, "target": 184, "right": true, "left": false, "value": 1}, {"source": 164, "target": 198, "right": true, "left": false, "value": 1}, {"source": 171, "target": 184, "right": true, "left": false, "value": 1}, {"source": 183, "target": 200, "right": false, "left": true, "value": 1}, {"source": 187, "target": 200, "right": true, "left": false, "value": 1}, {"source": 192, "target": 202, "right": false, "left": true, "value": 1}]}