{"nodes": [{"asin": "B005QWQ5S8", "name": "ALEKO\u00ae Remote Control for Gate Opener Remote Transmitter LM122", "imUrl": "http://ecx.images-amazon.com/images/I/3182ufgmVcL._SY300_.jpg", "price": 12.0, "numReviews": 19, "groups": [0], "averageRating": 4.0, "brand": "ALEKO"}, {"asin": "B000NCTFQ0", "name": "National Hardware V850 14\" Door & Gate Spring", "imUrl": "http://ecx.images-amazon.com/images/I/31sGQ7CMijL._SX300_.jpg", "price": 4.69, "numReviews": 2, "groups": [1], "averageRating": 3.0}, {"asin": "B002KFZU1W", "name": "Stanley National Hardware CD6212 3-13/16\" x 2-1/2\" Tru-Close Narrow Spring Hinge", "imUrl": "http://ecx.images-amazon.com/images/I/41BvMs9cVtL._SY300_.jpg", "price": 33.95, "numReviews": 16, "groups": [2], "averageRating": 4.625, "brand": "Stanley"}, {"asin": "B002T44SEE", "name": "Koch 104013 Forged Turnbuckle, 3/8-Inch by 6-Inch Jaw and Jaw, Galvanized", "imUrl": "http://ecx.images-amazon.com/images/I/21Bj-Rcz8gL._SX300_.jpg", "price": 13.99, "numReviews": 3, "groups": [3], "averageRating": 2.0}, {"asin": "B002Z5Q82C", "name": "Stanley 808576 Sp1009 5/8x18\" Blk Gate Cane Bolt", "imUrl": "http://ecx.images-amazon.com/images/I/11k9CjzPz2L.jpg", "price": 14.98, "numReviews": 1, "groups": [4], "averageRating": 4.0}, {"asin": "B000BD6APA", "name": "Mighty Mule RB509 Low Voltage Wire, 1000-Foot Roll", "imUrl": "http://ecx.images-amazon.com/images/I/51HbV4D9dWL._SY300_.jpg", "price": 285.93, "numReviews": 1, "groups": [5], "averageRating": 4.0, "brand": "Mighty Mule"}, {"asin": "B00ET5QFHE", "name": "TruClose Heavy Duty Safety Gate Hinges D&D Technologies TCHD1AL2S3BT Black", "imUrl": "http://ecx.images-amazon.com/images/I/41CnmW8i95L._SY300_.jpg", "price": 52.2, "numReviews": 1, "groups": [6], "averageRating": 5.0, "brand": "D&D Technologies"}, {"asin": "B0056RQSGC", "name": "Major S200 Secret Gate Latch", "imUrl": "http://ecx.images-amazon.com/images/I/41vjH1tqFAL._SX300_.jpg", "price": 28.19, "numReviews": 2, "groups": [7], "averageRating": 4.0}, {"asin": "B002KFZU2G", "name": "Stanley National Hardware CD6216 3-9/16\" x 5-1/4\" Tru-Close Spring Hinge", "imUrl": "http://ecx.images-amazon.com/images/I/41acrVqJ8sL._SY300_.jpg", "price": 29.86, "numReviews": 4, "groups": [8], "averageRating": 2.5, "brand": "Stanley"}, {"asin": "B002M41J9I", "name": "Mighty Mule MM502ARM Replacement Gate Arm for FM502", "imUrl": "http://ecx.images-amazon.com/images/I/31MPvPb4U6L._SY300_.jpg", "price": 282.0, "numReviews": 3, "groups": [9], "averageRating": 4.666666666666667, "brand": "Mighty Mule"}, {"asin": "B005G0FF4K", "name": "ALEKO\u00ae St.Petersburg Style Iron Wrought Gate 12' High Quality Driveway Gates Ornamental Dual Swing Gate 12'", "imUrl": "http://ecx.images-amazon.com/images/I/41b%2BFvPS5bL._SX300_.jpg", "price": 899.0, "numReviews": 1, "groups": [10], "averageRating": 1.0, "brand": "ALEKO"}, {"asin": "B00A8GCJBY", "name": "Stanley National Hardware SP1264 Professional Choice? Heavy Duty Gate Latch", "imUrl": "http://ecx.images-amazon.com/images/I/41LFNsuk3cL._SX300_.jpg", "price": 11.5, "numReviews": 2, "groups": [11], "averageRating": 5.0}, {"asin": "B00522WDW4", "name": "Magnetic Child Safety Gate Pool Latch Magnetic Pool Safety Gate Latch, Meets Pool Code", "imUrl": "http://ecx.images-amazon.com/images/I/310gYDY67sL._SY300_.jpg", "price": 49.95, "numReviews": 3, "groups": [12], "averageRating": 5.0}, {"asin": "B005OMUI10", "name": "ALEKO\u00ae Gear Racks for Sliding Gate Opener Operator 18Ft", "imUrl": "http://ecx.images-amazon.com/images/I/41DF6cVAFCL._SX300_.jpg", "price": 69.0, "numReviews": 8, "groups": [13], "averageRating": 4.625, "brand": "ALEKO"}, {"asin": "B000NHQVKS", "name": "Stanley National Hardware SP1261 Automatic Gate Latch", "imUrl": "http://ecx.images-amazon.com/images/I/31nwo8FxOfL._SY300_.jpg", "price": 1.28, "numReviews": 1, "groups": [14], "averageRating": 5.0, "brand": "Stanley"}, {"asin": "B004Z8JAC2", "name": "ALEKO\u00ae AS1200 FULL Solar Powered Gate Opener Operator for Dual Swing Gates up to 20-feet Long and 1320-pounds", "imUrl": "http://ecx.images-amazon.com/images/I/41Iy5t%2BpxZL._SX300_.jpg", "price": 452.6, "numReviews": 13, "groups": [15], "averageRating": 1.1538461538461537, "salesRankCategory": "Patio, Lawn & Garden", "salesRank": 59249}, {"asin": "B007KV8I9W", "name": "GTO PRO FM345 Secuirty Pin Lock for All GTO Gate Opener Models", "imUrl": "http://ecx.images-amazon.com/images/I/31lOQRtOnSL.jpg", "price": 13.95, "numReviews": 1, "groups": [16], "averageRating": 1.0}, {"asin": "B007THWT74", "name": "ALEKO\u00ae AC5700 Sliding Gate Opener for Super Heavy Sliding Gates Up to 100-Feet Long and 5700-Pounds", "imUrl": "http://ecx.images-amazon.com/images/I/41-1KqS11AL._SY300_.jpg", "price": 489.0, "numReviews": 2, "groups": [17], "averageRating": 3.0}, {"asin": "B004HUF6J4", "name": "Fun & Functional! Tie-Dye 2-1/2\" Lobster Claw Snap Hook - Premium Quality", "imUrl": "http://ecx.images-amazon.com/images/I/41%2BvTv3JifL._SY300_.jpg", "price": 2.19, "numReviews": 5, "groups": [18], "averageRating": 5.0}, {"asin": "B00004Z10I", "name": "Stanley National Hardware CD1264 Professional Choice? Heavy Duty Gate Latch", "imUrl": "http://ecx.images-amazon.com/images/I/41IuRYaysWL._SY300_.jpg", "price": 13.98, "numReviews": 3, "groups": [11], "averageRating": 5.0, "brand": "Stanley"}, {"asin": "B002KFZU08", "name": "Stanley National Hardware CD6207 Magna Latch Top Pull For Gates 48\" and Taller", "imUrl": "http://ecx.images-amazon.com/images/I/21MdBCVS2TL._SY300_.jpg", "price": 62.51, "numReviews": 42, "groups": [19], "averageRating": 4.595238095238095, "brand": "Stanley"}, {"asin": "B002TMHP8M", "name": "Gate Crafters Automatic Gate Lock (GCLOCK)", "imUrl": "http://ecx.images-amazon.com/images/I/31kSkCcu%2BML._SX300_.jpg", "price": 113.0, "numReviews": 2, "groups": [20], "averageRating": 3.0}, {"asin": "B000NHQOY6", "name": "Stanley National Hardware SP1499 Professional Choice? Gate Installer Kit Pack", "imUrl": "http://ecx.images-amazon.com/images/I/413xhOD%2BAyL._SY300_.jpg", "price": 19.77, "numReviews": 4, "groups": [21], "averageRating": 4.75, "brand": "Stanley"}, {"asin": "B000Q82OYQ", "name": "Homax 80099 No-Sag EasyGate Bracket Kit", "imUrl": "http://ecx.images-amazon.com/images/I/51KDiYp1nCL._SY300_.jpg", "price": 34.23, "numReviews": 49, "groups": [22], "averageRating": 3.795918367346939, "brand": "Homax"}, {"asin": "B003B242DK", "name": "ALEKO\u00ae AR2050 Sliding Gate Opener for Sliding Gates Up to 55-Feet Long and 2000-Pounds", "imUrl": "http://ecx.images-amazon.com/images/I/41GARori4BL._SY300_.jpg", "price": 290.0, "numReviews": 6, "groups": [23], "averageRating": 2.6666666666666665, "brand": "ALEKO"}, {"asin": "B0015RY4OA", "name": "Mighty Mule RB570 Replacement Transformer", "imUrl": "http://ecx.images-amazon.com/images/I/41uTYJRaRPL._SY300_.jpg", "price": 23.79, "numReviews": 18, "groups": [24], "averageRating": 4.111111111111111, "brand": "Mighty Mule"}, {"asin": "B005FYKGL4", "name": "Paris Style Iron Wrought Gate 14' High Quality Ornamental Dual Swing Driveway Gates 14'", "imUrl": "http://ecx.images-amazon.com/images/I/41a66B2YKoL._SX300_.jpg", "price": 899.0, "numReviews": 1, "groups": [25], "averageRating": 5.0}, {"asin": "B0000AX6W8", "name": "Adjustable Dual Gate Wheel - 8in. [Misc.]", "imUrl": "http://ecx.images-amazon.com/images/I/31LqM6GPqzL._SY300_.jpg", "price": 15.55, "numReviews": 1, "groups": [26], "averageRating": 5.0}, {"asin": "B0002YPA3G", "name": "Mighty Mule RB509-100 Low Voltage Wire, 100-Foot Roll", "imUrl": "http://ecx.images-amazon.com/images/I/51hdVFAJ%2BoL._SY300_.jpg", "price": 40.0, "numReviews": 2, "groups": [27], "averageRating": 3.0, "brand": "Mighty Mule"}, {"asin": "B007EJ0IQQ", "name": "ALEKO\u00ae AS600 Full Electric Gate Opener Operator for Single Swing Gate up to 10-feet Long and 660-pounds", "imUrl": "http://ecx.images-amazon.com/images/I/41KNruYyt%2BL._SX300_.jpg", "price": 359.0, "numReviews": 1, "groups": [28], "averageRating": 1.0, "brand": "ALEKO"}, {"asin": "B0093AWV14", "name": "Master Halco 087048 Butterfly Latch, 1-3/8\" X 2-3/8\"", "imUrl": "http://ecx.images-amazon.com/images/I/31rAVBxipzL._SX300_.jpg", "price": 10.99, "numReviews": 1, "groups": [29], "averageRating": 1.0, "brand": "Master Halco"}, {"asin": "B004RG96EE", "name": "Aleko TM AC1400 Sliding Gate Opener for Sliding Gates Up to 50-Feet Long and 1400-Pounds", "imUrl": "http://ecx.images-amazon.com/images/I/51ryJPlW9VL._SX300_.jpg", "price": 299.0, "numReviews": 14, "groups": [30], "averageRating": 3.857142857142857}, {"asin": "B0012N6GJS", "name": "GTO SW2000XL Gate Opener, Swing Single Gate Operator - GTO PRO", "imUrl": "http://ecx.images-amazon.com/images/I/11zhdmAQnNL.jpg", "price": 569.0, "numReviews": 1, "groups": [31], "averageRating": 5.0, "brand": "GTO"}, {"asin": "B005C9FQEE", "name": "Crown Bolt 62316 Anti-Sag Gate Kit, Zinc Plated", "imUrl": "http://ecx.images-amazon.com/images/I/41Q1TNSMFHL._SX300_.jpg", "price": 8.11, "numReviews": 1, "groups": [32], "averageRating": 5.0}, {"asin": "B000HHS7EC", "name": "Dare Products One Way Universal Gate Latch", "imUrl": "http://ecx.images-amazon.com/images/I/411i8PsNn2L._SX300_.jpg", "price": 25.52, "numReviews": 1, "groups": [33], "averageRating": 5.0}, {"asin": "B00C3BG3NC", "name": "ALEKO\u00ae LM176 Electric Lock for Swing Gate Opener Operator", "imUrl": "http://ecx.images-amazon.com/images/I/41ntNNN1D8L._SX300_.jpg", "price": 45.0, "numReviews": 4, "groups": [34], "averageRating": 2.5, "brand": "ALEKO"}, {"asin": "B0002YP97S", "name": "50 Ft. Driveway Vehicle Sensor (FM138) for Mighty Mule Automatic Gate Opener", "imUrl": "http://ecx.images-amazon.com/images/I/419VrKa2mxL._SY300_.jpg", "price": 123.95, "numReviews": 29, "groups": [35], "averageRating": 4.241379310344827, "brand": "Mighty Mule", "salesRankCategory": "Home Improvement", "salesRank": 8416}, {"asin": "B000MD3NBS", "name": "Speeco Farmex S16100500-GL161005 Lockable Gate Latch", "imUrl": "http://ecx.images-amazon.com/images/I/41SGHcxjtjL._SY300_.jpg", "price": 17.93, "numReviews": 15, "groups": [36], "averageRating": 4.333333333333333, "salesRankCategory": "Patio, Lawn & Garden", "salesRank": 37705}, {"asin": "B005C9HOPI", "name": "Crown Bolt 62294 14-Inch Heavy Duty Gate Spring, Black", "imUrl": "http://ecx.images-amazon.com/images/I/31no2NgxOYL._SY300_.jpg", "price": 14.38, "numReviews": 3, "groups": [37], "averageRating": 1.3333333333333333}, {"asin": "B005FYKLGY", "name": "ALEKO\u00ae Paris Style Iron Wrought Gate 12' High Quality Ornamental Dual Swing Driveway Gates 12'", "imUrl": "http://ecx.images-amazon.com/images/I/41a66B2YKoL._SX300_.jpg", "price": 779.0, "numReviews": 4, "groups": [38], "averageRating": 5.0, "brand": "ALEKO"}, {"asin": "B001C7T2FO", "name": "C.R. LAURENCE ZL2BL CRL Black Z-Lokk Magnetic Gate Lock", "imUrl": "http://ecx.images-amazon.com/images/I/41tDs0%2BlL4L._SX300_.jpg", "price": 79.91, "numReviews": 1, "groups": [39], "averageRating": 3.0, "brand": "CRL"}, {"asin": "B000NHNP3Y", "name": "Stanley Hardware Professional Choice Spring T-Hinge #611544", "imUrl": "http://ecx.images-amazon.com/images/I/31NBDITL%2BBL.jpg", "price": 11.18, "numReviews": 3, "groups": [40], "averageRating": 4.333333333333333, "brand": "Stanley"}, {"asin": "B004P8BHRS", "name": "ALEKO\u00ae St.Petersburg Style Iron Wrought Gate 14' High Quality Driveway Gates Ornamental Dual Swing Gates 14'", "imUrl": "http://ecx.images-amazon.com/images/I/41b%2BFvPS5bL._SX300_.jpg", "price": 999.0, "numReviews": 3, "groups": [10, 41], "averageRating": 4.0, "brand": "ALEKO"}, {"asin": "B002KFZU1M", "name": "Stanley National Hardware CD6210 4-5/16\" x 3-1/4\" Kwik Fit Hinge", "imUrl": "http://ecx.images-amazon.com/images/I/411Ug5AdtyL._SY300_.jpg", "price": 34.99, "numReviews": 1, "groups": [42], "averageRating": 5.0}, {"asin": "B000JHE3IY", "name": "Stanley National Hardware CD1261-1/2 Outswinging Gate Latch", "imUrl": "http://ecx.images-amazon.com/images/I/41dRGqcB9JL._SX300_.jpg", "price": 7.48, "numReviews": 2, "groups": [43], "averageRating": 4.5, "brand": "Stanley National Hardware"}, {"asin": "B000LCCD0W", "name": "Stanley National Hardware CD1262 Auto-Adjust Gate Latch", "imUrl": "http://ecx.images-amazon.com/images/I/41xkJIbjGeL._SX300_.jpg", "price": 8.29, "numReviews": 1, "groups": [44], "averageRating": 2.0, "brand": "Stanley National Hardware"}, {"asin": "B005OUVGKY", "name": "ALEKO\u00ae AR1300ACC Sliding Gate Opener for Sliding Gates Up to 50-Feet Long and 1400-Pounds,", "imUrl": "http://ecx.images-amazon.com/images/I/41t0z2d16uL._SY300_.jpg", "price": 279.0, "numReviews": 2, "groups": [45], "averageRating": 2.5, "brand": "ALEKO"}, {"asin": "B0000AX6WG", "name": "Adjustable Gate Wheel - 10in. [Misc.]", "imUrl": "http://ecx.images-amazon.com/images/I/519IwMtpdhL._SY300_.jpg", "price": 49.99, "numReviews": 7, "groups": [46], "averageRating": 5.0}, {"asin": "B0006HBQJ6", "name": "Lockey Systems TB400 Hydraulic Gate Closer", "imUrl": "http://ecx.images-amazon.com/images/I/41EJ5AnAtRL._SX300_.jpg", "price": 216.25, "numReviews": 1, "groups": [47], "averageRating": 5.0, "brand": "Lockey"}, {"asin": "B0009STIBA", "name": "National Hardware 2110BC 8\" Safety Gate Hook", "imUrl": "http://ecx.images-amazon.com/images/I/31mZc6fct0L._SX300_.jpg", "price": 3.99, "numReviews": 4, "groups": [48], "averageRating": 4.5}, {"asin": "B0026KVMDG", "name": "No Sag Gate Bracket Kit", "imUrl": "http://ecx.images-amazon.com/images/I/619EsKHbKJL._SY300_.jpg", "price": 34.99, "numReviews": 2, "groups": [49], "averageRating": 3.0}, {"asin": "B009YNVYDQ", "name": "Stanley National Hardware CD1261 Automatic Gate Latch", "imUrl": "http://ecx.images-amazon.com/images/I/41XqROAtkQL._SX300_.jpg", "price": 6.33, "numReviews": 6, "groups": [50, 51], "averageRating": 4.0, "brand": "Stanley National Hardware"}, {"asin": "B000OD2KZG", "name": "National Hardware V29 Automatic Gate Latch", "imUrl": "http://ecx.images-amazon.com/images/I/41EkvSyoUaL._SX300_.jpg", "price": 11.24, "numReviews": 1, "groups": [52], "averageRating": 5.0, "salesRankCategory": "Home Improvement", "salesRank": 44837}, {"asin": "B000RZDQU4", "name": "Midwest Air Technologies 328534B Fork Latch With Bolt", "imUrl": "http://ecx.images-amazon.com/images/I/31xhKXiEABL._SY300_.jpg", "price": 7.31, "numReviews": 4, "groups": [53], "averageRating": 3.75, "brand": "Midwest Air Technologies"}, {"asin": "B0015RY468", "name": "Mighty Mule FM145 Bulldog Pedestrian Gate Lock", "imUrl": "http://ecx.images-amazon.com/images/I/41gsmcZm17L._SX300_.jpg", "price": 179.95, "numReviews": 25, "groups": [54], "averageRating": 3.56, "brand": "Mighty Mule"}, {"asin": "B000BPNMX6", "name": "National Hardware 287BC 3-1/2\" Extra Heavy Gate Hinge", "imUrl": "http://ecx.images-amazon.com/images/I/41K00ALXHtL._SY300_.jpg", "price": 3.99, "numReviews": 8, "groups": [55], "averageRating": 3.125, "salesRankCategory": "Home Improvement", "salesRank": 21905}, {"asin": "B004BEP4PC", "name": "Kennel Gate Latch, 1-3/8\" Frame Galvanized Steel", "imUrl": "http://ecx.images-amazon.com/images/I/41gnVOCJKfL._SX300_.jpg", "price": 13.45, "numReviews": 14, "groups": [56], "averageRating": 5.0}, {"asin": "B009YNUHTI", "name": "Stanley National Hardware CD1261 Automatic Gate Latch", "imUrl": "http://ecx.images-amazon.com/images/I/41gBc6GFdFL._SX300_.jpg", "price": 10.84, "numReviews": 7, "groups": [43, 50], "averageRating": 4.142857142857143, "brand": "Stanley National Hardware"}, {"asin": "B0059B511I", "name": "5/8\" J-Bolt with Plate to attach to an existing structure Pair of Heavy Duty Hinges with Ball Bearing For Heavy Driveway Gates includes 2 washers 2 nuts", "imUrl": "http://ecx.images-amazon.com/images/I/41DgDSrP1KL._SY300_.jpg", "price": 39.95, "numReviews": 2, "groups": [57, 58], "averageRating": 5.0}, {"asin": "B007TH758W", "name": "ALEKO\u00ae AS1300 NOR Gate Opener Operator for Dual Swing Gates up to 20-feet Long and 1300-pounds", "imUrl": "http://ecx.images-amazon.com/images/I/41ky3lR7s6L._SX300_.jpg", "price": 359.0, "numReviews": 1, "groups": [59], "averageRating": 2.0, "brand": "ALEKO"}, {"asin": "B000BD6DCU", "name": "National Hardware 859BC 10\" Ornamental T-Hinge", "imUrl": "http://ecx.images-amazon.com/images/I/31mUMuHV5aL._SX300_.jpg", "price": 12.61, "numReviews": 2, "groups": [60], "averageRating": 5.0}, {"asin": "B002KFZU30", "name": "Stanley National Hardware CD6220 7-3/4\" x 8-1/2\" Tru-Close Decorative Spring T Hinge", "imUrl": "http://ecx.images-amazon.com/images/I/41uXP8EEaeL._SX300_.jpg", "price": 31.93, "numReviews": 6, "groups": [61], "averageRating": 3.5, "brand": "Stanley"}, {"asin": "B007B2T308", "name": "GateGuard 22S Swing Gate Opener Operator for Dual Swing Gates up to 13-feet long and 1100 pounds", "imUrl": "http://ecx.images-amazon.com/images/I/41AIX2tqXnL._SX300_.jpg", "price": 339.0, "numReviews": 2, "groups": [62], "averageRating": 3.0}, {"asin": "B005OUYHR8", "name": "ALEKO\u00ae AC1300ACC Sliding Gate Opener for Sliding Gates Up to 50-Feet Long and 1400-Pounds", "imUrl": "http://ecx.images-amazon.com/images/I/41V006Du8zL._SY300_.jpg", "price": 325.0, "numReviews": 2, "groups": [63], "averageRating": 1.0, "brand": "ALEKO"}, {"asin": "B005OV03QG", "name": "ALEKO\u00ae AC2200ACC Sliding Gate Opener for Sliding Gates Up to 50-Feet Long and 2200-Pounds", "imUrl": "http://ecx.images-amazon.com/images/I/41V006Du8zL._SY300_.jpg", "price": 399.0, "numReviews": 3, "groups": [64], "averageRating": 2.0, "brand": "ALEKO"}, {"asin": "B0067776RK", "name": "Vinyl Fence Gate Latch", "imUrl": "http://ecx.images-amazon.com/images/I/41I9cLRtfjL._SX300_.jpg", "price": 19.39, "numReviews": 1, "groups": [65], "averageRating": 5.0}, {"asin": "B007UPBYX0", "name": "ALEKO\u00ae AS1300 ACC Gate Opener Operator for Dual Swing Gates up to 20-feet Long and 1300-pounds", "imUrl": "http://ecx.images-amazon.com/images/I/41z2mXKv94L._SX300_.jpg", "price": 379.0, "numReviews": 3, "groups": [59], "averageRating": 2.0, "brand": "ALEKO"}, {"asin": "B0066C1RTY", "name": "Gate Helper Wheel, for Chain link Fence Swing Gate", "imUrl": "http://ecx.images-amazon.com/images/I/31WNPY0PUiL._SY300_.jpg", "price": 15.65, "numReviews": 3, "groups": [66], "averageRating": 3.6666666666666665}, {"asin": "B001FRQRHC", "name": "Stanley National Hardware CD1262 Auto-Adjust Gate Latch", "imUrl": "http://ecx.images-amazon.com/images/I/41mYyGNAGgL._SX300_.jpg", "price": 4.45, "numReviews": 1, "groups": [67], "averageRating": 5.0, "brand": "Stanley National Hardware"}, {"asin": "B00676TNCW", "name": "GATE LATCH WITH SOLID BRASS HANDLE", "imUrl": "http://ecx.images-amazon.com/images/I/11dI79Y7UsL.jpg", "price": 68.97, "numReviews": 1, "groups": [68], "averageRating": 1.0}, {"asin": "B0002YP946", "name": "Mighty Mule Gate Operator Security Pin Lock (FM133)", "imUrl": "http://ecx.images-amazon.com/images/I/41JFYxnQNSL._SY300_.jpg", "price": 13.95, "numReviews": 29, "groups": [69], "averageRating": 4.0, "brand": "Mighty Mule", "salesRankCategory": "Home Improvement", "salesRank": 5127}, {"asin": "B004HUDACE", "name": "Fun & Functional! Tie-Dye 3-1/2\" Double-End Snap Hook - Premium Quality", "imUrl": "http://ecx.images-amazon.com/images/I/51GugZIfiVL._SY300_.jpg", "price": 4.97, "numReviews": 2, "groups": [70], "averageRating": 5.0}, {"asin": "B0051U91G8", "name": "ALEKO\u00ae AC1800 Sliding Gate Opener for Sliding Gates Up to 50-Feet Long and 1700-Pounds", "imUrl": "http://ecx.images-amazon.com/images/I/41NzLnm55LL._SY300_.jpg", "price": 299.0, "numReviews": 1, "groups": [71], "averageRating": 1.0, "brand": "ALEKO"}, {"asin": "B001G132DY", "name": "White Heavy Duty Tru-Close Self-Closing Multi-Adjust Hinges - Pair", "imUrl": "http://ecx.images-amazon.com/images/I/41BEWDjLnHL._SX300_.jpg", "price": 98.95, "numReviews": 1, "groups": [72], "averageRating": 5.0}, {"asin": "B00GS8HF2Y", "name": "The Hillman Group 853344 Out Swinging Thumb Latch- Black 1-Pack", "imUrl": "http://ecx.images-amazon.com/images/I/31Vt24czBpL._SY300_.jpg", "price": 12.7, "numReviews": 1, "groups": [73], "averageRating": 1.0}, {"asin": "B000BDB7GW", "name": "National Hardware V836 1/2\" x 12\" Cane Bolt", "imUrl": "http://ecx.images-amazon.com/images/I/21pIqbg2KhL._SY300_.jpg", "price": 9.99, "numReviews": 6, "groups": [74], "averageRating": 5.0}, {"asin": "B0041XVV1O", "name": "EZ Brace - Anti Sag Gate Brace", "imUrl": "http://ecx.images-amazon.com/images/I/51apZePvTIL._SY300_.jpg", "price": 48.04, "numReviews": 25, "groups": [22], "averageRating": 4.6, "brand": "EZ Brace"}, {"asin": "B005OLAGFE", "name": "ALEKO AC1400ACC Sliding Gate Opener for Sliding Gates Up to 50-Feet Long and 1400-Pounds", "imUrl": "http://ecx.images-amazon.com/images/I/41yVqajcaXL._SY300_.jpg", "price": 298.0, "numReviews": 9, "groups": [30], "averageRating": 3.888888888888889, "brand": "ALEKO"}, {"asin": "B000B4N390", "name": "National Hardware V21A 4\" Adjust-O-Matic\u00ae", "imUrl": "http://ecx.images-amazon.com/images/I/41IAxgAF--L._SX300_.jpg", "price": 4.76, "numReviews": 2, "groups": [75], "averageRating": 1.0}, {"asin": "B000HQ7T6A", "name": "Apollo 835 Gate Control Board", "imUrl": "http://ecx.images-amazon.com/images/I/213RTICpQlL.jpg", "price": 264.0, "numReviews": 1, "groups": [76], "averageRating": 5.0, "brand": "Apollo"}, {"asin": "B000FBKMRU", "name": "Co-Line Gate Wheel", "imUrl": "http://ecx.images-amazon.com/images/I/31ZRJFDYA7L._SY300_.jpg", "price": 17.95, "numReviews": 18, "groups": [77], "averageRating": 4.833333333333333, "brand": "Co-Line", "salesRankCategory": "Patio, Lawn & Garden", "salesRank": 15312}, {"asin": "B007UPBLN8", "name": "ALEKO\u00ae AS900 ACC Gate Opener Operator for Dual Swing Gates up to 20-feet Long and 1000-pounds", "imUrl": "http://ecx.images-amazon.com/images/I/41uPE4peJDL._SY300_.jpg", "price": 12.0, "numReviews": 5, "groups": [78], "averageRating": 2.0}, {"asin": "B002JFQQQQ", "name": "Stanley National Hardware CD1262 Auto-Adjust Gate Latch", "imUrl": "http://ecx.images-amazon.com/images/I/41guUfO-XTL._SX300_.jpg", "price": 6.48, "numReviews": 2, "groups": [67], "averageRating": 4.5, "brand": "Stanley National Hardware"}, {"asin": "B005HQGY4I", "name": "Auto Pool Latch 1-3/8\" X 2-1/2\" for Pool Chain Link Fence Gate", "imUrl": "http://ecx.images-amazon.com/images/I/311hezKH27L.jpg", "price": 37.0, "numReviews": 1, "groups": [79], "averageRating": 4.0}, {"asin": "B00F2J3KDS", "name": "Gate Helper Swivel Wheel, for 1-3/8\" Chain link Fence Swing Gate", "imUrl": "http://ecx.images-amazon.com/images/I/31obn-986JL._SY300_.jpg", "price": 15.55, "numReviews": 1, "groups": [80], "averageRating": 4.0}, {"asin": "B00AWU6ZY8", "name": "Chain link Gate Spring Closer 1-3/8\" X 2-1/2\"", "imUrl": "http://ecx.images-amazon.com/images/I/21nWPmwE%2BNL._SX300_.jpg", "price": 14.99, "numReviews": 1, "groups": [81], "averageRating": 4.0}, {"asin": "B0052390EM", "name": "Sliding, Rolling Gate Guide Roller Black UHMW Rollers Rubberized Hard Plastic Sliding Gate Roller Guide with Bracket 3\"", "imUrl": "http://ecx.images-amazon.com/images/I/31ENqr1DqLL._SX300_.jpg", "price": 5.95, "numReviews": 5, "groups": [82], "averageRating": 4.2}, {"asin": "B00522W7FC", "name": "Magnetic Child Safety Gate Pool Latch Magnetic Pool Safety Gate Latch, Meets Pool Code", "imUrl": "http://ecx.images-amazon.com/images/I/11i4oCLYRbL.jpg", "price": 49.95, "numReviews": 3, "groups": [83], "averageRating": 3.6666666666666665}, {"asin": "B002KFZU12", "name": "Stanley National Hardware CD6207 Magna Latch Top Pull For Gates 60\" and Taller", "imUrl": "http://ecx.images-amazon.com/images/I/31nwfB1-Q-L._SY300_.jpg", "price": 58.05, "numReviews": 15, "groups": [84], "averageRating": 4.266666666666667, "brand": "Stanley"}, {"asin": "B003XC3L1C", "name": "Pool Safety Gate Latch - Magna Latch", "imUrl": "http://ecx.images-amazon.com/images/I/21CWxn6NgKL._SY300_.jpg", "price": 61.12, "numReviews": 2, "groups": [85], "averageRating": 4.5, "salesRankCategory": "Patio, Lawn & Garden", "salesRank": 10147}, {"asin": "B0051U5W0C", "name": "ALEKO\u00ae AC1800 Sliding Gate Opener Operator Chain Driven", "imUrl": "http://ecx.images-amazon.com/images/I/31QDWJqN84L._SY300_.jpg", "price": 289.0, "numReviews": 7, "groups": [86], "averageRating": 3.4285714285714284, "brand": "ALEKO"}, {"asin": "B007T1NZ0U", "name": "Dublin Style Iron Wrought Gate 12' High Quality Driveway Gates Ornamental Dual Swing Gates 12'", "imUrl": "http://ecx.images-amazon.com/images/I/41ZRNhDUSpL._SX300_.jpg", "price": 899.0, "numReviews": 1, "groups": [87], "averageRating": 2.0}, {"asin": "B009TAE8JQ", "name": "Wall Mount Gate Butterfly Fork Latch - 1-3/8\" Fork, Chain link Fence gate hardware, Chain link Fence Gate parts", "imUrl": "http://ecx.images-amazon.com/images/I/315LQzOS5hL._SX300_.jpg", "price": 14.25, "numReviews": 9, "groups": [56], "averageRating": 4.666666666666667}, {"asin": "B003UOWZ7Y", "name": "ALEKO\u00ae AS1200ACC Solar Power Compatible Gate Opener Operator for Dual Swing Gates up to 20-feet Long and 1320-pounds,", "imUrl": "http://ecx.images-amazon.com/images/I/41xPhJjg3uL._SY300_.jpg", "price": 399.0, "numReviews": 8, "groups": [88], "averageRating": 2.625, "brand": "ALEKO"}, {"asin": "B000UVQSUK", "name": "Speeco Farmex S16100800-GL161008 Gate Hinge", "imUrl": "http://ecx.images-amazon.com/images/I/41-x49o0ZQL._SY300_.jpg", "price": 15.42, "numReviews": 1, "groups": [89], "averageRating": 5.0, "brand": "Farmex"}, {"asin": "B00004Z101", "name": "Stanley Hardware 76-0869 Ornamental Gate Spring", "imUrl": "http://ecx.images-amazon.com/images/I/31CA%2BzXeyML._SX300_.jpg", "price": 14.06, "numReviews": 13, "groups": [90], "averageRating": 4.3076923076923075, "brand": "Stanley Hardware"}, {"asin": "B004EKRMCG", "name": "Heavy Duty Fork Latch - Malleable -2\" x 3\" Chain Link Gate", "imUrl": "http://ecx.images-amazon.com/images/I/31xg3zRbYvL._SX300_.jpg", "price": 16.39, "numReviews": 1, "groups": [91], "averageRating": 5.0}, {"asin": "B00A4PP1Y6", "name": "Vinyl Fence Hardware - Single Gate Kit - Black (Vinyl Gate Hinges and Latch)", "imUrl": "http://ecx.images-amazon.com/images/I/41aDDY05f1L._SX300_.jpg", "price": 42.5, "numReviews": 2, "groups": [92], "averageRating": 4.0}, {"asin": "B000NHLOIM", "name": "Stanley Hardware Anti-Sag Gate Kit, Zinc Plated #760829", "imUrl": "http://ecx.images-amazon.com/images/I/41KxNiSp8pL._SY300_.jpg", "price": 11.72, "numReviews": 5, "groups": [93], "averageRating": 4.8, "brand": "Stanley"}, {"asin": "B007VV05JW", "name": "ALEKO\u00ae LM149 Electric Lock for Driveway Gate Opener Operator", "imUrl": "http://ecx.images-amazon.com/images/I/41RvhMwYZeL._SX300_.jpg", "price": 75.0, "numReviews": 1, "groups": [94], "averageRating": 1.0, "brand": "ALEKO"}, {"asin": "B003AZ098U", "name": "Speeco S16100100 Lockable Tube Gate Latch, 2-way", "imUrl": "http://ecx.images-amazon.com/images/I/41Y1oALz8hL._SY300_.jpg", "price": 22.49, "numReviews": 28, "groups": [95], "averageRating": 4.607142857142857, "salesRankCategory": "Patio, Lawn & Garden", "salesRank": 11728}, {"asin": "B0007PANH8", "name": "5 Watt Solar Panel Kit (FM121) for Mighty Mule Automatic Gate Openers", "imUrl": "http://ecx.images-amazon.com/images/I/51ONVvXkcuL._SY300_.jpg", "price": 89.95, "numReviews": 11, "groups": [96], "averageRating": 4.545454545454546, "brand": "Mighty Mule", "salesRankCategory": "Home Improvement", "salesRank": 67258}, {"asin": "B003THEJY4", "name": "Gate Wheel, 1 5/8\" to 2\" OD", "imUrl": "http://ecx.images-amazon.com/images/I/51Va3OXaBgL._SY300_.jpg", "price": 24.8, "numReviews": 5, "groups": [97], "averageRating": 3.2}, {"asin": "B000FKBP4K", "name": "Stanley National Hardware SP1261 Automatic Gate Latch", "imUrl": "http://ecx.images-amazon.com/images/I/41pKgE5bYNL._SX300_.jpg", "price": 6.38, "numReviews": 1, "groups": [98], "averageRating": 4.0, "brand": "Stanley"}, {"asin": "B0012ZX15S", "name": "Residential Child Proof Gate Latch - 2 1/2 Inch x 1 3/8 Inch", "imUrl": "http://ecx.images-amazon.com/images/I/31ZgyWSNv5L._SY300_.jpg", "price": 45.0, "numReviews": 5, "groups": [99], "averageRating": 3.6, "salesRankCategory": "Patio, Lawn & Garden", "salesRank": 42848}, {"asin": "B000AYHZG8", "name": "National Hardware V836 1/2\" x 12\" Cane Bolt", "imUrl": "http://ecx.images-amazon.com/images/I/216ibTuSOML._SY300_.jpg", "price": 11.0, "numReviews": 2, "groups": [100], "averageRating": 5.0}, {"asin": "B0015RZAGQ", "name": "Mighty Mule FM316 Battery Heater Kit", "imUrl": "http://ecx.images-amazon.com/images/I/41vn%2BAuaeeL._SY300_.jpg", "price": 34.99, "numReviews": 2, "groups": [101], "averageRating": 3.5, "brand": "Mighty Mule"}, {"asin": "B005236MAW", "name": "Aluminum Gate V Track Inverted V Track For Sliding, Rolling Driveway Gate - Slide Door can weight up to 500 lbs -- Minimum order requires are 2 pieces", "imUrl": "http://ecx.images-amazon.com/images/I/31GyXb5SuWL.jpg", "price": 34.95, "numReviews": 3, "groups": [102], "averageRating": 4.666666666666667}, {"asin": "B0096SP1HE", "name": "Everbilt Self-closing Gate Kit Black 526 504", "imUrl": "http://ecx.images-amazon.com/images/I/31u4t%2B8V%2BVL.jpg", "price": 25.99, "numReviews": 3, "groups": [103], "averageRating": 4.333333333333333}, {"asin": "B002KFZTZ4", "name": "Stanley National Hardware CD6201 4-9/16\" Lock Latch in Black", "imUrl": "http://ecx.images-amazon.com/images/I/41LJhBqIhZL._SY300_.jpg", "price": 22.08, "numReviews": 33, "groups": [19, 51], "averageRating": 4.03030303030303, "brand": "Stanley"}, {"asin": "B005QW4ROC", "name": "ALEKO\u00ae AR900 Sliding Gate Opener for Sliding Gates Up to 30-Feet Long and 900-Pounds", "imUrl": "http://ecx.images-amazon.com/images/I/314o2cccXtL._SX300_.jpg", "price": 199.0, "numReviews": 6, "groups": [104], "averageRating": 3.1666666666666665, "brand": "ALEKO"}, {"asin": "B005OV0MLC", "name": "ALEKO\u00ae AC2200NOR Sliding Gate Opener for Sliding Gates Up to 50-Feet Long and 2200-Pounds", "imUrl": "http://ecx.images-amazon.com/images/I/41V006Du8zL._SY300_.jpg", "price": 339.0, "numReviews": 2, "groups": [105], "averageRating": 1.0, "brand": "ALEKO"}, {"asin": "B009W2Z9VW", "name": "Standard Gate Helper Wheel, for Chain link Fence Swing Gate", "imUrl": "http://ecx.images-amazon.com/images/I/21aqh5n3ZhL.jpg", "price": 39.97, "numReviews": 2, "groups": [106], "averageRating": 5.0}, {"asin": "B0014FNW8M", "name": "Keypad Mounting Post (FM100) for Mighty Mule Automatic Gate Opener", "imUrl": "http://ecx.images-amazon.com/images/I/214WIEpAxEL._SY300_.jpg", "price": 83.0, "numReviews": 7, "groups": [107], "averageRating": 4.0, "brand": "Mighty Mule"}, {"asin": "B007VWRNAU", "name": "ALEKO AC2000H Sliding Gate Opener for Sliding Gates Up to 60-Feet Long and 2000-Pounds.", "imUrl": "http://ecx.images-amazon.com/images/I/414S9xquh5L._SY300_.jpg", "price": 359.0, "numReviews": 1, "groups": [108], "averageRating": 4.0, "brand": "ALEKO"}, {"asin": "B007KWMQRQ", "name": "ALEKO\u00ae LM108 Universal Mounting Post Gate Entry Gooseneck Keypad Stand", "imUrl": "http://ecx.images-amazon.com/images/I/21iXOK2XItL._SY300_.jpg", "price": 59.0, "numReviews": 3, "groups": [109], "averageRating": 4.666666666666667}, {"asin": "B000NHPKPK", "name": "Stanley National Hardware SP1391 7\" Professional Choice? Heavy Duty T-Hinge", "imUrl": "http://ecx.images-amazon.com/images/I/31ElogQT3OL._SX300_.jpg", "price": 11.71, "numReviews": 2, "groups": [40], "averageRating": 4.5, "brand": "Stanley"}, {"asin": "B004MYGJYG", "name": "Ultra Hardware 35943 Gate Kit, Zinc Plated", "imUrl": "http://ecx.images-amazon.com/images/I/414AGlRW3sL._SX300_.jpg", "price": 15.49, "numReviews": 1, "groups": [110], "averageRating": 5.0, "brand": "Ultra Hardware"}, {"asin": "B005OH05YU", "name": "Prague Style Iron Wrought Gate  6'1/4\" High Quality Ornamental Dual Swing Driveway Gates 12'", "imUrl": "http://ecx.images-amazon.com/images/I/51swPS9kvJL._SX300_.jpg", "price": 850.0, "numReviews": 1, "groups": [111], "averageRating": 1.0}, {"asin": "B000BQSSZW", "name": "National Hardware V3 8-3/4\" Ornamental Pull", "imUrl": "http://ecx.images-amazon.com/images/I/31jy6ly93%2BL._SY300_.jpg", "price": 5.35, "numReviews": 5, "groups": [112], "averageRating": 4.8, "salesRankCategory": "Home Improvement", "salesRank": 73158}, {"asin": "B004PW1BXY", "name": "Pkg of (4) Corner Gate Latch Sets for Stake Body Gates - Clear Zinc", "imUrl": "http://ecx.images-amazon.com/images/I/21UcoJ0%2BkKL.jpg", "price": 20.95, "numReviews": 8, "groups": [113], "averageRating": 4.625}, {"asin": "B005V1FMCE", "name": "Electric Lock for GTO Mighty Mule Swing Gate Opener Operator", "imUrl": "http://ecx.images-amazon.com/images/I/41tn%2BsNAA3L._SX300_.jpg", "price": 79.0, "numReviews": 7, "groups": [114], "averageRating": 4.0, "brand": "Electric Lock"}, {"asin": "B00004Z109", "name": "Stanley Hardware 76-0828 Anti-Sag Gate Kit", "imUrl": "http://ecx.images-amazon.com/images/I/41H047w5GjL._SX300_.jpg", "price": 11.02, "numReviews": 12, "groups": [93], "averageRating": 3.9166666666666665, "brand": "Stanley Hardware"}, {"asin": "B000OD2LGO", "name": "National Mfg. N342691 Vinyl Fence Gate Latch", "imUrl": "http://ecx.images-amazon.com/images/I/41PGzqotAOL._SY300_.jpg", "price": 14.98, "numReviews": 2, "groups": [115], "averageRating": 5.0, "brand": "National"}, {"asin": "B0015S1E3S", "name": "Mighty Mule Push to Open Gate Bracket (FM148) for Mighty Mule Automatic Gate Openers", "imUrl": "http://ecx.images-amazon.com/images/I/41Vv0U8yzsL._SY300_.jpg", "price": 18.28, "numReviews": 17, "groups": [116], "averageRating": 4.235294117647059, "brand": "Mighty Mule"}, {"asin": "B00CMYT6MU", "name": "ALEKO\u00ae GG1300ACC Accessories Kit Swing Gate Opener for Dual Swing Gates Up to 16-Feet Long and 1300-Pounds", "imUrl": "http://ecx.images-amazon.com/images/I/41gD3tMH20L._SY300_.jpg", "price": 439.0, "numReviews": 1, "groups": [117], "averageRating": 4.0, "brand": "ALEKO"}, {"asin": "B00CMYNYUK", "name": "ALEKO\u00ae GG900 Basic Kit Swing Gate Opener for Dual Swing Gates Up to 12-Feet Long and 900-Pounds", "imUrl": "http://ecx.images-amazon.com/images/I/41bGWhym9qL._SX300_.jpg", "price": 379.0, "numReviews": 2, "groups": [118], "averageRating": 1.5, "brand": "ALEKO"}, {"asin": "B004Z8JBFS", "name": "Aleko AC1400 Electric Sliding Gate Opener for Sliding Gates Up to 40-Feet Long and 1400-Pounds", "imUrl": "http://ecx.images-amazon.com/images/I/41i8gEBHxDL._SY300_.jpg", "price": 275.0, "numReviews": 30, "groups": [119], "averageRating": 3.8, "salesRankCategory": "Patio, Lawn & Garden", "salesRank": 11112}, {"asin": "B0051RWO1K", "name": "Steel 3/4\" J Bolt Welded Hinge Heavy Driveway Gates For Welding on Larger Iron or Steel Gates", "imUrl": "http://ecx.images-amazon.com/images/I/21DnJMTimsL._SX300_.jpg", "price": 44.95, "numReviews": 2, "groups": [120], "averageRating": 3.5}, {"asin": "B0007CTNDG", "name": "PRO-SW4000XL Automatic Gate Opener for Swing Gate up to 20-Foot and 1000-Pound", "imUrl": "http://ecx.images-amazon.com/images/I/21xOBF%2Bk69L._SX300_.jpg", "price": 895.0, "numReviews": 3, "groups": [121], "averageRating": 2.6666666666666665}, {"asin": "B000ZNOWRE", "name": "Koch 104023 Forged Turnbuckle, 1/2-Inch by 9-Inch Jaw and Jaw, Galvanized", "imUrl": "http://ecx.images-amazon.com/images/I/21oqKIMGpXL._SX300_.jpg", "price": 17.82, "numReviews": 8, "groups": [122], "averageRating": 4.5}, {"asin": "B00CR90ASY", "name": "The Hillman Group 592782 Safety Hook and Eye, Zinc, 2-1/2-Inch 1-Pack", "imUrl": "http://ecx.images-amazon.com/images/I/41DymH1wPML._SX300_.jpg", "price": 2.41, "numReviews": 3, "groups": [123], "averageRating": 4.666666666666667}, {"asin": "B00523898K", "name": "Sliding, Rolling Gate Guide Roller Black UHMW Rollers Rubberized Hard Plastic Sliding Gate Roller Guide with Bracket 6\"", "imUrl": "http://ecx.images-amazon.com/images/I/41D7zVvINIL._SX300_.jpg", "price": 6.0, "numReviews": 1, "groups": [124], "averageRating": 5.0}, {"asin": "B004UNX8ES", "name": "TruClose Heavy Duty Gate Hinge for Vinyl & Wood Gates", "imUrl": "http://ecx.images-amazon.com/images/I/41L-bEqjfyL._SY300_.jpg", "price": 49.99, "numReviews": 9, "groups": [2, 125], "averageRating": 4.777777777777778, "brand": "TruClose"}, {"asin": "B004MYGK3G", "name": "Ultra Hardware 35941 Auto Adjust Gate Latch, Stainless Steel", "imUrl": "http://ecx.images-amazon.com/images/I/41nP7W%2BbWiL._SX300_.jpg", "price": 17.99, "numReviews": 3, "groups": [126], "averageRating": 4.666666666666667}, {"asin": "B002M41NEY", "name": "Mighty Mule AQ201-NB Narrow Band Receiver - 10' Cable (Grey)", "imUrl": "http://ecx.images-amazon.com/images/I/312rS0JNTIL._SY300_.jpg", "price": 40.99, "numReviews": 20, "groups": [127], "averageRating": 4.45, "brand": "Mighty Mule"}, {"asin": "B004EKCMVW", "name": "Rolling Cantilever Slide Gate Hardware Set, For 3\" post, Chain Link Fence Gate", "imUrl": "http://ecx.images-amazon.com/images/I/21kv6JoAeUL.jpg", "price": 245.5, "numReviews": 3, "groups": [128], "averageRating": 5.0}, {"asin": "B00004Z11D", "name": "Stanley National Hardware CD953 1/2\" x 4\" Screw Hook & Eye Hinge", "imUrl": "http://ecx.images-amazon.com/images/I/4192GSABGAL._SX300_.jpg", "price": 19.11, "numReviews": 1, "groups": [129], "averageRating": 5.0, "brand": "Stanley"}, {"asin": "B005QX5FXS", "name": "ALEKO\u00ae LM149 Electric Lock for Swing Gate Opener Operator", "imUrl": "http://ecx.images-amazon.com/images/I/51SE8YL7E2L._SX300_.jpg", "price": 79.0, "numReviews": 2, "groups": [34], "averageRating": 2.5}, {"asin": "B003B1RK0I", "name": "ALEKO\u00ae AR1450 Slide Gate Opener for Sliding Gates Up to 55-Feet Long and 1400-Pounds", "imUrl": "http://ecx.images-amazon.com/images/I/41coADqsbRL._SY300_.jpg", "price": 245.0, "numReviews": 21, "groups": [130], "averageRating": 3.9047619047619047, "brand": "ALEKO"}, {"asin": "B007JVV94Y", "name": "Eagle-I 1/2 HP Slide Gate Operator (Crank-open) FSC Gate Opener", "imUrl": "http://ecx.images-amazon.com/images/I/31WB3LRfw2L._SY300_.jpg", "price": 849.0, "numReviews": 1, "groups": [131], "averageRating": 1.0}, {"asin": "B002JG733A", "name": "MINTCRAFT 33199PKS-BC3L  Outswing Gate Latch, Black", "imUrl": "http://ecx.images-amazon.com/images/I/41oRYECP9gL._SY300_.jpg", "price": 7.24, "numReviews": 2, "groups": [132], "averageRating": 4.5}, {"asin": "B0050WBCTQ", "name": "National Manufacturing N343-459 Aluminum Vinyl Fence Gate Kit", "imUrl": "http://ecx.images-amazon.com/images/I/41yVILGOiGL._SY300_.jpg", "price": 15.04, "numReviews": 1, "groups": [133], "averageRating": 5.0, "brand": ""}, {"asin": "B00B9Y4IW2", "name": "Gate Stops (a Pair) Heavy Duty, Solid Iron, Black", "imUrl": "http://ecx.images-amazon.com/images/I/41JQHhsNkML._SX300_.jpg", "price": 24.64, "numReviews": 1, "groups": [134], "averageRating": 5.0}, {"asin": "B000KGUZHW", "name": "Mighty Mule FM123 10-Watt Solar Panel", "imUrl": "http://ecx.images-amazon.com/images/I/51ONVvXkcuL._SY300_.jpg", "price": 150.0, "numReviews": 9, "groups": [135], "averageRating": 3.888888888888889, "brand": "Mighty Mule"}, {"asin": "B001GLZQ1K", "name": "Stanley National Hardware CD1398 11\" Ornamental Pull", "imUrl": "http://ecx.images-amazon.com/images/I/31g3q%2BRK%2B-L._SY300_.jpg", "price": 5.98, "numReviews": 4, "groups": [136], "averageRating": 4.5, "brand": "Stanley National Hardware"}, {"asin": "B004EKNEMI", "name": "Gate Fork Latch - 1-5/8\" Fork, Wall Mount - Chain link Fence gate hardware, Chain link Fence Gate parts", "imUrl": "http://ecx.images-amazon.com/images/I/414cGDcsQUL._SX300_.jpg", "price": 13.7, "numReviews": 2, "groups": [137], "averageRating": 5.0}, {"asin": "B00522VZVE", "name": "Magnetic Child Safety Gate Pool Latch Magnetic Pool Safety Gate Latch, Meets Pool Code", "imUrl": "http://ecx.images-amazon.com/images/I/21hBqtsNZUL._SY300_.jpg", "price": 59.95, "numReviews": 3, "groups": [138], "averageRating": 5.0}, {"asin": "B005QX7ZS6", "name": "ALEKO\u00ae LM148 Electric Lock for Slide Gate Opener Operator", "imUrl": "http://ecx.images-amazon.com/images/I/31-bl78pcdL._SY300_.jpg", "price": 75.99, "numReviews": 2, "groups": [139], "averageRating": 2.0}, {"asin": "B000ZNQI12", "name": "Koch 103022 Forged Turnbuckle, 1/2-Inch by 9-Inch Hook and Eye, Galvanized", "imUrl": "http://ecx.images-amazon.com/images/I/21c9JWG8adL._SX300_.jpg", "price": 10.68, "numReviews": 1, "groups": [140], "averageRating": 4.0}, {"asin": "B000LC9850", "name": "Stanley National Hardware CD1496 Gate Latch", "imUrl": "http://ecx.images-amazon.com/images/I/31NpzLuDcgL._SY300_.jpg", "price": 11.71, "numReviews": 4, "groups": [141], "averageRating": 4.25, "brand": "Stanley National Hardware"}, {"asin": "B000HQ9VO8", "name": "Apollo 635 Gate Control Board for 1500", "imUrl": "http://ecx.images-amazon.com/images/I/11vrXNwONHL.jpg", "price": 180.0, "numReviews": 1, "groups": [142], "averageRating": 5.0, "brand": "Apollo"}, {"asin": "B0015S1E4W", "name": "Mighty Mule FM152 Replacement Battery for Mighty Mule 250", "imUrl": "http://ecx.images-amazon.com/images/I/41VdoRayrzL._SX300_.jpg", "price": 17.5, "numReviews": 2, "groups": [143], "averageRating": 3.5}, {"asin": "B004P8DLQS", "name": "ALEKO\u00ae St.Petersburg Style Iron Wrought Gate 16' High Quality Driveway Gates Ornamental Dual Swing Gates 16'", "imUrl": "http://ecx.images-amazon.com/images/I/41b%2BFvPS5bL._SX300_.jpg", "price": 950.0, "numReviews": 1, "groups": [41], "averageRating": 5.0}, {"asin": "B000P5Y9ZC", "name": "Koch 103010 Forged Turnbuckle, 3/8-Inch by 6-Inch  Eye and Eye, Galvanized", "imUrl": "http://ecx.images-amazon.com/images/I/213O17dDUZL._SX300_.jpg", "price": 6.56, "numReviews": 1, "groups": [144], "averageRating": 5.0}, {"asin": "B0011N06BI", "name": "Stanley National Hardware CD1308 Decorative Gate Kit", "imUrl": "http://ecx.images-amazon.com/images/I/410-IOp387L._SX300_.jpg", "price": 18.54, "numReviews": 5, "groups": [145], "averageRating": 3.8, "brand": "Stanley"}, {"asin": "B0037M899M", "name": "Estate Swing E-S 300 Classic Single Swing Gate Opener", "imUrl": "http://ecx.images-amazon.com/images/I/41-3VW8-4YL._SX300_.jpg", "price": 550.0, "numReviews": 1, "groups": [146], "averageRating": 3.0}, {"asin": "B009TRM9U4", "name": "Rolling Cantilever Slide Gate Hardware Set, For 4\" post, Chain Link Fence Gate", "imUrl": "http://ecx.images-amazon.com/images/I/21kv6JoAeUL.jpg", "price": 299.49, "numReviews": 1, "groups": [128], "averageRating": 1.0}, {"asin": "B00F59GCQC", "name": "ALEKO\u00ae 5/8\" Hinge J-Bolt for Aleko Driveway Gates Iron Gate with 2 Bolts, Nuts and Washers", "imUrl": "http://ecx.images-amazon.com/images/I/41JGZQ735NL._SY300_.jpg", "price": 20.0, "numReviews": 4, "groups": [57], "averageRating": 3.75, "brand": "ALEKO"}, {"asin": "B002KFZTZO", "name": "Stanley National Hardware CD6203 5-7/8\" Lock Latch Deluxe", "imUrl": "http://ecx.images-amazon.com/images/I/41Xqjxma2uL._SX300_.jpg", "price": 59.2, "numReviews": 56, "groups": [147], "averageRating": 3.8035714285714284, "brand": "Stanley"}, {"asin": "B002T44SIU", "name": "Koch 104028 Forged Turnbuckle, 1/2-Inch by 12-Inch Jaw and Jaw, Galvanized", "imUrl": "http://ecx.images-amazon.com/images/I/219Qm-VbA8L._SX300_.jpg", "price": 25.21, "numReviews": 5, "groups": [148], "averageRating": 2.8}, {"asin": "B00A4PD5LM", "name": "Vinyl Fence Gate Latch (Black)", "imUrl": "http://ecx.images-amazon.com/images/I/312qjJxxR%2BL._SX300_.jpg", "price": 18.74, "numReviews": 2, "groups": [65], "averageRating": 4.5}, {"asin": "B000KKXC9G", "name": "Stanley National Hardware CD8441 2-1/2\" Safety Gate Hook", "imUrl": "http://ecx.images-amazon.com/images/I/41eRpcKsx4L._SX300_.jpg", "price": 5.38, "numReviews": 1, "groups": [149], "averageRating": 5.0, "brand": "Stanley"}, {"asin": "B000FP8KDY", "name": "National Hardware 299BC 1-5/8\" Pipe Gate Hinge", "imUrl": "http://ecx.images-amazon.com/images/I/41sRVOFP%2BvL._SY300_.jpg", "price": 6.57, "numReviews": 1, "groups": [89], "averageRating": 5.0, "brand": "National Hardware"}, {"asin": "B003BHECI0", "name": "Estate Swing Original Low Impact Automatic Gate Lock", "imUrl": "http://ecx.images-amazon.com/images/I/31A%2B6DXdfOL._SX300_.jpg", "price": 144.99, "numReviews": 1, "groups": [20], "averageRating": 5.0}, {"asin": "B0057RLTHE", "name": "Gravity Gate Hinge Set Heavy Duty", "imUrl": "http://ecx.images-amazon.com/images/I/41Eko-MXKbL._SY300_.jpg", "price": 14.99, "numReviews": 1, "groups": [150], "averageRating": 5.0}, {"asin": "B000A8RC9O", "name": "Mighty Mule FM350 Automatic Gate Opener For Light Duty Single Swing Gates", "imUrl": "http://ecx.images-amazon.com/images/I/41xN3ECXh6L._SX300_.jpg", "price": 299.99, "numReviews": 76, "groups": [151], "averageRating": 2.8947368421052633, "brand": "Mighty Mule", "salesRankCategory": "Home Improvement", "salesRank": 12535}, {"asin": "B007EIBYOW", "name": "ALEKO\u00ae AS1200 Electric Gate Opener Operator for Dual Swing Gates up to 20-feet Long and 1320-pounds", "imUrl": "http://ecx.images-amazon.com/images/I/41lqSBtIj0L._SX300_.jpg", "price": 339.0, "numReviews": 8, "groups": [152], "averageRating": 3.375, "brand": "ALEKO"}, {"asin": "B002KFZU2Q", "name": "Stanley National Hardware CD6218 5\" x 6-15/16\" Tru-Close Heavy Duty Spring Hinge", "imUrl": "http://ecx.images-amazon.com/images/I/41npGUKt8qL._SY300_.jpg", "price": 47.17, "numReviews": 8, "groups": [125], "averageRating": 3.375, "brand": "Stanley"}, {"asin": "B0000AX6WL", "name": "Northern Industrial Tools Dual Gate Wheel [Misc.]", "imUrl": "http://ecx.images-amazon.com/images/I/41vfhml3vlL._SY300_.jpg", "price": 24.99, "numReviews": 4, "groups": [153], "averageRating": 4.25}, {"asin": "B002T44SFS", "name": "Koch 104018 Forged Turnbuckle, 1/2-Inch by 6-Inch Jaw and Jaw, Galvanized", "imUrl": "http://ecx.images-amazon.com/images/I/21x5CYCDzoL._SX300_.jpg", "price": 13.99, "numReviews": 6, "groups": [122], "averageRating": 3.3333333333333335}, {"asin": "B0026T5WLU", "name": "Mighty Mule R4222 12-Volt Photo Eyes Pair", "imUrl": "http://ecx.images-amazon.com/images/I/41BfnHsVb6L._SY300_.jpg", "price": 99.95, "numReviews": 1, "groups": [154], "averageRating": 5.0}, {"asin": "B002KFZU26", "name": "Stanley National Hardware CD6214 5\" x 3-1/2\" Tru-Close Heavy Duty Narrow Spring Hinge", "imUrl": "http://ecx.images-amazon.com/images/I/410o7KaMLNL._SY300_.jpg", "price": 41.19, "numReviews": 1, "groups": [155], "averageRating": 1.0, "brand": "Stanley"}, {"asin": "B008550SYU", "name": "New TM Heavy Duty Automatic Slide Gate Opener Operator with Wireless Remote Control", "imUrl": "http://ecx.images-amazon.com/images/I/51jij5GZa%2BL._SY300_.jpg", "price": 229.95, "numReviews": 1, "groups": [156], "averageRating": 1.0}, {"asin": "B005QWE8OG", "name": "ALEKO\u00ae AR2200ACC Sliding Gate Opener for Sliding Gates Up to 50-Feet Long and 2200-Pounds", "imUrl": "http://ecx.images-amazon.com/images/I/41YMXq4qrBL._SX300_.jpg", "price": 329.0, "numReviews": 2, "groups": [157], "averageRating": 1.0, "brand": "ALEKO"}, {"asin": "B0009SS140", "name": "National Hardware V13B Door/Gate Latch", "imUrl": "http://ecx.images-amazon.com/images/I/31OPnOI-xyL._SY300_.jpg", "price": 7.5, "numReviews": 1, "groups": [158], "averageRating": 5.0}, {"asin": "B001FB2JNY", "name": "Stanley National Hardware CD1295 11\" Gate Spring", "imUrl": "http://ecx.images-amazon.com/images/I/31%2B2tA%2B6VZL._SX300_.jpg", "price": 26.7, "numReviews": 2, "groups": [159], "averageRating": 5.0, "brand": "Stanley National Hardware"}, {"asin": "B0009SS13Q", "name": "Automatic Gate Lock (FM143) for Mighty Mule Automatic Gate Openers", "imUrl": "http://ecx.images-amazon.com/images/I/41BVtbZ871L._SY300_.jpg", "price": 119.95, "numReviews": 56, "groups": [160], "averageRating": 4.303571428571429, "brand": "Mighty Mule", "salesRankCategory": "Home Improvement", "salesRank": 7487}, {"asin": "B00ATPX6G6", "name": "Electric Gate Lock Kit with Wireless Remote (Electronic Buzzer Lock for Gates) Uses Yale Keyway", "imUrl": "http://ecx.images-amazon.com/images/I/416DL8A7OSL._SX300_.jpg", "price": 259.57, "numReviews": 2, "groups": [161], "averageRating": 5.0}, {"asin": "B00002X2IE", "name": "Stanley 62-1543 Professional Heavy Duty Gate Latch", "imUrl": "http://ecx.images-amazon.com/images/I/412EYY4Z8JL._SX300_.jpg", "price": 16.21, "numReviews": 2, "groups": [162], "averageRating": 4.0, "brand": "Stanley"}, {"asin": "B0011MWLTY", "name": "Stanley Home Designs 824342 Self Closing Gate Kit, Black", "imUrl": "http://ecx.images-amazon.com/images/I/41Laf%2BW8n0L._SY300_.jpg", "price": 17.97, "numReviews": 5, "groups": [163], "averageRating": 4.4, "brand": "Stanley"}, {"asin": "B000HTFK4A", "name": "GTO Column Mount Lock Receiver - 433IH", "imUrl": "http://ecx.images-amazon.com/images/I/31s17Uvv4sL.jpg", "price": 118.98, "numReviews": 2, "groups": [164], "averageRating": 4.5}, {"asin": "B0015S375Q", "name": "Mighty Mule RB509-250 Low Voltage Wire, 250-Foot Roll", "imUrl": "http://ecx.images-amazon.com/images/I/51ofXKYqtyL._SY300_.jpg", "price": 97.49, "numReviews": 2, "groups": [165], "averageRating": 4.5, "brand": "Mighty Mule"}, {"asin": "B0007PANGY", "name": "Mighty Mule FM502 Automatic Gate Opener for Heavy Duty Dual Swing Gates", "imUrl": "http://ecx.images-amazon.com/images/I/511uyYDXJtL._SX300_.jpg", "price": 689.99, "numReviews": 35, "groups": [166], "averageRating": 2.4857142857142858, "brand": "Mighty Mule", "salesRankCategory": "Home Improvement", "salesRank": 7908}, {"asin": "B00FN6TTBM", "name": "ALEKO\u00ae 13.5 Ft (4 Meters) Galvanized Gate V Track Inverted V Track For Sliding, Rolling Driveway Gate", "imUrl": "http://ecx.images-amazon.com/images/I/31uz0c5BmfL._SY300_.jpg", "price": 49.0, "numReviews": 3, "groups": [167], "averageRating": 3.6666666666666665, "brand": "ALEKO"}, {"asin": "B0009SS104", "name": "National Hardware V23A 8\" Adjust-O-Matic\u00ae Heavy Duty Gate Latch", "imUrl": "http://ecx.images-amazon.com/images/I/31yEu-OrqVL._SY300_.jpg", "price": 19.89, "numReviews": 5, "groups": [168], "averageRating": 4.6}, {"asin": "B0080XRCL4", "name": "ALEKO AR1500 Sliding Gate Opener Slide Gate Operator Gear Rack Driven", "imUrl": "http://ecx.images-amazon.com/images/I/21Q7HsrGRYL.jpg", "price": 199.0, "numReviews": 4, "groups": [104], "averageRating": 2.75}, {"asin": "B00A4PU844", "name": "Vinyl Fence Hardware - Double Gate Kit - Black (Vinyl Gate Hinges, Latch and Drop Rod)", "imUrl": "http://ecx.images-amazon.com/images/I/41XzJLgqxOL._SY300_.jpg", "price": 82.0, "numReviews": 1, "groups": [169], "averageRating": 5.0}, {"asin": "B00FB14TWI", "name": "Motor Replacement for Mighty Mule, GTO FM500, FM502, FM350, FM352. Gate Opener Arms", "imUrl": "http://ecx.images-amazon.com/images/I/314l2rt8OxL.jpg", "price": 274.95, "numReviews": 5, "groups": [170], "averageRating": 5.0}, {"asin": "B002JPC12O", "name": "Koch 104043 Forged Turnbuckle, 5/8-Inch by 12-Inch Jaw and Jaw, Galvanized", "imUrl": "http://ecx.images-amazon.com/images/I/21hcKvuQlSL._SX300_.jpg", "price": 28.55, "numReviews": 2, "groups": [171], "averageRating": 5.0}, {"asin": "B001FOM2BA", "name": "Stanley National Hardware CD1496 Aluminum Gate Latch", "imUrl": "http://ecx.images-amazon.com/images/I/41kwEu0P4qL._SY300_.jpg", "price": 11.22, "numReviews": 1, "groups": [141], "averageRating": 5.0, "brand": "Stanley National Hardware"}, {"asin": "B005HQZ00C", "name": "Auto Pool Latch 1-3/8\" X 2\" for Pool Chain Link Fence Gate", "imUrl": "http://ecx.images-amazon.com/images/I/311hezKH27L.jpg", "price": 35.95, "numReviews": 6, "groups": [79], "averageRating": 4.0}, {"asin": "B0009SNY1U", "name": "National Hardware V852 Anti-Sag Gate Kit", "imUrl": "http://ecx.images-amazon.com/images/I/41bVsSeVagL._SX300_.jpg", "price": 2.39, "numReviews": 5, "groups": [172], "averageRating": 2.8, "salesRankCategory": "Home Improvement", "salesRank": 120181}, {"asin": "B00ADX2XJK", "name": "Vinyl Fence Double Gate Kit - White (Vinyl Gate Hinges, Latch and Drop Rod)", "imUrl": "http://ecx.images-amazon.com/images/I/51LbW0TBLtL._SY300_.jpg", "price": 82.0, "numReviews": 1, "groups": [173], "averageRating": 5.0}, {"asin": "B002938ZXU", "name": "National Mfg. N346577 Tru-Close Self-Closing Gate Hinge", "imUrl": "http://ecx.images-amazon.com/images/I/41VRv0JQgmL._SY300_.jpg", "price": 24.53, "numReviews": 1, "groups": [174], "averageRating": 4.0, "brand": "National"}, {"asin": "B002LZXLXU", "name": "Stanley National Hardware CD1262 Auto-Adjust Gate Latch", "imUrl": "http://ecx.images-amazon.com/images/I/41oPQTAQZ0L._SX300_.jpg", "price": 13.45, "numReviews": 1, "groups": [126], "averageRating": 5.0, "brand": "Stanley National Hardware"}, {"asin": "B0040MPHL6", "name": "MINTCRAFT MINTCRAFT 33198SSS-DB3L ANTI SAG GATE KIT SS", "imUrl": "http://ecx.images-amazon.com/images/I/41BFfb0-vHL._SY300_.jpg", "price": 22.98, "numReviews": 4, "groups": [175], "averageRating": 3.75}, {"asin": "B004MYGK2M", "name": "Ultra Hardware 35935 Cane Bolt, 18-Inch, Black", "imUrl": "http://ecx.images-amazon.com/images/I/21IjeXfByVL._SY300_.jpg", "price": 20.84, "numReviews": 1, "groups": [176], "averageRating": 5.0}, {"asin": "B000UVHH6E", "name": "Speeco Farmex S16100200-GL161002 Gate Anchor", "imUrl": "http://ecx.images-amazon.com/images/I/31pM7kGAddL._SY300_.jpg", "price": 25.31, "numReviews": 2, "groups": [177], "averageRating": 4.0}, {"asin": "B007WMUV9O", "name": "ALEKO\u00ae New Photo Cell Infrared Sensor Photo Eye Photocells Photocell LM102", "imUrl": "http://ecx.images-amazon.com/images/I/41cVOtnmjeL._SY300_.jpg", "price": 11.0, "numReviews": 2, "groups": [178], "averageRating": 5.0}, {"asin": "B002KFZTZY", "name": "Stanley National Hardware CD6205 3/8\"-3/4\" Magna Latch Side Pull", "imUrl": "http://ecx.images-amazon.com/images/I/41yh0BhRFbL._SX300_.jpg", "price": 22.95, "numReviews": 20, "groups": [179], "averageRating": 4.9, "brand": "Stanley"}, {"asin": "B00FEMP3MY", "name": "ALEKO\u00ae 1/2\" Small Hinge J-Bolt for Driveway Gates Iron Gate with 2 Bolts, Nuts and Washers", "imUrl": "http://ecx.images-amazon.com/images/I/41JGZQ735NL._SY300_.jpg", "price": 19.99, "numReviews": 1, "groups": [57], "averageRating": 5.0, "brand": "ALEKO"}, {"asin": "B0007PANGO", "name": "Mighty Mule FM500 Automatic Gate Opener for Heavy Duty Single Swing Gates", "imUrl": "http://ecx.images-amazon.com/images/I/41WVFufDXYL._SX300_.jpg", "price": 419.99, "numReviews": 62, "groups": [180], "averageRating": 2.9516129032258065, "brand": "Mighty Mule", "salesRankCategory": "Home Improvement", "salesRank": 55852}, {"asin": "B001G1ACBY", "name": "C.R. LAURENCE TCGS2BL CRL Black Gate Stop", "imUrl": "http://ecx.images-amazon.com/images/I/31BhzV0AyJL._SY300_.jpg", "price": 26.05, "numReviews": 1, "groups": [181], "averageRating": 5.0}, {"asin": "B0037M8JOC", "name": "Estate Swing E-S 500 Classic Single Swing Gate Opener", "imUrl": "http://ecx.images-amazon.com/images/I/31pPZfIYPlL.jpg", "price": 732.39, "numReviews": 4, "groups": [182], "averageRating": 3.0}, {"asin": "B002M43HPC", "name": "Mighty Mule MM500ARM Replacement Gate Arm for FM500", "imUrl": "http://ecx.images-amazon.com/images/I/313VVrhrJqL._SX300_.jpg", "price": 274.95, "numReviews": 7, "groups": [9, 170], "averageRating": 4.285714285714286}, {"asin": "B004UNI8C0", "name": "MagnaLatch Top Pull Gate Latch - MLTPRP", "imUrl": "http://ecx.images-amazon.com/images/I/41Y5J73HGRL._SY300_.jpg", "price": 64.69, "numReviews": 3, "groups": [183], "averageRating": 4.666666666666667}, {"asin": "B005OL8E1M", "name": "ALEKO\u00ae AR2700 Sliding Gate Opener Operator for Sliding Gates up to 50-feet Long and 2700-pounds", "imUrl": "http://ecx.images-amazon.com/images/I/31im31uvWuL._SY300_.jpg", "price": 249.0, "numReviews": 5, "groups": [184], "averageRating": 4.2, "brand": "ALEKO"}, {"asin": "B00FZ1GV5M", "name": "ALEKO\u00ae ACC4 Accessory Kit for Aleko Gate Openers (Includes LM102, LM147, LM172 and LM169)", "imUrl": "http://ecx.images-amazon.com/images/I/41hXla81-dL._SY300_.jpg", "price": 79.0, "numReviews": 1, "groups": [185], "averageRating": 3.0, "brand": "ALEKO"}, {"asin": "B000WMGR9E", "name": "Farmex/Speeco 16100300 \"Two-Way\" Tube Gate Latch", "imUrl": "http://ecx.images-amazon.com/images/I/51F8pC-Q7JL._SY300_.jpg", "price": 24.48, "numReviews": 9, "groups": [186], "averageRating": 4.888888888888889, "brand": "Farmex"}, {"asin": "B0059BGYVO", "name": "5/8\" Heavy Duty Driveway Gate Hinge J-Bolt Style 5\" over all lenght For Steel or Iron Gates for Welding to Frame or Post", "imUrl": "http://ecx.images-amazon.com/images/I/31xFhMxMeYL._SX300_.jpg", "price": 34.95, "numReviews": 1, "groups": [187], "averageRating": 4.0}, {"asin": "B0014ZN2Q4", "name": "Chamberlain 921GA Vehicle Exit Sensor and Gate Opener", "imUrl": "http://ecx.images-amazon.com/images/I/41tYmezhNNL._SY300_.jpg", "price": 155.0, "numReviews": 1, "groups": [188], "averageRating": 5.0}, {"asin": "B000JHADA6", "name": "Stanley National Hardware CD1295 11\" Gate Spring", "imUrl": "http://ecx.images-amazon.com/images/I/3110DmVZ%2BnL._SX300_.jpg", "price": 10.15, "numReviews": 6, "groups": [1, 90], "averageRating": 2.8333333333333335, "brand": "Stanley National Hardware"}, {"asin": "B00CC0SNSC", "name": "ALEKO\u00ae Side Roller for Sliding Rolling Gate Guide Roller Black Guide with Bracket, 2-Inch", "imUrl": "http://ecx.images-amazon.com/images/I/31lzttmT5KL._SX300_.jpg", "price": 9.99, "numReviews": 1, "groups": [82], "averageRating": 4.0, "brand": "ALEKO"}, {"asin": "B002JGKMMY", "name": "Stanley National Hardware CD2124 6\" Safety Gate Hook w/Screw Eyes", "imUrl": "http://ecx.images-amazon.com/images/I/31YCVvnOo0L._SX300_.jpg", "price": 7.74, "numReviews": 2, "groups": [189], "averageRating": 4.5, "brand": "Stanley National Hardware"}, {"asin": "B00GWFT22O", "name": "Mighty Mule EZGO-DUAL Gate Dual Opener Kit", "imUrl": "http://ecx.images-amazon.com/images/I/51bc207p0AL._SY300_.jpg", "price": 612.9, "numReviews": 2, "groups": [190], "averageRating": 4.5}, {"asin": "B003UOWPVA", "name": "ALEKO\u00ae AC2700 Sliding Gate Opener for Sliding Gates Up to 50-Feet Long and 2700-Pounds", "imUrl": "http://ecx.images-amazon.com/images/I/41PkYsObyBL._SY300_.jpg", "price": 309.0, "numReviews": 5, "groups": [191], "averageRating": 3.2}, {"asin": "B000H78XPK", "name": "12-Volt Battery (FM150) for Mighty Mule Automatic Gate Openers", "imUrl": "http://ecx.images-amazon.com/images/I/41dtSHWhVOL._SY300_.jpg", "price": 21.95, "numReviews": 21, "groups": [192], "averageRating": 4.238095238095238, "brand": "Mighty Mule"}, {"asin": "B0059BCRP6", "name": "3/4\" J-Bolt with Plate For Large Heavy Driveway Gates, Steel, Iron, Wood or Aluminum Mounts on a 4\" X 4\" Post", "imUrl": "http://ecx.images-amazon.com/images/I/41p4q8uVdpL._SY300_.jpg", "price": 49.95, "numReviews": 2, "groups": [58, 120], "averageRating": 4.5}, {"asin": "B00004Z106", "name": "Stanley Hardware 76-0830 Ornamental Gate Thumb Latch", "imUrl": "http://ecx.images-amazon.com/images/I/31psLggOs4L._SY300_.jpg", "price": 11.49, "numReviews": 6, "groups": [193], "averageRating": 3.6666666666666665, "brand": "Stanley Hardware"}, {"asin": "B002O4M9XQ", "name": "Stanley National Hardware CD1306 Vinyl Fence Gate Kit", "imUrl": "http://ecx.images-amazon.com/images/I/11GN2IfgeUL.jpg", "price": 18.54, "numReviews": 2, "groups": [194], "averageRating": 4.5, "brand": "Stanley National Hardware"}, {"asin": "B005OLBHHU", "name": "ALEKO\u00ae Gear Racks for Sliding Gate Opener Operator 13Ft", "imUrl": "http://ecx.images-amazon.com/images/I/31eW8VAbhkL._SX300_.jpg", "price": 56.49, "numReviews": 2, "groups": [13], "averageRating": 4.0, "brand": "ALEKO"}, {"asin": "B00CMYSK6I", "name": "ALEKO\u00ae GG900ACC Accessories Kit Swing Gate Opener for Dual Swing Gates Up to 12-Feet Long and 900-Pounds", "imUrl": "http://ecx.images-amazon.com/images/I/41gD3tMH20L._SY300_.jpg", "price": 399.0, "numReviews": 1, "groups": [195], "averageRating": 4.0}, {"asin": "B00IHNWPLO", "name": "Universal Latch-Pull Gate Opener", "imUrl": "http://ecx.images-amazon.com/images/I/41KrrTpiDfL._SY300_.jpg", "price": 9.76, "numReviews": 2, "groups": [196], "averageRating": 5.0, "salesRankCategory": "Patio, Lawn & Garden", "salesRank": 27044}, {"asin": "B005OL8GP6", "name": "ALEKO\u00ae AR1800 Sliding Gate Opener Operator for Sliding Gates Up to 50-Feet Long and 2700-Pounds", "imUrl": "http://ecx.images-amazon.com/images/I/310Ouw%2B7spL._SX300_.jpg", "price": 299.0, "numReviews": 1, "groups": [197], "averageRating": 4.0, "brand": "ALEKO"}, {"asin": "B00004Z104", "name": "Stanley National Hardware CD1291 7-11/16\" T-Hinge", "imUrl": "http://ecx.images-amazon.com/images/I/41GH1WXYCPL._SX300_.jpg", "price": 11.08, "numReviews": 1, "groups": [198], "averageRating": 4.0, "brand": "Stanley"}, {"asin": "B0008FXOXW", "name": "EZ Gate Wheel [Misc.]", "imUrl": "http://ecx.images-amazon.com/images/I/51v%2BBcxXcEL._SY300_.jpg", "price": 49.99, "numReviews": 7, "groups": [199], "averageRating": 3.4285714285714284}, {"asin": "B002M3RUOM", "name": "Mighty Mule F102 Curb Mount Plate for FM100 Keypad Gooseneck Pedestal", "imUrl": "http://ecx.images-amazon.com/images/I/21jdXo08BiL._SY300_.jpg", "price": 84.66, "numReviews": 1, "groups": [200], "averageRating": 3.0}, {"asin": "B002NB5KTA", "name": "V6203 Bl Deluxe Locking Latch - National Manufacturing Sales Co.", "imUrl": "http://ecx.images-amazon.com/images/I/21422jba6BL.jpg", "price": 63.2, "numReviews": 1, "groups": [201], "averageRating": 4.0}, {"asin": "B000GKSME0", "name": "TruClose Regular Range Gate Hinge for Vinyl, Wood", "imUrl": "http://ecx.images-amazon.com/images/I/317bqu-uEfL.jpg", "price": 36.41, "numReviews": 3, "groups": [202], "averageRating": 4.333333333333333, "brand": "TruClose"}, {"asin": "B000FK9MF4", "name": "Stanley National Hardware CD1264 Professional Choice? Heavy Duty Gate Latch", "imUrl": "http://ecx.images-amazon.com/images/I/31y8I6fMS-L._SY300_.jpg", "price": 16.99, "numReviews": 1, "groups": [11], "averageRating": 5.0, "brand": "Stanley"}, {"asin": "B003RKW1PM", "name": "Fence Rolling Gate Hardware Kit - Residential - Chain Link Parts", "imUrl": "http://ecx.images-amazon.com/images/I/411EkBpLBRL._SX300_.jpg", "price": 49.99, "numReviews": 11, "groups": [203], "averageRating": 4.0}, {"asin": "B00B6D3AJS", "name": "Vinyl Self Closing Single Gate Kit (Black)", "imUrl": "http://ecx.images-amazon.com/images/I/41ZVfeTelEL._SX300_.jpg", "price": 41.25, "numReviews": 2, "groups": [92], "averageRating": 4.5}], "links": [{"source": 0, "target": 64, "right": false, "left": true, "value": 1}, {"source": 0, "target": 199, "right": false, "left": true, "value": 1}, {"source": 0, "target": 81, "right": false, "left": true, "value": 1}, {"source": 0, "target": 93, "right": false, "left": true, "value": 1}, {"source": 0, "target": 148, "right": false, "left": true, "value": 1}, {"source": 0, "target": 125, "right": false, "left": true, "value": 1}, {"source": 0, "target": 63, "right": false, "left": true, "value": 1}, {"source": 1, "target": 212, "right": true, "left": true, "value": 1}, {"source": 1, "target": 109, "right": true, "left": false, "value": 1}, {"source": 1, "target": 95, "right": true, "left": false, "value": 1}, {"source": 2, "target": 194, "right": false, "left": true, "value": 1}, {"source": 2, "target": 133, "right": true, "left": true, "value": 1}, {"source": 2, "target": 6, "right": false, "left": true, "value": 1}, {"source": 2, "target": 229, "right": false, "left": true, "value": 1}, {"source": 2, "target": 8, "right": false, "left": true, "value": 1}, {"source": 2, "target": 73, "right": false, "left": true, "value": 1}, {"source": 2, "target": 168, "right": false, "left": true, "value": 1}, {"source": 2, "target": 43, "right": false, "left": true, "value": 1}, {"source": 2, "target": 12, "right": false, "left": true, "value": 1}, {"source": 2, "target": 109, "right": true, "left": false, "value": 1}, {"source": 2, "target": 87, "right": false, "left": true, "value": 1}, {"source": 2, "target": 88, "right": true, "left": false, "value": 1}, {"source": 3, "target": 170, "right": true, "left": false, "value": 1}, {"source": 3, "target": 130, "right": true, "left": false, "value": 1}, {"source": 3, "target": 154, "right": false, "left": true, "value": 1}, {"source": 4, "target": 75, "right": true, "left": false, "value": 1}, {"source": 5, "target": 28, "right": true, "left": false, "value": 1}, {"source": 5, "target": 182, "right": true, "left": false, "value": 1}, {"source": 6, "target": 133, "right": true, "left": false, "value": 1}, {"source": 7, "target": 159, "right": true, "left": false, "value": 1}, {"source": 8, "target": 168, "right": true, "left": false, "value": 1}, {"source": 8, "target": 20, "right": true, "left": false, "value": 1}, {"source": 9, "target": 217, "right": true, "left": false, "value": 1}, {"source": 9, "target": 188, "right": true, "left": false, "value": 1}, {"source": 9, "target": 205, "right": true, "left": true, "value": 1}, {"source": 10, "target": 167, "right": true, "left": false, "value": 1}, {"source": 10, "target": 39, "right": true, "left": false, "value": 1}, {"source": 10, "target": 42, "right": true, "left": true, "value": 1}, {"source": 10, "target": 118, "right": false, "left": true, "value": 1}, {"source": 10, "target": 153, "right": false, "left": true, "value": 1}, {"source": 11, "target": 51, "right": true, "left": false, "value": 1}, {"source": 11, "target": 19, "right": true, "left": true, "value": 1}, {"source": 11, "target": 179, "right": false, "left": true, "value": 1}, {"source": 11, "target": 230, "right": true, "left": true, "value": 1}, {"source": 12, "target": 88, "right": true, "left": false, "value": 1}, {"source": 12, "target": 20, "right": true, "left": false, "value": 1}, {"source": 13, "target": 224, "right": false, "left": true, "value": 1}, {"source": 13, "target": 173, "right": false, "left": true, "value": 1}, {"source": 13, "target": 114, "right": false, "left": true, "value": 1}, {"source": 13, "target": 186, "right": false, "left": true, "value": 1}, {"source": 13, "target": 31, "right": true, "left": false, "value": 1}, {"source": 13, "target": 221, "right": true, "left": true, "value": 1}, {"source": 13, "target": 127, "right": true, "left": false, "value": 1}, {"source": 14, "target": 109, "right": true, "left": false, "value": 1}, {"source": 14, "target": 51, "right": true, "left": false, "value": 1}, {"source": 14, "target": 45, "right": true, "left": false, "value": 1}, {"source": 15, "target": 81, "right": false, "left": true, "value": 1}, {"source": 15, "target": 93, "right": false, "left": true, "value": 1}, {"source": 16, "target": 70, "right": true, "left": false, "value": 1}, {"source": 17, "target": 216, "right": true, "left": false, "value": 1}, {"source": 17, "target": 127, "right": true, "left": false, "value": 1}, {"source": 18, "target": 71, "right": false, "left": true, "value": 1}, {"source": 19, "target": 230, "right": true, "left": true, "value": 1}, {"source": 19, "target": 45, "right": false, "left": true, "value": 1}, {"source": 19, "target": 109, "right": true, "left": false, "value": 1}, {"source": 19, "target": 51, "right": true, "left": false, "value": 1}, {"source": 19, "target": 179, "right": false, "left": true, "value": 1}, {"source": 20, "target": 73, "right": false, "left": true, "value": 1}, {"source": 20, "target": 200, "right": false, "left": true, "value": 1}, {"source": 20, "target": 203, "right": false, "left": true, "value": 1}, {"source": 20, "target": 109, "right": true, "left": true, "value": 1}, {"source": 20, "target": 206, "right": false, "left": true, "value": 1}, {"source": 20, "target": 83, "right": false, "left": true, "value": 1}, {"source": 20, "target": 147, "right": false, "left": true, "value": 1}, {"source": 20, "target": 87, "right": false, "left": true, "value": 1}, {"source": 20, "target": 88, "right": true, "left": false, "value": 1}, {"source": 20, "target": 89, "right": true, "left": false, "value": 1}, {"source": 20, "target": 191, "right": false, "left": true, "value": 1}, {"source": 21, "target": 121, "right": true, "left": false, "value": 1}, {"source": 21, "target": 177, "right": true, "left": false, "value": 1}, {"source": 21, "target": 164, "right": true, "left": true, "value": 1}, {"source": 22, "target": 180, "right": true, "left": false, "value": 1}, {"source": 22, "target": 51, "right": true, "left": false, "value": 1}, {"source": 22, "target": 155, "right": true, "left": false, "value": 1}, {"source": 22, "target": 60, "right": false, "left": true, "value": 1}, {"source": 23, "target": 98, "right": true, "left": false, "value": 1}, {"source": 23, "target": 76, "right": true, "left": true, "value": 1}, {"source": 23, "target": 50, "right": false, "left": true, "value": 1}, {"source": 24, "target": 77, "right": true, "left": false, "value": 1}, {"source": 25, "target": 135, "right": true, "left": false, "value": 1}, {"source": 26, "target": 42, "right": true, "left": false, "value": 1}, {"source": 27, "target": 47, "right": true, "left": false, "value": 1}, {"source": 28, "target": 106, "right": false, "left": true, "value": 1}, {"source": 28, "target": 182, "right": false, "left": true, "value": 1}, {"source": 28, "target": 181, "right": false, "left": true, "value": 1}, {"source": 29, "target": 101, "right": true, "left": false, "value": 1}, {"source": 30, "target": 92, "right": true, "left": false, "value": 1}, {"source": 31, "target": 199, "right": false, "left": true, "value": 1}, {"source": 31, "target": 72, "right": false, "left": true, "value": 1}, {"source": 31, "target": 139, "right": false, "left": true, "value": 1}, {"source": 31, "target": 140, "right": false, "left": true, "value": 1}, {"source": 31, "target": 77, "right": true, "left": true, "value": 1}, {"source": 31, "target": 110, "right": false, "left": true, "value": 1}, {"source": 31, "target": 111, "right": false, "left": true, "value": 1}, {"source": 31, "target": 173, "right": false, "left": true, "value": 1}, {"source": 31, "target": 216, "right": false, "left": true, "value": 1}, {"source": 31, "target": 90, "right": false, "left": true, "value": 1}, {"source": 31, "target": 127, "right": true, "left": false, "value": 1}, {"source": 32, "target": 202, "right": true, "left": false, "value": 1}, {"source": 32, "target": 166, "right": true, "left": false, "value": 1}, {"source": 33, "target": 192, "right": true, "left": false, "value": 1}, {"source": 33, "target": 122, "right": true, "left": false, "value": 1}, {"source": 34, "target": 100, "right": true, "left": false, "value": 1}, {"source": 34, "target": 37, "right": true, "left": false, "value": 1}, {"source": 35, "target": 138, "right": true, "left": true, "value": 1}, {"source": 35, "target": 99, "right": false, "left": true, "value": 1}, {"source": 35, "target": 167, "right": false, "left": true, "value": 1}, {"source": 36, "target": 211, "right": false, "left": true, "value": 1}, {"source": 38, "target": 212, "right": true, "left": false, "value": 1}, {"source": 38, "target": 95, "right": true, "left": false, "value": 1}, {"source": 39, "target": 91, "right": true, "left": false, "value": 1}, {"source": 39, "target": 183, "right": true, "left": false, "value": 1}, {"source": 40, "target": 109, "right": true, "left": false, "value": 1}, {"source": 40, "target": 159, "right": true, "left": false, "value": 1}, {"source": 41, "target": 225, "right": false, "left": true, "value": 1}, {"source": 41, "target": 51, "right": true, "left": false, "value": 1}, {"source": 41, "target": 116, "right": true, "left": true, "value": 1}, {"source": 41, "target": 155, "right": false, "left": true, "value": 1}, {"source": 41, "target": 60, "right": false, "left": true, "value": 1}, {"source": 41, "target": 61, "right": false, "left": true, "value": 1}, {"source": 42, "target": 153, "right": true, "left": true, "value": 1}, {"source": 42, "target": 118, "right": false, "left": true, "value": 1}, {"source": 44, "target": 103, "right": false, "left": true, "value": 1}, {"source": 44, "target": 109, "right": true, "left": false, "value": 1}, {"source": 44, "target": 141, "right": false, "left": true, "value": 1}, {"source": 44, "target": 51, "right": true, "left": false, "value": 1}, {"source": 44, "target": 57, "right": true, "left": true, "value": 1}, {"source": 45, "target": 230, "right": true, "left": false, "value": 1}, {"source": 45, "target": 78, "right": false, "left": true, "value": 1}, {"source": 45, "target": 82, "right": false, "left": true, "value": 1}, {"source": 45, "target": 51, "right": true, "left": false, "value": 1}, {"source": 45, "target": 185, "right": false, "left": true, "value": 1}, {"source": 46, "target": 127, "right": true, "left": false, "value": 1}, {"source": 47, "target": 226, "right": false, "left": true, "value": 1}, {"source": 47, "target": 102, "right": false, "left": true, "value": 1}, {"source": 47, "target": 80, "right": true, "left": false, "value": 1}, {"source": 47, "target": 112, "right": false, "left": true, "value": 1}, {"source": 48, "target": 95, "right": true, "left": false, "value": 1}, {"source": 49, "target": 214, "right": true, "left": false, "value": 1}, {"source": 50, "target": 192, "right": true, "left": false, "value": 1}, {"source": 50, "target": 122, "right": true, "left": false, "value": 1}, {"source": 50, "target": 76, "right": true, "left": false, "value": 1}, {"source": 51, "target": 229, "right": false, "left": true, "value": 1}, {"source": 51, "target": 230, "right": false, "left": true, "value": 1}, {"source": 51, "target": 109, "right": true, "left": true, "value": 1}, {"source": 51, "target": 179, "right": false, "left": true, "value": 1}, {"source": 51, "target": 180, "right": false, "left": true, "value": 1}, {"source": 51, "target": 57, "right": true, "left": true, "value": 1}, {"source": 51, "target": 159, "right": false, "left": true, "value": 1}, {"source": 52, "target": 57, "right": false, "left": true, "value": 1}, {"source": 52, "target": 195, "right": false, "left": true, "value": 1}, {"source": 52, "target": 134, "right": false, "left": true, "value": 1}, {"source": 53, "target": 96, "right": false, "left": true, "value": 1}, {"source": 54, "target": 177, "right": true, "left": false, "value": 1}, {"source": 54, "target": 178, "right": false, "left": true, "value": 1}, {"source": 54, "target": 159, "right": true, "left": false, "value": 1}, {"source": 55, "target": 145, "right": false, "left": true, "value": 1}, {"source": 55, "target": 180, "right": false, "left": true, "value": 1}, {"source": 55, "target": 201, "right": false, "left": true, "value": 1}, {"source": 56, "target": 146, "right": false, "left": true, "value": 1}, {"source": 56, "target": 92, "right": true, "left": true, "value": 1}, {"source": 57, "target": 82, "right": false, "left": true, "value": 1}, {"source": 58, "target": 201, "right": true, "left": true, "value": 1}, {"source": 58, "target": 218, "right": true, "left": true, "value": 1}, {"source": 58, "target": 158, "right": true, "left": true, "value": 1}, {"source": 58, "target": 210, "right": false, "left": true, "value": 1}, {"source": 59, "target": 81, "right": true, "left": false, "value": 1}, {"source": 59, "target": 66, "right": true, "left": true, "value": 1}, {"source": 59, "target": 93, "right": false, "left": true, "value": 1}, {"source": 61, "target": 133, "right": true, "left": false, "value": 1}, {"source": 62, "target": 66, "right": true, "left": false, "value": 1}, {"source": 62, "target": 99, "right": true, "left": false, "value": 1}, {"source": 62, "target": 93, "right": true, "left": false, "value": 1}, {"source": 63, "target": 77, "right": true, "left": false, "value": 1}, {"source": 63, "target": 127, "right": true, "left": false, "value": 1}, {"source": 64, "target": 127, "right": true, "left": false, "value": 1}, {"source": 65, "target": 161, "right": true, "left": true, "value": 1}, {"source": 65, "target": 109, "right": true, "left": false, "value": 1}, {"source": 66, "target": 99, "right": true, "left": false, "value": 1}, {"source": 66, "target": 138, "right": true, "left": false, "value": 1}, {"source": 66, "target": 81, "right": false, "left": true, "value": 1}, {"source": 66, "target": 222, "right": false, "left": true, "value": 1}, {"source": 66, "target": 125, "right": false, "left": true, "value": 1}, {"source": 67, "target": 80, "right": true, "left": false, "value": 1}, {"source": 68, "target": 82, "right": true, "left": true, "value": 1}, {"source": 69, "target": 159, "right": true, "left": false, "value": 1}, {"source": 70, "target": 135, "right": false, "left": true, "value": 1}, {"source": 70, "target": 171, "right": false, "left": true, "value": 1}, {"source": 70, "target": 113, "right": false, "left": true, "value": 1}, {"source": 70, "target": 181, "right": false, "left": true, "value": 1}, {"source": 70, "target": 121, "right": false, "left": true, "value": 1}, {"source": 72, "target": 90, "right": true, "left": false, "value": 1}, {"source": 72, "target": 127, "right": true, "left": false, "value": 1}, {"source": 72, "target": 77, "right": true, "left": false, "value": 1}, {"source": 73, "target": 168, "right": true, "left": false, "value": 1}, {"source": 73, "target": 133, "right": true, "left": false, "value": 1}, {"source": 74, "target": 219, "right": true, "left": false, "value": 1}, {"source": 75, "target": 105, "right": false, "left": true, "value": 1}, {"source": 75, "target": 197, "right": false, "left": true, "value": 1}, {"source": 76, "target": 98, "right": true, "left": false, "value": 1}, {"source": 76, "target": 122, "right": true, "left": false, "value": 1}, {"source": 77, "target": 224, "right": false, "left": true, "value": 1}, {"source": 77, "target": 216, "right": false, "left": true, "value": 1}, {"source": 77, "target": 174, "right": false, "left": true, "value": 1}, {"source": 77, "target": 208, "right": false, "left": true, "value": 1}, {"source": 77, "target": 114, "right": false, "left": true, "value": 1}, {"source": 77, "target": 127, "right": true, "left": false, "value": 1}, {"source": 79, "target": 151, "right": true, "left": false, "value": 1}, {"source": 80, "target": 226, "right": false, "left": true, "value": 1}, {"source": 80, "target": 102, "right": false, "left": true, "value": 1}, {"source": 80, "target": 169, "right": false, "left": true, "value": 1}, {"source": 80, "target": 112, "right": false, "left": true, "value": 1}, {"source": 81, "target": 167, "right": true, "left": false, "value": 1}, {"source": 81, "target": 222, "right": false, "left": true, "value": 1}, {"source": 82, "target": 134, "right": true, "left": false, "value": 1}, {"source": 83, "target": 191, "right": true, "left": true, "value": 1}, {"source": 84, "target": 112, "right": true, "left": false, "value": 1}, {"source": 85, "target": 191, "right": true, "left": false, "value": 1}, {"source": 86, "target": 148, "right": false, "left": true, "value": 1}, {"source": 86, "target": 132, "right": true, "left": false, "value": 1}, {"source": 86, "target": 213, "right": true, "left": true, "value": 1}, {"source": 86, "target": 231, "right": false, "left": true, "value": 1}, {"source": 87, "target": 88, "right": true, "left": false, "value": 1}, {"source": 87, "target": 109, "right": true, "left": false, "value": 1}, {"source": 88, "target": 200, "right": false, "left": true, "value": 1}, {"source": 88, "target": 109, "right": true, "left": false, "value": 1}, {"source": 88, "target": 206, "right": false, "left": true, "value": 1}, {"source": 88, "target": 147, "right": false, "left": true, "value": 1}, {"source": 88, "target": 89, "right": true, "left": false, "value": 1}, {"source": 89, "target": 206, "right": false, "left": true, "value": 1}, {"source": 90, "target": 127, "right": true, "left": false, "value": 1}, {"source": 92, "target": 146, "right": true, "left": false, "value": 1}, {"source": 93, "target": 167, "right": true, "left": false, "value": 1}, {"source": 93, "target": 222, "right": false, "left": true, "value": 1}, {"source": 94, "target": 163, "right": true, "left": true, "value": 1}, {"source": 95, "target": 176, "right": false, "left": true, "value": 1}, {"source": 95, "target": 212, "right": true, "left": true, "value": 1}, {"source": 97, "target": 232, "right": true, "left": true, "value": 1}, {"source": 97, "target": 161, "right": true, "left": false, "value": 1}, {"source": 98, "target": 192, "right": true, "left": false, "value": 1}, {"source": 98, "target": 196, "right": false, "left": true, "value": 1}, {"source": 98, "target": 117, "right": false, "left": true, "value": 1}, {"source": 98, "target": 122, "right": true, "left": true, "value": 1}, {"source": 99, "target": 138, "right": false, "left": true, "value": 1}, {"source": 99, "target": 177, "right": true, "left": false, "value": 1}, {"source": 99, "target": 121, "right": true, "left": false, "value": 1}, {"source": 101, "target": 144, "right": false, "left": true, "value": 1}, {"source": 103, "target": 159, "right": true, "left": false, "value": 1}, {"source": 104, "target": 165, "right": false, "left": true, "value": 1}, {"source": 106, "target": 177, "right": true, "left": false, "value": 1}, {"source": 107, "target": 184, "right": true, "left": false, "value": 1}, {"source": 108, "target": 180, "right": true, "left": false, "value": 1}, {"source": 109, "target": 194, "right": false, "left": true, "value": 1}, {"source": 109, "target": 133, "right": false, "left": true, "value": 1}, {"source": 109, "target": 165, "right": false, "left": true, "value": 1}, {"source": 109, "target": 172, "right": false, "left": true, "value": 1}, {"source": 109, "target": 159, "right": true, "left": false, "value": 1}, {"source": 110, "target": 186, "right": true, "left": true, "value": 1}, {"source": 110, "target": 127, "right": true, "left": false, "value": 1}, {"source": 111, "target": 127, "right": true, "left": false, "value": 1}, {"source": 113, "target": 177, "right": true, "left": false, "value": 1}, {"source": 113, "target": 115, "right": false, "left": true, "value": 1}, {"source": 113, "target": 227, "right": false, "left": true, "value": 1}, {"source": 114, "target": 216, "right": true, "left": false, "value": 1}, {"source": 114, "target": 127, "right": true, "left": false, "value": 1}, {"source": 116, "target": 145, "right": true, "left": false, "value": 1}, {"source": 116, "target": 225, "right": false, "left": true, "value": 1}, {"source": 117, "target": 192, "right": true, "left": false, "value": 1}, {"source": 117, "target": 196, "right": true, "left": false, "value": 1}, {"source": 119, "target": 145, "right": false, "left": true, "value": 1}, {"source": 120, "target": 175, "right": false, "left": true, "value": 1}, {"source": 121, "target": 177, "right": true, "left": false, "value": 1}, {"source": 121, "target": 178, "right": false, "left": true, "value": 1}, {"source": 122, "target": 192, "right": true, "left": false, "value": 1}, {"source": 122, "target": 196, "right": false, "left": true, "value": 1}, {"source": 123, "target": 150, "right": true, "left": false, "value": 1}, {"source": 123, "target": 159, "right": true, "left": false, "value": 1}, {"source": 124, "target": 177, "right": true, "left": false, "value": 1}, {"source": 125, "target": 183, "right": true, "left": false, "value": 1}, {"source": 126, "target": 167, "right": true, "left": false, "value": 1}, {"source": 127, "target": 139, "right": false, "left": true, "value": 1}, {"source": 127, "target": 140, "right": false, "left": true, "value": 1}, {"source": 127, "target": 207, "right": false, "left": true, "value": 1}, {"source": 127, "target": 216, "right": false, "left": true, "value": 1}, {"source": 128, "target": 201, "right": true, "left": false, "value": 1}, {"source": 128, "target": 218, "right": true, "left": true, "value": 1}, {"source": 129, "target": 202, "right": true, "left": false, "value": 1}, {"source": 129, "target": 183, "right": true, "left": false, "value": 1}, {"source": 130, "target": 160, "right": false, "left": true, "value": 1}, {"source": 130, "target": 170, "right": true, "left": true, "value": 1}, {"source": 130, "target": 149, "right": false, "left": true, "value": 1}, {"source": 130, "target": 189, "right": false, "left": true, "value": 1}, {"source": 131, "target": 162, "right": false, "left": true, "value": 1}, {"source": 133, "target": 194, "right": false, "left": true, "value": 1}, {"source": 133, "target": 228, "right": false, "left": true, "value": 1}, {"source": 133, "target": 229, "right": false, "left": true, "value": 1}, {"source": 133, "target": 168, "right": true, "left": true, "value": 1}, {"source": 134, "target": 195, "right": true, "left": true, "value": 1}, {"source": 135, "target": 177, "right": true, "left": false, "value": 1}, {"source": 136, "target": 157, "right": true, "left": true, "value": 1}, {"source": 136, "target": 231, "right": true, "left": false, "value": 1}, {"source": 137, "target": 201, "right": true, "left": false, "value": 1}, {"source": 138, "target": 177, "right": true, "left": false, "value": 1}, {"source": 139, "target": 224, "right": false, "left": true, "value": 1}, {"source": 139, "target": 207, "right": false, "left": true, "value": 1}, {"source": 139, "target": 221, "right": false, "left": true, "value": 1}, {"source": 141, "target": 223, "right": true, "left": false, "value": 1}, {"source": 142, "target": 220, "right": true, "left": false, "value": 1}, {"source": 143, "target": 203, "right": true, "left": false, "value": 1}, {"source": 150, "target": 190, "right": true, "left": true, "value": 1}, {"source": 152, "target": 217, "right": true, "left": false, "value": 1}, {"source": 155, "target": 225, "right": false, "left": true, "value": 1}, {"source": 156, "target": 204, "right": false, "left": true, "value": 1}, {"source": 157, "target": 231, "right": true, "left": false, "value": 1}, {"source": 158, "target": 201, "right": true, "left": true, "value": 1}, {"source": 158, "target": 218, "right": true, "left": false, "value": 1}, {"source": 158, "target": 210, "right": false, "left": true, "value": 1}, {"source": 159, "target": 228, "right": false, "left": true, "value": 1}, {"source": 159, "target": 168, "right": false, "left": true, "value": 1}, {"source": 161, "target": 232, "right": false, "left": true, "value": 1}, {"source": 164, "target": 177, "right": true, "left": false, "value": 1}, {"source": 166, "target": 188, "right": false, "left": true, "value": 1}, {"source": 167, "target": 183, "right": true, "left": false, "value": 1}, {"source": 168, "target": 172, "right": false, "left": true, "value": 1}, {"source": 171, "target": 177, "right": true, "left": false, "value": 1}, {"source": 172, "target": 194, "right": false, "left": true, "value": 1}, {"source": 176, "target": 212, "right": true, "left": false, "value": 1}, {"source": 177, "target": 181, "right": false, "left": true, "value": 1}, {"source": 179, "target": 230, "right": true, "left": false, "value": 1}, {"source": 183, "target": 215, "right": false, "left": true, "value": 1}, {"source": 184, "target": 231, "right": false, "left": true, "value": 1}, {"source": 185, "target": 230, "right": true, "left": false, "value": 1}, {"source": 186, "target": 207, "right": true, "left": false, "value": 1}, {"source": 187, "target": 193, "right": false, "left": true, "value": 1}, {"source": 188, "target": 202, "right": true, "left": false, "value": 1}, {"source": 188, "target": 205, "right": true, "left": true, "value": 1}, {"source": 192, "target": 196, "right": false, "left": true, "value": 1}, {"source": 198, "target": 209, "right": true, "left": false, "value": 1}, {"source": 200, "target": 203, "right": false, "left": true, "value": 1}, {"source": 201, "target": 218, "right": false, "left": true, "value": 1}, {"source": 201, "target": 210, "right": false, "left": true, "value": 1}, {"source": 202, "target": 205, "right": false, "left": true, "value": 1}, {"source": 215, "target": 217, "right": true, "left": false, "value": 1}]}