{"nodes": [{"asin": "B00004W4WW", "name": "Intermatic FD30MC 30-Minute Spring Loaded Wall Timer, Ivory", "imUrl": "http://ecx.images-amazon.com/images/I/417SMNQFKWL._SY300_.jpg", "price": 25.2, "numReviews": 7, "groups": [0], "averageRating": 3.142857142857143, "brand": "Intermatic"}, {"asin": "B00004W4XI", "name": "Intermatic WH40 Electric Water Heater Timer, Grey", "imUrl": "http://ecx.images-amazon.com/images/I/51Pxe81aDmL._SY300_.jpg", "price": 34.99, "numReviews": 75, "groups": [1, 2], "averageRating": 4.16, "brand": "Intermatic"}, {"asin": "B001QFZ3XW", "name": "Aube by Honeywell TI040/U 7-Day Programmable Timer", "imUrl": "http://ecx.images-amazon.com/images/I/41f33XcJ1nL._SY300_.jpg", "price": 60.2, "numReviews": 59, "groups": [3], "averageRating": 4.101694915254237}, {"asin": "B00365JJO4", "name": "Jasco Products Company 15084 Wall Switch Timer 15 Amp", "imUrl": "http://ecx.images-amazon.com/images/I/51GeUWIWbKL._SY300_.jpg", "price": 6.99, "numReviews": 2, "groups": [4], "averageRating": 3.0, "brand": "Jasco"}, {"asin": "B0000BYC7B", "name": "Intermatic TN111GC Lamp and Appliance Timer with 2 On/Off Settings, Easy Set Lighted Dial", "imUrl": "http://ecx.images-amazon.com/images/I/51WD0HT8VYL._SY300_.jpg", "price": 19.95, "numReviews": 34, "groups": [5], "averageRating": 3.7941176470588234}, {"asin": "B000B8UW72", "name": "Intermatic FD12HWC Timer, 12 Hour Spring Wound Auto ShutOff Timer White", "imUrl": "http://ecx.images-amazon.com/images/I/31Z74C%2BkdCL._SY300_.jpg", "price": 49.99, "numReviews": 2, "groups": [6], "averageRating": 2.0, "brand": "Intermatic", "salesRankCategory": "Electronics", "salesRank": 143647}, {"asin": "B003XDSIMS", "name": "Leviton VPTKT-E, Color Change Kit for Vizia + 24 Hour Timer, Black", "imUrl": "http://ecx.images-amazon.com/images/I/31kAvXicMbL._SY300_.jpg", "price": 9.28, "numReviews": 6, "groups": [7], "averageRating": 4.666666666666667, "brand": "Leviton"}, {"asin": "B000X4SS2A", "name": "Fantech FD60EM Electronic Pushbutton Timer", "imUrl": "http://ecx.images-amazon.com/images/I/31y4JKMzJ%2BL.jpg", "price": 61.81, "numReviews": 1, "groups": [8], "averageRating": 4.0, "brand": "Fantech"}, {"asin": "B001XCWLWO", "name": "Woods 59402 40-Amp Timer for Heavy Duty Appliances and Outlets, Repeats Daily DPST", "imUrl": "http://ecx.images-amazon.com/images/I/41EvZeo4ydL._SY300_.jpg", "price": 44.36, "numReviews": 8, "groups": [9], "averageRating": 3.125, "brand": "Woods"}, {"asin": "B000BVZB3E", "name": "Intermatic T101R 120-Volt SPST 24 Hour Mechanical Time Switch with Outdoor Case", "imUrl": "http://ecx.images-amazon.com/images/I/512W-8JyTUL._SY300_.jpg", "price": 64.99, "numReviews": 39, "groups": [10], "averageRating": 4.230769230769231, "brand": "Intermatic"}, {"asin": "B0020ML73K", "name": "Stanley 38425 TimerMax Digislim Polarized 1-Outlet Digital Bar Timer, 2-Pack", "imUrl": "http://ecx.images-amazon.com/images/I/41MWZo9kt%2BL._SX300_.jpg", "price": 7.99, "numReviews": 566, "groups": [11], "averageRating": 3.4823321554770317, "brand": "Stanley"}, {"asin": "B007INZVNI", "name": "Tork 24-Hour In Wall Mechanical Timer, 125 Volt, 15 Amp, Almond, 711AA", "imUrl": "http://ecx.images-amazon.com/images/I/51Qv7Gy-IbL._SY300_.jpg", "price": 7.45, "numReviews": 1, "groups": [12], "averageRating": 2.0}, {"asin": "B000KKHQGQ", "name": "Sylvania SA307 40 Amp 240-Volt Double-Pole Zip Set Industrial Timer", "imUrl": "http://ecx.images-amazon.com/images/I/41FCb5JsM3L._SX300_.jpg", "price": 49.95, "numReviews": 6, "groups": [13], "averageRating": 3.5, "brand": "Sylvania"}, {"asin": "B000EVWFPS", "name": "Air King AKDT60 Delay Timer Switch, White", "imUrl": "http://ecx.images-amazon.com/images/I/41YNDt-3rtL._SY300_.jpg", "price": 22.89, "numReviews": 22, "groups": [14], "averageRating": 4.045454545454546, "brand": "Air King"}, {"asin": "B008X1FU8U", "name": "Cn101A LED Digital Power Programmable Electronic Timer AC 110V 16A", "imUrl": "http://ecx.images-amazon.com/images/I/41g8dJ%2B3alL._SY300_.jpg", "price": 10.59, "numReviews": 1, "groups": [15], "averageRating": 4.0}, {"asin": "B00004W4WZ", "name": "Intermatic FF60MC 60-Minute Spring Loaded Wall Timer, Brushed Metal", "imUrl": "http://ecx.images-amazon.com/images/I/41IJ6TllSlL._SY300_.jpg", "price": 26.58, "numReviews": 26, "groups": [16], "averageRating": 4.384615384615385, "brand": "Intermatic"}, {"asin": "B004X2V0QO", "name": "Diehl Mecanical Timer Type 880 115 Volt 24 Hour", "imUrl": "http://ecx.images-amazon.com/images/I/31zqie%2BTB5L.jpg", "price": 42.2, "numReviews": 2, "groups": [17], "averageRating": 5.0, "salesRankCategory": "Patio, Lawn & Garden", "salesRank": 174261}, {"asin": "B0015GPNVO", "name": "GE 52048 24-Hour Heavy Duty Appliance Timer", "imUrl": "http://ecx.images-amazon.com/images/I/41%2BAhQefHDL._SY300_.jpg", "price": 13.5, "numReviews": 4, "groups": [18], "averageRating": 3.5}, {"asin": "B0020ML744", "name": "Stanley 31200 TimerMax Weekly Grounded 1-Outlet Weekly Digital Timer", "imUrl": "http://ecx.images-amazon.com/images/I/41PkqQ5HneL._SY300_.jpg", "price": 9.95, "numReviews": 89, "groups": [19], "averageRating": 3.359550561797753, "brand": "Stanley"}, {"asin": "B002HESEUU", "name": "GE 56922 24-Hour Mechanical Timer", "imUrl": "http://ecx.images-amazon.com/images/I/51Y%2BnAheB2L._SY300_.jpg", "price": 59.0, "numReviews": 1, "groups": [20], "averageRating": 2.0}, {"asin": "B00002N5FI", "name": "Intermatic Lamp and Appliance Security Timer TN111C70 with 2 On/Off Settings", "imUrl": "http://ecx.images-amazon.com/images/I/51TSW86PASL._SY300_.jpg", "price": 12.61, "numReviews": 50, "groups": [21], "averageRating": 3.92}, {"asin": "B002YGS6KO", "name": "Westek TMSW60MW Hardwire Indoor In-Wall 60 Minute Mechanical Countdown Timer, White", "imUrl": "http://ecx.images-amazon.com/images/I/41FBNIBjaiL._SY300_.jpg", "price": 11.26, "numReviews": 5, "groups": [22], "averageRating": 2.8, "brand": "Westek"}, {"asin": "B003OUWAK6", "name": "GE 15307 Mechanical Outdoor Box Timer, 24 Hour", "imUrl": "http://ecx.images-amazon.com/images/I/513Rrje0VDL._SX300_.jpg", "price": 44.99, "numReviews": 1, "groups": [23], "averageRating": 3.0, "brand": "GE"}, {"asin": "B009NREDWM", "name": "Sestos Digital Twin Timer Relay Time Delay Relay Switch 12-24V B2E", "imUrl": "http://ecx.images-amazon.com/images/I/41XBzCiaqFL._SY300_.jpg", "price": 25.99, "numReviews": 2, "groups": [24, 25], "averageRating": 4.0}, {"asin": "B000E8P7YM", "name": "Intermatic TN711C Security Timer", "imUrl": "http://ecx.images-amazon.com/images/I/51hdUULBjwL._SY300_.jpg", "price": 16.9, "numReviews": 13, "groups": [26], "averageRating": 3.3846153846153846, "brand": "Intermatic"}, {"asin": "B000LDIDBY", "name": "Intermatic T103 120-Volt DPST 24 Hour Mechanical Time Switch", "imUrl": "http://ecx.images-amazon.com/images/I/511yVJf4NrL._SY300_.jpg", "price": 52.14, "numReviews": 19, "groups": [27], "averageRating": 3.8947368421052633, "brand": "Intermatic"}, {"asin": "B000AY1KKA", "name": "Intermatic HB114C 240 Volt Heavy Duty Appliance Timer", "imUrl": "http://ecx.images-amazon.com/images/I/51jVo8y6UsL._SY300_.jpg", "price": 19.3, "numReviews": 48, "groups": [28], "averageRating": 3.75, "brand": "Intermatic"}, {"asin": "B0076CQVGW", "name": "Woods 59103 Indoor 120-Volt 40-Amp 24-Hour DPST Mechanical Time Switch with Metal Box", "imUrl": "http://ecx.images-amazon.com/images/I/511ZZ0-NMzL._SY300_.jpg", "price": 41.8, "numReviews": 2, "groups": [29], "averageRating": 5.0, "brand": "Woods"}, {"asin": "B0045D3D16", "name": "Digital In-wall Timer St01c White Intermatic Ss8 Replac", "imUrl": "http://ecx.images-amazon.com/images/I/41egzpfUkPL._SY300_.jpg", "price": 36.06, "numReviews": 20, "groups": [30], "averageRating": 3.8, "brand": "Intermatic"}, {"asin": "B004SOZI2Y", "name": "Honeywell RPLS540A ECONOSwitch Programmable Timer Switch, White", "imUrl": "http://ecx.images-amazon.com/images/I/313w8hMxWwL._SY300_.jpg", "price": 32.1, "numReviews": 179, "groups": [31], "averageRating": 4.240223463687151, "brand": "Honeywell"}, {"asin": "B008GOH7N0", "name": "Utilitech Self Adjusting Wall Timer", "imUrl": "http://ecx.images-amazon.com/images/I/51CwJiu9VtL._SX300_.jpg", "price": 37.32, "numReviews": 3, "groups": [32], "averageRating": 2.3333333333333335}, {"asin": "B006QNQOLE", "name": "7 Day-digital In-wall Timer", "imUrl": "http://ecx.images-amazon.com/images/I/51TACnBq8LL._SY300_.jpg", "price": 18.13, "numReviews": 1, "groups": [33], "averageRating": 5.0}, {"asin": "B00A4PM2RK", "name": "1pcs CN101 AC 110V Digital LCD Programmable Timer AC 110V 16A Time Timer Relay Switch", "imUrl": "http://ecx.images-amazon.com/images/I/31nTL4fNxLL._SY300_.jpg", "price": 8.93, "numReviews": 1, "groups": [34], "averageRating": 2.0}, {"asin": "B003DKQXNM", "name": "Honeywell Timer Switch with Sunrise Sunset Single or 3 Way TI072-3W neutral required", "imUrl": "http://ecx.images-amazon.com/images/I/21QLzrfOTML.jpg", "price": 42.0, "numReviews": 26, "groups": [35], "averageRating": 4.6923076923076925}, {"asin": "B002QB1AXW", "name": "Westek TE04WHB Digital Timer, White", "imUrl": "http://ecx.images-amazon.com/images/I/41scJmwbr8L._SY300_.jpg", "price": 10.15, "numReviews": 25, "groups": [36], "averageRating": 2.16, "brand": "Westek"}, {"asin": "B004TTCNC6", "name": "Utilitech Digital Programmable Timer TE06WHBL", "imUrl": "http://ecx.images-amazon.com/images/I/41VGtm-0VwL._SY300_.jpg", "price": 16.97, "numReviews": 1, "groups": [37], "averageRating": 2.0}, {"asin": "B000Z9DC7E", "name": "Amertac TEO5W Decorative Indoor Weekly Digital Timer, White", "imUrl": "http://ecx.images-amazon.com/images/I/31joLBXBPpL._SX300_.jpg", "price": 14.49, "numReviews": 22, "groups": [38], "averageRating": 3.8181818181818183}, {"asin": "B000E3BUCK", "name": "Aube TI032-3W/U  7-Day Programmable Timer Switch, White", "imUrl": "http://ecx.images-amazon.com/images/I/315jNoqZKjL._SY300_.jpg", "price": 29.5, "numReviews": 80, "groups": [39], "averageRating": 4.15}, {"asin": "B0006I3A4E", "name": "Leviton 6515M-A Decora 500W Four Preset 2-5-10-15 Minutes Electronic Incandescent Only Timer Switch, Single Pole, Almond", "imUrl": "http://ecx.images-amazon.com/images/I/31aOR3q7kjL._SY300_.jpg", "price": 25.41, "numReviews": 1, "groups": [40], "averageRating": 4.0}, {"asin": "B0012QN2A6", "name": "Thomas & Betts/Carlon Housesitter Random Secur Timer HS4390", "imUrl": "http://ecx.images-amazon.com/images/I/41M9tP6YLCL._SY300_.jpg", "price": 16.66, "numReviews": 5, "groups": [41], "averageRating": 5.0, "salesRankCategory": "Electronics", "salesRank": 196086}, {"asin": "B001KBZUMQ", "name": "Intermatic HB300RCL 12Amp Outdoor Mechanical Timer", "imUrl": "http://ecx.images-amazon.com/images/I/41ipBn5-QqL._SY300_.jpg", "price": 12.7, "numReviews": 4, "groups": [42], "averageRating": 3.0}, {"asin": "B003A4ISTS", "name": "Intermatic T102 208-277-Volt SPST 24 Hour Mechanical Time Switch", "imUrl": "http://ecx.images-amazon.com/images/I/518YL3v3FML._SY300_.jpg", "price": 55.66, "numReviews": 1, "groups": [43], "averageRating": 5.0, "brand": "Intermatic"}, {"asin": "B005J6SZ8Y", "name": "Honeywell RPLS731B1009/U EconoSWITCH 7-Day Programmable Timer for Lights, Light Almond", "imUrl": "http://ecx.images-amazon.com/images/I/41XdwVa6Z1L._SY300_.jpg", "price": 31.99, "numReviews": 25, "groups": [44, 45], "averageRating": 4.6, "brand": "Honeywell"}, {"asin": "B003VW2LA6", "name": "SWE Autochron Wireless Wall Switch Timer", "imUrl": "http://ecx.images-amazon.com/images/I/415oYAdXCAL._SY300_.jpg", "price": 23.12, "numReviews": 212, "groups": [46], "averageRating": 4.39622641509434, "salesRankCategory": "Home & Kitchen", "salesRank": 9687}, {"asin": "B004ID6XMY", "name": "Holiday Time Multi-function Yard Stake with Timer Outdoor Lighting Power Supply", "imUrl": "http://ecx.images-amazon.com/images/I/31YlyDAZL1L._SX342_.jpg", "price": 18.88, "numReviews": 3, "groups": [47], "averageRating": 5.0}, {"asin": "B005H3AXFW", "name": "Intermatic ST01A Heavy Duty In-Wall Timer with Astronomic Feature, Almond", "imUrl": "http://ecx.images-amazon.com/images/I/41SvBv2cFTL._SY300_.jpg", "price": 30.95, "numReviews": 46, "groups": [48], "averageRating": 4.456521739130435, "brand": "Intermatic"}, {"asin": "B000E8VAIO", "name": "Intermatic EJ500C  Indoor Digital Wall Switch Timer", "imUrl": "http://ecx.images-amazon.com/images/I/41PKXC1RSDL._SY300_.jpg", "price": 25.5, "numReviews": 189, "groups": [49], "averageRating": 3.566137566137566, "brand": "Intermatic"}, {"asin": "B005E39F3G", "name": "Intermatic HB32R Raintight Outdoor Timer - Program repeats every 24 hours - 10 AMP", "imUrl": "http://ecx.images-amazon.com/images/I/41Uph3taw0L._SY300_.jpg", "price": 21.64, "numReviews": 3, "groups": [50], "averageRating": 3.0, "salesRankCategory": "Electronics", "salesRank": 147670}, {"asin": "B0015GPNYG", "name": "GE 57696 Light-Sensing Indoor/Outdoor Timer", "imUrl": "http://ecx.images-amazon.com/images/I/41WxugCoTPL._SY300_.jpg", "price": 16.16, "numReviews": 4, "groups": [51], "averageRating": 2.25, "brand": "GE"}, {"asin": "B0012DKDEM", "name": "Leviton 6560M-I Decora 500W Four Preset 10-20-30-60 Minutes Electronic Incandescent Only Timer Switch, Single Pole, Ivory", "imUrl": "http://ecx.images-amazon.com/images/I/31ZT7GAnHlL._SY300_.jpg", "price": 22.6, "numReviews": 2, "groups": [52], "averageRating": 1.0}, {"asin": "B001XCWLXS", "name": "Woods 59719 Gray 60 Minute In Wall Spring Wound Countdown Timer", "imUrl": "http://ecx.images-amazon.com/images/I/41Lkwd7lHKL._SX300_.jpg", "price": 16.38, "numReviews": 123, "groups": [53], "averageRating": 3.967479674796748}, {"asin": "B0046CF9IQ", "name": "Maxxima 800 Watt 7 Button Timer Switch", "imUrl": "http://ecx.images-amazon.com/images/I/31djk8rYSFL._SY300_.jpg", "price": 19.99, "numReviews": 73, "groups": [54], "averageRating": 4.534246575342466}, {"asin": "B000GHIPOA", "name": "Intermatic EH10 120-Volt Electronic Water Heater Timer", "imUrl": "http://ecx.images-amazon.com/images/I/41Kyyl4u3pL._SY300_.jpg", "price": 59.06, "numReviews": 14, "groups": [55], "averageRating": 4.357142857142857, "brand": "Intermatic"}, {"asin": "B00002NAPF", "name": "Intermatic Outdoor Timer", "imUrl": "http://ecx.images-amazon.com/images/I/41E4XKS0ENL._SY300_.jpg", "price": 24.87, "numReviews": 7, "groups": [56], "averageRating": 4.857142857142857, "brand": "Intermatic"}, {"asin": "B000HQA84U", "name": "EMX DTM-9 Seven Day Electronic Programmable Timer - 24 Volt", "imUrl": "http://ecx.images-amazon.com/images/I/619E9OFWF9L.gif", "price": 89.5, "numReviews": 1, "groups": [57], "averageRating": 4.0}, {"asin": "B001DD7YSE", "name": "Woods Import - Digital Countdown Timer", "imUrl": "http://ecx.images-amazon.com/images/I/31gOjKoqBpL._SY300_.jpg", "price": 10.11, "numReviews": 128, "groups": [58], "averageRating": 4.4453125, "brand": "Woods Import"}, {"asin": "B004ZFNL16", "name": "Honeywell Timer Switch with Sunrise Sunset Single or 3 Way PLS750C1000 neutral required The old Ti072-3w", "imUrl": "http://ecx.images-amazon.com/images/I/31VGv-PPJqL._SX342_.jpg", "price": 31.0, "numReviews": 46, "groups": [59], "averageRating": 4.108695652173913, "salesRankCategory": "Industrial & Scientific", "salesRank": 1955}, {"asin": "B001XCWLX8", "name": "Woods 59717 Decora Style 60-Minute Timer, Mechanical Wall Switch, White", "imUrl": "http://ecx.images-amazon.com/images/I/41XRijBe8HL._SY300_.jpg", "price": 14.17, "numReviews": 123, "groups": [60], "averageRating": 3.967479674796748, "brand": "Woods"}, {"asin": "B009PNTDMO", "name": "AC 110V 1-999 Second Digital Timer Time Delay Relay Black 8 Pin ASY-3D", "imUrl": "http://ecx.images-amazon.com/images/I/41bRv6F7fSL._SY300_.jpg", "price": 13.01, "numReviews": 2, "groups": [61], "averageRating": 3.5}, {"asin": "B009PNTF4U", "name": "AC/DC 12V 1-999 Second Digital Timer Time Delay Relay Black 8 Pin ASY-3D", "imUrl": "http://ecx.images-amazon.com/images/I/41peXU7KKQL._SY300_.jpg", "price": 11.83, "numReviews": 2, "groups": [62], "averageRating": 4.5}, {"asin": "B000BQU00S", "name": "Intermatic HB1116R Six Outlet Electro Mechanical Outdoor Timer with Stake, Black", "imUrl": "http://ecx.images-amazon.com/images/I/31PqCOcg-rL._SY300_.jpg", "price": 22.43, "numReviews": 13, "groups": [63], "averageRating": 4.0}, {"asin": "B002NESJBI", "name": "Intermatic T104P 24 Hour Dial Timer 208-277V 40-Amp Double Pole Single Throw Gray Plastic Rustproof Case", "imUrl": "http://ecx.images-amazon.com/images/I/51ZQ9A3nmBL._SX300_.jpg", "price": 75.13, "numReviews": 4, "groups": [64], "averageRating": 5.0, "brand": "Intermatic"}, {"asin": "B001XCWLVU", "name": "Woods 59013 Decora Style 8-4-2-1 Hour Electronic Timer, White", "imUrl": "http://ecx.images-amazon.com/images/I/41nMsqraKpL._SY300_.jpg", "price": 13.7, "numReviews": 413, "groups": [65], "averageRating": 4.239709443099273, "brand": "Woods"}, {"asin": "B00316UC2G", "name": "Grasslin Timer 24HR 120V FM/1-STUZ120V", "imUrl": "http://ecx.images-amazon.com/images/I/512prGOX25L._SX300_.jpg", "price": 35.66, "numReviews": 5, "groups": [66], "averageRating": 4.2}, {"asin": "B001DNYMV6", "name": "Intermatic T104M Mechanical Time Switch Mechanism Only", "imUrl": "http://ecx.images-amazon.com/images/I/31OfDMezqaL.jpg", "price": 60.09, "numReviews": 7, "groups": [67], "averageRating": 4.285714285714286, "brand": "Intermatic"}, {"asin": "B005F47SV0", "name": "Intermatic ST01C 7 Day Programmable Heavy Duty In-Wall Timer", "imUrl": "http://ecx.images-amazon.com/images/I/21OEkOAe9TL.jpg", "price": 35.0, "numReviews": 1, "groups": [68], "averageRating": 5.0, "brand": "Intermatic"}, {"asin": "B008KV65MS", "name": "Sestos Digital Twin Timer Relay Time Delay Relay Switch 110-220V Black B2E", "imUrl": "http://ecx.images-amazon.com/images/I/415InzTMZaL._SY300_.jpg", "price": 25.99, "numReviews": 5, "groups": [24], "averageRating": 4.4}, {"asin": "B004SOZHXY", "name": "Honeywell 7-Day Programmable Timer", "imUrl": "http://ecx.images-amazon.com/images/I/31IbSTB9PVL._SY300_.jpg", "price": 28.62, "numReviews": 375, "groups": [69], "averageRating": 4.250666666666667, "brand": "Honeywell", "salesRankCategory": "Home Improvement", "salesRank": 583}, {"asin": "B000NCYPOM", "name": "Intermatic EH40 240-Volt Electronic Water Heater Timer", "imUrl": "http://ecx.images-amazon.com/images/I/41Kyyl4u3pL._SY300_.jpg", "price": 69.48, "numReviews": 167, "groups": [1, 3], "averageRating": 4.1437125748503, "brand": "Intermatic"}, {"asin": "B005JZEC50", "name": "Honeywell PLS531A1006 7-day Programmable Timer Switch, Almond, The Old Ti032-3w-5/u, No Neutral Required", "imUrl": "http://ecx.images-amazon.com/images/I/2192qFlU-6L.jpg", "price": 26.0, "numReviews": 6, "groups": [70], "averageRating": 4.833333333333333}, {"asin": "B00ARBUPGG", "name": "DC 12V 0-30 Seconds 30s Electric Delay Timer Timing Relay DPDT 8P w Base", "imUrl": "http://ecx.images-amazon.com/images/I/41QeN4besjL._SY300_.jpg", "price": 10.99, "numReviews": 2, "groups": [71], "averageRating": 3.0}, {"asin": "B001QFZ3Y6", "name": "Aube by Honeywell TI044/U Solar Programmable Timer", "imUrl": "http://ecx.images-amazon.com/images/I/41N0iFGVmzL._SY300_.jpg", "price": 83.61, "numReviews": 11, "groups": [72], "averageRating": 4.636363636363637, "brand": "Honeywell"}, {"asin": "B002RL9UWY", "name": "Woods 59401 Water Heater Timer 40-Amp Single Pole Single Throw, 24 Hour Timer", "imUrl": "http://ecx.images-amazon.com/images/I/41k%2BaiG%2BBML._SY300_.jpg", "price": 44.05, "numReviews": 3, "groups": [73], "averageRating": 3.6666666666666665, "brand": "Woods"}, {"asin": "B008VM6MYM", "name": "Intermatic EJ600 120 Volt Indoor Digital Astro In-Wall Timer, White", "imUrl": "http://ecx.images-amazon.com/images/I/31BJQwXF9zL._SY300_.jpg", "price": 24.13, "numReviews": 94, "groups": [74], "averageRating": 4.351063829787234, "brand": "Intermatic", "salesRankCategory": "Home Improvement", "salesRank": 2609}, {"asin": "B000BQOX88", "name": "Intermatic T104 208-277-Volt DPST 24 Hour Mechanical Time Switch", "imUrl": "http://ecx.images-amazon.com/images/I/511qPaKQZPL._SY300_.jpg", "price": 40.0, "numReviews": 138, "groups": [75], "averageRating": 4.550724637681159, "brand": "Intermatic", "salesRankCategory": "Patio, Lawn & Garden", "salesRank": 760}, {"asin": "B0007NOZEC", "name": "Leviton 6515M-W Decora 500W Four Preset 2-5-10-15 Minutes Electronic Incandescent Only Timer Switch, Single Pole, White", "imUrl": "http://ecx.images-amazon.com/images/I/31wuLNmXZ1L._SY300_.jpg", "price": 29.95, "numReviews": 7, "groups": [76], "averageRating": 4.285714285714286}, {"asin": "B003A4M650", "name": "Intermatic FD6H 6-Hour Spring Loaded Wall Timer, Ivory", "imUrl": "http://ecx.images-amazon.com/images/I/41Y29PWtj4L._SY300_.jpg", "price": 18.73, "numReviews": 2, "groups": [77], "averageRating": 5.0, "brand": "Intermatic"}, {"asin": "B00IB0ZJXE", "name": "Enerlites HET06A In-Wall Countdown Timer Switch 7-Button Preset Maximum 30 Minutes Delay,Standard decorative wall plate included.", "imUrl": "http://ecx.images-amazon.com/images/I/41LG%2BjQnmpL._SY300_.jpg", "price": 18.99, "numReviews": 2, "groups": [54], "averageRating": 5.0}, {"asin": "B008999S3O", "name": "Amico AC 110V Digital LCD Power Programmable Timer Time Switch Relay 16A Amps", "imUrl": "http://ecx.images-amazon.com/images/I/41WFQO9akyL._SY300_.jpg", "price": 8.89, "numReviews": 2, "groups": [78], "averageRating": 4.5, "brand": "Amico"}, {"asin": "B003A4JJX2", "name": "Intermatic EI600WC Decorator Digital In-Wall 7-Day Astronaumic Timer, White", "imUrl": "http://ecx.images-amazon.com/images/I/419Ik%2B0OmIL._SY300_.jpg", "price": 32.6, "numReviews": 55, "groups": [79], "averageRating": 4.1454545454545455, "brand": "Intermatic"}, {"asin": "B000EVYJIE", "name": "Air King AKT60 Timer Switch, 60-Minute, White/Almond", "imUrl": "http://ecx.images-amazon.com/images/I/41rQvrKos1L._SY300_.jpg", "price": 13.99, "numReviews": 2, "groups": [80], "averageRating": 5.0, "brand": "Air King"}, {"asin": "B000R8NG42", "name": "Intermatic ET8215C 7-Day 30-Amps 2XSPST OR DPST Electronic Astronomic Time Switch, Clock Voltage 120-Volt - 277-Volt NEMA 1", "imUrl": "http://ecx.images-amazon.com/images/I/31oGDODj%2BNL._SX300_.jpg", "price": 134.81, "numReviews": 7, "groups": [81], "averageRating": 4.0, "brand": "Intermatic"}, {"asin": "B001BPOBTY", "name": "Hydrofarm TM01715D 7-Day Digital Program Timer", "imUrl": "http://ecx.images-amazon.com/images/I/41W1G-l8rlL._SX300_.jpg", "price": 14.27, "numReviews": 273, "groups": [82], "averageRating": 3.8754578754578755, "brand": "Hydrofarm"}, {"asin": "B000F3ZR8C", "name": "Aube by Honeywell TI033/U 7-Day Programmable Timer Switch, White", "imUrl": "http://ecx.images-amazon.com/images/I/31GsyYI7qWL._SY300_.jpg", "price": 30.09, "numReviews": 177, "groups": [83], "averageRating": 4.47457627118644}, {"asin": "B004OH0EUQ", "name": "Gro1 Single Outlet Mechanical Timer - 240V", "imUrl": "http://ecx.images-amazon.com/images/I/11twIBA9ymL.jpg", "price": 19.88, "numReviews": 3, "groups": [84], "averageRating": 4.666666666666667}, {"asin": "B0007NOZDI", "name": "Leviton 6515M-I Decora 500W Four Preset 2-5-10-15 Minutes Electronic Incandescent Only Timer Switch, Single Pole, Ivory", "imUrl": "http://ecx.images-amazon.com/images/I/31aOR3q7kjL._SY300_.jpg", "price": 22.6, "numReviews": 3, "groups": [85], "averageRating": 3.3333333333333335}, {"asin": "B008999RYY", "name": "Amico DC 12V Digital LCD Power Programmable Timer Time Switch Relay 16A Amps", "imUrl": "http://ecx.images-amazon.com/images/I/31Zz-zDk6kL._SY300_.jpg", "price": 5.74, "numReviews": 79, "groups": [86], "averageRating": 3.848101265822785, "brand": "Amico"}, {"asin": "B000E3FCLA", "name": "Aube by Honeywell TI032-3W-5/U 7-Day Programmable Timer Switch, Almond", "imUrl": "http://ecx.images-amazon.com/images/I/31yEraKJR8L._SY300_.jpg", "price": 24.99, "numReviews": 27, "groups": [87], "averageRating": 4.37037037037037}, {"asin": "B000G9YMB8", "name": "Sylvania SA220 15 Amp Zip Set Digital Outdoor Timer with Seven Outlets", "imUrl": "http://ecx.images-amazon.com/images/I/31ij16ZLcOL._SY300_.jpg", "price": 39.95, "numReviews": 33, "groups": [88], "averageRating": 3.727272727272727}, {"asin": "B003A1ZIA8", "name": "Intermatic ET8015C 7-Day 30-Amps SPST Electronic Astronomic Time Switch, Clock Voltage 120-Volt - 277-Volt NEMA 1", "imUrl": "http://ecx.images-amazon.com/images/I/51RTkllytxL._SY300_.jpg", "price": 148.0, "numReviews": 5, "groups": [89], "averageRating": 4.6, "brand": "Intermatic"}, {"asin": "B008GULI02", "name": "GE 15143 (7006) Timer, 8Hour Outdoor Countdown Light Timer w/Remote Black", "imUrl": "http://ecx.images-amazon.com/images/I/51hlrog-bvL._SY300_.jpg", "price": 16.95, "numReviews": 1, "groups": [90], "averageRating": 4.0, "brand": "GE"}, {"asin": "B005NCDYDU", "name": "Honeywell RPLS741B1007/U EconoSWITCH 7-Day Programmable Timer for Lights, Light Almond", "imUrl": "http://ecx.images-amazon.com/images/I/41rZCMuTx%2BL._SY300_.jpg", "price": 39.14, "numReviews": 57, "groups": [44], "averageRating": 4.807017543859649, "brand": "Honeywell"}, {"asin": "B00D0V7HZM", "name": "Panel Mount AC 110V Digital LCD Powered Programmable Timer Switch Relay 16A", "imUrl": "http://ecx.images-amazon.com/images/I/419Mawwn%2BTL._SY300_.jpg", "price": 9.28, "numReviews": 1, "groups": [91], "averageRating": 5.0}, {"asin": "B004ZLYWAO", "name": "Intermatic ST01CH In-wall Timer , White , up to 280 Events Per Week ,", "imUrl": "http://ecx.images-amazon.com/images/I/21u6b%2Bm61oL.jpg", "price": 24.99, "numReviews": 2, "groups": [92], "averageRating": 5.0}, {"asin": "B0047CPAJ8", "name": "Intermatic FD12HC 12-Hour Spring Loaded Wall Timer, Ivory", "imUrl": "http://ecx.images-amazon.com/images/I/41HnWcEG%2B1L._SY300_.jpg", "price": 25.53, "numReviews": 13, "groups": [93], "averageRating": 4.0, "brand": "Intermatic"}, {"asin": "B000E8VAIY", "name": "Intermatic HB1113RC Heavy Duty Outdoor Timer with Three Receptacles, Ground Stake with Weatherproof Cover, Black", "imUrl": "http://ecx.images-amazon.com/images/I/31T2uIXWxiL._SY300_.jpg", "price": 29.98, "numReviews": 1, "groups": [94], "averageRating": 5.0, "brand": "Intermatic"}, {"asin": "B001XCWLWE", "name": "Woods 59396 30-Amp Timer for Heavy Duty Appliances and Outlets, Repeats Daily SPST", "imUrl": "http://ecx.images-amazon.com/images/I/41GG9UC5e3L._SY300_.jpg", "price": 50.97, "numReviews": 15, "groups": [95], "averageRating": 3.066666666666667, "brand": "Woods"}, {"asin": "B005057OT0", "name": "Westek TE22DHB Indoor 1-Outlet Weekly Digital Bar Timer, 2-Pack", "imUrl": "http://ecx.images-amazon.com/images/I/31RIIi-565L._SY300_.jpg", "price": 13.29, "numReviews": 11, "groups": [96], "averageRating": 4.0, "brand": "Westek"}, {"asin": "B002YGS6SQ", "name": "Westek TMSW60MS Hardwire Indoor In-Wall 60 Minute Mechanical Countdown Timer with Wallplate, Stainless", "imUrl": "http://ecx.images-amazon.com/images/I/41YkZWnhrUL._SY300_.jpg", "price": 12.88, "numReviews": 2, "groups": [97], "averageRating": 4.5}, {"asin": "B002HESEKA", "name": "GE 15132 Double-Pole/Double-Throw 7-Day Digital Timer, Plastic", "imUrl": "http://ecx.images-amazon.com/images/I/41CuurcpWBL._SX300_.jpg", "price": 59.0, "numReviews": 13, "groups": [98], "averageRating": 2.923076923076923}, {"asin": "B002X1FYWI", "name": "Intermatic ET1105C 24 Hour Electronic Time Switch", "imUrl": "http://ecx.images-amazon.com/images/I/51iWxkBXXqL._SY300_.jpg", "price": 105.04, "numReviews": 5, "groups": [99], "averageRating": 4.8, "brand": "Intermatic"}, {"asin": "B002ZPI1NQ", "name": "Intermatic EI600LAC 7-Day Astronomic Single-Pole/3-Way Time Switch, Light Almond", "imUrl": "http://ecx.images-amazon.com/images/I/311%2BsPuffgL._SY300_.jpg", "price": 34.2, "numReviews": 43, "groups": [48, 79], "averageRating": 4.534883720930233, "brand": "Intermatic"}, {"asin": "B000KKNENU", "name": "Sylvania SA310 40 Amp 120-Volt Single-Pole Zip Set Outdoor Industrial Timer", "imUrl": "http://ecx.images-amazon.com/images/I/41YZtuz9ivL._SX300_.jpg", "price": 124.99, "numReviews": 9, "groups": [100], "averageRating": 4.0, "brand": "Sylvania"}, {"asin": "B00027EWN2", "name": "Aube by Honeywell TI034-3W/U Solar Time Table, Programmable Timer Switch, White", "imUrl": "http://ecx.images-amazon.com/images/I/31Oi4zb2sqL._SY300_.jpg", "price": 37.58, "numReviews": 32, "groups": [101], "averageRating": 4.40625}, {"asin": "B001DSLJ7Q", "name": "INTERMATIC INC PB913N PANEL MT TIMER 24HR 110V", "imUrl": "http://ecx.images-amazon.com/images/I/51M89VKzMrL._SX300_.jpg", "price": 25.69, "numReviews": 6, "groups": [102], "averageRating": 4.5, "salesRankCategory": "Patio, Lawn & Garden", "salesRank": 10517}, {"asin": "B004NKCNCQ", "name": "Leviton preset Electronic Timer Switch 10-20-30-60 500W White No. 6161T", "imUrl": "http://ecx.images-amazon.com/images/I/21AzGP2bT9L._SY300_.jpg", "price": 14.99, "numReviews": 2, "groups": [103], "averageRating": 1.0}, {"asin": "B0020ML77Q", "name": "Stanley 30415 In-Wall Electric Countdown Timer, White", "imUrl": "http://ecx.images-amazon.com/images/I/41kYYGViw6L._SY300_.jpg", "price": 14.27, "numReviews": 4, "groups": [104], "averageRating": 4.5, "brand": "Stanley"}, {"asin": "B000Q9YUGU", "name": "Intermatic EJ351C 120 Volt 24-Hour Programmable Mechanical Security Timer", "imUrl": "http://ecx.images-amazon.com/images/I/41tElP9QXqL._SY300_.jpg", "price": 18.67, "numReviews": 197, "groups": [105], "averageRating": 3.1928934010152283, "brand": "Intermatic"}, {"asin": "B000XOH2F4", "name": "Intermatic ST01AC Heavy Duty In-Wall Timer with Astronomic Feature, Almond", "imUrl": "http://ecx.images-amazon.com/images/I/41NDNvMmxzL._SY300_.jpg", "price": 34.8, "numReviews": 90, "groups": [106], "averageRating": 4.1}, {"asin": "B0012DRN4U", "name": "Leviton 6560M-W Decora 600W Four Preset 10-20-30-60 Minutes Electronic Incandescent Only Timer Switch, Single Pole, White", "imUrl": "http://ecx.images-amazon.com/images/I/31ZT7GAnHlL._SY300_.jpg", "price": 22.6, "numReviews": 2, "groups": [107], "averageRating": 3.5}, {"asin": "B002YGS6RM", "name": "Westek TMSW15MW Hardwire Indoor In-Wall 15 Minute Mechanical Countdown Timer, White", "imUrl": "http://ecx.images-amazon.com/images/I/31Ky4%2BoKHSL.jpg", "price": 12.88, "numReviews": 3, "groups": [108], "averageRating": 3.6666666666666665}, {"asin": "B0007N72H4", "name": "Smarthome 2476ST SwitchLinc Timer INSTEON Countdown Wall Switch Timer Non-Dimming, White", "imUrl": "http://ecx.images-amazon.com/images/I/31P9%2BJ3g0KL._SY300_.jpg", "price": 5.49, "numReviews": 1, "groups": [109], "averageRating": 5.0}, {"asin": "B000TWV1S4", "name": "Intellitec LPL822 Mini LED \"Wash & Brush\" Timer", "imUrl": "http://ecx.images-amazon.com/images/I/415INAutvrL._SY300_.jpg", "price": 5.41, "numReviews": 173, "groups": [110], "averageRating": 3.947976878612717}, {"asin": "B004RYV8JC", "name": "Outdoor Mechanical Photocell Timer Holiday & Landscape Lighting Controller", "imUrl": "http://ecx.images-amazon.com/images/I/31GaEvnRCzL.jpg", "price": 16.88, "numReviews": 1, "groups": [111], "averageRating": 3.0}, {"asin": "B004Z14CWW", "name": "Westek TM17DOLB Outdoor 3-Outlet Daily Self-Adjusting Photocell Stake Timer", "imUrl": "http://ecx.images-amazon.com/images/I/31esn%2BljQnL._SY300_.jpg", "price": 20.27, "numReviews": 5, "groups": [112], "averageRating": 4.2, "brand": "Westek"}, {"asin": "B008KVV546", "name": "Sestos Digital Quartic Timer Relay Switch 100-240V Omron Relay Ce Ac100-240V B3S", "imUrl": "http://ecx.images-amazon.com/images/I/51rPtQ77r0L._SY300_.jpg", "price": 29.96, "numReviews": 1, "groups": [25], "averageRating": 5.0}, {"asin": "B00002N5FP", "name": "Intermatic WH21 Electric Water Heater Timer", "imUrl": "http://ecx.images-amazon.com/images/I/51RuQOwJjwL._SY300_.jpg", "price": 35.34, "numReviews": 104, "groups": [2], "averageRating": 3.9615384615384617, "brand": "Intermatic"}, {"asin": "B003OUWAGU", "name": "GE 15304 In Wall Spring Wound 60 Minute Countdown Timer", "imUrl": "http://ecx.images-amazon.com/images/I/416wuJy5B3L._SY300_.jpg", "price": 19.97, "numReviews": 4, "groups": [113], "averageRating": 2.5, "brand": "GE"}, {"asin": "B000Z997R8", "name": "Westek TM14DOLB Decorative Outdoor Photoelectric Timer, Black", "imUrl": "http://ecx.images-amazon.com/images/I/41n7UmUH2EL._SY300_.jpg", "price": 18.99, "numReviews": 3, "groups": [114], "averageRating": 1.6666666666666667}, {"asin": "B003A3L4NG", "name": "Intermatic EI400WC Decorator Electronic Digital In-Wall Auto-Off Timer, White", "imUrl": "http://ecx.images-amazon.com/images/I/31ogVfcQBYL._SY300_.jpg", "price": 39.9, "numReviews": 10, "groups": [115], "averageRating": 3.7, "brand": "Intermatic"}, {"asin": "B002HEQCNG", "name": "GE 15071 7-Day Smart Digital Timer, White", "imUrl": "http://ecx.images-amazon.com/images/I/31PmMTq9VRL._SY300_.jpg", "price": 23.74, "numReviews": 29, "groups": [116], "averageRating": 1.6896551724137931, "brand": "GE"}, {"asin": "B002UTJHBC", "name": "Stanley 30418 7-Day Digital In-Wall Timer, White", "imUrl": "http://ecx.images-amazon.com/images/I/41RmDANIdRL._SY300_.jpg", "price": 26.82, "numReviews": 41, "groups": [117], "averageRating": 3.8780487804878048}, {"asin": "B0039Q7ORO", "name": "Intermatic RC2343PT Air Switch with Timer 4 Function", "imUrl": "http://ecx.images-amazon.com/images/I/51RTP9vsFML._SY300_.jpg", "price": 169.05, "numReviews": 3, "groups": [118], "averageRating": 5.0, "brand": "Intermatic", "salesRankCategory": "Patio, Lawn & Garden", "salesRank": 33526}, {"asin": "B003KYS5BY", "name": "Leviton LTT30-1LW Decora 600W Incandescent/5A Resistive 5-10-15-30 Minute Preset Countdown Timer, Single Pole, White", "imUrl": "http://ecx.images-amazon.com/images/I/41LvlZBeY8L._SY300_.jpg", "price": 33.87, "numReviews": 7, "groups": [119], "averageRating": 4.0, "brand": "Leviton"}, {"asin": "B004JYM204", "name": "Ti073-3w Aube Electronic Timer Switch with Sunrise/sunset Single or 3 Way 40w Min 500w Max No Neutral Required", "imUrl": "http://ecx.images-amazon.com/images/I/21QLzrfOTML.jpg", "price": 42.2, "numReviews": 9, "groups": [120], "averageRating": 4.888888888888889}, {"asin": "B0007NOZF6", "name": "Leviton 6215M-W Decora 1000W/20A 1HP Four Preset 2-5-10-15 Minutes Electronic Incandescent/Inductive Timer Switch, Single Pole, White", "imUrl": "http://ecx.images-amazon.com/images/I/41v62428s9L._SY300_.jpg", "price": 25.41, "numReviews": 5, "groups": [121], "averageRating": 4.6}, {"asin": "B000GHLVCI", "name": "Intermatic HB77R Programmable 7-Day Outdoor Digital Timer", "imUrl": "http://ecx.images-amazon.com/images/I/11KFR5V7G7L.jpg", "price": 19.99, "numReviews": 2, "groups": [122], "averageRating": 3.5}, {"asin": "B000B8UW9A", "name": "Intermatic FF30MC 30-Minute Spring Loaded Wall Timer, Brushed Metal", "imUrl": "http://ecx.images-amazon.com/images/I/41v0vleEMbL._SY300_.jpg", "price": 18.27, "numReviews": 10, "groups": [123], "averageRating": 4.6, "brand": "Intermatic", "salesRankCategory": "Patio, Lawn & Garden", "salesRank": 26677}, {"asin": "B003XDSHM4", "name": "Leviton LTBKT-B Color Change Kit for the 5-Button LTBxx Series Timers, Brown", "imUrl": "http://ecx.images-amazon.com/images/I/31Y56%2Bp9epL._SY300_.jpg", "price": 22.09, "numReviews": 3, "groups": [124], "averageRating": 4.333333333333333, "brand": "Leviton"}, {"asin": "B007BJULUC", "name": "GE SunSmart In-Wall Self-Adjusting Digital Timer 15312", "imUrl": "http://ecx.images-amazon.com/images/I/41vedAe%2BW-L._SY300_.jpg", "price": 27.49, "numReviews": 28, "groups": [125], "averageRating": 4.071428571428571, "brand": "GE"}, {"asin": "B001KBZULC", "name": "Intermatic DT300CL 5.0 Amp Seven Day Indoor Digital Timer, White", "imUrl": "http://ecx.images-amazon.com/images/I/4115Ep-MM9L._SX300_.jpg", "price": 8.78, "numReviews": 3, "groups": [126], "averageRating": 2.3333333333333335}, {"asin": "B005NCDY4E", "name": "Honeywell RPLS541A1001/U EconoSWITCH 7-Day Programmable Timer for Lights, Light Almond", "imUrl": "http://ecx.images-amazon.com/images/I/41zQdRNyeKL._SY300_.jpg", "price": 42.99, "numReviews": 5, "groups": [45], "averageRating": 5.0, "brand": "Honeywell"}, {"asin": "B000G9UY3I", "name": "Sylvania SA170 15 Amp Zip-Set Digital Wall Switch Timer", "imUrl": "http://ecx.images-amazon.com/images/I/41ei86bqnWL._SY300_.jpg", "price": 33.95, "numReviews": 41, "groups": [127], "averageRating": 3.341463414634146, "brand": "Sylvania"}, {"asin": "B008X1FYNG", "name": "Cn101A LED Screen Digital Time Switch Progerammable Timer AC 24V 16A", "imUrl": "http://ecx.images-amazon.com/images/I/41g8dJ%2B3alL._SY300_.jpg", "price": 12.09, "numReviews": 1, "groups": [128], "averageRating": 4.0}, {"asin": "B008999MW6", "name": "DC 24V Digital LCD Power Programmable Timer Time Switch Relay 16A Amps", "imUrl": "http://ecx.images-amazon.com/images/I/41hQRRXYNbL._SY300_.jpg", "price": 8.79, "numReviews": 1, "groups": [128], "averageRating": 5.0}, {"asin": "B007PZAZXU", "name": "Cooper Wiring Devices PT18M-W-K 1800-Watt 15-Amp 125-Volt 5-Button Minute Timer with Auto- Off, White", "imUrl": "http://ecx.images-amazon.com/images/I/41cogfChJzL._SY300_.jpg", "price": 26.0, "numReviews": 11, "groups": [129], "averageRating": 4.090909090909091, "brand": "Cooper Wiring Devices"}, {"asin": "B003A41UZM", "name": "Intermatic FD6HW 6-Hour Spring Loaded Wall Timer, White", "imUrl": "http://ecx.images-amazon.com/images/I/411EEs9CCOL._SY300_.jpg", "price": 18.5, "numReviews": 21, "groups": [130], "averageRating": 4.380952380952381, "brand": "Intermatic"}, {"asin": "B0037W5W0Q", "name": "Woods 59728 Manual Wall Switch Timer, Ivory, 30-Minute", "imUrl": "http://ecx.images-amazon.com/images/I/41Cru7pb7mL._SY300_.jpg", "price": 12.76, "numReviews": 4, "groups": [131], "averageRating": 4.0}, {"asin": "B00D5PQ1KU", "name": "Intermatic T104P Plastic Enclosure 208-277V DPST Multi Use Timer", "imUrl": "http://ecx.images-amazon.com/images/I/51s%2BWOXrC5L._SX300_.jpg", "price": 66.29, "numReviews": 2, "groups": [132], "averageRating": 4.5, "brand": "Timer"}, {"asin": "B002YGS6S6", "name": "Westek TMSW15MS Hardwire Indoor In-Wall 15 Minute Mechanical Countdown Timer with Wallplate, Stainless", "imUrl": "http://ecx.images-amazon.com/images/I/41%2BALh17iqL._SY300_.jpg", "price": 12.88, "numReviews": 1, "groups": [108], "averageRating": 4.0}, {"asin": "B00977J2T2", "name": "AC 220V 25A Programmable Electronic Timer Switch KG316T-II", "imUrl": "http://ecx.images-amazon.com/images/I/41IIqg6-UfL._SY300_.jpg", "price": 9.06, "numReviews": 4, "groups": [133], "averageRating": 3.75}, {"asin": "B0015GKIB4", "name": "GE 54335 24-Hour Easy Reach Timer", "imUrl": "http://ecx.images-amazon.com/images/I/417947Gwc%2BL._SY300_.jpg", "price": 16.99, "numReviews": 22, "groups": [134], "averageRating": 3.8636363636363638}, {"asin": "B005TL9MNQ", "name": "7 Days Grounded Mechanical Timer", "imUrl": "http://ecx.images-amazon.com/images/I/31mp3Ro5SPL._SY300_.jpg", "price": 14.95, "numReviews": 3, "groups": [135], "averageRating": 3.6666666666666665}, {"asin": "B002ZPEQF8", "name": "Intermatic ET1725C 7-Day 30-Amps 2XSPST OR DPST Electronic Time Switch, Clock Voltage 120-Volt - 277-Volt NEMA 1", "imUrl": "http://ecx.images-amazon.com/images/I/51jXbOHOTQL._SX300_.jpg", "price": 128.44, "numReviews": 7, "groups": [81], "averageRating": 3.7142857142857144, "brand": "Intermatic"}, {"asin": "B00316SK8E", "name": "Intermatic FM1STUZ-240U 24-Hour 21A, SPDT, 240V Electromechanical Timer Module", "imUrl": "http://ecx.images-amazon.com/images/I/51EqR5W3w0L._SY300_.jpg", "price": 43.09, "numReviews": 2, "groups": [136], "averageRating": 4.5, "brand": "Intermatic"}, {"asin": "B000KKNEO4", "name": "Sylvania SA300 40 Amp 120-Volt Single-Pole Zip Set Industrial Timer", "imUrl": "http://ecx.images-amazon.com/images/I/4122-XMwUjL._SX300_.jpg", "price": 86.79, "numReviews": 12, "groups": [72, 100], "averageRating": 3.4166666666666665}, {"asin": "B0017PNRCA", "name": "Lutron MA-T51-BR Maestro Countdown Timer, Brown", "imUrl": "http://ecx.images-amazon.com/images/I/41BNosKohpL._SY300_.jpg", "price": 36.26, "numReviews": 153, "groups": [137], "averageRating": 4.5359477124183005, "brand": "Lutron"}, {"asin": "B001QFZ3YQ", "name": "Aube by Honeywell TI071/U Solar Time Table,  Programmable Timer Switch, White", "imUrl": "http://ecx.images-amazon.com/images/I/31IxYcdCIML._SY300_.jpg", "price": 37.32, "numReviews": 68, "groups": [138], "averageRating": 4.8088235294117645}, {"asin": "B002YGS6RC", "name": "Westek TMDW10 Hardwire Indoor Digital Wall Switch Timer, White", "imUrl": "http://ecx.images-amazon.com/images/I/41ejWboJyWL._SY300_.jpg", "price": 19.69, "numReviews": 9, "groups": [139], "averageRating": 3.3333333333333335, "brand": "Westek"}, {"asin": "B0076CQUUE", "name": "Woods 59101R Outdoor 120-Volt 40-Amp 24-Hour SPST Mechanical Time Switch with Metal Box", "imUrl": "http://ecx.images-amazon.com/images/I/51YELL3k7DL._SX300_.jpg", "price": 48.95, "numReviews": 2, "groups": [140], "averageRating": 3.0, "brand": "Woods"}, {"asin": "B001XCWLXI", "name": "Woods 59718 Decora Style 60-Minute Timer, Mechanical Wall Switch, Light Almond", "imUrl": "http://ecx.images-amazon.com/images/I/41r-FB3UTZL._SY300_.jpg", "price": 12.99, "numReviews": 123, "groups": [141], "averageRating": 3.967479674796748, "brand": "Woods"}, {"asin": "B0017PPADO", "name": "Lutron MA-T51-BL Maestro Countdown Timer, Black", "imUrl": "http://ecx.images-amazon.com/images/I/41klDTAd2zL._SY300_.jpg", "price": 35.88, "numReviews": 2, "groups": [142], "averageRating": 5.0, "brand": "Lutron"}, {"asin": "B0039Q7K1E", "name": "Intermatic PB314E 16 Amps 240-Volt Electric Timer Mechanism", "imUrl": "http://ecx.images-amazon.com/images/I/41p869R6L5L._SY300_.jpg", "price": 33.0, "numReviews": 16, "groups": [143], "averageRating": 4.3125, "brand": "Intermatic", "salesRankCategory": "Patio, Lawn & Garden", "salesRank": 42291}, {"asin": "B003A56TKW", "name": "Intermatic ET1705C 7-Day Electronic Time Switch", "imUrl": "http://ecx.images-amazon.com/images/I/51P96oiX6lL._SX300_.jpg", "price": 124.48, "numReviews": 7, "groups": [99], "averageRating": 4.714285714285714, "brand": "Intermatic"}, {"asin": "B005E39SXI", "name": "Brinks 42-1020 Mechanical Timer - Multiple ON/OFFs per day - Easy Turn Dial - Grounded plug", "imUrl": "http://ecx.images-amazon.com/images/I/51WVSI7EddL._SY300_.jpg", "price": 12.7, "numReviews": 4, "groups": [144], "averageRating": 3.5, "salesRankCategory": "Electronics", "salesRank": 213587}, {"asin": "B000Z98166", "name": "Westek TM16DOLB Outdoor Daily Stake Timer with 6 Grounded Outlets, Black", "imUrl": "http://ecx.images-amazon.com/images/I/31duq-Rz0KL._SY300_.jpg", "price": 21.92, "numReviews": 47, "groups": [145], "averageRating": 3.851063829787234, "brand": "Westek"}, {"asin": "B0013AHXUQ", "name": "Leviton 6651-W Decora 40W-500W 14 Hour Segment Programmable Electronic Incandescent Only Timer, White", "imUrl": "http://ecx.images-amazon.com/images/I/41xZo8p9w3L._SY300_.jpg", "price": 39.27, "numReviews": 4, "groups": [146], "averageRating": 3.25, "brand": "Leviton"}, {"asin": "B0020ML75I", "name": "Stanley 38465 TimerMax Digital Trio Grounded 3-Outlet Digital Tri-Mode Timer", "imUrl": "http://ecx.images-amazon.com/images/I/41ZG8VOsguL._SY300_.jpg", "price": 21.87, "numReviews": 18, "groups": [147], "averageRating": 2.9444444444444446, "brand": "Stanley"}, {"asin": "B00002N5FN", "name": "Intermatic T101 24 Hour Dial Timer, Indoor Only", "imUrl": "http://ecx.images-amazon.com/images/I/51z5fI1-KSL._SY300_.jpg", "price": 46.99, "numReviews": 64, "groups": [148], "averageRating": 4.296875, "brand": "Intermatic", "salesRankCategory": "Patio, Lawn & Garden", "salesRank": 4691}, {"asin": "B000DT8OVA", "name": "Sylvania SA105 15 Amp Table Top Lamp Timer", "imUrl": "http://ecx.images-amazon.com/images/I/41-J9F8VZDL._SX300_.jpg", "price": 16.99, "numReviews": 39, "groups": [149], "averageRating": 4.282051282051282}, {"asin": "B002PU9P68", "name": "Air King AKT120 Electronic Timer Switch, 120-Minute, White/Almond", "imUrl": "http://ecx.images-amazon.com/images/I/41PdFHaZfhL._SY300_.jpg", "price": 29.16, "numReviews": 1, "groups": [150], "averageRating": 5.0}, {"asin": "B000EA6TLA", "name": "Aube by Honeywell TI035/U Solar Time Table,  Programmable Timer Switch, White", "imUrl": "http://ecx.images-amazon.com/images/I/31bGIVD6vIL._SY300_.jpg", "price": 37.58, "numReviews": 54, "groups": [151], "averageRating": 4.2592592592592595}, {"asin": "B0076CQY3M", "name": "Woods 59104R 208-277-Volt 40-Amp Outdoor 24-Hour DPST Mechanical Time Switch with Metal Box", "imUrl": "http://ecx.images-amazon.com/images/I/51zSlqg0IML._SX300_.jpg", "price": 58.79, "numReviews": 1, "groups": [152], "averageRating": 4.0, "brand": "Woods"}, {"asin": "B002YGS6R2", "name": "Westek TMMW20 Hardwire Indoor Self-Learning Wall Switch Timer, White", "imUrl": "http://ecx.images-amazon.com/images/I/41e9A%2BLot3L._SY300_.jpg", "price": 16.88, "numReviews": 7, "groups": [153], "averageRating": 1.1428571428571428, "brand": "Westek"}, {"asin": "B003AIKQZ8", "name": "Leviton VPT24-1PZ Vizia 24-Hour Programmable Indoor Timer with Astronomical Clock", "imUrl": "http://ecx.images-amazon.com/images/I/31ZZCb8YBuL._SY300_.jpg", "price": 32.6, "numReviews": 176, "groups": [154], "averageRating": 4.1875, "brand": "Leviton"}, {"asin": "B0052UXP64", "name": "GE 15144 Heavy Duty Digital Outdoor Timer", "imUrl": "http://ecx.images-amazon.com/images/I/31JFgMsOybL._SY300_.jpg", "price": 19.25, "numReviews": 12, "groups": [155], "averageRating": 2.8333333333333335, "brand": "GE"}, {"asin": "B001QFZ404", "name": "Aube by Honeywell TI070-3W/U ECONO Switch Programmable Timer Switch, White", "imUrl": "http://ecx.images-amazon.com/images/I/31mgT9rdEhL._SY300_.jpg", "price": 36.02, "numReviews": 70, "groups": [156], "averageRating": 4.357142857142857}, {"asin": "B005SILA76", "name": "GRO1 Hydroponic 115V Single Outlet Digital Timer", "imUrl": "http://ecx.images-amazon.com/images/I/41bM6Wt1FGL._SY300_.jpg", "price": 18.5, "numReviews": 6, "groups": [157], "averageRating": 3.8333333333333335, "brand": "GRO1"}, {"asin": "B000W0VTLW", "name": "Intermatic HB88RC Digital Two Receptacle Programmable Outdoor Timer, Black", "imUrl": "http://ecx.images-amazon.com/images/I/411fuHew-YL._SY300_.jpg", "price": 47.25, "numReviews": 11, "groups": [158], "averageRating": 2.909090909090909}, {"asin": "B003XDSILY", "name": "Leviton VPTKT-B, Color Change Kit for Vizia + 24 Hour Timer, Brown", "imUrl": "http://ecx.images-amazon.com/images/I/31K2fEuu9jL._SY300_.jpg", "price": 14.37, "numReviews": 6, "groups": [159], "averageRating": 4.666666666666667, "brand": "Leviton"}, {"asin": "B003DVXUSC", "name": "Intermatic Digital Lamp Timer", "imUrl": "http://ecx.images-amazon.com/images/I/31bAOaW5-bL.jpg", "price": 4.99, "numReviews": 4, "groups": [160], "averageRating": 1.5, "brand": "Intermatic"}, {"asin": "B002YGS6JU", "name": "Westek TMSW30MW Hardwire Indoor In-Wall 30 Minute Mechanical Countdown Timer, White", "imUrl": "http://ecx.images-amazon.com/images/I/31NdOLuIviL.jpg", "price": 11.73, "numReviews": 2, "groups": [161], "averageRating": 2.5, "brand": "Westek"}, {"asin": "B005MSHN64", "name": "Westinghouse Weekly Indoor Digital Light Christmas Timer with LCD Display", "imUrl": "http://ecx.images-amazon.com/images/I/31N0%2BlHkC0L._SY300_.jpg", "price": 9.99, "numReviews": 1, "groups": [162], "averageRating": 1.0}, {"asin": "B001R5KD3G", "name": "Air King AKEDT2 Electronic 2-Function Timer Switch, White/Almond", "imUrl": "http://ecx.images-amazon.com/images/I/41McFvDzH7L._SY300_.jpg", "price": 24.04, "numReviews": 7, "groups": [163], "averageRating": 3.4285714285714284, "brand": "Air King"}, {"asin": "B00002NB2X", "name": "Woods 2001 Outdoor 24-Hour Mechanical Outlet Timer with Light Sensor", "imUrl": "http://ecx.images-amazon.com/images/I/41sdesT99PL._SY300_.jpg", "price": 13.5, "numReviews": 180, "groups": [164], "averageRating": 4.15}, {"asin": "B0020ML73A", "name": "Stanley 38424 TimerMax Digislim Daily Digital Indoor Timer, White", "imUrl": "http://ecx.images-amazon.com/images/I/31jtZf7XMmL._SX300_.jpg", "price": 13.14, "numReviews": 123, "groups": [165], "averageRating": 3.6260162601626016, "brand": "Stanley"}, {"asin": "B003OUWAJM", "name": "GE 15306 Mechanical Outdoor Box Timer, 24 Hour", "imUrl": "http://ecx.images-amazon.com/images/I/51uckyiU8ZL._SX300_.jpg", "price": 37.99, "numReviews": 2, "groups": [166], "averageRating": 2.0, "brand": "GE"}, {"asin": "B002YGS6LS", "name": "Westek TMSW12HW Hardwire Indoor In-Wall 12 Hour Mechanical Countdown Timer, White", "imUrl": "http://ecx.images-amazon.com/images/I/41RGzvzawoL._SY300_.jpg", "price": 13.88, "numReviews": 10, "groups": [167], "averageRating": 3.6}, {"asin": "B002TYG5BS", "name": "Digital Lamp Timer by Intermatic, DT300CH70", "imUrl": "http://ecx.images-amazon.com/images/I/51S6XCafrML._SY300_.jpg", "price": 7.79, "numReviews": 9, "groups": [168], "averageRating": 3.111111111111111}, {"asin": "B00I0WT7B8", "name": "Defiant SunSmart Heavy Duty 15-Amp 7-Day 2-Outlet Plug-In Digital Timer", "imUrl": "http://ecx.images-amazon.com/images/I/412KUBCYWJL._SY300_.jpg", "price": 14.41, "numReviews": 1, "groups": [169], "averageRating": 1.0}, {"asin": "B00316REOU", "name": "Intermatic FM1STUZH-240U 24-Hour 21A, SPDT, 240V Electromechanical Timer Module with Manual Override Switch", "imUrl": "http://ecx.images-amazon.com/images/I/510LZypCs6L._SY300_.jpg", "price": 48.99, "numReviews": 1, "groups": [136], "averageRating": 4.0, "brand": "Intermatic"}, {"asin": "B0039Q5QDI", "name": "Intermatic RC2123PT On/Off High Low with Timer Air Switch", "imUrl": "http://ecx.images-amazon.com/images/I/51498iLJv2L._SY300_.jpg", "price": 124.0, "numReviews": 1, "groups": [170], "averageRating": 5.0, "brand": "Intermatic"}, {"asin": "B002ZPE8QA", "name": "Intermatic FM1STUZ-120U 24-Hour 21A, SPDT, 120V Electromechanical Timer Module", "imUrl": "http://ecx.images-amazon.com/images/I/5170XO2XBpL._SY300_.jpg", "price": 29.11, "numReviews": 7, "groups": [171], "averageRating": 4.285714285714286, "brand": "Intermatic"}, {"asin": "B0037W5W10", "name": "Woods 59729 Manual Wall Switch Timer, Ivory, 60-Minute", "imUrl": "http://ecx.images-amazon.com/images/I/41zizT5yDqL._SY300_.jpg", "price": 16.33, "numReviews": 9, "groups": [172], "averageRating": 3.7777777777777777}, {"asin": "B0007VCKAA", "name": "Leviton 6124H-W Leviton 6124H-W Decora LCD Timer Switch (24 Hour), White", "imUrl": "http://ecx.images-amazon.com/images/I/41jNnR8ueYL._SY300_.jpg", "price": 34.49, "numReviews": 34, "groups": [173], "averageRating": 4.352941176470588}, {"asin": "B002HEO7OM", "name": "GE 15086 Single-Pole/Single-Throw 7-Day Digital Timer, White", "imUrl": "http://ecx.images-amazon.com/images/I/31PmMTq9VRL._SY300_.jpg", "price": 17.95, "numReviews": 45, "groups": [174], "averageRating": 1.9333333333333333, "brand": "GE"}, {"asin": "B003A4A6P2", "name": "Intermatic KM2ST-1G 1 Gang SPST In-Wall 24-Hour Mechanical Timer", "imUrl": "http://ecx.images-amazon.com/images/I/31pa6afFdEL.jpg", "price": 21.99, "numReviews": 24, "groups": [175], "averageRating": 4.166666666666667, "brand": "Intermatic"}, {"asin": "B000F5KYAQ", "name": "Sylvania SA160 20 Amp Dual Mode 24-Hour/60 Minute Digital Auto Shut Off Timer", "imUrl": "http://ecx.images-amazon.com/images/I/41nqGQET%2BvL._SY300_.jpg", "price": 22.73, "numReviews": 17, "groups": [176], "averageRating": 4.176470588235294, "brand": "Sylvania"}, {"asin": "B002YGS6T0", "name": "Westek TMSW12HS Hardwire Indoor In-Wall 12 Hour Mechanical Countdown Timer with Wallplate, Stainless", "imUrl": "http://ecx.images-amazon.com/images/I/41N26VLaohL._SY300_.jpg", "price": 13.5, "numReviews": 5, "groups": [177], "averageRating": 3.4, "brand": "Westek"}, {"asin": "B0034G64AC", "name": "Leviton 6212H-I Decora 1000W/20A 1HP Four Preset 2-4-8-12 Hours Electronic Incandescent/Inductive Timer Switch, Single-Pole, Ivory", "imUrl": "http://ecx.images-amazon.com/images/I/41qbYlYWs8L._SY300_.jpg", "price": 20.5, "numReviews": 2, "groups": [178], "averageRating": 5.0, "brand": "Leviton"}, {"asin": "B00828ASG8", "name": "Jasco Products Company 15325 Indoor In Wall Timer, White", "imUrl": "http://ecx.images-amazon.com/images/I/41V%2B9rcBgjL._SY300_.jpg", "price": 12.99, "numReviews": 5, "groups": [179], "averageRating": 4.6, "brand": "Jasco"}, {"asin": "B0010CRTQU", "name": "GE 51587 Multi-Event Timer", "imUrl": "http://ecx.images-amazon.com/images/I/51rTV6u6jQL._SY300_.jpg", "price": 10.92, "numReviews": 19, "groups": [180], "averageRating": 4.0}, {"asin": "B000B8WJUU", "name": "Intermatic FD60MH 60-Minute Spring Loaded Wall Timer, Ivory", "imUrl": "http://ecx.images-amazon.com/images/I/41QIOsXCQfL._SY300_.jpg", "price": 26.5, "numReviews": 11, "groups": [181], "averageRating": 4.181818181818182, "brand": "Intermatic"}, {"asin": "B000KKHQFW", "name": "Sylvania SA315 40 Amp 240-Volt Double-Pole Zip Set Outdoor Industrial Timer", "imUrl": "http://ecx.images-amazon.com/images/I/41hNURKRJjL._SX300_.jpg", "price": 72.99, "numReviews": 2, "groups": [182], "averageRating": 2.0}, {"asin": "B004VTGH2G", "name": "Intermatic FM1STUZ-24U 24-Hour 21A, SPDT, 24V Electromechanical Timer Module", "imUrl": "http://ecx.images-amazon.com/images/I/5170XO2XBpL._SY300_.jpg", "price": 42.15, "numReviews": 4, "groups": [171], "averageRating": 4.5, "brand": "Intermatic"}, {"asin": "B0020ML730", "name": "Stanley 38448 TimeIt Indoor Twin 2-Outlet Heavy Duty Grounded Mechanical Timer", "imUrl": "http://ecx.images-amazon.com/images/I/51Z-bnDA4%2BL._SX300_.jpg", "price": 10.05, "numReviews": 23, "groups": [183], "averageRating": 3.869565217391304, "brand": "Stanley"}, {"asin": "B0046CDWUI", "name": "Maxxima Digital In-Wall Programmable Timer up to 18 On/Off Settings", "imUrl": "http://ecx.images-amazon.com/images/I/31fszVR-bVL._SY300_.jpg", "price": 19.99, "numReviews": 3, "groups": [184], "averageRating": 3.0}, {"asin": "B0076QMJ46", "name": "Woods 59101 120-Volt 40-Amp Indoor 24-Hour SPST Mechanical Time Switch with Metal Box", "imUrl": "http://ecx.images-amazon.com/images/I/51RutJSB-jL._SY300_.jpg", "price": 37.95, "numReviews": 1, "groups": [185], "averageRating": 5.0, "brand": "Woods"}, {"asin": "B00A9XIW94", "name": "GE SunSmart 7 Day Programmable Digital Timer 2pk.", "imUrl": "http://ecx.images-amazon.com/images/I/51XBmFJAdEL._SY300_.jpg", "price": 12.97, "numReviews": 8, "groups": [186], "averageRating": 3.5}, {"asin": "B00111DT6O", "name": "Intermatic EI210W Electronic Auto-Off Timer 10/20/30/60 Minutes, White", "imUrl": "http://ecx.images-amazon.com/images/I/31NCC%2BR01eL._SY300_.jpg", "price": 19.97, "numReviews": 94, "groups": [187], "averageRating": 4.351063829787234, "brand": "Intermatic"}, {"asin": "B000F5OA5Q", "name": "Sylvania SA150 20 Amp 15-Minute Auto Shut Off Timer", "imUrl": "http://ecx.images-amazon.com/images/I/31KqY1TtxhL._SY300_.jpg", "price": 25.95, "numReviews": 7, "groups": [188], "averageRating": 1.0, "brand": "Sylvania"}, {"asin": "B000F5OA60", "name": "Sylvania SA155 20 Amp 60-Minute Digital Auto Shut Off Timer", "imUrl": "http://ecx.images-amazon.com/images/I/31IJ3HCwHsL._SY300_.jpg", "price": 11.07, "numReviews": 3, "groups": [189], "averageRating": 4.666666666666667}, {"asin": "B000B8UW9U", "name": "Intermatic FF60MHC Timer, 60 Minute Spring Wound Commercial Timer w/ Hold White Dial", "imUrl": "http://ecx.images-amazon.com/images/I/31MkWgdP3IL.jpg", "price": 31.4, "numReviews": 1, "groups": [190], "averageRating": 4.0, "brand": "Intermatic", "salesRankCategory": "Electronics", "salesRank": 97106}, {"asin": "B0020ML74O", "name": "Stanley 31217 Digital Outdoor Photocell Light Timer, Black", "imUrl": "http://ecx.images-amazon.com/images/I/31rnnG8L83L._SY300_.jpg", "price": 13.3, "numReviews": 15, "groups": [191], "averageRating": 2.7333333333333334}, {"asin": "B00A4PDMPQ", "name": "1pcs CN101 DC12V Digital LCD Programmable Timer DC 12V 16A Time Timer Relay Switch", "imUrl": "http://ecx.images-amazon.com/images/I/31nTL4fNxLL._SY300_.jpg", "price": 7.89, "numReviews": 23, "groups": [192], "averageRating": 3.739130434782609}, {"asin": "B004JKBIEY", "name": "Titan Controls 734112 Apollo 7 24-Hour Digital Timer, 120-volt", "imUrl": "http://ecx.images-amazon.com/images/I/41euXWJ0OCL._SY300_.jpg", "price": 14.75, "numReviews": 20, "groups": [193], "averageRating": 4.15, "brand": "Titan Controls", "salesRankCategory": "Patio, Lawn & Garden", "salesRank": 2966}, {"asin": "B000QD9QLA", "name": "Intermatic ST01C White Self Adjusting Wall Switch Timer", "imUrl": "http://ecx.images-amazon.com/images/I/41SbwRZYlIL._SY300_.jpg", "price": 31.9, "numReviews": 146, "groups": [194], "averageRating": 4.123287671232877, "brand": "Intermatic"}, {"asin": "B000FHBGHY", "name": "Sylvania SA210 15 Amp Zip-Set Digital Outdoor Timer with Three Outlets", "imUrl": "http://ecx.images-amazon.com/images/I/41Vjer3mroL._SY300_.jpg", "price": 49.99, "numReviews": 18, "groups": [195], "averageRating": 3.388888888888889, "brand": "Sylvania"}, {"asin": "B001P2FWH8", "name": "Intermatic HB31RCL Timer, 120V 1800W 24Hour PlugIn Mechanical Outdoor Landscape Timer", "imUrl": "http://ecx.images-amazon.com/images/I/413-ZFr0V2L._SY300_.jpg", "price": 21.64, "numReviews": 2, "groups": [196], "averageRating": 5.0}, {"asin": "B001G4606M", "name": "Brinks Timer", "imUrl": "http://ecx.images-amazon.com/images/I/51M4195SOoL._SY300_.jpg", "price": 24.99, "numReviews": 2, "groups": [197], "averageRating": 3.0}, {"asin": "B000VY9WQ8", "name": "Intellitec LED \"Wash & Brush\" Timer #LPL820", "imUrl": "http://ecx.images-amazon.com/images/I/31r%2BAjK9p9L._SY445_.jpg", "price": 14.0, "numReviews": 2, "groups": [198], "averageRating": 5.0}, {"asin": "B003A1WBRQ", "name": "Intermatic EI200W Electronic Auto-Off Timer 5/10/15/30 Minutes, White", "imUrl": "http://ecx.images-amazon.com/images/I/31ZWKjrBCiL._SY300_.jpg", "price": 25.99, "numReviews": 5, "groups": [199], "averageRating": 4.6, "brand": "Intermatic"}, {"asin": "B002HEU9T4", "name": "GE 15087 24-Hour Outdoor Mechanical Time Switch", "imUrl": "http://ecx.images-amazon.com/images/I/51XAV291-eL._SX300_.jpg", "price": 39.5, "numReviews": 2, "groups": [200], "averageRating": 3.0}, {"asin": "B004HWXO1E", "name": "Intermatic PB873MKZ 7-Day Timer Mechanism without Override", "imUrl": "http://ecx.images-amazon.com/images/I/51XRvN5YzSL._SY300_.jpg", "price": 29.67, "numReviews": 1, "groups": [201], "averageRating": 3.0, "brand": "Intermatic"}, {"asin": "B004HWZJYY", "name": "Intermatic PB373E 7-Day SPST Electronic Timer Mechanism", "imUrl": "http://ecx.images-amazon.com/images/I/41wq-M5Q8UL._SY300_.jpg", "price": 32.72, "numReviews": 1, "groups": [202], "averageRating": 2.0, "brand": "Intermatic"}, {"asin": "B007PZAZJY", "name": "Cooper Wiring Devices PT18M-V-K 1800-Watt 15-Amp 125-Volt 5-Button Minute Timer with Auto- Off, Ivory", "imUrl": "http://ecx.images-amazon.com/images/I/41iVuWyBUZL._SY300_.jpg", "price": 28.73, "numReviews": 2, "groups": [203], "averageRating": 4.0, "brand": "Cooper Wiring Devices"}, {"asin": "B00HED9C6Y", "name": "GE SunSmart Digital Timer 7 Day Programmable Self Adjusting - 15432", "imUrl": "http://ecx.images-amazon.com/images/I/419o1kGW4RL._SY300_.jpg", "price": 12.97, "numReviews": 2, "groups": [204], "averageRating": 3.0, "brand": "GE"}, {"asin": "B002MO3LWQ", "name": "Woods 59017 Mechanical Repeats Daily Wall Switch Timer", "imUrl": "http://ecx.images-amazon.com/images/I/41LL27kfzWL._SY300_.jpg", "price": 11.32, "numReviews": 34, "groups": [205], "averageRating": 3.3823529411764706}, {"asin": "B002YGS6QS", "name": "Westek TMDCD60 Hardwire Indoor Countdown 6-Setting Wall Switch Timer, White", "imUrl": "http://ecx.images-amazon.com/images/I/21Shj%2Bg-ceL.jpg", "price": 19.76, "numReviews": 1, "groups": [206], "averageRating": 4.0}, {"asin": "B009XP1WBY", "name": "AC/DC 12V 0.1-99.9 Second Digital Timer Time Delay Relay Black 8 Pin ASY-3D", "imUrl": "http://ecx.images-amazon.com/images/I/41xb6wN%2Bo-L._SY300_.jpg", "price": 12.06, "numReviews": 2, "groups": [207], "averageRating": 4.0}, {"asin": "B005H3AXKM", "name": "Intermatic ST01 Self Adjusting Wall Switch Timer, White", "imUrl": "http://ecx.images-amazon.com/images/I/41SbwRZYlIL._SY300_.jpg", "price": 26.22, "numReviews": 266, "groups": [194], "averageRating": 4.2105263157894735, "brand": "Intermatic"}, {"asin": "B002WTC91K", "name": "Leviton LTB30-1LZ Decora 1800W Incandescent/20A Resistive-Inductive 1HP Preset 5-10-15-30 Minute Countdown Timer Switch, White/Ivory/Light Almond", "imUrl": "http://ecx.images-amazon.com/images/I/31xd5W%2B7mlL._SY300_.jpg", "price": 26.97, "numReviews": 348, "groups": [208], "averageRating": 4.198275862068965, "brand": "Leviton"}, {"asin": "B00316PBAO", "name": "Diehl 24hr 120V Timer SPST TA4071", "imUrl": "http://ecx.images-amazon.com/images/I/51mWKaeMTiL._SX300_.jpg", "price": 25.48, "numReviews": 1, "groups": [209], "averageRating": 5.0, "brand": "Diehl"}, {"asin": "B002ZB7IJS", "name": "Westek TMDW30 Hardwire Indoor Digital Wall Switch Timer, White", "imUrl": "http://ecx.images-amazon.com/images/I/31t74yLaiwL._SY300_.jpg", "price": 22.5, "numReviews": 2, "groups": [210], "averageRating": 2.5, "brand": "Westek"}, {"asin": "B000GHKOB2", "name": "Intermatic P1101 15 Amps Outdoor Pool Timer", "imUrl": "http://ecx.images-amazon.com/images/I/51SiZN3MOTL._SY300_.jpg", "price": 39.5, "numReviews": 34, "groups": [211], "averageRating": 3.411764705882353, "brand": "Intermatic", "salesRankCategory": "Patio, Lawn & Garden", "salesRank": 23169}, {"asin": "B001XCWLWY", "name": "Woods 59714 Decora Style 30-Minute Timer, Mechanical Wall Switch, White", "imUrl": "http://ecx.images-amazon.com/images/I/41DFNyj7JyL._SY300_.jpg", "price": 14.15, "numReviews": 123, "groups": [212], "averageRating": 3.967479674796748, "brand": "Woods"}, {"asin": "B0020ML73U", "name": "Stanley 31206 TimerMax Indoor Digital Lamp Timer, White", "imUrl": "http://ecx.images-amazon.com/images/I/41FtBpkkmLL._SX300_.jpg", "price": 7.0, "numReviews": 10, "groups": [213], "averageRating": 3.6}], "links": [{"source": 0, "target": 192, "right": false, "left": true, "value": 1}, {"source": 1, "target": 68, "right": true, "left": true, "value": 1}, {"source": 1, "target": 72, "right": false, "left": true, "value": 1}, {"source": 1, "target": 74, "right": true, "left": false, "value": 1}, {"source": 1, "target": 116, "right": true, "left": true, "value": 1}, {"source": 1, "target": 52, "right": false, "left": true, "value": 1}, {"source": 2, "target": 193, "right": false, "left": true, "value": 1}, {"source": 2, "target": 99, "right": false, "left": true, "value": 1}, {"source": 2, "target": 68, "right": true, "left": true, "value": 1}, {"source": 2, "target": 102, "right": false, "left": true, "value": 1}, {"source": 2, "target": 71, "right": false, "left": true, "value": 1}, {"source": 2, "target": 74, "right": true, "left": false, "value": 1}, {"source": 2, "target": 12, "right": false, "left": true, "value": 1}, {"source": 2, "target": 145, "right": false, "left": true, "value": 1}, {"source": 3, "target": 55, "right": true, "left": false, "value": 1}, {"source": 4, "target": 20, "right": true, "left": false, "value": 1}, {"source": 5, "target": 94, "right": true, "left": false, "value": 1}, {"source": 6, "target": 151, "right": true, "left": false, "value": 1}, {"source": 7, "target": 221, "right": true, "left": false, "value": 1}, {"source": 8, "target": 96, "right": true, "left": false, "value": 1}, {"source": 8, "target": 27, "right": false, "left": true, "value": 1}, {"source": 8, "target": 68, "right": true, "left": false, "value": 1}, {"source": 9, "target": 25, "right": false, "left": true, "value": 1}, {"source": 9, "target": 149, "right": false, "left": true, "value": 1}, {"source": 9, "target": 158, "right": true, "left": false, "value": 1}, {"source": 9, "target": 41, "right": false, "left": true, "value": 1}, {"source": 10, "target": 97, "right": false, "left": true, "value": 1}, {"source": 10, "target": 35, "right": false, "left": true, "value": 1}, {"source": 10, "target": 39, "right": false, "left": true, "value": 1}, {"source": 10, "target": 170, "right": false, "left": true, "value": 1}, {"source": 10, "target": 172, "right": false, "left": true, "value": 1}, {"source": 10, "target": 82, "right": true, "left": false, "value": 1}, {"source": 11, "target": 217, "right": true, "left": false, "value": 1}, {"source": 11, "target": 67, "right": true, "left": false, "value": 1}, {"source": 12, "target": 193, "right": false, "left": true, "value": 1}, {"source": 12, "target": 68, "right": true, "left": false, "value": 1}, {"source": 12, "target": 74, "right": true, "left": false, "value": 1}, {"source": 13, "target": 173, "right": false, "left": true, "value": 1}, {"source": 13, "target": 199, "right": true, "left": false, "value": 1}, {"source": 14, "target": 86, "right": true, "left": false, "value": 1}, {"source": 14, "target": 204, "right": true, "left": false, "value": 1}, {"source": 14, "target": 78, "right": true, "left": false, "value": 1}, {"source": 15, "target": 202, "right": false, "left": true, "value": 1}, {"source": 15, "target": 50, "right": false, "left": true, "value": 1}, {"source": 15, "target": 98, "right": false, "left": true, "value": 1}, {"source": 16, "target": 222, "right": false, "left": true, "value": 1}, {"source": 17, "target": 195, "right": true, "left": false, "value": 1}, {"source": 18, "target": 226, "right": false, "left": true, "value": 1}, {"source": 18, "target": 172, "right": false, "left": true, "value": 1}, {"source": 18, "target": 142, "right": false, "left": true, "value": 1}, {"source": 18, "target": 175, "right": false, "left": true, "value": 1}, {"source": 18, "target": 82, "right": true, "left": false, "value": 1}, {"source": 19, "target": 96, "right": true, "left": false, "value": 1}, {"source": 19, "target": 99, "right": false, "left": true, "value": 1}, {"source": 19, "target": 212, "right": false, "left": true, "value": 1}, {"source": 20, "target": 24, "right": false, "left": true, "value": 1}, {"source": 21, "target": 171, "right": false, "left": true, "value": 1}, {"source": 22, "target": 176, "right": false, "left": true, "value": 1}, {"source": 23, "target": 66, "right": true, "left": true, "value": 1}, {"source": 23, "target": 115, "right": true, "left": true, "value": 1}, {"source": 25, "target": 74, "right": true, "left": false, "value": 1}, {"source": 26, "target": 140, "right": false, "left": true, "value": 1}, {"source": 26, "target": 84, "right": false, "left": true, "value": 1}, {"source": 28, "target": 65, "right": false, "left": true, "value": 1}, {"source": 28, "target": 73, "right": true, "left": false, "value": 1}, {"source": 28, "target": 220, "right": true, "left": false, "value": 1}, {"source": 28, "target": 206, "right": true, "left": false, "value": 1}, {"source": 29, "target": 33, "right": false, "left": true, "value": 1}, {"source": 29, "target": 67, "right": true, "left": false, "value": 1}, {"source": 29, "target": 131, "right": false, "left": true, "value": 1}, {"source": 29, "target": 69, "right": false, "left": true, "value": 1}, {"source": 29, "target": 163, "right": false, "left": true, "value": 1}, {"source": 29, "target": 103, "right": false, "left": true, "value": 1}, {"source": 29, "target": 166, "right": false, "left": true, "value": 1}, {"source": 29, "target": 121, "right": false, "left": true, "value": 1}, {"source": 29, "target": 124, "right": false, "left": true, "value": 1}, {"source": 29, "target": 223, "right": false, "left": true, "value": 1}, {"source": 30, "target": 73, "right": true, "left": false, "value": 1}, {"source": 31, "target": 67, "right": true, "left": false, "value": 1}, {"source": 32, "target": 78, "right": true, "left": false, "value": 1}, {"source": 33, "target": 56, "right": true, "left": false, "value": 1}, {"source": 34, "target": 82, "right": true, "left": false, "value": 1}, {"source": 35, "target": 175, "right": true, "left": false, "value": 1}, {"source": 36, "target": 82, "right": true, "left": false, "value": 1}, {"source": 37, "target": 67, "right": true, "left": false, "value": 1}, {"source": 37, "target": 87, "right": false, "left": true, "value": 1}, {"source": 38, "target": 221, "right": true, "left": false, "value": 1}, {"source": 40, "target": 174, "right": true, "left": false, "value": 1}, {"source": 41, "target": 74, "right": true, "left": false, "value": 1}, {"source": 41, "target": 158, "right": true, "left": false, "value": 1}, {"source": 42, "target": 67, "right": true, "left": false, "value": 1}, {"source": 42, "target": 131, "right": true, "left": true, "value": 1}, {"source": 42, "target": 69, "right": false, "left": true, "value": 1}, {"source": 42, "target": 87, "right": false, "left": true, "value": 1}, {"source": 42, "target": 91, "right": true, "left": true, "value": 1}, {"source": 43, "target": 132, "right": false, "left": true, "value": 1}, {"source": 44, "target": 155, "right": true, "left": false, "value": 1}, {"source": 45, "target": 65, "right": false, "left": true, "value": 1}, {"source": 45, "target": 101, "right": true, "left": true, "value": 1}, {"source": 45, "target": 108, "right": false, "left": true, "value": 1}, {"source": 45, "target": 206, "right": true, "left": false, "value": 1}, {"source": 45, "target": 93, "right": false, "left": true, "value": 1}, {"source": 46, "target": 73, "right": true, "left": false, "value": 1}, {"source": 46, "target": 220, "right": true, "left": false, "value": 1}, {"source": 47, "target": 155, "right": true, "left": false, "value": 1}, {"source": 48, "target": 174, "right": true, "left": false, "value": 1}, {"source": 49, "target": 221, "right": true, "left": false, "value": 1}, {"source": 49, "target": 109, "right": true, "left": false, "value": 1}, {"source": 50, "target": 127, "right": true, "left": false, "value": 1}, {"source": 51, "target": 77, "right": true, "left": true, "value": 1}, {"source": 51, "target": 135, "right": false, "left": true, "value": 1}, {"source": 52, "target": 74, "right": true, "left": false, "value": 1}, {"source": 52, "target": 116, "right": true, "left": false, "value": 1}, {"source": 53, "target": 224, "right": true, "left": false, "value": 1}, {"source": 54, "target": 133, "right": true, "left": false, "value": 1}, {"source": 54, "target": 134, "right": true, "left": false, "value": 1}, {"source": 55, "target": 218, "right": false, "left": true, "value": 1}, {"source": 55, "target": 187, "right": false, "left": true, "value": 1}, {"source": 55, "target": 157, "right": false, "left": true, "value": 1}, {"source": 56, "target": 124, "right": false, "left": true, "value": 1}, {"source": 57, "target": 192, "right": false, "left": true, "value": 1}, {"source": 57, "target": 98, "right": false, "left": true, "value": 1}, {"source": 58, "target": 66, "right": true, "left": false, "value": 1}, {"source": 58, "target": 59, "right": true, "left": false, "value": 1}, {"source": 59, "target": 70, "right": false, "left": true, "value": 1}, {"source": 59, "target": 66, "right": true, "left": false, "value": 1}, {"source": 59, "target": 86, "right": true, "left": false, "value": 1}, {"source": 60, "target": 155, "right": true, "left": false, "value": 1}, {"source": 60, "target": 95, "right": true, "left": false, "value": 1}, {"source": 61, "target": 74, "right": true, "left": false, "value": 1}, {"source": 61, "target": 138, "right": false, "left": true, "value": 1}, {"source": 62, "target": 106, "right": false, "left": true, "value": 1}, {"source": 62, "target": 189, "right": false, "left": true, "value": 1}, {"source": 63, "target": 194, "right": true, "left": false, "value": 1}, {"source": 63, "target": 180, "right": true, "left": false, "value": 1}, {"source": 63, "target": 182, "right": true, "left": false, "value": 1}, {"source": 64, "target": 74, "right": true, "left": false, "value": 1}, {"source": 65, "target": 220, "right": true, "left": false, "value": 1}, {"source": 65, "target": 206, "right": true, "left": false, "value": 1}, {"source": 67, "target": 129, "right": false, "left": true, "value": 1}, {"source": 67, "target": 132, "right": false, "left": true, "value": 1}, {"source": 67, "target": 147, "right": false, "left": true, "value": 1}, {"source": 67, "target": 148, "right": false, "left": true, "value": 1}, {"source": 67, "target": 161, "right": false, "left": true, "value": 1}, {"source": 67, "target": 164, "right": false, "left": true, "value": 1}, {"source": 67, "target": 169, "right": false, "left": true, "value": 1}, {"source": 67, "target": 184, "right": false, "left": true, "value": 1}, {"source": 67, "target": 185, "right": false, "left": true, "value": 1}, {"source": 67, "target": 187, "right": false, "left": true, "value": 1}, {"source": 67, "target": 190, "right": false, "left": true, "value": 1}, {"source": 67, "target": 196, "right": false, "left": true, "value": 1}, {"source": 67, "target": 73, "right": true, "left": false, "value": 1}, {"source": 67, "target": 83, "right": false, "left": true, "value": 1}, {"source": 67, "target": 217, "right": false, "left": true, "value": 1}, {"source": 67, "target": 220, "right": false, "left": true, "value": 1}, {"source": 67, "target": 223, "right": false, "left": true, "value": 1}, {"source": 67, "target": 107, "right": false, "left": true, "value": 1}, {"source": 67, "target": 120, "right": false, "left": true, "value": 1}, {"source": 67, "target": 121, "right": false, "left": true, "value": 1}, {"source": 68, "target": 96, "right": false, "left": true, "value": 1}, {"source": 68, "target": 99, "right": false, "left": true, "value": 1}, {"source": 68, "target": 100, "right": false, "left": true, "value": 1}, {"source": 68, "target": 193, "right": false, "left": true, "value": 1}, {"source": 68, "target": 72, "right": false, "left": true, "value": 1}, {"source": 68, "target": 74, "right": true, "left": false, "value": 1}, {"source": 68, "target": 143, "right": false, "left": true, "value": 1}, {"source": 68, "target": 116, "right": false, "left": true, "value": 1}, {"source": 68, "target": 153, "right": false, "left": true, "value": 1}, {"source": 69, "target": 220, "right": true, "left": false, "value": 1}, {"source": 71, "target": 145, "right": true, "left": true, "value": 1}, {"source": 71, "target": 102, "right": true, "left": false, "value": 1}, {"source": 72, "target": 162, "right": true, "left": false, "value": 1}, {"source": 73, "target": 129, "right": false, "left": true, "value": 1}, {"source": 73, "target": 164, "right": false, "left": true, "value": 1}, {"source": 73, "target": 101, "right": false, "left": true, "value": 1}, {"source": 73, "target": 108, "right": false, "left": true, "value": 1}, {"source": 73, "target": 79, "right": false, "left": true, "value": 1}, {"source": 73, "target": 206, "right": false, "left": true, "value": 1}, {"source": 73, "target": 220, "right": false, "left": true, "value": 1}, {"source": 73, "target": 119, "right": false, "left": true, "value": 1}, {"source": 74, "target": 96, "right": false, "left": true, "value": 1}, {"source": 74, "target": 100, "right": false, "left": true, "value": 1}, {"source": 74, "target": 162, "right": false, "left": true, "value": 1}, {"source": 74, "target": 197, "right": false, "left": true, "value": 1}, {"source": 74, "target": 138, "right": false, "left": true, "value": 1}, {"source": 74, "target": 140, "right": false, "left": true, "value": 1}, {"source": 74, "target": 116, "right": false, "left": true, "value": 1}, {"source": 75, "target": 221, "right": true, "left": false, "value": 1}, {"source": 76, "target": 136, "right": true, "left": false, "value": 1}, {"source": 76, "target": 94, "right": true, "left": false, "value": 1}, {"source": 78, "target": 82, "right": true, "left": false, "value": 1}, {"source": 78, "target": 86, "right": true, "left": false, "value": 1}, {"source": 78, "target": 92, "right": false, "left": true, "value": 1}, {"source": 79, "target": 220, "right": true, "left": false, "value": 1}, {"source": 79, "target": 101, "right": true, "left": true, "value": 1}, {"source": 79, "target": 119, "right": false, "left": true, "value": 1}, {"source": 80, "target": 150, "right": true, "left": false, "value": 1}, {"source": 81, "target": 143, "right": true, "left": true, "value": 1}, {"source": 82, "target": 226, "right": false, "left": true, "value": 1}, {"source": 82, "target": 167, "right": false, "left": true, "value": 1}, {"source": 82, "target": 175, "right": false, "left": true, "value": 1}, {"source": 82, "target": 179, "right": false, "left": true, "value": 1}, {"source": 82, "target": 92, "right": false, "left": true, "value": 1}, {"source": 82, "target": 191, "right": false, "left": true, "value": 1}, {"source": 85, "target": 221, "right": true, "left": false, "value": 1}, {"source": 86, "target": 133, "right": false, "left": true, "value": 1}, {"source": 86, "target": 204, "right": false, "left": true, "value": 1}, {"source": 86, "target": 111, "right": false, "left": true, "value": 1}, {"source": 86, "target": 219, "right": false, "left": true, "value": 1}, {"source": 86, "target": 92, "right": false, "left": true, "value": 1}, {"source": 87, "target": 91, "right": true, "left": false, "value": 1}, {"source": 88, "target": 155, "right": true, "left": false, "value": 1}, {"source": 88, "target": 207, "right": false, "left": true, "value": 1}, {"source": 89, "target": 153, "right": true, "left": false, "value": 1}, {"source": 90, "target": 174, "right": true, "left": false, "value": 1}, {"source": 91, "target": 131, "right": true, "left": false, "value": 1}, {"source": 93, "target": 220, "right": true, "left": false, "value": 1}, {"source": 94, "target": 136, "right": true, "left": false, "value": 1}, {"source": 94, "target": 177, "right": false, "left": true, "value": 1}, {"source": 95, "target": 155, "right": true, "left": false, "value": 1}, {"source": 100, "target": 153, "right": true, "left": true, "value": 1}, {"source": 101, "target": 108, "right": false, "left": true, "value": 1}, {"source": 101, "target": 220, "right": true, "left": false, "value": 1}, {"source": 102, "target": 145, "right": true, "left": true, "value": 1}, {"source": 103, "target": 161, "right": true, "left": false, "value": 1}, {"source": 104, "target": 213, "right": false, "left": true, "value": 1}, {"source": 105, "target": 221, "right": true, "left": false, "value": 1}, {"source": 107, "target": 186, "right": false, "left": true, "value": 1}, {"source": 107, "target": 163, "right": false, "left": true, "value": 1}, {"source": 108, "target": 220, "right": true, "left": false, "value": 1}, {"source": 109, "target": 221, "right": true, "left": false, "value": 1}, {"source": 110, "target": 139, "right": true, "left": true, "value": 1}, {"source": 112, "target": 210, "right": false, "left": true, "value": 1}, {"source": 113, "target": 174, "right": true, "left": false, "value": 1}, {"source": 114, "target": 155, "right": true, "left": false, "value": 1}, {"source": 117, "target": 199, "right": true, "left": false, "value": 1}, {"source": 118, "target": 174, "right": true, "left": false, "value": 1}, {"source": 119, "target": 220, "right": true, "left": false, "value": 1}, {"source": 120, "target": 185, "right": true, "left": false, "value": 1}, {"source": 122, "target": 181, "right": false, "left": true, "value": 1}, {"source": 123, "target": 221, "right": true, "left": false, "value": 1}, {"source": 125, "target": 221, "right": true, "left": false, "value": 1}, {"source": 126, "target": 155, "right": true, "left": false, "value": 1}, {"source": 128, "target": 169, "right": false, "left": true, "value": 1}, {"source": 128, "target": 146, "right": true, "left": false, "value": 1}, {"source": 128, "target": 164, "right": true, "left": false, "value": 1}, {"source": 128, "target": 221, "right": true, "left": false, "value": 1}, {"source": 129, "target": 220, "right": true, "left": false, "value": 1}, {"source": 129, "target": 198, "right": false, "left": true, "value": 1}, {"source": 130, "target": 178, "right": true, "left": false, "value": 1}, {"source": 132, "target": 187, "right": true, "left": false, "value": 1}, {"source": 133, "target": 134, "right": true, "left": true, "value": 1}, {"source": 133, "target": 204, "right": true, "left": false, "value": 1}, {"source": 134, "target": 204, "right": true, "left": false, "value": 1}, {"source": 135, "target": 221, "right": true, "left": false, "value": 1}, {"source": 135, "target": 215, "right": false, "left": true, "value": 1}, {"source": 136, "target": 177, "right": false, "left": true, "value": 1}, {"source": 136, "target": 188, "right": false, "left": true, "value": 1}, {"source": 137, "target": 225, "right": true, "left": false, "value": 1}, {"source": 141, "target": 159, "right": true, "left": false, "value": 1}, {"source": 143, "target": 153, "right": false, "left": true, "value": 1}, {"source": 144, "target": 180, "right": true, "left": true, "value": 1}, {"source": 146, "target": 169, "right": true, "left": false, "value": 1}, {"source": 146, "target": 164, "right": true, "left": false, "value": 1}, {"source": 147, "target": 161, "right": true, "left": false, "value": 1}, {"source": 149, "target": 197, "right": false, "left": true, "value": 1}, {"source": 149, "target": 158, "right": true, "left": false, "value": 1}, {"source": 150, "target": 183, "right": false, "left": true, "value": 1}, {"source": 152, "target": 214, "right": false, "left": true, "value": 1}, {"source": 154, "target": 209, "right": true, "left": false, "value": 1}, {"source": 155, "target": 165, "right": false, "left": true, "value": 1}, {"source": 156, "target": 164, "right": true, "left": false, "value": 1}, {"source": 157, "target": 203, "right": false, "left": true, "value": 1}, {"source": 157, "target": 174, "right": true, "left": false, "value": 1}, {"source": 158, "target": 197, "right": false, "left": true, "value": 1}, {"source": 160, "target": 173, "right": true, "left": false, "value": 1}, {"source": 164, "target": 184, "right": false, "left": true, "value": 1}, {"source": 167, "target": 205, "right": true, "left": false, "value": 1}, {"source": 168, "target": 207, "right": true, "left": false, "value": 1}, {"source": 170, "target": 178, "right": true, "left": false, "value": 1}, {"source": 174, "target": 203, "right": false, "left": true, "value": 1}, {"source": 174, "target": 208, "right": false, "left": true, "value": 1}, {"source": 177, "target": 188, "right": false, "left": true, "value": 1}, {"source": 180, "target": 194, "right": true, "left": false, "value": 1}, {"source": 180, "target": 182, "right": true, "left": false, "value": 1}, {"source": 182, "target": 194, "right": true, "left": true, "value": 1}, {"source": 184, "target": 221, "right": true, "left": false, "value": 1}, {"source": 186, "target": 217, "right": false, "left": true, "value": 1}, {"source": 186, "target": 190, "right": false, "left": true, "value": 1}, {"source": 187, "target": 201, "right": false, "left": true, "value": 1}, {"source": 189, "target": 221, "right": true, "left": false, "value": 1}, {"source": 198, "target": 216, "right": true, "left": false, "value": 1}, {"source": 199, "target": 200, "right": false, "left": true, "value": 1}, {"source": 199, "target": 201, "right": false, "left": true, "value": 1}, {"source": 199, "target": 211, "right": false, "left": true, "value": 1}, {"source": 199, "target": 218, "right": false, "left": true, "value": 1}, {"source": 199, "target": 221, "right": false, "left": true, "value": 1}, {"source": 200, "target": 221, "right": true, "left": false, "value": 1}, {"source": 206, "target": 220, "right": true, "left": true, "value": 1}]}