{"nodes": [{"asin": "B000DZF444", "name": "Shur-Line 00856P 2-Inch Angle One Coat Sash Polyester Brush", "imUrl": "http://ecx.images-amazon.com/images/I/31y4DhzlXOL._SY300_.jpg", "price": 11.69, "numReviews": 1, "groups": [0], "averageRating": 5.0}, {"asin": "B00CW5M0UO", "name": "ChalkPro Paint&Wax Brush - Large", "imUrl": "http://ecx.images-amazon.com/images/I/41kfbQvMZvL._SX300_.jpg", "price": 24.99, "numReviews": 20, "groups": [1], "averageRating": 4.3}, {"asin": "B00002N8YS", "name": "Purdy 400230 Professional Nylox-Swan Paint Brush 3-Inch", "imUrl": "http://ecx.images-amazon.com/images/I/41ccUgkcWvL._SY300_.jpg", "price": 21.59, "numReviews": 2, "groups": [2], "averageRating": 5.0, "brand": "Purdy"}, {"asin": "B000O6B4GY", "name": "36 Natural China Bristle 1-1/2\" Disposable Chip Brush for Paint, Stain Etc.", "imUrl": "http://ecx.images-amazon.com/images/I/413%2B7J81KIL._SY300_.jpg", "price": 27.05, "numReviews": 5, "groups": [3], "averageRating": 4.0}, {"asin": "B002YC06T2", "name": "Wooster Brush Q3211-2 Shortcut Angle Sash Paintbrush, 2-Inch", "imUrl": "http://ecx.images-amazon.com/images/I/41zYqaskFML._SY300_.jpg", "price": 5.96, "numReviews": 108, "groups": [4], "averageRating": 4.777777777777778, "brand": "Wooster Brush"}, {"asin": "B005HB4HIS", "name": "The Paint Brush Storage Lid", "imUrl": "http://ecx.images-amazon.com/images/I/41DRXslJhgL._SX300_.jpg", "price": 8.43, "numReviews": 4, "groups": [5], "averageRating": 4.75}, {"asin": "B00002N6IP", "name": "Purdy 380325 Professional Sprig Paint Brush 2-1/2-Inch", "imUrl": "http://ecx.images-amazon.com/images/I/31bZBFNOOXL._SY300_.jpg", "price": 15.48, "numReviews": 1, "groups": [6], "averageRating": 5.0, "brand": "Purdy"}, {"asin": "B000LDLPC8", "name": "Wooster Brush 1831 Painter's Comb", "imUrl": "http://ecx.images-amazon.com/images/I/31%2BSjKDaAsL._SX300_.jpg", "price": 5.28, "numReviews": 48, "groups": [7], "averageRating": 4.6875, "brand": "Wooster Brush"}, {"asin": "B002XQ2K5W", "name": "Grex Tritium.TG3 Double Action Pistol Style Trigger Top Gravity Airbrush, 0.3mm Nozzle", "imUrl": "http://ecx.images-amazon.com/images/I/31jatYupI0L._SX300_.jpg", "price": 209.0, "numReviews": 6, "groups": [8], "averageRating": 4.833333333333333}, {"asin": "B00002N90B", "name": "Wooster Brush Z1222-2 White Majestic China Bristle Angle Sash Paintbrush, 2 Inch", "imUrl": "http://ecx.images-amazon.com/images/I/31VRVEP5M5L.gif", "price": 8.88, "numReviews": 2, "groups": [9], "averageRating": 5.0}, {"asin": "B003CLKS0G", "name": "Foam Brush Economy Pack", "imUrl": "http://ecx.images-amazon.com/images/I/41CcoeXh3JL._SY300_.jpg", "price": 1.91, "numReviews": 1, "groups": [10], "averageRating": 4.0}, {"asin": "B00004YOS9", "name": "Wooster Brush 1822 Prep-Plane Wire Brush", "imUrl": "http://ecx.images-amazon.com/images/I/41RDkfQcgzL._SX300_.jpg", "price": 6.99, "numReviews": 4, "groups": [11], "averageRating": 5.0, "brand": "Wooster Brush"}, {"asin": "B0019ESMH4", "name": "Wooster Brush 1841-1-1/2 Bent Radiator Paintbrush, 1-1/2-Inch", "imUrl": "http://ecx.images-amazon.com/images/I/31b%2BM4Q1YgL._SX300_.jpg", "price": 12.45, "numReviews": 2, "groups": [12], "averageRating": 3.0}, {"asin": "B006ZBD95Q", "name": "Harbor Freight Tools 36 Piece 1/2\" Horsehair Bristle Acid Shop Brushes", "imUrl": "http://ecx.images-amazon.com/images/I/21ROpd5zx%2BL.jpg", "price": 7.45, "numReviews": 19, "groups": [13], "averageRating": 4.7368421052631575, "brand": "Harbor Freight Tools"}, {"asin": "B0001NA0MY", "name": "Purdy Ox-O-Angular Ox Hair China Bristle Angle Sash Paint Brush, 2-Inch", "imUrl": "http://ecx.images-amazon.com/images/I/316J28rsV2L._SY300_.jpg", "price": 22.37, "numReviews": 2, "groups": [14], "averageRating": 5.0, "brand": "Purdy"}, {"asin": "B00BHTVFRA", "name": "1\" Foam Paint Brush, BF05021, pack of 48", "imUrl": "http://ecx.images-amazon.com/images/I/312GGaTuA0L._SY300_.jpg", "price": 13.91, "numReviews": 1, "groups": [15], "averageRating": 5.0}, {"asin": "B00146B2RO", "name": "5 Piece PAINT BRUSH Set 1\", 1-1/2\", 2\", 2-1/2\", & 3\" inch 100% Polyester", "imUrl": "http://ecx.images-amazon.com/images/I/41utDxwrnqL._SX300_.jpg", "price": 7.99, "numReviews": 51, "groups": [16], "averageRating": 3.156862745098039}, {"asin": "B00004YOS8", "name": "Wooster Brush 1821 Longneck Wire Brush with Scraper", "imUrl": "http://ecx.images-amazon.com/images/I/31dTqJnLvkL._SX300_.jpg", "price": 9.83, "numReviews": 4, "groups": [17], "averageRating": 5.0, "brand": "Wooster Brush"}, {"asin": "B000BPAHFM", "name": "Minwax 42734 1-1/2-Inch Minwax Polyurethane Brush", "imUrl": "http://ecx.images-amazon.com/images/I/31wU65lRaCL._SY300_.jpg", "price": 5.55, "numReviews": 4, "groups": [18], "averageRating": 3.5, "brand": "Minwax"}, {"asin": "B000L8BS0M", "name": "XL 2\" Angular Trim Cub Brush", "imUrl": "http://ecx.images-amazon.com/images/I/31gP6gvSK9L._SY300_.jpg", "price": 10.95, "numReviews": 10, "groups": [19], "averageRating": 4.9}, {"asin": "B000X1SAH6", "name": "36 Natural China Bristle 1 Inch Chip Paint and Stain Disposable Brush", "imUrl": "http://ecx.images-amazon.com/images/I/31W-J%2BKUMnL._SX300_.jpg", "price": 9.98, "numReviews": 2, "groups": [20], "averageRating": 4.5}, {"asin": "B004Z1Y2RC", "name": "Brush Flush Non-Toxic Brush Cleaner - 32 oz.", "imUrl": "http://ecx.images-amazon.com/images/I/31Dd3kZhh7L.jpg", "price": 28.5, "numReviews": 4, "groups": [21], "averageRating": 5.0}, {"asin": "B00EO9MNHQ", "name": "Champion Quality Tools Premium Series 10 Piece Foam Brush Set", "imUrl": "http://ecx.images-amazon.com/images/I/51LpbR5vqGL._SY300_.jpg", "price": 4.99, "numReviews": 2, "groups": [22], "averageRating": 5.0, "brand": ""}, {"asin": "B000UVON98", "name": "Linzer 3550 Satin and Stain Block Brush-Poly/ Bristle Blend", "imUrl": "http://ecx.images-amazon.com/images/I/4145%2B8FR51L._SY300_.jpg", "price": 11.46, "numReviews": 2, "groups": [23], "averageRating": 5.0, "brand": "Linzer"}, {"asin": "B004KEE6B6", "name": "Ergonomic Bent Handle Paint Brush", "imUrl": "http://ecx.images-amazon.com/images/I/412IaG0DSqL._SX300_.jpg", "price": 28.99, "numReviews": 3, "groups": [24], "averageRating": 4.0}, {"asin": "B00IK3OZFK", "name": "Chalk Supply Paint & Wax Brush- Small- White Bristle", "imUrl": "http://ecx.images-amazon.com/images/I/41cSA7zuMCL._SX300_.jpg", "price": 17.99, "numReviews": 1, "groups": [25], "averageRating": 5.0}, {"asin": "B000GC7AOG", "name": "Shur-Line 57006 Rubbermaid 2-Inch Polyester Angle Brush, Assorted colors", "imUrl": "http://ecx.images-amazon.com/images/I/31SY4t8gxsL._SY300_.jpg", "price": 12.99, "numReviews": 4, "groups": [26], "averageRating": 4.25}, {"asin": "B000FPAP50", "name": "Wooster Brush 1233-1-1/2 Amber Fong Angle Sash Paintbrush, 1-1/2-Inch", "imUrl": "http://ecx.images-amazon.com/images/I/41WyNoB5M%2BL._SY300_.jpg", "price": 5.67, "numReviews": 1, "groups": [27], "averageRating": 5.0, "brand": "Wooster Brush"}, {"asin": "B000C0T6YO", "name": "Cleaning Tools 7\" Brush Comb", "imUrl": "http://ecx.images-amazon.com/images/I/41yycW7q31L._SY300_.jpg", "price": 6.94, "numReviews": 27, "groups": [28], "averageRating": 4.2592592592592595}, {"asin": "B000BQU1Y8", "name": "Wooster Brush P3974-4 Factory Sale Polyester Paintbrush, 4-Inch", "imUrl": "http://ecx.images-amazon.com/images/I/51YtpL8kYIL._SY300_.jpg", "price": 6.5, "numReviews": 9, "groups": [29], "averageRating": 4.0, "brand": "Wooster Brush"}, {"asin": "B000H5QEAI", "name": "Purdy 402620 Syntox Flat Paint Brush 2-Inch", "imUrl": "http://ecx.images-amazon.com/images/I/31hQXlP%2BlWL._SY300_.jpg", "price": 10.59, "numReviews": 4, "groups": [30], "averageRating": 4.5, "brand": "Purdy"}, {"asin": "B000BQKL1G", "name": "Wooster Brush Z1101-3 Factory Sale Gray Bristle Paintbrush, 3-Inch", "imUrl": "http://ecx.images-amazon.com/images/I/51-KTjrgobL._SY300_.jpg", "price": 6.28, "numReviews": 2, "groups": [31], "averageRating": 3.5, "brand": "Wooster Brush"}, {"asin": "B0018246QI", "name": "Wooster Brush RR176 Tru-Edge Pole Trimmer", "imUrl": "http://ecx.images-amazon.com/images/I/51n2mMb6jkL._SY300_.jpg", "price": 2.89, "numReviews": 1, "groups": [32], "averageRating": 3.0, "brand": "Wooster Brush"}, {"asin": "B00002N6GQ", "name": "Linzer A-2204 4-Piece Deluxe Polyester Brush Set", "imUrl": "http://ecx.images-amazon.com/images/I/51M3SrNTuDL._SY300_.jpg", "price": 7.99, "numReviews": 3, "groups": [33], "averageRating": 3.0, "brand": "Linzer"}, {"asin": "B0049PEUBC", "name": "Corona 1.5\" Chinex Excalibur Paint Brush", "imUrl": "http://ecx.images-amazon.com/images/I/318-D29HzQL._SX300_.jpg", "price": 12.65, "numReviews": 2, "groups": [34], "averageRating": 5.0, "brand": "Corona"}, {"asin": "B005NA4AEO", "name": "Proform Technologies PIC1-2.0 2-Inch Picasso Oval Angle Sash Paint Brush", "imUrl": "http://ecx.images-amazon.com/images/I/31miHZSpgoL._SX300_.jpg", "price": 7.29, "numReviews": 22, "groups": [35], "averageRating": 4.7727272727272725, "brand": "Proform Technologies"}, {"asin": "B0000DD1SS", "name": "Woodstock D2025 Synthetic Bristle Brush Set, 50-Piece", "imUrl": "http://ecx.images-amazon.com/images/I/41X9Ji1QU7L._SX300_.jpg", "price": 19.71, "numReviews": 28, "groups": [36], "averageRating": 3.107142857142857}, {"asin": "B0002YP090", "name": "Pro-Extra 3\" Angular Glide Brush", "imUrl": "http://ecx.images-amazon.com/images/I/31uRdC6lkuL._SY300_.jpg", "price": 17.11, "numReviews": 29, "groups": [37], "averageRating": 4.758620689655173}, {"asin": "B00BHTUVAC", "name": "2\" Single X Thick Chip Brush, BB00013, pack of 36", "imUrl": "http://ecx.images-amazon.com/images/I/313jumaJD9L._SY300_.jpg", "price": 15.83, "numReviews": 8, "groups": [38], "averageRating": 4.5}, {"asin": "B002AU0ATY", "name": "4 Inch Jen Manufacturing Orginial Poly-Brush\u00ae Foam Disposable Brush 24 per box", "imUrl": "http://ecx.images-amazon.com/images/I/31ZAlxUwrcL._SX300_.jpg", "price": 18.0, "numReviews": 1, "groups": [39], "averageRating": 4.0}, {"asin": "B00APLPIC4", "name": "Tool Choice 10 Piece Disposable Foam Paint Brush Set", "imUrl": "http://ecx.images-amazon.com/images/I/518sPVJqpeL._SX300_.jpg", "price": 5.28, "numReviews": 1, "groups": [40], "averageRating": 1.0}, {"asin": "B0000DH4MH", "name": "Wooster Brush 4175-2 Ultra/Pro Firm Mink Flat Sash Paintbrush, 2-Inch", "imUrl": "http://ecx.images-amazon.com/images/I/418Vn63aFSL._SY300_.jpg", "price": 9.35, "numReviews": 1, "groups": [41], "averageRating": 4.0, "brand": "Wooster Brush"}, {"asin": "B000BP7MKA", "name": "Wooster Brush 4731-2 1/2 Advantage Angle Sash Paintbrush, 2 1/2-Inch", "imUrl": "http://ecx.images-amazon.com/images/I/41T2dv%2BUsOL._SY300_.jpg", "price": 16.71, "numReviews": 2, "groups": [42], "averageRating": 5.0, "brand": "Wooster Brush"}, {"asin": "B0052F0GAM", "name": "Ryobi Bc400 Paint Brush Cleaner Tool 1 Gallon", "imUrl": "http://ecx.images-amazon.com/images/I/311JpuaZsYL._SX300_.jpg", "price": 8.43, "numReviews": 7, "groups": [43], "averageRating": 3.5714285714285716}, {"asin": "B00BHTUUYO", "name": "1\" Single X Thick Chip Brush, BB00011, pack of 36", "imUrl": "http://ecx.images-amazon.com/images/I/31yj1t8gOYL._SY300_.jpg", "price": 12.21, "numReviews": 2, "groups": [44], "averageRating": 5.0}, {"asin": "B003RI1IDU", "name": "OSMO Floor Brush 400mm", "imUrl": "http://ecx.images-amazon.com/images/I/31aGEWtzyuL.jpg", "price": 69.0, "numReviews": 1, "groups": [45], "averageRating": 5.0}, {"asin": "B000TNBNPO", "name": "Shur-Line 55533 2-Inch Angle Sash-Poly Premium Select Brush with Teflon Surface Protection", "imUrl": "http://ecx.images-amazon.com/images/I/31ygR8sSJ5L._SY300_.jpg", "price": 7.35, "numReviews": 1, "groups": [46], "averageRating": 5.0, "brand": "Shur-Line"}, {"asin": "B00002NCN3", "name": "Sav-A-Brush Paint Brush Restorer - Cleaner", "imUrl": "http://ecx.images-amazon.com/images/I/415MvCs22cL._SY300_.jpg", "price": 1.56, "numReviews": 2, "groups": [47], "averageRating": 3.0, "salesRankCategory": "Electronics", "salesRank": 38317}, {"asin": "B0019F05TG", "name": "Wooster Brush A1147-2 Solvent-Proof Bristle Chip Brush, 2-Inch, White, Case pack-24", "imUrl": "http://ecx.images-amazon.com/images/I/11StZKL9kpL.jpg", "price": 21.6, "numReviews": 5, "groups": [48, 49], "averageRating": 3.8}, {"asin": "B002C68UNY", "name": "Purdy 140380625 Eco Pro 2.5-Inch Sprig Paint Brush,", "imUrl": "http://ecx.images-amazon.com/images/I/31gbp55Y3YL._SY300_.jpg", "price": 7.59, "numReviews": 1, "groups": [50], "averageRating": 3.0, "brand": "Purdy"}, {"asin": "B0019EY1LU", "name": "Wooster Brush A1147-3 Solvent-Proof Chip Brush, 24-Pack, 3-Inch", "imUrl": "http://ecx.images-amazon.com/images/I/11StZKL9kpL.jpg", "price": 15.99, "numReviews": 1, "groups": [48], "averageRating": 3.0}, {"asin": "B001Q3LHN4", "name": "Linzer PA-1125S 5-Piece Time Saver Better Quality Polyester Brush Set", "imUrl": "http://ecx.images-amazon.com/images/I/51fpEz-V3mL._SY300_.jpg", "price": 9.99, "numReviews": 16, "groups": [51, 52], "averageRating": 4.0, "brand": "Linzer"}, {"asin": "B000DZBNZS", "name": "Wooster Brush 4181-1 Ultra/Pro Firm Willow Thin Angle Sash Paintbrush, 1-Inch", "imUrl": "http://ecx.images-amazon.com/images/I/41U-9ICjmLL._SY300_.jpg", "price": 8.82, "numReviews": 1, "groups": [53], "averageRating": 5.0, "brand": "Wooster Brush"}, {"asin": "B00JMJJ858", "name": "Professional Premium Paint Brush Set 5pk", "imUrl": "http://ecx.images-amazon.com/images/I/51uOZKvdlFL._SY300_.jpg", "price": 6.95, "numReviews": 2, "groups": [54], "averageRating": 3.0}, {"asin": "B000O3MEIY", "name": "Shur-Line 03968 5 Piece Premium Trim Kit", "imUrl": "http://ecx.images-amazon.com/images/I/41ZTuHqx3KL._SY300_.jpg", "price": 9.98, "numReviews": 11, "groups": [55], "averageRating": 4.2727272727272725, "brand": "Shur-Line"}, {"asin": "B001G0MT20", "name": "Styletto 00046 Precision Brushes For Trimming and Edging, Set of 3", "imUrl": "http://ecx.images-amazon.com/images/I/41G2Epfe23L._SY300_.jpg", "price": 19.99, "numReviews": 15, "groups": [56], "averageRating": 4.066666666666666, "brand": "Styletto"}, {"asin": "B003KIGKV2", "name": "Clearcut 2\" Angular Trim Glide Brush", "imUrl": "http://ecx.images-amazon.com/images/I/31BeVfHNdTL._SY300_.jpg", "price": 9.93, "numReviews": 4, "groups": [57], "averageRating": 5.0, "salesRankCategory": "Home Improvement", "salesRank": 47387}, {"asin": "B0055KVEHS", "name": "Signature Colors Softening Brush", "imUrl": "http://ecx.images-amazon.com/images/I/41DGyNZQpSL._SX300_.jpg", "price": 2.99, "numReviews": 1, "groups": [58], "averageRating": 1.0}, {"asin": "B00DH7ZSL4", "name": "Dynamic HB216603 Black Bristle Bent Radiator Brush, 1-Inch", "imUrl": "http://ecx.images-amazon.com/images/I/31cVYMwkwcL._SX300_.jpg", "price": 11.14, "numReviews": 1, "groups": [59], "averageRating": 5.0}, {"asin": "B002V3T0SC", "name": "PX PX02573 3-Piece  Brush Set", "imUrl": "http://ecx.images-amazon.com/images/I/41TtadJRAML._SY300_.jpg", "price": 19.99, "numReviews": 2, "groups": [60], "averageRating": 5.0, "brand": "PX"}, {"asin": "B000IKP0GQ", "name": "Wooster Brush J4209-4 Super/Pro Bison Wall Paintbrush, 4-Inch", "imUrl": "http://ecx.images-amazon.com/images/I/41qSU4YkRZL._SY300_.jpg", "price": 30.09, "numReviews": 3, "groups": [61], "averageRating": 5.0}, {"asin": "B00002N6IL", "name": "Purdy 380430 3\" Sprig China Bristle Paint Brush, 3-Inch, White", "imUrl": "http://ecx.images-amazon.com/images/I/41Jyg5Nj0-L._SY300_.jpg", "price": 7.19, "numReviews": 12, "groups": [62], "averageRating": 4.5, "brand": "Purdy"}, {"asin": "B000PQTYTC", "name": "Capri Tools 00308 Brush Paint Stain Varnish Set with Wood Handles, 5-Piece", "imUrl": "http://ecx.images-amazon.com/images/I/418DeXMl81L._SY300_.jpg", "price": 1.7, "numReviews": 82, "groups": [4, 51, 63], "averageRating": 3.6951219512195124, "brand": "Capri Tools"}, {"asin": "B000VXBYVA", "name": "Accubrush Precision Corner Painting Brush", "imUrl": "http://ecx.images-amazon.com/images/I/41vel9qL5fL._SX300_.jpg", "price": 39.95, "numReviews": 1, "groups": [64], "averageRating": 2.0}, {"asin": "B000GC7ANW", "name": "Shur-Line 57002 Rubbermaid 2-Inch Premium Small Area Brush for All Paints", "imUrl": "http://ecx.images-amazon.com/images/I/31EopdDG2JL._SY300_.jpg", "price": 6.78, "numReviews": 3, "groups": [65], "averageRating": 5.0, "brand": "Shur-Line"}, {"asin": "B0002YP1O4", "name": "Purdy 140400040 4-Inch Swan Elite Enamel Paint Brush", "imUrl": "http://ecx.images-amazon.com/images/I/41B7t9XVQRL._SY300_.jpg", "price": 18.7, "numReviews": 2, "groups": [66], "averageRating": 3.0, "brand": "Purdy"}, {"asin": "B000PA1D5G", "name": "24 Natural China Bristle 2\" Chip Brush", "imUrl": "http://ecx.images-amazon.com/images/I/31zdoBMkIxL._SX300_.jpg", "price": 13.14, "numReviews": 2, "groups": [67], "averageRating": 5.0}, {"asin": "B000BQPZTY", "name": "Wooster Brush Q3108-3 Softip Paintbrush, 3-Inch", "imUrl": "http://ecx.images-amazon.com/images/I/41EAetybFmL._SY300_.jpg", "price": 6.82, "numReviews": 4, "groups": [29], "averageRating": 5.0, "brand": "Wooster Brush"}, {"asin": "B001Q3LHMU", "name": "Linzer A-1143S 3-Piece Project Select Blended Polyester Brush Set", "imUrl": "http://ecx.images-amazon.com/images/I/51uQUlmkr%2BL._SY300_.jpg", "price": 8.57, "numReviews": 1, "groups": [68], "averageRating": 3.0, "brand": "Linzer"}, {"asin": "B0044LYNG8", "name": "Corona 2.5\" Chinex Professional Mini Boss Paint Brush", "imUrl": "http://ecx.images-amazon.com/images/I/31lmCEy%2BsZL._SX300_.jpg", "price": 16.75, "numReviews": 2, "groups": [69], "averageRating": 5.0, "brand": "Corona"}, {"asin": "B0076UD9FA", "name": "Proform Technologies C2.5AVS 2-1/2-Inch Contractor Angle Cut Stiff Standard Paint Brush", "imUrl": "http://ecx.images-amazon.com/images/I/31zYZ%2BIGR3L._SX300_.jpg", "price": 6.99, "numReviews": 2, "groups": [70], "averageRating": 5.0, "brand": "Proform Technologies"}, {"asin": "B00002N8ZU", "name": "Shur-Line 3510 9-Inch Roller and Shield", "imUrl": "http://ecx.images-amazon.com/images/I/41FUYQ3HifL._SX300_.jpg", "price": 8.84, "numReviews": 5, "groups": [71], "averageRating": 4.6, "brand": "Shur-Line"}, {"asin": "B000L89RPK", "name": "Wooster Brush F5116-4 3/4 Bravo Stainer Stain Brush, 4.75-Inch", "imUrl": "http://ecx.images-amazon.com/images/I/41xiUZsyoGL._SY300_.jpg", "price": 9.42, "numReviews": 22, "groups": [72], "averageRating": 4.7727272727272725, "brand": "Wooster Brush"}, {"asin": "B000NPJ2VA", "name": "Project Select One-Coat Pro Flat Paint Brush", "imUrl": "http://ecx.images-amazon.com/images/I/31BUSUmEWTL._SX300_.jpg", "price": 6.25, "numReviews": 3, "groups": [73], "averageRating": 3.3333333333333335}, {"asin": "B000BQRF4W", "name": "Wooster Brush Q3208-1 Softip Angle Sash Paintbrush, 1-Inch", "imUrl": "http://ecx.images-amazon.com/images/I/41zt6qICUYL._SY300_.jpg", "price": 3.68, "numReviews": 6, "groups": [74], "averageRating": 5.0, "brand": "Wooster Brush"}, {"asin": "B000BQSYEM", "name": "Wooster Brush 4184-2-1/2 Ultra/Pro Firm Shergrip Lindbeck Angle Sash Paintbrush, 2-1/2-Inch", "imUrl": "http://ecx.images-amazon.com/images/I/41ToWK-5nPL._SY300_.jpg", "price": 12.23, "numReviews": 3, "groups": [75], "averageRating": 5.0, "brand": "Wooster Brush"}, {"asin": "B0006GDF82", "name": "Proform Technologies CO3.0S Oval Straight Cut 3-Inch Blend Paint Brush", "imUrl": "http://ecx.images-amazon.com/images/I/31lQeeTBNYL._SX300_.jpg", "price": 8.96, "numReviews": 2, "groups": [76], "averageRating": 4.5, "brand": "Proform Technologies"}, {"asin": "B000O3OQBM", "name": "Zibra PB125LZT Grip-n-Glide 1-1/4-Inch Triangle Paint Brush", "imUrl": "http://ecx.images-amazon.com/images/I/21YzHp8kUCL._SY300_.jpg", "price": 8.99, "numReviews": 18, "groups": [77], "averageRating": 4.722222222222222, "brand": "Zibra"}, {"asin": "B003KILW2Y", "name": "Clearcut 3\" Angular Trim Glide Brush", "imUrl": "http://ecx.images-amazon.com/images/I/31QW2RKBeiL._SY300_.jpg", "price": 8.99, "numReviews": 1, "groups": [78], "averageRating": 5.0}, {"asin": "B005I185JY", "name": "Wooster Brush 0501-7 Pro/Contractor Painting Kit", "imUrl": "http://ecx.images-amazon.com/images/I/51oyJJO9REL._SX300_.jpg", "price": 140.55, "numReviews": 1, "groups": [79], "averageRating": 5.0}, {"asin": "B002LLEDTA", "name": "Wooster Brush 4230-1-1/2 Alpha Thin Angle Sash Paintbrush, 1-1/2-Inch", "imUrl": "http://ecx.images-amazon.com/images/I/412DrA3r2kL._SY300_.jpg", "price": 9.86, "numReviews": 1, "groups": [80], "averageRating": 3.0, "brand": "Wooster Brush"}, {"asin": "B00BHTUUZI", "name": "1-1/2\" Single X Thick Chip Brush, BB00012, pack of 36", "imUrl": "http://ecx.images-amazon.com/images/I/311eg7rbtkL._SY300_.jpg", "price": 13.24, "numReviews": 4, "groups": [81], "averageRating": 3.5}, {"asin": "B00002N8YV", "name": "Purdy 144380230 Nylox Sprig 100-Percent Nylon Paint Brush, 3-Inch", "imUrl": "http://ecx.images-amazon.com/images/I/31GTPivyU0L._SY300_.jpg", "price": 18.02, "numReviews": 2, "groups": [82], "averageRating": 3.0, "brand": "Purdy"}, {"asin": "B000O5ROJ6", "name": "Shur-Line 06570L Easy Reach Extension Pole", "imUrl": "http://ecx.images-amazon.com/images/I/21OEDlOnc0L._SY300_.jpg", "price": 13.85, "numReviews": 7, "groups": [83], "averageRating": 4.142857142857143, "brand": "Shur-Line"}, {"asin": "B000L8BSSY", "name": "Benjamin Moore Nylon & Polyester Angle Paint Brush", "imUrl": "http://ecx.images-amazon.com/images/I/31SAuX49vqL._SY300_.jpg", "price": 10.73, "numReviews": 3, "groups": [84], "averageRating": 3.6666666666666665, "brand": "Benjamin Moore"}, {"asin": "B001G0MT1Q", "name": "Styletto 00039 Precision Brushes For Trimming and Edging, Set of 2", "imUrl": "http://ecx.images-amazon.com/images/I/41F5HsP3wnL._SY300_.jpg", "price": 14.72, "numReviews": 1, "groups": [85], "averageRating": 5.0, "brand": "Styletto"}, {"asin": "B004QIQDPI", "name": "Versa Spin 360 16\"", "imUrl": "http://ecx.images-amazon.com/images/I/51KvSurYmoL._SX300_.jpg", "price": 29.99, "numReviews": 2, "groups": [86], "averageRating": 4.5}, {"asin": "B004XWCZ5Y", "name": "IIT 20025 Paint Brush Assortment - 10 Brushes", "imUrl": "http://ecx.images-amazon.com/images/I/41k7tYHuCnL._SY300_.jpg", "price": 10.69, "numReviews": 3, "groups": [87], "averageRating": 4.0, "brand": "IIT"}, {"asin": "B003E4795S", "name": "Wooster Brush 1841-2 Bent Radiator Paintbrush, 2-Inch", "imUrl": "http://ecx.images-amazon.com/images/I/31AMZQwoSFL._SX300_.jpg", "price": 13.23, "numReviews": 1, "groups": [88], "averageRating": 2.0}, {"asin": "B00GY82SC0", "name": "Chalk Paint & Wax Brush- Large - Oval Furniture Painting Brush", "imUrl": "http://ecx.images-amazon.com/images/I/51XFleKCMfL._SX300_.jpg", "price": 17.99, "numReviews": 1, "groups": [89], "averageRating": 3.0}, {"asin": "B005DF15JC", "name": "Magnolia Brush 232 1 1/2\" White Bristles Low Cost Paint or Chip Brushes", "imUrl": "http://ecx.images-amazon.com/images/I/21A6LIVyVqL.jpg", "price": 0.29, "numReviews": 1, "groups": [90], "averageRating": 5.0, "brand": "Magnolia Brush"}, {"asin": "B000HSIRFK", "name": "SHUR-LINE-IMPORT 703395 MP Premium 9-Inch Pad Refill", "imUrl": "http://ecx.images-amazon.com/images/I/41uf-o2deVL._SY300_.jpg", "price": 2.8, "numReviews": 2, "groups": [91], "averageRating": 3.0}, {"asin": "B00002N90I", "name": "Wooster Brush 4176-3 Ultra/Pro Firm Sable Paintbrush, 3-Inch", "imUrl": "http://ecx.images-amazon.com/images/I/41x%2Btnke4gL._SX300_.jpg", "price": 9.84, "numReviews": 1, "groups": [92], "averageRating": 5.0, "brand": "Wooster Brush"}, {"asin": "B003C22TE8", "name": "Corona Excalibur 2\" Chinex Professional Brush", "imUrl": "http://ecx.images-amazon.com/images/I/31TuH5QfygL._SY300_.jpg", "price": 16.3, "numReviews": 3, "groups": [93], "averageRating": 4.666666666666667}, {"asin": "B000O3S72G", "name": "Zibra PB100LZS Grip-n-Glide 1-Inch Square Paint Brush", "imUrl": "http://ecx.images-amazon.com/images/I/21sqsiSYbQL._SY300_.jpg", "price": 7.99, "numReviews": 11, "groups": [94], "averageRating": 5.0}, {"asin": "B00DH804JY", "name": "Dynamic HB285050 High Density Foam Paint Brush Set with 1, 2 and 3-Inch Brushes, 3-Piece", "imUrl": "http://ecx.images-amazon.com/images/I/41ijoJA-%2BaL._SX300_.jpg", "price": 6.83, "numReviews": 1, "groups": [95], "averageRating": 3.0}, {"asin": "B00002N6IR", "name": "Purdy 400340 Professional Swan Paint Brush 4-Inch", "imUrl": "http://ecx.images-amazon.com/images/I/41Jx%2BRgJtkL._SY300_.jpg", "price": 22.15, "numReviews": 11, "groups": [96], "averageRating": 4.909090909090909, "brand": "Purdy"}, {"asin": "B000O3S604", "name": "Zibra ETETLINRC2 Refill Kit for Edge-n-Roll No Tape Tool System", "imUrl": "http://ecx.images-amazon.com/images/I/311A6l%2BKvUL._SX300_.jpg", "price": 6.99, "numReviews": 6, "groups": [97], "averageRating": 3.1666666666666665}, {"asin": "B00002N8YT", "name": "Purdy 380225 Professional Nylox-Sprig Paint Brush 2-1/2-Inch", "imUrl": "http://ecx.images-amazon.com/images/I/31W-1KRYh8L._SY300_.jpg", "price": 15.68, "numReviews": 3, "groups": [6, 98], "averageRating": 5.0, "brand": "Purdy"}, {"asin": "B000UVP08G", "name": "Wooster Brush F5125 1-1/4 by 7/8 Thick V130 Well-worth Oval Sash Paintbrush, Size 10", "imUrl": "http://ecx.images-amazon.com/images/I/41NUiY1LZzL._SY300_.jpg", "price": 5.29, "numReviews": 2, "groups": [99], "averageRating": 5.0, "brand": "Wooster Brush"}, {"asin": "B001Q3LHNE", "name": "Linzer A-1831 7-Piece Time Saver Deluxe Quality Polyester Brush Set", "imUrl": "http://ecx.images-amazon.com/images/I/51SmB2vPMmL._SX300_.jpg", "price": 33.82, "numReviews": 4, "groups": [52], "averageRating": 5.0, "brand": "Linzer"}, {"asin": "B002XQ2K66", "name": "Grex Tritium.TS3 Double Action Pistol Style Trigger Side Feed Airbrush, 0.3mm Nozzle", "imUrl": "http://ecx.images-amazon.com/images/I/41yffub8JPL._SX300_.jpg", "price": 209.0, "numReviews": 8, "groups": [8], "averageRating": 4.75}, {"asin": "B000I1TGWO", "name": "Wooster Brush Z3215-2 Shortcut White Bristle Angle Sash Paintbrush, 2-Inch", "imUrl": "http://ecx.images-amazon.com/images/I/51UzgfwtMQL._SY300_.jpg", "price": 5.6, "numReviews": 2, "groups": [100], "averageRating": 5.0, "brand": "Wooster Brush"}, {"asin": "B002TXDKQ2", "name": "Wooster Brush 0BR5490110 Deluxe Plastic Tray, 11-Inch", "imUrl": "http://ecx.images-amazon.com/images/I/41EyG3dLIsL._SX300_.jpg", "price": 4.3, "numReviews": 16, "groups": [101], "averageRating": 4.0625, "brand": "Wooster Brush"}, {"asin": "B0076Z87NY", "name": "2 1/2\" Performance Chinex Pearl", "imUrl": "http://ecx.images-amazon.com/images/I/217GPgRGayL.jpg", "price": 19.95, "numReviews": 1, "groups": [102], "averageRating": 5.0}, {"asin": "B00176TJBM", "name": "Chinex 2-1/2\" Angular Trim Glide Brush", "imUrl": "http://ecx.images-amazon.com/images/I/31%2BjPitn6rL._SY300_.jpg", "price": 17.5, "numReviews": 6, "groups": [103], "averageRating": 5.0}, {"asin": "B00002N6IX", "name": "Wooster Brush Q3118-3 Golden Glo Paintbrush, 3-Inch", "imUrl": "http://ecx.images-amazon.com/images/I/41tKHwQkIHL._SY300_.jpg", "price": 9.09, "numReviews": 4, "groups": [104], "averageRating": 4.5, "brand": "Wooster Brush"}, {"asin": "B000H58GOA", "name": "Acid Brush 72 pcs. by Peachtree Woodworking PW1181", "imUrl": "http://ecx.images-amazon.com/images/I/51PZRyPBrbL._SY300_.jpg", "price": 8.99, "numReviews": 12, "groups": [105], "averageRating": 4.25}, {"asin": "B000X2D7GE", "name": "Smyphony 3\" Softening Brush", "imUrl": "http://ecx.images-amazon.com/images/I/31qRHMZ6%2BnL._SY300_.jpg", "price": 22.82, "numReviews": 4, "groups": [106], "averageRating": 5.0}, {"asin": "B003KIEMXU", "name": "Clearcut 2-1/2\" Angular Trim Glide Brush", "imUrl": "http://ecx.images-amazon.com/images/I/31Q2HBCt7FL._SY300_.jpg", "price": 13.96, "numReviews": 7, "groups": [107], "averageRating": 5.0}, {"asin": "B000IKK1T2", "name": "Pro-Extra 3\" Flat Trim Sprig Brush", "imUrl": "http://ecx.images-amazon.com/images/I/31M%2BnyQ0mjL._SY300_.jpg", "price": 17.29, "numReviews": 2, "groups": [108], "averageRating": 4.5}, {"asin": "B000BQQXB8", "name": "Wooster Brush Q3108-4 Softip Paintbrush, 4-Inch", "imUrl": "http://ecx.images-amazon.com/images/I/41W%2BZp0ThtL._SY300_.jpg", "price": 6.45, "numReviews": 2, "groups": [109], "averageRating": 4.5, "brand": "Wooster Brush", "salesRankCategory": "Home Improvement", "salesRank": 23597}, {"asin": "B003E47A5W", "name": "Wooster Brush M5101-2-1/2 Ship Shape Oil-Based Angle Sash Paintbrush, 2-1/2-Inch", "imUrl": "http://ecx.images-amazon.com/images/I/41Cz3q%2BeJ1L._SY300_.jpg", "price": 8.7, "numReviews": 1, "groups": [110], "averageRating": 5.0}, {"asin": "B00004YUPE", "name": "Mr Longarm 0650  Brush and Tool Holder", "imUrl": "http://ecx.images-amazon.com/images/I/31Sjgxc5EkL._SY300_.jpg", "price": 10.93, "numReviews": 11, "groups": [111], "averageRating": 4.2727272727272725, "brand": "Mr Longarm"}, {"asin": "B000BQM32G", "name": "Minwax 42729 2-Inch Minwax Wood Finish Stain Brush", "imUrl": "http://ecx.images-amazon.com/images/I/31DpCub-TSL._SY300_.jpg", "price": 5.36, "numReviews": 1, "groups": [112], "averageRating": 5.0, "brand": "Minwax", "salesRankCategory": "Home Improvement", "salesRank": 77946}, {"asin": "B0019EWHSY", "name": "Wooster Brush A1117-2 Chip Brush, 24-Pack, 2-Inch", "imUrl": "http://ecx.images-amazon.com/images/I/11K8oI4h0dL.jpg", "price": 29.39, "numReviews": 1, "groups": [49], "averageRating": 5.0}, {"asin": "B00BD91C2M", "name": "Warner Tools 20154 2-Wheel Paint Edger with Adapter", "imUrl": "http://ecx.images-amazon.com/images/I/41wC9fUW2KL._SX300_.jpg", "price": 9.86, "numReviews": 1, "groups": [113], "averageRating": 5.0}, {"asin": "B00DH804IK", "name": "Dynamic HB285007 High Density Foam Paint Brush, 3-Inch", "imUrl": "http://ecx.images-amazon.com/images/I/41%2BHPAjE9TL._SX300_.jpg", "price": 3.69, "numReviews": 1, "groups": [114], "averageRating": 5.0}, {"asin": "B001G0MT02", "name": "Styletto 00004 1-Inch Precision Brush For Trimming And Edging", "imUrl": "http://ecx.images-amazon.com/images/I/21tNyVmUkvL._SY300_.jpg", "price": 9.49, "numReviews": 1, "groups": [115], "averageRating": 4.0}, {"asin": "B0044M5ZLY", "name": "Corona 2\" Tynex & Orel Professional Cortez Paint Brush", "imUrl": "http://ecx.images-amazon.com/images/I/31BVXeDbi%2BL._SX300_.jpg", "price": 15.85, "numReviews": 1, "groups": [93], "averageRating": 4.0, "brand": "Corona"}, {"asin": "B0044MAKVE", "name": "Corona 2.5\" Tynex & Orel Professional Cortez Paint Brush", "imUrl": "http://ecx.images-amazon.com/images/I/31BVXeDbi%2BL._SX300_.jpg", "price": 19.1, "numReviews": 2, "groups": [116], "averageRating": 5.0, "brand": "Corona"}, {"asin": "B003E479TE", "name": "Wooster Brush 5224-2 Silver Tip Thin Angle Sash Paintbrush, 2-Inch", "imUrl": "http://ecx.images-amazon.com/images/I/41n6DIFIMiL._SY300_.jpg", "price": 7.19, "numReviews": 3, "groups": [117], "averageRating": 3.6666666666666665, "brand": "Wooster Brush"}, {"asin": "B004UA7P6I", "name": "BEHR Professional Series 3 Brush Value Pack Paint Brushs 1.5 In. 2.5 in. & 3 In.", "imUrl": "http://ecx.images-amazon.com/images/I/41ngnWnE4UL._SY300_.jpg", "price": 24.35, "numReviews": 4, "groups": [118], "averageRating": 4.5}, {"asin": "B00002N6IQ", "name": "XL 3\" Flat Trim Sprig Brush", "imUrl": "http://ecx.images-amazon.com/images/I/31v3drssHDL._SY300_.jpg", "price": 17.56, "numReviews": 1, "groups": [119], "averageRating": 5.0, "salesRankCategory": "Home Improvement", "salesRank": 105336}, {"asin": "B000LESDC2", "name": "Wooster Brush 4174-1-1/2 Ultra/Pro Firm Lindbeck Angle Sash Paintbrush, 1-1/2-Inch", "imUrl": "http://ecx.images-amazon.com/images/I/41yjTFjt0tL._SY300_.jpg", "price": 6.09, "numReviews": 3, "groups": [120], "averageRating": 4.666666666666667, "brand": "Wooster Brush"}, {"asin": "B0019EWITW", "name": "Wooster Brush J4621-3 Production Painter Wildcat Hockey Stick Angle Sash Paintbrush, 3-Inch", "imUrl": "http://ecx.images-amazon.com/images/I/31lVlz3mXQL._SX300_.jpg", "price": 28.99, "numReviews": 3, "groups": [121], "averageRating": 4.666666666666667, "brand": "Wooster Brush"}, {"asin": "B000PGRPU2", "name": "Wooster Brush Q3108-1 Softip Paintbrush, 1-Inch", "imUrl": "http://ecx.images-amazon.com/images/I/41Naahs3x1L._SY300_.jpg", "price": 3.49, "numReviews": 14, "groups": [63, 74], "averageRating": 4.785714285714286, "brand": "Wooster Brush"}, {"asin": "B00BHTUXRS", "name": "4\" Single X Thick Chip Brush, BB00017, pack of 12", "imUrl": "http://ecx.images-amazon.com/images/I/31aQ7up99kL._SY300_.jpg", "price": 16.56, "numReviews": 2, "groups": [122], "averageRating": 3.5}, {"asin": "B000BP7LME", "name": "Wooster Brush 4156-3 Ultra/Pro Extra-Firm Jaguar Wall Paintbrush, 3-Inch", "imUrl": "http://ecx.images-amazon.com/images/I/41v7iF%2BLUuL._SY300_.jpg", "price": 17.63, "numReviews": 3, "groups": [123], "averageRating": 3.6666666666666665, "brand": "Wooster Brush"}, {"asin": "B00002N6GD", "name": "Jen Manufacturing Inc 4' Poly Foam Brush (Pack Of 24)", "imUrl": "http://ecx.images-amazon.com/images/I/3114cxJVimL._SY300_.jpg", "price": 13.95, "numReviews": 10, "groups": [124], "averageRating": 4.7, "brand": "Jen", "salesRankCategory": "Home Improvement", "salesRank": 9748}, {"asin": "B000O3S73A", "name": "Zibra PB200LCS Grip-n-Glide 2-Inch Cut-in Paint Brush Stubby Handle", "imUrl": "http://ecx.images-amazon.com/images/I/313mkki2rYL._SY300_.jpg", "price": 10.99, "numReviews": 5, "groups": [125], "averageRating": 4.8}, {"asin": "B000W7CNBU", "name": "Wooster Brush 5221-2-1/2 Silver Tip Angle Sash Paintbrush, 2-1/2-Inch", "imUrl": "http://ecx.images-amazon.com/images/I/41z%2BYVxFAeL._SY300_.jpg", "price": 7.5, "numReviews": 25, "groups": [126], "averageRating": 4.56, "brand": "Wooster Brush"}, {"asin": "B0076V6ERO", "name": "Proform CS2.0AVS Contractor Angle Sash Stiff Paint Brush 2-Inch", "imUrl": "http://ecx.images-amazon.com/images/I/31uX%2BodrqeL._SX300_.jpg", "price": 5.49, "numReviews": 1, "groups": [127], "averageRating": 4.0}, {"asin": "B009GKSG10", "name": "5pc Value-Pack Paint Brush Set - Plastic Wood Handles - Feathered Nylon Bristles", "imUrl": "http://ecx.images-amazon.com/images/I/41qSfycMnpL._SY300_.jpg", "price": 2.79, "numReviews": 1, "groups": [128], "averageRating": 5.0}, {"asin": "B000TND31G", "name": "Shur-Line 55539 Premium Select Brushes with Teflon Surface Protector Set of 3", "imUrl": "http://ecx.images-amazon.com/images/I/41wmVQlGVML._SY300_.jpg", "price": 7.98, "numReviews": 1, "groups": [129], "averageRating": 4.0, "brand": "Shur-Line", "salesRankCategory": "Home Improvement", "salesRank": 60998}, {"asin": "B000UC9EAA", "name": "Shur Line 05200c Brush And Roller Cleaner", "imUrl": "http://ecx.images-amazon.com/images/I/21RNQ-ajx9L._SY300_.jpg", "price": 19.87, "numReviews": 1, "groups": [130], "averageRating": 5.0}, {"asin": "B00002N90F", "name": "Wooster Brush 4173-4 Ultra/Pro Firm Jaguar Wall Paintbrush, 4-Inch", "imUrl": "http://ecx.images-amazon.com/images/I/41thyRQJp0L._SY300_.jpg", "price": 21.33, "numReviews": 5, "groups": [131], "averageRating": 5.0, "brand": "Wooster Brush"}, {"asin": "B000BQO82Y", "name": "Wooster Brush Q4119-2 Golden Glo Angle Sash Paintbrush, 2-Inch", "imUrl": "http://ecx.images-amazon.com/images/I/41Jy6Dh-GdL._SY300_.jpg", "price": 7.64, "numReviews": 14, "groups": [132], "averageRating": 4.428571428571429, "brand": "Wooster Brush"}, {"asin": "B0018QTNVC", "name": "Wooster Brush 1839-6 6-Inch Triple Tuft Roof & Tar Brush", "imUrl": "http://ecx.images-amazon.com/images/I/51-Xg%2BJPfZL._SX300_.jpg", "price": 11.32, "numReviews": 3, "groups": [133], "averageRating": 4.333333333333333}, {"asin": "B0027W7MC8", "name": "Gam Paint Brushes PT03980 Driveway and Roof Brush with Squeegee", "imUrl": "http://ecx.images-amazon.com/images/I/41Ef%2BzfwBML._SY300_.jpg", "price": 6.51, "numReviews": 5, "groups": [134], "averageRating": 4.8, "brand": "Gam Paint Brushes"}, {"asin": "B00A7JKRHK", "name": "The Paint Brush Cover (10 pack). Professional Painting Brush Holder / Case. Holds 1\" to 3\" Brushes", "imUrl": "http://ecx.images-amazon.com/images/I/31TnbrANocL._SY300_.jpg", "price": 47.99, "numReviews": 4, "groups": [135], "averageRating": 5.0}, {"asin": "B00ENV0YPI", "name": "ChalkPro EasyWax Brush - Medium", "imUrl": "http://ecx.images-amazon.com/images/I/41sknNH%2BO2L._SX300_.jpg", "price": 22.49, "numReviews": 3, "groups": [136], "averageRating": 2.6666666666666665}, {"asin": "B002ATW8ZO", "name": "Jen Poly Foam Brush", "imUrl": "http://ecx.images-amazon.com/images/I/317ndmNlRaL._SY300_.jpg", "price": 3.74, "numReviews": 10, "groups": [137], "averageRating": 4.6}, {"asin": "B0019EUSHG", "name": "Wooster Brush 3103-3 Foam King Paintbrush, 3-Inch", "imUrl": "http://ecx.images-amazon.com/images/I/41VvN4TOwNL._SY300_.jpg", "price": 3.08, "numReviews": 4, "groups": [138], "averageRating": 5.0}, {"asin": "B002V3R0B6", "name": "Wooster Brush 4235-3 Alpha Semioval Paintbrush, 3-Inch", "imUrl": "http://ecx.images-amazon.com/images/I/41uKnhM4aGL._SY300_.jpg", "price": 34.64, "numReviews": 2, "groups": [139], "averageRating": 5.0}, {"asin": "B000Y3IIXE", "name": "Linzer A-2160S 3-Piece Pro Impact Solid Polyester Brush Set", "imUrl": "http://ecx.images-amazon.com/images/I/41Ai1BdD8cL._SY300_.jpg", "price": 9.79, "numReviews": 4, "groups": [60], "averageRating": 4.25, "brand": "Linzer"}, {"asin": "B000JIN2XA", "name": "SHUR-LINE-IMPORT 703387 MP Premium 9-Inch Pad Painter", "imUrl": "http://ecx.images-amazon.com/images/I/41vm8aBfDyL._SY300_.jpg", "price": 11.23, "numReviews": 1, "groups": [140], "averageRating": 4.0}, {"asin": "B00004Z4HE", "name": "Shur-Line 9-Inch Premium Pad Painter #00745C", "imUrl": "http://ecx.images-amazon.com/images/I/41ROSkKk8XL._SY300_.jpg", "price": 7.9, "numReviews": 11, "groups": [141], "averageRating": 3.272727272727273, "brand": "Shur-Line"}, {"asin": "B002V3R09S", "name": "Wooster Brush 4232-2-1/2 Alpha Flat Sash Paintbrush, 2-1/2-Inch", "imUrl": "http://ecx.images-amazon.com/images/I/418rzBhp2HL._SY300_.jpg", "price": 12.45, "numReviews": 1, "groups": [142], "averageRating": 1.0, "brand": "Wooster Brush"}, {"asin": "B000GCCC62", "name": "Shur-Line 57008 Rubbermaid Polyester Brush Set, 3-Piece", "imUrl": "http://ecx.images-amazon.com/images/I/41MV2SPGSHL._SY300_.jpg", "price": 12.99, "numReviews": 8, "groups": [143], "averageRating": 4.75}, {"asin": "B000O3QFLQ", "name": "Zibra ETQEWT Edge-n-Roll No Tape Tool Kit System", "imUrl": "http://ecx.images-amazon.com/images/I/41FsFhZ3x3L._SX300_.jpg", "price": 6.99, "numReviews": 23, "groups": [144], "averageRating": 2.739130434782609}, {"asin": "B002Q0FPMK", "name": "Wooster Brush 4233-3 Alpha Paintbrush, 3-Inch", "imUrl": "http://ecx.images-amazon.com/images/I/41LBbcH9B2L._SY300_.jpg", "price": 14.09, "numReviews": 1, "groups": [145], "averageRating": 5.0, "brand": "Wooster Brush"}, {"asin": "B002LL96B0", "name": "Wooster Brush 4231-2-1/2 Alpha Angle Sash Paintbrush, 2-1/2-Inch", "imUrl": "http://ecx.images-amazon.com/images/I/41Agp7nAqSL._SY300_.jpg", "price": 13.03, "numReviews": 8, "groups": [146], "averageRating": 4.625, "brand": "Wooster Brush"}, {"asin": "B003C1YTLA", "name": "Corona 2.5\" Excalibur Chinex Paint Brush", "imUrl": "http://ecx.images-amazon.com/images/I/41xDbFzAUJL._SY300_.jpg", "price": 18.3, "numReviews": 8, "groups": [69, 116], "averageRating": 5.0}, {"asin": "B001CCJU7Y", "name": "The BlendMate bm1001 Rounded Corner Color Transition Blending Tool", "imUrl": "http://ecx.images-amazon.com/images/I/41tAZrKadFL._SX300_.jpg", "price": 24.95, "numReviews": 43, "groups": [147], "averageRating": 4.395348837209302}, {"asin": "B007T0SDJE", "name": "12pc 3/8\" Acid Brushes Natural Horsehair Bristles - Tin Handles & Ferrules", "imUrl": "http://ecx.images-amazon.com/images/I/41VVqwbQjHL._SY300_.jpg", "price": 1.76, "numReviews": 30, "groups": [13], "averageRating": 4.633333333333334}, {"asin": "B002AU25M4", "name": "3 Inch Jen Manufacturing Orginial Poly-Brush\u00ae Foam Disposable Brush 36 per box", "imUrl": "http://ecx.images-amazon.com/images/I/31ZAlxUwrcL._SX300_.jpg", "price": 14.18, "numReviews": 7, "groups": [148], "averageRating": 4.714285714285714}, {"asin": "B000PA0SIY", "name": "12 Natural China Bristle 3\" Chip Brush", "imUrl": "http://ecx.images-amazon.com/images/I/41VS%2BPp7HOL._SX300_.jpg", "price": 9.49, "numReviews": 1, "groups": [149], "averageRating": 5.0}, {"asin": "B003C20PA8", "name": "Corona Performance Chinex Excalibur Paint Brush, 1\" Bristles", "imUrl": "http://ecx.images-amazon.com/images/I/31eKG6xlATL._SY300_.jpg", "price": 12.25, "numReviews": 1, "groups": [150], "averageRating": 5.0}, {"asin": "B00002N6GB", "name": "Jen Manufacturing Inc 2\" Poly Foam Brush (Pack Of 48)", "imUrl": "http://ecx.images-amazon.com/images/I/211VF5t6HNL._SY300_.jpg", "price": 14.95, "numReviews": 62, "groups": [151], "averageRating": 4.661290322580645, "brand": "Jen Manufacturing", "salesRankCategory": "Home Improvement", "salesRank": 1745}, {"asin": "B00125RQVI", "name": "Wooster Brush Q3118-1 Golden Glo Paintbrush, 1-Inch", "imUrl": "http://ecx.images-amazon.com/images/I/41pQwBCOfQL._SY300_.jpg", "price": 6.08, "numReviews": 6, "groups": [74], "averageRating": 4.833333333333333, "brand": "Wooster Brush"}, {"asin": "B002V3KYFA", "name": "Wooster Brush 4234-3 Alpha Wall Paintbrush, 3 Inch", "imUrl": "http://ecx.images-amazon.com/images/I/41QiEkE64oL._SY300_.jpg", "price": 17.13, "numReviews": 1, "groups": [152], "averageRating": 5.0, "brand": "Wooster Brush"}, {"asin": "B003E479LW", "name": "Wooster Brush 4187-3 Ultra/Pro Firm Shortcut Angle Sash Paintbrush, 3-Inch", "imUrl": "http://ecx.images-amazon.com/images/I/51rOnktQKiL._SY300_.jpg", "price": 15.5, "numReviews": 1, "groups": [153], "averageRating": 5.0}, {"asin": "B000L89TIK", "name": "Wooster Brush 4053-4 Latex Stain Brush, 4-Inch", "imUrl": "http://ecx.images-amazon.com/images/I/51Dc%2BQUKuCL._SY300_.jpg", "price": 8.07, "numReviews": 1, "groups": [154], "averageRating": 5.0, "brand": "Wooster Brush"}, {"asin": "B000H5MW18", "name": "4\" Poly Foam Brush", "imUrl": "http://ecx.images-amazon.com/images/I/31JytrElUeL._SY300_.jpg", "price": 6.29, "numReviews": 1, "groups": [155], "averageRating": 5.0}, {"asin": "B00173574I", "name": "Purdy 140853100 Paint Brush Value Pack, 1-Inch XL-Dale, 1.5-Inch XL-Glide, 2-Inch XL-Sprig", "imUrl": "http://ecx.images-amazon.com/images/I/51FyfYAf8fL._SY300_.jpg", "price": 21.42, "numReviews": 20, "groups": [156], "averageRating": 4.6, "brand": "Purdy", "salesRankCategory": "Home Improvement", "salesRank": 60125}, {"asin": "B0044U1OXE", "name": "Corona 3\" Chinex Excalibur Professional Paint Brush", "imUrl": "http://ecx.images-amazon.com/images/I/318-D29HzQL._SX300_.jpg", "price": 24.85, "numReviews": 3, "groups": [157], "averageRating": 4.0, "brand": "Corona"}, {"asin": "B00ENUJJB4", "name": "ChalkPro Paint&Wax Brush - Medium", "imUrl": "http://ecx.images-amazon.com/images/I/41NluOI5ZbL._SX300_.jpg", "price": 22.49, "numReviews": 19, "groups": [158], "averageRating": 3.4210526315789473}, {"asin": "B002XQ2K5M", "name": "Grex Genesis.XT Double Action Pistol Style Trigger Side Gravity Airbrush, 0.35-mm Nozzle, 7ml and 15ml Cups", "imUrl": "http://ecx.images-amazon.com/images/I/41kGhaeKtPL._SY300_.jpg", "price": 159.0, "numReviews": 4, "groups": [159], "averageRating": 5.0}, {"asin": "B005E682LY", "name": "Purdy 144232730 Pro-Extra 3-Inch Wall Moose Brush", "imUrl": "http://ecx.images-amazon.com/images/I/41Gv0mQv4mL._SY300_.jpg", "price": 21.3, "numReviews": 1, "groups": [160], "averageRating": 4.0, "brand": "Purdy"}, {"asin": "B00002N8YQ", "name": "Nylox 2-1/2\" Angular Trim Dale Brush", "imUrl": "http://ecx.images-amazon.com/images/I/31CYw7jDtIL._SY300_.jpg", "price": 15.7, "numReviews": 18, "groups": [98], "averageRating": 4.611111111111111}, {"asin": "B0067NJSFC", "name": "Wooster Brush Company A1147-3 Solvent Proof Bristle Chip Paint Brush, 3-Inch, White", "imUrl": "http://ecx.images-amazon.com/images/I/31bgOMumEwL._SY300_.jpg", "price": 2.16, "numReviews": 1, "groups": [161], "averageRating": 4.0}, {"asin": "B000O3OQE4", "name": "Zibra PB200LT Grip-n-Glide 2-Inch Angle Sash Trim Paint Brush", "imUrl": "http://ecx.images-amazon.com/images/I/31nvHtCiwhL._SY300_.jpg", "price": 9.37, "numReviews": 13, "groups": [162], "averageRating": 4.769230769230769}, {"asin": "B0019EY2H8", "name": "Wooster Brush 4401-2-1/2 Chinex Angle Sash Paintbrush, 2-1/2-Inch", "imUrl": "http://ecx.images-amazon.com/images/I/41l-eh0StfL._SY300_.jpg", "price": 16.99, "numReviews": 1, "groups": [163], "averageRating": 5.0}, {"asin": "B001DT31D0", "name": "Disposable Glue Brushes, 48 pack", "imUrl": "http://ecx.images-amazon.com/images/I/51P3EBLCr6L._SY300_.jpg", "price": 14.49, "numReviews": 1, "groups": [164], "averageRating": 5.0}, {"asin": "B0006GDERO", "name": "Proform C2.5AS 70/30 Blend Angle Sash Paint Brush 2-1/2-Inch", "imUrl": "http://ecx.images-amazon.com/images/I/31xQggycfUL._SX300_.jpg", "price": 5.9, "numReviews": 4, "groups": [165], "averageRating": 4.0}, {"asin": "B000OFSWII", "name": "50 2 Inch Jen Manufacturing Orginial Poly-Brush\u00ae Foam Disposable Brush", "imUrl": "http://ecx.images-amazon.com/images/I/31qJVCLAAfL._SX300_.jpg", "price": 15.99, "numReviews": 11, "groups": [166], "averageRating": 4.818181818181818}, {"asin": "B0019ESMFG", "name": "Wooster Brush 1833 Top Brass Wire Brush", "imUrl": "http://ecx.images-amazon.com/images/I/41rilC-RTdL._SX300_.jpg", "price": 6.62, "numReviews": 1, "groups": [167], "averageRating": 5.0, "brand": "Wooster Brush"}, {"asin": "B0044UOL0W", "name": "3\" Poly Foam Brush (SOLD AS BOX OF 36)", "imUrl": "http://ecx.images-amazon.com/images/I/31M-yPGjPYL._SY300_.jpg", "price": 9.67, "numReviews": 31, "groups": [168], "averageRating": 4.903225806451613, "salesRankCategory": "Home Improvement", "salesRank": 3718}, {"asin": "B004WG0MZ6", "name": "Brushflex- Brush Extender for Paint Brushes and Extension Poles", "imUrl": "http://ecx.images-amazon.com/images/I/31F1DIRRr7L._SY300_.jpg", "price": 29.99, "numReviews": 6, "groups": [169], "averageRating": 4.0}, {"asin": "B0044LY80O", "name": "Corona 1.5\" Chinex Professional Mini Boss Paint Brush", "imUrl": "http://ecx.images-amazon.com/images/I/31lmCEy%2BsZL._SX300_.jpg", "price": 13.3, "numReviews": 1, "groups": [170], "averageRating": 5.0, "brand": "Corona"}, {"asin": "B0000DH4KH", "name": "XL 2-1/2\" Angular Trim Glide Brush", "imUrl": "http://ecx.images-amazon.com/images/I/31hmSfvm9IL._SY300_.jpg", "price": 8.49, "numReviews": 6, "groups": [171], "averageRating": 4.666666666666667, "salesRankCategory": "Home Improvement", "salesRank": 81605}, {"asin": "B00002N8ZP", "name": "Shur-Line 200 Edger Refill, 2-Pack", "imUrl": "http://ecx.images-amazon.com/images/I/7139C295TQL._SX300_.gif", "price": 4.89, "numReviews": 17, "groups": [172], "averageRating": 4.117647058823529, "brand": "Shur-Line"}, {"asin": "B00002N6IN", "name": "Purdy Corporation 080315 1-1/2 1-1/2-Inch Nylon Dale Angle Paint Brush", "imUrl": "http://ecx.images-amazon.com/images/I/31xSjVQSsfL._SY300_.jpg", "price": 4.26, "numReviews": 17, "groups": [173], "averageRating": 4.352941176470588, "brand": "Purdy"}, {"asin": "B000H5SL2W", "name": "Purdy XL-Elasco Satin-Edge Nylox Polyester Flat Sash Paint Brush, 3-Inch", "imUrl": "http://ecx.images-amazon.com/images/I/316F2EXyfIL._SY300_.jpg", "price": 18.67, "numReviews": 2, "groups": [174], "averageRating": 5.0, "brand": "Purdy"}, {"asin": "B0092WU4E4", "name": "The Paint Brush Cover. Professional Painting Brush Holder / Case. Holds 1\" to 3\" Brushes", "imUrl": "http://ecx.images-amazon.com/images/I/41joGLZEJsL._SY300_.jpg", "price": 5.49, "numReviews": 30, "groups": [135], "averageRating": 4.433333333333334}, {"asin": "B000BQU1TS", "name": "Purdy 403630 Syntox Angle Paint Brush 3-Inch", "imUrl": "http://ecx.images-amazon.com/images/I/31V-x0t7qQL._SY300_.jpg", "price": 16.99, "numReviews": 5, "groups": [175], "averageRating": 4.8, "brand": "Purdy"}, {"asin": "B0052EP928", "name": "Corona 1.5\" Chinex Professional EDGE Paint Brush", "imUrl": "http://ecx.images-amazon.com/images/I/31MujaJ3Z3L._SX300_.jpg", "price": 12.95, "numReviews": 1, "groups": [34], "averageRating": 5.0}, {"asin": "B003E478HW", "name": "Wooster Brush 3913 Factory Sale Brush, 3-Pack", "imUrl": "http://ecx.images-amazon.com/images/I/51%2B87siD8rL._SY300_.jpg", "price": 5.11, "numReviews": 2, "groups": [176], "averageRating": 3.0, "brand": "Wooster Brush"}, {"asin": "B000FPAOY2", "name": "Jen Mfg 82826301233 Jen Poly Brush Contains 1-each of the 1-Inch, 2-Inch and 3-Inch Brush, 3-Pack", "imUrl": "http://ecx.images-amazon.com/images/I/412GMAVvUAL._SY300_.jpg", "price": 4.13, "numReviews": 4, "groups": [177], "averageRating": 4.75, "salesRankCategory": "Arts, Crafts & Sewing", "salesRank": 1304}, {"asin": "B003E478PY", "name": "Wooster Brush Q3109-3 Shortcut Wall/Trim Paintbrush, 3-Inch", "imUrl": "http://ecx.images-amazon.com/images/I/41mu-FXliDL._SY300_.jpg", "price": 14.82, "numReviews": 2, "groups": [178], "averageRating": 5.0}, {"asin": "B0019ESLRA", "name": "Wooster Brush A1147-1 Solvent-Proof Chip Brush, 36-Pack, 1-Inch", "imUrl": "http://ecx.images-amazon.com/images/I/11StZKL9kpL.jpg", "price": 26.89, "numReviews": 2, "groups": [179], "averageRating": 5.0}, {"asin": "B00DDK49MY", "name": "Dynamic HB001501 0.5-Inch Acid Swab Disposable Brushes, 3-Pack", "imUrl": "http://ecx.images-amazon.com/images/I/41h%2BCepvL2L._SX300_.jpg", "price": 8.43, "numReviews": 2, "groups": [180], "averageRating": 5.0}, {"asin": "B001F7C5VO", "name": "Shur-Line 06551 Collet Lock Extension Pole, 6-Feet to 12-Feet", "imUrl": "http://ecx.images-amazon.com/images/I/215chTvohgL._SY300_.jpg", "price": 16.48, "numReviews": 2, "groups": [181], "averageRating": 3.0, "brand": "Shur-Line"}, {"asin": "B004VQWZBG", "name": "VersaSpin 360 with Painters Pyramids and Grabbers, 16'' VersaSpin", "imUrl": "http://ecx.images-amazon.com/images/I/41D-DYeDahL._SY300_.jpg", "price": 34.99, "numReviews": 2, "groups": [182], "averageRating": 5.0, "brand": "Painters Pyramid"}, {"asin": "B000UDT116", "name": "Purdy 400730 Pro Extra Swan Paint Brush 3-Inch", "imUrl": "http://ecx.images-amazon.com/images/I/41ptyU-6z-L._SY300_.jpg", "price": 20.99, "numReviews": 1, "groups": [183], "averageRating": 5.0, "brand": "Purdy"}, {"asin": "B000BQO5P4", "name": "Wooster Brush 4153-2-1/2 Ultra/Pro Extra-Firm Lindbeck Angle Sash Paintbrush, 2-1/2-Inch", "imUrl": "http://ecx.images-amazon.com/images/I/41UW3jmRQGL._SY300_.jpg", "price": 13.74, "numReviews": 11, "groups": [184], "averageRating": 4.909090909090909, "brand": "Wooster Brush"}, {"asin": "B00004Z4HL", "name": "SHUR-LINE 5200 Professional Paint Brush & Roller Cleaner", "imUrl": "http://ecx.images-amazon.com/images/I/31F0W9NCG7L._SY300_.jpg", "price": 13.75, "numReviews": 74, "groups": [185], "averageRating": 4.675675675675675, "salesRankCategory": "Home Improvement", "salesRank": 16138}, {"asin": "B00125TGNO", "name": "Wooster Brush Z1222-1-1/2 White Majestic Angle Sash Paintbrush, 1-1/2-Inch", "imUrl": "http://ecx.images-amazon.com/images/I/41UaIgL4mOL._SY300_.jpg", "price": 7.83, "numReviews": 1, "groups": [186], "averageRating": 5.0, "brand": "Wooster Brush"}, {"asin": "B00002N8YK", "name": "Purdy Corporation 024430 3 3-Inch China Bristle Angle Paint Brush", "imUrl": "http://ecx.images-amazon.com/images/I/31AVcGSUjRL._SY300_.jpg", "price": 15.56, "numReviews": 12, "groups": [187], "averageRating": 4.416666666666667, "brand": "Purdy"}, {"asin": "B00GY8AAIE", "name": "Chalk Paint & Wax Brush- X-Large - Oval Furniture Painting Brush", "imUrl": "http://ecx.images-amazon.com/images/I/415iSIvKVjL._SX300_.jpg", "price": 20.99, "numReviews": 1, "groups": [188], "averageRating": 5.0}, {"asin": "B0025UXHOO", "name": "Chinex 2-1/2\" Angular Trim  Dale Brush", "imUrl": "http://ecx.images-amazon.com/images/I/31i2kL8LLUL._SY300_.jpg", "price": 16.09, "numReviews": 1, "groups": [189], "averageRating": 5.0}, {"asin": "B004I3F9EW", "name": "Wooster Brush F5119-4 Bravo Stainer Bristle/Polyester Stain Brush, 4 Inch", "imUrl": "http://ecx.images-amazon.com/images/I/41-9Vy-UsIL._SY300_.jpg", "price": 15.11, "numReviews": 2, "groups": [154], "averageRating": 5.0, "brand": "Wooster Brush"}, {"asin": "B003QQPLSG", "name": "OSMO Floor Brush 220mm", "imUrl": "http://ecx.images-amazon.com/images/I/31aGEWtzyuL.jpg", "price": 49.0, "numReviews": 1, "groups": [190], "averageRating": 5.0}, {"asin": "B00H8TEQ7E", "name": "ChalkPro EasyWax Brush - Large", "imUrl": "http://ecx.images-amazon.com/images/I/41TCoOPJHHL._SX300_.jpg", "price": 25.99, "numReviews": 1, "groups": [191], "averageRating": 4.0}, {"asin": "B002YQ4VS0", "name": "Finishing Turntable", "imUrl": "http://ecx.images-amazon.com/images/I/415nUz9RIpL._SY300_.jpg", "price": 5.7, "numReviews": 2, "groups": [192], "averageRating": 4.5}, {"asin": "B0019F05LY", "name": "Wooster Brush A1117-1 Chip Brush, 36-Pack, 1-Inch", "imUrl": "http://ecx.images-amazon.com/images/I/41G9Pu0uF1L._SY300_.jpg", "price": 29.63, "numReviews": 1, "groups": [179], "averageRating": 4.0}, {"asin": "B009H3OB7E", "name": "# 10 Chinese Bristle Round Sash Brush", "imUrl": "http://ecx.images-amazon.com/images/I/31Fsl97hRjL._SY300_.jpg", "price": 7.67, "numReviews": 1, "groups": [193], "averageRating": 3.0}, {"asin": "B00192AAC6", "name": "Shur-Line 06572L Easy Reach Extension Pole, 4-Feet to 9-Feet", "imUrl": "http://ecx.images-amazon.com/images/I/21KfObHbPVL._SY300_.jpg", "price": 25.42, "numReviews": 20, "groups": [194], "averageRating": 4.35, "brand": "Shur-Line"}, {"asin": "B003E478KE", "name": "Wooster Brush 4238-3 Alpha Shortcut Angle Sash Paintbrush, 3-Inch", "imUrl": "http://ecx.images-amazon.com/images/I/51udIwBrp-L._SY300_.jpg", "price": 15.98, "numReviews": 1, "groups": [178], "averageRating": 2.0}, {"asin": "B000PSBHUE", "name": "Stain-N-Paint White Bristle Brush, 6\"", "imUrl": "http://ecx.images-amazon.com/images/I/41MilKtrMxL._SY300_.jpg", "price": 12.14, "numReviews": 7, "groups": [195], "averageRating": 5.0}, {"asin": "B002ATW8Y0", "name": "1 Inch Jen Manufacturing Orginial Poly-Brush\u00ae Foam Disposable Brush 48 per box", "imUrl": "http://ecx.images-amazon.com/images/I/31ZAlxUwrcL._SX300_.jpg", "price": 9.04, "numReviews": 6, "groups": [196], "averageRating": 4.833333333333333}, {"asin": "B009PMWPD4", "name": "PX PX02574 3-Piece Brush Set", "imUrl": "http://ecx.images-amazon.com/images/I/51Mv8zKoy9L._SY300_.jpg", "price": 13.93, "numReviews": 1, "groups": [197], "averageRating": 5.0}, {"asin": "B000NPPBRE", "name": "TEKTON 7002 Paint Brush Set, 5-Piece", "imUrl": "http://ecx.images-amazon.com/images/I/41d94FNS1vL._SX300_.jpg", "price": 8.19, "numReviews": 7, "groups": [54], "averageRating": 3.5714285714285716, "brand": "TEKTON"}, {"asin": "B00004Z4H8", "name": "Shur-Line 7-Inch Premium Pad Painter Refill #00610C", "imUrl": "http://ecx.images-amazon.com/images/I/41PWEYSK6VL._SX300_.jpg", "price": 5.39, "numReviews": 9, "groups": [198], "averageRating": 4.222222222222222, "brand": "Shur-Line"}, {"asin": "B008FVZQMI", "name": "Wooster Brush 5378-1 1/2 Painter's Choice Polyester Brush, 1 1/2-Inch", "imUrl": "http://ecx.images-amazon.com/images/I/31l8UwV2WCL._SY300_.jpg", "price": 2.23, "numReviews": 1, "groups": [199], "averageRating": 5.0, "brand": "Wooster Brush"}, {"asin": "B000LNW7IY", "name": "Purdy Nylox Glide 100% Nylon Angle Sash Paint Brush, 3-Inch", "imUrl": "http://ecx.images-amazon.com/images/I/31tJ3DRsyoL._SY300_.jpg", "price": 16.99, "numReviews": 2, "groups": [200], "averageRating": 4.0, "brand": "Purdy", "salesRankCategory": "Home Improvement", "salesRank": 140024}, {"asin": "B00B9VBVXY", "name": "Proform PIC3-3.0 Picasso Oval Angle Beaver Tail Paint Brush 3-Inch", "imUrl": "http://ecx.images-amazon.com/images/I/31j7rqp32QL._SX300_.jpg", "price": 12.1, "numReviews": 7, "groups": [201], "averageRating": 4.428571428571429}, {"asin": "B00002N6IO", "name": "XL 3\" Angular Trim Glide Brush", "imUrl": "http://ecx.images-amazon.com/images/I/316CwUDVJWL._SY300_.jpg", "price": 14.62, "numReviews": 9, "groups": [37], "averageRating": 4.888888888888889}, {"asin": "B008GKJLVA", "name": "Purdy 080515 Dale Elite Sash Brush 1-1/2-Inch", "imUrl": "http://ecx.images-amazon.com/images/I/31nU%2BDS0txL._SY300_.jpg", "price": 8.86, "numReviews": 3, "groups": [202], "averageRating": 4.666666666666667, "brand": "Purdy"}], "links": [{"source": 0, "target": 131, "right": true, "left": false, "value": 1}, {"source": 1, "target": 89, "right": false, "left": true, "value": 1}, {"source": 1, "target": 25, "right": false, "left": true, "value": 1}, {"source": 1, "target": 204, "right": false, "left": true, "value": 1}, {"source": 1, "target": 200, "right": false, "left": true, "value": 1}, {"source": 2, "target": 82, "right": true, "left": false, "value": 1}, {"source": 2, "target": 123, "right": true, "left": false, "value": 1}, {"source": 2, "target": 4, "right": true, "left": false, "value": 1}, {"source": 3, "target": 36, "right": true, "left": false, "value": 1}, {"source": 4, "target": 128, "right": false, "left": true, "value": 1}, {"source": 4, "target": 130, "right": false, "left": true, "value": 1}, {"source": 4, "target": 132, "right": false, "left": true, "value": 1}, {"source": 4, "target": 6, "right": false, "left": true, "value": 1}, {"source": 4, "target": 136, "right": false, "left": true, "value": 1}, {"source": 4, "target": 143, "right": false, "left": true, "value": 1}, {"source": 4, "target": 149, "right": false, "left": true, "value": 1}, {"source": 4, "target": 153, "right": false, "left": true, "value": 1}, {"source": 4, "target": 154, "right": false, "left": true, "value": 1}, {"source": 4, "target": 27, "right": false, "left": true, "value": 1}, {"source": 4, "target": 28, "right": false, "left": true, "value": 1}, {"source": 4, "target": 31, "right": false, "left": true, "value": 1}, {"source": 4, "target": 162, "right": false, "left": true, "value": 1}, {"source": 4, "target": 35, "right": false, "left": true, "value": 1}, {"source": 4, "target": 37, "right": false, "left": true, "value": 1}, {"source": 4, "target": 42, "right": false, "left": true, "value": 1}, {"source": 4, "target": 170, "right": false, "left": true, "value": 1}, {"source": 4, "target": 172, "right": false, "left": true, "value": 1}, {"source": 4, "target": 47, "right": false, "left": true, "value": 1}, {"source": 4, "target": 175, "right": false, "left": true, "value": 1}, {"source": 4, "target": 49, "right": false, "left": true, "value": 1}, {"source": 4, "target": 52, "right": false, "left": true, "value": 1}, {"source": 4, "target": 180, "right": false, "left": true, "value": 1}, {"source": 4, "target": 54, "right": false, "left": true, "value": 1}, {"source": 4, "target": 182, "right": false, "left": true, "value": 1}, {"source": 4, "target": 184, "right": false, "left": true, "value": 1}, {"source": 4, "target": 188, "right": false, "left": true, "value": 1}, {"source": 4, "target": 62, "right": true, "left": true, "value": 1}, {"source": 4, "target": 196, "right": false, "left": true, "value": 1}, {"source": 4, "target": 75, "right": false, "left": true, "value": 1}, {"source": 4, "target": 76, "right": false, "left": true, "value": 1}, {"source": 4, "target": 79, "right": false, "left": true, "value": 1}, {"source": 4, "target": 209, "right": false, "left": true, "value": 1}, {"source": 4, "target": 213, "right": false, "left": true, "value": 1}, {"source": 4, "target": 217, "right": false, "left": true, "value": 1}, {"source": 4, "target": 218, "right": false, "left": true, "value": 1}, {"source": 4, "target": 94, "right": false, "left": true, "value": 1}, {"source": 4, "target": 96, "right": false, "left": true, "value": 1}, {"source": 4, "target": 100, "right": false, "left": true, "value": 1}, {"source": 4, "target": 106, "right": false, "left": true, "value": 1}, {"source": 4, "target": 109, "right": false, "left": true, "value": 1}, {"source": 4, "target": 118, "right": false, "left": true, "value": 1}, {"source": 4, "target": 122, "right": false, "left": true, "value": 1}, {"source": 5, "target": 7, "right": true, "left": false, "value": 1}, {"source": 6, "target": 98, "right": true, "left": true, "value": 1}, {"source": 7, "target": 131, "right": false, "left": true, "value": 1}, {"source": 7, "target": 135, "right": false, "left": true, "value": 1}, {"source": 7, "target": 9, "right": false, "left": true, "value": 1}, {"source": 7, "target": 144, "right": false, "left": true, "value": 1}, {"source": 7, "target": 21, "right": false, "left": true, "value": 1}, {"source": 7, "target": 28, "right": false, "left": true, "value": 1}, {"source": 7, "target": 158, "right": false, "left": true, "value": 1}, {"source": 7, "target": 162, "right": false, "left": true, "value": 1}, {"source": 7, "target": 35, "right": false, "left": true, "value": 1}, {"source": 7, "target": 37, "right": false, "left": true, "value": 1}, {"source": 7, "target": 166, "right": false, "left": true, "value": 1}, {"source": 7, "target": 41, "right": false, "left": true, "value": 1}, {"source": 7, "target": 42, "right": false, "left": true, "value": 1}, {"source": 7, "target": 43, "right": false, "left": true, "value": 1}, {"source": 7, "target": 175, "right": false, "left": true, "value": 1}, {"source": 7, "target": 177, "right": false, "left": true, "value": 1}, {"source": 7, "target": 55, "right": false, "left": true, "value": 1}, {"source": 7, "target": 185, "right": false, "left": true, "value": 1}, {"source": 7, "target": 186, "right": false, "left": true, "value": 1}, {"source": 7, "target": 187, "right": false, "left": true, "value": 1}, {"source": 7, "target": 195, "right": false, "left": true, "value": 1}, {"source": 7, "target": 199, "right": false, "left": true, "value": 1}, {"source": 7, "target": 77, "right": false, "left": true, "value": 1}, {"source": 7, "target": 80, "right": false, "left": true, "value": 1}, {"source": 7, "target": 84, "right": false, "left": true, "value": 1}, {"source": 7, "target": 219, "right": false, "left": true, "value": 1}, {"source": 7, "target": 94, "right": false, "left": true, "value": 1}, {"source": 7, "target": 96, "right": false, "left": true, "value": 1}, {"source": 7, "target": 124, "right": false, "left": true, "value": 1}, {"source": 7, "target": 125, "right": false, "left": true, "value": 1}, {"source": 8, "target": 168, "right": false, "left": true, "value": 1}, {"source": 8, "target": 101, "right": true, "left": true, "value": 1}, {"source": 9, "target": 198, "right": true, "left": false, "value": 1}, {"source": 10, "target": 129, "right": true, "left": false, "value": 1}, {"source": 10, "target": 178, "right": true, "left": false, "value": 1}, {"source": 10, "target": 159, "right": true, "left": false, "value": 1}, {"source": 11, "target": 17, "right": true, "left": false, "value": 1}, {"source": 12, "target": 58, "right": true, "left": false, "value": 1}, {"source": 13, "target": 107, "right": false, "left": true, "value": 1}, {"source": 13, "target": 155, "right": true, "left": true, "value": 1}, {"source": 13, "target": 174, "right": false, "left": true, "value": 1}, {"source": 13, "target": 192, "right": false, "left": true, "value": 1}, {"source": 14, "target": 28, "right": true, "left": false, "value": 1}, {"source": 15, "target": 211, "right": true, "left": false, "value": 1}, {"source": 16, "target": 51, "right": true, "left": false, "value": 1}, {"source": 16, "target": 213, "right": true, "left": false, "value": 1}, {"source": 16, "target": 62, "right": true, "left": false, "value": 1}, {"source": 18, "target": 114, "right": true, "left": false, "value": 1}, {"source": 18, "target": 62, "right": true, "left": false, "value": 1}, {"source": 19, "target": 82, "right": false, "left": true, "value": 1}, {"source": 19, "target": 109, "right": true, "left": false, "value": 1}, {"source": 20, "target": 44, "right": true, "left": false, "value": 1}, {"source": 22, "target": 129, "right": true, "left": false, "value": 1}, {"source": 22, "target": 189, "right": true, "left": false, "value": 1}, {"source": 23, "target": 210, "right": true, "left": false, "value": 1}, {"source": 23, "target": 62, "right": true, "left": false, "value": 1}, {"source": 24, "target": 125, "right": true, "left": false, "value": 1}, {"source": 25, "target": 167, "right": true, "left": false, "value": 1}, {"source": 26, "target": 149, "right": false, "left": true, "value": 1}, {"source": 26, "target": 46, "right": true, "left": false, "value": 1}, {"source": 28, "target": 98, "right": false, "left": true, "value": 1}, {"source": 28, "target": 78, "right": false, "left": true, "value": 1}, {"source": 28, "target": 52, "right": false, "left": true, "value": 1}, {"source": 28, "target": 186, "right": false, "left": true, "value": 1}, {"source": 29, "target": 33, "right": false, "left": true, "value": 1}, {"source": 29, "target": 67, "right": true, "left": true, "value": 1}, {"source": 29, "target": 111, "right": true, "left": false, "value": 1}, {"source": 30, "target": 56, "right": true, "left": false, "value": 1}, {"source": 30, "target": 109, "right": true, "left": false, "value": 1}, {"source": 31, "target": 67, "right": true, "left": false, "value": 1}, {"source": 31, "target": 62, "right": true, "left": false, "value": 1}, {"source": 32, "target": 182, "right": true, "left": false, "value": 1}, {"source": 33, "target": 145, "right": true, "left": false, "value": 1}, {"source": 34, "target": 187, "right": true, "left": true, "value": 1}, {"source": 34, "target": 180, "right": true, "left": false, "value": 1}, {"source": 34, "target": 158, "right": false, "left": true, "value": 1}, {"source": 36, "target": 66, "right": false, "left": true, "value": 1}, {"source": 36, "target": 206, "right": false, "left": true, "value": 1}, {"source": 36, "target": 90, "right": false, "left": true, "value": 1}, {"source": 36, "target": 62, "right": true, "left": false, "value": 1}, {"source": 37, "target": 169, "right": false, "left": true, "value": 1}, {"source": 37, "target": 78, "right": false, "left": true, "value": 1}, {"source": 37, "target": 218, "right": true, "left": true, "value": 1}, {"source": 38, "target": 66, "right": false, "left": true, "value": 1}, {"source": 38, "target": 44, "right": true, "left": false, "value": 1}, {"source": 38, "target": 81, "right": true, "left": false, "value": 1}, {"source": 38, "target": 115, "right": false, "left": true, "value": 1}, {"source": 38, "target": 157, "right": false, "left": true, "value": 1}, {"source": 39, "target": 129, "right": true, "left": false, "value": 1}, {"source": 39, "target": 159, "right": true, "left": false, "value": 1}, {"source": 40, "target": 142, "right": true, "left": false, "value": 1}, {"source": 42, "target": 196, "right": true, "left": false, "value": 1}, {"source": 42, "target": 131, "right": true, "left": false, "value": 1}, {"source": 43, "target": 197, "right": true, "left": false, "value": 1}, {"source": 44, "target": 127, "right": false, "left": true, "value": 1}, {"source": 45, "target": 203, "right": true, "left": false, "value": 1}, {"source": 46, "target": 64, "right": false, "left": true, "value": 1}, {"source": 46, "target": 134, "right": true, "left": false, "value": 1}, {"source": 47, "target": 62, "right": true, "left": false, "value": 1}, {"source": 48, "target": 50, "right": true, "left": true, "value": 1}, {"source": 48, "target": 115, "right": true, "left": true, "value": 1}, {"source": 48, "target": 159, "right": true, "left": false, "value": 1}, {"source": 50, "target": 159, "right": true, "left": false, "value": 1}, {"source": 51, "target": 100, "right": true, "left": true, "value": 1}, {"source": 51, "target": 145, "right": false, "left": true, "value": 1}, {"source": 51, "target": 53, "right": false, "left": true, "value": 1}, {"source": 51, "target": 213, "right": false, "left": true, "value": 1}, {"source": 51, "target": 87, "right": false, "left": true, "value": 1}, {"source": 51, "target": 122, "right": false, "left": true, "value": 1}, {"source": 51, "target": 188, "right": false, "left": true, "value": 1}, {"source": 51, "target": 62, "right": true, "left": true, "value": 1}, {"source": 52, "target": 160, "right": true, "left": false, "value": 1}, {"source": 52, "target": 131, "right": true, "left": false, "value": 1}, {"source": 52, "target": 124, "right": false, "left": true, "value": 1}, {"source": 53, "target": 100, "right": true, "left": false, "value": 1}, {"source": 53, "target": 213, "right": true, "left": true, "value": 1}, {"source": 53, "target": 62, "right": true, "left": false, "value": 1}, {"source": 54, "target": 150, "right": false, "left": true, "value": 1}, {"source": 55, "target": 77, "right": false, "left": true, "value": 1}, {"source": 55, "target": 85, "right": false, "left": true, "value": 1}, {"source": 55, "target": 118, "right": false, "left": true, "value": 1}, {"source": 55, "target": 94, "right": true, "left": false, "value": 1}, {"source": 56, "target": 183, "right": false, "left": true, "value": 1}, {"source": 57, "target": 108, "right": true, "left": false, "value": 1}, {"source": 58, "target": 88, "right": true, "left": false, "value": 1}, {"source": 59, "target": 145, "right": true, "left": true, "value": 1}, {"source": 59, "target": 212, "right": false, "left": true, "value": 1}, {"source": 59, "target": 62, "right": true, "left": false, "value": 1}, {"source": 60, "target": 136, "right": true, "left": false, "value": 1}, {"source": 61, "target": 96, "right": true, "left": false, "value": 1}, {"source": 61, "target": 82, "right": false, "left": true, "value": 1}, {"source": 62, "target": 100, "right": false, "left": true, "value": 1}, {"source": 62, "target": 133, "right": false, "left": true, "value": 1}, {"source": 62, "target": 72, "right": false, "left": true, "value": 1}, {"source": 62, "target": 73, "right": false, "left": true, "value": 1}, {"source": 62, "target": 171, "right": false, "left": true, "value": 1}, {"source": 62, "target": 213, "right": false, "left": true, "value": 1}, {"source": 62, "target": 215, "right": false, "left": true, "value": 1}, {"source": 62, "target": 126, "right": true, "left": true, "value": 1}, {"source": 63, "target": 197, "right": true, "left": false, "value": 1}, {"source": 64, "target": 149, "right": false, "left": true, "value": 1}, {"source": 65, "target": 96, "right": true, "left": false, "value": 1}, {"source": 65, "target": 136, "right": true, "left": false, "value": 1}, {"source": 66, "target": 157, "right": false, "left": true, "value": 1}, {"source": 67, "target": 163, "right": false, "left": true, "value": 1}, {"source": 67, "target": 137, "right": false, "left": true, "value": 1}, {"source": 67, "target": 106, "right": false, "left": true, "value": 1}, {"source": 67, "target": 111, "right": true, "left": false, "value": 1}, {"source": 67, "target": 112, "right": false, "left": true, "value": 1}, {"source": 67, "target": 188, "right": false, "left": true, "value": 1}, {"source": 67, "target": 124, "right": false, "left": true, "value": 1}, {"source": 68, "target": 145, "right": true, "left": false, "value": 1}, {"source": 69, "target": 153, "right": true, "left": true, "value": 1}, {"source": 69, "target": 180, "right": true, "left": false, "value": 1}, {"source": 69, "target": 166, "right": false, "left": true, "value": 1}, {"source": 70, "target": 175, "right": false, "left": true, "value": 1}, {"source": 70, "target": 132, "right": false, "left": true, "value": 1}, {"source": 70, "target": 103, "right": true, "left": false, "value": 1}, {"source": 71, "target": 182, "right": true, "left": false, "value": 1}, {"source": 72, "target": 202, "right": true, "left": false, "value": 1}, {"source": 74, "target": 160, "right": true, "left": true, "value": 1}, {"source": 74, "target": 137, "right": false, "left": true, "value": 1}, {"source": 74, "target": 126, "right": true, "left": true, "value": 1}, {"source": 75, "target": 196, "right": true, "left": false, "value": 1}, {"source": 75, "target": 131, "right": true, "left": false, "value": 1}, {"source": 77, "target": 85, "right": false, "left": true, "value": 1}, {"source": 77, "target": 118, "right": false, "left": true, "value": 1}, {"source": 78, "target": 218, "right": true, "left": false, "value": 1}, {"source": 82, "target": 109, "right": true, "left": false, "value": 1}, {"source": 82, "target": 123, "right": true, "left": false, "value": 1}, {"source": 83, "target": 193, "right": false, "left": true, "value": 1}, {"source": 84, "target": 131, "right": true, "left": false, "value": 1}, {"source": 86, "target": 194, "right": true, "left": false, "value": 1}, {"source": 87, "target": 100, "right": true, "left": false, "value": 1}, {"source": 87, "target": 213, "right": true, "left": false, "value": 1}, {"source": 91, "target": 182, "right": true, "left": false, "value": 1}, {"source": 92, "target": 131, "right": true, "left": false, "value": 1}, {"source": 93, "target": 120, "right": true, "left": false, "value": 1}, {"source": 93, "target": 187, "right": false, "left": true, "value": 1}, {"source": 93, "target": 166, "right": true, "left": false, "value": 1}, {"source": 93, "target": 119, "right": true, "left": true, "value": 1}, {"source": 95, "target": 178, "right": true, "left": false, "value": 1}, {"source": 95, "target": 189, "right": true, "left": false, "value": 1}, {"source": 97, "target": 150, "right": false, "left": true, "value": 1}, {"source": 98, "target": 170, "right": true, "left": true, "value": 1}, {"source": 99, "target": 207, "right": false, "left": true, "value": 1}, {"source": 100, "target": 212, "right": false, "left": true, "value": 1}, {"source": 100, "target": 213, "right": true, "left": false, "value": 1}, {"source": 101, "target": 168, "right": false, "left": true, "value": 1}, {"source": 102, "target": 126, "right": true, "left": false, "value": 1}, {"source": 103, "target": 130, "right": false, "left": true, "value": 1}, {"source": 104, "target": 153, "right": true, "left": false, "value": 1}, {"source": 105, "target": 153, "right": true, "left": false, "value": 1}, {"source": 105, "target": 201, "right": false, "left": true, "value": 1}, {"source": 105, "target": 181, "right": true, "left": false, "value": 1}, {"source": 105, "target": 173, "right": false, "left": true, "value": 1}, {"source": 106, "target": 137, "right": true, "left": false, "value": 1}, {"source": 109, "target": 183, "right": false, "left": true, "value": 1}, {"source": 110, "target": 123, "right": true, "left": false, "value": 1}, {"source": 111, "target": 136, "right": false, "left": true, "value": 1}, {"source": 111, "target": 163, "right": false, "left": true, "value": 1}, {"source": 113, "target": 179, "right": false, "left": true, "value": 1}, {"source": 113, "target": 125, "right": false, "left": true, "value": 1}, {"source": 116, "target": 182, "right": true, "left": false, "value": 1}, {"source": 117, "target": 159, "right": true, "left": false, "value": 1}, {"source": 117, "target": 178, "right": true, "left": false, "value": 1}, {"source": 117, "target": 143, "right": true, "left": false, "value": 1}, {"source": 119, "target": 153, "right": true, "left": false, "value": 1}, {"source": 120, "target": 153, "right": true, "left": true, "value": 1}, {"source": 121, "target": 137, "right": true, "left": false, "value": 1}, {"source": 121, "target": 131, "right": true, "left": false, "value": 1}, {"source": 122, "target": 165, "right": true, "left": false, "value": 1}, {"source": 126, "target": 160, "right": true, "left": true, "value": 1}, {"source": 126, "target": 145, "right": false, "left": true, "value": 1}, {"source": 129, "target": 164, "right": false, "left": true, "value": 1}, {"source": 129, "target": 176, "right": false, "left": true, "value": 1}, {"source": 129, "target": 156, "right": false, "left": true, "value": 1}, {"source": 130, "target": 172, "right": false, "left": true, "value": 1}, {"source": 131, "target": 132, "right": false, "left": true, "value": 1}, {"source": 131, "target": 148, "right": false, "left": true, "value": 1}, {"source": 132, "target": 175, "right": true, "left": false, "value": 1}, {"source": 133, "target": 213, "right": true, "left": false, "value": 1}, {"source": 135, "target": 197, "right": true, "left": false, "value": 1}, {"source": 138, "target": 139, "right": true, "left": false, "value": 1}, {"source": 140, "target": 185, "right": true, "left": true, "value": 1}, {"source": 141, "target": 167, "right": true, "left": false, "value": 1}, {"source": 142, "target": 189, "right": true, "left": false, "value": 1}, {"source": 143, "target": 178, "right": true, "left": false, "value": 1}, {"source": 143, "target": 189, "right": true, "left": false, "value": 1}, {"source": 143, "target": 159, "right": true, "left": false, "value": 1}, {"source": 146, "target": 147, "right": true, "left": false, "value": 1}, {"source": 146, "target": 182, "right": true, "left": false, "value": 1}, {"source": 147, "target": 214, "right": false, "left": true, "value": 1}, {"source": 147, "target": 182, "right": true, "left": false, "value": 1}, {"source": 151, "target": 152, "right": true, "left": false, "value": 1}, {"source": 151, "target": 161, "right": true, "left": false, "value": 1}, {"source": 155, "target": 192, "right": false, "left": true, "value": 1}, {"source": 156, "target": 178, "right": true, "left": false, "value": 1}, {"source": 158, "target": 180, "right": true, "left": false, "value": 1}, {"source": 159, "target": 164, "right": false, "left": true, "value": 1}, {"source": 159, "target": 176, "right": false, "left": true, "value": 1}, {"source": 160, "target": 215, "right": false, "left": true, "value": 1}, {"source": 163, "target": 202, "right": true, "left": true, "value": 1}, {"source": 170, "target": 216, "right": true, "left": false, "value": 1}, {"source": 176, "target": 178, "right": true, "left": false, "value": 1}, {"source": 181, "target": 199, "right": false, "left": true, "value": 1}, {"source": 182, "target": 214, "right": false, "left": true, "value": 1}, {"source": 186, "target": 197, "right": true, "left": false, "value": 1}, {"source": 190, "target": 209, "right": true, "left": true, "value": 1}, {"source": 191, "target": 206, "right": true, "left": true, "value": 1}, {"source": 193, "target": 208, "right": true, "left": false, "value": 1}, {"source": 194, "target": 205, "right": false, "left": true, "value": 1}, {"source": 197, "target": 209, "right": false, "left": true, "value": 1}, {"source": 199, "target": 218, "right": true, "left": false, "value": 1}, {"source": 201, "target": 219, "right": true, "left": false, "value": 1}]}