{"nodes": [{"asin": "B003XL49Q4", "name": "Aleko\u00ae Remote Control for Gate Opener Remote Transmitter", "imUrl": "http://ecx.images-amazon.com/images/I/41%2BnMQK07AL._SY300_.jpg", "price": 12.0, "numReviews": 26, "groups": [0], "averageRating": 3.5}, {"asin": "B00283RW2G", "name": "Chamberlain Security and Garage Door Remote Control", "imUrl": "http://ecx.images-amazon.com/images/I/41I9pvy4pzL._SY300_.jpg", "price": 35.99, "numReviews": 6, "groups": [1], "averageRating": 4.833333333333333}, {"asin": "B00DP85A2W", "name": "Apollo 2 Button Transmitter - 320n - Nice Apollo 433.92mhz Gate Remote - Nice Flo2r-s/a", "imUrl": "http://ecx.images-amazon.com/images/I/215OUSbX2EL.jpg", "price": 24.94, "numReviews": 2, "groups": [2], "averageRating": 4.5, "brand": "Nice Apollo"}, {"asin": "B0006MZFGQ", "name": "Digi-Code 1 Button Keychain Transmitter 300mhz - Multicode Compatible DC5040", "imUrl": "http://ecx.images-amazon.com/images/I/21K5MPRDCQL.jpg", "price": 24.67, "numReviews": 8, "groups": [3], "averageRating": 4.375}, {"asin": "B000EN46NK", "name": "Skylink 18TR Garage Door Remote Control", "imUrl": "http://ecx.images-amazon.com/images/I/31%2Bl4dJ0%2BVL._SX300_.jpg", "price": 22.62, "numReviews": 51, "groups": [4], "averageRating": 4.392156862745098}, {"asin": "B00BWUMQJ0", "name": "Garage Door Parts Genie Gic-1 Intellicode Gate and Garage Door Opener Remote", "imUrl": "http://ecx.images-amazon.com/images/I/21geczLiJfL.jpg", "price": 16.49, "numReviews": 3, "groups": [5], "averageRating": 2.0}, {"asin": "B000HTHJVW", "name": "GTO RB742 Dual Button Transmitter - Remote Control - (318mhz, 8 switch)", "imUrl": "http://ecx.images-amazon.com/images/I/41C%2BFjbuY7L._SY300_.jpg", "price": 23.0, "numReviews": 2, "groups": [6], "averageRating": 2.0, "brand": "GTO"}, {"asin": "B00283OAHQ", "name": "Allstar 111025 288mhz Garage Door Opener Remote", "imUrl": "http://ecx.images-amazon.com/images/I/41fRksxL6sL._SX300_.jpg", "price": 16.0, "numReviews": 1, "groups": [7], "averageRating": 1.0, "brand": "Allstar"}, {"asin": "B009KS5KHG", "name": "Craftsman Sears Remote Garage Door Opener 53879 139.53879 853CB 53779 81LM 83LM", "imUrl": "http://ecx.images-amazon.com/images/I/51tZEebwNhL._SX300_.jpg", "price": 13.65, "numReviews": 2, "groups": [8], "averageRating": 5.0}, {"asin": "B00BWUMRC6", "name": "Garage Door Parts Genie GT-912 Single Button Remote", "imUrl": "http://ecx.images-amazon.com/images/I/21eB7PzIyoL.jpg", "price": 21.44, "numReviews": 3, "groups": [9], "averageRating": 3.3333333333333335}, {"asin": "B0039067KK", "name": "Liftmaster 61LM- Compatible Stinger 390LMD21V Visor Style Remote", "imUrl": "http://ecx.images-amazon.com/images/I/41rHOW-zvhL._SY300_.jpg", "price": 12.14, "numReviews": 68, "groups": [10], "averageRating": 4.485294117647059}, {"asin": "B0007YXO2U", "name": "Heddolf 0220-360 Transmitter", "imUrl": "http://ecx.images-amazon.com/images/I/21W1VKQVJBL.jpg", "price": 15.61, "numReviews": 2, "groups": [11], "averageRating": 5.0, "brand": "Heddolf"}, {"asin": "B000JGA6VS", "name": "Heddolf 360 Mhz Frequency Garage Door Opener Remote Transmitter for Crusader Heddolf Overhead Door", "imUrl": "http://ecx.images-amazon.com/images/I/21W1VKQVJBL.jpg", "price": 19.49, "numReviews": 14, "groups": [12], "averageRating": 4.785714285714286, "brand": "Heddolf"}, {"asin": "B00415TUX8", "name": "Domino Engineering GD-1 Universal Garage Door Opener Keypad", "imUrl": "http://ecx.images-amazon.com/images/I/21oA-fmy6gL.jpg", "price": 30.3, "numReviews": 3, "groups": [13], "averageRating": 3.3333333333333335}, {"asin": "B00283XXYW", "name": "Sears Craftsman 139.53210 Remote is Equivalent to the 61LM", "imUrl": "http://ecx.images-amazon.com/images/I/41Q0hfv5ObL._SY300_.jpg", "price": 24.6, "numReviews": 1, "groups": [14], "averageRating": 5.0}, {"asin": "B000RYPOKK", "name": "Genie GWK-BL Wireless Keypad", "imUrl": "http://ecx.images-amazon.com/images/I/310TecepRAL._SY300_.jpg", "price": 100.44, "numReviews": 27, "groups": [15], "averageRating": 3.7777777777777777, "brand": "Genie"}, {"asin": "B00283OG5C", "name": "Sears Craftsman 139.53970 Remote Aftermarket Replacement: Stinger 81lm", "imUrl": "http://ecx.images-amazon.com/images/I/21oIZCLCU5L.jpg", "price": 12.41, "numReviews": 1, "groups": [16], "averageRating": 5.0, "brand": "Sears Craftsman"}, {"asin": "B009JX50J0", "name": "Overhead Door OCDTR-3 CodeDodger Three Button Garage Door Opener Remote", "imUrl": "http://ecx.images-amazon.com/images/I/31yPiizOmUL._SX300_.jpg", "price": 44.99, "numReviews": 37, "groups": [17], "averageRating": 4.405405405405405}, {"asin": "B00023NETE", "name": "Stanley 1094 Garage Door Remote Transmitter", "imUrl": "http://ecx.images-amazon.com/images/I/31601MG984L.jpg", "price": 13.15, "numReviews": 1, "groups": [18], "averageRating": 4.0}, {"asin": "B00283OD5U", "name": "Genie Gir390-1T Conversion Kit Includes 1 Receiver and 1 Git-1 Remote", "imUrl": "http://ecx.images-amazon.com/images/I/41cmunSP7pL.jpg", "price": 65.0, "numReviews": 4, "groups": [19], "averageRating": 4.75}, {"asin": "B000MFFHYC", "name": "Chamberlain Universal Wireless Keyless Entry Garage Door Opener", "imUrl": "http://ecx.images-amazon.com/images/I/41xE6nD2aEL.jpg", "price": 29.11, "numReviews": 2, "groups": [20], "averageRating": 2.5, "salesRankCategory": "Electronics", "salesRank": 148860}, {"asin": "B00283QBIW", "name": "Liftmaster 973LM Three-Button Remote Control", "imUrl": "http://ecx.images-amazon.com/images/I/31oAN1zgYIL.jpg", "price": 35.99, "numReviews": 252, "groups": [21], "averageRating": 4.535714285714286}, {"asin": "B002872XJ4", "name": "Liftmaster 395LM Remote Light Control", "imUrl": "http://ecx.images-amazon.com/images/I/217A4BP121L.jpg", "price": 7.0, "numReviews": 3, "groups": [22], "averageRating": 5.0}, {"asin": "B007F5HTFC", "name": "Skylink MK-1 Universal Garage Door Remote Control Kit", "imUrl": "http://ecx.images-amazon.com/images/I/31EzBBnl-iL._SY300_.jpg", "price": 35.99, "numReviews": 7, "groups": [23], "averageRating": 4.285714285714286}, {"asin": "B00283QE5C", "name": "Sears Craftsman 139.53315SR Remote is Equivalent to the 61LM", "imUrl": "http://ecx.images-amazon.com/images/I/41Q0hfv5ObL._SY300_.jpg", "price": 24.6, "numReviews": 3, "groups": [24], "averageRating": 5.0}, {"asin": "B000JGK0FA", "name": "Chamberlain 750CB Single-Button Remote Control", "imUrl": "http://ecx.images-amazon.com/images/I/310jg8cTDtL._SY300_.jpg", "price": 24.6, "numReviews": 31, "groups": [25], "averageRating": 4.612903225806452, "brand": "Chamberlain"}, {"asin": "B008VVGLP8", "name": "Genie AT90-1 Compatible Garage Door Visor Remote Transmitter", "imUrl": "http://ecx.images-amazon.com/images/I/31NiNB5SmxL._SY300_.jpg", "price": 16.0, "numReviews": 8, "groups": [26], "averageRating": 3.625}, {"asin": "B00283W1WW", "name": "Genie Giftd-1Bl One-Button Remote Control With Flashlight and Intellicode", "imUrl": "http://ecx.images-amazon.com/images/I/21H4UYXzOML.jpg", "price": 58.95, "numReviews": 2, "groups": [27], "averageRating": 5.0}, {"asin": "B00DN91ZMC", "name": "UNIVERSAL OVERHEAD DOOR / GENIE KEYLESS ENTRY", "imUrl": "http://ecx.images-amazon.com/images/I/31myqdX41tL.jpg", "price": 26.81, "numReviews": 1, "groups": [28], "averageRating": 5.0}, {"asin": "B00CBMC2UQ", "name": "Multi-Code MCS307010 3070 1-channel Key Ring Gate & Garage Door Transmitter by Linear 5pc", "imUrl": "http://ecx.images-amazon.com/images/I/41mnEevXCPL._SY300_.jpg", "price": 64.29, "numReviews": 1, "groups": [29], "averageRating": 5.0, "brand": "Linear"}, {"asin": "B000JF9P4S", "name": "Genie Mat90 Compatible Remote Door Mini Transmitter", "imUrl": "http://ecx.images-amazon.com/images/I/31eCSiqmIbL._SY300_.jpg", "price": 12.15, "numReviews": 81, "groups": [30], "averageRating": 3.888888888888889, "brand": "Genie"}, {"asin": "B002OJ8YPI", "name": "Allstar Garage Door Remote Control Model 9921T-318", "imUrl": "http://ecx.images-amazon.com/images/I/419LStuxN0L._SY300_.jpg", "price": 13.9, "numReviews": 4, "groups": [31], "averageRating": 5.0, "brand": "Allstar"}, {"asin": "B00079HWI2", "name": "Linear MDT-1A 318MHz 1-Channel Visor Transmitter", "imUrl": "http://ecx.images-amazon.com/images/I/21MHE1PKXML._SY300_.jpg", "price": 23.94, "numReviews": 7, "groups": [32], "averageRating": 4.142857142857143, "brand": "Linear"}, {"asin": "B002P5RITO", "name": "Wayne Dalton garage door opener access package 2 transmitters and keyless entry", "imUrl": "http://ecx.images-amazon.com/images/I/41OeHlDkETL._SX300_.jpg", "price": 89.99, "numReviews": 1, "groups": [33], "averageRating": 1.0}, {"asin": "B000JJLT0C", "name": "MultiLink PD - 318M Mini Key chain Garage Door Remote Transmitter", "imUrl": "http://ecx.images-amazon.com/images/I/51WiBYarYdL.gif", "price": 11.22, "numReviews": 1, "groups": [34], "averageRating": 5.0}, {"asin": "B000LBLQYC", "name": "Digi-code Wireless Garage Door Opener Keypad Model DC5200", "imUrl": "http://ecx.images-amazon.com/images/I/3196CYYX5GL._SY300_.jpg", "price": 25.98, "numReviews": 9, "groups": [35], "averageRating": 4.333333333333333}, {"asin": "B0073L9NR0", "name": "Sears Craftsman 139.30498 AssureLink Compatible Garage Door Opener Remote", "imUrl": "http://ecx.images-amazon.com/images/I/41BwgG2Zw1L._SY300_.jpg", "price": 43.8, "numReviews": 12, "groups": [36], "averageRating": 4.25, "brand": "Sears"}, {"asin": "B000JF9P2K", "name": "Genie Intellicode GIT-3(G2T-3) Remote Transmitter(1995-CURRENT)", "imUrl": "http://ecx.images-amazon.com/images/I/217oicS15CL.jpg", "price": 18.49, "numReviews": 110, "groups": [37], "averageRating": 4.472727272727273, "brand": "Genie"}, {"asin": "B00757JE6M", "name": "LIFTMASTER Garage Door Openers 890MAX Mini Remote Control", "imUrl": "http://ecx.images-amazon.com/images/I/31XcBZkYXgL._SY300_.jpg", "price": 16.0, "numReviews": 190, "groups": [38], "averageRating": 4.494736842105263}, {"asin": "B00283RW30", "name": "Chamberlain Clicker Garage Door Monitor", "imUrl": "http://ecx.images-amazon.com/images/I/31eR56Eqt5L._SY300_.jpg", "price": 21.68, "numReviews": 1, "groups": [39], "averageRating": 5.0}, {"asin": "B0061NHJWC", "name": "ALEKO\u00ae 2 Remote Control Transmitters RC for AC/AR1400 Sliding Motorized Gate Opener NEW", "imUrl": "http://ecx.images-amazon.com/images/I/41Wa4S6RM9L._SY300_.jpg", "price": 17.0, "numReviews": 5, "groups": [0], "averageRating": 3.4, "brand": "ALEKO"}, {"asin": "B0042AHHB4", "name": "Universal Garage Door Opener Receiver P294K", "imUrl": "http://ecx.images-amazon.com/images/I/41O2%2ByM7dML._SY300_.jpg", "price": 40.0, "numReviews": 4, "groups": [40], "averageRating": 2.5}, {"asin": "B00D56ONJ0", "name": "Remote Control Transmitter 4 Channel/4 Relay 433M Hz", "imUrl": "http://ecx.images-amazon.com/images/I/41f66iWFx3L._SY300_.jpg", "price": 6.8, "numReviews": 3, "groups": [41], "averageRating": 3.3333333333333335, "salesRankCategory": "Camera & Photo", "salesRank": 8585}, {"asin": "B009JXDDS0", "name": "Overhead Door 3 Button Garage Door Opener Remote - CodeDodger\u00ae 2 O3T Overhead Door Remote Opener Transmitter Garage Door Single Transmitter Clicker Button remote control CodeDodger Garage Door Remote Model OCDT-2", "imUrl": "http://ecx.images-amazon.com/images/I/110o2TxWl8L.jpg", "price": 19.56, "numReviews": 4, "groups": [42], "averageRating": 5.0}, {"asin": "B00457QVZW", "name": "Overhead Door 360MHz Mini Keychain Remote", "imUrl": "http://ecx.images-amazon.com/images/I/316l9OLguJL._SX300_.jpg", "price": 21.09, "numReviews": 1, "groups": [12], "averageRating": 3.0}, {"asin": "B00023NESU", "name": "Stanley 1050 Garage Door Remote Transmitter", "imUrl": "http://ecx.images-amazon.com/images/I/51NQMy4MeDL._SY300_.jpg", "price": 12.47, "numReviews": 254, "groups": [43], "averageRating": 4.5, "brand": "Stanley"}, {"asin": "B000Q5VKJE", "name": "Skylink 69 Universal Garage Door Remote Control", "imUrl": "http://ecx.images-amazon.com/images/I/31wmh31tchL._SY300_.jpg", "price": 13.71, "numReviews": 177, "groups": [44], "averageRating": 3.0282485875706215, "brand": "Skylink"}, {"asin": "B00283OECM", "name": "Linear Delta-3 Visor Transmitter, 2-Channel", "imUrl": "http://ecx.images-amazon.com/images/I/41sJFx6oEDL._SY300_.jpg", "price": 16.32, "numReviews": 23, "groups": [45], "averageRating": 4.478260869565218, "brand": "Linear"}, {"asin": "B00D56IX00", "name": "JM70A Remote Control Switch Kit 4 Channel/4 Relay 433M Hz DC 12V Toggle/Momentary/Latch", "imUrl": "http://ecx.images-amazon.com/images/I/41jmvti0UpL._SX300_.jpg", "price": 15.8, "numReviews": 10, "groups": [46], "averageRating": 4.2, "salesRankCategory": "Camera & Photo", "salesRank": 3326}, {"asin": "B000628R20", "name": "Genie GT912-1BL 9/12 Switch Remote Controller", "imUrl": "http://ecx.images-amazon.com/images/I/41V52WIRszL._SY300_.jpg", "price": 22.09, "numReviews": 49, "groups": [47], "averageRating": 4.73469387755102}, {"asin": "B00283QF10", "name": "635LM Sears Craftsman LiftMaster Chamberlain Security+ Universal Garage Door Opener Plug-In Receiver", "imUrl": "http://ecx.images-amazon.com/images/I/31rYIL4-qDL.jpg", "price": 29.0, "numReviews": 69, "groups": [48], "averageRating": 3.7246376811594204, "brand": "Chamberlain"}, {"asin": "B00283QEZC", "name": "Sears Craftsman 139.53648 Remote Aftermarket Replacement: Stinger 81lm", "imUrl": "http://ecx.images-amazon.com/images/I/21oIZCLCU5L.jpg", "price": 12.41, "numReviews": 2, "groups": [49], "averageRating": 4.5}, {"asin": "B003O9BAUS", "name": "GTO / Mighty Mule RB742 Remote Control, Two Button Mini Transmitter", "imUrl": "http://ecx.images-amazon.com/images/I/31-lgNiwNWL.jpg", "price": 23.0, "numReviews": 3, "groups": [50], "averageRating": 3.0, "brand": "GTO"}, {"asin": "B00BHC68SI", "name": "Linear - Wireless Keypad 298601", "imUrl": "http://ecx.images-amazon.com/images/I/41%2BzyfL%2BxVL._SY300_.jpg", "price": 32.17, "numReviews": 4, "groups": [51], "averageRating": 3.5, "brand": "Linear"}, {"asin": "B00004TQ7S", "name": "Chamberlain 953CB Security and Garage Door Remote Control", "imUrl": "http://ecx.images-amazon.com/images/I/41JEV0W1P4L._SX300_.jpg", "price": 30.08, "numReviews": 33, "groups": [52], "averageRating": 4.484848484848484}, {"asin": "B0009XAX46", "name": "Genie GIT-3BL 3-Button Remote Control with Intellicode", "imUrl": "http://ecx.images-amazon.com/images/I/515HQT6P0PL._SY300_.jpg", "price": 19.56, "numReviews": 7, "groups": [53], "averageRating": 3.4285714285714284}, {"asin": "B00283S1AS", "name": "Sears Craftsman 139.53648srt1 Remote Aftermarket Replacement: Stinger 81lm", "imUrl": "http://ecx.images-amazon.com/images/I/21oIZCLCU5L.jpg", "price": 12.41, "numReviews": 5, "groups": [54], "averageRating": 4.6, "brand": "Sears Craftsman"}, {"asin": "B00283TZMQ", "name": "Carper 390 Key Chain Garage Door Opener Remote", "imUrl": "http://ecx.images-amazon.com/images/I/31aBVFCS4dL.jpg", "price": 22.75, "numReviews": 28, "groups": [55], "averageRating": 3.857142857142857, "brand": "Carper"}, {"asin": "B0093YBUB2", "name": "Skylink 39 Universal Garage Door Opener", "imUrl": "http://ecx.images-amazon.com/images/I/31b1Son3TrL._SY300_.jpg", "price": 18.45, "numReviews": 14, "groups": [56], "averageRating": 3.2857142857142856, "brand": "Skylink"}, {"asin": "B000VBD4EW", "name": "Genie GIFTD-1BL 1-Button Remote Control with Flashlight and Intellicode", "imUrl": "http://ecx.images-amazon.com/images/I/31tSLVAqNJL._SY300_.jpg", "price": 37.95, "numReviews": 65, "groups": [57], "averageRating": 3.923076923076923, "brand": "Genie"}, {"asin": "B00715DTGY", "name": "Genie G3T-R Intellicode2 3-Button Remote", "imUrl": "http://ecx.images-amazon.com/images/I/41anLQHiHKL._SY300_.jpg", "price": 18.0, "numReviews": 662, "groups": [58], "averageRating": 3.6314199395770395, "brand": "Genie"}, {"asin": "B00283W5JQ", "name": "Sears Craftsman 139.53675SRT2 Remote is Equivalent to the 971LM", "imUrl": "http://ecx.images-amazon.com/images/I/418ybuZ0jbL._SY300_.jpg", "price": 21.75, "numReviews": 2, "groups": [59], "averageRating": 5.0, "brand": "Sears"}, {"asin": "B000JF9P3O", "name": "Genie Garage Door Opener Deluxe Wall Console and Button GPWC-2WLB", "imUrl": "http://ecx.images-amazon.com/images/I/31uNDN9ZCLL.jpg", "price": 13.68, "numReviews": 134, "groups": [60], "averageRating": 4.5, "brand": "Genie"}, {"asin": "B000JGLY0A", "name": "Liftmaster 974LM 390 MHz Garage Door Remote Transmitter", "imUrl": "http://ecx.images-amazon.com/images/I/31REGAWDezL.jpg", "price": 35.99, "numReviews": 10, "groups": [61], "averageRating": 3.4}, {"asin": "B0030K546M", "name": "5 Pack - GTO Rb741 Gate Opener / GTO Gate Opener - Remote Controls", "imUrl": "http://ecx.images-amazon.com/images/I/417to8HNf2L._SY300_.jpg", "price": 106.0, "numReviews": 9, "groups": [62], "averageRating": 4.666666666666667}, {"asin": "B004OFSICO", "name": "Skylink GBRV Smart Button Visor Clip Garage Door Remote Control", "imUrl": "http://ecx.images-amazon.com/images/I/41aANhbIKkL._SY300_.jpg", "price": 21.0, "numReviews": 3, "groups": [63], "averageRating": 3.6666666666666665, "brand": "Skylink"}, {"asin": "B003G8UKNK", "name": "Heddolf 219-1K, Compatible with Mighty Mule or GTO PRO Gate Openers", "imUrl": "http://ecx.images-amazon.com/images/I/41Z9gGV9HNL._SX300_.jpg", "price": 14.28, "numReviews": 2, "groups": [64], "averageRating": 2.5, "salesRankCategory": "Electronics", "salesRank": 55836}, {"asin": "B00CRAM2MK", "name": "Skylink GS-1 Universal Visor Clip Garage Door Remote Control Kit", "imUrl": "http://ecx.images-amazon.com/images/I/31mdyZgYFoL._SY300_.jpg", "price": 29.99, "numReviews": 2, "groups": [65], "averageRating": 2.5}, {"asin": "B000GT9XBM", "name": "Skylink 318TN Keychain Transmitter", "imUrl": "http://ecx.images-amazon.com/images/I/314akedsSJL._SY300_.jpg", "price": 14.67, "numReviews": 37, "groups": [66], "averageRating": 4.216216216216216, "brand": "Skylink"}, {"asin": "B00283XU2C", "name": "Genie Garage Door Opener Replacement Keypad and Ribbon for Kep-1", "imUrl": "http://ecx.images-amazon.com/images/I/31NxNQndv8L.jpg", "price": 16.72, "numReviews": 45, "groups": [67], "averageRating": 4.266666666666667, "brand": "Genie"}, {"asin": "B003I1B4AS", "name": "Allstar - 318MHz Remote Transmitter model BA8833T", "imUrl": "http://ecx.images-amazon.com/images/I/41uC3HxzF9L._SY300_.jpg", "price": 26.95, "numReviews": 4, "groups": [68], "averageRating": 4.0, "brand": "Allstar"}, {"asin": "B00AB071U6", "name": "Chamberlain 950CB Compatible Remote Garage Door Opener", "imUrl": "http://ecx.images-amazon.com/images/I/41aRG2olJLL._SX300_.jpg", "price": 21.75, "numReviews": 1, "groups": [69], "averageRating": 5.0}, {"asin": "B005R4N9GG", "name": "Genie GBWX-BX Wall Console Series III 37222R", "imUrl": "http://ecx.images-amazon.com/images/I/31QiV5iKUmL._SY300_.jpg", "price": 19.0, "numReviews": 12, "groups": [70], "averageRating": 4.25, "brand": "Genie"}, {"asin": "B00283RZG4", "name": "Linear ACT-34B 4-Channel Block Coded Key Ring Transmitter", "imUrl": "http://ecx.images-amazon.com/images/I/21UE%2BTSTGoL._SY300_.jpg", "price": 14.67, "numReviews": 10, "groups": [71], "averageRating": 4.3, "brand": "Linear"}, {"asin": "B003JNSBYW", "name": "Stanley 1082 Compatible - Single Button Keychain Garage Door Opener Remote Control - 310 MHz", "imUrl": "http://ecx.images-amazon.com/images/I/21wuWDi%2BUdL.jpg", "price": 12.9, "numReviews": 10, "groups": [72], "averageRating": 4.3}, {"asin": "B00AAZYN26", "name": "LiftMaster 51LM / 53LM Compatible Visor Remote Control Garage Door Opener", "imUrl": "http://ecx.images-amazon.com/images/I/31Llev7qemL._SY300_.jpg", "price": 12.14, "numReviews": 3, "groups": [73], "averageRating": 3.6666666666666665}, {"asin": "B000JHKDPG", "name": "Linear DTC Delta 3 Remote Garage Door Transmitter", "imUrl": "http://ecx.images-amazon.com/images/I/41%2BnpQyEmGL._SY300_.jpg", "price": 12.76, "numReviews": 128, "groups": [74], "averageRating": 4.6796875, "brand": "Linear"}, {"asin": "B00283OAUS", "name": "Firefly 310 stanley compatible keychain remote with better range & you pay less!", "imUrl": "http://ecx.images-amazon.com/images/I/31OoPjhk1xL._SX300_.jpg", "price": 12.65, "numReviews": 1, "groups": [75], "averageRating": 5.0, "brand": "Firefly"}, {"asin": "B000F5NRBE", "name": "Linear MegaCode Visor Transmitters, 2-Channel", "imUrl": "http://ecx.images-amazon.com/images/I/21NUMoQZmML._SY300_.jpg", "price": 14.68, "numReviews": 16, "groups": [45], "averageRating": 4.25, "brand": "Linear"}, {"asin": "B000CST0L0", "name": "Liftmaster 371LM 315MHz Garage Door Remote(See Tech. Details Below)", "imUrl": "http://ecx.images-amazon.com/images/I/41Hm4lpIa-L._SX300_.jpg", "price": 16.04, "numReviews": 913, "groups": [76], "averageRating": 4.63855421686747}, {"asin": "B0006UHEB2", "name": "Allstar 110995 Classic Garage Door Transmitter", "imUrl": "http://ecx.images-amazon.com/images/I/219B21GA1YL.jpg", "price": 9.89, "numReviews": 60, "groups": [77], "averageRating": 4.483333333333333, "brand": "Allstar"}, {"asin": "B002P5W79K", "name": "Liftmaster Garage Door opener 333LM 3-Button Open/Close/Stop Remote Control", "imUrl": "http://ecx.images-amazon.com/images/I/41%2BVIRHazlL._SY300_.jpg", "price": 24.99, "numReviews": 2, "groups": [78], "averageRating": 4.5}, {"asin": "B0002AU2GA", "name": "Liftmaster 61LM(8/9 Dip Switch) Garage Door Remote Transmitter(See Tech. Details Below)", "imUrl": "http://ecx.images-amazon.com/images/I/31WVOL0D0aL._SX300_.jpg", "price": 20.0, "numReviews": 212, "groups": [79], "averageRating": 4.740566037735849}, {"asin": "B00283S0OA", "name": "Sears Craftsman 139.53225srt Remote Aftermarket Replacement: Stinger 81lm", "imUrl": "http://ecx.images-amazon.com/images/I/21oIZCLCU5L.jpg", "price": 12.41, "numReviews": 1, "groups": [80], "averageRating": 5.0}, {"asin": "B005DM8DV8", "name": "Craftsman Sears Remote Garage Door Opener Remote 139.53753", "imUrl": "http://ecx.images-amazon.com/images/I/41dgfnIUQhL._SY300_.jpg", "price": 21.75, "numReviews": 1, "groups": [81], "averageRating": 5.0}, {"asin": "B00283OCOM", "name": "Liftmaster 971LM Security Plus 1 Button Sears Craftsman Compatible", "imUrl": "http://ecx.images-amazon.com/images/I/31jMkBp12QL.jpg", "price": 21.75, "numReviews": 26, "groups": [82], "averageRating": 4.653846153846154}, {"asin": "B002ZFQSPO", "name": "Allstar BA9931MT", "imUrl": "http://ecx.images-amazon.com/images/I/31f7mGG3O2L._SY300_.jpg", "price": 18.94, "numReviews": 3, "groups": [83], "averageRating": 4.666666666666667, "brand": "Allstar"}, {"asin": "B006VQ8IDI", "name": "12v 10a Single Channel Wireless Remote Control Switch(200m)", "imUrl": "http://ecx.images-amazon.com/images/I/41%2BZ9ftxRgL._SY300_.jpg", "price": 8.99, "numReviews": 11, "groups": [84], "averageRating": 2.909090909090909}, {"asin": "B00AJ2VBVG", "name": "Genie Garage Door Openers 37351R Series II Wall Control 37351R", "imUrl": "http://ecx.images-amazon.com/images/I/51phjDHJWDL._SY300_.jpg", "price": 15.65, "numReviews": 1, "groups": [85], "averageRating": 5.0, "brand": "Genie"}, {"asin": "B000F5KF5U", "name": "LiftMaster 973W three-button remote control", "imUrl": "http://ecx.images-amazon.com/images/I/41eWMX4SgvL._SX300_.jpg", "price": 35.99, "numReviews": 5, "groups": [86], "averageRating": 4.6}, {"asin": "B000JFFEKC", "name": "Genie GIT-2(G2T-2 Updated Model Number) Intellicode Transmitter(1995-Current)", "imUrl": "http://ecx.images-amazon.com/images/I/313tHSBaG5L.jpg", "price": 19.56, "numReviews": 18, "groups": [87], "averageRating": 4.111111111111111}, {"asin": "B00006K012", "name": "Chamberlain CLT1D Clicker Universal Garage Door Opener Remote Control", "imUrl": "http://ecx.images-amazon.com/images/I/31A9AFB666L._SY300_.jpg", "price": 34.34, "numReviews": 75, "groups": [88], "averageRating": 3.2}, {"asin": "B00283OG7U", "name": "Sears Craftsman 139.53628SRT Remote is Equivalent to the 81LM", "imUrl": "http://ecx.images-amazon.com/images/I/41Ol7g0gwGL._SY300_.jpg", "price": 12.0, "numReviews": 1, "groups": [89], "averageRating": 5.0}, {"asin": "B00283TZT4", "name": "Chamberlain Tri-Code Remote Control - Chamberlain Transmitter TC-1 Gate Opener", "imUrl": "http://ecx.images-amazon.com/images/I/21VIW3GfVHL.jpg", "price": 29.99, "numReviews": 18, "groups": [90], "averageRating": 4.0, "brand": "Chamberlain"}, {"asin": "B000CSY1JG", "name": "2 pack Linear 3089 Gate Opener or Garage Door Opener Remotes(See Tech. Details Below)", "imUrl": "http://ecx.images-amazon.com/images/I/41I1-IoaDtL._SY300_.jpg", "price": 21.92, "numReviews": 166, "groups": [91], "averageRating": 4.367469879518072}, {"asin": "B000EOFQB0", "name": "Chamberlain 953D 3-Button 315 MHz Remote Control", "imUrl": "http://ecx.images-amazon.com/images/I/41DD6CpMg7L._SX300_.jpg", "price": 26.63, "numReviews": 70, "groups": [92], "averageRating": 4.514285714285714}, {"asin": "B003LTK5SO", "name": "LINEAR Garage Door Openers HAE00040 Control Board LSO, LDO", "imUrl": "http://ecx.images-amazon.com/images/I/41PYHKek9XL._SX300_.jpg", "price": 67.18, "numReviews": 7, "groups": [93], "averageRating": 4.857142857142857, "brand": "LINEAR"}, {"asin": "B0015GDWKI", "name": "Keychain Remote Garage Door Opener Firefly 300Mhz 2 Button", "imUrl": "http://ecx.images-amazon.com/images/I/319UwX1SrhL.jpg", "price": 18.45, "numReviews": 18, "groups": [94], "averageRating": 3.888888888888889, "brand": "Firefly"}, {"asin": "B00283U4ZS", "name": "Sears Craftsman 139.53640SRT Remote is Equivalent to the 81LM", "imUrl": "http://ecx.images-amazon.com/images/I/21oIZCLCU5L.jpg", "price": 12.41, "numReviews": 4, "groups": [95], "averageRating": 4.0}, {"asin": "B000SRUY9W", "name": "Challenger CH 390 Garage Door Opener Transmitter", "imUrl": "http://ecx.images-amazon.com/images/I/31ccRE6wQAL.jpg", "price": 18.38, "numReviews": 12, "groups": [96], "averageRating": 4.833333333333333, "brand": "Challenger"}, {"asin": "B00BQ842DG", "name": "New 12V 4 Channel Wireless Remote Control Receiver Momentary Switch", "imUrl": "http://ecx.images-amazon.com/images/I/51EQllsypqL._SY300_.jpg", "price": 9.88, "numReviews": 9, "groups": [46], "averageRating": 4.333333333333333}, {"asin": "B000KL0M8Y", "name": "Skylink 100P Visor Mount Remote for Pulsar, Allister, and All Star", "imUrl": "http://ecx.images-amazon.com/images/I/21gcirLkn-L.jpg", "price": 15.0, "numReviews": 1, "groups": [97], "averageRating": 5.0}, {"asin": "B00283RZA0", "name": "Marantec 65893 - 4 Button Mini Transmitter", "imUrl": "http://ecx.images-amazon.com/images/I/21Xg4lidNJL.jpg", "price": 17.95, "numReviews": 4, "groups": [98], "averageRating": 4.5, "brand": "Marantec"}, {"asin": "B00283W0VE", "name": "Digi-Code Double Transmitter Conversion Kit", "imUrl": "http://ecx.images-amazon.com/images/I/31lw4O6Fz%2BL._SY300_.jpg", "price": 45.92, "numReviews": 1, "groups": [99], "averageRating": 1.0}, {"asin": "B0073L9O1A", "name": "Sears Craftsman 139.30499 AssureLink Compatible Garage Door Opener Remote", "imUrl": "http://ecx.images-amazon.com/images/I/41kHpReAR0L._SY300_.jpg", "price": 28.44, "numReviews": 5, "groups": [100], "averageRating": 4.2}, {"asin": "B008VVHA2G", "name": "Genie AT90-1 Compatible Garage Door Mini Key Chain Fob Remote Transmitter", "imUrl": "http://ecx.images-amazon.com/images/I/31FmGOx83EL._SY300_.jpg", "price": 12.15, "numReviews": 2, "groups": [101], "averageRating": 4.5}, {"asin": "B00283W1GI", "name": "Liftmaster 355LM-2 315 Mhz Garage Door Opener Conversion Kit", "imUrl": "http://ecx.images-amazon.com/images/I/41op6RPEQ-L._SX300_.jpg", "price": 74.5, "numReviews": 5, "groups": [102], "averageRating": 4.2}, {"asin": "B002OSVOJ2", "name": "Stanley 105015 Garage Door Remote Control", "imUrl": "http://ecx.images-amazon.com/images/I/51NQMy4MeDL._SY300_.jpg", "price": 12.47, "numReviews": 40, "groups": [103], "averageRating": 4.4, "brand": "Stanley"}, {"asin": "B00A2X4AMY", "name": "LiftMaster - Sears Craftsman 139.53753 Compatible Garage Door Remote Opener", "imUrl": "http://ecx.images-amazon.com/images/I/51nSGd99jtL._SX300_.jpg", "price": 26.63, "numReviews": 24, "groups": [104], "averageRating": 4.416666666666667, "brand": "LiftMaster"}, {"asin": "B00283OFS0", "name": "Sears Craftsman 139.53718 Remote is Equivalent to the 61LM", "imUrl": "http://ecx.images-amazon.com/images/I/41Q0hfv5ObL._SY300_.jpg", "price": 24.6, "numReviews": 10, "groups": [105], "averageRating": 4.6}, {"asin": "B00AQTWLOI", "name": "Universal Gate Garage Opener Remote Control + Transmitter", "imUrl": "http://ecx.images-amazon.com/images/I/41zCrSL1cFL._SY300_.jpg", "price": 11.3, "numReviews": 1, "groups": [106], "averageRating": 1.0}, {"asin": "B00006K013", "name": "Chamberlain CLK1 Clicker Universal Garage Door Opener with Keyless Entry", "imUrl": "http://ecx.images-amazon.com/images/I/214HX73YV6L._SY300_.jpg", "price": 25.0, "numReviews": 33, "groups": [107], "averageRating": 2.515151515151515}, {"asin": "B00279I12Q", "name": "Marantec M3-2312 (315 MHz) 2-button Garage Door Opener Remote", "imUrl": "http://ecx.images-amazon.com/images/I/41wLwQgexML._SY300_.jpg", "price": 14.6, "numReviews": 175, "groups": [108], "averageRating": 4.731428571428571, "brand": "Marantec"}, {"asin": "B002P5TLJY", "name": "Linear Multi-Code Visor Transmitter, 1-Channel", "imUrl": "http://ecx.images-amazon.com/images/I/41Lqe5pT%2BxL._SY300_.jpg", "price": 12.47, "numReviews": 6, "groups": [109], "averageRating": 4.833333333333333, "brand": "Linear", "salesRankCategory": "Camera & Photo", "salesRank": 491}, {"asin": "B00283W5L4", "name": "Sears Craftsman 139.53680 Remote is Equivalent to the 970LM", "imUrl": "http://ecx.images-amazon.com/images/I/31EZTefjpcL.jpg", "price": 17.85, "numReviews": 17, "groups": [110], "averageRating": 3.9411764705882355}, {"asin": "B00AAZ7FTE", "name": "Linear Megacode Single Button Remote Control", "imUrl": "http://ecx.images-amazon.com/images/I/41yUMR8t8ZL._SX300_.jpg", "price": 13.15, "numReviews": 2, "groups": [111], "averageRating": 5.0, "brand": ""}, {"asin": "B00283W2AS", "name": "Liftmaster 81LM 1 Button Sears Craftsman Compatible", "imUrl": "http://ecx.images-amazon.com/images/I/31sfPqd0uIL.jpg", "price": 13.65, "numReviews": 16, "groups": [112], "averageRating": 4.625}, {"asin": "B0013Q0S4S", "name": "Chamberlain KLIK1U Clicker Transmitter Universal Garage Door Remote Control", "imUrl": "http://ecx.images-amazon.com/images/I/51DxBrd-llL._SY300_.jpg", "price": 32.99, "numReviews": 1350, "groups": [113], "averageRating": 4.195555555555556, "brand": "Chamberlain"}, {"asin": "B0043X9LCS", "name": "2- Button Remote for Direct Drive Garage Door Opener", "imUrl": "http://ecx.images-amazon.com/images/I/31b0BP1SjxL._SY300_.jpg", "price": 20.99, "numReviews": 13, "groups": [114], "averageRating": 3.4615384615384617}, {"asin": "B00283W0AK", "name": "Carper 300 Key Chain Garage Door Opener Remote", "imUrl": "http://ecx.images-amazon.com/images/I/31yZiQfxvbL.jpg", "price": 15.75, "numReviews": 6, "groups": [115], "averageRating": 4.333333333333333, "brand": "Carper"}, {"asin": "B0006N5380", "name": "Digi-Code 1 Button Visor Transmitter 300mhz - Multicode Compatible DC5010", "imUrl": "http://ecx.images-amazon.com/images/I/21TH7GVVR9L.jpg", "price": 26.99, "numReviews": 17, "groups": [116], "averageRating": 4.647058823529412}, {"asin": "B000JHGSGE", "name": "Linear ACT-22A Megacode Garage Door Key Chain Transmitter", "imUrl": "http://ecx.images-amazon.com/images/I/21BFSQE4JXL._SY300_.jpg", "price": 21.58, "numReviews": 2, "groups": [117], "averageRating": 3.0, "brand": "Megacode"}, {"asin": "B00283U1RO", "name": "Universal Keyless Entry", "imUrl": "http://ecx.images-amazon.com/images/I/21zOa9uT6kL.jpg", "price": 24.95, "numReviews": 391, "groups": [118], "averageRating": 4.40153452685422}, {"asin": "B0007UZ2QA", "name": "Multicode 1090-3089 - 300MHz 1 Receiver with 1 Remote", "imUrl": "http://ecx.images-amazon.com/images/I/219NFMBN32L.jpg", "price": 31.25, "numReviews": 26, "groups": [119, 120], "averageRating": 4.615384615384615, "brand": "Multicode"}, {"asin": "B00283U13I", "name": "Genie GICTD-3 Three Button Intellicode Garage Door Opener Remote", "imUrl": "http://ecx.images-amazon.com/images/I/41Pkrd%2BqAoL._SY300_.jpg", "price": 19.56, "numReviews": 5, "groups": [121], "averageRating": 4.2}, {"asin": "B0031AWGTE", "name": "Wayne Dalton 303mhz 309884 297134 Garage Door Opener Remote", "imUrl": "http://ecx.images-amazon.com/images/I/41uWmGoxX%2BL._SY300_.jpg", "price": 26.5, "numReviews": 123, "groups": [122], "averageRating": 4.7073170731707314}, {"asin": "B000JKF6WI", "name": "Linear Stanley Compatible Visor Transmitters, 1-Channel", "imUrl": "http://ecx.images-amazon.com/images/I/51NQMy4MeDL._SY300_.jpg", "price": 12.26, "numReviews": 29, "groups": [103], "averageRating": 4.586206896551724, "brand": "Linear"}, {"asin": "B000WR1N4I", "name": "Linear DTC Garage Door Remote Control", "imUrl": "http://ecx.images-amazon.com/images/I/31mhS5-2hzL._SX300_.jpg", "price": 20.82, "numReviews": 1, "groups": [123], "averageRating": 2.0, "brand": "Linear", "salesRankCategory": "Camera & Photo", "salesRank": 12963}, {"asin": "B003NNO714", "name": "Liftmaster 361lm Compatible Stinger 315lmd21v Garage Door Opener Visor Sized Remote", "imUrl": "http://ecx.images-amazon.com/images/I/31Caamk075L._SY300_.jpg", "price": 12.65, "numReviews": 2, "groups": [124], "averageRating": 4.0}, {"asin": "B008A04KW6", "name": "Genie GM3TBX Garage Door Opener, Intellicode Dual Frequency 315/390 MHz Remote 3Button Transmitter", "imUrl": "http://ecx.images-amazon.com/images/I/418OJ4-ywML._SY300_.jpg", "price": 21.97, "numReviews": 91, "groups": [125], "averageRating": 4.329670329670329, "brand": "Genie"}, {"asin": "B00283U51G", "name": "Sears Craftsman 139.53645srt1 Remote Aftermarket Replacement: Stinger 81lm", "imUrl": "http://ecx.images-amazon.com/images/I/21oIZCLCU5L.jpg", "price": 12.41, "numReviews": 2, "groups": [126], "averageRating": 5.0, "brand": "Sears Craftsman"}, {"asin": "B003NJNN2C", "name": "Liftmaster 373W Remote Designer Burled Walnut Color same as 373LM", "imUrl": "http://ecx.images-amazon.com/images/I/313zrXRrswL.jpg", "price": 30.0, "numReviews": 16, "groups": [127], "averageRating": 4.4375}, {"asin": "B000JGK0WI", "name": "LiftMaster 972LM 390MHz Security with two-button remote control", "imUrl": "http://ecx.images-amazon.com/images/I/31l1v80KnYL.jpg", "price": 29.95, "numReviews": 10, "groups": [128], "averageRating": 4.8, "salesRankCategory": "Electronics", "salesRank": 55411}, {"asin": "B000JHKDOM", "name": "LINEAR DT2A 2-CHANNEL VISOR TRANSMITTER [DNT00017A]", "imUrl": "http://ecx.images-amazon.com/images/I/41RWGLV91dL._SX300_.jpg", "price": 18.97, "numReviews": 12, "groups": [45], "averageRating": 4.416666666666667}, {"asin": "B000HQ6BM8", "name": "Liftmaster 976LM/977LM 390Mhz Wireless Keyless Entry Pad", "imUrl": "http://ecx.images-amazon.com/images/I/51owVTsjyTL._SX300_.jpg", "price": 79.99, "numReviews": 359, "groups": [129], "averageRating": 4.621169916434541}, {"asin": "B000Q1A1DE", "name": "LiftMaster Security+ Plug-in Remote Light / Appliance Control - 395LM", "imUrl": "http://ecx.images-amazon.com/images/I/41KnSgmfbAL._SY300_.jpg", "price": 23.9, "numReviews": 4, "groups": [130], "averageRating": 4.75, "salesRankCategory": "Electronics", "salesRank": 65761}, {"asin": "B00DJAK238", "name": "Universal Overhead Door Code Dodger / Genie Intellicode Replacement Remote", "imUrl": "http://ecx.images-amazon.com/images/I/31Sa76Df42L._SY300_.jpg", "price": 19.56, "numReviews": 1, "groups": [131], "averageRating": 1.0}, {"asin": "B000JILOK8", "name": "Linear 3089 1-Channel Visor Transmitter", "imUrl": "http://ecx.images-amazon.com/images/I/41QRHcP4Q3L._SY300_.jpg", "price": 11.03, "numReviews": 477, "groups": [132], "averageRating": 4.40461215932914, "brand": "Linear"}, {"asin": "B00283QEV6", "name": "Sears Craftsman Lift-Master Chamberlain 315 MHz Two-Button Remote Control 372LM", "imUrl": "http://ecx.images-amazon.com/images/I/31CNis67HHL._SY300_.jpg", "price": 39.99, "numReviews": 2, "groups": [133], "averageRating": 4.0}, {"asin": "B00283QE2K", "name": "Sears Craftsman 139.53674SRT1 Remote is Equivalent to the 971LM", "imUrl": "http://ecx.images-amazon.com/images/I/418ybuZ0jbL._SY300_.jpg", "price": 21.75, "numReviews": 1, "groups": [134], "averageRating": 5.0, "brand": "Sears Craftsman"}, {"asin": "B00BHC02LW", "name": "Linear Stanley 308913 1-Channel Visor Transmitter", "imUrl": "http://ecx.images-amazon.com/images/I/318PZ7%2B4iVL._SY300_.jpg", "price": 12.25, "numReviews": 2, "groups": [135], "averageRating": 4.5}, {"asin": "B00D2YDN8M", "name": "Remote WAYNE-DALTON WD-327310", "imUrl": "http://ecx.images-amazon.com/images/I/41E9rsRdzSL._SY300_.jpg", "price": 34.37, "numReviews": 3, "groups": [136], "averageRating": 5.0}, {"asin": "B001AYKGRM", "name": "Skylink G6K Keypad Transmitter", "imUrl": "http://ecx.images-amazon.com/images/I/41PdIdb-xAL._SY300_.jpg", "price": 17.99, "numReviews": 9, "groups": [137], "averageRating": 4.777777777777778, "brand": "Skylink"}, {"asin": "B004HN7R9I", "name": "Linear MCT-11 1-Channel Visor Transmitter", "imUrl": "http://ecx.images-amazon.com/images/I/41aYh34OTiL._SY300_.jpg", "price": 12.98, "numReviews": 55, "groups": [138], "averageRating": 4.6909090909090905, "brand": "Linear"}, {"asin": "B0084XLPCM", "name": "Stinger 390 GENIE 12 Dip Switch Only Compatible Get Better Range & You Pay Less!", "imUrl": "http://ecx.images-amazon.com/images/I/21Iq6NB-pvL.jpg", "price": 12.15, "numReviews": 6, "groups": [139], "averageRating": 3.5, "brand": "Stinger"}, {"asin": "B00283W45Q", "name": "Linear DTC - 310MHz Remote 1 Button", "imUrl": "http://ecx.images-amazon.com/images/I/31i%2BkgAqPZL.jpg", "price": 11.5, "numReviews": 94, "groups": [74], "averageRating": 4.723404255319149, "brand": "Linear"}, {"asin": "B0030KE84G", "name": "3 Pack - GTO Rb741 Remote Control / GTO PRO Remote Control", "imUrl": "http://ecx.images-amazon.com/images/I/51oQMI8PKjL._SX300_.jpg", "price": 62.0, "numReviews": 33, "groups": [140], "averageRating": 4.484848484848484}, {"asin": "B006J9GVOA", "name": "Linear Multicode 3060 / 3070 Compatible Keychain Remote NSRD-300MDX1", "imUrl": "http://ecx.images-amazon.com/images/I/11NhOoR4lIL.jpg", "price": 11.0, "numReviews": 3, "groups": [141], "averageRating": 5.0}, {"asin": "B000F6AOW8", "name": "Linear MegaCode Visor Transmitter, Rounded, 3-Channel", "imUrl": "http://ecx.images-amazon.com/images/I/41MSPIq-okL._SY300_.jpg", "price": 12.89, "numReviews": 139, "groups": [138], "averageRating": 4.100719424460432}, {"asin": "B001D5BDJ8", "name": "Genie Garage Door Opener 1-Button 9 Or 12-Dip Switch Compatible Remote - Model GT-912", "imUrl": "http://ecx.images-amazon.com/images/I/41gBeHudv5L._SY300_.jpg", "price": 98.0, "numReviews": 61, "groups": [142], "averageRating": 4.377049180327869}, {"asin": "B003IG7TQ6", "name": "Genie GIT-1 Compatible Garage Door Opener Visor Remote", "imUrl": "http://ecx.images-amazon.com/images/I/21Ra6ep3e4L.jpg", "price": 17.15, "numReviews": 33, "groups": [143], "averageRating": 4.303030303030303, "brand": "Genie"}, {"asin": "B00283W3R0", "name": "LiftMaster 995LM - Remote light/appliance control", "imUrl": "http://ecx.images-amazon.com/images/I/21ZKeQy9FWL.jpg", "price": 2.29, "numReviews": 6, "groups": [144], "averageRating": 3.8333333333333335, "brand": "LiftMaster"}, {"asin": "B00283W6FO", "name": "Skylink 66 Gate or Garage Door Transmitter Model", "imUrl": "http://ecx.images-amazon.com/images/I/21MSVRAC2ZL.jpg", "price": 13.71, "numReviews": 4, "groups": [145], "averageRating": 4.25}, {"asin": "B001AYJ9D4", "name": "Skylink G6V Visor Clip Remote", "imUrl": "http://ecx.images-amazon.com/images/I/31oR3VtcknL._SY300_.jpg", "price": 15.49, "numReviews": 10, "groups": [56], "averageRating": 3.9, "brand": "Skylink"}, {"asin": "B00A2FTV7G", "name": "Universal Car Alarm Gate Garage Door cloning Learning Key-chain Remote Opener New", "imUrl": "http://ecx.images-amazon.com/images/I/31byfjHfesL.jpg", "price": 16.95, "numReviews": 4, "groups": [146], "averageRating": 2.5}, {"asin": "B0002AU2HO", "name": "Liftmaster 82LM Garage Door Remote Transmitter(See Tech. Details Below)", "imUrl": "http://ecx.images-amazon.com/images/I/41V9P11J2TL._SX300_.jpg", "price": 17.15, "numReviews": 3, "groups": [147], "averageRating": 4.333333333333333}, {"asin": "B00283QA4M", "name": "Digi-Code 1 Button Key Chain Transmitter 300mhz - Multicode Compatible", "imUrl": "http://ecx.images-amazon.com/images/I/21CA89aoNfL.jpg", "price": 11.75, "numReviews": 3, "groups": [148], "averageRating": 5.0}, {"asin": "B009IWC8W4", "name": "Overhead Door Three Button Remote Opener with CodeDodger 1 and Code Dodger 2 Technology Garage Door Opener Clicker Remote Control Wireless Car Auto Opener", "imUrl": "http://ecx.images-amazon.com/images/I/21mSJVx7caL.jpg", "price": 19.56, "numReviews": 34, "groups": [149], "averageRating": 4.617647058823529}, {"asin": "B00283QD7G", "name": "MultiLink SD - 300M - Multicode Compatible Mini Keychain Garage Door Opener Remote", "imUrl": "http://ecx.images-amazon.com/images/I/21p9xY0Wr5L.jpg", "price": 14.05, "numReviews": 1, "groups": [150], "averageRating": 4.0}, {"asin": "B00023NET4", "name": "Stanley 1082 Garage Door Remote Transmitter", "imUrl": "http://ecx.images-amazon.com/images/I/115T3MXS0NL.jpg", "price": 11.75, "numReviews": 26, "groups": [151], "averageRating": 4.538461538461538, "brand": "Stanley"}, {"asin": "B003F3CZCU", "name": "Liftmaster 977lm Keyless Entry", "imUrl": "http://ecx.images-amazon.com/images/I/418UT%2B1iuGL._SY300_.jpg", "price": 87.94, "numReviews": 18, "groups": [152], "averageRating": 4.666666666666667}, {"asin": "B00AWJPRX4", "name": "Craftsman Garage Door Opener 30499 3-Function Compact Remote Control", "imUrl": "http://ecx.images-amazon.com/images/I/41SW6BDR9FL._SY300_.jpg", "price": 42.5, "numReviews": 2, "groups": [153], "averageRating": 4.0, "brand": "Craftsman"}, {"asin": "B000HZFWQK", "name": "LiftMaster CPTK1 Passport One button transmitter", "imUrl": "http://ecx.images-amazon.com/images/I/11KoyoMXONL.jpg", "price": 28.99, "numReviews": 2, "groups": [154], "averageRating": 1.5}, {"asin": "B000JJHGYK", "name": "MultiLink GE-390 - Mini Key chain Garage Door Remote Transmitter", "imUrl": "http://ecx.images-amazon.com/images/I/21ibuvq5ejL._SY300_.jpg", "price": 28.95, "numReviews": 5, "groups": [155], "averageRating": 3.6}, {"asin": "B000PS9XJ6", "name": "Genie 912 9/12 Dip Switch Remote Control", "imUrl": "http://ecx.images-amazon.com/images/I/319bHoaZGzL._SY300_.jpg", "price": 22.14, "numReviews": 41, "groups": [156], "averageRating": 4.878048780487805}, {"asin": "B0032ZF0EG", "name": "Allstar 9931T-318 Garage Door Clicker", "imUrl": "http://ecx.images-amazon.com/images/I/314Yrpu1maL._SY300_.jpg", "price": 13.39, "numReviews": 35, "groups": [157], "averageRating": 4.714285714285714, "brand": "Allstar"}, {"asin": "B00023OY4S", "name": "Skylink 318R Wireless Receiver", "imUrl": "http://ecx.images-amazon.com/images/I/31O%2BUS1Z4PL._SY300_.jpg", "price": 15.47, "numReviews": 8, "groups": [158], "averageRating": 4.625, "brand": "Skylink"}, {"asin": "B00283U1KQ", "name": "Liftmaster 971LM 390MHz Security Plus 1 Button Sears Craftsman Compatible", "imUrl": "http://ecx.images-amazon.com/images/I/31jMkBp12QL.jpg", "price": 14.95, "numReviews": 175, "groups": [159], "averageRating": 4.337142857142857}, {"asin": "B00AB13UI2", "name": "Chamberlain 953D / 953CD Compatible Remote Garage Door Opener", "imUrl": "http://ecx.images-amazon.com/images/I/41NwOknzA8L._SX300_.jpg", "price": 26.63, "numReviews": 7, "groups": [160], "averageRating": 4.714285714285714}, {"asin": "B00286IVTQ", "name": "Remote HEDDOLF 0220-390", "imUrl": "http://ecx.images-amazon.com/images/I/51wqQUya0XL.gif", "price": 18.99, "numReviews": 1, "groups": [161], "averageRating": 5.0}, {"asin": "B00AZD4UIU", "name": "LiftMaster CPTK3 Security+ 390 MHz Key Chain Remote 970LM Compatible", "imUrl": "http://ecx.images-amazon.com/images/I/11tp%2BFxG0vL.jpg", "price": 16.0, "numReviews": 2, "groups": [162], "averageRating": 3.5}, {"asin": "B0002YP964", "name": "Mighty Mule Single Button Gate Opener Remote (FM135)", "imUrl": "http://ecx.images-amazon.com/images/I/41kxvDBn6gL._SY300_.jpg", "price": 22.5, "numReviews": 104, "groups": [140], "averageRating": 4.471153846153846, "brand": "Mighty Mule"}, {"asin": "B002P5LSEU", "name": "Wayne Dalton 327314 Wireless Wall Control 372MHz, Model 3977", "imUrl": "http://ecx.images-amazon.com/images/I/41dZwJ%2BD08L._SY300_.jpg", "price": 71.68, "numReviews": 3, "groups": [163], "averageRating": 2.3333333333333335}, {"asin": "B000VF07Q6", "name": "Genie Intellicode Mini Keychain Remote GIT390-4(See Tech. Details Below)", "imUrl": "http://ecx.images-amazon.com/images/I/41CeimzUD7L._SY300_.jpg", "price": 17.79, "numReviews": 7, "groups": [164], "averageRating": 5.0}, {"asin": "B00283OFNK", "name": "Sears Craftsman 139.53110 Remote is Equivalent to the 61LM", "imUrl": "http://ecx.images-amazon.com/images/I/41Q0hfv5ObL._SY300_.jpg", "price": 24.6, "numReviews": 1, "groups": [165], "averageRating": 5.0, "brand": "Sears Craftsman"}, {"asin": "B00AB12J20", "name": "Chamberlain 953D / 953CD Compatible Remote Garage Door Opener", "imUrl": "http://ecx.images-amazon.com/images/I/31QZiWJiAWL._SX300_.jpg", "price": 21.75, "numReviews": 10, "groups": [160], "averageRating": 4.9}, {"asin": "B00283XY9G", "name": "Sears Craftsman 139.53605 Remote is Equivalent to the 61LM", "imUrl": "http://ecx.images-amazon.com/images/I/41Q0hfv5ObL._SY300_.jpg", "price": 24.6, "numReviews": 1, "groups": [166], "averageRating": 5.0}, {"asin": "B000F5NQLU", "name": "Liftmaster 374 LM Garage Door Remote Transmitter", "imUrl": "http://ecx.images-amazon.com/images/I/21WH53007JL.jpg", "price": 41.99, "numReviews": 1, "groups": [167], "averageRating": 1.0}, {"asin": "B00AB0WNF4", "name": "LiftMaster 96LM Compatible Visor Remote Garage Door Opener", "imUrl": "http://ecx.images-amazon.com/images/I/519hL-c1C9L._SX300_.jpg", "price": 35.99, "numReviews": 6, "groups": [168], "averageRating": 4.166666666666667}, {"asin": "B000CZ2FWO", "name": "Digi-Code 5040 Keychain Garage Door Opener Transmitter", "imUrl": "http://ecx.images-amazon.com/images/I/218dYfOsEVL._SY300_.jpg", "price": 24.67, "numReviews": 7, "groups": [148], "averageRating": 4.857142857142857, "brand": "Digi-Code"}, {"asin": "B00134294W", "name": "Mighty Mule Ranch Gate Solar Package, Model# FM350-SOL", "imUrl": "http://ecx.images-amazon.com/images/I/41LS%2B9%2BjapL._SY300_.jpg", "price": 449.0, "numReviews": 1, "groups": [169], "averageRating": 1.0}, {"asin": "B00283RWBC", "name": "Digi-Code 1 Button Visor Transmitter 300mhz - Multicode Compatible", "imUrl": "http://ecx.images-amazon.com/images/I/21%2BTWwqOHkL.jpg", "price": 24.67, "numReviews": 11, "groups": [116], "averageRating": 4.818181818181818}, {"asin": "B00443ITWU", "name": "4- Button Remote for Direct Drive Garage Door Opener", "imUrl": "http://ecx.images-amazon.com/images/I/418SmVReoKL._SY300_.jpg", "price": 32.91, "numReviews": 3, "groups": [170], "averageRating": 3.3333333333333335, "brand": "Direct Drive"}, {"asin": "B000F5NR3C", "name": "Digi-Code 2 Button Key Chain Transmitter 300mhz - Multicode Compatible", "imUrl": "http://ecx.images-amazon.com/images/I/31rMVcC-igL._SY300_.jpg", "price": 22.18, "numReviews": 1, "groups": [171], "averageRating": 3.0}, {"asin": "B002ZTW3H2", "name": "Stinger Liftmaster 82LM Compatible Remote", "imUrl": "http://ecx.images-amazon.com/images/I/11cTJWBeTRL.jpg", "price": 17.15, "numReviews": 11, "groups": [172], "averageRating": 4.7272727272727275, "brand": "Stinger"}, {"asin": "B000JCX9MA", "name": "Digi-Code 2 Button Keychain Transmitter 300mhz - Multicode Compatible DC5070", "imUrl": "http://ecx.images-amazon.com/images/I/31JPVzkZsVL._SY300_.jpg", "price": 17.5, "numReviews": 1, "groups": [173], "averageRating": 1.0}, {"asin": "B000JKF6VE", "name": "Stanley SecureCode Garage Door Opener Mini Remote Transmitter", "imUrl": "http://ecx.images-amazon.com/images/I/31V9NFD0OHL.jpg", "price": 21.39, "numReviews": 5, "groups": [174], "averageRating": 2.8, "brand": "Stanley"}, {"asin": "B003LTPHDC", "name": "Allstar 111068 MVP Garage Door Opener Motor Control Board", "imUrl": "http://ecx.images-amazon.com/images/I/51wFTlZcs1L._SX300_.jpg", "price": 75.24, "numReviews": 2, "groups": [175], "averageRating": 4.0, "brand": "Allstar"}, {"asin": "B006VPIJEM", "name": "12v 10a Single Channel Wireless Remote Control Switch(1000m)", "imUrl": "http://ecx.images-amazon.com/images/I/31Jjcb6pQsL._SY300_.jpg", "price": 15.99, "numReviews": 17, "groups": [176], "averageRating": 3.176470588235294}, {"asin": "B00023RR0Q", "name": "Linear DT 1-Channel Visor Remote", "imUrl": "http://ecx.images-amazon.com/images/I/41%2BnpQyEmGL._SY300_.jpg", "price": 12.48, "numReviews": 15, "groups": [177], "averageRating": 4.466666666666667, "brand": "Linear"}, {"asin": "B003I8KSO4", "name": "Stanley 1050 310MHz Compatible Garage Door Remote", "imUrl": "http://ecx.images-amazon.com/images/I/21QU-b9DsxL.jpg", "price": 12.14, "numReviews": 20, "groups": [178], "averageRating": 4.35, "brand": "Stanley"}, {"asin": "B00008X5D4", "name": "Skylink Universal Garage Door Opener Keypad Entry Transmitter", "imUrl": "http://ecx.images-amazon.com/images/I/41s05EJghRL._SY300_.jpg", "price": 29.99, "numReviews": 24, "groups": [179], "averageRating": 3.2916666666666665}, {"asin": "B00283OFSA", "name": "Sears Craftsman 139.53413 Remote is Equivalent to the 61LM", "imUrl": "http://ecx.images-amazon.com/images/I/41Q0hfv5ObL._SY300_.jpg", "price": 24.6, "numReviews": 7, "groups": [180], "averageRating": 4.857142857142857, "brand": "Sears Craftsman"}, {"asin": "B006W1TK7A", "name": "New Black Rf 315mhz Wireless Electric Garage Gate Door Remote", "imUrl": "http://ecx.images-amazon.com/images/I/41OdJXu5AjL._SY300_.jpg", "price": 7.22, "numReviews": 6, "groups": [181], "averageRating": 1.8333333333333333}, {"asin": "B007F5HTPC", "name": "Skylink MK-318-1 1-Button Keychain Remote", "imUrl": "http://ecx.images-amazon.com/images/I/41xKusfAM1L._SY300_.jpg", "price": 16.19, "numReviews": 1, "groups": [182], "averageRating": 4.0, "brand": "Skylink"}, {"asin": "B000HZFWR4", "name": "TC1(TC-1) TriCode One-Channel Remote Control", "imUrl": "http://ecx.images-amazon.com/images/I/21paBufzFZL.jpg", "price": 28.95, "numReviews": 8, "groups": [183], "averageRating": 4.875}, {"asin": "B00EE2YY52", "name": "DROK Self-Lock Wireless Relay Garage Door Remote Control 12V DC 1 Channel Switching Board", "imUrl": "http://ecx.images-amazon.com/images/I/51DllodPUBL._SY300_.jpg", "price": 15.48, "numReviews": 2, "groups": [184], "averageRating": 4.5}, {"asin": "B000HQ6BKU", "name": "LiftMaster 66LM Wireless Keyless Entry", "imUrl": "http://ecx.images-amazon.com/images/I/31N0CD4C14L.jpg", "price": 87.95, "numReviews": 13, "groups": [185], "averageRating": 4.846153846153846, "brand": "LiftMaster"}, {"asin": "B001GJWDMM", "name": "Chamberlain 970LM 390MHz Mini Remote(See Tech. Details Below)", "imUrl": "http://ecx.images-amazon.com/images/I/31EZTefjpcL.jpg", "price": 28.34, "numReviews": 141, "groups": [186], "averageRating": 4.609929078014185}, {"asin": "B00283OE4A", "name": "Linear Multicode 1090-3089 - 300MHz 1 Receiver with 1 Remote", "imUrl": "http://ecx.images-amazon.com/images/I/21Zn2MRPEnL.jpg", "price": 28.0, "numReviews": 9, "groups": [119], "averageRating": 4.666666666666667}, {"asin": "B002OSTTK8", "name": "Garage Door Clicker Stanley 1082", "imUrl": "http://ecx.images-amazon.com/images/I/21xyqRud9hL.jpg", "price": 15.17, "numReviews": 1, "groups": [187], "averageRating": 5.0, "brand": "Stanley"}, {"asin": "B0002YX7MM", "name": "Chamberlain CLDM1 Clicker Garage Door Monitor", "imUrl": "http://ecx.images-amazon.com/images/I/311HTTJQF1L._SX300_.jpg", "price": 12.99, "numReviews": 438, "groups": [188], "averageRating": 3.8493150684931505, "brand": "Chamberlain"}, {"asin": "B000RYV05I", "name": "Genie MAT90-BL Mini Remote Controller", "imUrl": "http://ecx.images-amazon.com/images/I/41VZ-qkfyZL._SY300_.jpg", "price": 13.36, "numReviews": 13, "groups": [189], "averageRating": 4.153846153846154}, {"asin": "B001BJ3LFK", "name": "Eagle EG140 1-button transmitter (Multi-code 3089)", "imUrl": "http://ecx.images-amazon.com/images/I/41GIURra1DL.gif", "price": 12.93, "numReviews": 1, "groups": [190], "averageRating": 4.0}, {"asin": "B0036ZJCLE", "name": "Stanley Securecode 3 Button Visor Transmitter", "imUrl": "http://ecx.images-amazon.com/images/I/51ohLhHiyqL._SY300_.jpg", "price": 17.95, "numReviews": 18, "groups": [191], "averageRating": 4.722222222222222, "brand": "Stanley"}, {"asin": "B003I3O81S", "name": "GPT-1(GPT90-1) Compatible Stinger 390GED21V Garage Door Opener Visor Sized Remote", "imUrl": "http://ecx.images-amazon.com/images/I/31tfGTqSBlL._SY300_.jpg", "price": 12.15, "numReviews": 90, "groups": [192], "averageRating": 4.133333333333334}, {"asin": "B000EN47PW", "name": "Skylink SW-18 Wireless Outlet Control Switch with Rolling Code Technology", "imUrl": "http://ecx.images-amazon.com/images/I/411qrGscTML._SY300_.jpg", "price": 40.34, "numReviews": 1, "groups": [193], "averageRating": 1.0}, {"asin": "B003LDZFT4", "name": "Chamberlain Liftmaster 61lm/stinger 390lmd21v", "imUrl": "http://ecx.images-amazon.com/images/I/31xjGQbKVmL._SY300_.jpg", "price": 12.14, "numReviews": 3, "groups": [194], "averageRating": 4.333333333333333, "brand": "Chamberlain"}, {"asin": "B0013OBU8S", "name": "Domino Engineering Garage keyless entry system DNSC-GD1 DNSC-GD1", "imUrl": "http://ecx.images-amazon.com/images/I/51M92qudiLL._SX300_.jpg", "price": 28.89, "numReviews": 61, "groups": [67], "averageRating": 4.557377049180328, "brand": "Domino Engineering"}, {"asin": "B000JGI9LC", "name": "Chamberlain Liftmaster Wireless Keyless 66LM", "imUrl": "http://ecx.images-amazon.com/images/I/31N0CD4C14L.jpg", "price": 38.06, "numReviews": 13, "groups": [195], "averageRating": 5.0}, {"asin": "B001REG43U", "name": "Craftsman Wireless Garage Door Monitor - 53696", "imUrl": "http://ecx.images-amazon.com/images/I/51D8BUYZRxL._SY300_.jpg", "price": 21.68, "numReviews": 8, "groups": [196], "averageRating": 3.625}, {"asin": "B00283OEPO", "name": "Stanley 24286 - Mini 2 Button Garage Door Opener", "imUrl": "http://ecx.images-amazon.com/images/I/21YH3B1CJ1L.jpg", "price": 23.18, "numReviews": 1, "groups": [197], "averageRating": 1.0}, {"asin": "B0095FUCX6", "name": "Skylink 89 Universal Garage Door Keypad", "imUrl": "http://ecx.images-amazon.com/images/I/31f%2BeEHgW0L._SY300_.jpg", "price": 15.81, "numReviews": 50, "groups": [198], "averageRating": 3.06, "brand": "Skylink"}, {"asin": "B00H7W5T3C", "name": "Voberry 433MHz Gate Garage Door Remote Control Keychain Remote Door Opener Remote Control", "imUrl": "http://ecx.images-amazon.com/images/I/51MGHeBLW4L._SY300_.jpg", "price": 3.1, "numReviews": 4, "groups": [199], "averageRating": 2.75}, {"asin": "B00B9JUPXI", "name": "LINEAR Megacode Garage Door OpenersMCT-2 Two Button Remote Control", "imUrl": "http://ecx.images-amazon.com/images/I/11lsUnNXeqL.jpg", "price": 23.55, "numReviews": 1, "groups": [200], "averageRating": 5.0, "brand": "LINEAR"}, {"asin": "B00GQS86EW", "name": "Universal Car Alarm Gate Garage Door Learning cloning Key-chain Remote Opener New", "imUrl": "http://ecx.images-amazon.com/images/I/31i9TL6gGoL.jpg", "price": 16.95, "numReviews": 1, "groups": [201], "averageRating": 1.0}, {"asin": "B00283W5LO", "name": "Sears Craftsman 139.53681 Remote is Equivalent to the 973LM", "imUrl": "http://ecx.images-amazon.com/images/I/41KMxheqzFL._SX300_.jpg", "price": 60.0, "numReviews": 162, "groups": [202], "averageRating": 4.364197530864198, "brand": "Sears Craftsman"}, {"asin": "B004I03J1U", "name": "Heddolf M330-1KA Multi-Code Compatible Wireless Gate and Garage Door Opener Keypad", "imUrl": "http://ecx.images-amazon.com/images/I/31M2un-k2sL._SY300_.jpg", "price": 54.9, "numReviews": 2, "groups": [203], "averageRating": 4.0, "brand": "Heddolf"}, {"asin": "B0073L9ODS", "name": "Sears Craftsman 139.3050 AssureLink Compatible Garage Door Opener Keypad", "imUrl": "http://ecx.images-amazon.com/images/I/413GF7ef1TL._SY300_.jpg", "price": 39.75, "numReviews": 71, "groups": [204], "averageRating": 4.183098591549296, "brand": "Sears"}, {"asin": "B00A2X2TW2", "name": "Sears Craftsman 139.30499 Compatible Mini Garage Door Remote Opener", "imUrl": "http://ecx.images-amazon.com/images/I/31-7x2DBo2L._SY300_.jpg", "price": 28.43, "numReviews": 6, "groups": [153], "averageRating": 4.833333333333333}, {"asin": "B0002387TQ", "name": "Multi-Code 3083 Remote Garage Door Mini Transmitter", "imUrl": "http://ecx.images-amazon.com/images/I/21YARV1SJGL.jpg", "price": 18.79, "numReviews": 6, "groups": [205], "averageRating": 3.8333333333333335}, {"asin": "B00286K95U", "name": "Firefly 390 Genie GPT90-1 GT912 MAT-90 keychain compatible with better range & you pay less!", "imUrl": "http://ecx.images-amazon.com/images/I/417FgDjZBLL._SY300_.jpg", "price": 12.1, "numReviews": 72, "groups": [206], "averageRating": 3.9583333333333335, "brand": "Firefly"}, {"asin": "B0084LPGZG", "name": "Firefly 390 81LM Liftmaster keychain compatible with better range & you pay less!", "imUrl": "http://ecx.images-amazon.com/images/I/11AkfnEMlrL.jpg", "price": 12.41, "numReviews": 57, "groups": [207], "averageRating": 3.9649122807017543, "brand": "Firefly"}, {"asin": "B0027UUSFS", "name": "Raynor 373RGD 3-button Remote Control", "imUrl": "http://ecx.images-amazon.com/images/I/51ztTf6-vZL._SX300_.jpg", "price": 26.63, "numReviews": 10, "groups": [208], "averageRating": 4.9}, {"asin": "B000628QSA", "name": "Genie GIT-1BL One-Button Remote Control with Intellicode", "imUrl": "http://ecx.images-amazon.com/images/I/41DIelnLQaL._SY300_.jpg", "price": 95.0, "numReviews": 155, "groups": [209], "averageRating": 4.341935483870968}, {"asin": "B00283U4EE", "name": "Sears Craftsman 139.53100 Remote is Equivalent to the 61LM", "imUrl": "http://ecx.images-amazon.com/images/I/41Q0hfv5ObL._SY300_.jpg", "price": 24.6, "numReviews": 2, "groups": [210], "averageRating": 5.0, "brand": "Sears Craftsman"}, {"asin": "B002879YQO", "name": "MultiLink GE-390M - Mini Key chain Garage Door Remote Transmitter", "imUrl": "http://ecx.images-amazon.com/images/I/11LFju5hkhL.jpg", "price": 14.33, "numReviews": 24, "groups": [211], "averageRating": 3.5416666666666665}, {"asin": "B003CMUXV4", "name": "Stinger 81LM 390LMPB1V One Button Visor Remote", "imUrl": "http://ecx.images-amazon.com/images/I/21oIZCLCU5L.jpg", "price": 12.41, "numReviews": 143, "groups": [212], "averageRating": 4.356643356643357, "brand": "Stinger"}, {"asin": "B00076WODS", "name": "Multicode 1090 Receiver with 2-3089 Remote 300MHz", "imUrl": "http://ecx.images-amazon.com/images/I/21VZBRGTC3L.jpg", "price": 39.83, "numReviews": 27, "groups": [120], "averageRating": 4.444444444444445, "brand": "Multicode"}, {"asin": "B003F7K7VC", "name": "Compatible Firefly II 300mhz- 10 dip keychain", "imUrl": "http://ecx.images-amazon.com/images/I/31yBGoU0xLL.jpg", "price": 12.9, "numReviews": 3, "groups": [213], "averageRating": 4.0}, {"asin": "B0067CV41E", "name": "TOP 432-EV CAME GATE OPENNER - REMOTE CONTROL TRANSMITTER Replacement for TOP 432NA (TOP432NA)", "imUrl": "http://ecx.images-amazon.com/images/I/410av6XIokL._SX300_.jpg", "price": 11.0, "numReviews": 5, "groups": [214], "averageRating": 3.8}, {"asin": "B0015D3UD0", "name": "Liftmaster 375LM Remote Clicker Universal Remote", "imUrl": "http://ecx.images-amazon.com/images/I/310Eqmc1DdL.jpg", "price": 34.34, "numReviews": 501, "groups": [113], "averageRating": 4.367265469061876}, {"asin": "B002Z95YZU", "name": "Linear Mini-T (Ladybug) Compatible Mini Keychain Opener", "imUrl": "http://ecx.images-amazon.com/images/I/31Vrw9dLOtL._SY300_.jpg", "price": 12.6, "numReviews": 54, "groups": [215], "averageRating": 4.351851851851852, "salesRankCategory": "Health & Personal Care", "salesRank": 15019}, {"asin": "B0035GLY1A", "name": "Allstar 318MHZ Classic Transmitter", "imUrl": "http://ecx.images-amazon.com/images/I/41mSJyod0NL._SX300_.jpg", "price": 14.0, "numReviews": 7, "groups": [77], "averageRating": 5.0, "salesRankCategory": "Camera & Photo", "salesRank": 2206}, {"asin": "B004OAMKO6", "name": "Genie GITR-3 Three Button Garage Door Opener Remote", "imUrl": "http://ecx.images-amazon.com/images/I/41IIBtr0-qL._SX300_.jpg", "price": 20.57, "numReviews": 5, "groups": [216], "averageRating": 5.0}, {"asin": "B005HK99DW", "name": "Liftmaster 891LM 1-Button Garage Door Opener Remote Control", "imUrl": "http://ecx.images-amazon.com/images/I/419WC2FjkML._SY300_.jpg", "price": 20.38, "numReviews": 5, "groups": [217], "averageRating": 5.0}, {"asin": "B00HTFYBCC", "name": "Marantec M3-2312 (315 Mhz) 2-button Garage Door Opener Remote", "imUrl": "http://ecx.images-amazon.com/images/I/31fH1onVCeL._SX300_.jpg", "price": 14.6, "numReviews": 2, "groups": [218], "averageRating": 5.0, "brand": ""}, {"asin": "B002P5OH0M", "name": "Skylink 68 / 69N Gate Operator or Garage Door Opener Universal Keychain Remote", "imUrl": "http://ecx.images-amazon.com/images/I/31dw5ulXOOL.jpg", "price": 25.0, "numReviews": 24, "groups": [219], "averageRating": 4.0}, {"asin": "B000628R0W", "name": "Genie Three-Button Mini Remote with Intellicode #GMI-3BL", "imUrl": "http://ecx.images-amazon.com/images/I/31DmoEn1x9L._SY300_.jpg", "price": 20.05, "numReviews": 2, "groups": [220], "averageRating": 2.5}, {"asin": "B00283XYTQ", "name": "Skylink MultiLink SD-310M Mini Keychain Remote 310MHz", "imUrl": "http://ecx.images-amazon.com/images/I/51WiBYarYdL.gif", "price": 13.85, "numReviews": 1, "groups": [221], "averageRating": 5.0}, {"asin": "B008VVBHWU", "name": "139.53859 139.53879 Sears Craftsman Compatible Mini Key Chain Fob Remote Control Transmitter", "imUrl": "http://ecx.images-amazon.com/images/I/31nOa4J3NrL._SY300_.jpg", "price": 12.65, "numReviews": 9, "groups": [222], "averageRating": 3.5555555555555554}, {"asin": "B00AG40MMG", "name": "Remote MULTICODE MCS308911", "imUrl": "http://ecx.images-amazon.com/images/I/11c25UHC0ZL._SX300_.jpg", "price": 19.0, "numReviews": 2, "groups": [223], "averageRating": 5.0}, {"asin": "B00283S0R2", "name": "Sears Craftsman 139.53415SR Remote is Equivalent to the 61LM", "imUrl": "http://ecx.images-amazon.com/images/I/41Q0hfv5ObL._SY300_.jpg", "price": 24.6, "numReviews": 1, "groups": [224], "averageRating": 5.0}, {"asin": "B00AB16KHA", "name": "LiftMaster - Sears Craftsman 139.53680 139.53752 Compatible Mini Garage Door Opener", "imUrl": "http://ecx.images-amazon.com/images/I/31-7x2DBo2L._SY300_.jpg", "price": 28.0, "numReviews": 38, "groups": [225], "averageRating": 4.078947368421052, "brand": "LiftMaster"}], "links": [{"source": 0, "target": 40, "right": true, "left": true, "value": 1}, {"source": 0, "target": 137, "right": true, "left": false, "value": 1}, {"source": 0, "target": 230, "right": false, "left": true, "value": 1}, {"source": 1, "target": 21, "right": true, "left": false, "value": 1}, {"source": 1, "target": 54, "right": false, "left": true, "value": 1}, {"source": 1, "target": 167, "right": true, "left": false, "value": 1}, {"source": 2, "target": 137, "right": true, "left": false, "value": 1}, {"source": 3, "target": 179, "right": true, "left": false, "value": 1}, {"source": 3, "target": 156, "right": true, "left": false, "value": 1}, {"source": 3, "target": 181, "right": true, "left": false, "value": 1}, {"source": 4, "target": 68, "right": false, "left": true, "value": 1}, {"source": 4, "target": 166, "right": false, "left": true, "value": 1}, {"source": 4, "target": 23, "right": true, "left": false, "value": 1}, {"source": 5, "target": 60, "right": true, "left": false, "value": 1}, {"source": 6, "target": 171, "right": true, "left": false, "value": 1}, {"source": 7, "target": 80, "right": true, "left": false, "value": 1}, {"source": 7, "target": 137, "right": true, "left": false, "value": 1}, {"source": 7, "target": 117, "right": true, "left": false, "value": 1}, {"source": 7, "target": 165, "right": true, "left": false, "value": 1}, {"source": 8, "target": 240, "right": true, "left": false, "value": 1}, {"source": 8, "target": 227, "right": true, "left": false, "value": 1}, {"source": 9, "target": 49, "right": true, "left": false, "value": 1}, {"source": 9, "target": 129, "right": true, "left": false, "value": 1}, {"source": 9, "target": 221, "right": true, "left": false, "value": 1}, {"source": 10, "target": 225, "right": false, "left": true, "value": 1}, {"source": 10, "target": 75, "right": false, "left": true, "value": 1}, {"source": 10, "target": 109, "right": false, "left": true, "value": 1}, {"source": 10, "target": 14, "right": false, "left": true, "value": 1}, {"source": 10, "target": 207, "right": false, "left": true, "value": 1}, {"source": 10, "target": 242, "right": false, "left": true, "value": 1}, {"source": 11, "target": 12, "right": true, "left": false, "value": 1}, {"source": 12, "target": 44, "right": true, "left": true, "value": 1}, {"source": 12, "target": 117, "right": true, "left": false, "value": 1}, {"source": 13, "target": 208, "right": true, "left": false, "value": 1}, {"source": 13, "target": 122, "right": true, "left": false, "value": 1}, {"source": 14, "target": 82, "right": true, "left": false, "value": 1}, {"source": 15, "target": 122, "right": true, "left": false, "value": 1}, {"source": 16, "target": 227, "right": true, "left": false, "value": 1}, {"source": 17, "target": 60, "right": true, "left": false, "value": 1}, {"source": 17, "target": 117, "right": true, "left": false, "value": 1}, {"source": 18, "target": 117, "right": true, "left": false, "value": 1}, {"source": 19, "target": 60, "right": true, "left": false, "value": 1}, {"source": 20, "target": 122, "right": true, "left": false, "value": 1}, {"source": 20, "target": 117, "right": true, "left": false, "value": 1}, {"source": 21, "target": 223, "right": false, "left": true, "value": 1}, {"source": 21, "target": 132, "right": false, "left": true, "value": 1}, {"source": 21, "target": 178, "right": false, "left": true, "value": 1}, {"source": 21, "target": 54, "right": false, "left": true, "value": 1}, {"source": 21, "target": 216, "right": false, "left": true, "value": 1}, {"source": 21, "target": 89, "right": false, "left": true, "value": 1}, {"source": 21, "target": 63, "right": false, "left": true, "value": 1}, {"source": 22, "target": 151, "right": true, "left": false, "value": 1}, {"source": 22, "target": 135, "right": true, "left": false, "value": 1}, {"source": 23, "target": 65, "right": false, "left": true, "value": 1}, {"source": 23, "target": 67, "right": false, "left": true, "value": 1}, {"source": 23, "target": 46, "right": true, "left": false, "value": 1}, {"source": 23, "target": 117, "right": true, "left": false, "value": 1}, {"source": 24, "target": 82, "right": true, "left": false, "value": 1}, {"source": 24, "target": 227, "right": true, "left": false, "value": 1}, {"source": 24, "target": 117, "right": true, "left": false, "value": 1}, {"source": 25, "target": 82, "right": true, "left": false, "value": 1}, {"source": 25, "target": 117, "right": true, "left": false, "value": 1}, {"source": 25, "target": 79, "right": true, "left": false, "value": 1}, {"source": 26, "target": 129, "right": true, "left": false, "value": 1}, {"source": 26, "target": 205, "right": true, "left": false, "value": 1}, {"source": 27, "target": 59, "right": true, "left": false, "value": 1}, {"source": 27, "target": 60, "right": true, "left": false, "value": 1}, {"source": 28, "target": 122, "right": true, "left": false, "value": 1}, {"source": 28, "target": 60, "right": true, "left": false, "value": 1}, {"source": 29, "target": 137, "right": true, "left": false, "value": 1}, {"source": 30, "target": 144, "right": false, "left": true, "value": 1}, {"source": 30, "target": 202, "right": false, "left": true, "value": 1}, {"source": 30, "target": 163, "right": false, "left": true, "value": 1}, {"source": 30, "target": 60, "right": true, "left": false, "value": 1}, {"source": 31, "target": 165, "right": false, "left": true, "value": 1}, {"source": 32, "target": 143, "right": true, "left": false, "value": 1}, {"source": 33, "target": 125, "right": true, "left": false, "value": 1}, {"source": 34, "target": 80, "right": true, "left": false, "value": 1}, {"source": 35, "target": 217, "right": false, "left": true, "value": 1}, {"source": 35, "target": 122, "right": true, "left": false, "value": 1}, {"source": 36, "target": 216, "right": true, "left": false, "value": 1}, {"source": 36, "target": 161, "right": false, "left": true, "value": 1}, {"source": 36, "target": 117, "right": true, "left": false, "value": 1}, {"source": 37, "target": 234, "right": false, "left": true, "value": 1}, {"source": 37, "target": 60, "right": true, "left": false, "value": 1}, {"source": 37, "target": 55, "right": false, "left": true, "value": 1}, {"source": 38, "target": 128, "right": false, "left": true, "value": 1}, {"source": 38, "target": 193, "right": false, "left": true, "value": 1}, {"source": 38, "target": 98, "right": false, "left": true, "value": 1}, {"source": 38, "target": 162, "right": false, "left": true, "value": 1}, {"source": 38, "target": 198, "right": false, "left": true, "value": 1}, {"source": 38, "target": 104, "right": false, "left": true, "value": 1}, {"source": 38, "target": 170, "right": false, "left": true, "value": 1}, {"source": 38, "target": 237, "right": false, "left": true, "value": 1}, {"source": 38, "target": 219, "right": false, "left": true, "value": 1}, {"source": 38, "target": 79, "right": true, "left": false, "value": 1}, {"source": 38, "target": 240, "right": false, "left": true, "value": 1}, {"source": 38, "target": 114, "right": false, "left": true, "value": 1}, {"source": 38, "target": 243, "right": false, "left": true, "value": 1}, {"source": 38, "target": 155, "right": false, "left": true, "value": 1}, {"source": 38, "target": 222, "right": false, "left": true, "value": 1}, {"source": 39, "target": 201, "right": true, "left": false, "value": 1}, {"source": 39, "target": 79, "right": true, "left": false, "value": 1}, {"source": 40, "target": 213, "right": false, "left": true, "value": 1}, {"source": 41, "target": 50, "right": true, "left": false, "value": 1}, {"source": 41, "target": 117, "right": true, "left": false, "value": 1}, {"source": 42, "target": 100, "right": true, "left": false, "value": 1}, {"source": 43, "target": 60, "right": true, "left": false, "value": 1}, {"source": 43, "target": 117, "right": true, "left": false, "value": 1}, {"source": 44, "target": 60, "right": true, "left": false, "value": 1}, {"source": 45, "target": 137, "right": true, "left": false, "value": 1}, {"source": 45, "target": 211, "right": false, "left": true, "value": 1}, {"source": 45, "target": 126, "right": true, "left": false, "value": 1}, {"source": 45, "target": 239, "right": false, "left": true, "value": 1}, {"source": 46, "target": 68, "right": false, "left": true, "value": 1}, {"source": 46, "target": 231, "right": true, "left": false, "value": 1}, {"source": 46, "target": 237, "right": false, "left": true, "value": 1}, {"source": 46, "target": 152, "right": false, "left": true, "value": 1}, {"source": 46, "target": 153, "right": false, "left": true, "value": 1}, {"source": 46, "target": 60, "right": true, "left": false, "value": 1}, {"source": 47, "target": 145, "right": true, "left": false, "value": 1}, {"source": 47, "target": 133, "right": true, "left": true, "value": 1}, {"source": 47, "target": 78, "right": true, "left": true, "value": 1}, {"source": 48, "target": 100, "right": true, "left": true, "value": 1}, {"source": 49, "target": 221, "right": true, "left": false, "value": 1}, {"source": 49, "target": 129, "right": true, "left": false, "value": 1}, {"source": 49, "target": 205, "right": true, "left": false, "value": 1}, {"source": 50, "target": 79, "right": true, "left": false, "value": 1}, {"source": 51, "target": 56, "right": true, "left": false, "value": 1}, {"source": 51, "target": 227, "right": true, "left": false, "value": 1}, {"source": 52, "target": 171, "right": true, "left": false, "value": 1}, {"source": 53, "target": 122, "right": true, "left": false, "value": 1}, {"source": 55, "target": 60, "right": true, "left": false, "value": 1}, {"source": 56, "target": 227, "right": true, "left": false, "value": 1}, {"source": 56, "target": 231, "right": true, "left": false, "value": 1}, {"source": 56, "target": 167, "right": true, "left": false, "value": 1}, {"source": 56, "target": 222, "right": true, "left": false, "value": 1}, {"source": 57, "target": 226, "right": true, "left": false, "value": 1}, {"source": 57, "target": 119, "right": false, "left": true, "value": 1}, {"source": 58, "target": 153, "right": true, "left": true, "value": 1}, {"source": 58, "target": 117, "right": true, "left": false, "value": 1}, {"source": 60, "target": 129, "right": false, "left": true, "value": 1}, {"source": 60, "target": 136, "right": false, "left": true, "value": 1}, {"source": 60, "target": 150, "right": false, "left": true, "value": 1}, {"source": 60, "target": 157, "right": false, "left": true, "value": 1}, {"source": 60, "target": 173, "right": false, "left": true, "value": 1}, {"source": 60, "target": 194, "right": false, "left": true, "value": 1}, {"source": 60, "target": 202, "right": false, "left": true, "value": 1}, {"source": 60, "target": 88, "right": false, "left": true, "value": 1}, {"source": 60, "target": 90, "right": false, "left": true, "value": 1}, {"source": 60, "target": 221, "right": false, "left": true, "value": 1}, {"source": 60, "target": 224, "right": false, "left": true, "value": 1}, {"source": 60, "target": 105, "right": false, "left": true, "value": 1}, {"source": 60, "target": 234, "right": false, "left": true, "value": 1}, {"source": 60, "target": 238, "right": false, "left": true, "value": 1}, {"source": 60, "target": 117, "right": true, "left": false, "value": 1}, {"source": 60, "target": 124, "right": false, "left": true, "value": 1}, {"source": 61, "target": 167, "right": true, "left": false, "value": 1}, {"source": 62, "target": 72, "right": false, "left": true, "value": 1}, {"source": 62, "target": 88, "right": false, "left": true, "value": 1}, {"source": 63, "target": 177, "right": false, "left": true, "value": 1}, {"source": 64, "target": 146, "right": true, "left": false, "value": 1}, {"source": 64, "target": 171, "right": true, "left": false, "value": 1}, {"source": 66, "target": 171, "right": true, "left": false, "value": 1}, {"source": 68, "target": 206, "right": false, "left": true, "value": 1}, {"source": 69, "target": 208, "right": true, "left": true, "value": 1}, {"source": 70, "target": 165, "right": true, "left": false, "value": 1}, {"source": 71, "target": 167, "right": true, "left": false, "value": 1}, {"source": 71, "target": 79, "right": true, "left": false, "value": 1}, {"source": 73, "target": 121, "right": false, "left": true, "value": 1}, {"source": 74, "target": 232, "right": true, "left": false, "value": 1}, {"source": 74, "target": 159, "right": true, "left": false, "value": 1}, {"source": 75, "target": 82, "right": true, "left": false, "value": 1}, {"source": 76, "target": 96, "right": false, "left": true, "value": 1}, {"source": 76, "target": 137, "right": true, "left": false, "value": 1}, {"source": 76, "target": 145, "right": true, "left": true, "value": 1}, {"source": 76, "target": 189, "right": false, "left": true, "value": 1}, {"source": 76, "target": 127, "right": false, "left": true, "value": 1}, {"source": 77, "target": 232, "right": true, "left": false, "value": 1}, {"source": 78, "target": 148, "right": true, "left": false, "value": 1}, {"source": 78, "target": 133, "right": true, "left": true, "value": 1}, {"source": 78, "target": 214, "right": false, "left": true, "value": 1}, {"source": 79, "target": 131, "right": false, "left": true, "value": 1}, {"source": 79, "target": 138, "right": false, "left": true, "value": 1}, {"source": 79, "target": 151, "right": false, "left": true, "value": 1}, {"source": 79, "target": 167, "right": false, "left": true, "value": 1}, {"source": 79, "target": 175, "right": false, "left": true, "value": 1}, {"source": 79, "target": 177, "right": false, "left": true, "value": 1}, {"source": 79, "target": 193, "right": false, "left": true, "value": 1}, {"source": 79, "target": 81, "right": false, "left": true, "value": 1}, {"source": 79, "target": 82, "right": false, "left": true, "value": 1}, {"source": 79, "target": 84, "right": false, "left": true, "value": 1}, {"source": 79, "target": 85, "right": false, "left": true, "value": 1}, {"source": 79, "target": 222, "right": false, "left": true, "value": 1}, {"source": 79, "target": 95, "right": false, "left": true, "value": 1}, {"source": 79, "target": 231, "right": true, "left": false, "value": 1}, {"source": 79, "target": 106, "right": false, "left": true, "value": 1}, {"source": 79, "target": 235, "right": false, "left": true, "value": 1}, {"source": 79, "target": 108, "right": false, "left": true, "value": 1}, {"source": 79, "target": 117, "right": false, "left": true, "value": 1}, {"source": 80, "target": 165, "right": true, "left": false, "value": 1}, {"source": 80, "target": 101, "right": false, "left": true, "value": 1}, {"source": 80, "target": 233, "right": true, "left": true, "value": 1}, {"source": 80, "target": 117, "right": true, "left": false, "value": 1}, {"source": 80, "target": 86, "right": false, "left": true, "value": 1}, {"source": 80, "target": 187, "right": false, "left": true, "value": 1}, {"source": 82, "target": 192, "right": false, "left": true, "value": 1}, {"source": 82, "target": 225, "right": false, "left": true, "value": 1}, {"source": 82, "target": 98, "right": false, "left": true, "value": 1}, {"source": 82, "target": 227, "right": true, "left": false, "value": 1}, {"source": 82, "target": 167, "right": false, "left": true, "value": 1}, {"source": 82, "target": 109, "right": false, "left": true, "value": 1}, {"source": 82, "target": 174, "right": false, "left": true, "value": 1}, {"source": 82, "target": 176, "right": false, "left": true, "value": 1}, {"source": 82, "target": 207, "right": false, "left": true, "value": 1}, {"source": 82, "target": 242, "right": false, "left": true, "value": 1}, {"source": 83, "target": 227, "right": true, "left": false, "value": 1}, {"source": 83, "target": 117, "right": true, "left": false, "value": 1}, {"source": 84, "target": 108, "right": true, "left": false, "value": 1}, {"source": 84, "target": 117, "right": true, "left": false, "value": 1}, {"source": 85, "target": 167, "right": true, "left": false, "value": 1}, {"source": 87, "target": 188, "right": true, "left": false, "value": 1}, {"source": 89, "target": 134, "right": true, "left": false, "value": 1}, {"source": 91, "target": 117, "right": true, "left": false, "value": 1}, {"source": 91, "target": 231, "right": true, "left": false, "value": 1}, {"source": 92, "target": 184, "right": true, "left": false, "value": 1}, {"source": 92, "target": 227, "right": true, "left": false, "value": 1}, {"source": 93, "target": 137, "right": true, "left": false, "value": 1}, {"source": 93, "target": 117, "right": true, "left": false, "value": 1}, {"source": 94, "target": 99, "right": false, "left": true, "value": 1}, {"source": 94, "target": 228, "right": false, "left": true, "value": 1}, {"source": 94, "target": 137, "right": false, "left": true, "value": 1}, {"source": 94, "target": 203, "right": false, "left": true, "value": 1}, {"source": 94, "target": 110, "right": false, "left": true, "value": 1}, {"source": 94, "target": 113, "right": false, "left": true, "value": 1}, {"source": 94, "target": 241, "right": false, "left": true, "value": 1}, {"source": 95, "target": 168, "right": false, "left": true, "value": 1}, {"source": 95, "target": 175, "right": false, "left": true, "value": 1}, {"source": 97, "target": 185, "right": false, "left": true, "value": 1}, {"source": 98, "target": 227, "right": true, "left": false, "value": 1}, {"source": 98, "target": 222, "right": true, "left": false, "value": 1}, {"source": 99, "target": 137, "right": true, "left": false, "value": 1}, {"source": 99, "target": 117, "right": true, "left": false, "value": 1}, {"source": 100, "target": 196, "right": false, "left": true, "value": 1}, {"source": 100, "target": 188, "right": false, "left": true, "value": 1}, {"source": 101, "target": 165, "right": true, "left": false, "value": 1}, {"source": 102, "target": 112, "right": true, "left": false, "value": 1}, {"source": 103, "target": 123, "right": true, "left": false, "value": 1}, {"source": 103, "target": 156, "right": true, "left": false, "value": 1}, {"source": 103, "target": 181, "right": true, "left": false, "value": 1}, {"source": 104, "target": 161, "right": true, "left": false, "value": 1}, {"source": 104, "target": 219, "right": true, "left": false, "value": 1}, {"source": 104, "target": 117, "right": true, "left": false, "value": 1}, {"source": 105, "target": 205, "right": true, "left": false, "value": 1}, {"source": 107, "target": 190, "right": false, "left": true, "value": 1}, {"source": 107, "target": 117, "right": true, "left": false, "value": 1}, {"source": 107, "target": 126, "right": true, "left": true, "value": 1}, {"source": 107, "target": 159, "right": false, "left": true, "value": 1}, {"source": 108, "target": 138, "right": false, "left": true, "value": 1}, {"source": 110, "target": 137, "right": true, "left": false, "value": 1}, {"source": 110, "target": 117, "right": true, "left": false, "value": 1}, {"source": 111, "target": 122, "right": true, "left": false, "value": 1}, {"source": 112, "target": 236, "right": false, "left": true, "value": 1}, {"source": 112, "target": 117, "right": true, "left": false, "value": 1}, {"source": 113, "target": 137, "right": true, "left": false, "value": 1}, {"source": 114, "target": 216, "right": true, "left": false, "value": 1}, {"source": 114, "target": 243, "right": true, "left": false, "value": 1}, {"source": 115, "target": 148, "right": true, "left": false, "value": 1}, {"source": 115, "target": 143, "right": true, "left": false, "value": 1}, {"source": 116, "target": 227, "right": true, "left": false, "value": 1}, {"source": 116, "target": 222, "right": true, "left": false, "value": 1}, {"source": 117, "target": 130, "right": false, "left": true, "value": 1}, {"source": 117, "target": 136, "right": false, "left": true, "value": 1}, {"source": 117, "target": 137, "right": false, "left": true, "value": 1}, {"source": 117, "target": 141, "right": false, "left": true, "value": 1}, {"source": 117, "target": 148, "right": false, "left": true, "value": 1}, {"source": 117, "target": 153, "right": false, "left": true, "value": 1}, {"source": 117, "target": 154, "right": false, "left": true, "value": 1}, {"source": 117, "target": 157, "right": false, "left": true, "value": 1}, {"source": 117, "target": 169, "right": false, "left": true, "value": 1}, {"source": 117, "target": 186, "right": false, "left": true, "value": 1}, {"source": 117, "target": 192, "right": false, "left": true, "value": 1}, {"source": 117, "target": 195, "right": false, "left": true, "value": 1}, {"source": 117, "target": 204, "right": false, "left": true, "value": 1}, {"source": 117, "target": 211, "right": false, "left": true, "value": 1}, {"source": 117, "target": 215, "right": false, "left": true, "value": 1}, {"source": 117, "target": 216, "right": false, "left": true, "value": 1}, {"source": 117, "target": 227, "right": false, "left": true, "value": 1}, {"source": 117, "target": 230, "right": false, "left": true, "value": 1}, {"source": 117, "target": 231, "right": true, "left": true, "value": 1}, {"source": 117, "target": 125, "right": false, "left": true, "value": 1}, {"source": 118, "target": 182, "right": false, "left": true, "value": 1}, {"source": 119, "target": 137, "right": true, "left": false, "value": 1}, {"source": 119, "target": 221, "right": true, "left": false, "value": 1}, {"source": 120, "target": 137, "right": true, "left": false, "value": 1}, {"source": 120, "target": 156, "right": false, "left": true, "value": 1}, {"source": 120, "target": 181, "right": true, "left": true, "value": 1}, {"source": 122, "target": 191, "right": false, "left": true, "value": 1}, {"source": 122, "target": 197, "right": false, "left": true, "value": 1}, {"source": 122, "target": 142, "right": false, "left": true, "value": 1}, {"source": 122, "target": 208, "right": false, "left": true, "value": 1}, {"source": 122, "target": 209, "right": false, "left": true, "value": 1}, {"source": 122, "target": 212, "right": false, "left": true, "value": 1}, {"source": 122, "target": 218, "right": false, "left": true, "value": 1}, {"source": 122, "target": 159, "right": false, "left": true, "value": 1}, {"source": 123, "target": 228, "right": true, "left": true, "value": 1}, {"source": 123, "target": 199, "right": true, "left": true, "value": 1}, {"source": 125, "target": 172, "right": false, "left": true, "value": 1}, {"source": 125, "target": 141, "right": false, "left": true, "value": 1}, {"source": 126, "target": 137, "right": true, "left": false, "value": 1}, {"source": 127, "target": 145, "right": true, "left": false, "value": 1}, {"source": 127, "target": 148, "right": true, "left": false, "value": 1}, {"source": 129, "target": 226, "right": false, "left": true, "value": 1}, {"source": 129, "target": 164, "right": false, "left": true, "value": 1}, {"source": 129, "target": 149, "right": false, "left": true, "value": 1}, {"source": 130, "target": 227, "right": true, "left": false, "value": 1}, {"source": 134, "target": 160, "right": false, "left": true, "value": 1}, {"source": 135, "target": 151, "right": true, "left": false, "value": 1}, {"source": 137, "target": 140, "right": false, "left": true, "value": 1}, {"source": 137, "target": 143, "right": false, "left": true, "value": 1}, {"source": 137, "target": 145, "right": false, "left": true, "value": 1}, {"source": 137, "target": 147, "right": false, "left": true, "value": 1}, {"source": 137, "target": 153, "right": false, "left": true, "value": 1}, {"source": 137, "target": 158, "right": false, "left": true, "value": 1}, {"source": 137, "target": 181, "right": false, "left": true, "value": 1}, {"source": 137, "target": 195, "right": false, "left": true, "value": 1}, {"source": 137, "target": 203, "right": false, "left": true, "value": 1}, {"source": 137, "target": 213, "right": false, "left": true, "value": 1}, {"source": 137, "target": 217, "right": false, "left": true, "value": 1}, {"source": 137, "target": 220, "right": false, "left": true, "value": 1}, {"source": 137, "target": 229, "right": false, "left": true, "value": 1}, {"source": 137, "target": 241, "right": false, "left": true, "value": 1}, {"source": 139, "target": 167, "right": true, "left": false, "value": 1}, {"source": 140, "target": 145, "right": true, "left": false, "value": 1}, {"source": 142, "target": 212, "right": true, "left": false, "value": 1}, {"source": 142, "target": 191, "right": true, "left": false, "value": 1}, {"source": 143, "target": 148, "right": true, "left": true, "value": 1}, {"source": 145, "target": 189, "right": false, "left": true, "value": 1}, {"source": 146, "target": 171, "right": true, "left": true, "value": 1}, {"source": 148, "target": 214, "right": false, "left": true, "value": 1}, {"source": 149, "target": 164, "right": false, "left": true, "value": 1}, {"source": 149, "target": 205, "right": true, "left": false, "value": 1}, {"source": 152, "target": 237, "right": true, "left": false, "value": 1}, {"source": 152, "target": 221, "right": true, "left": false, "value": 1}, {"source": 154, "target": 231, "right": true, "left": false, "value": 1}, {"source": 155, "target": 184, "right": true, "left": false, "value": 1}, {"source": 155, "target": 231, "right": true, "left": false, "value": 1}, {"source": 156, "target": 179, "right": true, "left": true, "value": 1}, {"source": 156, "target": 185, "right": false, "left": true, "value": 1}, {"source": 159, "target": 200, "right": false, "left": true, "value": 1}, {"source": 161, "target": 219, "right": true, "left": true, "value": 1}, {"source": 161, "target": 243, "right": true, "left": false, "value": 1}, {"source": 163, "target": 226, "right": true, "left": false, "value": 1}, {"source": 163, "target": 221, "right": true, "left": false, "value": 1}, {"source": 164, "target": 221, "right": true, "left": false, "value": 1}, {"source": 168, "target": 175, "right": true, "left": true, "value": 1}, {"source": 171, "target": 180, "right": false, "left": true, "value": 1}, {"source": 179, "target": 181, "right": true, "left": false, "value": 1}, {"source": 183, "target": 185, "right": false, "left": true, "value": 1}, {"source": 184, "target": 227, "right": true, "left": false, "value": 1}, {"source": 184, "target": 222, "right": true, "left": false, "value": 1}, {"source": 186, "target": 204, "right": true, "left": false, "value": 1}, {"source": 190, "target": 204, "right": false, "left": true, "value": 1}, {"source": 191, "target": 212, "right": true, "left": false, "value": 1}, {"source": 199, "target": 228, "right": true, "left": false, "value": 1}, {"source": 201, "target": 210, "right": false, "left": true, "value": 1}, {"source": 205, "target": 226, "right": false, "left": true, "value": 1}, {"source": 215, "target": 231, "right": true, "left": false, "value": 1}, {"source": 219, "target": 243, "right": true, "left": false, "value": 1}, {"source": 221, "target": 226, "right": false, "left": true, "value": 1}, {"source": 222, "target": 240, "right": false, "left": true, "value": 1}]}