{"nodes": [{"asin": "B0002264MO", "name": "Bon 14-526 J Roller for Laminates with 3-inch Roller", "imUrl": "http://ecx.images-amazon.com/images/I/31I3%2BhffcHL._SY300_.jpg", "price": 17.1, "numReviews": 1, "groups": [0], "averageRating": 4.0, "brand": "Bon"}, {"asin": "B00359FFUS", "name": "MARSHALLTOWN The Premier Line 6517 Beaver Tail Brush", "imUrl": "http://ecx.images-amazon.com/images/I/41i6785VmWL._SX300_.jpg", "price": 11.14, "numReviews": 3, "groups": [1], "averageRating": 3.6666666666666665}, {"asin": "B000UZ5WB2", "name": "MARSHALLTOWN The Premier Line 846 13-Inch by 9-Inch Single Crows Foot Brush", "imUrl": "http://ecx.images-amazon.com/images/I/41uds3dnIWL._SX300_.jpg", "price": 10.94, "numReviews": 2, "groups": [2], "averageRating": 3.5}, {"asin": "B001RJ0NF0", "name": "MARSHALLTOWN The Premier Line GP479 14-Inch Stainless Steel Grabber Pan", "imUrl": "http://ecx.images-amazon.com/images/I/41EnshYdzRL._SX300_.jpg", "price": 15.55, "numReviews": 8, "groups": [3], "averageRating": 4.25}, {"asin": "B007CXKDXC", "name": "M-D Building Products 20044 1/16-Inch by 1/32-Inch by 5/64-Inch Premium U Notch", "imUrl": "http://ecx.images-amazon.com/images/I/41LgfRY2BcL._SX300_.jpg", "price": 14.0, "numReviews": 2, "groups": [4], "averageRating": 5.0}, {"asin": "B00BNQR4T0", "name": "Estwing 4 Leather Sheath for Chisel Edge Rock Picks", "imUrl": "http://ecx.images-amazon.com/images/I/31o1KkR9B8L._SX300_.jpg", "price": 12.54, "numReviews": 3, "groups": [5], "averageRating": 5.0}, {"asin": "B001DQEBTQ", "name": "Goldblatt G02392 1/4-Inch By 1/4-Inch By 1/4-Inch Square Notch Trowel With Plastic Handle", "imUrl": "http://ecx.images-amazon.com/images/I/31P6ZRuSBzL._SX300_.jpg", "price": 1.83, "numReviews": 5, "groups": [6], "averageRating": 4.8, "brand": "Goldblatt"}, {"asin": "B002H53SLO", "name": "Trowel Masonic Freemason Tool Masonry Square Compass Tie Bar Clip", "imUrl": "http://ecx.images-amazon.com/images/I/31%2BVMOg1NjL._SX300_.jpg", "price": 7.99, "numReviews": 6, "groups": [7], "averageRating": 3.5}, {"asin": "B000KKRG66", "name": "Soft Grip Carbon Steel Heavy Duty Steel Wire Brush SB619", "imUrl": "http://ecx.images-amazon.com/images/I/41qa%2BklpPaL._SY300_.jpg", "price": 9.35, "numReviews": 4, "groups": [8], "averageRating": 4.25, "salesRankCategory": "Home Improvement", "salesRank": 26971}, {"asin": "B00002N5PW", "name": "MARSHALLTOWN The Premier Line 26 9-3/8-Inch by 3-1/4-Inch Swivel Pole Sander", "imUrl": "http://ecx.images-amazon.com/images/I/415vJbQ4qCL._SX300_.jpg", "price": 14.09, "numReviews": 1, "groups": [9], "averageRating": 5.0}, {"asin": "B007H6FMNU", "name": "Kraft GG243 14-Inch Squeegee Trowel", "imUrl": "http://ecx.images-amazon.com/images/I/31Zoq%2Bseh7L._SX300_.jpg", "price": 14.69, "numReviews": 2, "groups": [10], "averageRating": 5.0, "brand": "Kraft"}, {"asin": "B0000DI84G", "name": "MARSHALLTOWN The Premier Line 3510SD 10-Inch Stainless Steel Taping Knife with DuraSoft Handle", "imUrl": "http://ecx.images-amazon.com/images/I/41K4-ESVB-L._SY300_.jpg", "price": 14.69, "numReviews": 3, "groups": [11], "averageRating": 5.0}, {"asin": "B001RIVFW6", "name": "MARSHALLTOWN The Premier Line GP478 12-Inch Stainless Steel Mud Pan", "imUrl": "http://ecx.images-amazon.com/images/I/41EnshYdzRL._SX300_.jpg", "price": 13.34, "numReviews": 10, "groups": [12], "averageRating": 3.9}, {"asin": "B001RJ6RS2", "name": "MARSHALLTOWN The Premier Line 53D 10-Inch by 4-Inch Molded Rubber Float with DuraSoft Handle", "imUrl": "http://ecx.images-amazon.com/images/I/11XqWnYWoBL.jpg", "price": 15.67, "numReviews": 1, "groups": [13], "averageRating": 1.0}, {"asin": "B00466LYY0", "name": "844/I Pavan_Inox_Trowel 240x100x0.5mm", "imUrl": "http://ecx.images-amazon.com/images/I/41BG3WL848L._SX300_.jpg", "price": 60.95, "numReviews": 1, "groups": [14], "averageRating": 5.0}, {"asin": "B008SFLQM0", "name": "7\" Bucket Trowel W/ Plastic Handle", "imUrl": "http://ecx.images-amazon.com/images/I/41yycVtt%2BwL._SX300_.jpg", "price": 9.98, "numReviews": 2, "groups": [15, 16], "averageRating": 5.0}, {"asin": "B0011T28VS", "name": "TEXMASTER 9927 14\" MAGIC TROWEL", "imUrl": "http://ecx.images-amazon.com/images/I/11rC22RLTtL.jpg", "price": 31.99, "numReviews": 2, "groups": [17], "averageRating": 3.0}, {"asin": "B001T4QGGS", "name": "MARSHALLTOWN The Premier Line ML588 Mason's Line 1000-Foot Fluorescent Orange Twisted Nylon", "imUrl": "http://ecx.images-amazon.com/images/I/41JbnpPbNcL._SX300_.jpg", "price": 14.89, "numReviews": 1, "groups": [18], "averageRating": 5.0}, {"asin": "B003A83E7A", "name": "MARSHALLTOWN The Premier Line MXS245D 24-Inch by 5-Inch Finishing Trowel with Curved DuraSoft Handle", "imUrl": "http://ecx.images-amazon.com/images/I/31xeQMaGwHL._SX300_.jpg", "price": 57.4, "numReviews": 1, "groups": [19], "averageRating": 5.0}, {"asin": "B000CEOSSO", "name": "MARSHALLTOWN The Premier Line 6396 14-Inch Heli-Arc Stainless Steel Mud Pan", "imUrl": "http://ecx.images-amazon.com/images/I/31Ov7H8oa8L._SX300_.jpg", "price": 16.33, "numReviews": 8, "groups": [3], "averageRating": 4.875}, {"asin": "B000BO6EA0", "name": "MARSHALLTOWN The Premier Line 12ASD 14-Inch by 4-1/2-Inch Drywall Trowel with DuraSoft Handle", "imUrl": "http://ecx.images-amazon.com/images/I/41%2BKHKI75PL._SX300_.jpg", "price": 36.0, "numReviews": 1, "groups": [20], "averageRating": 5.0}, {"asin": "B0011T4622", "name": "TEXMASTER 8828 22\" MAGIC TROWEL", "imUrl": "http://ecx.images-amazon.com/images/I/11rC22RLTtL.jpg", "price": 23.34, "numReviews": 2, "groups": [21], "averageRating": 5.0}, {"asin": "B003A83GKA", "name": "MARSHALLTOWN The Premier Line 45 4.5SD 4-1/2-Inch Heavy Duty Philadelphia Style Pointing Trowel with DuraSoft Handle", "imUrl": "http://ecx.images-amazon.com/images/I/31vEhu%2B--XL._SY300_.jpg", "price": 14.36, "numReviews": 5, "groups": [22], "averageRating": 5.0}, {"asin": "B0011T45WS", "name": "TEXMASTER 8819 12\" & 22\" MAGIC TROWEL KIT", "imUrl": "http://ecx.images-amazon.com/images/I/31mapfuSmqL._SY300_.jpg", "price": 34.02, "numReviews": 10, "groups": [23], "averageRating": 4.7, "brand": "TEXMASTER"}, {"asin": "B000N6K768", "name": "QLT By MARSHALLTOWN 238 9-Inch by 4-Inch Flat V Dual Notched Trowel", "imUrl": "http://ecx.images-amazon.com/images/I/41r4P3SM72L._SX300_.jpg", "price": 4.72, "numReviews": 1, "groups": [24], "averageRating": 5.0}, {"asin": "B0033CEE36", "name": "W. Rose Brick Trowel 12\" Wide London Pattern w/ProForm Handle", "imUrl": "http://ecx.images-amazon.com/images/I/31ZuyKNh86L._SX300_.jpg", "price": 38.27, "numReviews": 2, "groups": [25], "averageRating": 5.0}, {"asin": "B007H6FDY8", "name": "Kraft CC975-01 24-Inch Gauge Rake/Leveler without Handle", "imUrl": "http://ecx.images-amazon.com/images/I/31lNdoke7fL._SY300_.jpg", "price": 38.89, "numReviews": 2, "groups": [26], "averageRating": 2.5, "brand": "Kraft"}, {"asin": "B00023S318", "name": "QLT By MARSHALLTOWN KB451 Kneeler Board", "imUrl": "http://ecx.images-amazon.com/images/I/31Z80QMEGJL._SX300_.jpg", "price": 16.99, "numReviews": 25, "groups": [27], "averageRating": 4.72}, {"asin": "B000CET09Q", "name": "Goldblatt G01248 Aluminum Line Stretchers", "imUrl": "http://ecx.images-amazon.com/images/I/41jtMWB%2BvbL._SX300_.jpg", "price": 6.23, "numReviews": 1, "groups": [28], "averageRating": 5.0, "brand": "Goldblatt", "salesRankCategory": "Home Improvement", "salesRank": 153709}, {"asin": "B0042XA6N2", "name": "MARSHALLTOWN The Premier Line ESRED4 4-Ounce Red Elements Concrete Stain", "imUrl": "http://ecx.images-amazon.com/images/I/51zvokprXDL._SX300_.jpg", "price": 16.01, "numReviews": 1, "groups": [29], "averageRating": 1.0}, {"asin": "B0037UUZRS", "name": "TEKTON 7064 Mini Wire Brush Set, 3-Piece", "imUrl": "http://ecx.images-amazon.com/images/I/41y9O1ubyEL._SX300_.jpg", "price": 3.78, "numReviews": 25, "groups": [30], "averageRating": 4.32, "brand": "TEKTON"}, {"asin": "B003BHYTXI", "name": "MINTCRAFT DYT00323L Trowel Tuck Pointing 1/4-Inch", "imUrl": "http://ecx.images-amazon.com/images/I/31dQ6I91k2L._SY300_.jpg", "price": 8.0, "numReviews": 2, "groups": [31], "averageRating": 5.0}, {"asin": "B000FPAK5K", "name": "MARSHALLTOWN The Premier Line 52D 5-Inch by 2-Inch Margin Trowel with DuraSoft Handle", "imUrl": "http://ecx.images-amazon.com/images/I/31BMMmn85tL._SX300_.jpg", "price": 12.25, "numReviews": 5, "groups": [32, 33], "averageRating": 4.8}, {"asin": "B002MFN04Y", "name": "Crain 558 Staple Set Tool for Plank Wood Floors", "imUrl": "http://ecx.images-amazon.com/images/I/41QO4zp1xjL._SX300_.jpg", "price": 13.99, "numReviews": 3, "groups": [34], "averageRating": 4.333333333333333}, {"asin": "B00002N5P3", "name": "QLT By MARSHALLTOWN 97 5-Inch by 2-Inch Margin Trowel with Wooden Handle", "imUrl": "http://ecx.images-amazon.com/images/I/31ijRYjQ6DL._SX300_.jpg", "price": 5.27, "numReviews": 2, "groups": [35], "averageRating": 4.5}, {"asin": "B000VYN8NQ", "name": "MARSHALLTOWN The Premier Line 4820 Female Threaded Adapter for Push Button Handles", "imUrl": "http://ecx.images-amazon.com/images/I/41cwtzaBV3L._SY300_.jpg", "price": 16.35, "numReviews": 1, "groups": [36], "averageRating": 4.0}, {"asin": "B001PD2N5G", "name": "M-D Building Products 49118 Economy Grout Float", "imUrl": "http://ecx.images-amazon.com/images/I/31SjUHQD49L._SX300_.jpg", "price": 5.99, "numReviews": 2, "groups": [37], "averageRating": 4.0, "brand": "M-D Building Products"}, {"asin": "B001RJ08N2", "name": "MARSHALLTOWN The Premier Line 12BSSD 12-Inch by 4-1/2 Stainless Steel Drywall Trowel with DuraSoft Handle", "imUrl": "http://ecx.images-amazon.com/images/I/41%2BKHKI75PL._SX300_.jpg", "price": 43.06, "numReviews": 2, "groups": [38], "averageRating": 5.0}, {"asin": "B00002N7W2", "name": "MARSHALLTOWN The Premier Line 19 11FG 11-Inch Philadelphia Brick Trowel with DuraSoft Handle", "imUrl": "http://ecx.images-amazon.com/images/I/31NMQRX80nL._SX300_.jpg", "price": 35.57, "numReviews": 2, "groups": [39], "averageRating": 5.0}, {"asin": "B000FK1UEA", "name": "QLT By MARSHALLTOWN 930 6-Inch by 1/2-Inch Tuck Pointer with Wood Handle", "imUrl": "http://ecx.images-amazon.com/images/I/31P2BZiV56L._SX300_.jpg", "price": 2.86, "numReviews": 3, "groups": [40], "averageRating": 4.0}, {"asin": "B001NOIMUC", "name": "4 piece Concrete Trowel Set", "imUrl": "http://ecx.images-amazon.com/images/I/414QdiZ0jLL._SY300_.jpg", "price": 17.93, "numReviews": 16, "groups": [41], "averageRating": 3.4375}, {"asin": "B002FYAONW", "name": "M-D Building Products 20058 3/16-Inch by 3/16-Inch by 3/16-Inch Premium Square Notch", "imUrl": "http://ecx.images-amazon.com/images/I/41kbDDNAVSL._SX300_.jpg", "price": 10.08, "numReviews": 2, "groups": [42], "averageRating": 3.5, "brand": "M-D Building Products"}, {"asin": "B001PPMLRY", "name": "MARSHALLTOWN The Premier Line 19 7.5 7-1/2-Inch Bucket Trowel", "imUrl": "http://ecx.images-amazon.com/images/I/315qfgsOOZL._SX300_.jpg", "price": 27.8, "numReviews": 2, "groups": [15, 43], "averageRating": 4.5}, {"asin": "B001RJ2J3E", "name": "MARSHALLTOWN The Premier Line ATH54S 5-Inch Heavy Duty Margin Trowel with Archaeology Holster", "imUrl": "http://ecx.images-amazon.com/images/I/31I0P6Ub-WL._SX300_.jpg", "price": 27.05, "numReviews": 3, "groups": [44], "averageRating": 5.0}, {"asin": "B00BNQR652", "name": "Bon 84-940  1-Inch to 4-Inch Artifact Chip Brush, Set of 5", "imUrl": "http://ecx.images-amazon.com/images/I/41MwNELprJL._SY300_.jpg", "price": 6.71, "numReviews": 1, "groups": [45], "averageRating": 5.0}, {"asin": "B000W23D8W", "name": "5 piece Concrete Mason Trowel Set", "imUrl": "http://ecx.images-amazon.com/images/I/41nbnUYVn4L._SY300_.jpg", "price": 19.99, "numReviews": 3, "groups": [46], "averageRating": 4.333333333333333}, {"asin": "B00173CRMI", "name": "MARSHALLTOWN The Premier Line 780SD 11-Inch by 4-1/2-Inch Notched Trowel V with Curved DuraSoft Handle", "imUrl": "http://ecx.images-amazon.com/images/I/418cMbeFz7L._SX300_.jpg", "price": 16.97, "numReviews": 1, "groups": [47], "averageRating": 3.0}, {"asin": "B003A83GJ6", "name": "MARSHALLTOWN The Premier Line ATH114S 4-Inch Heavy Duty London Style Pointing Trowel with Archaeology Holster", "imUrl": "http://ecx.images-amazon.com/images/I/415IM7wBDDL._SY300_.jpg", "price": 26.36, "numReviews": 9, "groups": [48, 49], "averageRating": 4.777777777777778}, {"asin": "B000EOFLNI", "name": "MARSHALLTOWN The Premier Line AKD22 22-Inch Adjustable Squeegee Trowel", "imUrl": "http://ecx.images-amazon.com/images/I/31ainBtY2EL._SX300_.jpg", "price": 21.21, "numReviews": 4, "groups": [50], "averageRating": 4.5}, {"asin": "B0011MX4F4", "name": "Bon 18-108 9-1/2-Inch by 4-1/2-Inch Thrifty Brick Trowel", "imUrl": "http://ecx.images-amazon.com/images/I/11Zx%2BVlFxjL.jpg", "price": 5.58, "numReviews": 1, "groups": [51], "averageRating": 2.0}, {"asin": "B0011MRVSU", "name": "Bon 13-305 5-1/2-Inch by 2-Inch Stainless Steel Margin Trowel", "imUrl": "http://ecx.images-amazon.com/images/I/31%2BBKogAYtL._SX300_.jpg", "price": 7.71, "numReviews": 1, "groups": [52], "averageRating": 5.0}, {"asin": "B0042XA664", "name": "MARSHALLTOWN The Premier Line ESTANNIN32 32-Ounce Tannin Elements Concrete Stain", "imUrl": "http://ecx.images-amazon.com/images/I/617l78-PlGL._SX300_.jpg", "price": 126.01, "numReviews": 1, "groups": [53], "averageRating": 3.0}, {"asin": "B00002X233", "name": "Goldblatt G05260 Single-Crows Foot Texture Brush", "imUrl": "http://ecx.images-amazon.com/images/I/111PZC5529L.jpg", "price": 9.99, "numReviews": 6, "groups": [54], "averageRating": 4.833333333333333, "brand": "Goldblatt"}, {"asin": "B0079PVT2C", "name": "Bucket Trowel with Hardwood Handle, 6\" x 4-1/2\"", "imUrl": "http://ecx.images-amazon.com/images/I/31Lzr7euC8L._SX300_.jpg", "price": 6.3, "numReviews": 2, "groups": [16], "averageRating": 5.0}, {"asin": "B00002X2EG", "name": "Goldblatt G05206 12-Inch Plastic Mud Pan, Red", "imUrl": "http://ecx.images-amazon.com/images/I/11J6J16FSJL.jpg", "price": 2.95, "numReviews": 3, "groups": [55], "averageRating": 3.6666666666666665, "brand": "Goldblatt"}, {"asin": "B000BQL42G", "name": "QLT By MARSHALLTOWN ALS504 Aluminum Adjustable Line Stretchers", "imUrl": "http://ecx.images-amazon.com/images/I/41yyc-SSsqL._SX300_.jpg", "price": 14.02, "numReviews": 3, "groups": [56], "averageRating": 4.666666666666667}, {"asin": "B002FYAOPK", "name": "M-D Building Products 20050 4-Inch by 16-Inch Premium Flat Pool Finishing", "imUrl": "http://ecx.images-amazon.com/images/I/31s8B566GvL._SX300_.jpg", "price": 14.1, "numReviews": 2, "groups": [57], "averageRating": 5.0, "brand": "M-D Building Products"}, {"asin": "B0000DI84F", "name": "Marshalltown #14321 8-Inch Stainless Steel Taping Knife with DuraSoft Handle", "imUrl": "http://ecx.images-amazon.com/images/I/41Zb80jT7hL._SY300_.jpg", "price": 9.81, "numReviews": 7, "groups": [58], "averageRating": 4.857142857142857, "brand": "Marshalltown"}, {"asin": "B000V4OEC0", "name": "MARSHALLTOWN The Premier Line 56D 6-Inch by 2-Inch Margin Trowel with DuraSoft Handle", "imUrl": "http://ecx.images-amazon.com/images/I/31TmSNj%2BoAL._SX300_.jpg", "price": 13.36, "numReviews": 1, "groups": [59], "averageRating": 5.0}, {"asin": "B0013FDL7K", "name": "QLT By MARSHALLTOWN FT363 14-Inch by 4-Inch Finishing Trowel with Curved Wood Handle", "imUrl": "http://ecx.images-amazon.com/images/I/31DQs3iLaAL._SX300_.jpg", "price": 19.77, "numReviews": 1, "groups": [60], "averageRating": 4.0}, {"asin": "B003A83GIM", "name": "MARSHALLTOWN The Premier Line ATH50S 5-Inch Heavy Duty Philadelphia Pointing Trowel with Archaeology Holster", "imUrl": "http://ecx.images-amazon.com/images/I/415IM7wBDDL._SY300_.jpg", "price": 26.62, "numReviews": 7, "groups": [48], "averageRating": 4.714285714285714}, {"asin": "B0042XA6J6", "name": "MARSHALLTOWN The Premier Line ESCSEA4 4-Ounce Caribbean Sea Elements Concrete Stain", "imUrl": "http://ecx.images-amazon.com/images/I/51oN5D4wf8L._SX300_.jpg", "price": 15.95, "numReviews": 2, "groups": [61], "averageRating": 1.5}, {"asin": "B000627S7U", "name": "MARSHALLTOWN The Premier Line 716SD 11-Inch by 4-1/2-Inch Notched Trowel U with Curved DuraSoft Handle", "imUrl": "http://ecx.images-amazon.com/images/I/41jXn5v7H7L._SX300_.jpg", "price": 16.97, "numReviews": 1, "groups": [62], "averageRating": 3.0}, {"asin": "B003UV1UUK", "name": "SuperiorBilt Platinum Grout Float", "imUrl": "http://ecx.images-amazon.com/images/I/31ADKqqUW5L.jpg", "price": 28.95, "numReviews": 5, "groups": [63], "averageRating": 4.4, "brand": "SuperiorBilt"}, {"asin": "B001RJ70GA", "name": "MARSHALLTOWN The Premier Line ML614 Mason's Line 500-Foot Orange and Black Bonded Nylon", "imUrl": "http://ecx.images-amazon.com/images/I/51Z2Ud3P5YL._SX300_.jpg", "price": 17.45, "numReviews": 1, "groups": [64], "averageRating": 5.0}, {"asin": "B0011MV6OU", "name": "Bon 72-295 13-Inch Pro Plus Carbon Steel Narrow London Masonry Trowel with Leather Handle", "imUrl": "http://ecx.images-amazon.com/images/I/31RfIZ%2Bji3L._SX300_.jpg", "price": 23.18, "numReviews": 1, "groups": [65], "averageRating": 2.0}, {"asin": "B00BNQR4RC", "name": "Estwing E14A 12-Inch Sportman's Axe with  Leather Sheath", "imUrl": "http://ecx.images-amazon.com/images/I/41U2bGNcvOL._SX300_.jpg", "price": 38.99, "numReviews": 3, "groups": [66], "averageRating": 4.0}, {"asin": "B00002N7VN", "name": "MARSHALLTOWN The Premier Line 503 6-1/2-Inch by 1/4-Inch Tuck Pointer", "imUrl": "http://ecx.images-amazon.com/images/I/31BWWQJzlpL._SX300_.jpg", "price": 9.3, "numReviews": 3, "groups": [67], "averageRating": 4.666666666666667}, {"asin": "B001VE952I", "name": "Hyde Tools 9960 4 by 12-Inch Drywall/Masonry Trowel", "imUrl": "http://ecx.images-amazon.com/images/I/31wPrrP1RGL._SX300_.jpg", "price": 15.5, "numReviews": 2, "groups": [68], "averageRating": 4.5}, {"asin": "B001RIWZ1Q", "name": "Marshalltown AKD12 12-Inch Adjustable Squeegee Trowel", "imUrl": "http://ecx.images-amazon.com/images/I/11cignmB3qL.jpg", "price": 24.11, "numReviews": 2, "groups": [69], "averageRating": 5.0}, {"asin": "B004S3CFG2", "name": "TBC Full Size Economy Notched Trowel. 1/4\"x 3/16\" V-notch for Wall Tile Setting. Blade Size Is a Full 11\" X 4-1/2\" Low Priced, Yet Larger Blade Saves Installation Time.", "imUrl": "http://ecx.images-amazon.com/images/I/41WONOXnRcL._SX300_.jpg", "price": 10.5, "numReviews": 4, "groups": [70], "averageRating": 4.25}, {"asin": "B000FK1UCW", "name": "MARSHALLTOWN The Premier Line 14526 16-Inch by 3-1/2-Inch by 3/8-Inch Resin Float with DuraSoft Handle", "imUrl": "http://ecx.images-amazon.com/images/I/41z50HRZV4L._SX300_.jpg", "price": 25.0, "numReviews": 2, "groups": [71], "averageRating": 5.0}, {"asin": "B00BNQR4SG", "name": "Estwing E24A 14-Inch Sportman's Axe with  Leather Sheath", "imUrl": "http://ecx.images-amazon.com/images/I/41U2bGNcvOL._SX300_.jpg", "price": 30.52, "numReviews": 12, "groups": [72], "averageRating": 4.583333333333333, "brand": "Estwing"}, {"asin": "B007VJUBCU", "name": "Czar Weld CWT-16R Rotating Adjustable Bull Float Bracket", "imUrl": "http://ecx.images-amazon.com/images/I/4101-WpZCwL._SX300_.jpg", "price": 54.01, "numReviews": 1, "groups": [73], "averageRating": 4.0}, {"asin": "B0006MWKY6", "name": "Bon 24-125 1-Foot 6-Inch, 2-Foot, 2-Foot 6-Inch, 3-Foot, 4-Foot, 6-Foot Aluminum Tile Screed Set", "imUrl": "http://ecx.images-amazon.com/images/I/21C2Q4VG7QL._SX300_.jpg", "price": 97.98, "numReviews": 1, "groups": [74], "averageRating": 5.0, "brand": "Bon"}, {"asin": "B002R2XE20", "name": "Neiko 38 Piece Industrial Quality Wire Brush Set, 1/4\" Hex Shank - with Soft Grip Handle and 6\" Extension Bar - Replace the Traditional Wire Brushes!", "imUrl": "http://ecx.images-amazon.com/images/I/5102FX9AoUL._SY300_.jpg", "price": 21.0, "numReviews": 7, "groups": [75], "averageRating": 3.2857142857142856, "brand": "Neiko"}, {"asin": "B0061Z1EEY", "name": "Goldblatt G02377 1/2-Inch By 1/2-Inch By 1/2-Inch Square Notch Trowel With Pro-Grip Handle", "imUrl": "http://ecx.images-amazon.com/images/I/31pQlc2hzcL._SX300_.jpg", "price": 9.68, "numReviews": 1, "groups": [76], "averageRating": 5.0, "brand": "Goldblatt"}, {"asin": "B001RIX326", "name": "MARSHALLTOWN The Premier Line EA917 Exact Angle Inside Corner Trowel", "imUrl": "http://ecx.images-amazon.com/images/I/416bzpuiDDL._SY300_.jpg", "price": 16.57, "numReviews": 15, "groups": [77], "averageRating": 3.3333333333333335}, {"asin": "B0083HXVDA", "name": "Crain 350 4-Inch Professional Floor Stripper with 12-Inch Handle", "imUrl": "http://ecx.images-amazon.com/images/I/21B7%2BsdvQbL.jpg", "price": 19.99, "numReviews": 1, "groups": [78], "averageRating": 5.0}, {"asin": "B00099DWEI", "name": "MARSHALLTOWN The Premier Line 51D 5-Inch by 3-1/2-Inch Inside Corner Trowel with DuraSoft Handle", "imUrl": "http://ecx.images-amazon.com/images/I/41kLrGbQZhL._SX300_.jpg", "price": 12.29, "numReviews": 2, "groups": [79], "averageRating": 4.5}, {"asin": "B0042XA67S", "name": "MARSHALLTOWN The Premier Line ESCORLTH32 32-Ounce Cordovan Leather Elements Concrete Stain", "imUrl": "http://ecx.images-amazon.com/images/I/51%2BGYku5dUL._SX300_.jpg", "price": 132.91, "numReviews": 2, "groups": [80], "averageRating": 5.0}, {"asin": "B002FNBJ0U", "name": "Working Tools Trowel Master Masonic Freemason Tie Bar Clip", "imUrl": "http://ecx.images-amazon.com/images/I/41ztwQoWlpL._SX300_.jpg", "price": 9.99, "numReviews": 6, "groups": [7], "averageRating": 3.3333333333333335}, {"asin": "B001RJ6YSK", "name": "MARSHALLTOWN The Premier Line ML339 Mason's Line 500-Foot Fluorescent Yellow Braided Nylon", "imUrl": "http://ecx.images-amazon.com/images/I/41R1Hul0Y-L._SY300_.jpg", "price": 12.15, "numReviews": 6, "groups": [81], "averageRating": 4.833333333333333}, {"asin": "B007SILITY", "name": "QLT By MARSHALLTOWN FRB36BF9 36-Inch by 5-Inch Multi-Mount Blue Steel Fresno with BF9 Bracket", "imUrl": "http://ecx.images-amazon.com/images/I/31U%2BwXlv9LL._SX300_.jpg", "price": 72.73, "numReviews": 1, "groups": [82], "averageRating": 5.0}, {"asin": "B00004YYD1", "name": "Dico 541-780-21/2 Nyalox Cup Brush 21/2-Inch Orange 120 Grit", "imUrl": "http://ecx.images-amazon.com/images/I/51HnvfR1wEL._SY300_.jpg", "price": 7.11, "numReviews": 14, "groups": [83], "averageRating": 4.428571428571429, "brand": "Dico"}, {"asin": "B00BNQR5DK", "name": "Estwing 2 Replacement Leather Axe Sheath for Estwing 14A", "imUrl": "http://ecx.images-amazon.com/images/I/41kIV5ep9qL._SY300_.jpg", "price": 5.98, "numReviews": 9, "groups": [84], "averageRating": 3.7777777777777777}, {"asin": "B0042XA6O6", "name": "MARSHALLTOWN The Premier Line ESBLACK4 4-Ounce Black Elements Concrete Stain", "imUrl": "http://ecx.images-amazon.com/images/I/61klYW5QE0L._SX300_.jpg", "price": 16.49, "numReviews": 3, "groups": [85], "averageRating": 2.6666666666666665}, {"asin": "B000EOJPNA", "name": "MARSHALLTOWN The Premier Line 143D 16-Inch by 3-1/8-Inch Round End Magnesium Hand Float with DuraSoft Handle", "imUrl": "http://ecx.images-amazon.com/images/I/31PBIeX4%2BIL._SY300_.jpg", "price": 28.67, "numReviews": 2, "groups": [86], "averageRating": 4.5}, {"asin": "B00002X2CT", "name": "Goldblatt G01920 5-Inch x 2-Inch Margin Trowel Pointing / Great for Brick", "imUrl": "http://ecx.images-amazon.com/images/I/31OiALpUvEL._SY300_.jpg", "price": 5.03, "numReviews": 5, "groups": [32, 35, 87], "averageRating": 4.6}, {"asin": "B001RJ70F6", "name": "MARSHALLTOWN The Premier Line ML613 Mason's Line 500-Foot Neon Green Bonded & Braided Nylon", "imUrl": "http://ecx.images-amazon.com/images/I/51YWwAOUN9L._SX300_.jpg", "price": 24.91, "numReviews": 2, "groups": [88], "averageRating": 5.0}, {"asin": "B00D223XMU", "name": "Roberts 10-836 Finishing and Plastering Trowel with Wood Handle and Polished Steel Blade, 11-Inch by 4-1/2-Inch", "imUrl": "http://ecx.images-amazon.com/images/I/31iCbU1m9xL._SX300_.jpg", "price": 3.97, "numReviews": 2, "groups": [89], "averageRating": 5.0}, {"asin": "B00460XPX4", "name": "844/I Pavan Inox Trowel 240x100x0.6mm", "imUrl": "http://ecx.images-amazon.com/images/I/41BG3WL848L._SX300_.jpg", "price": 60.95, "numReviews": 1, "groups": [90], "averageRating": 5.0}, {"asin": "B00BNQR440", "name": "Estwing 3 Leather Sheath for Rock Pick Hammer", "imUrl": "http://ecx.images-amazon.com/images/I/31UprihHHKL._SX300_.jpg", "price": 12.49, "numReviews": 26, "groups": [91], "averageRating": 4.461538461538462}, {"asin": "B000I19AMK", "name": "QLT By MARSHALLTOWN 6262 10-Inch by 4-1/4-Inch Plastic Notched \"V\" Trowel", "imUrl": "http://ecx.images-amazon.com/images/I/41g9n91FRvL._SX300_.jpg", "price": 4.25, "numReviews": 1, "groups": [92], "averageRating": 5.0}, {"asin": "B000HI1Q1C", "name": "Vermont American 16781 2-Inch Crimped Wire Cup Brush, Coarse", "imUrl": "http://ecx.images-amazon.com/images/I/517FUgFgAHL._SY300_.jpg", "price": 6.29, "numReviews": 8, "groups": [93], "averageRating": 4.875, "brand": "Vermont American"}, {"asin": "B0002YPRNE", "name": "Goldblatt G06434 Pro-Grip Round Magnesium Hand Float", "imUrl": "http://ecx.images-amazon.com/images/I/31U%2B4PEND6L._SX300_.jpg", "price": 22.82, "numReviews": 2, "groups": [94], "averageRating": 4.5}, {"asin": "B001IYCF2I", "name": "Stringliner 25162 Nylon Mason Line With Reel", "imUrl": "http://ecx.images-amazon.com/images/I/31ixIGyO7PL._SY300_.jpg", "price": 10.15, "numReviews": 1, "groups": [95], "averageRating": 5.0, "brand": "Stringliner"}, {"asin": "B001RJ6JDU", "name": "MARSHALLTOWN The Premier Line 15539 1-3/4-Inch Female End to Push Button Adapter", "imUrl": "http://ecx.images-amazon.com/images/I/31BrWowxCYL._SX300_.jpg", "price": 13.78, "numReviews": 1, "groups": [96], "averageRating": 5.0}, {"asin": "B0001IW4PA", "name": "MARSHALLTOWN The Premier Line 45 6D 6-Inch by 2-3/4-Inch Pointing Trowel with DuraSoft Handle", "imUrl": "http://ecx.images-amazon.com/images/I/21t9693W-ML._SX300_.jpg", "price": 11.98, "numReviews": 1, "groups": [97], "averageRating": 5.0}, {"asin": "B001RJ4VJ4", "name": "MARSHALLTOWN The Premier Line MXS11SSD 11-Inch by 3-3/4-Inch Stainless Steel Venetian Plastering Trowel with DuraSoft Handle", "imUrl": "http://ecx.images-amazon.com/images/I/31p9kpJqJ%2BL._SY300_.jpg", "price": 46.88, "numReviews": 5, "groups": [98], "averageRating": 4.8}, {"asin": "B003A83GK0", "name": "MARSHALLTOWN The Premier Line 46 114S 4-Inch Heavy Duty London Style Pointing Trowel with Wooden Handle", "imUrl": "http://ecx.images-amazon.com/images/I/317Aj0ZtMTL._SY300_.jpg", "price": 12.55, "numReviews": 8, "groups": [22, 49], "averageRating": 4.875}, {"asin": "B000BO7D1O", "name": "MARSHALLTOWN The Premier Line SP14SD 14-Inch by 4-Inch Pool Trowel with DuraSoft Handle", "imUrl": "http://ecx.images-amazon.com/images/I/31fqP47XEhL._SX300_.jpg", "price": 23.99, "numReviews": 2, "groups": [99], "averageRating": 5.0}, {"asin": "B000FK74C2", "name": "QEP 62422 Offset Grout Float", "imUrl": "http://ecx.images-amazon.com/images/I/41NQMsqrHIL._SX300_.jpg", "price": 13.97, "numReviews": 1, "groups": [100], "averageRating": 5.0, "brand": "QEP"}, {"asin": "B001RJ8OHO", "name": "Marshalltown 1/4\" X 1/4\" V-notch Trowel.", "imUrl": "http://ecx.images-amazon.com/images/I/11NnqvvBJ3L.jpg", "price": 23.99, "numReviews": 1, "groups": [101], "averageRating": 4.0}, {"asin": "B0014XZKO8", "name": "Goldblatt G06432 Pro-Grip Extruded Magnesium Hand Float", "imUrl": "http://ecx.images-amazon.com/images/I/31OhHOG-FiL._SX300_.jpg", "price": 15.85, "numReviews": 5, "groups": [102], "averageRating": 5.0, "brand": "Goldblatt", "salesRankCategory": "Home Improvement", "salesRank": 47739}, {"asin": "B008MHY21Q", "name": "MARSHALLTOWN The Premier Line MXS875SSD 8-3/4-Inch by 3-3/4-Inch Stainless Steel Venetian Plastering Trowel Dura Soft Handle", "imUrl": "http://ecx.images-amazon.com/images/I/41SX07SmCCL._SX300_.jpg", "price": 42.58, "numReviews": 2, "groups": [98], "averageRating": 4.0}, {"asin": "B003A83D76", "name": "MARSHALLTOWN The Premier Line 19 8.25 8-1/4-Inch Bucket Trowel", "imUrl": "http://ecx.images-amazon.com/images/I/315qfgsOOZL._SX300_.jpg", "price": 32.63, "numReviews": 1, "groups": [15, 16], "averageRating": 5.0}, {"asin": "B0046009O2", "name": "844/i Pavan Inox Trowel 200x80x0.5mm", "imUrl": "http://ecx.images-amazon.com/images/I/41BG3WL848L._SX300_.jpg", "price": 57.95, "numReviews": 2, "groups": [103], "averageRating": 4.5}, {"asin": "B003A83G9G", "name": "QLT By MARSHALLTOWN FR36RBF9 36-Inch by 5-Inch Round End Carbon Steel Fresno with BF9 Bracket", "imUrl": "http://ecx.images-amazon.com/images/I/315AhEmz-PL._SX300_.jpg", "price": 81.62, "numReviews": 7, "groups": [104], "averageRating": 4.571428571428571}, {"asin": "B000COA5CC", "name": "BonWay 32-393 Ironoxx Integral Concrete Pigment, 722 Black Ironoxx, 25-Pound Bag", "imUrl": "http://ecx.images-amazon.com/images/I/415XXSTY5EL._SX300_.jpg", "price": 59.95, "numReviews": 1, "groups": [105], "averageRating": 5.0, "brand": "BonWay"}, {"asin": "B000GARZ9S", "name": "QLT By MARSHALLTOWN 6287 Plastic Notched Spreader", "imUrl": "http://ecx.images-amazon.com/images/I/51Sd4RrnC3L._SX300_.jpg", "price": 3.25, "numReviews": 8, "groups": [106], "averageRating": 4.5}, {"asin": "B000L3S3JQ", "name": "Bon 11-482 1/4-Inch by 3/8-Inch Carbon Steel Flat Double Sided Masonry Slicker", "imUrl": "http://ecx.images-amazon.com/images/I/31cEiFBbWFL._SX300_.jpg", "price": 11.75, "numReviews": 1, "groups": [107], "averageRating": 5.0, "brand": "Bon"}, {"asin": "B005GGLJGW", "name": "6-pc Detail Wire Brush Set - 6 Piece", "imUrl": "http://ecx.images-amazon.com/images/I/41M24IY2MiL._SY300_.jpg", "price": 7.95, "numReviews": 4, "groups": [108], "averageRating": 3.25}, {"asin": "B0002YPNDS", "name": "QLT By MARSHALLTOWN 16-MRL Mini Rock-It Adjustable Angle Adapter for 1-3/4-Inch Snap Handle", "imUrl": "http://ecx.images-amazon.com/images/I/31agWoeDM8L._SX300_.jpg", "price": 10.12, "numReviews": 2, "groups": [109], "averageRating": 5.0}, {"asin": "B0011MQ5FU", "name": "Bon 11-310 Stainless Steel Bucket Trowel", "imUrl": "http://ecx.images-amazon.com/images/I/118YRNec63L.jpg", "price": 29.81, "numReviews": 1, "groups": [43], "averageRating": 5.0}, {"asin": "B002Q8HL92", "name": "Goldblatt G14338 Inside Corner Rubber Wipe-Down Knife", "imUrl": "http://ecx.images-amazon.com/images/I/31kc2tJEcfL._SY300_.jpg", "price": 14.94, "numReviews": 3, "groups": [110], "averageRating": 5.0}, {"asin": "B000M2V0VE", "name": "MARSHALLTOWN The Premier Line 847 36-Inch Concrete Broom", "imUrl": "http://ecx.images-amazon.com/images/I/31qn34jVOSL._SX300_.jpg", "price": 21.73, "numReviews": 1, "groups": [111], "averageRating": 3.0, "salesRankCategory": "Home Improvement", "salesRank": 151768}, {"asin": "B000I196YW", "name": "MARSHALLTOWN The Premier Line TSP473 Tile Spacer Popper with DuraSoft Handle", "imUrl": "http://ecx.images-amazon.com/images/I/31AMspIeagL._SX300_.jpg", "price": 10.77, "numReviews": 2, "groups": [112], "averageRating": 4.0}, {"asin": "B000NBAFR4", "name": "Uff-2000 Ultralight Epoxy Floor Float 3-7/8\" X 10-7/16\" (Solid Green Pad)", "imUrl": "http://ecx.images-amazon.com/images/I/31QQK6aOJrL._SY300_.jpg", "price": 18.97, "numReviews": 1, "groups": [113], "averageRating": 5.0}, {"asin": "B001DQCAA8", "name": "Goldblatt G02391 1/4-Inch By 3/8-Inch By 1/4-Inch Square Notch Trowel With Plastic Handle", "imUrl": "http://ecx.images-amazon.com/images/I/71%2BgjOEWAkL._SX300_.gif", "price": 6.62, "numReviews": 7, "groups": [114], "averageRating": 3.5714285714285716, "brand": "Goldblatt"}, {"asin": "B005KDEE4A", "name": "Rubbermaid Commercial FG9B4500GRAY Wire Brush and Plastic Butcher Block Handle, Steel Bristles, Yellow", "imUrl": "http://ecx.images-amazon.com/images/I/41Q5mrF4U0L._SX342_.jpg", "price": 7.33, "numReviews": 2, "groups": [115], "averageRating": 3.0, "salesRankCategory": "Industrial & Scientific", "salesRank": 7555}, {"asin": "B0042XA6GO", "name": "MARSHALLTOWN The Premier Line ESTANNIN4 4-Ounce Tannin Elements Concrete Stain", "imUrl": "http://ecx.images-amazon.com/images/I/617l78-PlGL._SX300_.jpg", "price": 16.53, "numReviews": 4, "groups": [116], "averageRating": 4.75}, {"asin": "B004RZDGZA", "name": "TBC Margin Trowel Float 6\"x 2-1/2\" Professional Gum Rubber Face Bonder to Foam Rubber Pad. Speciality Grout Float Designed for Hard to Reach Areas. Narrow Width & Offset Handle Allow Work Under Toe-Kick Space Under Cabinets and Small Areas. Float 11\"", "imUrl": "http://ecx.images-amazon.com/images/I/41hGBVs1TvL._SX300_.jpg", "price": 8.29, "numReviews": 3, "groups": [117], "averageRating": 4.333333333333333}, {"asin": "B001RJ0NHS", "name": "MARSHALLTOWN The Premier Line GR24 24-Inch Gauge Rake with Handle", "imUrl": "http://ecx.images-amazon.com/images/I/41lwHjFdfeL._SY300_.jpg", "price": 39.16, "numReviews": 2, "groups": [26], "averageRating": 2.5}, {"asin": "B004I4LFU8", "name": "Kraft Tool Walking Magnesium Concrete Float 24\" x 3.25\"", "imUrl": "http://ecx.images-amazon.com/images/I/21gV--pRcXL._SX300_.jpg", "price": 36.0, "numReviews": 1, "groups": [118], "averageRating": 4.0, "brand": "Kraft Tool"}, {"asin": "B001RJ6WVE", "name": "QLT By MARSHALLTOWN BF9 Rock-It 2.0 Bull Float Bracket", "imUrl": "http://ecx.images-amazon.com/images/I/418POwT4%2BGL._SY300_.jpg", "price": 85.52, "numReviews": 1, "groups": [119], "averageRating": 5.0}, {"asin": "B0071JIERY", "name": "QLT By MARSHALLTOWN BTSG11 11-Inch Brick Trowel with a Soft Grip Handle", "imUrl": "http://ecx.images-amazon.com/images/I/31eiD6wWlWL._SX300_.jpg", "price": 19.37, "numReviews": 4, "groups": [120], "averageRating": 4.0}, {"asin": "B000NBBXXE", "name": "8' x 1\" x 4\" Kraft Magnesium Straight Edge", "imUrl": "http://ecx.images-amazon.com/images/I/11wg%2B8TNtgL.jpg", "price": 105.47, "numReviews": 1, "groups": [121], "averageRating": 5.0}, {"asin": "B005IWGY7I", "name": "Goldblatt Tool Company G02109 5-Inch x 2-Inch V Notch Margin Trowel", "imUrl": "http://ecx.images-amazon.com/images/I/31rO2VmuibL._SX300_.jpg", "price": 6.3, "numReviews": 1, "groups": [122], "averageRating": 5.0}, {"asin": "B001RJ08TG", "name": "MARSHALLTOWN The Premier Line 12CSSD 16-Inch by 4-1/2-Inch Stainless Steel Drywall Trowel with DuraSoft Handle", "imUrl": "http://ecx.images-amazon.com/images/I/41%2BKHKI75PL._SX300_.jpg", "price": 45.27, "numReviews": 1, "groups": [123], "averageRating": 5.0}, {"asin": "B001T4ULXM", "name": "MARSHALLTOWN The Premier Line 629 1000-Foot Mason's Line White Twisted Nylon", "imUrl": "http://ecx.images-amazon.com/images/I/31CQZnwoQ2L._SY300_.jpg", "price": 9.8, "numReviews": 6, "groups": [124], "averageRating": 4.333333333333333}, {"asin": "B00475LXPA", "name": "5 Piece Mason's Concrete Trowel Set", "imUrl": "http://ecx.images-amazon.com/images/I/41UjvPhrDQL._SX300_.jpg", "price": 36.68, "numReviews": 5, "groups": [125], "averageRating": 4.4}, {"asin": "B00004YOSB", "name": "Wooster Brush 1824 Wire Boss Wire Brush", "imUrl": "http://ecx.images-amazon.com/images/I/41f1TVP7tiL._SX300_.jpg", "price": 7.09, "numReviews": 16, "groups": [126], "averageRating": 4.5625, "brand": "Wooster Brush"}, {"asin": "B000KKPEBA", "name": "Mintcraft Wb00619s Wire Brushes Straight Back Rows 6 X 19", "imUrl": "http://ecx.images-amazon.com/images/I/51DgVPMSlZL._SY300_.jpg", "price": 6.85, "numReviews": 2, "groups": [127], "averageRating": 5.0, "brand": "Mintcraft"}, {"asin": "B003A83DJE", "name": "MARSHALLTOWN The Premier Line ATH45 4-1/2-Inch Philadelphia Style Pointing Trowel with Archaeology  Holster", "imUrl": "http://ecx.images-amazon.com/images/I/31TNBy8Uv7L._SX300_.jpg", "price": 27.77, "numReviews": 1, "groups": [128], "averageRating": 5.0}, {"asin": "B00099X7Y8", "name": "MARSHALLTOWN The Premier Line 50D 5-Inch by 3-1/2-Inch Bullnose Outside Corner Trowel with DuraSoft Handle", "imUrl": "http://ecx.images-amazon.com/images/I/31gSu9d830L._SX300_.jpg", "price": 15.75, "numReviews": 2, "groups": [129], "averageRating": 3.5}, {"asin": "B0061Z1FEI", "name": "Goldblatt G02385 1/2-Inch By 1/2-Inch By 1/2-Inch U-Notch Trowel With Pro-Grip Handle", "imUrl": "http://ecx.images-amazon.com/images/I/31CtJdHNJAL._SX300_.jpg", "price": 9.84, "numReviews": 1, "groups": [130], "averageRating": 5.0}, {"asin": "B00BHN5A0Y", "name": "DW733PF - 6- Flex All SS Joint Knife w- Sure Grip Hdl", "imUrl": "http://ecx.images-amazon.com/images/I/31noKwoFrNL._SY300_.jpg", "price": 12.99, "numReviews": 2, "groups": [131], "averageRating": 5.0}, {"asin": "B0042XA6LO", "name": "MARSHALLTOWN The Premier Line ESTAUPE4 4-Ounce Taupe Elements Concrete Stain", "imUrl": "http://ecx.images-amazon.com/images/I/51gYDQkm2qL._SX300_.jpg", "price": 17.85, "numReviews": 1, "groups": [132], "averageRating": 1.0}, {"asin": "B005HAYFCW", "name": "TBC Trowel: Professional Notched Trowel 1/4\" X 1/4\" X 3/8\" Square Notch with Tempered Steel Blade. Ground and Polished. Has Grip Cushion Handle", "imUrl": "http://ecx.images-amazon.com/images/I/41HvumVnmZL._SX300_.jpg", "price": 11.12, "numReviews": 1, "groups": [133], "averageRating": 4.0}, {"asin": "B000V4EHBS", "name": "MARSHALLTOWN The Premier Line 136SSD 6-Inch by 3-Inch Stainless Steel Edger with DuraSoft Handle", "imUrl": "http://ecx.images-amazon.com/images/I/41cSmS3dNuL._SX300_.jpg", "price": 14.79, "numReviews": 5, "groups": [134], "averageRating": 5.0}, {"asin": "B001NO9OS6", "name": "Hyde Tools 18060 2-Inch by 5-Inch MaxxGrip Margin Trowel", "imUrl": "http://ecx.images-amazon.com/images/I/317HkRDQu8L._SX300_.jpg", "price": 4.09, "numReviews": 2, "groups": [135], "averageRating": 5.0, "brand": "Hyde Tools"}, {"asin": "B00002N5P5", "name": "QLT By MARSHALLTOWN 911 3-1/2-Inch by 4-1/2-Inch Inside Drywall Corner Trowel with Plastic Handle", "imUrl": "http://ecx.images-amazon.com/images/I/41vHfo9UdIL._SX300_.jpg", "price": 15.36, "numReviews": 3, "groups": [136], "averageRating": 4.666666666666667}, {"asin": "B0014Y1PIM", "name": "Goldblatt G05181 Drywall Pocket Rasp", "imUrl": "http://ecx.images-amazon.com/images/I/418WuFNz5nL._SX300_.jpg", "price": 7.99, "numReviews": 3, "groups": [137], "averageRating": 4.666666666666667, "brand": "Goldblatt"}, {"asin": "B004S33KOI", "name": "TBC Economy V-Notch Trowel 1/4\"x 3/16\" Blade size 4\"x 9\" Steel Blade", "imUrl": "http://ecx.images-amazon.com/images/I/41jrA4xF6pL._SX300_.jpg", "price": 14.99, "numReviews": 4, "groups": [138], "averageRating": 4.5}, {"asin": "B003A83GUA", "name": "QLT By MARSHALLTOWN BFKIT9 Finisher's Tote with Round End Bull Float, Rock-It 2.0 Bracket andQLT Handles", "imUrl": "http://ecx.images-amazon.com/images/I/41FNYS8KqRL._SX300_.jpg", "price": 290.82, "numReviews": 7, "groups": [139], "averageRating": 4.428571428571429}, {"asin": "B000PSBVD2", "name": "MARSHALLTOWN The Premier Line DR389 DuraSoft Drywall Rasp with Rails", "imUrl": "http://ecx.images-amazon.com/images/I/413m2XvWeUL._SX300_.jpg", "price": 6.65, "numReviews": 3, "groups": [140], "averageRating": 3.3333333333333335}, {"asin": "B0086CNZ6U", "name": "Bon 13-150 Plastic Bristle Stucco Dash Brush", "imUrl": "http://ecx.images-amazon.com/images/I/412wjyb3w8L._SY300_.jpg", "price": 13.79, "numReviews": 1, "groups": [141], "averageRating": 5.0}, {"asin": "B000A3GA6K", "name": "Bon 11-882 18 No.250-Feet EZC Bricklayers Braided Nylon Line, Neon Pink", "imUrl": "http://ecx.images-amazon.com/images/I/41KJVX4zZzL._SX300_.jpg", "price": 10.36, "numReviews": 3, "groups": [142], "averageRating": 5.0, "brand": "Bon"}, {"asin": "B00005QVSX", "name": "Goldblatt G16290 Hustler Bull Float Bracket", "imUrl": "http://ecx.images-amazon.com/images/I/41R8ZAE4PVL._SY300_.jpg", "price": 37.31, "numReviews": 1, "groups": [143], "averageRating": 1.0, "brand": "Goldblatt"}, {"asin": "B001RJ08PU", "name": "MARSHALLTOWN The Premier Line 12C 16-Inch by 4-1/2-Inch Drywall Trowel", "imUrl": "http://ecx.images-amazon.com/images/I/31nvlWg-aoL._SX300_.jpg", "price": 41.7, "numReviews": 1, "groups": [144], "averageRating": 5.0}, {"asin": "B000LDE6ME", "name": "QEP 10061 Gum Rubber Grout Float", "imUrl": "http://ecx.images-amazon.com/images/I/31Z4Sq0GlpL._SX300_.jpg", "price": 8.28, "numReviews": 5, "groups": [145], "averageRating": 4.6, "brand": "QEP"}, {"asin": "B00005QVSG", "name": "Goldblatt G01679 1/4-Inch Tuckpointing Trowel", "imUrl": "http://ecx.images-amazon.com/images/I/31p7-P874dL._SX300_.jpg", "price": 11.05, "numReviews": 2, "groups": [31], "averageRating": 3.5, "brand": "Goldblatt"}, {"asin": "B00004YYD5", "name": "Dico 541-776-4 Nyalox Flap Brush 4-Inch Grey 80 Grit", "imUrl": "http://ecx.images-amazon.com/images/I/41K1aZmiXML._SY300_.jpg", "price": 7.53, "numReviews": 2, "groups": [146], "averageRating": 4.5, "brand": "Dico"}, {"asin": "B001RIXGW8", "name": "MARSHALLTOWN The Premier Line 6598 36-Inch Horsehair Concrete Finishing Broom", "imUrl": "http://ecx.images-amazon.com/images/I/31N6RAL6e6L._SX300_.jpg", "price": 49.58, "numReviews": 1, "groups": [147], "averageRating": 3.0}, {"asin": "B00002N7WG", "name": "MARSHALLTOWN The Premier Line 56 6-Inch by 2-Inch Margin Trowel", "imUrl": "http://ecx.images-amazon.com/images/I/31XO5k%2BnLHL._SX300_.jpg", "price": 13.27, "numReviews": 1, "groups": [148], "averageRating": 5.0}, {"asin": "B000WS3854", "name": "NATTCO PT4006 Soft/Handle 11\" Trowel Camel Back 1/4\" x 3/8\" x 1/4\" notch size", "imUrl": "http://ecx.images-amazon.com/images/I/41%2BuxvkG7CL._SX300_.jpg", "price": 8.58, "numReviews": 1, "groups": [149], "averageRating": 4.0}, {"asin": "B004ULSR00", "name": "Republic Pro Margin Trowel Grout Float 2\" x 6\"", "imUrl": "http://ecx.images-amazon.com/images/I/31UYB6c7v0L._SX300_.jpg", "price": 8.29, "numReviews": 1, "groups": [150], "averageRating": 5.0}, {"asin": "B003A83DSU", "name": "MARSHALLTOWN The Premier Line MXS1GS 11-Inch by 4-1/2-Inch Golden Stainless Steel Finishing Trowel with Wooden Handle", "imUrl": "http://ecx.images-amazon.com/images/I/31ehpFPLlZL._SX300_.jpg", "price": 38.4, "numReviews": 1, "groups": [151], "averageRating": 4.0}, {"asin": "B0042XA6NC", "name": "MARSHALLTOWN The Premier Line ESBLUE4 4-Ounce Blue Elements Concrete Stain", "imUrl": "http://ecx.images-amazon.com/images/I/51lm%2BAqKHfL._SX300_.jpg", "price": 17.07, "numReviews": 1, "groups": [152], "averageRating": 1.0}, {"asin": "B0061Z1D7M", "name": "Goldblatt G02364 1/4 By 3/16-Inch V-Notch Trowel With Pro-Grip Handle", "imUrl": "http://ecx.images-amazon.com/images/I/31iq91tNbKL._SX300_.jpg", "price": 14.99, "numReviews": 4, "groups": [153], "averageRating": 4.0}, {"asin": "B0002ILXYC", "name": "Versa-Trowel Adjustable Corner Trowel", "imUrl": "http://ecx.images-amazon.com/images/I/41diDeCF0wL._SY300_.jpg", "price": 19.99, "numReviews": 5, "groups": [77], "averageRating": 4.0}, {"asin": "B0002JT2B2", "name": "MARSHALLTOWN The Premier Line 19 12FG 12-Inch Brick Trowel Philadelphia Pattern with DuraSoft Handle", "imUrl": "http://ecx.images-amazon.com/images/I/31NMQRX80nL._SX300_.jpg", "price": 63.99, "numReviews": 1, "groups": [154], "averageRating": 5.0}, {"asin": "B003A83DJO", "name": "MARSHALLTOWN The Premier Line 45 4.5 4-1/2-Inch by 2-1/4-Inch Pointing Trowel", "imUrl": "http://ecx.images-amazon.com/images/I/31%2BKcT5HwBL._SX300_.jpg", "price": 14.95, "numReviews": 1, "groups": [155], "averageRating": 5.0}, {"asin": "B000VA7WUA", "name": "Vermont American 16783 3-Inch Coarse Wire Cup Brush with 1/4-Inch Hex Shank for Drill", "imUrl": "http://ecx.images-amazon.com/images/I/51aTQzrt7OL._SY300_.jpg", "price": 6.99, "numReviews": 6, "groups": [156], "averageRating": 4.833333333333333, "brand": "Vermont American"}, {"asin": "B001RJ29QG", "name": "MARSHALLTOWN The Premier Line 121BD 6-Inch x 3-Inch Blue Steel Edger-Curved Ends 1/2-Inch Radius, 5/8-Inch Lip-DuraSoft Handle", "imUrl": "http://ecx.images-amazon.com/images/I/41z7MLe7ztL._SX300_.jpg", "price": 11.37, "numReviews": 1, "groups": [157], "averageRating": 5.0}, {"asin": "B00002N5Q5", "name": "MARSHALLTOWN The Premier Line 1D 13-Inch by 13-Inch Aluminum Hawk with DuraSoft Handle", "imUrl": "http://ecx.images-amazon.com/images/I/41BSYW0QQNL.gif", "price": 22.99, "numReviews": 4, "groups": [158], "averageRating": 5.0}, {"asin": "B001RJ0IL4", "name": "MARSHALLTOWN The Premier Line 15538 1-3/4-Inch Male Thread Push Button Adapter", "imUrl": "http://ecx.images-amazon.com/images/I/31szCVSKy5L._SX300_.jpg", "price": 16.44, "numReviews": 1, "groups": [96], "averageRating": 5.0}, {"asin": "B000A30V5G", "name": "Bon 13-117 12-Inch Spring Steel Scarifier, 3-Inch Tines", "imUrl": "http://ecx.images-amazon.com/images/I/41M5TM4AVSL._SX300_.jpg", "price": 16.4, "numReviews": 2, "groups": [159], "averageRating": 5.0, "brand": "Bon"}, {"asin": "B0042XA6KA", "name": "MARSHALLTOWN The Premier Line ESKONA4 4-Ounce Kona Brown Elements Concrete Stain", "imUrl": "http://ecx.images-amazon.com/images/I/51DKCR-Cz2L._SX300_.jpg", "price": 16.21, "numReviews": 5, "groups": [160], "averageRating": 3.8}, {"asin": "B000YZ3698", "name": "Tajima PL-ITOL Chalk-Rite Premium Grade Extra Bold Nylon Line, 1 mm Thick by 100-Feet", "imUrl": "http://ecx.images-amazon.com/images/I/51ig0Q%2BRjkL._SY300_.jpg", "price": 7.27, "numReviews": 6, "groups": [161], "averageRating": 4.666666666666667}, {"asin": "B00BNQR4TU", "name": "Estwing 1 Replacement Leather Axe Sheath for Estwing 24A", "imUrl": "http://ecx.images-amazon.com/images/I/41yifj9n8uL._SX300_.jpg", "price": 8.4, "numReviews": 9, "groups": [162], "averageRating": 3.5555555555555554}, {"asin": "B004BSGUCY", "name": "MARSHALLTOWN The Premier Line MXS205BD 20-Inch by 5-Inch Blue Steel Finishing Trowel with Curved DuraSoft Handle", "imUrl": "http://ecx.images-amazon.com/images/I/31I1QNGZ2EL._SX300_.jpg", "price": 48.71, "numReviews": 1, "groups": [163], "averageRating": 5.0}, {"asin": "B000COES70", "name": "BonWay 32-378 Ironoxx Integral Concrete Pigment, 313 Yellow Ironoxx, 10-Pound Bag", "imUrl": "http://ecx.images-amazon.com/images/I/415XXSTY5EL._SX300_.jpg", "price": 29.95, "numReviews": 1, "groups": [164], "averageRating": 5.0, "brand": "BonWay"}, {"asin": "B0015BDZO6", "name": "MARSHALLTOWN The Premier Line 23D 4-Inch by 5-Inch Inside Drywall Corner Trowel with DuraSoft Handle", "imUrl": "http://ecx.images-amazon.com/images/I/41z8C3SBcGL._SX300_.jpg", "price": 14.1, "numReviews": 8, "groups": [165], "averageRating": 4.5}, {"asin": "B000KKWU80", "name": "MARSHALLTOWN The Premier Line ML341 Mason's Line 500-Foot Fluorescent Green Braided Nylon", "imUrl": "http://ecx.images-amazon.com/images/I/41WHi324kYL._SY300_.jpg", "price": 14.12, "numReviews": 1, "groups": [166], "averageRating": 5.0}, {"asin": "B000LDG5OQ", "name": "QLT By MARSHALLTOWN MB48 48-Inch by 8-Inch Magnesium Bull Float", "imUrl": "http://ecx.images-amazon.com/images/I/31RRc28TtVL._SX300_.jpg", "price": 88.85, "numReviews": 1, "groups": [167], "averageRating": 5.0}, {"asin": "B000BD5ESE", "name": "Stringliner 24106 Orange Twist Line Pro Level Wiz Line Reel", "imUrl": "http://ecx.images-amazon.com/images/I/416CZHtaVdL._SY300_.jpg", "price": 8.52, "numReviews": 10, "groups": [81], "averageRating": 4.7, "brand": "Stringliner"}, {"asin": "B0042XA6IW", "name": "MARSHALLTOWN The Premier Line ESSTYGN4 4-Ounce Stygian Elements Concrete Stain", "imUrl": "http://ecx.images-amazon.com/images/I/51S0tYcCOVL._SX300_.jpg", "price": 15.75, "numReviews": 2, "groups": [168], "averageRating": 3.0}, {"asin": "B0042XA6IC", "name": "MARSHALLTOWN The Premier Line ESCORLTH4 4-Ounce Cordovan Leather Elements Concrete Stain", "imUrl": "http://ecx.images-amazon.com/images/I/51%2BGYku5dUL._SX300_.jpg", "price": 16.1, "numReviews": 3, "groups": [80, 169], "averageRating": 2.6666666666666665}, {"asin": "B00004YYD6", "name": "Dico 541-782-4 Nyalox Flap Brush 4-Inch Orange 120 Grit", "imUrl": "http://ecx.images-amazon.com/images/I/41GXos7W-hL._SX300_.jpg", "price": 7.53, "numReviews": 2, "groups": [170], "averageRating": 4.0, "brand": "Dico"}, {"asin": "B001DQA70S", "name": "Pacesetter G02650 1/16-Inch Square And 1/16-Inch By 1/32-Inch By 1/32-Inchu Notch Trowel With Plastic Handle", "imUrl": "http://ecx.images-amazon.com/images/I/71%2BgjOEWAkL._SX300_.gif", "price": 5.59, "numReviews": 1, "groups": [171], "averageRating": 1.0, "brand": "Pacesetter"}, {"asin": "B001RJ2A60", "name": "MARSHALLTOWN The Premier Line 12ASSD 14-Inch by 4-1/2-Inch Stainless Steel Drywall Trowel with DuraSoft Handle", "imUrl": "http://ecx.images-amazon.com/images/I/41%2BKHKI75PL._SX300_.jpg", "price": 45.27, "numReviews": 3, "groups": [20], "averageRating": 4.666666666666667}, {"asin": "B000KL12G0", "name": "MARSHALLTOWN The Premier Line 4710 Aluminum Groover Attachment for Bull Float", "imUrl": "http://ecx.images-amazon.com/images/I/11Dn9Vqy9%2BL.jpg", "price": 23.4, "numReviews": 1, "groups": [172], "averageRating": 5.0}, {"asin": "B002ZFVA66", "name": "Kraft WL069 EZ-Kneeler Kneeboard", "imUrl": "http://ecx.images-amazon.com/images/I/41wFMpg4oQL._SY300_.jpg", "price": 17.0, "numReviews": 8, "groups": [27], "averageRating": 5.0, "brand": "Kraft"}, {"asin": "B000COES6G", "name": "BonWay 32-371 Ironoxx Integral Concrete Pigment, 130 Red Ironoxx, 10-Pound Bag", "imUrl": "http://ecx.images-amazon.com/images/I/415XXSTY5EL._SX300_.jpg", "price": 26.8, "numReviews": 1, "groups": [173], "averageRating": 5.0, "brand": "BonWay"}, {"asin": "B003A83EZC", "name": "QLT By MARSHALLTOWN MB48RR 48-Inch Bull Float with Rock-It 2.0 Bracket", "imUrl": "http://ecx.images-amazon.com/images/I/31oGAsUtRBL._SX300_.jpg", "price": 177.31, "numReviews": 5, "groups": [139], "averageRating": 5.0}, {"asin": "B00002NBL7", "name": "MARSHALLTOWN The Premier Line 45 6 6-Inch by 2-3/4-Inch Pointing Trowel", "imUrl": "http://ecx.images-amazon.com/images/I/31%2BKcT5HwBL._SX300_.jpg", "price": 8.55, "numReviews": 25, "groups": [174], "averageRating": 4.92}, {"asin": "B003A83D7Q", "name": "MARSHALLTOWN The Premier Line 19 10.5FG 10-1/2-Inch Brick Trowel Philadelphia Pattern with DuraSoft Handle", "imUrl": "http://ecx.images-amazon.com/images/I/31NMQRX80nL._SX300_.jpg", "price": 46.31, "numReviews": 1, "groups": [175], "averageRating": 5.0}, {"asin": "B000I1EFKM", "name": "MARSHALLTOWN The Premier Line E54D 2-Inch Flat Commercial Grade Solid Rubber Seam Roller with DuraSoft Handle", "imUrl": "http://ecx.images-amazon.com/images/I/31E4-CYxrVL._SX300_.jpg", "price": 12.0, "numReviews": 68, "groups": [176], "averageRating": 4.573529411764706}, {"asin": "B001RJ6IDQ", "name": "MARSHALLTOWN The Premier Line ATH63 Trowel Holster", "imUrl": "http://ecx.images-amazon.com/images/I/11RdIah05BL.jpg", "price": 14.79, "numReviews": 2, "groups": [177], "averageRating": 4.5}, {"asin": "B0000DI84E", "name": "MARSHALLTOWN The Premier Line 12SD 11-Inch by 4-1/2-Inch Drywall Trowel with DuraSoft Handlee", "imUrl": "http://ecx.images-amazon.com/images/I/41RBc2xNO4L._SX300_.jpg", "price": 27.94, "numReviews": 1, "groups": [178], "averageRating": 5.0}, {"asin": "B000246E2M", "name": "Stringliner 24162 Pink Braided Line Pro Level Wiz Line Reel", "imUrl": "http://ecx.images-amazon.com/images/I/31ChwlMR33L._SY300_.jpg", "price": 9.51, "numReviews": 3, "groups": [179], "averageRating": 5.0, "brand": "Stringliner"}, {"asin": "B002FYG55S", "name": "M-D Building Products 20051 1/16-Inch by 1/32-Inch by 1/32-Inch Premium U Notch", "imUrl": "http://ecx.images-amazon.com/images/I/41U7zkDNVLL._SX300_.jpg", "price": 5.82, "numReviews": 1, "groups": [4], "averageRating": 5.0, "brand": "M-D Building Products"}, {"asin": "B0000224VT", "name": "QLT By MARSHALLTOWN WCB48 48-Inch x 8-Inch Bull Float", "imUrl": "http://ecx.images-amazon.com/images/I/71NA576F55L._SX300_.gif", "price": 290.82, "numReviews": 2, "groups": [180], "averageRating": 2.5}, {"asin": "B0014XZK8O", "name": "Goldblatt G03454 11-Inch Finishing Trowel Stainless Steel Wood Handle", "imUrl": "http://ecx.images-amazon.com/images/I/41GHU9xUw9L._SX300_.jpg", "price": 17.7, "numReviews": 2, "groups": [181], "averageRating": 4.0, "brand": "Goldblatt"}, {"asin": "B001HWAFFA", "name": "MARSHALLTOWN The Premier Line 626 500-Foot Mason's Line Green Braided Nylon", "imUrl": "http://ecx.images-amazon.com/images/I/51Ie7HtLyeL._SX300_.jpg", "price": 16.31, "numReviews": 2, "groups": [182], "averageRating": 3.0}, {"asin": "B00880DSSA", "name": "3.9\" Length Hardware Wood Handle Brass Wire Brush Cleaning Tool", "imUrl": "http://ecx.images-amazon.com/images/I/41sdhX6KLlL._SY300_.jpg", "price": 6.26, "numReviews": 3, "groups": [183], "averageRating": 3.6666666666666665}, {"asin": "B000GF49EC", "name": "MARSHALLTOWN The Premier Line GB690 12-Inch by 24-Inch Blu-Tip Grout Bag", "imUrl": "http://ecx.images-amazon.com/images/I/31cy%2BoCQWvL._SX300_.jpg", "price": 7.07, "numReviews": 7, "groups": [184], "averageRating": 4.285714285714286, "salesRankCategory": "Home Improvement", "salesRank": 8701}, {"asin": "B002PEX754", "name": "Goldblatt G05116 Stippling Texture Brush", "imUrl": "http://ecx.images-amazon.com/images/I/41PiH8cGGqL._SX300_.jpg", "price": 11.98, "numReviews": 4, "groups": [185], "averageRating": 4.0}, {"asin": "B001AAAWDY", "name": "MARSHALLTOWN The Premier Line E400 The Enforcer Portable Texture Sprayer", "imUrl": "http://ecx.images-amazon.com/images/I/51yc9tyTmDL._SY300_.jpg", "price": 369.0, "numReviews": 3, "groups": [186], "averageRating": 3.3333333333333335}, {"asin": "B00002NBLC", "name": "QLT By MARSHALLTOWN 723 12-Inch Blue Steel Scarifier with Structural Foam Handle", "imUrl": "http://ecx.images-amazon.com/images/I/410RpTsoV1L._SX300_.jpg", "price": 12.72, "numReviews": 1, "groups": [159], "averageRating": 5.0}, {"asin": "B000LDMDM4", "name": "MARSHALLTOWN The Premier Line PS660 Drywall Pole Sander", "imUrl": "http://ecx.images-amazon.com/images/I/41lDWd3810L._SX300_.jpg", "price": 13.35, "numReviews": 1, "groups": [187], "averageRating": 3.0}, {"asin": "B0011T653A", "name": "*TexMaster Tools 12\" Magic Trowel", "imUrl": "http://ecx.images-amazon.com/images/I/31wqGdufuJL._SY300_.jpg", "price": 18.7, "numReviews": 3, "groups": [188], "averageRating": 4.666666666666667}, {"asin": "B0013WME5S", "name": "Goldblatt G02362 1/4-Inch By 3/8-Inch By 1/4-Inch Square Notch Trowel With Pro-Grip Handle", "imUrl": "http://ecx.images-amazon.com/images/I/31lc2%2BBHa6L._SX300_.jpg", "price": 6.86, "numReviews": 1, "groups": [189], "averageRating": 5.0, "brand": "Goldblatt"}, {"asin": "B002UHKMF4", "name": "Goldblatt G06164 Cast Magnesium Hand Float", "imUrl": "http://ecx.images-amazon.com/images/I/31H2NKnw-KL._SX300_.jpg", "price": 19.41, "numReviews": 4, "groups": [190], "averageRating": 2.0}, {"asin": "B00002N7VJ", "name": "MARSHALLTOWN The Premier Line 52 5-Inch by 2-Inch Margin Trowel", "imUrl": "http://ecx.images-amazon.com/images/I/31EnvJB0o8L._SX300_.jpg", "price": 8.55, "numReviews": 4, "groups": [33], "averageRating": 4.5}, {"asin": "B00002N5P1", "name": "QLT By MARSHALLTOWN 926 10-Inch by 4-3/4-Inch Brick Trowel London Pattern with Wood Handle", "imUrl": "http://ecx.images-amazon.com/images/I/31Gtblwty7L._SX300_.jpg", "price": 7.57, "numReviews": 7, "groups": [87, 125], "averageRating": 3.5714285714285716}, {"asin": "B00BNQR5F8", "name": "Estwing 5 Replacement Leather Axe Sheath for E44A", "imUrl": "http://ecx.images-amazon.com/images/I/41yifj9n8uL._SX300_.jpg", "price": 12.0, "numReviews": 1, "groups": [191], "averageRating": 5.0}, {"asin": "B003A83DXU", "name": "MARSHALLTOWN The Premier Line 12SS Drywall Trowel with Straight Wood Handle", "imUrl": "http://ecx.images-amazon.com/images/I/31uaLaF3NSL._SX300_.jpg", "price": 41.12, "numReviews": 1, "groups": [192], "averageRating": 5.0}, {"asin": "B000BRXRPC", "name": "Tajima PL-ITOS Chalk-Rite Premium Grade Ultra Thin Nylon Line, 0.5 mm Thick by 100-Feet", "imUrl": "http://ecx.images-amazon.com/images/I/51pX37f050L._SY300_.jpg", "price": 6.94, "numReviews": 3, "groups": [161], "averageRating": 4.333333333333333}, {"asin": "B001RJ31IQ", "name": "MARSHALLTOWN The Premier Line 717SD 11-Inch by 4-1/2-Inch Notched Trowel U with Curved DuraSoft Handle", "imUrl": "http://ecx.images-amazon.com/images/I/41jXn5v7H7L._SX300_.jpg", "price": 16.97, "numReviews": 2, "groups": [193], "averageRating": 5.0}, {"asin": "B00A8GSCU6", "name": "Task Tools T34551 Pointing Trowel", "imUrl": "http://ecx.images-amazon.com/images/I/31pKunZ0C0L._SY300_.jpg", "price": 7.41, "numReviews": 1, "groups": [194], "averageRating": 5.0}, {"asin": "B000M86VPI", "name": "Custom Building Products Margin Grout Polypropylene Float", "imUrl": "http://ecx.images-amazon.com/images/I/21c5RF0oUvL._SX300_.jpg", "price": 9.67, "numReviews": 1, "groups": [195], "averageRating": 5.0, "brand": "Custom Building Products"}, {"asin": "B001B17B4U", "name": "Goldblatt G05610 12-Inch Drywall Trowel-Wood handle", "imUrl": "http://ecx.images-amazon.com/images/I/41ZNWZPcSML._SX300_.jpg", "price": 19.37, "numReviews": 1, "groups": [196], "averageRating": 1.0, "brand": "Goldblatt"}, {"asin": "B000N54LXY", "name": "MARSHALLTOWN The Premier Line 11793 Bull Float Kit", "imUrl": "http://ecx.images-amazon.com/images/I/41QeBBAKp5L._SY300_.jpg", "price": 277.14, "numReviews": 6, "groups": [197], "averageRating": 4.0}, {"asin": "B001VEG1LG", "name": "Hyde Tools 18400 Professional Grout Bag", "imUrl": "http://ecx.images-amazon.com/images/I/318cjqVpiBL._SY300_.jpg", "price": 10.62, "numReviews": 2, "groups": [198], "averageRating": 3.0}, {"asin": "B0002B8N6U", "name": "Bon 12-123 36-Inch by 5-Inch Rollerbug Rolling Tamper", "imUrl": "http://ecx.images-amazon.com/images/I/41RSJ8JXNJL._SX300_.jpg", "price": 225.0, "numReviews": 1, "groups": [199], "averageRating": 5.0, "brand": "Bon"}, {"asin": "B00002X2C5", "name": "Goldblatt G06150 Cast Magnesium Hand Float", "imUrl": "http://ecx.images-amazon.com/images/I/1120BNZTEQL.jpg", "price": 24.61, "numReviews": 3, "groups": [200], "averageRating": 3.3333333333333335, "brand": "Goldblatt"}, {"asin": "B000CET0GY", "name": "MARSHALLTOWN The Premier Line 143 16-Inch by 3-1/8-Inch Round End Magnesium Float with Wood Handle", "imUrl": "http://ecx.images-amazon.com/images/I/31SpJE-MWrL._SY300_.jpg", "price": 24.98, "numReviews": 1, "groups": [201], "averageRating": 5.0}, {"asin": "B000NKH5RI", "name": "MARSHALLTOWN The Premier Line 829 6-1/2-Inch by 2-Inch Masonry Brush", "imUrl": "http://ecx.images-amazon.com/images/I/41-LV2IAMgL._SY300_.jpg", "price": 7.5, "numReviews": 2, "groups": [202], "averageRating": 5.0, "salesRankCategory": "Home Improvement", "salesRank": 81293}, {"asin": "B001EGQ0TY", "name": "Goldblatt G05511 11-Inch Drywall Trowel, Pro-Grip Handle", "imUrl": "http://ecx.images-amazon.com/images/I/410CO3cKd7L._SX300_.jpg", "price": 7.48, "numReviews": 1, "groups": [203], "averageRating": 1.0, "brand": "Goldblatt", "salesRankCategory": "Home Improvement", "salesRank": 195375}, {"asin": "B0014XZK3E", "name": "Goldblatt G03161 13-Inch Aluminum Hawk, Pro-Grip Handle", "imUrl": "http://ecx.images-amazon.com/images/I/31rYzOIULKL._SX300_.jpg", "price": 11.18, "numReviews": 10, "groups": [158], "averageRating": 5.0, "brand": "Goldblatt"}, {"asin": "B000EOJPIU", "name": "MARSHALLTOWN The Premier Line 844 Oblong Crows Foot Brush", "imUrl": "http://ecx.images-amazon.com/images/I/41OJcuvm70L._SX300_.jpg", "price": 18.71, "numReviews": 1, "groups": [204], "averageRating": 5.0}, {"asin": "B005HF1BH4", "name": "TBC TROWELS: Professional Notched Margin Trowel 1/4\" X 1/4\" X 1/4\" Square Notch. Tempered Steel Blade, Ground and Polished. Blade Size 5\" X 2\" For Professional and Home Use.", "imUrl": "http://ecx.images-amazon.com/images/I/41n-dGWB4tL._SX300_.jpg", "price": 5.56, "numReviews": 1, "groups": [205], "averageRating": 3.0}, {"asin": "B003A83F74", "name": "MARSHALLTOWN The Premier Line 6D 14-Inch by 14-Inch Aluminum Hawk with DuraSoft Handle", "imUrl": "http://ecx.images-amazon.com/images/I/31atMeq5fqL._SX300_.jpg", "price": 25.2, "numReviews": 1, "groups": [206], "averageRating": 4.0}, {"asin": "B005IWGXCE", "name": "Goldblatt Tool Company G02108 5-Inch x 2-Inch Square Notch Margin Trowel", "imUrl": "http://ecx.images-amazon.com/images/I/31SwHmoSjDL._SX300_.jpg", "price": 5.56, "numReviews": 4, "groups": [122, 207], "averageRating": 5.0}, {"asin": "B00BC1ZWT0", "name": "Crain 559 Close to Wall Plank Floor Staple Tool", "imUrl": "http://ecx.images-amazon.com/images/I/41qw2npFFIL._SX300_.jpg", "price": 98.7, "numReviews": 3, "groups": [208], "averageRating": 4.0}, {"asin": "B0000224VS", "name": "MARSHALLTOWN The Premier Line 16-RKT-N Rock-It Adjustable Bull Float Bracket", "imUrl": "http://ecx.images-amazon.com/images/I/71AWJTZDGGL._SX300_.gif", "price": 70.16, "numReviews": 2, "groups": [209], "averageRating": 4.5}, {"asin": "B003A83FOW", "name": "MARSHALLTOWN The Premier Line 14779 1-Inch by 4-Inch by 8-Foot High Strength Screed", "imUrl": "http://ecx.images-amazon.com/images/I/31UAlqX5qOL._SX300_.jpg", "price": 88.88, "numReviews": 2, "groups": [74], "averageRating": 5.0}, {"asin": "B0061Z1EFS", "name": "Goldblatt G02368 6-Inch Margin Float With Pro-Grip Handle", "imUrl": "http://ecx.images-amazon.com/images/I/31HH2sjixEL._SX300_.jpg", "price": 5.77, "numReviews": 5, "groups": [210], "averageRating": 4.8, "brand": "Goldblatt"}, {"asin": "B000UWBIP4", "name": "QLT By MARSHALLTOWN BJ850 Barrel Jointer with Four Barrels", "imUrl": "http://ecx.images-amazon.com/images/I/410xNfrw7OL._SX300_.jpg", "price": 19.31, "numReviews": 4, "groups": [211], "averageRating": 4.0}, {"asin": "B003IS31TS", "name": "SCHLUTER DITRA TROWEL - 11/64 X 11/64 SQUARE NOTCH", "imUrl": "http://ecx.images-amazon.com/images/I/51l958WzSaL._SY300_.jpg", "price": 29.99, "numReviews": 4, "groups": [212], "averageRating": 5.0}, {"asin": "B003N9CQRA", "name": "Graintex H1072 Cement Trowel Holder", "imUrl": "http://ecx.images-amazon.com/images/I/41zuvn9pvDL._SY300_.jpg", "price": 8.46, "numReviews": 1, "groups": [213], "averageRating": 4.0}, {"asin": "B000BOB1OE", "name": "PaceSetter G05910 Corner Tool, Inside Wood Handle", "imUrl": "http://ecx.images-amazon.com/images/I/41b4ewIFkgL._SY300_.jpg", "price": 24.07, "numReviews": 1, "groups": [214], "averageRating": 5.0}, {"asin": "B00002N5OT", "name": "MARSHALLTOWN The Premier Line 33 11FG 11-Inch Narrow London Brick Trowel with DuraSoft Handle", "imUrl": "http://ecx.images-amazon.com/images/I/31NL1M6q4HL._SX300_.jpg", "price": 29.94, "numReviews": 1, "groups": [215], "averageRating": 5.0}, {"asin": "B00002X2D4", "name": "Goldblatt G05261 Double-Crows Foot Texture Brush", "imUrl": "http://ecx.images-amazon.com/images/I/11GPXYY5WAL.jpg", "price": 17.94, "numReviews": 3, "groups": [204], "averageRating": 4.333333333333333, "brand": "Goldblatt"}, {"asin": "B0002YU8EM", "name": "Vermont American 16792 3-Inch Fine Brass Wire Wheel Brush with 1/4-Inch Hex Shank for Drill", "imUrl": "http://ecx.images-amazon.com/images/I/51QUqW5MD%2BL._SY300_.jpg", "price": 7.14, "numReviews": 1, "groups": [216], "averageRating": 4.0, "brand": "Vermont American"}, {"asin": "B003A83GNW", "name": "QLT By MARSHALLTOWN 14285 Hopper Gun Cleaning Kit", "imUrl": "http://ecx.images-amazon.com/images/I/41zU6PtIwIL._SX300_.jpg", "price": 13.89, "numReviews": 1, "groups": [217], "averageRating": 3.0}, {"asin": "B0060OQLOE", "name": "38Pc 1/4\" Hex Shank Brass Stainless Nylon Industrial Wire Brush Set", "imUrl": "http://ecx.images-amazon.com/images/I/41Zhh4TZbYL._SY300_.jpg", "price": 26.99, "numReviews": 3, "groups": [218], "averageRating": 5.0}, {"asin": "B0002U39A6", "name": "Bon 12-946 Rock N Roll Adjustable Bracket for Fresno Trowel and Bull Float", "imUrl": "http://ecx.images-amazon.com/images/I/31GF24R2VXL._SY300_.jpg", "price": 64.6, "numReviews": 1, "groups": [219], "averageRating": 4.0, "brand": "Bon"}, {"asin": "B001RJ0R74", "name": "MARSHALLTOWN The Premier Line 54D 5-Inch by 1-1/2-Inch Margin Trowel with DuraSoft Handle", "imUrl": "http://ecx.images-amazon.com/images/I/31TmSNj%2BoAL._SX300_.jpg", "price": 12.81, "numReviews": 1, "groups": [220], "averageRating": 4.0}, {"asin": "B000FS59L2", "name": "M-D Building Products 49829 Epoxy Grout Float", "imUrl": "http://ecx.images-amazon.com/images/I/318wZG%2BCmiL._SX300_.jpg", "price": 10.77, "numReviews": 10, "groups": [145], "averageRating": 4.6, "brand": "M-D Building Products"}, {"asin": "B000EOHKFU", "name": "Marshalltown AKD14 14-Inch Adjustable Squeegee Trowel", "imUrl": "http://ecx.images-amazon.com/images/I/119AY09EHEL.jpg", "price": 24.11, "numReviews": 5, "groups": [221], "averageRating": 4.6, "brand": "Marshalltown"}, {"asin": "B0000DD1RF", "name": "Grizzly H0936 Concrete Hand Tools", "imUrl": "http://ecx.images-amazon.com/images/I/41Q2-47aS1L._SY300_.jpg", "price": 19.89, "numReviews": 1, "groups": [222], "averageRating": 5.0}, {"asin": "B00004YOSC", "name": "Wooster Brush 1825 Industrial Wire Scrubber", "imUrl": "http://ecx.images-amazon.com/images/I/51F3GO8BjIL._SX300_.jpg", "price": 8.18, "numReviews": 2, "groups": [223], "averageRating": 4.0, "brand": "Wooster Brush"}, {"asin": "B003A83GI2", "name": "MARSHALLTOWN The Premier Line ATH45S 4-1/2-Inch Heavy Duty Philadelphia Style Pointing Trowel with Archaeology  Holster", "imUrl": "http://ecx.images-amazon.com/images/I/415IM7wBDDL._SY300_.jpg", "price": 26.33, "numReviews": 2, "groups": [224], "averageRating": 4.5}, {"asin": "B000FTNF12", "name": "Diversified Tools Pocket Hound 408-DT Drywall Finisher / Bullnose Metal Tool", "imUrl": "http://ecx.images-amazon.com/images/I/41GZ822ATVL._SY300_.jpg", "price": 7.27, "numReviews": 1, "groups": [225], "averageRating": 1.0, "brand": "Diversified Tools"}, {"asin": "B004YSID9Y", "name": "Wal-Board Tools 62-012 9\" x 13\" Oval Texture Brush with 4\" Tampico Bristles", "imUrl": "http://ecx.images-amazon.com/images/I/41a1CFJZlqL._SX300_.jpg", "price": 17.99, "numReviews": 1, "groups": [226], "averageRating": 5.0}, {"asin": "B00002X2DG", "name": "Goldblatt G06179 16-Inch Stainless Steel Pool Trowel", "imUrl": "http://ecx.images-amazon.com/images/I/41fdVln%2BcvL._SX300_.jpg", "price": 24.99, "numReviews": 1, "groups": [227], "averageRating": 5.0, "brand": "Goldblatt"}, {"asin": "B0042XA6K0", "name": "MARSHALLTOWN The Premier Line ESWBRNZ4 4-Ounce Weathered Bronze Elements Concrete Stain", "imUrl": "http://ecx.images-amazon.com/images/I/61EJcU-G90L._SX300_.jpg", "price": 17.12, "numReviews": 2, "groups": [169], "averageRating": 4.5}, {"asin": "B000VYQMGG", "name": "Crain 360 4-Inch Professional Floor Stripper with 20-Inch Handle", "imUrl": "http://ecx.images-amazon.com/images/I/31Y55DGNxlL._SX300_.jpg", "price": 20.5, "numReviews": 2, "groups": [228], "averageRating": 5.0}, {"asin": "B001RNH6CO", "name": "MARSHALLTOWN The Premier Line 52SND 5-Inch by 2-Inch Square Notched Margin Trowel", "imUrl": "http://ecx.images-amazon.com/images/I/31aL4HWFxCL._SX300_.jpg", "price": 12.49, "numReviews": 1, "groups": [207], "averageRating": 4.0}, {"asin": "B00002N5Q0", "name": "MARSHALLTOWN The Premier Line 145D 16-Inch by 3-1/8-Inch Beveled End Magnesium Hand Float with DuraSoft Handle", "imUrl": "http://ecx.images-amazon.com/images/I/31zfV30OS4L._SX300_.jpg", "price": 26.01, "numReviews": 2, "groups": [86], "averageRating": 5.0}, {"asin": "B0033CEWJ2", "name": "W Rose Brick Trowel 12\" Wide London Pattern W/Leather Handle", "imUrl": "http://ecx.images-amazon.com/images/I/31KE7FiiVpL._SX300_.jpg", "price": 38.27, "numReviews": 1, "groups": [229], "averageRating": 5.0}, {"asin": "B0042XA6JG", "name": "MARSHALLTOWN The Premier Line ESLICHEN4 4-Ounce Lichen Elements Concrete Stain", "imUrl": "http://ecx.images-amazon.com/images/I/51SdG2cL2YL._SX300_.jpg", "price": 16.25, "numReviews": 2, "groups": [230], "averageRating": 4.5}, {"asin": "B008EX5OVA", "name": "Midwest 110-578 Inside Drywall Corner Tool - Large", "imUrl": "http://ecx.images-amazon.com/images/I/31jfHnF-QnL._SX300_.jpg", "price": 7.89, "numReviews": 2, "groups": [231], "averageRating": 5.0}], "links": [{"source": 0, "target": 189, "right": true, "left": false, "value": 1}, {"source": 1, "target": 220, "right": true, "left": false, "value": 1}, {"source": 2, "target": 52, "right": true, "left": false, "value": 1}, {"source": 2, "target": 223, "right": true, "left": false, "value": 1}, {"source": 3, "target": 137, "right": false, "left": true, "value": 1}, {"source": 3, "target": 19, "right": true, "left": true, "value": 1}, {"source": 3, "target": 12, "right": false, "left": true, "value": 1}, {"source": 4, "target": 193, "right": true, "left": true, "value": 1}, {"source": 5, "target": 92, "right": true, "left": false, "value": 1}, {"source": 6, "target": 24, "right": false, "left": true, "value": 1}, {"source": 6, "target": 204, "right": true, "left": false, "value": 1}, {"source": 6, "target": 70, "right": false, "left": true, "value": 1}, {"source": 6, "target": 119, "right": false, "left": true, "value": 1}, {"source": 7, "target": 81, "right": true, "left": true, "value": 1}, {"source": 8, "target": 133, "right": false, "left": true, "value": 1}, {"source": 9, "target": 202, "right": false, "left": true, "value": 1}, {"source": 10, "target": 48, "right": false, "left": true, "value": 1}, {"source": 10, "target": 243, "right": false, "left": true, "value": 1}, {"source": 11, "target": 19, "right": true, "left": false, "value": 1}, {"source": 11, "target": 142, "right": false, "left": true, "value": 1}, {"source": 11, "target": 79, "right": false, "left": true, "value": 1}, {"source": 12, "target": 19, "right": true, "left": false, "value": 1}, {"source": 13, "target": 242, "right": true, "left": false, "value": 1}, {"source": 14, "target": 107, "right": true, "left": false, "value": 1}, {"source": 15, "target": 42, "right": true, "left": true, "value": 1}, {"source": 15, "target": 53, "right": true, "left": true, "value": 1}, {"source": 15, "target": 106, "right": true, "left": true, "value": 1}, {"source": 15, "target": 114, "right": false, "left": true, "value": 1}, {"source": 16, "target": 23, "right": true, "left": false, "value": 1}, {"source": 17, "target": 82, "right": true, "left": false, "value": 1}, {"source": 17, "target": 175, "right": true, "left": false, "value": 1}, {"source": 18, "target": 172, "right": true, "left": false, "value": 1}, {"source": 19, "target": 129, "right": false, "left": true, "value": 1}, {"source": 19, "target": 37, "right": false, "left": true, "value": 1}, {"source": 19, "target": 79, "right": false, "left": true, "value": 1}, {"source": 19, "target": 57, "right": false, "left": true, "value": 1}, {"source": 19, "target": 222, "right": false, "left": true, "value": 1}, {"source": 20, "target": 225, "right": true, "left": false, "value": 1}, {"source": 20, "target": 37, "right": true, "left": false, "value": 1}, {"source": 20, "target": 182, "right": true, "left": true, "value": 1}, {"source": 20, "target": 222, "right": true, "left": false, "value": 1}, {"source": 20, "target": 191, "right": false, "left": true, "value": 1}, {"source": 21, "target": 23, "right": true, "left": false, "value": 1}, {"source": 22, "target": 100, "right": true, "left": true, "value": 1}, {"source": 22, "target": 246, "right": false, "left": true, "value": 1}, {"source": 22, "target": 134, "right": false, "left": true, "value": 1}, {"source": 22, "target": 47, "right": false, "left": true, "value": 1}, {"source": 23, "target": 203, "right": false, "left": true, "value": 1}, {"source": 24, "target": 242, "right": true, "left": false, "value": 1}, {"source": 24, "target": 204, "right": true, "left": false, "value": 1}, {"source": 25, "target": 254, "right": true, "left": false, "value": 1}, {"source": 26, "target": 123, "right": true, "left": true, "value": 1}, {"source": 27, "target": 184, "right": true, "left": true, "value": 1}, {"source": 27, "target": 71, "right": false, "left": true, "value": 1}, {"source": 28, "target": 254, "right": false, "left": true, "value": 1}, {"source": 28, "target": 55, "right": false, "left": true, "value": 1}, {"source": 29, "target": 121, "right": true, "left": false, "value": 1}, {"source": 29, "target": 179, "right": true, "left": false, "value": 1}, {"source": 29, "target": 255, "right": true, "left": false, "value": 1}, {"source": 30, "target": 112, "right": false, "left": true, "value": 1}, {"source": 31, "target": 152, "right": true, "left": true, "value": 1}, {"source": 31, "target": 67, "right": true, "left": false, "value": 1}, {"source": 32, "target": 88, "right": true, "left": true, "value": 1}, {"source": 32, "target": 241, "right": false, "left": true, "value": 1}, {"source": 32, "target": 58, "right": true, "left": false, "value": 1}, {"source": 32, "target": 206, "right": true, "left": true, "value": 1}, {"source": 33, "target": 227, "right": true, "left": false, "value": 1}, {"source": 34, "target": 88, "right": true, "left": true, "value": 1}, {"source": 34, "target": 90, "right": true, "left": false, "value": 1}, {"source": 34, "target": 206, "right": true, "left": false, "value": 1}, {"source": 35, "target": 97, "right": true, "left": false, "value": 1}, {"source": 36, "target": 242, "right": true, "left": false, "value": 1}, {"source": 36, "target": 151, "right": true, "left": false, "value": 1}, {"source": 37, "target": 225, "right": true, "left": false, "value": 1}, {"source": 37, "target": 68, "right": false, "left": true, "value": 1}, {"source": 37, "target": 166, "right": false, "left": true, "value": 1}, {"source": 37, "target": 182, "right": false, "left": true, "value": 1}, {"source": 37, "target": 191, "right": false, "left": true, "value": 1}, {"source": 38, "target": 82, "right": true, "left": false, "value": 1}, {"source": 38, "target": 235, "right": true, "left": false, "value": 1}, {"source": 39, "target": 67, "right": false, "left": true, "value": 1}, {"source": 39, "target": 220, "right": true, "left": false, "value": 1}, {"source": 39, "target": 198, "right": true, "left": false, "value": 1}, {"source": 40, "target": 131, "right": true, "left": false, "value": 1}, {"source": 40, "target": 244, "right": false, "left": true, "value": 1}, {"source": 41, "target": 232, "right": false, "left": true, "value": 1}, {"source": 41, "target": 242, "right": true, "left": false, "value": 1}, {"source": 42, "target": 106, "right": true, "left": true, "value": 1}, {"source": 42, "target": 53, "right": false, "left": true, "value": 1}, {"source": 42, "target": 114, "right": true, "left": true, "value": 1}, {"source": 43, "target": 206, "right": true, "left": false, "value": 1}, {"source": 44, "target": 206, "right": true, "left": false, "value": 1}, {"source": 44, "target": 47, "right": true, "left": false, "value": 1}, {"source": 45, "target": 131, "right": true, "left": false, "value": 1}, {"source": 46, "target": 232, "right": true, "left": false, "value": 1}, {"source": 46, "target": 160, "right": false, "left": true, "value": 1}, {"source": 46, "target": 103, "right": false, "left": true, "value": 1}, {"source": 47, "target": 163, "right": false, "left": true, "value": 1}, {"source": 47, "target": 100, "right": true, "left": true, "value": 1}, {"source": 47, "target": 134, "right": false, "left": true, "value": 1}, {"source": 47, "target": 246, "right": false, "left": true, "value": 1}, {"source": 47, "target": 187, "right": false, "left": true, "value": 1}, {"source": 47, "target": 60, "right": true, "left": true, "value": 1}, {"source": 47, "target": 190, "right": false, "left": true, "value": 1}, {"source": 48, "target": 69, "right": false, "left": true, "value": 1}, {"source": 49, "target": 207, "right": true, "left": false, "value": 1}, {"source": 50, "target": 88, "right": true, "left": false, "value": 1}, {"source": 51, "target": 169, "right": true, "left": false, "value": 1}, {"source": 51, "target": 178, "right": true, "left": false, "value": 1}, {"source": 52, "target": 248, "right": false, "left": true, "value": 1}, {"source": 52, "target": 223, "right": true, "left": false, "value": 1}, {"source": 53, "target": 106, "right": true, "left": true, "value": 1}, {"source": 54, "target": 90, "right": true, "left": false, "value": 1}, {"source": 55, "target": 89, "right": true, "left": false, "value": 1}, {"source": 55, "target": 162, "right": false, "left": true, "value": 1}, {"source": 56, "target": 249, "right": true, "left": false, "value": 1}, {"source": 56, "target": 101, "right": false, "left": true, "value": 1}, {"source": 58, "target": 226, "right": true, "left": false, "value": 1}, {"source": 59, "target": 182, "right": true, "left": false, "value": 1}, {"source": 60, "target": 100, "right": true, "left": false, "value": 1}, {"source": 60, "target": 134, "right": false, "left": true, "value": 1}, {"source": 60, "target": 233, "right": false, "left": true, "value": 1}, {"source": 60, "target": 206, "right": true, "left": false, "value": 1}, {"source": 60, "target": 246, "right": false, "left": true, "value": 1}, {"source": 60, "target": 190, "right": false, "left": true, "value": 1}, {"source": 61, "target": 121, "right": true, "left": false, "value": 1}, {"source": 61, "target": 255, "right": false, "left": true, "value": 1}, {"source": 61, "target": 86, "right": true, "left": false, "value": 1}, {"source": 61, "target": 159, "right": true, "left": false, "value": 1}, {"source": 62, "target": 136, "right": true, "left": false, "value": 1}, {"source": 62, "target": 211, "right": true, "left": false, "value": 1}, {"source": 63, "target": 242, "right": true, "left": false, "value": 1}, {"source": 63, "target": 151, "right": true, "left": false, "value": 1}, {"source": 64, "target": 82, "right": true, "left": false, "value": 1}, {"source": 65, "target": 231, "right": true, "left": false, "value": 1}, {"source": 66, "target": 72, "right": true, "left": false, "value": 1}, {"source": 66, "target": 171, "right": true, "left": false, "value": 1}, {"source": 68, "target": 222, "right": true, "left": false, "value": 1}, {"source": 69, "target": 243, "right": true, "left": false, "value": 1}, {"source": 70, "target": 160, "right": true, "left": false, "value": 1}, {"source": 71, "target": 104, "right": true, "left": false, "value": 1}, {"source": 71, "target": 87, "right": true, "left": false, "value": 1}, {"source": 73, "target": 125, "right": true, "left": false, "value": 1}, {"source": 74, "target": 229, "right": true, "left": true, "value": 1}, {"source": 75, "target": 239, "right": false, "left": true, "value": 1}, {"source": 76, "target": 136, "right": true, "left": false, "value": 1}, {"source": 76, "target": 242, "right": true, "left": false, "value": 1}, {"source": 77, "target": 256, "right": true, "left": false, "value": 1}, {"source": 77, "target": 161, "right": true, "left": true, "value": 1}, {"source": 78, "target": 251, "right": true, "left": false, "value": 1}, {"source": 79, "target": 256, "right": true, "left": false, "value": 1}, {"source": 79, "target": 174, "right": true, "left": false, "value": 1}, {"source": 80, "target": 121, "right": true, "left": false, "value": 1}, {"source": 80, "target": 250, "right": true, "left": false, "value": 1}, {"source": 80, "target": 169, "right": true, "left": false, "value": 1}, {"source": 80, "target": 179, "right": true, "left": true, "value": 1}, {"source": 82, "target": 192, "right": false, "left": true, "value": 1}, {"source": 82, "target": 130, "right": false, "left": true, "value": 1}, {"source": 82, "target": 196, "right": false, "left": true, "value": 1}, {"source": 82, "target": 177, "right": true, "left": true, "value": 1}, {"source": 82, "target": 148, "right": false, "left": true, "value": 1}, {"source": 82, "target": 89, "right": false, "left": true, "value": 1}, {"source": 83, "target": 108, "right": true, "left": false, "value": 1}, {"source": 84, "target": 153, "right": false, "left": true, "value": 1}, {"source": 84, "target": 180, "right": false, "left": true, "value": 1}, {"source": 85, "target": 171, "right": true, "left": false, "value": 1}, {"source": 86, "target": 255, "right": false, "left": true, "value": 1}, {"source": 86, "target": 169, "right": false, "left": true, "value": 1}, {"source": 86, "target": 178, "right": true, "left": false, "value": 1}, {"source": 86, "target": 250, "right": false, "left": true, "value": 1}, {"source": 86, "target": 159, "right": false, "left": true, "value": 1}, {"source": 87, "target": 97, "right": false, "left": true, "value": 1}, {"source": 87, "target": 108, "right": true, "left": false, "value": 1}, {"source": 87, "target": 116, "right": true, "left": false, "value": 1}, {"source": 87, "target": 219, "right": false, "left": true, "value": 1}, {"source": 87, "target": 253, "right": true, "left": true, "value": 1}, {"source": 87, "target": 95, "right": false, "left": true, "value": 1}, {"source": 88, "target": 128, "right": false, "left": true, "value": 1}, {"source": 88, "target": 226, "right": false, "left": true, "value": 1}, {"source": 88, "target": 141, "right": true, "left": false, "value": 1}, {"source": 88, "target": 206, "right": false, "left": true, "value": 1}, {"source": 88, "target": 207, "right": true, "left": true, "value": 1}, {"source": 88, "target": 90, "right": false, "left": true, "value": 1}, {"source": 89, "target": 196, "right": false, "left": true, "value": 1}, {"source": 89, "target": 231, "right": false, "left": true, "value": 1}, {"source": 89, "target": 175, "right": true, "left": false, "value": 1}, {"source": 90, "target": 195, "right": false, "left": true, "value": 1}, {"source": 91, "target": 107, "right": true, "left": false, "value": 1}, {"source": 91, "target": 99, "right": true, "left": false, "value": 1}, {"source": 93, "target": 110, "right": true, "left": false, "value": 1}, {"source": 94, "target": 164, "right": true, "left": false, "value": 1}, {"source": 95, "target": 104, "right": true, "left": false, "value": 1}, {"source": 95, "target": 140, "right": true, "left": false, "value": 1}, {"source": 96, "target": 192, "right": true, "left": false, "value": 1}, {"source": 96, "target": 177, "right": true, "left": false, "value": 1}, {"source": 97, "target": 228, "right": false, "left": true, "value": 1}, {"source": 97, "target": 167, "right": true, "left": true, "value": 1}, {"source": 97, "target": 240, "right": false, "left": true, "value": 1}, {"source": 97, "target": 149, "right": false, "left": true, "value": 1}, {"source": 98, "target": 187, "right": true, "left": false, "value": 1}, {"source": 99, "target": 105, "right": true, "left": true, "value": 1}, {"source": 100, "target": 163, "right": false, "left": true, "value": 1}, {"source": 100, "target": 134, "right": false, "left": true, "value": 1}, {"source": 101, "target": 222, "right": true, "left": false, "value": 1}, {"source": 102, "target": 151, "right": true, "left": false, "value": 1}, {"source": 104, "target": 205, "right": false, "left": true, "value": 1}, {"source": 104, "target": 244, "right": false, "left": true, "value": 1}, {"source": 104, "target": 218, "right": false, "left": true, "value": 1}, {"source": 104, "target": 253, "right": false, "left": true, "value": 1}, {"source": 106, "target": 114, "right": false, "left": true, "value": 1}, {"source": 108, "target": 194, "right": false, "left": true, "value": 1}, {"source": 108, "target": 217, "right": false, "left": true, "value": 1}, {"source": 108, "target": 228, "right": false, "left": true, "value": 1}, {"source": 108, "target": 218, "right": false, "left": true, "value": 1}, {"source": 108, "target": 176, "right": false, "left": true, "value": 1}, {"source": 108, "target": 145, "right": true, "left": false, "value": 1}, {"source": 108, "target": 183, "right": false, "left": true, "value": 1}, {"source": 108, "target": 186, "right": true, "left": false, "value": 1}, {"source": 108, "target": 124, "right": false, "left": true, "value": 1}, {"source": 109, "target": 185, "right": false, "left": true, "value": 1}, {"source": 110, "target": 252, "right": true, "left": false, "value": 1}, {"source": 111, "target": 220, "right": true, "left": false, "value": 1}, {"source": 113, "target": 167, "right": true, "left": false, "value": 1}, {"source": 115, "target": 161, "right": false, "left": true, "value": 1}, {"source": 116, "target": 167, "right": false, "left": true, "value": 1}, {"source": 116, "target": 183, "right": false, "left": true, "value": 1}, {"source": 117, "target": 136, "right": true, "left": false, "value": 1}, {"source": 117, "target": 230, "right": true, "left": false, "value": 1}, {"source": 118, "target": 160, "right": true, "left": false, "value": 1}, {"source": 118, "target": 242, "right": true, "left": false, "value": 1}, {"source": 119, "target": 156, "right": false, "left": true, "value": 1}, {"source": 119, "target": 204, "right": true, "left": false, "value": 1}, {"source": 120, "target": 197, "right": false, "left": true, "value": 1}, {"source": 120, "target": 245, "right": false, "left": true, "value": 1}, {"source": 120, "target": 133, "right": false, "left": true, "value": 1}, {"source": 121, "target": 138, "right": false, "left": true, "value": 1}, {"source": 121, "target": 178, "right": false, "left": true, "value": 1}, {"source": 121, "target": 159, "right": false, "left": true, "value": 1}, {"source": 122, "target": 213, "right": false, "left": true, "value": 1}, {"source": 122, "target": 242, "right": true, "left": false, "value": 1}, {"source": 122, "target": 157, "right": false, "left": true, "value": 1}, {"source": 122, "target": 230, "right": true, "left": false, "value": 1}, {"source": 125, "target": 145, "right": true, "left": false, "value": 1}, {"source": 125, "target": 186, "right": true, "left": false, "value": 1}, {"source": 125, "target": 228, "right": true, "left": false, "value": 1}, {"source": 126, "target": 207, "right": true, "left": false, "value": 1}, {"source": 127, "target": 229, "right": true, "left": false, "value": 1}, {"source": 128, "target": 226, "right": true, "left": true, "value": 1}, {"source": 128, "target": 242, "right": true, "left": false, "value": 1}, {"source": 128, "target": 141, "right": false, "left": true, "value": 1}, {"source": 129, "target": 182, "right": true, "left": false, "value": 1}, {"source": 129, "target": 166, "right": true, "left": false, "value": 1}, {"source": 129, "target": 191, "right": true, "left": false, "value": 1}, {"source": 131, "target": 207, "right": true, "left": true, "value": 1}, {"source": 132, "target": 245, "right": false, "left": true, "value": 1}, {"source": 133, "target": 245, "right": true, "left": false, "value": 1}, {"source": 135, "target": 174, "right": true, "left": false, "value": 1}, {"source": 135, "target": 247, "right": false, "left": true, "value": 1}, {"source": 136, "target": 160, "right": false, "left": true, "value": 1}, {"source": 138, "target": 179, "right": true, "left": false, "value": 1}, {"source": 139, "target": 204, "right": true, "left": false, "value": 1}, {"source": 140, "target": 165, "right": false, "left": true, "value": 1}, {"source": 142, "target": 174, "right": true, "left": false, "value": 1}, {"source": 143, "target": 146, "right": false, "left": true, "value": 1}, {"source": 144, "target": 160, "right": true, "left": false, "value": 1}, {"source": 145, "target": 194, "right": false, "left": true, "value": 1}, {"source": 145, "target": 228, "right": false, "left": true, "value": 1}, {"source": 145, "target": 154, "right": false, "left": true, "value": 1}, {"source": 145, "target": 176, "right": false, "left": true, "value": 1}, {"source": 145, "target": 215, "right": false, "left": true, "value": 1}, {"source": 145, "target": 186, "right": true, "left": true, "value": 1}, {"source": 147, "target": 220, "right": true, "left": false, "value": 1}, {"source": 148, "target": 175, "right": false, "left": true, "value": 1}, {"source": 149, "target": 228, "right": true, "left": false, "value": 1}, {"source": 150, "target": 182, "right": true, "left": false, "value": 1}, {"source": 151, "target": 230, "right": true, "left": false, "value": 1}, {"source": 151, "target": 242, "right": true, "left": true, "value": 1}, {"source": 155, "target": 206, "right": true, "left": false, "value": 1}, {"source": 156, "target": 204, "right": true, "left": false, "value": 1}, {"source": 157, "target": 242, "right": true, "left": false, "value": 1}, {"source": 157, "target": 230, "right": true, "left": false, "value": 1}, {"source": 158, "target": 195, "right": true, "left": false, "value": 1}, {"source": 162, "target": 188, "right": true, "left": false, "value": 1}, {"source": 163, "target": 246, "right": true, "left": false, "value": 1}, {"source": 164, "target": 237, "right": false, "left": true, "value": 1}, {"source": 166, "target": 225, "right": false, "left": true, "value": 1}, {"source": 166, "target": 214, "right": false, "left": true, "value": 1}, {"source": 166, "target": 182, "right": true, "left": false, "value": 1}, {"source": 166, "target": 222, "right": true, "left": true, "value": 1}, {"source": 168, "target": 201, "right": true, "left": true, "value": 1}, {"source": 170, "target": 210, "right": true, "left": true, "value": 1}, {"source": 171, "target": 208, "right": false, "left": true, "value": 1}, {"source": 173, "target": 185, "right": false, "left": true, "value": 1}, {"source": 174, "target": 256, "right": true, "left": false, "value": 1}, {"source": 174, "target": 234, "right": false, "left": true, "value": 1}, {"source": 175, "target": 196, "right": false, "left": true, "value": 1}, {"source": 176, "target": 194, "right": false, "left": true, "value": 1}, {"source": 177, "target": 192, "right": false, "left": true, "value": 1}, {"source": 178, "target": 179, "right": true, "left": false, "value": 1}, {"source": 179, "target": 250, "right": true, "left": true, "value": 1}, {"source": 179, "target": 255, "right": false, "left": true, "value": 1}, {"source": 181, "target": 193, "right": true, "left": false, "value": 1}, {"source": 182, "target": 214, "right": false, "left": true, "value": 1}, {"source": 182, "target": 191, "right": false, "left": true, "value": 1}, {"source": 186, "target": 228, "right": false, "left": true, "value": 1}, {"source": 186, "target": 240, "right": false, "left": true, "value": 1}, {"source": 187, "target": 207, "right": true, "left": false, "value": 1}, {"source": 187, "target": 206, "right": true, "left": false, "value": 1}, {"source": 195, "target": 221, "right": true, "left": false, "value": 1}, {"source": 198, "target": 216, "right": false, "left": true, "value": 1}, {"source": 199, "target": 236, "right": false, "left": true, "value": 1}, {"source": 200, "target": 238, "right": true, "left": false, "value": 1}, {"source": 205, "target": 253, "right": true, "left": false, "value": 1}, {"source": 206, "target": 207, "right": true, "left": false, "value": 1}, {"source": 207, "target": 212, "right": false, "left": true, "value": 1}, {"source": 209, "target": 222, "right": true, "left": false, "value": 1}, {"source": 213, "target": 230, "right": true, "left": false, "value": 1}, {"source": 214, "target": 222, "right": true, "left": false, "value": 1}, {"source": 215, "target": 228, "right": true, "left": false, "value": 1}, {"source": 218, "target": 253, "right": true, "left": false, "value": 1}, {"source": 223, "target": 236, "right": true, "left": true, "value": 1}, {"source": 224, "target": 226, "right": true, "left": false, "value": 1}, {"source": 226, "target": 252, "right": true, "left": true, "value": 1}, {"source": 228, "target": 240, "right": false, "left": true, "value": 1}]}