{"nodes": [{"asin": "B002CYJPZ8", "name": "Livex Lighting 1005 Belmont 5 Light Bathroom Vanity Light", "imUrl": "http://ecx.images-amazon.com/images/I/31yvEZBeeaL._SX342_.jpg", "price": 219.9, "numReviews": 3, "groups": [0], "averageRating": 5.0, "brand": "Livex Lighting"}, {"asin": "B000E0U8QC", "name": "Maxim MX 7124 Essentials 24\" Wide 4-Bulb Bathroom Light Fixture", "imUrl": "http://ecx.images-amazon.com/images/I/312DqzizbsL._SX342_.jpg", "price": 21.42, "numReviews": 3, "groups": [1], "averageRating": 2.6666666666666665}, {"asin": "B003R8D1BM", "name": "Kovacs P5955 5 Light Bathroom Fixture from the Convex Collection", "imUrl": "http://ecx.images-amazon.com/images/I/219YoMl28IL._SX342_.jpg", "price": 164.0, "numReviews": 3, "groups": [2], "averageRating": 4.333333333333333, "brand": "Kovacs"}, {"asin": "B000PW7ML8", "name": "Kichler Lighting 5017NI Classic 4-Light Vanity Fixture, Brushed Nickel Finish", "imUrl": "http://ecx.images-amazon.com/images/I/31CDuaEDaOL._SX342_.jpg", "price": 30.0, "numReviews": 1, "groups": [3], "averageRating": 4.0, "brand": "Kichler Lighting"}, {"asin": "B001103D9S", "name": "Sea Gull Lighting 4725-05 Oceanic Four-Light Vanity, Chrome Finish with Clear Ribbed Acrylic Diffuser", "imUrl": "http://ecx.images-amazon.com/images/I/314oYfW6UCL._SX342_.jpg", "price": 110.74, "numReviews": 5, "groups": [4], "averageRating": 4.0}, {"asin": "B001YRCUZG", "name": "Quorum 5094-5-114 Five Light Bath Vanity, Chrome Finish with Faux Alabaster Glass", "imUrl": "http://ecx.images-amazon.com/images/I/41kpJ5DJg%2BL._SX342_.jpg", "price": 79.5, "numReviews": 1, "groups": [5], "averageRating": 4.0}, {"asin": "B0038AN7KO", "name": "Vaxcel Lighting BL-VLD004 Bella 4 Light Vanity Light", "imUrl": "http://ecx.images-amazon.com/images/I/31EHpxssC%2BL._SX342_.jpg", "price": 174.0, "numReviews": 6, "groups": [6], "averageRating": 4.0, "brand": "Vaxcel"}, {"asin": "B000HBGHL8", "name": "Thomas Lighting SL75841 Homestead Bath Light, Polished Brass", "imUrl": "http://ecx.images-amazon.com/images/I/31CHhN64zrL._SX300_.jpg", "price": 61.5, "numReviews": 1, "groups": [7], "averageRating": 5.0}, {"asin": "B0013UALZU", "name": "Progress Lighting P3039-15 7-Light Opal Glass Bathroom Light, Polished Chrome", "imUrl": "http://ecx.images-amazon.com/images/I/31kyEO%2BxhQL._SY300_.jpg", "price": 107.02, "numReviews": 1, "groups": [8], "averageRating": 5.0}, {"asin": "B000TUCEKA", "name": "Kichler Lighting 5369CH Pocelona 3-Light Wall Mount Bath Strip, Chrome with White Porcelain Details and Cased Opal Glass", "imUrl": "http://ecx.images-amazon.com/images/I/31PifwGCKcL._SX342_.jpg", "price": 196.02, "numReviews": 3, "groups": [9], "averageRating": 4.666666666666667, "brand": "Kichler Lighting"}, {"asin": "B00258FXE8", "name": "Vaxcel USA VL35474AC Monrovia 4 Light Bathroom Vanity Lighting Fixture in Brass, Glass", "imUrl": "http://ecx.images-amazon.com/images/I/31qN-Xj%2BYiL._SX342_.jpg", "price": 128.0, "numReviews": 1, "groups": [10], "averageRating": 5.0}, {"asin": "B003Z6PHEU", "name": "Nuvo Lighting 60/4004 Four Light Parker Vanity with Sandstone Etched Glass, CUL Damp Location, Polished Chrome", "imUrl": "http://ecx.images-amazon.com/images/I/31Tp%2B6agDhL._SX342_.jpg", "price": 110.49, "numReviews": 11, "groups": [11], "averageRating": 4.363636363636363, "brand": "Nuvo Lighting"}, {"asin": "B00002NAGD", "name": "Westinghouse Bathroom Bar Fixture", "imUrl": "http://ecx.images-amazon.com/images/I/31Ko27DVGtL._SY300_.jpg", "price": 14.82, "numReviews": 7, "groups": [12], "averageRating": 4.0, "brand": "Westinghouse", "salesRankCategory": "Home Improvement", "salesRank": 165174}, {"asin": "B005BPB23I", "name": "AF Lighting 617291 24-1/2-Inch W by 9-1/4-Inch H by 8-3/8-Inch Proj. Sonoma Lighting Collection 3 Light Vanity, Oil Rubbed Bronze", "imUrl": "http://ecx.images-amazon.com/images/I/31WLGi58XOL._SX342_.jpg", "price": 62.6, "numReviews": 9, "groups": [13], "averageRating": 4.0, "brand": "AF Lighting"}, {"asin": "B000H6YB2U", "name": "630CH Classic 10LT Vanity Strip Light, Brushed Nickel Finish", "imUrl": "http://ecx.images-amazon.com/images/I/31JxIZqiOdL._SY300_.jpg", "price": 75.0, "numReviews": 5, "groups": [14], "averageRating": 4.0}, {"asin": "B003CC1IN6", "name": "Eurofase 19427-010 Talo 5-Light Bathbar, Chrome/White", "imUrl": "http://ecx.images-amazon.com/images/I/212ZMrWxwdL._SX342_.jpg", "price": 202.0, "numReviews": 3, "groups": [15], "averageRating": 3.6666666666666665, "brand": "Eurofase"}, {"asin": "B002P3N4BC", "name": "Golden Lighting 8505-4W RBZ Homestead Ridge Four Light Vanity, Rubbed Bronze Finish", "imUrl": "http://ecx.images-amazon.com/images/I/41t5U5Pfp2L._SY300_.jpg", "price": 154.0, "numReviews": 3, "groups": [16], "averageRating": 3.3333333333333335}, {"asin": "B000O5TRZA", "name": "Kichler Lighting 5098NI Eileen 3-Light Bath Fixture, Brushed Nickel with White-Etched Glass", "imUrl": "http://ecx.images-amazon.com/images/I/31MebwvfrUL._SY300_.jpg", "price": 130.68, "numReviews": 2, "groups": [17], "averageRating": 4.5, "brand": "Kichler Lighting"}, {"asin": "B001G8PKJQ", "name": "Maxim MX 11811 Linda 31.5\" Wide 4-Bulb Bathroom Light Fixture", "imUrl": "http://ecx.images-amazon.com/images/I/31xalIFl13L._SX342_.jpg", "price": 138.59, "numReviews": 4, "groups": [18], "averageRating": 4.75}, {"asin": "B000E0U9HU", "name": "Maxim MX 4458 Essentials 48\" Wide 8-Bulb Bathroom Light Fixture", "imUrl": "http://ecx.images-amazon.com/images/I/21c4of61ZPL._SX342_.jpg", "price": 36.0, "numReviews": 2, "groups": [19], "averageRating": 4.5}, {"asin": "B0015MXQMQ", "name": "Nuvo 60/329 Ballerina Three Light 24-Inch Vanity with Alabaster Glass, Polished Brass", "imUrl": "http://ecx.images-amazon.com/images/I/31PfyUyjCpL._SX300_.jpg", "price": 51.0, "numReviews": 165, "groups": [20, 21], "averageRating": 4.175757575757576, "brand": "Nuvo"}, {"asin": "B002OMH4L0", "name": "Nuvo 60/302 36-Inch Six Light Vanity Strip, Brushed Nickel", "imUrl": "http://ecx.images-amazon.com/images/I/31ZAUB73FZL._SX342_.jpg", "price": 32.22, "numReviews": 6, "groups": [22], "averageRating": 4.166666666666667, "brand": "Nuvo"}, {"asin": "B004914KK2", "name": "Quoizel DI8504CO Demitri 9-Inch x 36-Inch 4 Light Bath Fixture, Polished Chrome", "imUrl": "http://ecx.images-amazon.com/images/I/21a5hiTKBwL._SX300_.jpg", "price": 169.98, "numReviews": 4, "groups": [23], "averageRating": 4.5, "brand": "Quoizel"}, {"asin": "B0015EAUG4", "name": "Access Lighting 53314-BS/CKF Nara 4-Light ADA Wall/Vanity Fixture, Brushed Steel Finish with Checkered Frosted Glass Shades", "imUrl": "http://ecx.images-amazon.com/images/I/31c4bx3p3fL._SX342_.jpg", "price": 167.19, "numReviews": 6, "groups": [24], "averageRating": 4.0, "brand": "Access Lighting"}, {"asin": "B003684OZA", "name": "Nuvo 60/062 Four Light Vanity with Champagne Glass, Copper Bronze", "imUrl": "http://ecx.images-amazon.com/images/I/31KxM9T4-QL._SX342_.jpg", "price": 99.9, "numReviews": 5, "groups": [25], "averageRating": 4.0, "brand": "Nuvo"}, {"asin": "B008M4SA08", "name": "Canarm IVL424A03ORB Lily 3-Light Bath Vanity, Oil Rubbed Bronze", "imUrl": "http://ecx.images-amazon.com/images/I/31KQohvuolL._SX300_.jpg", "price": 61.45, "numReviews": 3, "groups": [26], "averageRating": 4.666666666666667, "brand": "Canarm"}, {"asin": "B003Z6PH8Q", "name": "Nuvo Lighting 60/4083 Three Light Bento Vanity with Satin Glass, CUL Damp Location, Polished Chrome", "imUrl": "http://ecx.images-amazon.com/images/I/31eafEi47-L._SX300_.jpg", "price": 159.99, "numReviews": 3, "groups": [27], "averageRating": 3.6666666666666665, "brand": "Nuvo Lighting"}, {"asin": "B000PW9X6U", "name": "Kichler Lighting 5338NI 4 Light Bathroom Light, Brushed Nickel", "imUrl": "http://ecx.images-amazon.com/images/I/31H1nMm5MjL._SX342_.jpg", "price": 85.0, "numReviews": 1, "groups": [28], "averageRating": 2.0, "brand": "Kichler Lighting"}, {"asin": "B005BP9YBA", "name": "AF Lighting 617054 36-Inch Decorative Vanity Fixture, Brushed Nickel Finish", "imUrl": "http://ecx.images-amazon.com/images/I/41gIie-cMEL._SX342_.jpg", "price": 55.36, "numReviews": 10, "groups": [29], "averageRating": 4.3, "brand": "AF Lighting"}, {"asin": "B000U8S8NI", "name": "Designers Fountain 94004-ORB Apollo 4-Light Bath Bar, Oil Rubbed Bronze", "imUrl": "http://ecx.images-amazon.com/images/I/31-bAGykqGL._SX342_.jpg", "price": 80.4, "numReviews": 2, "groups": [30], "averageRating": 4.0, "brand": "Designers Fountain"}, {"asin": "B002OMFME6", "name": "Nuvo SF77/194 Six Light Vanity Strip, Polished Chrome, 36-Inch", "imUrl": "http://ecx.images-amazon.com/images/I/21EYLo2CqDL._SX342_.jpg", "price": 23.72, "numReviews": 10, "groups": [31], "averageRating": 4.2, "brand": "Nuvo"}, {"asin": "B003Z6PH9A", "name": "Nuvo Lighting 60/4084 Four Light Bento Vanity with Satin Glass, CUL Damp Location, Polished Chrome", "imUrl": "http://ecx.images-amazon.com/images/I/317%2BCFY7HcL._SX300_.jpg", "price": 199.99, "numReviews": 1, "groups": [32], "averageRating": 5.0, "brand": "Nuvo Lighting"}, {"asin": "B004Q2ME8Y", "name": "Minka Lavery 6544 4 Light Bathroom Vanity Light from the City Square Collection", "imUrl": "http://ecx.images-amazon.com/images/I/216N19vvwzL._SX342_.jpg", "price": 185.9, "numReviews": 2, "groups": [33], "averageRating": 4.5}, {"asin": "B000JZR03G", "name": "Bathroom Vanity Light Fixture 48\" Wide Oil Rubbed Bronze", "imUrl": "http://ecx.images-amazon.com/images/I/21jYx9EiskL._SX342_.jpg", "price": 314.0, "numReviews": 4, "groups": [34], "averageRating": 5.0}, {"asin": "B001EGQZ0S", "name": "Progress Lighting P3056-09 6-Light Bath Bracket, Brushed Nickel", "imUrl": "http://ecx.images-amazon.com/images/I/31LXdMJmkLL._SX342_.jpg", "price": 152.06, "numReviews": 2, "groups": [35], "averageRating": 3.0, "brand": "Progress Lighting"}, {"asin": "B000EWVZQW", "name": "Moen 18010-16 Monticello Vanity, 2 Light, Opal White Glass with Brass and Chrome Finish", "imUrl": "http://ecx.images-amazon.com/images/I/31vGLx836SL._SX342_.jpg", "price": 66.64, "numReviews": 14, "groups": [36], "averageRating": 3.642857142857143}, {"asin": "B002OMGZLA", "name": "Nuvo SF77/193 Four Light Vanity Strip, Polished Chrome, 24-Inch", "imUrl": "http://ecx.images-amazon.com/images/I/21D2qm%2BwNPL._SX342_.jpg", "price": 19.99, "numReviews": 5, "groups": [37], "averageRating": 3.4, "brand": "Nuvo"}, {"asin": "B0015N55CY", "name": "Nuvo 60/342 Empire Three Light Vanity with Alabaster Glass, Brushed Nickel", "imUrl": "http://ecx.images-amazon.com/images/I/3177UkTSqnL._SX342_.jpg", "price": 69.99, "numReviews": 5, "groups": [38], "averageRating": 4.8, "brand": "Nuvo"}, {"asin": "B005D8QP0I", "name": "6 Light Bath Vanity Light", "imUrl": "http://ecx.images-amazon.com/images/I/31nSphLa%2B7L._SX342_.jpg", "price": 115.9, "numReviews": 1, "groups": [39], "averageRating": 1.0}, {"asin": "B001ASHQYO", "name": "Nuvo 60/339 Empire Four Light Vanity with Alabaster Glass, Polished Chrome", "imUrl": "http://ecx.images-amazon.com/images/I/31LZmli5DbL._SX342_.jpg", "price": 89.99, "numReviews": 4, "groups": [40], "averageRating": 3.75, "brand": "Nuvo"}, {"asin": "B002I8L87G", "name": "Savoy House Lighting 8-5690-2-187 Mont La Ville 2-Light Bath Bar, Brushed Pewter Finish with Black Shade", "imUrl": "http://ecx.images-amazon.com/images/I/41GH23MqDoL._SX300_.jpg", "price": 49.99, "numReviews": 1, "groups": [41], "averageRating": 4.0}, {"asin": "B0079IYWGO", "name": "Possini Midtown 23 1/2\" High Chrome Bath Bar Light Fixture", "imUrl": "http://ecx.images-amazon.com/images/I/219N5o9ntCL._SY445_.jpg", "price": 149.95, "numReviews": 2, "groups": [42], "averageRating": 4.0}, {"asin": "B008M4SD14", "name": "Canarm IVL429A02CH Milo 2-Light Bath Vanity Light", "imUrl": "http://ecx.images-amazon.com/images/I/31Saq0skl3L._SX300_.jpg", "price": 62.99, "numReviews": 3, "groups": [43], "averageRating": 4.0, "brand": "Canarm"}, {"asin": "B0015GIDAC", "name": "630CH Classic 10LT Vanity Strip Light, Chrome Finish", "imUrl": "http://ecx.images-amazon.com/images/I/21N4BbE2BML._SX342_.jpg", "price": 75.0, "numReviews": 2, "groups": [14], "averageRating": 3.0}, {"asin": "B008M4SD8W", "name": "Canarm IVL429A03CH Milo 3-Light Bath Vanity, Chrome", "imUrl": "http://ecx.images-amazon.com/images/I/31WUXjFbMDL._SX300_.jpg", "price": 79.77, "numReviews": 3, "groups": [44], "averageRating": 3.3333333333333335, "brand": "Canarm"}, {"asin": "B00CMAYDR2", "name": "Kovacs P5216-077-L LED 24\" Wide Bathroom Bath Bar from the Cubism Collection", "imUrl": "http://ecx.images-amazon.com/images/I/21MJl9djL9L._SX342_.jpg", "price": 300.0, "numReviews": 1, "groups": [45], "averageRating": 5.0, "brand": "Kovacs"}, {"asin": "B003BNJKKO", "name": "Progress Lighting P7212-09EB 36-Inch Flat Glass Bath Fixture Linear Fluorescent, BBrushed Nickel", "imUrl": "http://ecx.images-amazon.com/images/I/21ynU2A%2BiFL._SX342_.jpg", "price": 123.3, "numReviews": 8, "groups": [46], "averageRating": 3.375, "brand": "Progress Lighting"}, {"asin": "B00GHIFKO0", "name": "Dailyart Stainless Steel Acryl 10w Led Bathroom Light 3528smd Cool White Mirror Light", "imUrl": "http://ecx.images-amazon.com/images/I/31uu1bo-hlL._SX342_.jpg", "price": 86.0, "numReviews": 3, "groups": [47], "averageRating": 5.0}, {"asin": "B0015MZMMS", "name": "Nuvo 60/351 Empire Four Light Vanity with Alabaster Glass, Polished Brass", "imUrl": "http://ecx.images-amazon.com/images/I/31CPsLjMYmL._SX342_.jpg", "price": 85.99, "numReviews": 2, "groups": [20], "averageRating": 5.0, "brand": "Nuvo"}, {"asin": "B003Z6PJHA", "name": "Nuvo Lighting 60/4183 Three Light Helium Vanity with Satin Glass, CUL Damp Location, Brushed Nickel", "imUrl": "http://ecx.images-amazon.com/images/I/31E-68oWA6L._SX342_.jpg", "price": 93.49, "numReviews": 1, "groups": [48], "averageRating": 5.0, "brand": "Nuvo Lighting"}, {"asin": "B005B7PJXA", "name": "Nuvo 60/4582 Soho Polished Chrome Two Light Vanity", "imUrl": "http://ecx.images-amazon.com/images/I/31EVMp6wV-L._SX300_.jpg", "price": 95.99, "numReviews": 4, "groups": [49], "averageRating": 2.5, "brand": "Nuvo"}, {"asin": "B0018OZWI2", "name": "Hardware House 544866 Tuscany 14-Inch by 8-3/4-Inch Bath/Wall Lighting Fixture Textured Black", "imUrl": "http://ecx.images-amazon.com/images/I/41E6chsQcqL._SX342_.jpg", "price": 27.12, "numReviews": 10, "groups": [50], "averageRating": 4.7, "brand": "Hardware House"}, {"asin": "B002HEXNU6", "name": "Nuvo Lighting 60/3208 Ballerina Vanity Light with Alabaster Glass, Brushed Nickel, 18-Inch 2-Light", "imUrl": "http://ecx.images-amazon.com/images/I/3183xXHXBDL._SX342_.jpg", "price": 63.99, "numReviews": 1, "groups": [51], "averageRating": 4.0, "brand": "Nuvo Lighting"}, {"asin": "B004AYDYHI", "name": "Artcraft Lighting AC1304OB Parkdale 4-Lite Bathroom Vanity Light, Oil-Rubbed Bronze", "imUrl": "http://ecx.images-amazon.com/images/I/31QKugE8mWL._SY300_.jpg", "price": 197.74, "numReviews": 2, "groups": [52], "averageRating": 4.0}, {"asin": "B000PH0GAW", "name": "Trans Globe Lighting 7033 PC 3-Light Bathroom Bar Light, Polished Chrome", "imUrl": "http://ecx.images-amazon.com/images/I/317TlHdgEuL._SX342_.jpg", "price": 74.0, "numReviews": 1, "groups": [53], "averageRating": 4.0}, {"asin": "B004WSNSFK", "name": "Sunlite B636/BN 36-Inch 6-Bulb Bathroom Vanity Wall Fixture, Brushed Nickel Finish", "imUrl": "http://ecx.images-amazon.com/images/I/31LA8MtzM%2BL._SY300_.jpg", "price": 21.95, "numReviews": 1, "groups": [54], "averageRating": 3.0, "brand": "Sunlite"}, {"asin": "B0048MHZY0", "name": "Kichler Lighting 45245NI 5 Light Rocklin Bathroom Light, Brushed Nickel", "imUrl": "http://ecx.images-amazon.com/images/I/31mpmJWtSzL._SY300_.jpg", "price": 128.3, "numReviews": 2, "groups": [55], "averageRating": 4.0}, {"asin": "B000R7F5FG", "name": "Kovacs GK P5046-37B Contemporary / Modern 39.5\" Wide Bathroom Fixture, Resoration Bronze", "imUrl": "http://ecx.images-amazon.com/images/I/11o%2BFjsVJzL._SX300_.jpg", "price": 90.0, "numReviews": 1, "groups": [56], "averageRating": 4.0}, {"asin": "B008M4SDI2", "name": "Canarm IVL429A04CH Milo 4-Light Bath Vanity Light", "imUrl": "http://ecx.images-amazon.com/images/I/312G1MNVlCL._SX300_.jpg", "price": 117.77, "numReviews": 2, "groups": [57], "averageRating": 4.5}, {"asin": "B000NK77CG", "name": "Access Lighting 62092-BS/12C 2 Light Phoebe Vanity Light Brushed", "imUrl": "http://ecx.images-amazon.com/images/I/31HAZjMzWlL._SX342_.jpg", "price": 311.99, "numReviews": 3, "groups": [58], "averageRating": 5.0, "brand": "Access Lighting"}, {"asin": "B002966UN4", "name": "Hinkley Lighting H5556 6 Light 48\" Width Bathroom Vanity Light from the Avon Col", "imUrl": "http://ecx.images-amazon.com/images/I/31IVK1znGsL._SX342_.jpg", "price": 349.0, "numReviews": 2, "groups": [59], "averageRating": 5.0, "brand": "Hinkley"}, {"asin": "B005GNX2HE", "name": "Progress Lighting P2003-09 Joy Collection 4-Light Vanity Fixture, Brushed Nickel", "imUrl": "http://ecx.images-amazon.com/images/I/31VbaWV-cKL._SX342_.jpg", "price": 126.99, "numReviews": 1, "groups": [60], "averageRating": 5.0, "brand": "Progress Lighting"}, {"asin": "B003BB34JO", "name": "Nuvo 60/2871 Two Light Wall with Satin White Glass, Brushed Nickel", "imUrl": "http://ecx.images-amazon.com/images/I/31tYa-gm1HL._SX342_.jpg", "price": 99.9, "numReviews": 4, "groups": [61], "averageRating": 4.75, "brand": "Nuvo"}, {"asin": "B0071K42GK", "name": "Progress Lighting P2709-09 Gather Collection 4-Light Vanity Fixture, Brushed Nickel", "imUrl": "http://ecx.images-amazon.com/images/I/31ZBrKXS4YL._SX342_.jpg", "price": 87.75, "numReviews": 3, "groups": [62], "averageRating": 4.666666666666667, "brand": "Progress Lighting"}, {"asin": "B002OMBXF8", "name": "Nuvo 60/313 Four Light Vanity Strip, Textured White, 24-Inch", "imUrl": "http://ecx.images-amazon.com/images/I/21-7oPiH0cL._SX342_.jpg", "price": 27.99, "numReviews": 3, "groups": [63], "averageRating": 5.0, "brand": "Nuvo"}, {"asin": "B00614MW0K", "name": "Chloe Lighting CH0190-BN-BL4 Transitional 4-Light Brushed Nickel Bath Vanity Wall Fixture with 31-Inch Wide Alabaster Glass", "imUrl": "http://ecx.images-amazon.com/images/I/31nJTp422yL._SX300_.jpg", "price": 100.49, "numReviews": 1, "groups": [64], "averageRating": 5.0, "brand": "Chloe Lighting"}, {"asin": "B000KKLSCY", "name": "Boston Harbor S-12-3V 3-Light Vanity, Noble Bronze", "imUrl": "http://ecx.images-amazon.com/images/I/41v4Fr8pbuL._SY300_.jpg", "price": 49.49, "numReviews": 6, "groups": [65], "averageRating": 4.0, "brand": "Boston Harbor"}, {"asin": "B000PGX1GO", "name": "Trans Glob Lighting 3248 PC 8-Light Basic Strip Vanity Light", "imUrl": "http://ecx.images-amazon.com/images/I/31mvpordHjL._SX342_.jpg", "price": 60.8, "numReviews": 1, "groups": [66], "averageRating": 4.0, "brand": "Trans Glob Lighting"}, {"asin": "B005B7PGGK", "name": "Nuvo 60/4644 Decker Brushed Nickel Four Light Vanity", "imUrl": "http://ecx.images-amazon.com/images/I/31F4%2BDSgMjL._SX342_.jpg", "price": 186.99, "numReviews": 1, "groups": [67], "averageRating": 5.0, "brand": "Nuvo"}, {"asin": "B001D72340", "name": "Minka Lavery 3243-77, Cashelmara Reversible Glass Wall Vanity Lighting, 3 Light, 300 Watts, Chrome", "imUrl": "http://ecx.images-amazon.com/images/I/31uiodW1I4L._SX300_.jpg", "price": 249.9, "numReviews": 4, "groups": [68], "averageRating": 5.0, "brand": "Minka Lavery"}, {"asin": "B0057UUL66", "name": "Kichler Lighting 45241CH 4 Light Luciani Bathroom Light, Chrome", "imUrl": "http://ecx.images-amazon.com/images/I/31QZFkcOKYL._SY300_.jpg", "price": 110.49, "numReviews": 1, "groups": [69], "averageRating": 5.0}, {"asin": "B00065IUPG", "name": "Kenroy Home Vanity White Bath Vanity", "imUrl": "http://ecx.images-amazon.com/images/I/31AvvSryI8L._SX342_.jpg", "price": 36.0, "numReviews": 1, "groups": [70], "averageRating": 4.0}, {"asin": "B004LWMGYG", "name": "Elk 17019/4 Elysburg 4-Light Vanity In Satin Nickel", "imUrl": "http://ecx.images-amazon.com/images/I/31dyLyEVZdL._SX342_.jpg", "price": 239.56, "numReviews": 1, "groups": [71], "averageRating": 5.0, "brand": "Elk"}, {"asin": "B0053H6AT0", "name": "Moen DN0764CH Iso 4 Globe Bath Light, Chrome", "imUrl": "http://ecx.images-amazon.com/images/I/316wBsK8p6L._SY300_.jpg", "price": 179.71, "numReviews": 5, "groups": [57], "averageRating": 4.8, "brand": "Moen"}, {"asin": "B001B9W9W6", "name": "Capital Lighting 1373GB-260 Vanity with Rust Scavo Glass Shades, Gilded Bronze Finish", "imUrl": "http://ecx.images-amazon.com/images/I/412xfJF0OWL._SY300_.jpg", "price": 179.9, "numReviews": 2, "groups": [72], "averageRating": 5.0}, {"asin": "B008IMBBA0", "name": "Chloe Lighting CH0110-SN-BL4 Transitional 4-Light Satin Nickel Bath Vanity Wall Fixture with 31-Inch Wide Frosted Alabaster Glass", "imUrl": "http://ecx.images-amazon.com/images/I/21-D3RGjKUL._SX300_.jpg", "price": 12.35, "numReviews": 1, "groups": [73], "averageRating": 3.0}, {"asin": "B000OWE6HM", "name": "Westinghouse 6652200 3 Light Bracket Bathroom Light", "imUrl": "http://ecx.images-amazon.com/images/I/31TpD6vasOL._SX300_.jpg", "price": 37.55, "numReviews": 1, "groups": [74], "averageRating": 1.0, "brand": "Westinghouse"}, {"asin": "B003CC1IRM", "name": "Eurofase 19431-031 Muse 5-Light Pendent Lamp, Satin Nickel/White", "imUrl": "http://ecx.images-amazon.com/images/I/21NVqBQOSKL._SX342_.jpg", "price": 218.24, "numReviews": 1, "groups": [75], "averageRating": 2.0}, {"asin": "B00002N7C1", "name": "Westinghouse Bathroom Bar Fixture", "imUrl": "http://ecx.images-amazon.com/images/I/41TOVi1seAL._SY300_.jpg", "price": 11.56, "numReviews": 1, "groups": [76], "averageRating": 2.0, "brand": "Westinghouse", "salesRankCategory": "Home Improvement", "salesRank": 183719}, {"asin": "B00332LH4K", "name": "Triarch 25355 5 Light Cosmo Bathroom Light, Satin Nickel/Brushed Steel", "imUrl": "http://ecx.images-amazon.com/images/I/314DP1DfAsL._SX300_.jpg", "price": 297.0, "numReviews": 1, "groups": [77], "averageRating": 5.0}, {"asin": "B005B7PJU8", "name": "Nuvo 60/4584 Soho Polished Chrome Four Light Vanity", "imUrl": "http://ecx.images-amazon.com/images/I/310k8rRk0TL._SX300_.jpg", "price": 189.9, "numReviews": 4, "groups": [11], "averageRating": 3.75, "brand": "Nuvo"}, {"asin": "B009WIXOJU", "name": "Goodia LED Wall Light 7 Watt. 30pcs SMD LED Chips.Warm white(2800-3200K)", "imUrl": "http://ecx.images-amazon.com/images/I/41pzds7-RjL._SX342_.jpg", "price": 29.15, "numReviews": 1, "groups": [78], "averageRating": 5.0, "brand": "Goodia"}, {"asin": "B00258LQ2G", "name": "Vaxcel USA VL35472AC Monrovia 2 Light Bathroom Vanity Lighting Fixture in Brass, Glass", "imUrl": "http://ecx.images-amazon.com/images/I/41EaMcm8ymL._SX342_.jpg", "price": 93.0, "numReviews": 1, "groups": [79], "averageRating": 5.0}, {"asin": "B002OMH57I", "name": "Nuvo 60/316 Ballerina Two Light 18-Inch Vanity with Alabaster Glass, Polished Chrome", "imUrl": "http://ecx.images-amazon.com/images/I/314x8tqDEnL._SX342_.jpg", "price": 39.02, "numReviews": 4, "groups": [80], "averageRating": 4.0, "brand": "Nuvo"}, {"asin": "B007Y55ZH2", "name": "Kovacs P5044-084-L Tube LED Wall Sconce", "imUrl": "http://ecx.images-amazon.com/images/I/21URxBUqqxL._SX342_.jpg", "price": 230.0, "numReviews": 4, "groups": [81], "averageRating": 4.5}, {"asin": "B005BPBQH0", "name": "AF Lighting 671606 24-Inch Vanity Fixture, White Metal Finish", "imUrl": "http://ecx.images-amazon.com/images/I/31cc%2Ba1U5AL._SY300_.jpg", "price": 14.63, "numReviews": 1, "groups": [82], "averageRating": 5.0, "brand": "AF Lighting"}, {"asin": "B000HBI9P0", "name": "Thomas Lighting SL748622 Prestige Bath Light, Sable Bronze", "imUrl": "http://ecx.images-amazon.com/images/I/31KMbdZD-2L._SX300_.jpg", "price": 157.6, "numReviews": 2, "groups": [83], "averageRating": 5.0, "brand": "Thomas Lighting"}, {"asin": "B000OWBT3G", "name": "Thomas Lighting M1705-78 Newport Five-Light 47-Inch W by 7-3/4-Inch H Bath Light, Brushed Nickel", "imUrl": "http://ecx.images-amazon.com/images/I/31Y9owfYEVL._SX300_.jpg", "price": 101.75, "numReviews": 8, "groups": [84], "averageRating": 3.625}, {"asin": "B00E8CFAGU", "name": "Elk Lighting 1002BB/10 Brighton 2 Light Bath Bar,  Oil Rubbed Bronze Finish", "imUrl": "http://ecx.images-amazon.com/images/I/41wqafAibKL._SY300_.jpg", "price": 98.0, "numReviews": 1, "groups": [85], "averageRating": 5.0}, {"asin": "B000CS0L7W", "name": "Thomas Lighting SL75844 Homestead Bath Light, Chrome", "imUrl": "http://ecx.images-amazon.com/images/I/31GTAj%2BQ-cL._SX300_.jpg", "price": 71.28, "numReviews": 2, "groups": [86], "averageRating": 5.0, "brand": "Thomas Lighting"}, {"asin": "B000RO06XA", "name": "5337NI Traditional 3LT Vanity Fixture, Brushed Nickel Finish with Alabaster Glass Shades", "imUrl": "http://ecx.images-amazon.com/images/I/31tqjDIFY2L._SX342_.jpg", "price": 65.0, "numReviews": 2, "groups": [87], "averageRating": 2.5}, {"asin": "B0015N1032", "name": "Nuvo 60/319 Ballerina Five Light 36-Inch Vanity with Alabaster Glass, Polished Chrome", "imUrl": "http://ecx.images-amazon.com/images/I/31FP01ZKFdL._SX342_.jpg", "price": 81.52, "numReviews": 13, "groups": [88], "averageRating": 4.461538461538462, "brand": "Nuvo"}, {"asin": "B0047E3VQK", "name": "Vaxcel USA CLVLD004CH Cologne 4 Light Bathroom Vanity Lighting Fixture in Chrome, Glass", "imUrl": "http://ecx.images-amazon.com/images/I/31BRT5Wt6LL._SX342_.jpg", "price": 128.16, "numReviews": 2, "groups": [40], "averageRating": 4.0, "brand": "Vaxcel"}, {"asin": "B003644SBO", "name": "Sea Gull 44855-965 6-Light Gladstone Antique Bathroom Vanity Light, Brushed Nickel", "imUrl": "http://ecx.images-amazon.com/images/I/31S9qEj0XJL._SX342_.jpg", "price": 198.0, "numReviews": 5, "groups": [89], "averageRating": 4.0, "brand": "Sea Gull"}, {"asin": "B0071K44O0", "name": "Progress Lighting P2714-09 Gather Collection 6-Light Vanity Fixture, Brushed Nickel", "imUrl": "http://ecx.images-amazon.com/images/I/31kic378yAL._SX342_.jpg", "price": 127.59, "numReviews": 20, "groups": [90], "averageRating": 4.75, "brand": "Progress Lighting"}, {"asin": "B005BPBR10", "name": "AF Lighting 671608 24-Inch Vanity Fixture, Oak Finish with Polished Brass Trim", "imUrl": "http://ecx.images-amazon.com/images/I/3154N3ZBC2L._SX342_.jpg", "price": 26.89, "numReviews": 1, "groups": [91], "averageRating": 2.0, "brand": "AF Lighting"}, {"asin": "B0014F5EYM", "name": "Forecast Lighting F457536 Revolution 4 Light Bath, Satin Nickel", "imUrl": "http://ecx.images-amazon.com/images/I/31KaBSK8p5L._SX300_.jpg", "price": 49.99, "numReviews": 2, "groups": [92], "averageRating": 3.0}, {"asin": "B001UNXX1Y", "name": "Golden Lighting 5221-4 CH Brookfield CH Four Light Vanity, Chrome Finish", "imUrl": "http://ecx.images-amazon.com/images/I/31wEPnu8iAL._SX342_.jpg", "price": 100.0, "numReviews": 2, "groups": [93], "averageRating": 4.5, "brand": "Golden Lighting"}, {"asin": "B0040V5FFK", "name": "Hardware House 10-1059 Bennington 3-Light Bath or Wall Light, Antique Bronze", "imUrl": "http://ecx.images-amazon.com/images/I/41F5MZNtniL._SX300_.jpg", "price": 55.86, "numReviews": 27, "groups": [94], "averageRating": 4.518518518518518, "brand": "Hardware House"}, {"asin": "B007V61MB2", "name": "Kichler Lighting 5337CH Traditional 3-Light Vanity Fixture, Chrome Finish with Alabaster Glass", "imUrl": "http://ecx.images-amazon.com/images/I/411avwDBsVL._SX300_.jpg", "price": 65.0, "numReviews": 2, "groups": [95], "averageRating": 4.5, "brand": "Kichler Lighting"}, {"asin": "B001MUWE9M", "name": "Kenroy Home 80414BS Legacy 4-Light Vanity with 6-Inch Fluted Glass Shades", "imUrl": "http://ecx.images-amazon.com/images/I/31VUhv8vFcL._SX342_.jpg", "price": 160.2, "numReviews": 7, "groups": [96], "averageRating": 4.857142857142857}, {"asin": "B002O2QKKG", "name": "Nuvo 60/388 Black Two Light Wall Fixture with Alabaster Glass, Textured Flat Black", "imUrl": "http://ecx.images-amazon.com/images/I/41j2aMEARpL._SX342_.jpg", "price": 48.12, "numReviews": 1, "groups": [97], "averageRating": 5.0, "brand": "Nuvo"}, {"asin": "B0040V5G36", "name": "Hardware House H10-2469 Saturn 4-Light Bath or Wall Fixture, Satin Nickel", "imUrl": "http://ecx.images-amazon.com/images/I/3120skqpnYL._SX300_.jpg", "price": 50.35, "numReviews": 5, "groups": [98], "averageRating": 4.6, "brand": "Hardware House"}, {"asin": "B00DNZ7KW0", "name": "Progress Lighting P2016-09 Bravo 5-Lt. Bath and Vanity Fixture with Etched glass shades", "imUrl": "http://ecx.images-amazon.com/images/I/31ofCyb6HzL._SX342_.jpg", "price": 148.67, "numReviews": 3, "groups": [99], "averageRating": 5.0, "brand": "Progress Lighting"}, {"asin": "B003HRT5CW", "name": "6323NI Dover 3LT Vanity Fixture, Brushed Nickel Finish with Etched Seedy Glass", "imUrl": "http://ecx.images-amazon.com/images/I/31eTWWo7tsL._SX342_.jpg", "price": 87.0, "numReviews": 5, "groups": [100], "averageRating": 4.6}, {"asin": "B0053H69ZA", "name": "Moen DN0762CH Iso 2 Globe Bath Light, Chrome", "imUrl": "http://ecx.images-amazon.com/images/I/41jKYTTLFCL._SY300_.jpg", "price": 113.41, "numReviews": 3, "groups": [101], "averageRating": 4.333333333333333, "brand": "Moen"}, {"asin": "B00531YYHQ", "name": "CANARM LTD. IVL363A03ORB Carlton 3 Bulb Vanity Light, Oil Rubbed Bronze", "imUrl": "http://ecx.images-amazon.com/images/I/31ZkoU6WDSL._SX300_.jpg", "price": 72.0, "numReviews": 15, "groups": [102], "averageRating": 4.2}, {"asin": "B002HEXNX8", "name": "Nuvo 60/3843 Lucern 3-Light Vanity, Energy Star", "imUrl": "http://ecx.images-amazon.com/images/I/310oXGR8dlL._SX300_.jpg", "price": 68.99, "numReviews": 4, "groups": [103], "averageRating": 4.0}, {"asin": "B004BU6HHA", "name": "Vaxcel USA VL28963CH Swing Arm 3 Light Bathroom Vanity Lighting Fixture in Chrome, Glass", "imUrl": "http://ecx.images-amazon.com/images/I/31l4hpOeL8L._SX342_.jpg", "price": 186.0, "numReviews": 4, "groups": [104], "averageRating": 4.75, "brand": "Vaxcel"}, {"asin": "B0052SWDSW", "name": "AF Lighting 617609 Contemporary Lighting Collection Vanity Fixture, Brushed Nickel, 48-Inch W by 4-5/8-Inch H by 6-Inch E", "imUrl": "http://ecx.images-amazon.com/images/I/316PNKfdw2L._SY300_.jpg", "price": 113.14, "numReviews": 50, "groups": [90], "averageRating": 4.7, "brand": "AF Lighting"}, {"asin": "B0038AP2UW", "name": "Vaxcel Lighting VL35123 Standford 3 Light Vanity Light", "imUrl": "http://ecx.images-amazon.com/images/I/31qPPktpu8L._SX342_.jpg", "price": 88.0, "numReviews": 5, "groups": [105], "averageRating": 5.0, "brand": "Vaxcel"}, {"asin": "B000CRWHNE", "name": "5972DBK Pomeroy 2LT Vanity Fixture, Distressed Black Finish with Sunrise Marble Glass", "imUrl": "http://ecx.images-amazon.com/images/I/31WnRrGNfLL._SX342_.jpg", "price": 98.0, "numReviews": 1, "groups": [106], "averageRating": 5.0}, {"asin": "B0048MJXPE", "name": "Kichler Lighting 45144NI 4 Light Rocklin Bathroom Light, Brushed Nickel", "imUrl": "http://ecx.images-amazon.com/images/I/31CpwTky5zL._SY300_.jpg", "price": 114.75, "numReviews": 1, "groups": [107], "averageRating": 5.0}, {"asin": "B0015N103M", "name": "Nuvo 60/321 Ballerina 3-Light 24-Inch Vanity Light with Alabaster Glass Shades, Brushed Nickel", "imUrl": "http://ecx.images-amazon.com/images/I/31RWIPSkapL._SX300_.jpg", "price": 63.99, "numReviews": 165, "groups": [108], "averageRating": 4.175757575757576, "brand": "Nuvo"}, {"asin": "B001CACYRE", "name": "Minka Lavery 664-PL 2 Light 24.75\" Width Energy Star Bathroom Bath Bar with Whit", "imUrl": "http://ecx.images-amazon.com/images/I/21Cd7HNJgvL._SX342_.jpg", "price": 74.0, "numReviews": 1, "groups": [109], "averageRating": 4.0, "brand": "Minka Lavery"}, {"asin": "B005BPC8UO", "name": "AF Lighting 671735 24-Inch Decorative Vanity Fixture, Chrome", "imUrl": "http://ecx.images-amazon.com/images/I/41hgvqNWEDL._SX342_.jpg", "price": 38.1, "numReviews": 4, "groups": [95], "averageRating": 3.5, "brand": "AF Lighting"}, {"asin": "B000U8OXI2", "name": "Designers Fountain 94003-ORB Apollo 3-Light Bath Bar, Oil Rubbed Bronze", "imUrl": "http://ecx.images-amazon.com/images/I/31bi2H8172L._SX342_.jpg", "price": 71.54, "numReviews": 7, "groups": [110], "averageRating": 4.571428571428571, "brand": "Designers Fountain"}, {"asin": "B00367XZ88", "name": "Nuvo 60/3265 Empire Two Light Vanity with Frosted Glass, Brushed Nickel", "imUrl": "http://ecx.images-amazon.com/images/I/31xgJ8CmMUL._SX342_.jpg", "price": 34.0, "numReviews": 2, "groups": [111], "averageRating": 4.5, "brand": "Nuvo"}, {"asin": "B0015MXW1G", "name": "Nuvo 60/343 Empire Four Light Vanity with Alabaster Glass, Brushed Nickel", "imUrl": "http://ecx.images-amazon.com/images/I/31wE61hz6qL._SX342_.jpg", "price": 89.99, "numReviews": 1, "groups": [112], "averageRating": 5.0, "brand": "Nuvo"}, {"asin": "B000MSKQH2", "name": "Quoizel DI8504ES Demitri 8-1/2-Inch Bath Bar with Four Lights with Opal Etched Glass, Empire Silver Finish", "imUrl": "http://ecx.images-amazon.com/images/I/31OcdCLKmOL._SX342_.jpg", "price": 169.98, "numReviews": 1, "groups": [113], "averageRating": 3.0, "brand": "Quoizel"}, {"asin": "B001F9SHGO", "name": "Nuvo Lighting 60/1914 Dupont 3-Light Vanity with Satin White Glass, Brushed Nickel", "imUrl": "http://ecx.images-amazon.com/images/I/31nQ22hX%2BCL._SX300_.jpg", "price": 59.0, "numReviews": 1, "groups": [114], "averageRating": 5.0, "brand": "Nuvo Lighting"}, {"asin": "B003DU2DF4", "name": "Kenroy Home 91796BS Maxwell 6 Light Vanity, Brushed Steel Finish", "imUrl": "http://ecx.images-amazon.com/images/I/31icNM6b9RL._SY300_.jpg", "price": 178.0, "numReviews": 3, "groups": [115], "averageRating": 4.666666666666667, "brand": "Kenroy Home"}, {"asin": "B000E0Q45Q", "name": "Maxim 8016MR Essentials 48\" Wide 7-Bulb Bathroom Light Fixture", "imUrl": "http://ecx.images-amazon.com/images/I/31DYs1Rch8L._SX342_.jpg", "price": 113.39, "numReviews": 6, "groups": [116], "averageRating": 3.6666666666666665}, {"asin": "B0014HB53Y", "name": "5339NI Traditional 5LT Vanity Fixture, Brushed Nickel Finish with Alabaster Glass Shades", "imUrl": "http://ecx.images-amazon.com/images/I/31wLHCCUGlL._SX342_.jpg", "price": 105.0, "numReviews": 8, "groups": [117], "averageRating": 4.625}, {"asin": "B0053H57A8", "name": "Moen YB8262CH Rothbury Double Globe Bath Light, Chrome", "imUrl": "http://ecx.images-amazon.com/images/I/418U8fu-6oL._SY300_.jpg", "price": 186.83, "numReviews": 1, "groups": [118], "averageRating": 4.0, "brand": "Moen"}, {"asin": "B0015EAWIK", "name": "Access Lighting 31002-BS Vail 1-Light Vanity and Wall Fixture, Brushed Steel with Opal Glass", "imUrl": "http://ecx.images-amazon.com/images/I/213u4mm6NrL._SX342_.jpg", "price": 149.59, "numReviews": 2, "groups": [119], "averageRating": 5.0, "brand": "Access Lighting"}, {"asin": "B000EWVZR6", "name": "Moen 18010-16 Monticello Vanity, 2 Light, Opal White Glass with Brass and Chrome Finish", "imUrl": "http://ecx.images-amazon.com/images/I/31vGLx836SL._SX342_.jpg", "price": 66.64, "numReviews": 14, "groups": [120], "averageRating": 3.642857142857143}, {"asin": "B005I3SGRS", "name": "Trans Globe Lighting 20045 Square Five Light Wall Bar, Nickel", "imUrl": "http://ecx.images-amazon.com/images/I/31viPTZ92%2BL._SX300_.jpg", "price": 340.1, "numReviews": 1, "groups": [121], "averageRating": 5.0}, {"asin": "B000HBI9PA", "name": "Thomas Lighting SL748678 Prestige Bath Light, Brushed Nickel", "imUrl": "http://ecx.images-amazon.com/images/I/212lw2Rru2L._SX300_.jpg", "price": 157.6, "numReviews": 8, "groups": [99], "averageRating": 4.75, "brand": "Thomas Lighting"}, {"asin": "B002N1IDN0", "name": "Nuvo 60/3266 Empire Three Light Vanity with Frosted Glass, Brushed Nickel", "imUrl": "http://ecx.images-amazon.com/images/I/31g-kU1uf2L._SX342_.jpg", "price": 69.95, "numReviews": 4, "groups": [122], "averageRating": 4.5, "brand": "Nuvo"}, {"asin": "B0071K4198", "name": "Progress Lighting P2713-09 Gather Collection 5-Light Vanity Fixture, Brushed Nickel", "imUrl": "http://ecx.images-amazon.com/images/I/31CnJzVeTdL._SX342_.jpg", "price": 99.08, "numReviews": 4, "groups": [62], "averageRating": 4.5, "brand": "Progress Lighting"}, {"asin": "B001BA1OB2", "name": "Capital Lighting 8004CH 4-Light Bathroom Bar Light, Chrome Finish", "imUrl": "http://ecx.images-amazon.com/images/I/31MswYsML8L._SY300_.jpg", "price": 15.45, "numReviews": 1, "groups": [123], "averageRating": 4.0, "brand": "Capital Lighting"}, {"asin": "B0015MXSHY", "name": "Nuvo 60/006 Three Light Vanity with Alabaster Glass, Textured Black", "imUrl": "http://ecx.images-amazon.com/images/I/31CDdWhcBlL._SX300_.jpg", "price": 85.2, "numReviews": 6, "groups": [124], "averageRating": 4.666666666666667, "brand": "Nuvo"}, {"asin": "B001EQJB18", "name": "Thomas Lighting M1575-63 Magnolia Five-Light Bath Fixture, Painted Bronze", "imUrl": "http://ecx.images-amazon.com/images/I/31oxXn9BK0L._SX300_.jpg", "price": 159.88, "numReviews": 2, "groups": [125], "averageRating": 5.0}, {"asin": "B002NZWRW4", "name": "DVI DVP6866BN 6 Light Europa Bathroom Light, Buffed Nickel", "imUrl": "http://ecx.images-amazon.com/images/I/31Q-MMXh7qL._SY300_.jpg", "price": 410.0, "numReviews": 1, "groups": [126], "averageRating": 5.0}, {"asin": "B004K5EBOM", "name": "Progress Lighting P2989-74 Archie One Light Bath Vanity, Venetian Bronze Finish", "imUrl": "http://ecx.images-amazon.com/images/I/5182hBHoL%2BL._SX342_.jpg", "price": 49.71, "numReviews": 6, "groups": [127], "averageRating": 4.166666666666667, "brand": "Progress Lighting"}, {"asin": "B001G8YOC0", "name": "Maxim Lighting 11810ICBK Linda 3-Light Bath Vanity, Black", "imUrl": "http://ecx.images-amazon.com/images/I/31aCHmJZr6L._SX342_.jpg", "price": 107.99, "numReviews": 1, "groups": [18], "averageRating": 2.0, "brand": "Maxim Lighting"}, {"asin": "B003WU7NFU", "name": "45115NI Claro 3LT Vanity Fixture, Brushed Nickel Finish with Satin Etched Cased Opal Glass", "imUrl": "http://ecx.images-amazon.com/images/I/3144gNknS9L._SX342_.jpg", "price": 207.9, "numReviews": 2, "groups": [128], "averageRating": 5.0}, {"asin": "B0071K40QW", "name": "Progress Lighting P2708-09 Gather Collection 3-Light Vanity Fixture, Brushed Nickel", "imUrl": "http://ecx.images-amazon.com/images/I/31RUUvb0RzL._SX342_.jpg", "price": 66.78, "numReviews": 4, "groups": [129], "averageRating": 4.5, "brand": "Progress Lighting"}, {"asin": "B000R3CMJW", "name": "Royce Lighting RV70ES/3-23 Prescott Three-Light Vanity Oil Rubbed Bronze with Sepia Tinted Globes", "imUrl": "http://ecx.images-amazon.com/images/I/319qNstkfVL._SX342_.jpg", "price": 44.59, "numReviews": 1, "groups": [130], "averageRating": 5.0}, {"asin": "B002OML830", "name": "Nuvo SF77/192 Three Light Vanity Strip, Polished Chrome, 18-Inch", "imUrl": "http://ecx.images-amazon.com/images/I/31QbJXTWdqL._SX342_.jpg", "price": 13.52, "numReviews": 1, "groups": [131], "averageRating": 5.0, "brand": "Nuvo"}, {"asin": "B00133M25O", "name": "Murray Feiss VS8703-ORB Three-Light Boulevard Collection Vanity Strip, Oil Rubbed Bronze with Opal White Etched Glass Shades", "imUrl": "http://ecx.images-amazon.com/images/I/31P5qxJb15L._SX342_.jpg", "price": 188.0, "numReviews": 3, "groups": [132], "averageRating": 4.666666666666667, "brand": "Murray Feiss"}, {"asin": "B005GNX3M8", "name": "Progress Lighting P2009-09 Adorn Collection 2-Light Vanity Fixture, Brushed Nickel", "imUrl": "http://ecx.images-amazon.com/images/I/31541q9noRL._SX342_.jpg", "price": 63.54, "numReviews": 1, "groups": [133], "averageRating": 5.0, "brand": "Progress Lighting"}, {"asin": "B000PGX19Q", "name": "Trans Globe Lighting 3208 PC 8-Light Bath Bar, Polished Chrome", "imUrl": "http://ecx.images-amazon.com/images/I/31VWEvMun9L._SX342_.jpg", "price": 42.0, "numReviews": 2, "groups": [134], "averageRating": 3.0}, {"asin": "B005BP9XD4", "name": "AF Lighting 617091 Decorative Vanity Fixture, Oil Rubbed Bronze, 32-Inch by 9-Inch H", "imUrl": "http://ecx.images-amazon.com/images/I/311vNOZoLML._SY300_.jpg", "price": 79.92, "numReviews": 7, "groups": [135], "averageRating": 3.5714285714285716, "brand": "AF Lighting"}, {"asin": "B000JTYY22", "name": "Forte Lighting 5045-02-55 2-Light Traditional Vanity Fixture, Brushed Nickel Finish with Satin Opal glass", "imUrl": "http://ecx.images-amazon.com/images/I/51rdle0qyrL._SY300_.jpg", "price": 76.14, "numReviews": 3, "groups": [136], "averageRating": 4.666666666666667, "brand": "Forte Lighting"}, {"asin": "B001CB67XK", "name": "Forecast Lighting F442236NV Square 4 Light Bath, Satin Nickel/Chrome", "imUrl": "http://ecx.images-amazon.com/images/I/31ucqWXSZ5L._SX300_.jpg", "price": 192.37, "numReviews": 3, "groups": [137], "averageRating": 4.333333333333333, "brand": "Forecast Lighting"}, {"asin": "B000NK9B8O", "name": "Access Lighting 62051-CH Oxygen 1-Light Wall/Vanity Sconce, Chrome with Checkered Frosted Glass", "imUrl": "http://ecx.images-amazon.com/images/I/312ZZv25RFL._SX342_.jpg", "price": 62.22, "numReviews": 2, "groups": [138], "averageRating": 3.5, "brand": "Access Lighting"}, {"asin": "B001F9SKCK", "name": "Nuvo 60/1285 Four Light Vanity Strip, Mahogany Bronze, 24-Inch", "imUrl": "http://ecx.images-amazon.com/images/I/31QSKOVkP1L._SX342_.jpg", "price": 29.99, "numReviews": 1, "groups": [139], "averageRating": 5.0, "brand": "Nuvo"}, {"asin": "B00332PP2U", "name": "Sea Gull Lighting 44854-05 5-Light Gladstone Bathroom Bar Light", "imUrl": "http://ecx.images-amazon.com/images/I/31r4O0jKIGL._SX342_.jpg", "price": 171.0, "numReviews": 2, "groups": [140], "averageRating": 5.0, "brand": "Sea Gull Lighting"}, {"asin": "B000U8U4I0", "name": "Kichler Lighting 10663NI 3 Light Broadview Bathroom Light, Brushed Nickel", "imUrl": "http://ecx.images-amazon.com/images/I/31H-17iYgZL._SY300_.jpg", "price": 66.0, "numReviews": 1, "groups": [141], "averageRating": 3.0}, {"asin": "B000PH26MS", "name": "Trans Globe Lighting 3505 ROB 5-Light Bath Bar, Rubbed Oil Bronze", "imUrl": "http://ecx.images-amazon.com/images/I/314Hc2umQUL._SX342_.jpg", "price": 112.1, "numReviews": 1, "groups": [142], "averageRating": 4.0, "brand": "Trans Globe Lighting"}, {"asin": "B001UO8PZC", "name": "Progress Lighting P3193-09 4-Light Bath Bracket, Brushed Nickel", "imUrl": "http://ecx.images-amazon.com/images/I/31DiHR1EbfL._SX342_.jpg", "price": 114.66, "numReviews": 4, "groups": [143], "averageRating": 4.5, "brand": "Progress Lighting"}, {"asin": "B004P7JWCG", "name": "Thomas Lighting M178317 Allure Wall Lamp, Couture Gold", "imUrl": "http://ecx.images-amazon.com/images/I/41Batyx93LL._SX342_.jpg", "price": 59.99, "numReviews": 2, "groups": [144], "averageRating": 5.0}, {"asin": "B00EEQEH2I", "name": "Led Wall Sconces Mirror Light. Wall Mounted Warm White. Square Crystal Lampshade Stainless Steel. 4*1w.", "imUrl": "http://ecx.images-amazon.com/images/I/41MVmWnWPmL._SX342_.jpg", "price": 89.9, "numReviews": 2, "groups": [145], "averageRating": 3.5}, {"asin": "B000CS0LOA", "name": "Thomas Lighting SL74154 Vanity Bath Light, Chrome", "imUrl": "http://ecx.images-amazon.com/images/I/211E1eWC6fL._SX300_.jpg", "price": 25.88, "numReviews": 2, "groups": [146], "averageRating": 5.0, "brand": "Thomas Lighting"}, {"asin": "B000LS2DN8", "name": "Sea Gull Lighting 40045-05 Bliss Three-Light Vanity, Chrome Finish with Cased Opal Etched Glass", "imUrl": "http://ecx.images-amazon.com/images/I/41kj%2BNgP6yL._SX342_.jpg", "price": 149.58, "numReviews": 1, "groups": [147], "averageRating": 5.0, "brand": "Sea Gull Lighting"}, {"asin": "B0038GIMEY", "name": "Kenroy Home 91704CH Riley 4 Light Vanity, Chrome Finish", "imUrl": "http://ecx.images-amazon.com/images/I/31-hxkKuHEL._SX300_.jpg", "price": 106.1, "numReviews": 4, "groups": [148], "averageRating": 5.0, "brand": "Kenroy Home"}, {"asin": "B004WYJ4B6", "name": "Designers Fountain 83203-ORB  Marbella 3 Light Bath Bar, Oil Rubbed Bronze", "imUrl": "http://ecx.images-amazon.com/images/I/31%2B7pzOQojL._SX342_.jpg", "price": 84.14, "numReviews": 2, "groups": [149], "averageRating": 2.5, "brand": "Designers Fountain"}, {"asin": "B00258KG68", "name": "Vaxcel USA BEVLD002CA Berkeley 2 Light Bathroom Vanity Lighting Fixture in Brass, Glass", "imUrl": "http://ecx.images-amazon.com/images/I/41mtveiG8JL._SX342_.jpg", "price": 122.0, "numReviews": 2, "groups": [150], "averageRating": 5.0}, {"asin": "B000HBGI12", "name": "Thomas Lighting SL74254 Vanity Bath Light, Chrome", "imUrl": "http://ecx.images-amazon.com/images/I/21UACI%2Bb%2BDL._SX300_.jpg", "price": 35.99, "numReviews": 1, "groups": [151], "averageRating": 5.0, "brand": "Thomas Lighting"}, {"asin": "B00065JU50", "name": "Minka Lavery ML 5584 4 Light Bathroom Vanity Light from the Mission Ridge Collec", "imUrl": "http://ecx.images-amazon.com/images/I/3142kLHOE6L._SX342_.jpg", "price": 189.0, "numReviews": 1, "groups": [152], "averageRating": 5.0, "brand": "Minka Lavery"}, {"asin": "B002OMBRYK", "name": "Nuvo SF77/195 Eight Light Vanity Strip, Polished Chrome, 48-Inch", "imUrl": "http://ecx.images-amazon.com/images/I/21uIyoJEcUL._SX342_.jpg", "price": 30.52, "numReviews": 5, "groups": [153], "averageRating": 3.4, "brand": "Nuvo"}, {"asin": "B005MIBBJY", "name": "Z-Lite 1900-4V Tidal Four Light Vanity Light, Metal Frame, Brushed Nickel Finish and Matte Opal Shade of Glass Material", "imUrl": "http://ecx.images-amazon.com/images/I/213mJ9zgfZL._SX342_.jpg", "price": 224.0, "numReviews": 1, "groups": [154], "averageRating": 4.0, "brand": "Z-Lite"}, {"asin": "B002VY9FKO", "name": "George Kovacs Chrome 20\" Wide Bathroom Light Fixture", "imUrl": "http://ecx.images-amazon.com/images/I/21VW5km-hyL._SX342_.jpg", "price": 90.0, "numReviews": 15, "groups": [155], "averageRating": 4.266666666666667, "brand": "Kovacs"}, {"asin": "B003Z6PH86", "name": "Nuvo Lighting 60/4082 Two Light Bento Vanity with Satin Glass, CUL Damp Location, Polished Chrome", "imUrl": "http://ecx.images-amazon.com/images/I/31KpX1vFWtL._SX300_.jpg", "price": 119.9, "numReviews": 2, "groups": [156], "averageRating": 5.0, "brand": "Nuvo Lighting"}, {"asin": "B0053H69NW", "name": "Moen DN0761CH Iso Bath Light, Chrome", "imUrl": "http://ecx.images-amazon.com/images/I/31CtMeem7hL._SY300_.jpg", "price": 85.61, "numReviews": 3, "groups": [157], "averageRating": 5.0, "brand": "Moen"}, {"asin": "B003MWSDSE", "name": "Moen YB9862ORB Waterhill Two Globe Bath Light, Oil Rubbed Bronze", "imUrl": "http://ecx.images-amazon.com/images/I/41ACzBrIXUL._SY300_.jpg", "price": 233.48, "numReviews": 5, "groups": [158], "averageRating": 5.0, "brand": "Moen"}, {"asin": "B000H1W8AM", "name": "Minka Lavery ML 5583 3 Light Bathroom Vanity Light from the Mission Ridge Collec", "imUrl": "http://ecx.images-amazon.com/images/I/412qxupLasL._SX342_.jpg", "price": 157.0, "numReviews": 1, "groups": [159], "averageRating": 5.0, "brand": "Minka Lavery"}, {"asin": "B0013UCB30", "name": "Kichler Lighting 5370CH Pocelona 4-Light Wall Mount Bath Strip, Chrome with White Porcelain Details and Cased Opal Glass", "imUrl": "http://ecx.images-amazon.com/images/I/31Qkt3vG65L._SX342_.jpg", "price": 267.3, "numReviews": 1, "groups": [160], "averageRating": 5.0, "brand": "Kichler Lighting"}, {"asin": "B00243GOJM", "name": "Sea Gull Lighting 44652-962 3-Light Wall and Bath Fixture, Satin Etched Glass Shades and Brushed Nickel", "imUrl": "http://ecx.images-amazon.com/images/I/31Sir19ia5L._SX342_.jpg", "price": 130.0, "numReviews": 2, "groups": [161], "averageRating": 4.5}, {"asin": "B005BPBJK4", "name": "AF Lighting 617573 48-Inch W by 8-Inch H by 9-Inch E Lunar Bay Lighting Collection Six Light Vanity Fixture, Brushed Nickel", "imUrl": "http://ecx.images-amazon.com/images/I/31FX1-yQsYL._SY300_.jpg", "price": 87.7, "numReviews": 4, "groups": [162], "averageRating": 4.0, "brand": "AF Lighting"}, {"asin": "B0032Z7148", "name": "Nuvo Lighting 60/3325 Ballerina 5-Light 36-inch Vanity with Frosted Glass Shade, Brushed Nickel", "imUrl": "http://ecx.images-amazon.com/images/I/31K9o%2BFtvnL._SX342_.jpg", "price": 145.9, "numReviews": 4, "groups": [163], "averageRating": 3.75, "brand": "Nuvo Lighting"}, {"asin": "B001D9F0LQ", "name": "Minka Lavery 6812-84, Agilis Reversible Glass Wall Vanity Lighting, 2 Light, 200 Total Watts, Nickel", "imUrl": "http://ecx.images-amazon.com/images/I/31YtFeijKiL._SX342_.jpg", "price": 109.9, "numReviews": 6, "groups": [164], "averageRating": 4.666666666666667, "brand": "Minka Lavery"}, {"asin": "B002ZHOCJ6", "name": "3 Light 300W Bathroom Light with Medium Bulb Base and White Alabaster Glass from", "imUrl": "http://ecx.images-amazon.com/images/I/41r%2BjoAIf2L._SX342_.jpg", "price": 149.9, "numReviews": 3, "groups": [165], "averageRating": 3.3333333333333335}, {"asin": "B000KKNJ1C", "name": "Boston Harbor V5CH06 6-Light 36IN Vanity Bath Bar, Chrome", "imUrl": "http://ecx.images-amazon.com/images/I/31g6jo2yRtL._SY300_.jpg", "price": 29.68, "numReviews": 4, "groups": [166], "averageRating": 3.75, "brand": "Boston Harbor"}, {"asin": "B003682XZS", "name": "Nuvo 60/337 Empire Two Light Vanity with Alabaster Glass, Polished Chrome", "imUrl": "http://ecx.images-amazon.com/images/I/31-sJ5qseKL._SX342_.jpg", "price": 49.99, "numReviews": 5, "groups": [167], "averageRating": 3.6, "brand": "Nuvo"}, {"asin": "B004L6KYPA", "name": "Kovacs P5913 3 Light Bathroom Fixture with Cylindrical Frosted Glass Shade from", "imUrl": "http://ecx.images-amazon.com/images/I/314f3DXTttL._SX342_.jpg", "price": 160.0, "numReviews": 1, "groups": [168], "averageRating": 4.0, "brand": "Kovacs"}, {"asin": "B0018P1RSA", "name": "Hardware House 544833 Seville 24-Inch by 6-3/4-Inch Bath/Wall Lighting Fixture, Classic Bronze", "imUrl": "http://ecx.images-amazon.com/images/I/31tdQHghLcL._SX342_.jpg", "price": 52.39, "numReviews": 5, "groups": [169], "averageRating": 3.6, "brand": "Hardware House"}, {"asin": "B0054UYQLK", "name": "Canarm IVL286A02ORB 2 Light Jackson Bathroom Light Fixture, Oil Rubbed Bronze", "imUrl": "http://ecx.images-amazon.com/images/I/31IMzp1-clL._SX300_.jpg", "price": 54.08, "numReviews": 2, "groups": [170], "averageRating": 5.0}, {"asin": "B005BPBNR8", "name": "AF Lighting 671602 18-Inch Vanity Fixture, Oak Finish with Polished Brass Trim", "imUrl": "http://ecx.images-amazon.com/images/I/417KOEE5X5L._SX342_.jpg", "price": 20.46, "numReviews": 1, "groups": [171], "averageRating": 5.0, "brand": "AF Lighting"}, {"asin": "B000ZPITD0", "name": "Good Earth Lighting G1132-BN-I Taverna Two Light Bathbar with Alasbaster Glass Diffusers, Brushed Nickel", "imUrl": "http://ecx.images-amazon.com/images/I/31-rOBCi2FL._SX342_.jpg", "price": 58.36, "numReviews": 17, "groups": [172], "averageRating": 3.3529411764705883}, {"asin": "B003JO6JT0", "name": "Home Design Dorsey 5 Light Antique Nickel Bath Light Fixture", "imUrl": "http://ecx.images-amazon.com/images/I/416VNVOma9L._SY300_.jpg", "price": 69.99, "numReviews": 2, "groups": [173], "averageRating": 5.0}, {"asin": "B0015EG2F2", "name": "Access Lighting 62099-BS/12C 4 Light Phoebe Bathroom Bar Light", "imUrl": "http://ecx.images-amazon.com/images/I/312jGHYgJkL._SX342_.jpg", "price": 478.71, "numReviews": 1, "groups": [174], "averageRating": 5.0, "brand": "Access Lighting"}, {"asin": "B003TTOY8S", "name": "Moen YB9864ORB Waterhill Four Globe Bath Light, Oil Rubbed Bronze", "imUrl": "http://ecx.images-amazon.com/images/I/31leflha-sL.jpg", "price": 350.29, "numReviews": 4, "groups": [175], "averageRating": 5.0, "brand": "Moen"}, {"asin": "B000N1DD2I", "name": "Westinghouse 6644900 Four Light Interior Bath Bar Beveled Mirror", "imUrl": "http://ecx.images-amazon.com/images/I/31SO7dmpMFL._SY300_.jpg", "price": 37.2, "numReviews": 1, "groups": [176], "averageRating": 1.0}, {"asin": "B000R37U8U", "name": "Royce Lighting RV4003PB Three-Light Mirrored back Vanity Polished Brass with Cut Crystal Globes", "imUrl": "http://ecx.images-amazon.com/images/I/41aIPmm2VCL._SX342_.jpg", "price": 59.99, "numReviews": 3, "groups": [177], "averageRating": 4.666666666666667}, {"asin": "B004LWKI7S", "name": "Elk 17024/4 Elysburg 4-Light Vanity In Polished Chrome", "imUrl": "http://ecx.images-amazon.com/images/I/31DL7O%2BzJnL._SX342_.jpg", "price": 186.0, "numReviews": 3, "groups": [71], "averageRating": 3.3333333333333335, "brand": "Elk"}, {"asin": "B0048MHT7I", "name": "Kichler Lighting 45119NI Calleigh 3LT Vanity Fixture, Brushed Nickel Finish with Satin Etched Cased Opal Glass", "imUrl": "http://ecx.images-amazon.com/images/I/31o0pogNg7L._SX342_.jpg", "price": 120.78, "numReviews": 14, "groups": [178], "averageRating": 4.642857142857143, "brand": "Kichler Lighting"}, {"asin": "B001R7KRXU", "name": "Kovacs P5042-077-PL 2 Light CFL Bathroom Fixture from the Saber Collection", "imUrl": "http://ecx.images-amazon.com/images/I/21KDuxmaqhL._SX342_.jpg", "price": 136.0, "numReviews": 1, "groups": [179], "averageRating": 5.0, "brand": "Kovacs"}, {"asin": "B000PGYNZM", "name": "Trans Globe Lighting 2910 PC 2-Light Bath Bar, Polished Chrome", "imUrl": "http://ecx.images-amazon.com/images/I/21JYZclpgPL._SX342_.jpg", "price": 79.0, "numReviews": 3, "groups": [180], "averageRating": 2.6666666666666665, "brand": "Trans Globe Lighting"}, {"asin": "B005N2P88Y", "name": "Capital Lighting 1362CH-117 2-Light Vanity Fixture, Chrome Finish with Faux White Alabaster Glass", "imUrl": "http://ecx.images-amazon.com/images/I/31%2B9a3sOtjL._SX342_.jpg", "price": 39.9, "numReviews": 5, "groups": [167], "averageRating": 4.2, "brand": "Capital Lighting"}, {"asin": "B0009X8PHI", "name": "Design House 500942 The Village 6-Light Vanity, 4.25-Inch by 36-Inch, Polished Chrome", "imUrl": "http://ecx.images-amazon.com/images/I/31oYpUFEtQL._SX342_.jpg", "price": 31.62, "numReviews": 2, "groups": [181], "averageRating": 3.0, "brand": "Design House"}, {"asin": "B000U5LOOG", "name": "Thomas Lighting M1738-1 Pediment Three-Light 24-Inch W by 8-1/2-Inch H Bath Light, Polished Brass", "imUrl": "http://ecx.images-amazon.com/images/I/41GvhzWSyEL._SX300_.jpg", "price": 27.99, "numReviews": 3, "groups": [182], "averageRating": 3.3333333333333335}, {"asin": "B001BQA6Z6", "name": "Progress Lighting P3053-09 3-Light Bath Bracket, Brushed Nickel", "imUrl": "http://ecx.images-amazon.com/images/I/31lIM1N1pjL._SX342_.jpg", "price": 88.92, "numReviews": 3, "groups": [183], "averageRating": 5.0, "brand": "Progress Lighting"}, {"asin": "B004K593H2", "name": "Progress Lighting P2991-81 Archie Collection 2-Light Vanity Fixture, Antique Nickel", "imUrl": "http://ecx.images-amazon.com/images/I/41AWZ317EEL._SX342_.jpg", "price": 69.97, "numReviews": 18, "groups": [184], "averageRating": 4.833333333333333, "brand": "Progress Lighting"}, {"asin": "B0038AN7JA", "name": "Vaxcel Lighting BL-VLD003 Bella 3 Light Vanity Light", "imUrl": "http://ecx.images-amazon.com/images/I/31ruGQng2IL._SX342_.jpg", "price": 136.0, "numReviews": 7, "groups": [185], "averageRating": 4.571428571428571}, {"asin": "B0053H6A9K", "name": "Moen DN0763CH Iso 3 Globe Bath Light, Chrome", "imUrl": "http://ecx.images-amazon.com/images/I/41Ag6ThGbUL._SY300_.jpg", "price": 131.59, "numReviews": 8, "groups": [186], "averageRating": 4.875, "brand": "Moen"}, {"asin": "B001CGTU84", "name": "Murray Feiss Boulevard VS8706-ORB Large Reversible 6-LT 600w (9\"H x 48\"W) Vanity Lighting in Bronze", "imUrl": "http://ecx.images-amazon.com/images/I/31CYWTIOHmL._SX300_.jpg", "price": 314.0, "numReviews": 3, "groups": [187], "averageRating": 4.666666666666667, "brand": "Murray Feiss"}, {"asin": "B000LS3KOO", "name": "Kovacs GK P5015 5 Light Bathroom Fixture from the Shimo Collection", "imUrl": "http://ecx.images-amazon.com/images/I/21BC0Y8IwcL._SX342_.jpg", "price": 232.0, "numReviews": 2, "groups": [188], "averageRating": 5.0, "brand": "Kovacs"}, {"asin": "B003MWUFVM", "name": "Moen YB9764ORB Felicity Four Globe Bath Light, Oil Rubbed Bronze", "imUrl": "http://ecx.images-amazon.com/images/I/41Npi7m57aL._SY300_.jpg", "price": 350.29, "numReviews": 3, "groups": [189], "averageRating": 4.666666666666667, "brand": "Moen"}, {"asin": "B005B7PK16", "name": "Nuvo 60/4583 Soho Polished Chrome Three Light Vanity", "imUrl": "http://ecx.images-amazon.com/images/I/31qIFClytmL._SX300_.jpg", "price": 88.2, "numReviews": 14, "groups": [190], "averageRating": 4.642857142857143, "brand": "Nuvo"}, {"asin": "B000LS29QO", "name": "Thomas Lighting SL767563 Limestone Bath Light, Painted Bronze", "imUrl": "http://ecx.images-amazon.com/images/I/31Dm2BimHjL._SX300_.jpg", "price": 188.0, "numReviews": 3, "groups": [191], "averageRating": 5.0}, {"asin": "B000NK2Z0A", "name": "Sea Gull Lighting 40044-05 Bliss Two-Light Vanity, Chrome Finish with Cased Opal Etched Glass", "imUrl": "http://ecx.images-amazon.com/images/I/41AaBgeT7QL._SX342_.jpg", "price": 111.24, "numReviews": 6, "groups": [192], "averageRating": 4.833333333333333, "brand": "Sea Gull Lighting"}, {"asin": "B000PW9856", "name": "Kichler Lighting 5078OZ 3-Light Hendrik 3-Light Incandescent Bath Light, Old Bronze", "imUrl": "http://ecx.images-amazon.com/images/I/31heuSOmutL._SY300_.jpg", "price": 180.18, "numReviews": 14, "groups": [193], "averageRating": 4.642857142857143, "brand": "Kichler Lighting"}, {"asin": "B0015MZMZA", "name": "Nuvo 60/350 Empire Three Light Vanity with Alabaster Glass, Polished Brass", "imUrl": "http://ecx.images-amazon.com/images/I/31tnfvXr66L._SX342_.jpg", "price": 65.99, "numReviews": 7, "groups": [21], "averageRating": 4.571428571428571, "brand": "Nuvo"}, {"asin": "B001R7CGHU", "name": "Kovacs P5046-077 6 Light Ambient Lighting 4.75\" Wide ADA Compliant Bathroom Fixt", "imUrl": "http://ecx.images-amazon.com/images/I/11Yc9EI1jkL._SX342_.jpg", "price": 276.0, "numReviews": 2, "groups": [194], "averageRating": 3.0, "brand": "Kovacs"}, {"asin": "B000NTEWWU", "name": "Forte Lighting 5105-05-55 Transitional 5 Light Vanity Fixture, Brushed Nickel Finish with Satin Opal Glass", "imUrl": "http://ecx.images-amazon.com/images/I/41sjsqkqnML._SX342_.jpg", "price": 140.94, "numReviews": 13, "groups": [195], "averageRating": 4.153846153846154, "brand": "Forte Lighting"}, {"asin": "B003684X7O", "name": "Nuvo 60/3277 Empire Four Light Vanity with Frosted Glass, Brushed Nickel", "imUrl": "http://ecx.images-amazon.com/images/I/31kNeFXTsXL._SX342_.jpg", "price": 89.9, "numReviews": 1, "groups": [196], "averageRating": 4.0, "brand": "Nuvo"}, {"asin": "B003WXP2JG", "name": "Progress Lighting P2745-09 4-Light Bath Fixture with Square Etched Glass and Can Mount Up Or Down, Brushed Nickel", "imUrl": "http://ecx.images-amazon.com/images/I/31Y63evGAZL._SX342_.jpg", "price": 149.04, "numReviews": 5, "groups": [197], "averageRating": 4.6, "brand": "Progress Lighting"}, {"asin": "B0050AEUD8", "name": "Livex Lighting 1003-25 Belmont - Three Light Bath Bar, Polished Brass and Chrome Finish with White Alabaster Glass", "imUrl": "http://ecx.images-amazon.com/images/I/41r%2BjoAIf2L._SX342_.jpg", "price": 149.9, "numReviews": 1, "groups": [198], "averageRating": 5.0, "brand": "Livex Lighting"}, {"asin": "B00614R60Q", "name": "Chloe Lighting CH0191-ORB-BL3 Transitional 3-Light Oil Rubbed Bronze Bath Vanity Wall Fixture with 21.5-Inch Wide Alabaster Glass", "imUrl": "http://ecx.images-amazon.com/images/I/31UogCeeGDL._SX300_.jpg", "price": 70.99, "numReviews": 1, "groups": [26], "averageRating": 4.0, "brand": "Chloe Lighting"}, {"asin": "B003O8CGZC", "name": "Kovacs P5805 5 Light Bathroom Fixture from the Jewel Box Collection", "imUrl": "http://ecx.images-amazon.com/images/I/313jM1xTUtL._SX342_.jpg", "price": 260.0, "numReviews": 3, "groups": [199], "averageRating": 3.3333333333333335, "brand": "Kovacs"}, {"asin": "B004HIX6T8", "name": "Design House 517466 Trevie 3 Light Vanity Light Fixture, Oil Rubbed Bronze Finish with Alabaster Glass", "imUrl": "http://ecx.images-amazon.com/images/I/31dZARCqpjL._SX300_.jpg", "price": 86.46, "numReviews": 1, "groups": [200], "averageRating": 3.0, "brand": "Design House"}, {"asin": "B007XDAZ02", "name": "Trans Glob Lighting 3224 ROB 4-Light Racetrack Bathroom Bar Light, Rubbed Oil Bronze", "imUrl": "http://ecx.images-amazon.com/images/I/31Bn2KrABlL._SX300_.jpg", "price": 22.8, "numReviews": 1, "groups": [201], "averageRating": 4.0, "brand": "Trans Glob Lighting"}, {"asin": "B005BPC818", "name": "AF Lighting 671628 Vanity Fixture, Polished Chrome Finish, 48-Inch", "imUrl": "http://ecx.images-amazon.com/images/I/31KXN6lUB2L._SX342_.jpg", "price": 28.36, "numReviews": 3, "groups": [202], "averageRating": 2.0, "brand": "AF Lighting"}, {"asin": "B00C260Q8Q", "name": "Kovacs P5046-084-L Tube 1 Light LED Bathroom Bath Bar with Brushed Nickel Finish", "imUrl": "http://ecx.images-amazon.com/images/I/11Jx8VDStaL._SX342_.jpg", "price": 300.0, "numReviews": 3, "groups": [203], "averageRating": 5.0, "brand": "Kovacs"}, {"asin": "B0009XCO8Y", "name": "Design House 500223 The Village 6-Light Vanity, 4-3/8-Inch by 36-Inch, Honey Oak", "imUrl": "http://ecx.images-amazon.com/images/I/315yOT0xTlL._SX342_.jpg", "price": 43.12, "numReviews": 7, "groups": [204], "averageRating": 2.857142857142857, "brand": "Design House"}, {"asin": "B001BA0D50", "name": "Capital Lighting 1854MBZ-257 Vanity with Mist Scavo Glass Shades, Mediterranean Bronze Finish", "imUrl": "http://ecx.images-amazon.com/images/I/41umzOc-xuL._SX342_.jpg", "price": 129.0, "numReviews": 1, "groups": [205], "averageRating": 4.0, "brand": "Capital Lighting"}, {"asin": "B00CMAYE30", "name": "Kovacs P5217-077-L LED 30\" Wide Bathroom Bath Bar from the Cubism Collection", "imUrl": "http://ecx.images-amazon.com/images/I/21c2niKFYvL._SX342_.jpg", "price": 350.0, "numReviews": 2, "groups": [206], "averageRating": 5.0, "brand": "Kovacs"}, {"asin": "B000YQBJ9G", "name": "Golden Lighting 5221-5 ORB Brookfield ORB Five Light Vanity, Oil Rubbed Bronze Finish", "imUrl": "http://ecx.images-amazon.com/images/I/31hm57bYt8L._SY300_.jpg", "price": 52.0, "numReviews": 25, "groups": [207], "averageRating": 3.72, "brand": "Golden Lighting", "salesRankCategory": "Home Improvement", "salesRank": 9040}, {"asin": "B0015N3P9Y", "name": "Nuvo 60/137 Four Light Vanity with Water Spot Glass, Brushed Nickel", "imUrl": "http://ecx.images-amazon.com/images/I/41EDMmw68FL._SX300_.jpg", "price": 85.99, "numReviews": 10, "groups": [208], "averageRating": 5.0, "brand": "Nuvo"}, {"asin": "B0079IYUYS", "name": "Possini Midtown 23 1/2\" Wide Satin Bath Bar Light Fixture", "imUrl": "http://ecx.images-amazon.com/images/I/21nIi9cgjBL._SX342_.jpg", "price": 149.95, "numReviews": 2, "groups": [209], "averageRating": 2.5}, {"asin": "B003MWQIAO", "name": "Moen YB9863CH Waterhill Three Globe Bath Light, Chrome", "imUrl": "http://ecx.images-amazon.com/images/I/41%2BVuWr034L._SY300_.jpg", "price": 205.28, "numReviews": 7, "groups": [210], "averageRating": 4.714285714285714, "brand": "Moen"}, {"asin": "B000CRYNQS", "name": "Thomas Lighting Sl7402-78 Four-Light Bath Fixture, Brushed Nickel", "imUrl": "http://ecx.images-amazon.com/images/I/21zRQqYSF3L._SX300_.jpg", "price": 28.0, "numReviews": 10, "groups": [31, 37], "averageRating": 4.0, "brand": "Thomas Lighting"}, {"asin": "B0048MFVUU", "name": "45120NI Calleigh 4LT Vanity Fixture, Brushed Nickel Finish with Satin Etched Cased Opal Glass", "imUrl": "http://ecx.images-amazon.com/images/I/31wNa-i4bjL._SX342_.jpg", "price": 168.3, "numReviews": 5, "groups": [211], "averageRating": 4.6}, {"asin": "B000JU6ZCI", "name": "Designers Fountain 6452-CH Astoria Vanities, Chrome", "imUrl": "http://ecx.images-amazon.com/images/I/31gtyqARskL._SX342_.jpg", "price": 76.04, "numReviews": 2, "groups": [212], "averageRating": 4.0, "brand": "Designers Fountain"}, {"asin": "B0014HCT7U", "name": "Kovacs GK P5070 6 Light Bathroom Fixture from the Pillow Collection", "imUrl": "http://ecx.images-amazon.com/images/I/21p5xnlqYWL._SX342_.jpg", "price": 150.0, "numReviews": 1, "groups": [213], "averageRating": 5.0, "brand": "Kovacs"}, {"asin": "B0036LI5ES", "name": "Quoizel DW8604C Downtown 7.5-Inch x 33.5-Inch 4 Light Bath Fixture, Polished Chrome", "imUrl": "http://ecx.images-amazon.com/images/I/31bzZlULvVL._SX342_.jpg", "price": 359.98, "numReviews": 1, "groups": [214], "averageRating": 5.0, "brand": "Quoizel"}], "links": [{"source": 0, "target": 20, "right": true, "left": false, "value": 1}, {"source": 1, "target": 214, "right": false, "left": true, "value": 1}, {"source": 2, "target": 109, "right": true, "left": false, "value": 1}, {"source": 2, "target": 15, "right": false, "left": true, "value": 1}, {"source": 2, "target": 212, "right": false, "left": true, "value": 1}, {"source": 2, "target": 56, "right": false, "left": true, "value": 1}, {"source": 2, "target": 58, "right": true, "left": false, "value": 1}, {"source": 3, "target": 21, "right": true, "left": false, "value": 1}, {"source": 4, "target": 221, "right": true, "left": false, "value": 1}, {"source": 4, "target": 109, "right": true, "left": false, "value": 1}, {"source": 5, "target": 91, "right": true, "left": false, "value": 1}, {"source": 6, "target": 10, "right": false, "left": true, "value": 1}, {"source": 7, "target": 48, "right": true, "left": false, "value": 1}, {"source": 8, "target": 34, "right": true, "left": false, "value": 1}, {"source": 9, "target": 169, "right": true, "left": false, "value": 1}, {"source": 9, "target": 197, "right": true, "left": false, "value": 1}, {"source": 10, "target": 48, "right": true, "left": false, "value": 1}, {"source": 11, "target": 32, "right": false, "left": true, "value": 1}, {"source": 11, "target": 26, "right": false, "left": true, "value": 1}, {"source": 11, "target": 163, "right": false, "left": true, "value": 1}, {"source": 11, "target": 165, "right": false, "left": true, "value": 1}, {"source": 11, "target": 70, "right": false, "left": true, "value": 1}, {"source": 11, "target": 73, "right": true, "left": false, "value": 1}, {"source": 11, "target": 80, "right": true, "left": true, "value": 1}, {"source": 11, "target": 146, "right": false, "left": true, "value": 1}, {"source": 11, "target": 58, "right": true, "left": false, "value": 1}, {"source": 11, "target": 187, "right": false, "left": true, "value": 1}, {"source": 11, "target": 31, "right": false, "left": true, "value": 1}, {"source": 12, "target": 193, "right": false, "left": true, "value": 1}, {"source": 12, "target": 148, "right": false, "left": true, "value": 1}, {"source": 12, "target": 217, "right": false, "left": true, "value": 1}, {"source": 12, "target": 95, "right": false, "left": true, "value": 1}, {"source": 13, "target": 98, "right": true, "left": false, "value": 1}, {"source": 13, "target": 213, "right": false, "left": true, "value": 1}, {"source": 14, "target": 43, "right": true, "left": true, "value": 1}, {"source": 16, "target": 98, "right": true, "left": false, "value": 1}, {"source": 17, "target": 188, "right": true, "left": false, "value": 1}, {"source": 18, "target": 136, "right": true, "left": true, "value": 1}, {"source": 19, "target": 162, "right": true, "left": false, "value": 1}, {"source": 19, "target": 215, "right": false, "left": true, "value": 1}, {"source": 20, "target": 193, "right": false, "left": true, "value": 1}, {"source": 20, "target": 205, "right": true, "left": true, "value": 1}, {"source": 20, "target": 174, "right": false, "left": true, "value": 1}, {"source": 20, "target": 48, "right": true, "left": true, "value": 1}, {"source": 20, "target": 210, "right": false, "left": true, "value": 1}, {"source": 20, "target": 153, "right": false, "left": true, "value": 1}, {"source": 20, "target": 186, "right": false, "left": true, "value": 1}, {"source": 21, "target": 30, "right": true, "left": false, "value": 1}, {"source": 21, "target": 55, "right": false, "left": true, "value": 1}, {"source": 22, "target": 225, "right": true, "left": false, "value": 1}, {"source": 22, "target": 72, "right": false, "left": true, "value": 1}, {"source": 22, "target": 80, "right": true, "left": false, "value": 1}, {"source": 22, "target": 119, "right": false, "left": true, "value": 1}, {"source": 22, "target": 187, "right": false, "left": true, "value": 1}, {"source": 23, "target": 109, "right": true, "left": false, "value": 1}, {"source": 24, "target": 220, "right": true, "left": false, "value": 1}, {"source": 24, "target": 116, "right": true, "left": false, "value": 1}, {"source": 25, "target": 98, "right": true, "left": false, "value": 1}, {"source": 25, "target": 211, "right": true, "left": true, "value": 1}, {"source": 27, "target": 63, "right": true, "left": false, "value": 1}, {"source": 28, "target": 123, "right": false, "left": true, "value": 1}, {"source": 29, "target": 116, "right": false, "left": true, "value": 1}, {"source": 30, "target": 224, "right": true, "left": true, "value": 1}, {"source": 30, "target": 160, "right": false, "left": true, "value": 1}, {"source": 30, "target": 192, "right": false, "left": true, "value": 1}, {"source": 30, "target": 175, "right": false, "left": true, "value": 1}, {"source": 30, "target": 155, "right": false, "left": true, "value": 1}, {"source": 31, "target": 58, "right": true, "left": false, "value": 1}, {"source": 31, "target": 146, "right": true, "left": false, "value": 1}, {"source": 33, "target": 198, "right": false, "left": true, "value": 1}, {"source": 33, "target": 94, "right": true, "left": false, "value": 1}, {"source": 34, "target": 94, "right": true, "left": false, "value": 1}, {"source": 35, "target": 191, "right": true, "left": false, "value": 1}, {"source": 36, "target": 224, "right": true, "left": true, "value": 1}, {"source": 36, "target": 185, "right": false, "left": true, "value": 1}, {"source": 36, "target": 131, "right": false, "left": true, "value": 1}, {"source": 36, "target": 175, "right": false, "left": true, "value": 1}, {"source": 37, "target": 129, "right": true, "left": false, "value": 1}, {"source": 38, "target": 122, "right": true, "left": false, "value": 1}, {"source": 38, "target": 220, "right": true, "left": false, "value": 1}, {"source": 39, "target": 89, "right": true, "left": false, "value": 1}, {"source": 39, "target": 75, "right": false, "left": true, "value": 1}, {"source": 39, "target": 92, "right": true, "left": true, "value": 1}, {"source": 39, "target": 157, "right": false, "left": true, "value": 1}, {"source": 40, "target": 101, "right": true, "left": false, "value": 1}, {"source": 41, "target": 222, "right": false, "left": true, "value": 1}, {"source": 42, "target": 203, "right": false, "left": true, "value": 1}, {"source": 44, "target": 201, "right": false, "left": true, "value": 1}, {"source": 44, "target": 197, "right": false, "left": true, "value": 1}, {"source": 45, "target": 219, "right": true, "left": false, "value": 1}, {"source": 46, "target": 125, "right": false, "left": true, "value": 1}, {"source": 47, "target": 81, "right": false, "left": true, "value": 1}, {"source": 47, "target": 154, "right": false, "left": true, "value": 1}, {"source": 47, "target": 164, "right": true, "left": false, "value": 1}, {"source": 49, "target": 188, "right": true, "left": false, "value": 1}, {"source": 50, "target": 203, "right": false, "left": true, "value": 1}, {"source": 50, "target": 165, "right": false, "left": true, "value": 1}, {"source": 51, "target": 136, "right": false, "left": true, "value": 1}, {"source": 51, "target": 101, "right": false, "left": true, "value": 1}, {"source": 51, "target": 111, "right": false, "left": true, "value": 1}, {"source": 52, "target": 113, "right": true, "left": false, "value": 1}, {"source": 53, "target": 158, "right": true, "left": false, "value": 1}, {"source": 54, "target": 201, "right": true, "left": false, "value": 1}, {"source": 56, "target": 207, "right": true, "left": false, "value": 1}, {"source": 56, "target": 199, "right": true, "left": false, "value": 1}, {"source": 57, "target": 164, "right": true, "left": false, "value": 1}, {"source": 57, "target": 206, "right": true, "left": false, "value": 1}, {"source": 58, "target": 96, "right": false, "left": true, "value": 1}, {"source": 58, "target": 163, "right": false, "left": true, "value": 1}, {"source": 58, "target": 100, "right": false, "left": true, "value": 1}, {"source": 58, "target": 73, "right": true, "left": true, "value": 1}, {"source": 58, "target": 80, "right": false, "left": true, "value": 1}, {"source": 58, "target": 146, "right": false, "left": true, "value": 1}, {"source": 59, "target": 109, "right": true, "left": false, "value": 1}, {"source": 59, "target": 183, "right": false, "left": true, "value": 1}, {"source": 60, "target": 128, "right": true, "left": false, "value": 1}, {"source": 60, "target": 94, "right": true, "left": false, "value": 1}, {"source": 61, "target": 152, "right": true, "left": false, "value": 1}, {"source": 62, "target": 164, "right": true, "left": false, "value": 1}, {"source": 63, "target": 130, "right": true, "left": true, "value": 1}, {"source": 64, "target": 224, "right": true, "left": false, "value": 1}, {"source": 64, "target": 85, "right": false, "left": true, "value": 1}, {"source": 65, "target": 207, "right": true, "left": false, "value": 1}, {"source": 66, "target": 98, "right": true, "left": false, "value": 1}, {"source": 66, "target": 106, "right": true, "left": false, "value": 1}, {"source": 67, "target": 162, "right": true, "left": false, "value": 1}, {"source": 68, "target": 112, "right": false, "left": true, "value": 1}, {"source": 68, "target": 209, "right": true, "left": false, "value": 1}, {"source": 68, "target": 207, "right": true, "left": false, "value": 1}, {"source": 69, "target": 156, "right": true, "left": false, "value": 1}, {"source": 71, "target": 224, "right": true, "left": false, "value": 1}, {"source": 72, "target": 187, "right": true, "left": true, "value": 1}, {"source": 73, "target": 105, "right": false, "left": true, "value": 1}, {"source": 73, "target": 197, "right": false, "left": true, "value": 1}, {"source": 74, "target": 98, "right": true, "left": false, "value": 1}, {"source": 76, "target": 89, "right": false, "left": true, "value": 1}, {"source": 76, "target": 115, "right": true, "left": false, "value": 1}, {"source": 77, "target": 94, "right": true, "left": false, "value": 1}, {"source": 78, "target": 180, "right": false, "left": true, "value": 1}, {"source": 79, "target": 207, "right": true, "left": false, "value": 1}, {"source": 80, "target": 228, "right": false, "left": true, "value": 1}, {"source": 80, "target": 157, "right": false, "left": true, "value": 1}, {"source": 82, "target": 205, "right": true, "left": false, "value": 1}, {"source": 82, "target": 159, "right": true, "left": false, "value": 1}, {"source": 83, "target": 176, "right": true, "left": false, "value": 1}, {"source": 83, "target": 191, "right": true, "left": false, "value": 1}, {"source": 84, "target": 164, "right": true, "left": false, "value": 1}, {"source": 85, "target": 224, "right": true, "left": false, "value": 1}, {"source": 86, "target": 128, "right": true, "left": false, "value": 1}, {"source": 86, "target": 202, "right": false, "left": true, "value": 1}, {"source": 86, "target": 133, "right": false, "left": true, "value": 1}, {"source": 86, "target": 198, "right": false, "left": true, "value": 1}, {"source": 87, "target": 128, "right": true, "left": false, "value": 1}, {"source": 87, "target": 207, "right": true, "left": false, "value": 1}, {"source": 88, "target": 98, "right": true, "left": false, "value": 1}, {"source": 89, "target": 97, "right": false, "left": true, "value": 1}, {"source": 90, "target": 129, "right": true, "left": false, "value": 1}, {"source": 90, "target": 138, "right": true, "left": false, "value": 1}, {"source": 90, "target": 115, "right": false, "left": true, "value": 1}, {"source": 91, "target": 149, "right": false, "left": true, "value": 1}, {"source": 93, "target": 171, "right": true, "left": false, "value": 1}, {"source": 93, "target": 94, "right": true, "left": false, "value": 1}, {"source": 94, "target": 128, "right": false, "left": true, "value": 1}, {"source": 94, "target": 130, "right": true, "left": false, "value": 1}, {"source": 94, "target": 134, "right": false, "left": true, "value": 1}, {"source": 94, "target": 103, "right": false, "left": true, "value": 1}, {"source": 94, "target": 171, "right": false, "left": true, "value": 1}, {"source": 94, "target": 109, "right": true, "left": true, "value": 1}, {"source": 94, "target": 207, "right": false, "left": true, "value": 1}, {"source": 94, "target": 121, "right": false, "left": true, "value": 1}, {"source": 98, "target": 139, "right": false, "left": true, "value": 1}, {"source": 98, "target": 144, "right": false, "left": true, "value": 1}, {"source": 98, "target": 178, "right": false, "left": true, "value": 1}, {"source": 98, "target": 211, "right": false, "left": true, "value": 1}, {"source": 98, "target": 218, "right": false, "left": true, "value": 1}, {"source": 99, "target": 115, "right": true, "left": true, "value": 1}, {"source": 102, "target": 208, "right": false, "left": true, "value": 1}, {"source": 102, "target": 118, "right": false, "left": true, "value": 1}, {"source": 103, "target": 128, "right": true, "left": true, "value": 1}, {"source": 103, "target": 130, "right": true, "left": false, "value": 1}, {"source": 103, "target": 199, "right": false, "left": true, "value": 1}, {"source": 104, "target": 196, "right": false, "left": true, "value": 1}, {"source": 105, "target": 197, "right": true, "left": false, "value": 1}, {"source": 106, "target": 132, "right": false, "left": true, "value": 1}, {"source": 106, "target": 107, "right": false, "left": true, "value": 1}, {"source": 106, "target": 204, "right": false, "left": true, "value": 1}, {"source": 106, "target": 141, "right": false, "left": true, "value": 1}, {"source": 106, "target": 179, "right": false, "left": true, "value": 1}, {"source": 108, "target": 201, "right": true, "left": false, "value": 1}, {"source": 109, "target": 227, "right": false, "left": true, "value": 1}, {"source": 109, "target": 134, "right": false, "left": true, "value": 1}, {"source": 109, "target": 199, "right": false, "left": true, "value": 1}, {"source": 109, "target": 181, "right": false, "left": true, "value": 1}, {"source": 109, "target": 183, "right": false, "left": true, "value": 1}, {"source": 109, "target": 215, "right": false, "left": true, "value": 1}, {"source": 109, "target": 221, "right": false, "left": true, "value": 1}, {"source": 109, "target": 127, "right": false, "left": true, "value": 1}, {"source": 110, "target": 129, "right": true, "left": false, "value": 1}, {"source": 112, "target": 207, "right": true, "left": false, "value": 1}, {"source": 114, "target": 164, "right": true, "left": false, "value": 1}, {"source": 117, "target": 191, "right": true, "left": false, "value": 1}, {"source": 118, "target": 208, "right": false, "left": true, "value": 1}, {"source": 118, "target": 129, "right": true, "left": false, "value": 1}, {"source": 120, "target": 129, "right": true, "left": false, "value": 1}, {"source": 121, "target": 128, "right": true, "left": false, "value": 1}, {"source": 122, "target": 220, "right": true, "left": false, "value": 1}, {"source": 124, "target": 197, "right": true, "left": false, "value": 1}, {"source": 126, "target": 191, "right": true, "left": false, "value": 1}, {"source": 127, "target": 207, "right": true, "left": false, "value": 1}, {"source": 127, "target": 199, "right": true, "left": false, "value": 1}, {"source": 128, "target": 171, "right": false, "left": true, "value": 1}, {"source": 129, "target": 170, "right": false, "left": true, "value": 1}, {"source": 129, "target": 188, "right": false, "left": true, "value": 1}, {"source": 130, "target": 138, "right": false, "left": true, "value": 1}, {"source": 130, "target": 172, "right": false, "left": true, "value": 1}, {"source": 130, "target": 209, "right": false, "left": true, "value": 1}, {"source": 131, "target": 224, "right": true, "left": false, "value": 1}, {"source": 133, "target": 220, "right": true, "left": false, "value": 1}, {"source": 135, "target": 195, "right": true, "left": false, "value": 1}, {"source": 137, "target": 168, "right": true, "left": false, "value": 1}, {"source": 137, "target": 188, "right": true, "left": false, "value": 1}, {"source": 138, "target": 194, "right": false, "left": true, "value": 1}, {"source": 140, "target": 224, "right": true, "left": false, "value": 1}, {"source": 142, "target": 195, "right": true, "left": false, "value": 1}, {"source": 143, "target": 162, "right": true, "left": false, "value": 1}, {"source": 145, "target": 226, "right": true, "left": false, "value": 1}, {"source": 147, "target": 164, "right": true, "left": false, "value": 1}, {"source": 150, "target": 188, "right": true, "left": false, "value": 1}, {"source": 151, "target": 220, "right": true, "left": false, "value": 1}, {"source": 152, "target": 209, "right": true, "left": false, "value": 1}, {"source": 156, "target": 203, "right": false, "left": true, "value": 1}, {"source": 156, "target": 197, "right": true, "left": false, "value": 1}, {"source": 157, "target": 201, "right": true, "left": false, "value": 1}, {"source": 160, "target": 162, "right": true, "left": false, "value": 1}, {"source": 161, "target": 209, "right": true, "left": false, "value": 1}, {"source": 162, "target": 175, "right": false, "left": true, "value": 1}, {"source": 162, "target": 215, "right": false, "left": true, "value": 1}, {"source": 163, "target": 207, "right": true, "left": false, "value": 1}, {"source": 164, "target": 227, "right": false, "left": true, "value": 1}, {"source": 164, "target": 177, "right": false, "left": true, "value": 1}, {"source": 164, "target": 222, "right": false, "left": true, "value": 1}, {"source": 164, "target": 216, "right": false, "left": true, "value": 1}, {"source": 164, "target": 219, "right": false, "left": true, "value": 1}, {"source": 164, "target": 190, "right": false, "left": true, "value": 1}, {"source": 164, "target": 189, "right": false, "left": true, "value": 1}, {"source": 166, "target": 197, "right": true, "left": false, "value": 1}, {"source": 167, "target": 184, "right": true, "left": false, "value": 1}, {"source": 168, "target": 173, "right": true, "left": false, "value": 1}, {"source": 174, "target": 210, "right": false, "left": true, "value": 1}, {"source": 175, "target": 192, "right": false, "left": true, "value": 1}, {"source": 176, "target": 191, "right": true, "left": true, "value": 1}, {"source": 182, "target": 220, "right": true, "left": false, "value": 1}, {"source": 184, "target": 200, "right": true, "left": false, "value": 1}, {"source": 197, "target": 201, "right": false, "left": true, "value": 1}, {"source": 197, "target": 223, "right": false, "left": true, "value": 1}, {"source": 199, "target": 207, "right": true, "left": false, "value": 1}, {"source": 199, "target": 212, "right": false, "left": true, "value": 1}, {"source": 201, "target": 226, "right": false, "left": true, "value": 1}, {"source": 206, "target": 216, "right": true, "left": false, "value": 1}, {"source": 216, "target": 219, "right": false, "left": true, "value": 1}]}