{"nodes": [{"asin": "B000LS4TAI", "name": "Metropolitan N5231 Ceiling Medallion from the Zaragoza Collection", "imUrl": "http://ecx.images-amazon.com/images/I/516leTkN%2BBL._SX300_.jpg", "price": 190.0, "numReviews": 2, "groups": [0], "averageRating": 5.0}, {"asin": "B008UW94AM", "name": "B&P Lamp 1\" Diameter Brass Ball Finial, 1/4-27F, Unf", "imUrl": "http://ecx.images-amazon.com/images/I/21ySnIlSbfL.jpg", "price": 9.79, "numReviews": 1, "groups": [1], "averageRating": 5.0}, {"asin": "B0012LUXSU", "name": "Focal Point 83012 12-Inch Rotunda Medallion 12 3/8-Inch by 12 3/8-Inch by 1 3/16-Inch, Primed White", "imUrl": "http://ecx.images-amazon.com/images/I/51IcjaLCW2L._SY300_.jpg", "price": 49.99, "numReviews": 8, "groups": [2], "averageRating": 4.125, "brand": "Focal Point"}, {"asin": "B004FCP4MS", "name": "Jandorf Finial Thread", "imUrl": "http://ecx.images-amazon.com/images/I/312j-nALrpL._SY300_.jpg", "price": 2.65, "numReviews": 1, "groups": [3], "averageRating": 5.0}, {"asin": "B008825GOM", "name": "Ekena Millwork CM26JE 26 1/2-Inch OD x 3 5/8-Inch ID x 1 1/2-Inch P Jefferson Ceiling Medallion", "imUrl": "http://ecx.images-amazon.com/images/I/41E2o0m4VcL._SY300_.jpg", "price": 43.0, "numReviews": 1, "groups": [4], "averageRating": 5.0, "brand": "Ekena Millwork"}, {"asin": "B005J9Y5G2", "name": "Cal Lighting FA-5051A Metal Cast finial", "imUrl": "http://ecx.images-amazon.com/images/I/41k97wal9hL._SY300_.jpg", "price": 12.29, "numReviews": 2, "groups": [5], "averageRating": 5.0}, {"asin": "B00B4GBOKO", "name": "Ekena Millwork CM18FW2 18 1/2-Inch OD x 3 5/8-Inch ID x 7/8-Inch Flower Ceiling Medallion, Two Piece", "imUrl": "http://ecx.images-amazon.com/images/I/51nupw%2B-7wL._SY300_.jpg", "price": 23.19, "numReviews": 1, "groups": [6], "averageRating": 5.0}, {"asin": "B00C9J48QC", "name": "Meyda Dale Tiffany Style Pond Lily Flower Glass Replacement Lamp Shade Coral/White (LARGE Size) 4.5\" Wide X 6\" Tall X 1.5\" Fitter for Pond Lilly Globe Bulb Lamps", "imUrl": "http://ecx.images-amazon.com/images/I/31HXLKjjcgL._SX342_.jpg", "price": 20.25, "numReviews": 5, "groups": [7], "averageRating": 4.6}, {"asin": "B0054PNR6A", "name": "14 in. White Acrylic Globe - with 5.25 in. Neckless Opening - American 3201-14020-003", "imUrl": "http://ecx.images-amazon.com/images/I/31VkXOFf4IL._SY300_.jpg", "price": 23.1, "numReviews": 12, "groups": [8], "averageRating": 4.5}, {"asin": "B00002NAH1", "name": "Westinghouse Lighting Corp Brs Swag Light Kit 70470 Lamp Swag Kits Hooks", "imUrl": "http://ecx.images-amazon.com/images/I/31PJv5S3bPL._SY300_.jpg", "price": 17.55, "numReviews": 8, "groups": [9], "averageRating": 3.5, "brand": "Westinghouse", "salesRankCategory": "Home Improvement", "salesRank": 54539}, {"asin": "B0011XZYEC", "name": "Westinghouse Lighting Corp 16' Brz Paris Medallion 7776 Fans Ceiling Accessories", "imUrl": "http://ecx.images-amazon.com/images/I/511jqODaduL._SX300_.jpg", "price": 33.61, "numReviews": 4, "groups": [10], "averageRating": 4.5, "brand": "Westinghouse", "salesRankCategory": "Home Improvement", "salesRank": 87250}, {"asin": "B00A6FM7UK", "name": "Meyda Dale Tiffany Style Pond Lily Flower Glass Replacement Lamp Shade Hummingbird / Flower Multi Color (Large Size) 4.5\" Wide X 6\" Tall X 1.5\" Fitter for Meyda Dale Pond Lilly Globe Bulb Lamps", "imUrl": "http://ecx.images-amazon.com/images/I/417MXo95-8L._SY445_.jpg", "price": 22.0, "numReviews": 1, "groups": [11], "averageRating": 5.0}, {"asin": "B0001MLILC", "name": "Open Scroll 24\" Wide Bronze Ceiling Medallion", "imUrl": "http://ecx.images-amazon.com/images/I/51zLQpeKyvL._SX342_.jpg", "price": 99.99, "numReviews": 2, "groups": [12], "averageRating": 5.0}, {"asin": "B0012M1GRQ", "name": "Focal Point 83424 24-Inch Shell and Bellflower Medallion 24 3/8-Inch by 24 3/8-Inch by 1 5/8-Inch, Primed White", "imUrl": "http://ecx.images-amazon.com/images/I/41A3ffTs%2BnL._SY300_.jpg", "price": 79.99, "numReviews": 3, "groups": [13], "averageRating": 5.0, "brand": "Focal Point"}, {"asin": "B008823OR8", "name": "Ekena Millwork CM14AX 15-Inch OD x 2 1/2-Inch ID x 1 3/4-Inch Alexa Ceiling Medallion", "imUrl": "http://ecx.images-amazon.com/images/I/51rPVCtofsL._SY300_.jpg", "price": 9.04, "numReviews": 3, "groups": [14], "averageRating": 4.666666666666667, "brand": "Ekena Millwork", "salesRankCategory": "Home & Kitchen", "salesRank": 59200}, {"asin": "B005FWKK9O", "name": "Meyda Dale Tiffany Style Pond Lily Flower Glass Replacement Lamp Shade Bluish Purple/LiteTurquoise(Very Lt Green) (LARGE Size) 4.5\" Wide X 6\" Tall X 1.5\" Fitter for Pond Lilly Globe Bulb Lamps", "imUrl": "http://ecx.images-amazon.com/images/I/411XvtbjrHL._SY445_.jpg", "price": 22.0, "numReviews": 10, "groups": [15], "averageRating": 4.5}, {"asin": "B0041I9RLK", "name": "Bronze Finish Amber Glass Teardrop Finial", "imUrl": "http://ecx.images-amazon.com/images/I/416Wd0ZeWRL._SY300_.jpg", "price": 13.99, "numReviews": 3, "groups": [16], "averageRating": 4.0}, {"asin": "B0080ICZ2U", "name": "60 Watt Max. - LED Driver - Dimmable - 120 Input Voltage - 12 Output Volage - Hatch RS12-60M-LED", "imUrl": "http://ecx.images-amazon.com/images/I/51mtyoyojfL._SY300_.jpg", "price": 51.3, "numReviews": 4, "groups": [17], "averageRating": 2.75, "brand": "Hatch"}, {"asin": "B00435HHC2", "name": "12 in. Clear Acrylic Globe - with 5.25 in. Neckless Opening", "imUrl": "http://ecx.images-amazon.com/images/I/41MhEKHgq%2BL._SX342_.jpg", "price": 20.76, "numReviews": 1, "groups": [18], "averageRating": 5.0}, {"asin": "B0080F8FTU", "name": "Westinghouse Lighting 77217 Decorative Pull Chain 12\" Brushed Nickel", "imUrl": "http://ecx.images-amazon.com/images/I/41%2BkjmLGUWL._SX342_.jpg", "price": 5.87, "numReviews": 24, "groups": [19], "averageRating": 4.541666666666667, "brand": "Westinghouse"}, {"asin": "B0041I9576", "name": "Dragonfly on Leaf Antique Metal Finial", "imUrl": "http://ecx.images-amazon.com/images/I/41JyM2ZXReL._SY300_.jpg", "price": 18.99, "numReviews": 1, "groups": [20], "averageRating": 5.0}, {"asin": "B0002MJCYG", "name": "Plano Ceiling Medallion, 18.5\" Diameter, Contemporary Style/Paintable Do-It-Yourself Home Decor", "imUrl": "http://ecx.images-amazon.com/images/I/41rROCdwc-L._SX300_.jpg", "price": 24.95, "numReviews": 7, "groups": [21], "averageRating": 4.428571428571429, "salesRankCategory": "Home & Kitchen", "salesRank": 126387}, {"asin": "B004T3I1VE", "name": "Malibu 600 Watt Transformer", "imUrl": "http://ecx.images-amazon.com/images/I/41lLVeLVOmL._SY300_.jpg", "price": 161.55, "numReviews": 8, "groups": [22], "averageRating": 4.5, "brand": "Malibu"}, {"asin": "B002UK5NNC", "name": "2 Lamp Shade Bulb Clip Adapters Clip on Only No Finials", "imUrl": "http://ecx.images-amazon.com/images/I/411bZOVYWiL._SX342_.jpg", "price": 3.85, "numReviews": 11, "groups": [23], "averageRating": 4.181818181818182}, {"asin": "B0006BH13M", "name": "Multi-Faceted Swarovski Crystal Ball Lamp Shade Finial", "imUrl": "http://ecx.images-amazon.com/images/I/41T0mj04N7L._SY445_.jpg", "price": 17.99, "numReviews": 13, "groups": [24], "averageRating": 4.769230769230769}, {"asin": "B0081RSCJA", "name": "Ekena Millwork ROS06X06CH 6-Inch Od X 1 1/8-Inch P Chesterfield Rosette", "imUrl": "http://ecx.images-amazon.com/images/I/41n29pdZ3yL._SY300_.jpg", "price": 12.6, "numReviews": 1, "groups": [25], "averageRating": 4.0, "brand": "Ekena Millwork"}, {"asin": "B00DRFOPAQ", "name": "LED Driver Power Supply Transformer 110V 0.4A to 12V AC", "imUrl": "http://ecx.images-amazon.com/images/I/31pcFKlDQhL._SY300_.jpg", "price": 6.99, "numReviews": 3, "groups": [26], "averageRating": 2.0, "salesRankCategory": "Electronics", "salesRank": 102616}, {"asin": "B003A6VHH6", "name": "4 inch black and gold parchment chandelier shade", "imUrl": "http://ecx.images-amazon.com/images/I/31pjgpgfonL.jpg", "price": 6.99, "numReviews": 7, "groups": [27], "averageRating": 4.857142857142857}, {"asin": "B00002NACR", "name": "Westinghouse Lighting 70131 Lamp Finial", "imUrl": "http://ecx.images-amazon.com/images/I/71VHPEJXYEL._SX342_.gif", "price": 4.18, "numReviews": 15, "groups": [28], "averageRating": 1.8, "brand": "Westinghouse"}, {"asin": "B001E0CWO2", "name": "Focal Point 81031 31-Inch Acanthus Medallion 30 1/4-Inch by 30 1/4-Inch-Inch by 1 1/2-Inch, Primed White", "imUrl": "http://ecx.images-amazon.com/images/I/51XbCuBD5jL._SY300_.jpg", "price": 73.8, "numReviews": 9, "groups": [29], "averageRating": 4.888888888888889}, {"asin": "B002RSOULS", "name": "LET-60 12V 60W AC Class 2 Electronic Transformer by Lightech", "imUrl": "http://ecx.images-amazon.com/images/I/519klt1ihyL._SX342_.jpg", "price": 9.99, "numReviews": 74, "groups": [30], "averageRating": 4.54054054054054, "brand": "Lightech"}, {"asin": "B000O5VL40", "name": "Minka Lavery ML 930 Ceiling Medallion from the Belcaro Collection", "imUrl": "http://ecx.images-amazon.com/images/I/516Dh-R9fZL._SX300_.jpg", "price": 209.9, "numReviews": 2, "groups": [0, 31], "averageRating": 5.0, "brand": "Minka"}, {"asin": "B006IJE0X0", "name": "Waterproof IP67 LED Driver Transformer 100 Watt 12V Power Supply with double output", "imUrl": "http://ecx.images-amazon.com/images/I/41AcadltR8L._SX342_.jpg", "price": 34.44, "numReviews": 26, "groups": [32], "averageRating": 4.076923076923077}, {"asin": "B008UW8BJC", "name": "B&P Lamp Crystal And Brass Finial, Tap 1/4-2F", "imUrl": "http://ecx.images-amazon.com/images/I/31wSXJZJynL.jpg", "price": 15.65, "numReviews": 1, "groups": [33], "averageRating": 5.0}, {"asin": "B00002NADS", "name": "Westinghouse Lighting 70269 Make-A-Lamp Kit - Quantity 1", "imUrl": "http://ecx.images-amazon.com/images/I/81REGV7600L._SY300_.gif", "price": 10.66, "numReviews": 56, "groups": [34], "averageRating": 4.232142857142857, "brand": "Westinghouse", "salesRankCategory": "Home Improvement", "salesRank": 7254}, {"asin": "B004IZFAGM", "name": "Pineapple Antique Metal Finial", "imUrl": "http://ecx.images-amazon.com/images/I/41JxNsHh6PL._SY445_.jpg", "price": 18.99, "numReviews": 1, "groups": [35], "averageRating": 3.0}, {"asin": "B008JSY45W", "name": "12V 10A 120W Switch Power Supply For LED Strip Light", "imUrl": "http://ecx.images-amazon.com/images/I/51gF-SQYO3L._SX342_.jpg", "price": 13.0, "numReviews": 1, "groups": [36], "averageRating": 5.0}, {"asin": "B00EY6JERG", "name": "LEMONBEST Waterproof LED Driver Transformer for Fountain Landscape Pond Pool Light, 10W Power Supply Switching AC 110V to DC 12V", "imUrl": "http://ecx.images-amazon.com/images/I/31-FnJZX1aL._SX300_.jpg", "price": 8.68, "numReviews": 1, "groups": [37], "averageRating": 5.0}, {"asin": "B0053V1MLC", "name": "Pack of ONE (1), 20-105W 120V to 12V Dimmable Transformer UL approved", "imUrl": "http://ecx.images-amazon.com/images/I/31JGVphJJGL.jpg", "price": 9.99, "numReviews": 6, "groups": [38], "averageRating": 4.166666666666667}, {"asin": "B0044G5STO", "name": "Elk M1012WH English Study Ceiling Medallion, 24-Inch,  White Finish", "imUrl": "http://ecx.images-amazon.com/images/I/51U-ftY6ZzL._SY300_.jpg", "price": 74.95, "numReviews": 2, "groups": [39], "averageRating": 4.5, "brand": "Elk"}, {"asin": "B004W5FW8Y", "name": "Orrington 22\" H x 22\" W x Ceiling Medallion", "imUrl": "http://ecx.images-amazon.com/images/I/51b7MfVdGgL._SY300_.jpg", "price": 36.47, "numReviews": 1, "groups": [40], "averageRating": 3.0}, {"asin": "B000KPS9GM", "name": "WESTINGHOUSE 77762 COLONNADE MEDALLION 12-3/8\" - WHITE", "imUrl": "http://ecx.images-amazon.com/images/I/41Y29gZXSWL._SX342_.jpg", "price": 18.16, "numReviews": 9, "groups": [41], "averageRating": 4.888888888888889}, {"asin": "B003HNVXLW", "name": "8 in. White Acrylic Globe - 4 in. Neck Exterior - American 3201-08020", "imUrl": "http://ecx.images-amazon.com/images/I/31h0ljrKhbL._SX342_.jpg", "price": 11.23, "numReviews": 3, "groups": [42], "averageRating": 5.0}, {"asin": "B00435J60S", "name": "6 in. White Acrylic Globe - 3.25 in. Extruded Neck Opening - American 3201-50650", "imUrl": "http://ecx.images-amazon.com/images/I/31h0ljrKhbL._SY300_.jpg", "price": 7.46, "numReviews": 8, "groups": [43], "averageRating": 4.375}, {"asin": "B000YAR78E", "name": "Bronze Scroll 19 1/4\" Wide Ceiling Fan Ceiling Medallion", "imUrl": "http://ecx.images-amazon.com/images/I/51YcyZQVm7L._SX342_.jpg", "price": 79.99, "numReviews": 1, "groups": [44], "averageRating": 5.0}, {"asin": "B004TSF0TA", "name": "Portfolio 16 Inch Ceiling Medallion White", "imUrl": "http://ecx.images-amazon.com/images/I/419mnvKeBIL._SY300_.jpg", "price": 15.46, "numReviews": 1, "groups": [45], "averageRating": 4.0}, {"asin": "B0019VWX0Y", "name": "Sea Gull Lighting 9116 Additional Chain", "imUrl": "http://ecx.images-amazon.com/images/I/31vUmcuPgEL._SY300_.jpg", "price": 46.2, "numReviews": 1, "groups": [46], "averageRating": 4.0, "brand": "Sea Gull Lighting"}, {"asin": "B004WKGF62", "name": "2 of Gorgeous Amber Rain Drop Lamp Shade Finials", "imUrl": "http://ecx.images-amazon.com/images/I/51U2IpvQKUL._SX342_.jpg", "price": 17.5, "numReviews": 2, "groups": [47], "averageRating": 5.0}, {"asin": "B00BISDAAA", "name": "CrystalPlace Laser Cut Multi Faceted Red Crystal Ball Lamp Shade Finial 30mm", "imUrl": "http://ecx.images-amazon.com/images/I/41U565wDuLL._SX342_.jpg", "price": 12.95, "numReviews": 4, "groups": [48], "averageRating": 5.0}, {"asin": "B000LNO62O", "name": "Westinghouse Lighting Corp 8-Inch Gloss Ball Globe, White", "imUrl": "http://ecx.images-amazon.com/images/I/212BvN4dALL._SY300_.jpg", "price": 9.95, "numReviews": 1, "groups": [49], "averageRating": 4.0}, {"asin": "B003Y2V0HS", "name": "Solid Brass Lamp Finial 3 1/4 Inch Tall", "imUrl": "http://ecx.images-amazon.com/images/I/31lt5FoPcuL._SY445_.jpg", "price": 4.99, "numReviews": 7, "groups": [50], "averageRating": 2.857142857142857}, {"asin": "B001E0GRS4", "name": "Focal Point 81024 24-Inch Emma Medallion 23 11/16-Inch by 23 11/16-Inch by 2 3/4-Inch, Primed White", "imUrl": "http://ecx.images-amazon.com/images/I/51bztR0aqiL._SY300_.jpg", "price": 70.62, "numReviews": 3, "groups": [51], "averageRating": 4.666666666666667}, {"asin": "B001EBDB0U", "name": "8-Inch White Glass Globe", "imUrl": "http://ecx.images-amazon.com/images/I/31gV3%2BoXo3L._SX342_.jpg", "price": 9.95, "numReviews": 2, "groups": [42], "averageRating": 5.0}, {"asin": "B004F6EJOS", "name": "Bronze Silk 46 1/2\" Long Chandelier Chain Cover", "imUrl": "http://ecx.images-amazon.com/images/I/31vwA4IH%2BbL._SY445_.jpg", "price": 19.99, "numReviews": 3, "groups": [52], "averageRating": 3.6666666666666665}, {"asin": "B00002NAI3", "name": "Westinghouse Lighting 77087 12-Inch Brass Beaded Pull Chain with Wood Handle", "imUrl": "http://ecx.images-amazon.com/images/I/71G01PJAH3L._SX342_.gif", "price": 3.44, "numReviews": 14, "groups": [53], "averageRating": 4.285714285714286, "brand": "Westinghouse"}, {"asin": "B000HJBEWW", "name": "Westinghouse Lighting Corp 70135 2-Inch Lamp Finial, Brass", "imUrl": "http://ecx.images-amazon.com/images/I/31YsPSLOaEL._SY300_.jpg", "price": 5.5, "numReviews": 5, "groups": [54], "averageRating": 4.6, "brand": "Westinghouse", "salesRankCategory": "Home Improvement", "salesRank": 79639}, {"asin": "B004F77N18", "name": "Swarovski Champagne Crystal Ball Lamp Shade Finial", "imUrl": "http://ecx.images-amazon.com/images/I/41zQr4duofL._SY445_.jpg", "price": 23.5, "numReviews": 2, "groups": [55], "averageRating": 4.5}, {"asin": "B000T7YIIY", "name": "Eurofase LET-75 75W/12V Component, Transformer", "imUrl": "http://ecx.images-amazon.com/images/I/418GtLL-GFL._SX342_.jpg", "price": 23.22, "numReviews": 1, "groups": [56], "averageRating": 1.0}, {"asin": "B00435HKIS", "name": "8 in. Clear Acrylic Globe - with 4 in. Neckless Opening", "imUrl": "http://ecx.images-amazon.com/images/I/41MhEKHgq%2BL._SX342_.jpg", "price": 10.98, "numReviews": 2, "groups": [57], "averageRating": 5.0}, {"asin": "B00B4GBMDI", "name": "Ekena Millwork CM17RA2 17 5/8-Inch OD x 3 5/8-Inch ID x 7/8-Inch Raymond Ceiling Medallion, Two Piece", "imUrl": "http://ecx.images-amazon.com/images/I/51N1wWbrIWL._SY300_.jpg", "price": 23.19, "numReviews": 2, "groups": [6], "averageRating": 5.0}, {"asin": "B00002NADP", "name": "Westinghouse Lighting 70071 3' Decorative Oval Chain, Brass", "imUrl": "http://ecx.images-amazon.com/images/I/41RY6T70J7L._SY300_.jpg", "price": 4.85, "numReviews": 1, "groups": [58], "averageRating": 5.0, "brand": "Westinghouse"}, {"asin": "B008LBY3JO", "name": "2 Lamp Shade Bulb Clip Adapters Clip on with Shade Attaching Finials", "imUrl": "http://ecx.images-amazon.com/images/I/41C0MGys75L._SX342_.jpg", "price": 5.99, "numReviews": 35, "groups": [23], "averageRating": 4.114285714285714}, {"asin": "B007XW11ZG", "name": "Solid Brass Lamp Finial 2 3/4 Inch Tall Carved Gryphon lamp shade", "imUrl": "http://ecx.images-amazon.com/images/I/41y3ACr5v-L._SY445_.jpg", "price": 5.99, "numReviews": 1, "groups": [59], "averageRating": 5.0}, {"asin": "B004588UJQ", "name": "Ekena Millwork CM12TR 12-Inch OD x 3-Inch ID x 1-Inch Traditional Ceiling Medallion", "imUrl": "http://ecx.images-amazon.com/images/I/41%2B6b7ke5JL._SY300_.jpg", "price": 7.99, "numReviews": 2, "groups": [60], "averageRating": 5.0, "brand": "Ekena Millwork", "salesRankCategory": "Home & Kitchen", "salesRank": 35138}, {"asin": "B004F6FNOS", "name": "Songbirds Antique Metal Finial", "imUrl": "http://ecx.images-amazon.com/images/I/51TUvB%2BBXIL._SX342_.jpg", "price": 17.95, "numReviews": 2, "groups": [61], "averageRating": 4.0}, {"asin": "B00J290KAA", "name": "Urbanest Bola Lamp Finial For Lamp Shades,1-1/4-inch Diameter (Brushed Nickel)", "imUrl": "http://ecx.images-amazon.com/images/I/31-LxmdXwZL._SY300_.jpg", "price": 6.99, "numReviews": 1, "groups": [62], "averageRating": 3.0}, {"asin": "B001M246AK", "name": "Capital Lighting 79477 Queen Anne 21-Inch Ceiling Medallion, Paintable White Finish", "imUrl": "http://ecx.images-amazon.com/images/I/41yU3Ov8R7L._SY300_.jpg", "price": 98.7, "numReviews": 1, "groups": [63], "averageRating": 5.0}, {"asin": "B00JDQAFUM", "name": "Halogen Lighting Transformer 12V 105W Replacement for MDL Corp 316-0004", "imUrl": "http://ecx.images-amazon.com/images/I/31RkcFLd58L._SY300_.jpg", "price": 18.0, "numReviews": 1, "groups": [64], "averageRating": 3.0}, {"asin": "B005G6SR5I", "name": "Livex Lighting 8209 12\" Diameter Ceiling Medallion from the Ceiling Medallion Collection, Brushed Nickel", "imUrl": "http://ecx.images-amazon.com/images/I/51sE--q9nbL._SX300_.jpg", "price": 49.9, "numReviews": 1, "groups": [65], "averageRating": 5.0, "brand": "Livex Lighting"}, {"asin": "B009GO4KWA", "name": "Clip on Bulb Ceiling Light Shade by Miles Kimball", "imUrl": "http://ecx.images-amazon.com/images/I/41swTLwNdNL._SX300_.jpg", "price": 7.72, "numReviews": 8, "groups": [66], "averageRating": 2.25}, {"asin": "B00BMGVFM8", "name": "36 Inch by 26\" Oval Ceiling Medallion White Primed Polyurethane #598 By Designer's Edge Millwork", "imUrl": "http://ecx.images-amazon.com/images/I/41D5WH%2BKjbL._SX300_.jpg", "price": 107.87, "numReviews": 1, "groups": [67], "averageRating": 4.0}, {"asin": "B00061KQB6", "name": "Acrylic Globe Light Fixture- 6 Inch White by American-De Rosa Lamparts,Inc.", "imUrl": "http://ecx.images-amazon.com/images/I/211Xzvw3ycL.jpg", "price": 5.25, "numReviews": 5, "groups": [43], "averageRating": 3.6}, {"asin": "B008PD0SH4", "name": "Set of Two Hummingbird Hibiscus Fower Lamp Toppers Finials", "imUrl": "http://ecx.images-amazon.com/images/I/41-n6GzP4bL._SX300_.jpg", "price": 23.79, "numReviews": 2, "groups": [68], "averageRating": 3.0}, {"asin": "B004T3I28G", "name": "Malibu 900 Watt Transformer", "imUrl": "http://ecx.images-amazon.com/images/I/41wR1PlYMgL._SY300_.jpg", "price": 204.45, "numReviews": 1, "groups": [69], "averageRating": 3.0}, {"asin": "B008MNTMFQ", "name": "Urbanest Chandelier Linen Shade, White, 3\" x 6\" x 5\", Clip On", "imUrl": "http://ecx.images-amazon.com/images/I/31sM11NPvhL._SY445_.jpg", "price": 6.99, "numReviews": 1, "groups": [70], "averageRating": 5.0}, {"asin": "B00435HAW4", "name": "10 in. White Acrylic Globe - 4 in. Extruded Neck Opening - American PLAS-10NW", "imUrl": "http://ecx.images-amazon.com/images/I/31h0ljrKhbL._SY300_.jpg", "price": 16.82, "numReviews": 4, "groups": [71], "averageRating": 5.0}, {"asin": "B0053V1NHA", "name": "Pack of ONE (1), 12V 12W Constant Voltage DC LED Driver UL approved Outdoor", "imUrl": "http://ecx.images-amazon.com/images/I/310U7eSwECL.jpg", "price": 9.99, "numReviews": 1, "groups": [72], "averageRating": 4.0}, {"asin": "B004F6GOGO", "name": "Frog on Leaf with Green Glass Eyes Finial", "imUrl": "http://ecx.images-amazon.com/images/I/410lBxmA0JL._SY445_.jpg", "price": 13.99, "numReviews": 3, "groups": [73], "averageRating": 5.0}, {"asin": "B00IHZ9ME0", "name": "Ledwholesalers 30 Watt LED Power Suppply Driver Transformer 120 to 12 Volt DC Output, 3207", "imUrl": "http://ecx.images-amazon.com/images/I/41s0qeRBoRL._SY300_.jpg", "price": 15.99, "numReviews": 331, "groups": [74], "averageRating": 4.0604229607250755}, {"asin": "B004XVIRYI", "name": "Rubbed Bronze Beaded Knob Finial", "imUrl": "http://ecx.images-amazon.com/images/I/41YHRKCw-jL._SY445_.jpg", "price": 10.99, "numReviews": 2, "groups": [75], "averageRating": 4.5}, {"asin": "B000H74AB6", "name": "Metropolitan N5521 Ceiling Medallion from the Salamanca Collection", "imUrl": "http://ecx.images-amazon.com/images/I/51ytySASaXL._SX300_.jpg", "price": 139.9, "numReviews": 1, "groups": [76], "averageRating": 4.0}, {"asin": "B0054JBDY4", "name": "Meyda Dale Tiffany Style Pond Lily Flower Glass Replacement Lamp Shade Redish-Orange & Light Yellow Pastel Color (Large) 4.5\" Wide X 6\" Tall X 1.5\" Fitter for Pond Lilly Globe Bulb Lamps", "imUrl": "http://ecx.images-amazon.com/images/I/41Z7K6dg9KL._SY445_.jpg", "price": 24.95, "numReviews": 4, "groups": [15], "averageRating": 4.5}, {"asin": "B0063KC1QC", "name": "WESTINGHOUSE LIGHTING 70136 Lamp Finial, 1-Inch, Brass, 2-Pack", "imUrl": "http://ecx.images-amazon.com/images/I/41N6ejWkMaL._SY300_.jpg", "price": 3.0, "numReviews": 13, "groups": [77], "averageRating": 4.153846153846154}, {"asin": "B00002NADM", "name": "Westinghouse Lighting 70480 Swag Lamp Kit 12ft", "imUrl": "http://ecx.images-amazon.com/images/I/61CEAQRY97L._SX342_.jpg", "price": 16.38, "numReviews": 4, "groups": [78], "averageRating": 2.75, "brand": "Westinghouse"}, {"asin": "B004F6I5RU", "name": "Antique Brass Finish Leaf Finial", "imUrl": "http://ecx.images-amazon.com/images/I/51QhQOj0KVL._SY445_.jpg", "price": 14.99, "numReviews": 3, "groups": [79], "averageRating": 4.333333333333333}, {"asin": "B001AXAB7S", "name": "Westinghouse Lighting Corp 70074 36-Inch Fixture Chain, Bronze", "imUrl": "http://ecx.images-amazon.com/images/I/31GBj2LejPL._SY300_.jpg", "price": 5.27, "numReviews": 4, "groups": [80], "averageRating": 4.5, "brand": "Westinghouse", "salesRankCategory": "Home Improvement", "salesRank": 14985}, {"asin": "B001033A6M", "name": "Westinghouse Lighting 7775200 Soleil Polyurethane Ceiling Medallion, 20-Inch Diameter", "imUrl": "http://ecx.images-amazon.com/images/I/41%2BHaTmPW%2BL._SY300_.jpg", "price": 50.5, "numReviews": 3, "groups": [81], "averageRating": 5.0, "brand": "Westinghouse"}, {"asin": "B002RT7RVW", "name": "Focal Point 81033 33-Inch Versailles Medallion 32 1/2-Inch by 32 1/2-Inch by 2 1/2-Inch, Primed White", "imUrl": "http://ecx.images-amazon.com/images/I/51I1ozgY2yL._SY300_.jpg", "price": 149.99, "numReviews": 1, "groups": [82], "averageRating": 5.0, "brand": "Focal Point"}, {"asin": "B007J6P21A", "name": "Pack of ONE (1), 350mA Constant Current 1-8W DC LED Driver UL approved", "imUrl": "http://ecx.images-amazon.com/images/I/31QVva3e6NL.jpg", "price": 9.99, "numReviews": 1, "groups": [83], "averageRating": 5.0}, {"asin": "B0002MJCYQ", "name": "Daisy Ceiling Medallion TM, 28\" Diameter, Unique Design, ABS Plastic, Do-It-Yourself Home Decor", "imUrl": "http://ecx.images-amazon.com/images/I/51JRTKAvmrL._SX300_.jpg", "price": 39.95, "numReviews": 4, "groups": [84], "averageRating": 3.5}, {"asin": "B001AT5JK6", "name": "Focal Point 81624 24-Inch Renaissance Medallion 23 7/8-Inch by 23 7/8-Inch by 1 1/8-Inch, Primed White", "imUrl": "http://ecx.images-amazon.com/images/I/51XdYxQ%2BA4L._SY300_.jpg", "price": 89.95, "numReviews": 3, "groups": [51], "averageRating": 5.0}, {"asin": "B00458F9LI", "name": "Strasbourg 20\" H x 30 1/2\" W x 1.5\" D Ceiling Medallion", "imUrl": "http://ecx.images-amazon.com/images/I/419LVmvwW7L._SY300_.jpg", "price": 31.07, "numReviews": 1, "groups": [85], "averageRating": 5.0}, {"asin": "B004W5GBWA", "name": "Ekena Millwork CM28BE 28 3/8-Inch OD x 4 1/2-Inch ID x 1 5/8-Inch P Benson Classic Ceiling Medallion", "imUrl": "http://ecx.images-amazon.com/images/I/41IH%2ByUoodL._SY300_.jpg", "price": 43.31, "numReviews": 13, "groups": [86], "averageRating": 4.6923076923076925, "brand": "Ekena Millwork"}, {"asin": "B002RT7SAC", "name": "Focal Point 88528 28-Inch Emma Heritage Medallion 28-Inch by 28-Inch by 2 3/4-Inch, Primed White", "imUrl": "http://ecx.images-amazon.com/images/I/51T42J1dmwL._SY300_.jpg", "price": 90.14, "numReviews": 1, "groups": [87], "averageRating": 5.0}, {"asin": "B00708XBEW", "name": "Oiled Bronze Sphere Finial", "imUrl": "http://ecx.images-amazon.com/images/I/41btaOs2J3L._SY445_.jpg", "price": 12.99, "numReviews": 1, "groups": [88], "averageRating": 5.0}, {"asin": "B000WEKNII", "name": "Westinghouse Lighting Corp 70699 I Baroque Finial, Black", "imUrl": "http://ecx.images-amazon.com/images/I/413noOGb1pL._SY300_.jpg", "price": 8.93, "numReviews": 3, "groups": [89], "averageRating": 5.0, "brand": "Westinghouse", "salesRankCategory": "Home Improvement", "salesRank": 33874}, {"asin": "B0014A4P9M", "name": "MinkaAire CM7022 Ceiling Medallion", "imUrl": "http://ecx.images-amazon.com/images/I/61VsuuJq77L._SX300_.jpg", "price": 83.5, "numReviews": 5, "groups": [90], "averageRating": 3.6}, {"asin": "B0058P9KFS", "name": "Upgradelights Black with Gold Foil Lining 6'' Drum Chandelier Shades Clip on Shade", "imUrl": "http://ecx.images-amazon.com/images/I/31m3YfUT8KL.jpg", "price": 21.0, "numReviews": 1, "groups": [91], "averageRating": 5.0}, {"asin": "B00002N7CH", "name": "Westinghouse Ceiling Medallion", "imUrl": "http://ecx.images-amazon.com/images/I/3107R83CCPL._SX300_.jpg", "price": 10.68, "numReviews": 8, "groups": [92], "averageRating": 3.375, "brand": "Westinghouse", "salesRankCategory": "Home Improvement", "salesRank": 54919}, {"asin": "B0054G6QPI", "name": "Bottle Lamp Kit with Adapters", "imUrl": "http://ecx.images-amazon.com/images/I/518JJAWdDcL._SX342_.jpg", "price": 5.77, "numReviews": 18, "groups": [93], "averageRating": 3.8333333333333335}, {"asin": "B001D7ZS9M", "name": "Fleur-de-lis 16\" Wide Ceiling Medallion", "imUrl": "http://ecx.images-amazon.com/images/I/51MyJFlm3xL._SX342_.jpg", "price": 69.99, "numReviews": 2, "groups": [94], "averageRating": 3.5}, {"asin": "B00458CSFI", "name": "Diane 18\" H x 18\" W x 1.13\" D Ceiling Medallion", "imUrl": "http://ecx.images-amazon.com/images/I/418nR6mUh4L._SY300_.jpg", "price": 32.16, "numReviews": 3, "groups": [95], "averageRating": 5.0}, {"asin": "B0002YS6HI", "name": "Westinghouse Lighting  70530 Corp Swag Light Kit, White", "imUrl": "http://ecx.images-amazon.com/images/I/21RmgjPoyPL._SY300_.jpg", "price": 12.99, "numReviews": 1, "groups": [96], "averageRating": 4.0, "brand": "Westinghouse", "salesRankCategory": "Home Improvement", "salesRank": 353725}, {"asin": "B00002NAD5", "name": "Westinghouse Lighting 70531 Swag Lamp Kit", "imUrl": "http://ecx.images-amazon.com/images/I/318KVVX6VYL._SX342_.jpg", "price": 17.77, "numReviews": 3, "groups": [97], "averageRating": 3.6666666666666665, "brand": "Westinghouse"}, {"asin": "B009YJF5GW", "name": "Keystone 00426 - 75 watt 120 volt Dimmable Halogen Transformer (KTET-75-1-SCP-DIM-HV-AL)", "imUrl": "http://ecx.images-amazon.com/images/I/31nSJTmrfJL.jpg", "price": 18.39, "numReviews": 1, "groups": [98], "averageRating": 5.0, "brand": "Keystone"}, {"asin": "B00435F7U6", "name": "16 in. Clear Acrylic Globe - with 5.25 in. Neckless Opening - American 3202-16020-003", "imUrl": "http://ecx.images-amazon.com/images/I/41MhEKHgq%2BL._SY300_.jpg", "price": 23.15, "numReviews": 5, "groups": [18, 99], "averageRating": 5.0}, {"asin": "B00002NACU", "name": "Westinghouse 70130 - Solid Brass Lamp Finial", "imUrl": "http://ecx.images-amazon.com/images/I/71JRX7ABJ8L._SY445_.gif", "price": 4.53, "numReviews": 13, "groups": [100], "averageRating": 4.769230769230769, "brand": "Westinghouse"}, {"asin": "B00435DYTM", "name": "16 in. White Acrylic Globe - with 5.25 in. Neckless Opening - American 3201-16020-003", "imUrl": "http://ecx.images-amazon.com/images/I/31PX0ZjtrsL._SY300_.jpg", "price": 27.36, "numReviews": 4, "groups": [101], "averageRating": 5.0}, {"asin": "B004W5DHO0", "name": "31 7/8\"OD x 5 3/4\"ID x 2 3/16\"P, Ceiling Medallion, Rochelle (Two-Piece)", "imUrl": "http://ecx.images-amazon.com/images/I/515%2BXAUmHvL._SY300_.jpg", "price": 74.74, "numReviews": 1, "groups": [102], "averageRating": 1.0}, {"asin": "B004NI6HRA", "name": "DALS ETR-WH601E6A3 60W 12V AC Transformer Black", "imUrl": "http://ecx.images-amazon.com/images/I/41wZc-9VP-L._SY300_.jpg", "price": 22.0, "numReviews": 3, "groups": [103], "averageRating": 3.0}, {"asin": "B000U5V93M", "name": "Westinghouse Ceiling Split Design Medallion", "imUrl": "http://ecx.images-amazon.com/images/I/31hdZQ2eH1L._SY300_.jpg", "price": 10.99, "numReviews": 4, "groups": [104], "averageRating": 3.75, "brand": "Westinghouse"}, {"asin": "B001M26UEA", "name": "Capital Lighting 7851GB Pendant, Gilded Bronze Finish", "imUrl": "http://ecx.images-amazon.com/images/I/51hdMravtLL._SY300_.jpg", "price": 85.9, "numReviews": 2, "groups": [105], "averageRating": 5.0}, {"asin": "B005G6SSTI", "name": "Livex Lighting 8217 16\" Diameter Ceiling Medallion from the Ceiling Medallion Collection, Brushed Nickel", "imUrl": "http://ecx.images-amazon.com/images/I/51X2ozjJpEL._SY300_.jpg", "price": 48.76, "numReviews": 1, "groups": [65], "averageRating": 5.0}, {"asin": "B008UW7WY2", "name": "B&P Lamp Clear Cube Crystal Finial, 1 3/4 In Ht. 1/4-27 Tap", "imUrl": "http://ecx.images-amazon.com/images/I/31fUJQuM3HL.jpg", "price": 19.08, "numReviews": 3, "groups": [106], "averageRating": 4.666666666666667}, {"asin": "B003BPLJGU", "name": "Upgradelights Chandelier Shade Silk Type Black with Gold Lining 4 Inch", "imUrl": "http://ecx.images-amazon.com/images/I/41JkSLlm6mL._SX342_.jpg", "price": 8.99, "numReviews": 1, "groups": [107], "averageRating": 5.0}, {"asin": "B000N2XZWK", "name": "ELK Lighting M1022WH English Study Ceiling Medallion 32\" in White", "imUrl": "http://ecx.images-amazon.com/images/I/51jrO-zDNLL._SY300_.jpg", "price": 159.0, "numReviews": 1, "groups": [108], "averageRating": 5.0}, {"asin": "B00458CRRM", "name": "Ekena Millwork CM17RO 18-Inch OD x 3 1/2-Inch ID x 1 1/2-Inch Rotherham Ceiling Medallion", "imUrl": "http://ecx.images-amazon.com/images/I/51L5Dd6gDEL._SY300_.jpg", "price": 23.06, "numReviews": 15, "groups": [109], "averageRating": 4.8, "brand": "Ekena Millwork", "salesRankCategory": "Home & Kitchen", "salesRank": 23829}, {"asin": "B00INKCUWU", "name": "Black Cord & Chain Cover", "imUrl": "http://ecx.images-amazon.com/images/I/21ZDJz6KWmL._SY445_.jpg", "price": 19.85, "numReviews": 1, "groups": [110], "averageRating": 3.0}, {"asin": "B000O5RJJQ", "name": "Minka Lavery ML 1750 Crystal Ceiling Medallion from the Aston Court Collection", "imUrl": "http://ecx.images-amazon.com/images/I/51byAqBJQmL._SX300_.jpg", "price": 179.9, "numReviews": 3, "groups": [111], "averageRating": 5.0}, {"asin": "B003O75Y7K", "name": "2 of Clear 26% Lead Crystal Lamp Shade Finials 40mm", "imUrl": "http://ecx.images-amazon.com/images/I/51bDzuZ%2Bo%2BL._SX342_.jpg", "price": 26.99, "numReviews": 2, "groups": [112], "averageRating": 3.5}, {"asin": "B005J9Y2CY", "name": "Cal Lighting FA5015A Resin Finial", "imUrl": "http://ecx.images-amazon.com/images/I/51rWckDH1SL._SY300_.jpg", "price": 12.81, "numReviews": 2, "groups": [75], "averageRating": 5.0}, {"asin": "B008824530", "name": "Raymond 17.63\" H x 17 5/8\" W x 0.88\" D Ceiling Medallion", "imUrl": "http://ecx.images-amazon.com/images/I/51N1wWbrIWL._SY300_.jpg", "price": 27.71, "numReviews": 1, "groups": [113], "averageRating": 5.0}, {"asin": "B008UWCGJ8", "name": "B&P Lamp 7\" Dia. Felt Pad Adhesive Backed", "imUrl": "http://ecx.images-amazon.com/images/I/31nL-PcirTL.jpg", "price": 1.92, "numReviews": 1, "groups": [114], "averageRating": 3.0}, {"asin": "B008UWABJU", "name": "B&P Lamp Elephant Brass Finial, 2 1/4 In Ht., 1/4-27 Tap", "imUrl": "http://ecx.images-amazon.com/images/I/31Ubq-rVO1L.jpg", "price": 20.23, "numReviews": 2, "groups": [115], "averageRating": 5.0}, {"asin": "B00002NAKO", "name": "Westinghouse 8190000 White Acrylic Globe, 4\"", "imUrl": "http://ecx.images-amazon.com/images/I/41SPFXYF6CL.gif", "price": 13.66, "numReviews": 2, "groups": [116], "averageRating": 4.5, "brand": "Westinghouse"}, {"asin": "B0006BGZWU", "name": "Brass Ball Lamp Shade Finial", "imUrl": "http://ecx.images-amazon.com/images/I/31T2ujE%2BZRL.jpg", "price": 8.99, "numReviews": 1, "groups": [117], "averageRating": 1.0}, {"asin": "B002ZPEBU8", "name": "Westinghouse Lighting 70144 Decorative Lamp Finials, Nickel", "imUrl": "http://ecx.images-amazon.com/images/I/41z7Ly5pB4L._SX342_.jpg", "price": 2.99, "numReviews": 2, "groups": [118], "averageRating": 2.5, "brand": "Westinghouse"}, {"asin": "B00J29YIMG", "name": "Urbanest Crown Lamp Finial For Lamp Shades,2-inch (Brushed Nickel)", "imUrl": "http://ecx.images-amazon.com/images/I/415s1JHfk5L._SY300_.jpg", "price": 4.99, "numReviews": 2, "groups": [119], "averageRating": 5.0}, {"asin": "B00002NADN", "name": "Westinghouse 70481 - Swag Lite Kit 12' with Antique Brass Finish", "imUrl": "http://ecx.images-amazon.com/images/I/410ZRPPNSGL._SX342_.jpg", "price": 10.35, "numReviews": 10, "groups": [78], "averageRating": 4.5, "brand": "Westinghouse"}, {"asin": "B00435HHHW", "name": "12 in. White Acrylic Globe - with 5.25 in. Neckless Opening - American 3201-12020-003", "imUrl": "http://ecx.images-amazon.com/images/I/31PX0ZjtrsL._SY300_.jpg", "price": 22.36, "numReviews": 4, "groups": [120], "averageRating": 4.5, "salesRankCategory": "Home & Kitchen", "salesRank": 67766}, {"asin": "B008UW8C1E", "name": "B&P Lamp Crystal And Brass Finial, Tap 1/4-2F", "imUrl": "http://ecx.images-amazon.com/images/I/31ewnhVhliL.jpg", "price": 15.07, "numReviews": 1, "groups": [121], "averageRating": 4.0}, {"asin": "B0002YS6JQ", "name": "Westinghouse Lighting 70483 12' Swag Kit With Brush Steel Chain", "imUrl": "http://ecx.images-amazon.com/images/I/21J4EGi6s5L.jpg", "price": 19.59, "numReviews": 3, "groups": [122], "averageRating": 4.0, "brand": "Westinghouse"}, {"asin": "B0014HCUAQ", "name": "Minka Lavery ML 1577 Ceiling Medallion from the Salon Grand Collection", "imUrl": "http://ecx.images-amazon.com/images/I/515VuW6NEFL._SX300_.jpg", "price": 219.9, "numReviews": 6, "groups": [31], "averageRating": 5.0}, {"asin": "B0053V1MD0", "name": "Pack of ONE (1), 10-60W 120V to 12V Dimmable Transformer UL approved", "imUrl": "http://ecx.images-amazon.com/images/I/41uvV27pTuL._SY300_.jpg", "price": 6.99, "numReviews": 22, "groups": [123], "averageRating": 3.772727272727273}, {"asin": "B004ULVEJG", "name": "2 of Gorgeous Crystal Ball Lamp Shade Finial H2-1/2\"", "imUrl": "http://ecx.images-amazon.com/images/I/51Zfr0gjYML._SX342_.jpg", "price": 20.99, "numReviews": 2, "groups": [124], "averageRating": 5.0}, {"asin": "B000R2YBQK", "name": "Brown Silk 46 1/2\" Long Chandelier Chain Cord Cover", "imUrl": "http://ecx.images-amazon.com/images/I/316MsF3JOYL._SY445_.jpg", "price": 19.99, "numReviews": 2, "groups": [52], "averageRating": 2.0}, {"asin": "B004IKJU7C", "name": "Non Waterproof 100 Watt, Led Driver Power Supply 12 Volt DC, by LEDwholesalers 3219-100w", "imUrl": "http://ecx.images-amazon.com/images/I/61RhohMM7SL._SY300_.jpg", "price": 25.5, "numReviews": 21, "groups": [125], "averageRating": 4.238095238095238}, {"asin": "B00BIVSQ6A", "name": "23 5/8 Inch Diameter by 2 1/8\" Ceiling Medallion 3 5/8\" ID White Primed Polyurethane By Designer's Edge Millwork #D558", "imUrl": "http://ecx.images-amazon.com/images/I/51-fMq1%2ByEL._SX300_.jpg", "price": 39.99, "numReviews": 1, "groups": [126], "averageRating": 5.0}, {"asin": "B008UWCG8E", "name": "B&P Lamp 6 1/2\"\" Dia. Felt Pad Adhesive Backed", "imUrl": "http://ecx.images-amazon.com/images/I/31nL-PcirTL.jpg", "price": 1.39, "numReviews": 1, "groups": [127], "averageRating": 5.0}, {"asin": "B000WEKNJW", "name": "Westinghouse 77773 Ansley Medallion, Two-Piece Design, 16- 1/2-Inch Width, White", "imUrl": "http://ecx.images-amazon.com/images/I/41txo5Got0L._SY300_.jpg", "price": 15.46, "numReviews": 6, "groups": [128], "averageRating": 3.6666666666666665}, {"asin": "B004FCT4A6", "name": "Jandorf Finial Thread", "imUrl": "http://ecx.images-amazon.com/images/I/31JY5jkSvhL._SX342_.jpg", "price": 1.98, "numReviews": 7, "groups": [77, 118], "averageRating": 4.857142857142857}, {"asin": "B00288BDK8", "name": "Westinghouse Lighting 7775600 Francesca Polyurethane Ceiling Medallion, 18-Inch Diameter", "imUrl": "http://ecx.images-amazon.com/images/I/41Tt2i-9WJL._SX300_.jpg", "price": 44.97, "numReviews": 1, "groups": [129], "averageRating": 5.0}, {"asin": "B002OMHAGE", "name": "Keystone Ballasts 12 Volt Halogen Transformer Ballast model number KTET-60-1-WC-F", "imUrl": "http://ecx.images-amazon.com/images/I/2198cDOtIBL.jpg", "price": 14.99, "numReviews": 3, "groups": [130], "averageRating": 3.6666666666666665}, {"asin": "B00458AT2C", "name": "Palmetto 11.5\" H x 11 1/2\" W x 1\" D Ceiling Medallion", "imUrl": "http://ecx.images-amazon.com/images/I/51fDQXVo9qL._SY300_.jpg", "price": 24.44, "numReviews": 1, "groups": [131], "averageRating": 4.0}, {"asin": "B001APUJJQ", "name": "16 Inch White Ceiling Medallio", "imUrl": "http://ecx.images-amazon.com/images/I/31ogtUsRryL._SX342_.jpg", "price": 10.77, "numReviews": 18, "groups": [41], "averageRating": 4.388888888888889}, {"asin": "B008UWA1Y0", "name": "B&P Lamp 2\" Turned Brass Risers", "imUrl": "http://ecx.images-amazon.com/images/I/31eNJdh0pVL._SY445_.jpg", "price": 5.81, "numReviews": 1, "groups": [132], "averageRating": 5.0}, {"asin": "B00078GJZK", "name": "Swarovski Faceted Crystal Ball Lamp Shade Finial", "imUrl": "http://ecx.images-amazon.com/images/I/41%2ByncRrffL._SY445_.jpg", "price": 17.5, "numReviews": 3, "groups": [133], "averageRating": 3.3333333333333335}, {"asin": "B000RJEMMG", "name": "Classic Valencia Bronze 24\" Wide Ceiling Medallion", "imUrl": "http://ecx.images-amazon.com/images/I/51QLX0ed4PL._SX342_.jpg", "price": 99.99, "numReviews": 1, "groups": [134], "averageRating": 5.0}, {"asin": "B004F6GATU", "name": "Double Dragonfly Antique Brass Finial", "imUrl": "http://ecx.images-amazon.com/images/I/51XNZgM0N7L._SY445_.jpg", "price": 5.99, "numReviews": 4, "groups": [135], "averageRating": 4.75}, {"asin": "B004F6I5V6", "name": "Elephant Blue and White Porcelain Finial", "imUrl": "http://ecx.images-amazon.com/images/I/41NRZ2ukD-L._SX342_.jpg", "price": 20.23, "numReviews": 1, "groups": [136], "averageRating": 5.0}, {"asin": "B00GB86POK", "name": "Lancrest - 30\" Leafy Medallion", "imUrl": "http://ecx.images-amazon.com/images/I/51pEJVsIP5L._SY300_.jpg", "price": 50.0, "numReviews": 1, "groups": [137], "averageRating": 4.0}, {"asin": "B00149HCWU", "name": "Westinghouse Lighting 7775300 Aureole Polyurethane Ceiling Medallion, 24-Inch Diameter", "imUrl": "http://ecx.images-amazon.com/images/I/41d46LtwnwL._SY300_.jpg", "price": 37.99, "numReviews": 4, "groups": [138], "averageRating": 5.0}, {"asin": "B0045883QQ", "name": "Eris 18\" H x 18\" W x 1.13\" D Ceiling Medallion", "imUrl": "http://ecx.images-amazon.com/images/I/51Q0D6g5mEL._SY300_.jpg", "price": 30.17, "numReviews": 2, "groups": [139], "averageRating": 3.0}, {"asin": "B00435MT16", "name": "14 in. Clear Acrylic Globe - with 5.25 in. Neckless Opening - American 3202-14020-003", "imUrl": "http://ecx.images-amazon.com/images/I/41MhEKHgq%2BL._SY300_.jpg", "price": 26.86, "numReviews": 16, "groups": [8, 99], "averageRating": 4.625}, {"asin": "B004588R94", "name": "Emery 7.63\" H x 7 5/8\" W x 1\" D Leaf Ceiling Medallion", "imUrl": "http://ecx.images-amazon.com/images/I/41PaIPpGPoL._SY300_.jpg", "price": 13.44, "numReviews": 1, "groups": [140], "averageRating": 5.0}, {"asin": "B0025VNWMK", "name": "Chandelier Shade Clip on 6 Off with Linen", "imUrl": "http://ecx.images-amazon.com/images/I/41J63HChk8L._SX342_.jpg", "price": 26.99, "numReviews": 1, "groups": [141], "averageRating": 5.0}, {"asin": "B008UW88WW", "name": "B&P Lamp Crystal And Brass Finial, Tap 1/4-2F", "imUrl": "http://ecx.images-amazon.com/images/I/316O5b7YrVL.jpg", "price": 12.77, "numReviews": 1, "groups": [142], "averageRating": 4.0}, {"asin": "B0002YUH02", "name": "Westinghouse Lighting  70025 Corp Make-A-Lamp Kit", "imUrl": "http://ecx.images-amazon.com/images/I/31d7gKGo9BL._SY300_.jpg", "price": 9.78, "numReviews": 15, "groups": [143], "averageRating": 4.2, "brand": "Westinghouse"}, {"asin": "B008UWAGIQ", "name": "B&P Lamp Tree Of Life Finial, 2 7/8 In Ht., 1/4-27 Tap", "imUrl": "http://ecx.images-amazon.com/images/I/31ib49IfFmL.jpg", "price": 13.13, "numReviews": 1, "groups": [144], "averageRating": 5.0}, {"asin": "B004F7D5SI", "name": "Brushed Nickel Finish Round Lamp Shade Finial", "imUrl": "http://ecx.images-amazon.com/images/I/31ewTYf78TL.jpg", "price": 9.24, "numReviews": 4, "groups": [145], "averageRating": 3.5}, {"asin": "B004F6CJBI", "name": "Birds on Nest Antique Metal Finial", "imUrl": "http://ecx.images-amazon.com/images/I/41icR6SamYL._SY445_.jpg", "price": 20.99, "numReviews": 3, "groups": [79], "averageRating": 4.0}, {"asin": "B005J9Y0CQ", "name": "Cal Lighting FA5004B Resin Finial", "imUrl": "http://ecx.images-amazon.com/images/I/41p6fQH5c6L._SY300_.jpg", "price": 23.79, "numReviews": 4, "groups": [75], "averageRating": 4.25, "brand": "Cal"}, {"asin": "B00D6969UW", "name": "Nubee\u00ae 30 Watt Waterproof LED Power Supply Driver Transformer 120 to 12 Volt Dc Output", "imUrl": "http://ecx.images-amazon.com/images/I/41dvOX3NK4L._SY300_.jpg", "price": 13.95, "numReviews": 36, "groups": [146], "averageRating": 4.055555555555555}, {"asin": "B005J9Y5GC", "name": "Cal Lighting FA-5052A Metal cast finial", "imUrl": "http://ecx.images-amazon.com/images/I/41iYlz5KEmL._SY300_.jpg", "price": 23.79, "numReviews": 2, "groups": [147], "averageRating": 4.0}, {"asin": "B001QPJ7NO", "name": "Lily Replacement Shade - Amber - Green 4.5\"W X 6\"H Meyda Tiffany Pond Lilly Style Shade #104 Lily Globe", "imUrl": "http://ecx.images-amazon.com/images/I/51TpGLyxl0L._SX342_.jpg", "price": 14.99, "numReviews": 7, "groups": [148], "averageRating": 4.571428571428571}, {"asin": "B004W5G79M", "name": "Ekena Millwork CM26AT 26-Inch OD Attica with Rose Ceiling Medallion", "imUrl": "http://ecx.images-amazon.com/images/I/51qabeOLirL._SY300_.jpg", "price": 46.14, "numReviews": 1, "groups": [149], "averageRating": 5.0, "brand": "Ekena Millwork"}, {"asin": "B008UWA96K", "name": "B&P Lamp Two Birds Cast Metal With Antique Brass Finish, Tap 1/4-27", "imUrl": "http://ecx.images-amazon.com/images/I/21vXFEDkRLL.jpg", "price": 15.19, "numReviews": 2, "groups": [150], "averageRating": 4.5}, {"asin": "B008UWAT60", "name": "B&P Lamp 9\" Harp, Regular Weight, Nickel Finish", "imUrl": "http://ecx.images-amazon.com/images/I/31-uPAgFTJL.jpg", "price": 2.45, "numReviews": 1, "groups": [151], "averageRating": 5.0}, {"asin": "B002SATSVC", "name": "Westinghouse 85705 Glass Globe, 6\"", "imUrl": "http://ecx.images-amazon.com/images/I/41379oRS3SL._SY300_.jpg", "price": 25.02, "numReviews": 1, "groups": [152], "averageRating": 5.0, "brand": "Westinghouse"}, {"asin": "B0081F1P0K", "name": "Pack of ONE (1), 12V 26W Dimmable CV DC LED Driver ETL (UL) approved", "imUrl": "http://ecx.images-amazon.com/images/I/212dgz2ZBgL.jpg", "price": 105.0, "numReviews": 5, "groups": [153], "averageRating": 3.8}, {"asin": "B003A6S7ZQ", "name": "5 Inch Laminated White Silk Chandelier Lamp Shade", "imUrl": "http://ecx.images-amazon.com/images/I/41LPJff4INL._SX342_.jpg", "price": 7.75, "numReviews": 1, "groups": [154], "averageRating": 5.0}, {"asin": "B001AXCZB8", "name": "Westinghouse Lighting Corp 3-Feet Fixture Chain, Nickel", "imUrl": "http://ecx.images-amazon.com/images/I/31kjbZ5Vr7L._SY300_.jpg", "price": 7.97, "numReviews": 1, "groups": [155], "averageRating": 5.0, "brand": "Westinghouse"}, {"asin": "B0053V1MWQ", "name": "Pack of ONE (1), 700mA Dimmable Constant Current 16.8W DC LED Driver UL approved", "imUrl": "http://ecx.images-amazon.com/images/I/31I7rODoKdL.jpg", "price": 16.99, "numReviews": 1, "groups": [156], "averageRating": 5.0}, {"asin": "B0030MY7CW", "name": "Quorum International 7-2601-8 Ceiling Medallion", "imUrl": "http://ecx.images-amazon.com/images/I/41ht5TfMdZL._SX300_.jpg", "price": 31.0, "numReviews": 1, "groups": [157], "averageRating": 4.0, "brand": "Quorum International"}, {"asin": "B008UWAI9S", "name": "B&P Lamp Clear Crystal Ball Finial, 1 5/8 In Ht. 1/4-27 Tap", "imUrl": "http://ecx.images-amazon.com/images/I/314oJsoQpwL.jpg", "price": 18.46, "numReviews": 1, "groups": [158], "averageRating": 5.0}, {"asin": "B001ABMZEM", "name": "MaxLite ML4G181OLBK 18-Watt Box Lantern (75-Watt equivalent) Black", "imUrl": "http://ecx.images-amazon.com/images/I/41L6mFRYO7L._SY300_.jpg", "price": 39.99, "numReviews": 4, "groups": [159], "averageRating": 3.5}, {"asin": "B00GB3SP02", "name": "Lancrest -30\" Ceiling Medallion - 4 Point Leaf Style", "imUrl": "http://ecx.images-amazon.com/images/I/51qSJzBE3iL._SX300_.jpg", "price": 59.9, "numReviews": 2, "groups": [160], "averageRating": 5.0}, {"asin": "B0001MLIKS", "name": "Open Scroll 16\" Wide Bronze Ceiling Medallion", "imUrl": "http://ecx.images-amazon.com/images/I/51mlxIyHjGL._SX342_.jpg", "price": 69.99, "numReviews": 1, "groups": [161], "averageRating": 3.0}, {"asin": "B001ABMZJ2", "name": "MaxLite ML4G181OLBK 18-Watt Outdoor Lantern (75-Watt equivalent) in Black", "imUrl": "http://ecx.images-amazon.com/images/I/41i4BOaYvML._SY300_.jpg", "price": 31.99, "numReviews": 6, "groups": [162], "averageRating": 4.333333333333333}, {"asin": "B004F6IO1W", "name": "Birds on Branch Antique Metal Finial", "imUrl": "http://ecx.images-amazon.com/images/I/41nddztWWlL._SY445_.jpg", "price": 17.95, "numReviews": 2, "groups": [144], "averageRating": 4.5}, {"asin": "B0044G5YNO", "name": "Elk M1004WH  Laureldale Ceiling Medallion, 21-Inch, White Finish", "imUrl": "http://ecx.images-amazon.com/images/I/51djhKL-PBL._SY300_.jpg", "price": 80.0, "numReviews": 1, "groups": [163], "averageRating": 5.0, "brand": "Elk"}, {"asin": "B008824FX0", "name": "Riley 18\" H x 18\" W x 1.5\" D Ceiling Medallion", "imUrl": "http://ecx.images-amazon.com/images/I/41VUrTkUtiL._SY300_.jpg", "price": 24.73, "numReviews": 3, "groups": [164], "averageRating": 5.0}, {"asin": "B00E63OMCY", "name": "Amerlight TM LED Driver Transformer Supply 110V to 12V AC 0.4Amp for MR16 G4 MR11 Based Light", "imUrl": "http://ecx.images-amazon.com/images/I/41oNzdw7v6L._SY300_.jpg", "price": 6.99, "numReviews": 3, "groups": [26], "averageRating": 3.0}, {"asin": "B001JBPJPA", "name": "Access Lighting Cone Glass Shade Hanging Mini Pendant", "imUrl": "http://ecx.images-amazon.com/images/I/31LDkq7cHyL._SY300_.jpg", "price": 28.95, "numReviews": 6, "groups": [165], "averageRating": 4.333333333333333}, {"asin": "B004FCMQ1A", "name": "Jandorf Finial", "imUrl": "http://ecx.images-amazon.com/images/I/31D-4O8cLpL._SX300_.jpg", "price": 5.25, "numReviews": 9, "groups": [166], "averageRating": 1.6666666666666667, "brand": "Jandorf"}, {"asin": "B00435J8HO", "name": "18 in. Clear Acrylic Globe - with 8 in. Neckless Opening - American 3202-18020-017", "imUrl": "http://ecx.images-amazon.com/images/I/41MhEKHgq%2BL._SY300_.jpg", "price": 45.82, "numReviews": 1, "groups": [167], "averageRating": 5.0}, {"asin": "B0044G1ZSM", "name": "Elk M1003 Brittany Ceiling Medallion, 19-Inch, White Finish", "imUrl": "http://ecx.images-amazon.com/images/I/415fCTNPaaL._SY300_.jpg", "price": 62.0, "numReviews": 2, "groups": [168], "averageRating": 5.0, "brand": "Elk"}, {"asin": "B003DGSPMI", "name": "Access Lighting Cone Glass Shade Hanging Mini Pendant", "imUrl": "http://ecx.images-amazon.com/images/I/31BBmnTV%2BBL._SY300_.jpg", "price": 20.0, "numReviews": 1, "groups": [165], "averageRating": 4.0, "brand": "Access Lighting"}, {"asin": "B0057HFC36", "name": "Meyda Dale Tiffany Style Pond Lily Flower Glass Replacement Lamp Shade Amber & Green (Large Size) 4.5\" Wide X 6\" Tall X 1.5\" Fitter for Pond Lilly Globe Bulb Lamps", "imUrl": "http://ecx.images-amazon.com/images/I/51TpGLyxl0L._SX342_.jpg", "price": 14.99, "numReviews": 24, "groups": [169], "averageRating": 4.416666666666667}, {"asin": "B003A6UIA8", "name": "Eggshell Mini Chandelier Lamp Shade Clip On", "imUrl": "http://ecx.images-amazon.com/images/I/31bUK4VkJIL.jpg", "price": 4.8, "numReviews": 2, "groups": [170], "averageRating": 2.5}, {"asin": "B00B4G6N8W", "name": "Ekena Millwork CM12LE 12 3/4-Inch OD x 7/8-Inch Legacy Acanthus Ceiling Medallion", "imUrl": "http://ecx.images-amazon.com/images/I/51f7kvITI1L._SY300_.jpg", "price": 17.61, "numReviews": 2, "groups": [171], "averageRating": 4.0, "brand": "Ekena Millwork"}, {"asin": "B00BTMXQIQ", "name": "Ulti-Lumenx 30 Watt LED Power Suppply Driver Transformer 120 to 12 Volt DC Output, 3207", "imUrl": "http://ecx.images-amazon.com/images/I/41s0qeRBoRL._SY300_.jpg", "price": 19.99, "numReviews": 4, "groups": [172], "averageRating": 4.5}, {"asin": "B008UWAG3G", "name": "B&P Lamp Birds On Branch Brass Finial, 2 7/8 Inch Ht, 1/4-27 Tap", "imUrl": "http://ecx.images-amazon.com/images/I/314VFxFt9zL.jpg", "price": 20.69, "numReviews": 1, "groups": [61], "averageRating": 5.0}, {"asin": "B00139YEUY", "name": "Westinghouse 77772 Victorian Medallion Two-Piece Design, 15- 3/4-Inch Width, White", "imUrl": "http://ecx.images-amazon.com/images/I/51YPVXkc%2BZL._SX300_.jpg", "price": 31.71, "numReviews": 6, "groups": [173], "averageRating": 3.6666666666666665}, {"asin": "B0012LZR4K", "name": "Focal Point 83224 24-Inch Rondel Medallion 24 3/8-Inch by 24 3/8-Inch by 1 5/8-Inch, Primed White", "imUrl": "http://ecx.images-amazon.com/images/I/51CRY0EpxXL._SY300_.jpg", "price": 78.28, "numReviews": 4, "groups": [13], "averageRating": 5.0, "brand": "Focal Point"}, {"asin": "B004WG2PLU", "name": "Pineapple Centerpiece Finial", "imUrl": "http://ecx.images-amazon.com/images/I/31z%2BEnSKnzL.jpg", "price": 14.95, "numReviews": 2, "groups": [35], "averageRating": 5.0}, {"asin": "B004FCOHEE", "name": "Jandorf Finial Acorn Reducer", "imUrl": "http://ecx.images-amazon.com/images/I/31gDCT8Q%2BTL._SY300_.jpg", "price": 2.69, "numReviews": 1, "groups": [174], "averageRating": 5.0}, {"asin": "B002CREIG6", "name": "Westinghouse Lighting 7775000 Bellezza Polyurethane Ceiling Medallion, 14-Inch Diameter", "imUrl": "http://ecx.images-amazon.com/images/I/41wKAQL3VYL._SY300_.jpg", "price": 29.09, "numReviews": 8, "groups": [175], "averageRating": 5.0, "brand": "Westinghouse"}, {"asin": "B0052UGN5E", "name": "Meyda Dale Tiffany Artisan White Style Pond Lily Flower Glass Replacement Lamp Shade (Large) 4.5\" Wide X 6\" Tall X 1.5\" Fitter for Pond Lilly Globe Bulb Lamps", "imUrl": "http://ecx.images-amazon.com/images/I/41SZ2hKM0pL._SY445_.jpg", "price": 19.95, "numReviews": 2, "groups": [176], "averageRating": 4.0}, {"asin": "B007YJ47CW", "name": "Livex Lighting 8209 12\" Diameter Ceiling Medallion from the Ceiling Medallion Co", "imUrl": "http://ecx.images-amazon.com/images/I/41B2WEv8acL._SX300_.jpg", "price": 49.9, "numReviews": 3, "groups": [177], "averageRating": 4.333333333333333, "brand": "Livex Lighting"}, {"asin": "B004ZZJYOO", "name": "Dale Tiffany Style Pond Lily Flower Glass Replacement Lamp Shade Amber & Green (S_M_A_ L_ L --- S_I_Z_ E) 3.5\" Wide x 5\" Tall x 1.25\" Fitter (CHECK SIZE BEFORE ORDERING) for Pond Lilly Globe Bulb Lamps", "imUrl": "http://ecx.images-amazon.com/images/I/41cOksmtdDL._SY445_.jpg", "price": 29.19, "numReviews": 3, "groups": [178], "averageRating": 5.0}, {"asin": "B004ULV1HG", "name": "2 of 26% Lead Glass Crystal Clear Lamp Shade Finials 30mm", "imUrl": "http://ecx.images-amazon.com/images/I/51ZC6Ad5UjL._SX342_.jpg", "price": 22.99, "numReviews": 1, "groups": [112], "averageRating": 5.0}, {"asin": "B00435DXQG", "name": "6 in. Clear Acrylic Globe - 3.25 in. Extruded Neck Opening - American 3202-50650", "imUrl": "http://ecx.images-amazon.com/images/I/41YhUg6H25L._SY300_.jpg", "price": 5.8, "numReviews": 2, "groups": [179], "averageRating": 5.0}, {"asin": "B001ARAU9S", "name": "Livex Lighting 8210 Ceiling Medallion from Ceiling Medallion Series - 30.5\" Diam", "imUrl": "http://ecx.images-amazon.com/images/I/51VItZr6dlL._SY300_.jpg", "price": 269.91, "numReviews": 1, "groups": [180], "averageRating": 5.0, "brand": "Livex Lighting"}, {"asin": "B00435F814", "name": "16 in. White Acrylic Globe - with 8 in. Neckless Opening - American 3201-16020-017", "imUrl": "http://ecx.images-amazon.com/images/I/31PX0ZjtrsL._SY300_.jpg", "price": 23.15, "numReviews": 1, "groups": [101], "averageRating": 5.0}, {"asin": "B0006BGY2G", "name": "Solid Brass Ball Lamp Shade Finial", "imUrl": "http://ecx.images-amazon.com/images/I/41BVPK2pQ5L._SY445_.jpg", "price": 4.0, "numReviews": 2, "groups": [181], "averageRating": 5.0}, {"asin": "B001ATB9AK", "name": "Focal Point 83324 24-Inch Egg and Dart Medallion 24 7/16-Inch by 24 7/16-Inch by 1 1/2-Inch, Primed White", "imUrl": "http://ecx.images-amazon.com/images/I/51Btcf080UL._SY300_.jpg", "price": 79.99, "numReviews": 6, "groups": [182], "averageRating": 4.0, "brand": "Focal Point"}, {"asin": "B005J9Y0YE", "name": "Cal Lighting FA-5007C Resin Finial", "imUrl": "http://ecx.images-amazon.com/images/I/41lkx%2B2228L._SX300_.jpg", "price": 5.83, "numReviews": 1, "groups": [183], "averageRating": 2.0, "brand": "Cal"}, {"asin": "B00149HCX4", "name": "Westinghouse Lighting 7775400 Cape May Polyurethane Ceiling Medallion, 28-Inch Diameter", "imUrl": "http://ecx.images-amazon.com/images/I/51BW1GS4XyL._SX300_.jpg", "price": 49.97, "numReviews": 6, "groups": [29, 86], "averageRating": 4.833333333333333}, {"asin": "B0014A2UJO", "name": "Minka Aire CM7038-STW 38\"Dia Ceiling Medallion", "imUrl": "http://ecx.images-amazon.com/images/I/61QpecQAdML._SX342_.jpg", "price": 237.92, "numReviews": 1, "groups": [184], "averageRating": 5.0, "brand": "Minka Aire"}, {"asin": "B008UW94IY", "name": "B&P Lamp 3/4\" Dia., Turned Brass, Ball Finial, Tap 1/8F", "imUrl": "http://ecx.images-amazon.com/images/I/21uupGnmpGL.jpg", "price": 2.5, "numReviews": 2, "groups": [185], "averageRating": 3.5}, {"asin": "B000R2X6NO", "name": "Black Silk 46 1/2\" Long Chandelier Chain Cord Cover", "imUrl": "http://ecx.images-amazon.com/images/I/31sa8zTcz1L._SY445_.jpg", "price": 19.99, "numReviews": 5, "groups": [186], "averageRating": 3.8}, {"asin": "B008UW8T5I", "name": "B&P Lamp Cast Iron Finial, Antique Brass Finish, 1/4-27F", "imUrl": "http://ecx.images-amazon.com/images/I/31KBbi8a8tL.jpg", "price": 4.99, "numReviews": 1, "groups": [187], "averageRating": 5.0}, {"asin": "B00113EVX2", "name": "Westinghouse 77027 - 10\" Medallion Victorian Style White Finish", "imUrl": "http://ecx.images-amazon.com/images/I/31CEkKL8cWL._SX342_.jpg", "price": 8.99, "numReviews": 24, "groups": [188], "averageRating": 3.875, "brand": "Westinghouse"}, {"asin": "B0034GUEY4", "name": "Ledwholesalers 30 Watt LED Power Suppply Driver Transformer 120 to 12 Volt DC Output, 3207", "imUrl": "http://ecx.images-amazon.com/images/I/41s0qeRBoRL._SY300_.jpg", "price": 15.99, "numReviews": 324, "groups": [146], "averageRating": 4.046296296296297}, {"asin": "B001BQFY6M", "name": "Salon Grand 22 \" Bronze Finish Ceiling Fan Medallion", "imUrl": "http://ecx.images-amazon.com/images/I/61PrrtZFyuL._SX342_.jpg", "price": 107.91, "numReviews": 3, "groups": [189], "averageRating": 4.666666666666667}, {"asin": "B0014A6OAU", "name": "Minka Aire CM7038-TSP 38\"Dia Ceiling Medallion", "imUrl": "http://ecx.images-amazon.com/images/I/61-t87N-SnL._SX342_.jpg", "price": 207.92, "numReviews": 2, "groups": [190], "averageRating": 4.0, "brand": "Minka Aire"}], "links": [{"source": 0, "target": 100, "right": false, "left": true, "value": 1}, {"source": 0, "target": 132, "right": false, "left": true, "value": 1}, {"source": 0, "target": 209, "right": false, "left": true, "value": 1}, {"source": 0, "target": 147, "right": false, "left": true, "value": 1}, {"source": 0, "target": 116, "right": true, "left": false, "value": 1}, {"source": 0, "target": 118, "right": false, "left": true, "value": 1}, {"source": 0, "target": 215, "right": false, "left": true, "value": 1}, {"source": 0, "target": 92, "right": true, "left": false, "value": 1}, {"source": 0, "target": 31, "right": true, "left": true, "value": 1}, {"source": 1, "target": 210, "right": true, "left": false, "value": 1}, {"source": 1, "target": 82, "right": true, "left": false, "value": 1}, {"source": 1, "target": 125, "right": false, "left": true, "value": 1}, {"source": 1, "target": 106, "right": true, "left": false, "value": 1}, {"source": 2, "target": 41, "right": true, "left": false, "value": 1}, {"source": 2, "target": 98, "right": true, "left": false, "value": 1}, {"source": 2, "target": 21, "right": true, "left": false, "value": 1}, {"source": 2, "target": 63, "right": true, "left": false, "value": 1}, {"source": 3, "target": 184, "right": true, "left": false, "value": 1}, {"source": 4, "target": 86, "right": true, "left": false, "value": 1}, {"source": 5, "target": 120, "right": true, "left": false, "value": 1}, {"source": 5, "target": 82, "right": true, "left": false, "value": 1}, {"source": 6, "target": 193, "right": true, "left": false, "value": 1}, {"source": 6, "target": 59, "right": true, "left": true, "value": 1}, {"source": 6, "target": 110, "right": true, "left": false, "value": 1}, {"source": 7, "target": 81, "right": true, "left": false, "value": 1}, {"source": 8, "target": 129, "right": true, "left": false, "value": 1}, {"source": 8, "target": 105, "right": false, "left": true, "value": 1}, {"source": 8, "target": 107, "right": false, "left": true, "value": 1}, {"source": 8, "target": 43, "right": true, "left": false, "value": 1}, {"source": 8, "target": 204, "right": false, "left": true, "value": 1}, {"source": 8, "target": 153, "right": true, "left": true, "value": 1}, {"source": 9, "target": 128, "right": false, "left": true, "value": 1}, {"source": 9, "target": 83, "right": false, "left": true, "value": 1}, {"source": 9, "target": 131, "right": false, "left": true, "value": 1}, {"source": 10, "target": 96, "right": false, "left": true, "value": 1}, {"source": 10, "target": 100, "right": false, "left": true, "value": 1}, {"source": 10, "target": 44, "right": false, "left": true, "value": 1}, {"source": 10, "target": 111, "right": false, "left": true, "value": 1}, {"source": 10, "target": 177, "right": false, "left": true, "value": 1}, {"source": 11, "target": 188, "right": true, "left": false, "value": 1}, {"source": 11, "target": 15, "right": true, "left": false, "value": 1}, {"source": 12, "target": 177, "right": true, "left": false, "value": 1}, {"source": 12, "target": 44, "right": true, "left": false, "value": 1}, {"source": 13, "target": 194, "right": true, "left": true, "value": 1}, {"source": 14, "target": 143, "right": false, "left": true, "value": 1}, {"source": 15, "target": 81, "right": true, "left": true, "value": 1}, {"source": 15, "target": 164, "right": true, "left": false, "value": 1}, {"source": 16, "target": 56, "right": false, "left": true, "value": 1}, {"source": 16, "target": 77, "right": false, "left": true, "value": 1}, {"source": 17, "target": 214, "right": true, "left": false, "value": 1}, {"source": 18, "target": 105, "right": true, "left": true, "value": 1}, {"source": 18, "target": 58, "right": true, "left": false, "value": 1}, {"source": 19, "target": 54, "right": false, "left": true, "value": 1}, {"source": 20, "target": 84, "right": false, "left": true, "value": 1}, {"source": 21, "target": 194, "right": false, "left": true, "value": 1}, {"source": 21, "target": 101, "right": false, "left": true, "value": 1}, {"source": 21, "target": 41, "right": false, "left": true, "value": 1}, {"source": 21, "target": 45, "right": false, "left": true, "value": 1}, {"source": 21, "target": 144, "right": false, "left": true, "value": 1}, {"source": 21, "target": 180, "right": false, "left": true, "value": 1}, {"source": 21, "target": 86, "right": false, "left": true, "value": 1}, {"source": 21, "target": 186, "right": false, "left": true, "value": 1}, {"source": 22, "target": 73, "right": false, "left": true, "value": 1}, {"source": 23, "target": 140, "right": true, "left": false, "value": 1}, {"source": 23, "target": 61, "right": true, "left": true, "value": 1}, {"source": 24, "target": 33, "right": false, "left": true, "value": 1}, {"source": 24, "target": 130, "right": false, "left": true, "value": 1}, {"source": 24, "target": 134, "right": false, "left": true, "value": 1}, {"source": 24, "target": 201, "right": false, "left": true, "value": 1}, {"source": 24, "target": 174, "right": false, "left": true, "value": 1}, {"source": 24, "target": 47, "right": false, "left": true, "value": 1}, {"source": 24, "target": 48, "right": false, "left": true, "value": 1}, {"source": 24, "target": 146, "right": false, "left": true, "value": 1}, {"source": 24, "target": 84, "right": false, "left": true, "value": 1}, {"source": 24, "target": 119, "right": false, "left": true, "value": 1}, {"source": 24, "target": 56, "right": false, "left": true, "value": 1}, {"source": 24, "target": 156, "right": false, "left": true, "value": 1}, {"source": 25, "target": 190, "right": true, "left": false, "value": 1}, {"source": 26, "target": 214, "right": true, "left": false, "value": 1}, {"source": 26, "target": 182, "right": true, "left": true, "value": 1}, {"source": 27, "target": 97, "right": false, "left": true, "value": 1}, {"source": 27, "target": 114, "right": false, "left": true, "value": 1}, {"source": 28, "target": 106, "right": true, "left": false, "value": 1}, {"source": 28, "target": 55, "right": true, "left": false, "value": 1}, {"source": 29, "target": 66, "right": false, "left": true, "value": 1}, {"source": 29, "target": 39, "right": false, "left": true, "value": 1}, {"source": 29, "target": 208, "right": true, "left": true, "value": 1}, {"source": 29, "target": 176, "right": false, "left": true, "value": 1}, {"source": 29, "target": 150, "right": false, "left": true, "value": 1}, {"source": 29, "target": 87, "right": false, "left": true, "value": 1}, {"source": 29, "target": 90, "right": false, "left": true, "value": 1}, {"source": 29, "target": 92, "right": false, "left": true, "value": 1}, {"source": 29, "target": 93, "right": false, "left": true, "value": 1}, {"source": 30, "target": 38, "right": false, "left": true, "value": 1}, {"source": 30, "target": 104, "right": false, "left": true, "value": 1}, {"source": 30, "target": 109, "right": false, "left": true, "value": 1}, {"source": 30, "target": 142, "right": false, "left": true, "value": 1}, {"source": 30, "target": 182, "right": false, "left": true, "value": 1}, {"source": 30, "target": 57, "right": false, "left": true, "value": 1}, {"source": 31, "target": 132, "right": true, "left": true, "value": 1}, {"source": 31, "target": 203, "right": false, "left": true, "value": 1}, {"source": 31, "target": 80, "right": false, "left": true, "value": 1}, {"source": 31, "target": 118, "right": false, "left": true, "value": 1}, {"source": 31, "target": 216, "right": false, "left": true, "value": 1}, {"source": 32, "target": 76, "right": false, "left": true, "value": 1}, {"source": 33, "target": 156, "right": false, "left": true, "value": 1}, {"source": 34, "target": 99, "right": false, "left": true, "value": 1}, {"source": 34, "target": 157, "right": false, "left": true, "value": 1}, {"source": 35, "target": 195, "right": true, "left": true, "value": 1}, {"source": 35, "target": 84, "right": true, "left": false, "value": 1}, {"source": 36, "target": 214, "right": true, "left": false, "value": 1}, {"source": 37, "target": 162, "right": true, "left": false, "value": 1}, {"source": 38, "target": 67, "right": false, "left": true, "value": 1}, {"source": 39, "target": 115, "right": false, "left": true, "value": 1}, {"source": 39, "target": 116, "right": true, "left": false, "value": 1}, {"source": 39, "target": 151, "right": true, "left": false, "value": 1}, {"source": 40, "target": 208, "right": true, "left": false, "value": 1}, {"source": 40, "target": 92, "right": true, "left": false, "value": 1}, {"source": 40, "target": 165, "right": true, "left": false, "value": 1}, {"source": 41, "target": 68, "right": false, "left": true, "value": 1}, {"source": 41, "target": 199, "right": false, "left": true, "value": 1}, {"source": 41, "target": 45, "right": false, "left": true, "value": 1}, {"source": 41, "target": 173, "right": false, "left": true, "value": 1}, {"source": 41, "target": 144, "right": true, "left": true, "value": 1}, {"source": 42, "target": 43, "right": false, "left": true, "value": 1}, {"source": 42, "target": 75, "right": true, "left": false, "value": 1}, {"source": 42, "target": 49, "right": false, "left": true, "value": 1}, {"source": 42, "target": 52, "right": true, "left": true, "value": 1}, {"source": 42, "target": 124, "right": false, "left": true, "value": 1}, {"source": 43, "target": 71, "right": true, "left": true, "value": 1}, {"source": 43, "target": 202, "right": false, "left": true, "value": 1}, {"source": 43, "target": 49, "right": false, "left": true, "value": 1}, {"source": 43, "target": 124, "right": false, "left": true, "value": 1}, {"source": 44, "target": 96, "right": true, "left": false, "value": 1}, {"source": 46, "target": 171, "right": true, "left": false, "value": 1}, {"source": 49, "target": 52, "right": true, "left": false, "value": 1}, {"source": 50, "target": 106, "right": true, "left": false, "value": 1}, {"source": 50, "target": 212, "right": false, "left": true, "value": 1}, {"source": 50, "target": 55, "right": true, "left": false, "value": 1}, {"source": 51, "target": 208, "right": true, "left": false, "value": 1}, {"source": 51, "target": 90, "right": true, "left": true, "value": 1}, {"source": 51, "target": 116, "right": true, "left": false, "value": 1}, {"source": 53, "target": 135, "right": true, "left": true, "value": 1}, {"source": 55, "target": 196, "right": false, "left": true, "value": 1}, {"source": 55, "target": 106, "right": false, "left": true, "value": 1}, {"source": 58, "target": 202, "right": true, "left": false, "value": 1}, {"source": 59, "target": 193, "right": true, "left": false, "value": 1}, {"source": 59, "target": 213, "right": true, "left": false, "value": 1}, {"source": 60, "target": 85, "right": true, "left": false, "value": 1}, {"source": 61, "target": 69, "right": false, "left": true, "value": 1}, {"source": 62, "target": 148, "right": false, "left": true, "value": 1}, {"source": 64, "target": 192, "right": true, "left": true, "value": 1}, {"source": 64, "target": 179, "right": true, "left": false, "value": 1}, {"source": 64, "target": 84, "right": true, "left": false, "value": 1}, {"source": 65, "target": 113, "right": false, "left": true, "value": 1}, {"source": 65, "target": 140, "right": true, "left": false, "value": 1}, {"source": 65, "target": 127, "right": true, "left": false, "value": 1}, {"source": 66, "target": 208, "right": true, "left": false, "value": 1}, {"source": 68, "target": 112, "right": true, "left": true, "value": 1}, {"source": 68, "target": 98, "right": true, "left": false, "value": 1}, {"source": 68, "target": 144, "right": true, "left": false, "value": 1}, {"source": 70, "target": 116, "right": true, "left": false, "value": 1}, {"source": 70, "target": 92, "right": true, "left": false, "value": 1}, {"source": 72, "target": 161, "right": true, "left": false, "value": 1}, {"source": 74, "target": 170, "right": false, "left": true, "value": 1}, {"source": 76, "target": 162, "right": true, "left": false, "value": 1}, {"source": 76, "target": 88, "right": false, "left": true, "value": 1}, {"source": 76, "target": 214, "right": true, "left": false, "value": 1}, {"source": 77, "target": 84, "right": true, "left": false, "value": 1}, {"source": 78, "target": 162, "right": true, "left": false, "value": 1}, {"source": 79, "target": 120, "right": true, "left": true, "value": 1}, {"source": 79, "target": 161, "right": true, "left": true, "value": 1}, {"source": 79, "target": 94, "right": false, "left": true, "value": 1}, {"source": 81, "target": 164, "right": true, "left": false, "value": 1}, {"source": 81, "target": 198, "right": false, "left": true, "value": 1}, {"source": 82, "target": 163, "right": false, "left": true, "value": 1}, {"source": 82, "target": 196, "right": false, "left": true, "value": 1}, {"source": 82, "target": 140, "right": true, "left": true, "value": 1}, {"source": 82, "target": 205, "right": false, "left": true, "value": 1}, {"source": 82, "target": 207, "right": false, "left": true, "value": 1}, {"source": 82, "target": 210, "right": false, "left": true, "value": 1}, {"source": 82, "target": 179, "right": false, "left": true, "value": 1}, {"source": 82, "target": 184, "right": false, "left": true, "value": 1}, {"source": 82, "target": 126, "right": false, "left": true, "value": 1}, {"source": 83, "target": 128, "right": true, "left": true, "value": 1}, {"source": 84, "target": 160, "right": true, "left": true, "value": 1}, {"source": 84, "target": 179, "right": false, "left": true, "value": 1}, {"source": 84, "target": 148, "right": false, "left": true, "value": 1}, {"source": 84, "target": 95, "right": true, "left": false, "value": 1}, {"source": 85, "target": 128, "right": false, "left": true, "value": 1}, {"source": 86, "target": 197, "right": true, "left": false, "value": 1}, {"source": 86, "target": 173, "right": false, "left": true, "value": 1}, {"source": 86, "target": 206, "right": false, "left": true, "value": 1}, {"source": 86, "target": 180, "right": false, "left": true, "value": 1}, {"source": 86, "target": 151, "right": false, "left": true, "value": 1}, {"source": 87, "target": 90, "right": true, "left": false, "value": 1}, {"source": 87, "target": 92, "right": true, "left": false, "value": 1}, {"source": 89, "target": 152, "right": false, "left": true, "value": 1}, {"source": 89, "target": 92, "right": true, "left": false, "value": 1}, {"source": 89, "target": 151, "right": true, "left": false, "value": 1}, {"source": 90, "target": 116, "right": true, "left": false, "value": 1}, {"source": 90, "target": 151, "right": true, "left": false, "value": 1}, {"source": 91, "target": 116, "right": true, "left": false, "value": 1}, {"source": 91, "target": 92, "right": true, "left": false, "value": 1}, {"source": 91, "target": 181, "right": true, "left": false, "value": 1}, {"source": 92, "target": 96, "right": false, "left": true, "value": 1}, {"source": 92, "target": 165, "right": false, "left": true, "value": 1}, {"source": 92, "target": 108, "right": false, "left": true, "value": 1}, {"source": 92, "target": 208, "right": true, "left": true, "value": 1}, {"source": 92, "target": 115, "right": false, "left": true, "value": 1}, {"source": 92, "target": 93, "right": false, "left": true, "value": 1}, {"source": 92, "target": 181, "right": false, "left": true, "value": 1}, {"source": 92, "target": 150, "right": false, "left": true, "value": 1}, {"source": 92, "target": 216, "right": false, "left": true, "value": 1}, {"source": 93, "target": 116, "right": true, "left": false, "value": 1}, {"source": 93, "target": 208, "right": true, "left": false, "value": 1}, {"source": 95, "target": 160, "right": false, "left": true, "value": 1}, {"source": 96, "target": 177, "right": false, "left": true, "value": 1}, {"source": 96, "target": 209, "right": false, "left": true, "value": 1}, {"source": 96, "target": 116, "right": true, "left": false, "value": 1}, {"source": 96, "target": 118, "right": false, "left": true, "value": 1}, {"source": 98, "target": 110, "right": false, "left": true, "value": 1}, {"source": 98, "target": 112, "right": false, "left": true, "value": 1}, {"source": 98, "target": 144, "right": false, "left": true, "value": 1}, {"source": 99, "target": 157, "right": false, "left": true, "value": 1}, {"source": 100, "target": 116, "right": true, "left": false, "value": 1}, {"source": 102, "target": 131, "right": false, "left": true, "value": 1}, {"source": 103, "target": 131, "right": true, "left": false, "value": 1}, {"source": 105, "target": 153, "right": true, "left": true, "value": 1}, {"source": 105, "target": 185, "right": false, "left": true, "value": 1}, {"source": 106, "target": 196, "right": false, "left": true, "value": 1}, {"source": 106, "target": 145, "right": false, "left": true, "value": 1}, {"source": 107, "target": 204, "right": true, "left": true, "value": 1}, {"source": 108, "target": 121, "right": true, "left": false, "value": 1}, {"source": 108, "target": 193, "right": true, "left": false, "value": 1}, {"source": 109, "target": 133, "right": true, "left": false, "value": 1}, {"source": 110, "target": 121, "right": false, "left": true, "value": 1}, {"source": 110, "target": 193, "right": false, "left": true, "value": 1}, {"source": 111, "target": 208, "right": true, "left": false, "value": 1}, {"source": 113, "target": 146, "right": false, "left": true, "value": 1}, {"source": 113, "target": 174, "right": false, "left": true, "value": 1}, {"source": 116, "target": 193, "right": false, "left": true, "value": 1}, {"source": 116, "target": 132, "right": false, "left": true, "value": 1}, {"source": 116, "target": 165, "right": false, "left": true, "value": 1}, {"source": 116, "target": 137, "right": false, "left": true, "value": 1}, {"source": 116, "target": 197, "right": false, "left": true, "value": 1}, {"source": 116, "target": 139, "right": false, "left": true, "value": 1}, {"source": 116, "target": 208, "right": false, "left": true, "value": 1}, {"source": 116, "target": 150, "right": false, "left": true, "value": 1}, {"source": 116, "target": 151, "right": false, "left": true, "value": 1}, {"source": 117, "target": 211, "right": false, "left": true, "value": 1}, {"source": 119, "target": 201, "right": true, "left": true, "value": 1}, {"source": 119, "target": 134, "right": false, "left": true, "value": 1}, {"source": 120, "target": 161, "right": true, "left": true, "value": 1}, {"source": 121, "target": 193, "right": true, "left": false, "value": 1}, {"source": 122, "target": 138, "right": true, "left": false, "value": 1}, {"source": 123, "target": 149, "right": false, "left": true, "value": 1}, {"source": 126, "target": 140, "right": true, "left": true, "value": 1}, {"source": 128, "target": 131, "right": false, "left": true, "value": 1}, {"source": 131, "target": 171, "right": true, "left": false, "value": 1}, {"source": 133, "target": 214, "right": true, "left": false, "value": 1}, {"source": 134, "target": 201, "right": true, "left": false, "value": 1}, {"source": 135, "target": 211, "right": true, "left": false, "value": 1}, {"source": 136, "target": 214, "right": true, "left": false, "value": 1}, {"source": 137, "target": 208, "right": true, "left": false, "value": 1}, {"source": 139, "target": 193, "right": true, "left": false, "value": 1}, {"source": 139, "target": 213, "right": true, "left": false, "value": 1}, {"source": 140, "target": 167, "right": false, "left": true, "value": 1}, {"source": 140, "target": 174, "right": false, "left": true, "value": 1}, {"source": 140, "target": 210, "right": false, "left": true, "value": 1}, {"source": 140, "target": 184, "right": false, "left": true, "value": 1}, {"source": 140, "target": 159, "right": false, "left": true, "value": 1}, {"source": 141, "target": 208, "right": true, "left": false, "value": 1}, {"source": 141, "target": 186, "right": false, "left": true, "value": 1}, {"source": 141, "target": 151, "right": true, "left": false, "value": 1}, {"source": 143, "target": 213, "right": true, "left": false, "value": 1}, {"source": 144, "target": 199, "right": false, "left": true, "value": 1}, {"source": 144, "target": 173, "right": false, "left": true, "value": 1}, {"source": 144, "target": 186, "right": false, "left": true, "value": 1}, {"source": 147, "target": 215, "right": false, "left": true, "value": 1}, {"source": 148, "target": 160, "right": true, "left": false, "value": 1}, {"source": 151, "target": 194, "right": false, "left": true, "value": 1}, {"source": 151, "target": 206, "right": false, "left": true, "value": 1}, {"source": 151, "target": 208, "right": true, "left": false, "value": 1}, {"source": 153, "target": 185, "right": false, "left": true, "value": 1}, {"source": 154, "target": 190, "right": true, "left": false, "value": 1}, {"source": 155, "target": 170, "right": true, "left": false, "value": 1}, {"source": 158, "target": 160, "right": true, "left": false, "value": 1}, {"source": 158, "target": 179, "right": true, "left": true, "value": 1}, {"source": 158, "target": 166, "right": false, "left": true, "value": 1}, {"source": 160, "target": 192, "right": false, "left": true, "value": 1}, {"source": 160, "target": 166, "right": true, "left": false, "value": 1}, {"source": 161, "target": 163, "right": false, "left": true, "value": 1}, {"source": 162, "target": 214, "right": true, "left": true, "value": 1}, {"source": 162, "target": 191, "right": false, "left": true, "value": 1}, {"source": 164, "target": 200, "right": false, "left": true, "value": 1}, {"source": 164, "target": 198, "right": false, "left": true, "value": 1}, {"source": 166, "target": 192, "right": false, "left": true, "value": 1}, {"source": 168, "target": 202, "right": false, "left": true, "value": 1}, {"source": 169, "target": 214, "right": true, "left": false, "value": 1}, {"source": 170, "target": 189, "right": false, "left": true, "value": 1}, {"source": 172, "target": 214, "right": true, "left": false, "value": 1}, {"source": 175, "target": 178, "right": true, "left": false, "value": 1}, {"source": 183, "target": 187, "right": true, "left": true, "value": 1}, {"source": 188, "target": 200, "right": false, "left": true, "value": 1}, {"source": 188, "target": 198, "right": false, "left": true, "value": 1}, {"source": 190, "target": 213, "right": true, "left": false, "value": 1}, {"source": 191, "target": 214, "right": true, "left": false, "value": 1}, {"source": 193, "target": 197, "right": true, "left": false, "value": 1}, {"source": 194, "target": 206, "right": false, "left": true, "value": 1}, {"source": 197, "target": 208, "right": true, "left": false, "value": 1}, {"source": 197, "target": 213, "right": true, "left": false, "value": 1}, {"source": 209, "target": 216, "right": false, "left": true, "value": 1}]}