{"nodes": [{"asin": "B004ZO9CYM", "name": "Asian Flying Dragon Bathroom Resin Hard Toilet Seat - Standard Size", "imUrl": "http://ecx.images-amazon.com/images/I/519Me0fqzyL._SY300_.jpg", "price": 43.95, "numReviews": 8, "groups": [0], "averageRating": 3.375}, {"asin": "B0016KXM2Q", "name": "Toilet Seat Hinge", "imUrl": "http://ecx.images-amazon.com/images/I/41XMqp2IdOL.jpg", "price": 8.99, "numReviews": 2, "groups": [1], "averageRating": 3.5}, {"asin": "B001AHMFDM", "name": "Comfort Seats C1B5R2-42 Deluxe Soft Toilet Seat with Wood Cores, Round, Blue", "imUrl": "http://ecx.images-amazon.com/images/I/31kIA6uMJFL._SY300_.jpg", "price": 19.9, "numReviews": 16, "groups": [2, 3], "averageRating": 3.9375, "brand": "Comfort Seats"}, {"asin": "B003UJXKC8", "name": "Church 380TCA 000 Elongated Toilet Seat with Cover, White", "imUrl": "http://ecx.images-amazon.com/images/I/31Rdmlo3O4L._SY300_.jpg", "price": 44.36, "numReviews": 3, "groups": [4], "averageRating": 4.0}, {"asin": "B004CR4MJM", "name": "LDR 050 1700CP Round Wood Toilet Seat with Chrome Hinges, Oak", "imUrl": "http://ecx.images-amazon.com/images/I/417Kk07J3xL._SX300_.jpg", "price": 42.53, "numReviews": 4, "groups": [5], "averageRating": 2.0}, {"asin": "B001AHMDF2", "name": "Comfort Seats C1B1E-17BR Designer Solid Wood Toilet Seat with PVD Brass Hinges, Elongated, Oak", "imUrl": "http://ecx.images-amazon.com/images/I/51zmebIIAPL._SY300_.jpg", "price": 51.47, "numReviews": 54, "groups": [6], "averageRating": 4.518518518518518, "brand": "Comfort Seats"}, {"asin": "B001AHPLNI", "name": "Comfort Seats C1B1R-17BR Designer Solid Wood Round Toilet Seat with Anti-microbial and Brass Hinges, Oak", "imUrl": "http://ecx.images-amazon.com/images/I/51xJBNQa4xL._SY300_.jpg", "price": 42.9, "numReviews": 119, "groups": [7, 8], "averageRating": 4.243697478991597, "brand": "Comfort Seats"}, {"asin": "B008E48826", "name": "Achim Home Furnishings TOVYSTTR04 17-Inch Fantasia Standard Toilet Seat, Soft Tea Rose", "imUrl": "http://ecx.images-amazon.com/images/I/31QTYrZ1FKL._SY300_.jpg", "price": 14.56, "numReviews": 2, "groups": [9], "averageRating": 3.0, "brand": "Achim Home Furnishings"}, {"asin": "B00CNEEVGK", "name": "Toilet Tattoos TT-1066-O Deer Creek, Elongated", "imUrl": "http://ecx.images-amazon.com/images/I/611kr1eQMQL._SY300_.jpg", "price": 9.95, "numReviews": 2, "groups": [10], "averageRating": 4.5}, {"asin": "B001AHMEB0", "name": "Comfort Seats C1B1R-19BR Designer Solid Wood Toilet Seat with PVD Brass Hinges, Round, Walnut", "imUrl": "http://ecx.images-amazon.com/images/I/41hI2IVUOaL._SY300_.jpg", "price": 51.81, "numReviews": 3, "groups": [11], "averageRating": 4.666666666666667, "brand": "Comfort Seats"}, {"asin": "B001AHRPPA", "name": "Comfort Seats C1B5R2-70 Deluxe Soft Toilet Seat with Wood Cores, Round, Claret", "imUrl": "http://ecx.images-amazon.com/images/I/41jAWSDQUkL._SY300_.jpg", "price": 19.85, "numReviews": 33, "groups": [12], "averageRating": 4.484848484848484, "brand": "Comfort Seats"}, {"asin": "B002O2EU9E", "name": "Porcher 71118-00.640 Elongated Slow Close Furniture Finish Toilet Seat with Polished Nickel Hinges, Antique Cherry", "imUrl": "http://ecx.images-amazon.com/images/I/31SlcVvIRpL._SY300_.jpg", "price": 116.39, "numReviews": 1, "groups": [13], "averageRating": 2.0}, {"asin": "B003MWU918", "name": "American Standard 5218.110.020 Boulevard Luxury Elongated Toilet Seat, White", "imUrl": "http://ecx.images-amazon.com/images/I/21EFKfJBb1L._SY300_.jpg", "price": 71.12, "numReviews": 5, "groups": [14], "averageRating": 3.8}, {"asin": "B003UTZRA6", "name": "Unbranded 900E Yellow Ducks Toilet Seat Clear", "imUrl": "http://ecx.images-amazon.com/images/I/41-p2vHwsdL._SY300_.jpg", "price": 14.55, "numReviews": 4, "groups": [15], "averageRating": 4.0}, {"asin": "B004EJOYKU", "name": "Bemis 200SLOWT 221 Slow Close Sta-Tite Round Closed Front Toilet Seat, Creamy Yellow", "imUrl": "http://ecx.images-amazon.com/images/I/31F9hYk8eZL._SY300_.jpg", "price": 37.53, "numReviews": 1, "groups": [16], "averageRating": 3.0, "brand": "Bemis"}, {"asin": "B001RVCLRQ", "name": "UltraTouch Heated Toilet Seat - Biscuit - Round Bowl", "imUrl": "http://ecx.images-amazon.com/images/I/31hlMgjuSxL.jpg", "price": 89.95, "numReviews": 6, "groups": [17], "averageRating": 3.6666666666666665}, {"asin": "B003KMXW4G", "name": "Church 380SLOWT 000 Elongated Slow Close Toilet Seat, White", "imUrl": "http://ecx.images-amazon.com/images/I/31ZcVkQqBlL._SY300_.jpg", "price": 34.13, "numReviews": 13, "groups": [18], "averageRating": 3.769230769230769}, {"asin": "B0076IGFUS", "name": "Comfort Seats C1B3RSL-00 Premium Plastic EZ Close N' Clean Round Toilet Seat, White", "imUrl": "http://ecx.images-amazon.com/images/I/31u6qNce4tL._SY300_.jpg", "price": 34.9, "numReviews": 1, "groups": [19], "averageRating": 4.0, "brand": "Comfort Seats"}, {"asin": "B000WA4MEI", "name": "TOTO SS304#CP Maple SoftClose Elongated Toilet Seat, Chrome", "imUrl": "http://ecx.images-amazon.com/images/I/31SVeCyHpnL._SX300_.jpg", "price": 149.21, "numReviews": 7, "groups": [20], "averageRating": 4.857142857142857}, {"asin": "B00915VFUE", "name": "Westport designer hard round molded toilet seat,closed front with cover Item# 144750 Model# 744CH UPC# 073088110138", "imUrl": "http://ecx.images-amazon.com/images/I/31ffNmTU0vL._SY300_.jpg", "price": 11.84, "numReviews": 1, "groups": [21], "averageRating": 2.0}, {"asin": "B00004T15H", "name": "Mayfair 144CP 000 Molded Wood Toilet Seat with Chrome Hinges, STA-TITE Seat Fastening System, Elongated, White", "imUrl": "http://ecx.images-amazon.com/images/I/31JNngBvHgL._SY300_.jpg", "price": 19.93, "numReviews": 26, "groups": [22], "averageRating": 4.115384615384615, "brand": "Mayfair", "salesRankCategory": "Home Improvement", "salesRank": 43373}, {"asin": "B000TD0UH6", "name": "Bemis 2L2050T 000 Medic-Aid Plastic 2-Inch Lift Open Front With Cover Toilet Seat with STA-TITE Commercial Fastening System, Round, White", "imUrl": "http://ecx.images-amazon.com/images/I/41vlaQnQ-EL._SY300_.jpg", "price": 124.2, "numReviews": 6, "groups": [23], "averageRating": 4.333333333333333}, {"asin": "B001AHRNRK", "name": "Comfort Seats C1B4E2-80 Deluxe Molded Wood Toilet Seat, Elongated, Silver", "imUrl": "http://ecx.images-amazon.com/images/I/31L04WwM5DL._SY300_.jpg", "price": 20.99, "numReviews": 1, "groups": [24], "averageRating": 5.0, "brand": "Comfort Seats"}, {"asin": "B002R5B02S", "name": "Bemis 1100EC000 Plastic Elongated Toilet Seat with Easy Clean and Change Hinges, White", "imUrl": "http://ecx.images-amazon.com/images/I/31YdqcPPIrL._SY300_.jpg", "price": 39.84, "numReviews": 2, "groups": [25], "averageRating": 4.0, "brand": "Bemis"}, {"asin": "B001AHPMQO", "name": "Comfort Seats C1B3R4S-58 EZ Close Deluxe Plastic Toilet Seat, Round, Avocado", "imUrl": "http://ecx.images-amazon.com/images/I/31o38uxAB-L._SY300_.jpg", "price": 30.18, "numReviews": 5, "groups": [26], "averageRating": 5.0, "brand": "Comfort Seats"}, {"asin": "B000FK9RV8", "name": "Mayfair 20C 006 Plastic Toilet Seat with Top-Tite Hinges, Round, Bone", "imUrl": "http://ecx.images-amazon.com/images/I/31BKUpX5sOL._SX300_.jpg", "price": 25.3, "numReviews": 1, "groups": [27], "averageRating": 5.0, "brand": "Mayfair"}, {"asin": "B001AVU6DO", "name": "Mayfair 20C 020 Plastic Toilet Seat with Top-Tite Hinges, Round, Crane White", "imUrl": "http://ecx.images-amazon.com/images/I/31Hf-6g5t6L._SY300_.jpg", "price": 26.24, "numReviews": 1, "groups": [28], "averageRating": 4.0, "brand": "Mayfair"}, {"asin": "B00002NCQH", "name": "Magnolia Embroidered Soft Round Toilet Seat", "imUrl": "http://ecx.images-amazon.com/images/I/41VZ4PMMA7L.gif", "price": 29.73, "numReviews": 2, "groups": [29], "averageRating": 2.5}, {"asin": "B001YG2TZ8", "name": "New Ginsey Standard Size Silver Grey Padded Toilet Seat", "imUrl": "http://ecx.images-amazon.com/images/I/31WSMQ8gyZL._SY300_.jpg", "price": 24.99, "numReviews": 16, "groups": [30], "averageRating": 3.8125}, {"asin": "B003UJRSJ4", "name": "Church 7800TJDG 000 Elongated Just-Lift Toilet Seat, White", "imUrl": "http://ecx.images-amazon.com/images/I/31j3ZCGq01L._SY300_.jpg", "price": 39.76, "numReviews": 2, "groups": [31], "averageRating": 3.5}, {"asin": "B001AHKB7O", "name": "Comfort Seats C1B4E2-00BN Deluxe Molded Wood Toilet Seat with Brushed Nickel Hinges, Elongated, White", "imUrl": "http://ecx.images-amazon.com/images/I/31f7skPydGL._SY300_.jpg", "price": 29.94, "numReviews": 83, "groups": [32], "averageRating": 3.9156626506024095, "brand": "Comfort Seats"}, {"asin": "B002WGJH3G", "name": "Comfort Seats C1B2R2-20BN Wood Round Toilet Seat with Brushed Nickel Hinges, Rattan Bamboo", "imUrl": "http://ecx.images-amazon.com/images/I/41d24SHskeL._SY300_.jpg", "price": 34.13, "numReviews": 17, "groups": [33], "averageRating": 3.0588235294117645, "brand": "Comfort Seats"}, {"asin": "B003NX849A", "name": "Comfort Seats C1B2R1-18CH Decorative Oak Wood Round Toilet Seat with Chrome Hinges, Dark Oak", "imUrl": "http://ecx.images-amazon.com/images/I/41fcl-yTcCL._SY300_.jpg", "price": 29.86, "numReviews": 16, "groups": [34], "averageRating": 1.5, "brand": "Comfort Seats"}, {"asin": "B001AHPMXC", "name": "Comfort Seats C1B5R2-01 Deluxe Soft Toilet Seat with Wood Cores, Round, Bone", "imUrl": "http://ecx.images-amazon.com/images/I/319VsV8G6aL._SY300_.jpg", "price": 24.89, "numReviews": 8, "groups": [35], "averageRating": 3.5, "brand": "Comfort Seats"}, {"asin": "B002WGJH5E", "name": "Comfort Seats C1B2E2-20BN Wood Elongated Toilet Seat with Brushed Nickel Hinges, Rattan Bamboo", "imUrl": "http://ecx.images-amazon.com/images/I/41eyDifBYGL._SY300_.jpg", "price": 29.99, "numReviews": 65, "groups": [36], "averageRating": 3.753846153846154, "brand": "Comfort Seats"}, {"asin": "B001AHMDSY", "name": "Comfort Seats C1B3E9S-02 EZ Close Premium Eljer New Emblem Design Plastic Toilet Seat, Elongated, Biscuit", "imUrl": "http://ecx.images-amazon.com/images/I/31qqAgKH4UL._SY300_.jpg", "price": 48.95, "numReviews": 61, "groups": [37], "averageRating": 4.311475409836065, "brand": "Comfort Seats"}, {"asin": "B000UNVSEE", "name": "KOHLER K-4652-0 Lustra Elongated Toilet Seat, White", "imUrl": "http://ecx.images-amazon.com/images/I/31Ljh9PEEsL._SX300_.jpg", "price": 84.19, "numReviews": 20, "groups": [38], "averageRating": 2.75}, {"asin": "B00I7TUAMY", "name": "KOHLER K-5638-0 Reveal Nightlight Q3 Elongated Toilet Seat, White", "imUrl": "http://ecx.images-amazon.com/images/I/31o79XOIlwL._SY300_.jpg", "price": 62.25, "numReviews": 7, "groups": [39], "averageRating": 3.5714285714285716}, {"asin": "B0065LD802", "name": "TOPSEAT BMNI900 Bamboo Toilet Seat, Round, Nickel Hinges, Bamboo", "imUrl": "http://ecx.images-amazon.com/images/I/4159ysbqFAL._SY300_.jpg", "price": 34.99, "numReviews": 4, "groups": [40], "averageRating": 4.0}, {"asin": "B0006TRC88", "name": "Toilet Seat Hinge Set - Polished Brass", "imUrl": "http://ecx.images-amazon.com/images/I/4160MEPE2NL.jpg", "price": 40.0, "numReviews": 1, "groups": [41], "averageRating": 1.0}, {"asin": "B0019LAHDO", "name": "Toilet Tattoos TT-T100-O Thanksgiving Design, Elongated", "imUrl": "http://ecx.images-amazon.com/images/I/51GIiMfgbAL._SY300_.jpg", "price": 20.49, "numReviews": 6, "groups": [42], "averageRating": 4.0}, {"asin": "B001AHRPKU", "name": "Comfort Seats C1B5R2-00 Deluxe Soft Toilet Seat with Wood Cores, Round, White", "imUrl": "http://ecx.images-amazon.com/images/I/311X2D4ExLL._SY300_.jpg", "price": 13.8, "numReviews": 38, "groups": [43], "averageRating": 3.4473684210526314, "brand": "Comfort Seats"}, {"asin": "B003IKONT8", "name": "Mayfair 86CP 000 NextStep Built-in Potty Seat with Non-Tarnish Chrome Hinges, Round, White", "imUrl": "http://ecx.images-amazon.com/images/I/31tVssypSjL._SY300_.jpg", "price": 36.99, "numReviews": 136, "groups": [44], "averageRating": 4.279411764705882}, {"asin": "B00103WVH6", "name": "LDR 050 1017WT Round Plastic Toilet Seat, White", "imUrl": "http://ecx.images-amazon.com/images/I/21pny0f5orL._SX300_.jpg", "price": 11.07, "numReviews": 3, "groups": [45], "averageRating": 3.3333333333333335, "brand": "LDR"}, {"asin": "B0041ZGFIG", "name": "Unbranded 1050 Bamboo Toilet Seat", "imUrl": "http://ecx.images-amazon.com/images/I/41NtVq2AqAL._SY300_.jpg", "price": 34.99, "numReviews": 8, "groups": [46], "averageRating": 3.875}, {"asin": "B001AHPKWA", "name": "Comfort Seats C1B1E-17CH Designer Solid Wood Toilet Seat with PVD Chrome Hinges, Elongated, Oak", "imUrl": "http://ecx.images-amazon.com/images/I/516ofAnbuWL._SY300_.jpg", "price": 51.31, "numReviews": 38, "groups": [6], "averageRating": 4.5, "brand": "Comfort Seats"}, {"asin": "B00DT2GVEK", "name": "KOHLER K-4009-0 Grip-tight Reveal Q3 Round-front toilet seat, White", "imUrl": "http://ecx.images-amazon.com/images/I/310Z57gBQgL._SX300_.jpg", "price": 41.89, "numReviews": 6, "groups": [47], "averageRating": 4.333333333333333}, {"asin": "B001AHRPLY", "name": "Comfort Seats C1B5R2-21 Deluxe Soft Toilet Seat with Wood Cores, Round, Pink", "imUrl": "http://ecx.images-amazon.com/images/I/31QLeOjlSnL._SY300_.jpg", "price": 26.53, "numReviews": 8, "groups": [48], "averageRating": 3.0, "brand": "Comfort Seats"}, {"asin": "B008E4VMAG", "name": "Beneke XM20 Tuffy Pink Wood Toilet Seat", "imUrl": "http://ecx.images-amazon.com/images/I/31Om65cJUxL._SX300_.jpg", "price": 23.83, "numReviews": 2, "groups": [49], "averageRating": 5.0}, {"asin": "B000TD4QLM", "name": "Mayfair 148E2 000 Slow-Close Molded Wood Toilet Seat with Lift-Off Hinges, Elongated, White", "imUrl": "http://ecx.images-amazon.com/images/I/315OKK7I-NL._SY300_.jpg", "price": 26.99, "numReviews": 415, "groups": [50], "averageRating": 4.392771084337349, "brand": "Mayfair", "salesRankCategory": "Home Improvement", "salesRank": 895}, {"asin": "B00164ZPUE", "name": "Bemis 1240210162 Eljer Emblem Molded Wood Round Toilet Seat, Silver", "imUrl": "http://ecx.images-amazon.com/images/I/31xWhn57vtL._SY300_.jpg", "price": 45.99, "numReviews": 2, "groups": [51], "averageRating": 5.0}, {"asin": "B008Q6EN58", "name": "Brondell L60-RB LumaWarm Heated Nightlight Round Toilet Seat, Biscuit", "imUrl": "http://ecx.images-amazon.com/images/I/21%2Bzkm9OzWL._SY300_.jpg", "price": 144.63, "numReviews": 48, "groups": [52], "averageRating": 4.645833333333333, "brand": "Brondell"}, {"asin": "B001AHMDG6", "name": "Comfort Seats C1B1E-16BR Designer Solid Wood Toilet Seat with PVD Brass Hinges, Elongated, Mahogany", "imUrl": "http://ecx.images-amazon.com/images/I/41Rsgi3F%2B5L._SY300_.jpg", "price": 52.17, "numReviews": 84, "groups": [53], "averageRating": 4.238095238095238, "brand": "Comfort Seats"}, {"asin": "B001AHMDPM", "name": "Comfort Seats C1B3E4S-50 EZ Close Deluxe Plastic Toilet Seat, Elongated, Citron Yellow", "imUrl": "http://ecx.images-amazon.com/images/I/31yePe0fI5L._SY300_.jpg", "price": 38.2, "numReviews": 4, "groups": [54], "averageRating": 5.0, "brand": "Comfort Seats"}, {"asin": "B00AKOXLUM", "name": "Embroidered Soft Padded Cushion Toilet Seat - Standard Size Round, Black", "imUrl": "http://ecx.images-amazon.com/images/I/51Lu7Gy%2BnZL._SX300_.jpg", "price": 24.99, "numReviews": 6, "groups": [55], "averageRating": 3.3333333333333335}, {"asin": "B00733JD50", "name": "KOHLER K-4816-0 Stonewood Q2 Round-Front Toilet Seat, White", "imUrl": "http://ecx.images-amazon.com/images/I/31MbK%2BBUPRL._SX300_.jpg", "price": 24.47, "numReviews": 2, "groups": [56], "averageRating": 3.0}, {"asin": "B003NX843Q", "name": "Comfort Seats C1B4E50-00 Deluxe MDF Wood Elongated Toilet Seat and Plastic Hinges, White", "imUrl": "http://ecx.images-amazon.com/images/I/31Wv8f2XVLL._SY300_.jpg", "price": 26.5, "numReviews": 4, "groups": [57], "averageRating": 5.0, "brand": "Comfort Seats"}, {"asin": "B001AHPKY8", "name": "Comfort Seats C1B1E-16BN Designer Solid Wood Toilet Seat with PVD Brushed Nickel Hinges, Elongated, Mahogany", "imUrl": "http://ecx.images-amazon.com/images/I/41bf6TkH4aL._SY300_.jpg", "price": 57.6, "numReviews": 20, "groups": [58], "averageRating": 4.85, "brand": "Comfort Seats"}, {"asin": "B001AHKDDG", "name": "Comfort Seats C1B5R2-60 Deluxe Soft Toilet Seat with Wood Cores, Round, Forest Green", "imUrl": "http://ecx.images-amazon.com/images/I/417yiaV6tpL._SY300_.jpg", "price": 13.75, "numReviews": 29, "groups": [59], "averageRating": 4.137931034482759, "brand": "Comfort Seats"}, {"asin": "B00EQ1Y064", "name": "Generic Pair Silver Toilet Seat Sturdy Hinge Toilet Mountings For Replacement Diy Repair", "imUrl": "http://ecx.images-amazon.com/images/I/51R6GVzJz1L._SY300_.jpg", "price": 11.19, "numReviews": 3, "groups": [60], "averageRating": 2.3333333333333335}, {"asin": "B00102AY0S", "name": "Mayfair 1317EC 000 Bouquet Embroidered Soft Toilet Seat with Lift-Off Hinges, Round, White", "imUrl": "http://ecx.images-amazon.com/images/I/41yX-ZmVhwL._SY300_.jpg", "price": 23.22, "numReviews": 14, "groups": [61], "averageRating": 4.642857142857143, "brand": "Mayfair"}, {"asin": "B001V7R7HK", "name": "Comfort Seats C1B4R5-00AMCH Deluxe Ribbons Wood Round Toilet Seat with Anti-microbial and Chrome Hinge, White", "imUrl": "http://ecx.images-amazon.com/images/I/31FxH6-xMUL._SY300_.jpg", "price": 22.8, "numReviews": 1, "groups": [62], "averageRating": 5.0, "brand": "Comfort Seats"}, {"asin": "B008E4868M", "name": "Achim Home Furnishings TOVYSTBK04 17-Inch Fantasia Standard Toilet Seat, Soft Black", "imUrl": "http://ecx.images-amazon.com/images/I/41ykJOtaNLL._SY300_.jpg", "price": 12.95, "numReviews": 15, "groups": [63], "averageRating": 2.2666666666666666, "brand": "Achim Home Furnishings"}, {"asin": "B001CRNS22", "name": "Ginsey Solid Hunter Green Padded Elongated Toilet Seat", "imUrl": "http://ecx.images-amazon.com/images/I/41tIQTbT6YL._SY300_.jpg", "price": 22.97, "numReviews": 9, "groups": [64], "averageRating": 3.111111111111111, "brand": "Ginsey"}, {"asin": "B002G4DT6A", "name": "Mayfair 46EC 047 Molded Wood Toilet Seat with Lift-Off Hinges, Round, Black", "imUrl": "http://ecx.images-amazon.com/images/I/31FrbWo66xL._SY300_.jpg", "price": 14.38, "numReviews": 132, "groups": [65], "averageRating": 4.348484848484849, "brand": "Mayfair"}, {"asin": "B003EM5YJ8", "name": "Sea Shell Soft Round Toilet Seat Blue Embroidered", "imUrl": "http://ecx.images-amazon.com/images/I/41Fvo8pr8zL._SY300_.jpg", "price": 14.05, "numReviews": 1, "groups": [66], "averageRating": 5.0}, {"asin": "B000RP4OQO", "name": "American Standard 5325.010.020 Champion Slow Close Elongated Toilet Seat, White", "imUrl": "http://ecx.images-amazon.com/images/I/219ENc9K%2BSL._SX300_.jpg", "price": 44.95, "numReviews": 77, "groups": [67], "averageRating": 4.0, "brand": "American Standard"}, {"asin": "B0009HH5OS", "name": "American Standard 5280.016.020 Champion Elongated Toilet Seat, White", "imUrl": "http://ecx.images-amazon.com/images/I/31oIiasyl8L._SX300_.jpg", "price": 24.36, "numReviews": 13, "groups": [68], "averageRating": 4.153846153846154, "brand": "American Standard"}, {"asin": "B003UTSSAC", "name": "Beneke 900 Mother of Pearl Magnolia Mother of Pearl Acrylic Resin Round Toilet Seat with Chrome Hinge", "imUrl": "http://ecx.images-amazon.com/images/I/41q6f6lKiYL._SY300_.jpg", "price": 58.8, "numReviews": 1, "groups": [69], "averageRating": 2.0}, {"asin": "B000UNWNG6", "name": "Kohler K-4689-NG Cachet Round, Closed-Front Plastic Toilet Seat, Tea Green", "imUrl": "http://ecx.images-amazon.com/images/I/31ak8gZvkgL._SX300_.jpg", "price": 31.65, "numReviews": 1, "groups": [70], "averageRating": 3.0}, {"asin": "B000TF3R9C", "name": "KOHLER K-4713-0 French Curve Quiet-Close Elongated Toilet Seat, White", "imUrl": "http://ecx.images-amazon.com/images/I/31UAT7e-p5L._SX300_.jpg", "price": 62.79, "numReviews": 28, "groups": [71], "averageRating": 3.5357142857142856}, {"asin": "B0067OJKUE", "name": "Church Seats 1683SLOW 346 Elongated Molded Wood Closed Front Toilet Seat with Cover, Biscuit", "imUrl": "http://ecx.images-amazon.com/images/I/41Zp7CqkCkL._SY300_.jpg", "price": 31.51, "numReviews": 4, "groups": [72], "averageRating": 5.0, "brand": "Church Seats"}, {"asin": "B002G4DKIC", "name": "Mayfair 46EC 023 Molded Wood Toilet Seat with Lift-Off Hinges, Round, Pink", "imUrl": "http://ecx.images-amazon.com/images/I/31tTxvMHKdL._SY300_.jpg", "price": 14.54, "numReviews": 132, "groups": [73], "averageRating": 4.348484848484849, "brand": "Mayfair"}, {"asin": "B00103TNEU", "name": "LDR 050 2070WT Elongated Deluxe Soft Toilet Seat, White", "imUrl": "http://ecx.images-amazon.com/images/I/21pAyQC0bHL._SX300_.jpg", "price": 36.52, "numReviews": 3, "groups": [74], "averageRating": 3.0}, {"asin": "B001AHPLBU", "name": "Comfort Seats C1B3E9S-00 EZ Close Premium Eljer New Emblem Design Plastic Toilet Seat, Elongated, White", "imUrl": "http://ecx.images-amazon.com/images/I/31nf0G1fYsL._SY300_.jpg", "price": 33.4, "numReviews": 61, "groups": [75], "averageRating": 4.311475409836065, "brand": "Comfort Seats"}, {"asin": "B000EGR7NS", "name": "Premium Ginsey Ivory Padded Soft Toilet Seat", "imUrl": "http://ecx.images-amazon.com/images/I/31mGWtuVFrL._SY300_.jpg", "price": 21.99, "numReviews": 1, "groups": [76], "averageRating": 3.0, "brand": "Ginsey"}, {"asin": "B001U602OW", "name": "Bemis 1240215000 Eljer Emblem Molded Wood Elongated Toilet Seat, White", "imUrl": "http://ecx.images-amazon.com/images/I/215q9LszcDL.jpg", "price": 44.38, "numReviews": 1, "groups": [77], "averageRating": 1.0}, {"asin": "B003UJVICW", "name": "Church 8170NISL 346 Molded Round Toilet Seat with Cover, Linen", "imUrl": "http://ecx.images-amazon.com/images/I/3191VuG3fqL._SY300_.jpg", "price": 34.99, "numReviews": 1, "groups": [78], "averageRating": 5.0}, {"asin": "B001AHKCNC", "name": "Comfort Seats C1B3R3-80 Deluxe Plastic Contemporary Toilet Seat, Round, Silver", "imUrl": "http://ecx.images-amazon.com/images/I/31m29TYW34L._SY300_.jpg", "price": 23.0, "numReviews": 132, "groups": [79], "averageRating": 4.287878787878788, "brand": "Comfort Seats"}, {"asin": "B007B15AD8", "name": "KOHLER 1133024 Hardware Pack- Seat- Assembly", "imUrl": "http://ecx.images-amazon.com/images/I/31X0w9nDztL._SX300_.jpg", "price": 2.8, "numReviews": 4, "groups": [80], "averageRating": 3.0}, {"asin": "B007BK20ZK", "name": "Toilet Tattoos TT-1044-R Round Crowning Glory Toilet Tattoos", "imUrl": "http://ecx.images-amazon.com/images/I/51o9qZ9ocZL._SY300_.jpg", "price": 3.75, "numReviews": 1, "groups": [10], "averageRating": 5.0, "brand": "Toilet Tattoos"}, {"asin": "B008VD66B0", "name": "3D Vario Scenario Series Round Rose Toilet Seat", "imUrl": "http://ecx.images-amazon.com/images/I/514Q0CeEz-L._SY300_.jpg", "price": 57.99, "numReviews": 1, "groups": [81], "averageRating": 4.0}, {"asin": "B002OOQ2U2", "name": "Round Toilet Seat, 17\" Natural Oak", "imUrl": "http://ecx.images-amazon.com/images/I/41TiUotgeBL._SY300_.jpg", "price": 21.89, "numReviews": 13, "groups": [82], "averageRating": 2.3076923076923075}, {"asin": "B00004T154", "name": "Mayfair 113 000  Deluxe Soft Elongated Toilet Seat", "imUrl": "http://ecx.images-amazon.com/images/I/31KBSf00GLL._SY300_.jpg", "price": 27.27, "numReviews": 86, "groups": [83], "averageRating": 3.488372093023256, "salesRankCategory": "Home Improvement", "salesRank": 12216}, {"asin": "B0015CDAL8", "name": "Bemis 1500EC062 Molded Wood Elongated Toilet Seat With Easy Clean and Change Hinge Ice Grey", "imUrl": "http://ecx.images-amazon.com/images/I/31DX6bGADtL._SY300_.jpg", "price": 20.99, "numReviews": 111, "groups": [84], "averageRating": 4.387387387387387, "brand": "Bemis"}, {"asin": "B000UNUDTU", "name": "KOHLER K-4689-95 Cachet Round, Closed-Front Plastic Toilet Seat, Ice Grey", "imUrl": "http://ecx.images-amazon.com/images/I/31fe4CjFg5L._SX300_.jpg", "price": 50.0, "numReviews": 3, "groups": [85], "averageRating": 3.3333333333333335}, {"asin": "B001AHMDTI", "name": "Comfort Seats C1B5E2-00 Deluxe Soft Toilet Seat with Wood Cores, Elongated, White", "imUrl": "http://ecx.images-amazon.com/images/I/318ryvhyDjL._SY300_.jpg", "price": 17.5, "numReviews": 4, "groups": [86], "averageRating": 2.25, "brand": "Comfort Seats"}, {"asin": "B004123TJM", "name": "Danze D490005BC Soft Close Elongated Toilet Seat, Biscuit", "imUrl": "http://ecx.images-amazon.com/images/I/31n%2BKcqn3ML._SX300_.jpg", "price": 39.68, "numReviews": 4, "groups": [87], "averageRating": 4.5, "brand": "Danze"}, {"asin": "B00666DYSC", "name": "TOPSEAT 2DCPBTFX Glaxitz D\u00e9cor Series Toilet Seat, Butterflies, Round, Chromed Metal Hinges, Wood, White", "imUrl": "http://ecx.images-amazon.com/images/I/41NeHPq-6ZL._SY300_.jpg", "price": 54.99, "numReviews": 3, "groups": [88], "averageRating": 5.0}, {"asin": "B00CFPBKH0", "name": "KOHLER K-4009-47 Grip-Tight Reveal Q3 Round-Front Toilet Seat, Almond", "imUrl": "http://ecx.images-amazon.com/images/I/31n4c5WYqxL._SX300_.jpg", "price": 54.49, "numReviews": 2, "groups": [89], "averageRating": 5.0}, {"asin": "B001CK4OV8", "name": "Bemis 900000 Commercial Round Toilet Seat, White", "imUrl": "http://ecx.images-amazon.com/images/I/31JGuohLymL._SY300_.jpg", "price": 44.81, "numReviews": 1, "groups": [90], "averageRating": 5.0, "brand": "Bemis"}, {"asin": "B0031A5ZF6", "name": "Bemis 546CH-000 Next Step Round Closed Front Molded Wood Toilet Seat - White", "imUrl": "http://ecx.images-amazon.com/images/I/31fbVuvoPPL._SY300_.jpg", "price": 36.99, "numReviews": 6, "groups": [91], "averageRating": 3.3333333333333335}, {"asin": "B000H70F5G", "name": "Mayfair 144BN Beveled-Edge Molded Toilet Seat with Brushed Nickel Hinges, Elongated, White Wood", "imUrl": "http://ecx.images-amazon.com/images/I/31rpSexBo%2BL._SY300_.jpg", "price": 32.93, "numReviews": 5, "groups": [92], "averageRating": 2.6, "salesRankCategory": "Home Improvement", "salesRank": 287791}, {"asin": "B0029X4L2O", "name": "American Standard 5321.110.020 EverClean Elongated Toilet Seat with Slow Close Snap-Off Hinges, White", "imUrl": "http://ecx.images-amazon.com/images/I/31%2BIjDZuh2L._SY300_.jpg", "price": 49.74, "numReviews": 22, "groups": [93], "averageRating": 3.727272727272727, "brand": "American Standard"}, {"asin": "B003UJXK78", "name": "Church 380SLOWT 346 Elongated Slow Close Toilet Seat, Linen", "imUrl": "http://ecx.images-amazon.com/images/I/31wxwNss97L._SY300_.jpg", "price": 43.44, "numReviews": 2, "groups": [94], "averageRating": 5.0, "salesRankCategory": "Home Improvement", "salesRank": 156587}, {"asin": "B000EXS19K", "name": "Rose Garden Toilet Seat", "imUrl": "http://ecx.images-amazon.com/images/I/41fPqOqN1rL._SY300_.jpg", "price": 19.97, "numReviews": 5, "groups": [95], "averageRating": 4.2}, {"asin": "B001AHME4W", "name": "Comfort Seats C1B1R-17BN Designer Solid Wood Toilet Seat with Brushed Nickel Hinges, Round, Oak", "imUrl": "http://ecx.images-amazon.com/images/I/51%2BCjjyXGaL._SY300_.jpg", "price": 50.75, "numReviews": 40, "groups": [7], "averageRating": 4.425, "brand": "Comfort Seats"}, {"asin": "B00474W6UM", "name": "Bemis 200SLOWT000 Whisper Close Round Seat, White", "imUrl": "http://ecx.images-amazon.com/images/I/313grSW8vEL._SY300_.jpg", "price": 42.14, "numReviews": 10, "groups": [96], "averageRating": 4.3, "brand": "Bemis"}, {"asin": "B0050STTGS", "name": "Bemis 200SLOWT 244 Slow Close Sta-Tite Round Closed Front Toilet Seat, Navy", "imUrl": "http://ecx.images-amazon.com/images/I/31J7JBRdj9L._SY300_.jpg", "price": 37.53, "numReviews": 3, "groups": [97], "averageRating": 5.0, "brand": "Bemis"}, {"asin": "B005ECLM42", "name": "Kohler K-4775-96 Brevia Round Toilet Seat with Q2 Advantage, Biscuit", "imUrl": "http://ecx.images-amazon.com/images/I/31aRQb8ImnL._SX300_.jpg", "price": 18.04, "numReviews": 18, "groups": [98], "averageRating": 3.0, "brand": "Kohler"}, {"asin": "B00I5SJGH2", "name": "Comfort Seat Deluxe Round Wood Toilet Seat -Venetian Pink", "imUrl": "http://ecx.images-amazon.com/images/I/31kg4Xp6KTL._SY300_.jpg", "price": 12.95, "numReviews": 2, "groups": [99], "averageRating": 5.0}, {"asin": "B003ZEUUQW", "name": "Ginsey Ocean Breeze Resin Toilet Seat", "imUrl": "http://ecx.images-amazon.com/images/I/41A14Ij18fL.jpg", "price": 49.97, "numReviews": 1, "groups": [100], "averageRating": 5.0, "brand": "Ginsey"}, {"asin": "B000XW3TA8", "name": "TOTO SS214#01 Soiree SoftClose Elongated Toilet Seat, Cotton White", "imUrl": "http://ecx.images-amazon.com/images/I/31Xz64dHh9L._SX300_.jpg", "price": 90.18, "numReviews": 4, "groups": [101], "averageRating": 3.25}, {"asin": "B003KE2YCA", "name": "ELONGATED CAPICE SHELL MOTHER OF PEARL TOILET SEAT", "imUrl": "http://ecx.images-amazon.com/images/I/316vyM6a1fL._SY300_.jpg", "price": 58.8, "numReviews": 2, "groups": [102], "averageRating": 3.0}, {"asin": "B001ASF3WG", "name": "Church 540EC 006 Wood Toilet Seat with Cover, Bone", "imUrl": "http://ecx.images-amazon.com/images/I/31JlatoFDEL._SY300_.jpg", "price": 16.76, "numReviews": 2, "groups": [103], "averageRating": 3.0}, {"asin": "B0076IGHYC", "name": "Comfort Seats C1B6R9-AQCH Designer Acrylic Toilet Seat with Chrome Hinges, Aquarium", "imUrl": "http://ecx.images-amazon.com/images/I/51u60SJnVVL._SY300_.jpg", "price": 64.99, "numReviews": 23, "groups": [104], "averageRating": 3.869565217391304}, {"asin": "B000UNTE2C", "name": "American Standard 5311.012.020 Laurel Elongated Toilet Seat with Cover, White", "imUrl": "http://ecx.images-amazon.com/images/I/21HOdCwD16L._SY300_.jpg", "price": 23.95, "numReviews": 59, "groups": [105], "averageRating": 4.0508474576271185, "brand": "American Standard"}, {"asin": "B001R2ETWA", "name": "Bemis 400TTA000 Economy Molded Wood Round Toilet Seat, White", "imUrl": "http://ecx.images-amazon.com/images/I/31suqsVvpUL._SY300_.jpg", "price": 12.0, "numReviews": 3, "groups": [106], "averageRating": 3.6666666666666665, "brand": "Bemis"}, {"asin": "B00I7TU7KE", "name": "KOHLER K-4986-0 Cachet Nightlight Q3 Round-Front Toilet Seat, White", "imUrl": "http://ecx.images-amazon.com/images/I/31VqUjT8rRL._SY300_.jpg", "price": 43.45, "numReviews": 13, "groups": [107], "averageRating": 3.5384615384615383}, {"asin": "B00004T15E", "name": "Mayfair 13CP 000 Soft Antimicrobial Vinyl Toilet Seat with Chrome Hinges, Round, White", "imUrl": "http://ecx.images-amazon.com/images/I/31sSR2fzdSL._SY300_.jpg", "price": 19.99, "numReviews": 35, "groups": [108], "averageRating": 3.5142857142857142, "brand": "Mayfair", "salesRankCategory": "Home Improvement", "salesRank": 13350}, {"asin": "B001AHROB0", "name": "Comfort Seats C1B4R2-00CH Deluxe Molded Wood Toilet Seat with Chrome Hinges, Round, White", "imUrl": "http://ecx.images-amazon.com/images/I/31E6tj20IzL._SY300_.jpg", "price": 22.8, "numReviews": 83, "groups": [109], "averageRating": 3.8313253012048194, "brand": "Comfort Seats"}, {"asin": "B001O9BQDQ", "name": "Duravit 0068590000 Elongated Toilet Seat and Cover, White", "imUrl": "http://ecx.images-amazon.com/images/I/21b9hORbjRL._SX300_.jpg", "price": 87.64, "numReviews": 1, "groups": [110], "averageRating": 2.0, "brand": "Duravit"}, {"asin": "B003NX8436", "name": "Comfort Seats C1B4R49-00 Deluxe MDF Wood Rounded Toilet Seat and Stainless Steel Hinges, White", "imUrl": "http://ecx.images-amazon.com/images/I/31OBstHgKOL._SY300_.jpg", "price": 34.45, "numReviews": 22, "groups": [111], "averageRating": 3.6818181818181817, "brand": "Comfort Seats"}, {"asin": "B001AHMDES", "name": "Comfort Seats C1B2E-14BR Deluxe Molded Wood Toilet Seat with Brass Hinges, Elongated, Bamboo", "imUrl": "http://ecx.images-amazon.com/images/I/41ShfotkHhL._SY300_.jpg", "price": 27.55, "numReviews": 9, "groups": [112], "averageRating": 2.6666666666666665, "brand": "Comfort Seats"}, {"asin": "B0057FCOV6", "name": "Toilet Tattoos TT-1043-O Elongated Sweety Seaty Toilet Tattoos", "imUrl": "http://ecx.images-amazon.com/images/I/51LPUUq%2B8DL._SY300_.jpg", "price": 9.99, "numReviews": 2, "groups": [113], "averageRating": 2.0, "brand": "Toilet Tattoos"}, {"asin": "B00BTLLIFA", "name": "KOHLER K-4008-0 Grip-Tight Reveal Q3 Elongated Toilet Seat, White", "imUrl": "http://ecx.images-amazon.com/images/I/31PxrfptpRL._SX300_.jpg", "price": 42.64, "numReviews": 9, "groups": [114], "averageRating": 3.0}, {"asin": "B001AHKC1E", "name": "Comfort Seats C1B4R4-00CH Deluxe Molded Wood Toilet Seat with Chrome Hinges, Round, White Bead Board", "imUrl": "http://ecx.images-amazon.com/images/I/41kPn5w50FL._SY300_.jpg", "price": 31.0, "numReviews": 56, "groups": [115], "averageRating": 4.482142857142857, "brand": "Comfort Seats"}, {"asin": "B000FKF2OY", "name": "Mayfair 1386EC 000 Butterfly Embroidered Soft Toilet Seat with Lift-Off Hinges, Round, White", "imUrl": "http://ecx.images-amazon.com/images/I/31ss7jaI7wL._SY300_.jpg", "price": 28.51, "numReviews": 33, "groups": [116], "averageRating": 4.212121212121212, "brand": "Mayfair", "salesRankCategory": "Home Improvement", "salesRank": 32337}, {"asin": "B005HEWB8S", "name": "Bemis 200SLOWT 043 Round Closed Front Toilet Seat, Petal Pink", "imUrl": "http://ecx.images-amazon.com/images/I/41eZMJizU2L._SY300_.jpg", "price": 37.53, "numReviews": 1, "groups": [117], "averageRating": 4.0, "brand": "Bemis"}, {"asin": "B001AHPLCE", "name": "Comfort Seats C1B5E2-01 Deluxe Soft Toilet Seat with Wood Cores, Elongated, Bone", "imUrl": "http://ecx.images-amazon.com/images/I/314Fvj%2BH9QL._SY300_.jpg", "price": 28.1, "numReviews": 53, "groups": [118], "averageRating": 3.2830188679245285, "brand": "Comfort Seats"}, {"asin": "B001AHKCLY", "name": "Comfort Seats C1B3R3-53 Deluxe Plastic Contemporary Toilet Seat, Round, Harvest Gold", "imUrl": "http://ecx.images-amazon.com/images/I/31lb2nzb0gL._SY300_.jpg", "price": 23.0, "numReviews": 132, "groups": [119], "averageRating": 4.287878787878788, "brand": "Comfort Seats"}, {"asin": "B001V7R5V8", "name": "Comfort Seats C1B4R7-00AMCH Deluxe Seashore Wood Round Toilet Seat with Anti-microbial and Chrome Hinge, White", "imUrl": "http://ecx.images-amazon.com/images/I/31sy3BHcTLL._SY300_.jpg", "price": 22.8, "numReviews": 1, "groups": [120], "averageRating": 5.0, "brand": "Comfort Seats"}, {"asin": "B0019LAE0K", "name": "Toilet Tattoos TT-1500-O Palm Frond Design, Elongated", "imUrl": "http://ecx.images-amazon.com/images/I/617dJ4EyUcL._SY300_.jpg", "price": 11.58, "numReviews": 17, "groups": [121], "averageRating": 3.8823529411764706, "brand": "Toilet Tattoos"}, {"asin": "B001AHKBMY", "name": "Comfort Seats C1B3E7S-01 EZ Close Standard Plastic Toilet Seat, Elongated, Bone", "imUrl": "http://ecx.images-amazon.com/images/I/31SWzyU4BaL._SY300_.jpg", "price": 27.33, "numReviews": 4, "groups": [122], "averageRating": 5.0, "brand": "Comfort Seats"}, {"asin": "B001AHROCY", "name": "Comfort Seats C1B4R2-00BN Deluxe Molded Wood Toilet Seat with Brushed Nickel Hinges, Round, White", "imUrl": "http://ecx.images-amazon.com/images/I/31nAUTVH7YL._SY300_.jpg", "price": 29.99, "numReviews": 8, "groups": [109, 115, 123], "averageRating": 4.125, "brand": "Comfort Seats"}, {"asin": "B003UJRMUY", "name": "Church 18170CHSL 000 Elongated Soft Close Toilet Seat, White", "imUrl": "http://ecx.images-amazon.com/images/I/31OMqyfgDPL._SY300_.jpg", "price": 68.35, "numReviews": 6, "groups": [18], "averageRating": 3.8333333333333335}, {"asin": "B006690I9M", "name": "TOPSEAT 3D Ocean Series Dolphin Mother and Calf Elongated Toilet Seat", "imUrl": "http://ecx.images-amazon.com/images/I/51zlzZ7TJYL._SY300_.jpg", "price": 41.99, "numReviews": 4, "groups": [124], "averageRating": 5.0}, {"asin": "B0067OJPTK", "name": "Church 18170CHSL 047 High Density MWD Elongated Whisper-Close Toilet Seat, Black", "imUrl": "http://ecx.images-amazon.com/images/I/31u8IrM%2BuiL._SY300_.jpg", "price": 44.79, "numReviews": 4, "groups": [125], "averageRating": 5.0}, {"asin": "B008E488V2", "name": "Achim Home Furnishings TOVYELBK04 19-Inch Fantasia Elongated Toilet Seat, Soft Black", "imUrl": "http://ecx.images-amazon.com/images/I/31FqSUarV5L._SY300_.jpg", "price": 28.13, "numReviews": 7, "groups": [126], "averageRating": 2.5714285714285716}, {"asin": "B000X0UPUW", "name": "Bemis 1240215346 Eljer Emblem Molded Wood Elongated Toilet Seat Biscuit/Linen", "imUrl": "http://ecx.images-amazon.com/images/I/215q9LszcDL.jpg", "price": 49.45, "numReviews": 1, "groups": [127], "averageRating": 5.0}, {"asin": "B00EGSPWZK", "name": "Veneer Marble Look Standard Round Toilet Seat Hard Black Marblized", "imUrl": "http://ecx.images-amazon.com/images/I/41jSaWy5yzL._SY300_.jpg", "price": 27.11, "numReviews": 4, "groups": [128], "averageRating": 4.0}, {"asin": "B00EPET9W2", "name": "Bemis 9601CP 378 Natural Oak Wood Toilet Seat with Chrome Hinges, Round", "imUrl": "http://ecx.images-amazon.com/images/I/51FxJSArisL._SY300_.jpg", "price": 20.0, "numReviews": 34, "groups": [8], "averageRating": 4.294117647058823}, {"asin": "B001AHKBD8", "name": "Comfort Seats C1B1E-18BR Designer Solid Wood Toilet Seat with PVD Brass Hinges, Elongated, Dark Brown", "imUrl": "http://ecx.images-amazon.com/images/I/41mk8UzYMsL._SY300_.jpg", "price": 52.17, "numReviews": 8, "groups": [129], "averageRating": 3.875, "brand": "Comfort Seats"}, {"asin": "B001AHPM1O", "name": "Comfort Seats C1B3R3-20 Deluxe Plastic Contemporary Toilet Seat, Round, Venetian Pink", "imUrl": "http://ecx.images-amazon.com/images/I/31Tp5AbxfUL._SY300_.jpg", "price": 23.0, "numReviews": 133, "groups": [130], "averageRating": 4.293233082706767, "brand": "Comfort Seats"}, {"asin": "B008VM7PCA", "name": "Comfort Seats C2B1RS19CH Round Designer E Z Close Color-Black Walnut Wood", "imUrl": "http://ecx.images-amazon.com/images/I/41iJoq5wu0L._SY300_.jpg", "price": 88.25, "numReviews": 1, "groups": [131], "averageRating": 4.0, "brand": "Comfort Seats"}, {"asin": "B001EQC1VA", "name": "American Standard 5901.100.020 Heavy-Duty Elongated Commercial Toilet Seat, White", "imUrl": "http://ecx.images-amazon.com/images/I/31JCtGyon5L._SY300_.jpg", "price": 16.11, "numReviews": 7, "groups": [132], "averageRating": 4.857142857142857, "brand": "American Standard", "salesRankCategory": "Home Improvement", "salesRank": 43225}, {"asin": "B0029X2E32", "name": "American Standard 5260.295.178 Traditional Champion-4 Elongated Slow Close Molded Wood Toilet Seat with Cover, Black", "imUrl": "http://ecx.images-amazon.com/images/I/31qEzr-4xpL._SY300_.jpg", "price": 88.43, "numReviews": 5, "groups": [133], "averageRating": 2.6}, {"asin": "B004CR4MJW", "name": "LDR 050 1750CP Elongated Wood Toilet Seat with Chrome Hinges, Oak", "imUrl": "http://ecx.images-amazon.com/images/I/41Y3y6QysFL._SX300_.jpg", "price": 39.5, "numReviews": 13, "groups": [134], "averageRating": 2.0}, {"asin": "B003IKONP2", "name": "Mayfair 49BNEC 000 Molded Wood Toilet Seat with Brushed-Nickel Lift-Off Hinges, STA-TITE Seat Fastening System and DuraGuard Antimicrobial, Round, White", "imUrl": "http://ecx.images-amazon.com/images/I/31rqUJDk-0L._SY300_.jpg", "price": 27.07, "numReviews": 6, "groups": [135], "averageRating": 3.8333333333333335, "brand": "Mayfair"}, {"asin": "B000RNN8B8", "name": "KOHLER K-4732-0 Transitions Quiet-Close Toilet Seat, White", "imUrl": "http://ecx.images-amazon.com/images/I/31kqiPeBILL._SX300_.jpg", "price": 67.8, "numReviews": 146, "groups": [136], "averageRating": 3.9794520547945207}, {"asin": "B001AHMDQ6", "name": "Comfort Seats C1B3E4S-80 EZ Close Deluxe Plastic Toilet Seat, Elongated, Silver", "imUrl": "http://ecx.images-amazon.com/images/I/317s1oeE2VL._SY300_.jpg", "price": 33.2, "numReviews": 2, "groups": [137], "averageRating": 5.0, "brand": "Comfort Seats"}, {"asin": "B001AHPLQU", "name": "Comfort Seats C1B1R-19CH Designer Solid Wood Toilet Seat with PVD Chrome Hinges, Round, Walnut", "imUrl": "http://ecx.images-amazon.com/images/I/411YQvYw1nL._SY300_.jpg", "price": 42.7, "numReviews": 8, "groups": [138], "averageRating": 4.125, "brand": "Comfort Seats"}, {"asin": "B00EPET9RC", "name": "Bemis/Mayfair 83SLOW NextStep Child/Adult Built-in Potty Seat with Slow Close Lift-Off Hinges, Round, White", "imUrl": "http://ecx.images-amazon.com/images/I/41gGA9m%2BLTL._SY300_.jpg", "price": 39.99, "numReviews": 25, "groups": [139], "averageRating": 4.52, "brand": "Bemis"}, {"asin": "B000QSHUHM", "name": "Big John Toilet Seats 2445263-3W Oversized Open Front Toilet Seat with Cover and Stainless Steel Hinges for Round Or Elongated Toilet Bowls, White", "imUrl": "http://ecx.images-amazon.com/images/I/31po71BGE1L._SY300_.jpg", "price": 89.99, "numReviews": 39, "groups": [140], "averageRating": 4.461538461538462, "salesRankCategory": "Home Improvement", "salesRank": 53483}, {"asin": "B000H85UQ4", "name": "Bemis 1200SLOWT000 Plastic Elongated Toilet Seat with WhisperClose, EasyClean and Change Hinges, White", "imUrl": "http://ecx.images-amazon.com/images/I/31reVXPnWvL._SY300_.jpg", "price": 46.04, "numReviews": 52, "groups": [141], "averageRating": 4.019230769230769, "brand": "Bemis"}, {"asin": "B00E5YDWW0", "name": "Bemis 19601CP 888 Natural Walnut Wood Toilet Seat with Chrome Hinges, Elongated", "imUrl": "http://ecx.images-amazon.com/images/I/415FeClKOpL._SY300_.jpg", "price": 32.6, "numReviews": 13, "groups": [53], "averageRating": 3.3846153846153846}, {"asin": "B00004T15S", "name": "Mayfair 44EC 023 Designer Series Wood Toilet Seat with Easy-Clean Hinges, Round, Pink", "imUrl": "http://ecx.images-amazon.com/images/I/31PzVwwFKbL._SX300_.jpg", "price": 23.83, "numReviews": 16, "groups": [142], "averageRating": 4.5625}, {"asin": "B0017C0USC", "name": "Church/Bemis 540EC 063 Molded Wood Round Front Seat w/Easy Clean & Change Hinges", "imUrl": "http://ecx.images-amazon.com/images/I/31Gt8KNEj-L._SY300_.jpg", "price": 27.65, "numReviews": 1, "groups": [143], "averageRating": 5.0}, {"asin": "B002WGJH4U", "name": "Comfort Seats C1B2E2-14BN Wood Elongated Toilet Seat with Brushed Nickel Hinges, Blond Bamboo", "imUrl": "http://ecx.images-amazon.com/images/I/41JiPRFH5VL._SY300_.jpg", "price": 30.09, "numReviews": 65, "groups": [144], "averageRating": 3.753846153846154, "brand": "Comfort Seats"}, {"asin": "B003UTZR6A", "name": "Beneke 700 White Ergo Curve Toilet Seat", "imUrl": "http://ecx.images-amazon.com/images/I/31ltlB4TrcL._SY300_.jpg", "price": 44.96, "numReviews": 3, "groups": [145], "averageRating": 3.6666666666666665}, {"asin": "B001AHKC46", "name": "Comfort Seats C1B1R-18CH Designer Solid Wood Toilet Seat with PVD Chrome Hinges, Round, Dark Brown", "imUrl": "http://ecx.images-amazon.com/images/I/41cRp79RuUL._SY300_.jpg", "price": 52.12, "numReviews": 36, "groups": [146], "averageRating": 4.583333333333333, "brand": "Comfort Seats"}, {"asin": "B0017L37YC", "name": "Mayfair 146EC 000 Molded Wood Toilet Seat with Lift-Off Hinges, Elongated, White", "imUrl": "http://ecx.images-amazon.com/images/I/311VA35XSCL._SY300_.jpg", "price": 11.97, "numReviews": 70, "groups": [147], "averageRating": 3.9857142857142858, "brand": "Mayfair"}, {"asin": "B000QSJXC2", "name": "Big John Toilet Seats 2445646-1W Big John Oversized Toilet Seat with Cover and Stainless Steel Hinges for Round Or Elongated Toilet Bowls, White", "imUrl": "http://ecx.images-amazon.com/images/I/31R6FXWyFeL._SY300_.jpg", "price": 105.71, "numReviews": 78, "groups": [148], "averageRating": 4.512820512820513, "salesRankCategory": "Home Improvement", "salesRank": 18023}, {"asin": "B000UNOXP0", "name": "KOHLER K-4664-95 Brevia Elongated Toilet Seat, Ice Grey", "imUrl": "http://ecx.images-amazon.com/images/I/31p2CGd648L._SX300_.jpg", "price": 25.31, "numReviews": 3, "groups": [149], "averageRating": 3.6666666666666665}, {"asin": "B003LJXDPQ", "name": "Toilet Tattoos TT-1104-O Stargazer Lily Decorative Applique For Toilet Lid, Elongated", "imUrl": "http://ecx.images-amazon.com/images/I/51yQ0ia76VL._SY300_.jpg", "price": 19.99, "numReviews": 2, "groups": [150], "averageRating": 4.5, "brand": "Toilet Tattoos"}, {"asin": "B000IKB2TU", "name": "Kohler K-4643-BN-0 Bancroft Round-Front Toilet Seat with Vibrant Brushed Nickel Hinges, White", "imUrl": "http://ecx.images-amazon.com/images/I/312Yo3DU6jL._SX300_.jpg", "price": 46.39, "numReviews": 7, "groups": [151], "averageRating": 4.142857142857143, "brand": "Kohler"}, {"asin": "B000UNORJW", "name": "KOHLER K-4664-0 Brevia Elongated Toilet Seat, White", "imUrl": "http://ecx.images-amazon.com/images/I/31xl3fE7q1L._SY300_.jpg", "price": 16.0, "numReviews": 7, "groups": [152], "averageRating": 3.5714285714285716}, {"asin": "B000FK9RSG", "name": "LDR 050-1750 Industries Pueblo Elongated Cross Grain Toilet Seat, Oak", "imUrl": "http://ecx.images-amazon.com/images/I/51F29HYCN8L._SY300_.jpg", "price": 23.01, "numReviews": 3, "groups": [153], "averageRating": 2.6666666666666665, "brand": "LDR"}, {"asin": "B000HE9Z3C", "name": "Mayfair 24EC-000 Sculptured Molded Wood Toilet Seat with Lift Off Hinge, Round, White Wood", "imUrl": "http://ecx.images-amazon.com/images/I/31XYk0El-CL._SY300_.jpg", "price": 17.92, "numReviews": 3, "groups": [154], "averageRating": 3.6666666666666665}, {"asin": "B001AHRNRA", "name": "Comfort Seats C1B4E2-58 Deluxe Molded Wood Toilet Seat, Elongated, Avocado", "imUrl": "http://ecx.images-amazon.com/images/I/31kutD9GTZL._SY300_.jpg", "price": 20.94, "numReviews": 4, "groups": [155], "averageRating": 4.75, "brand": "Comfort Seats"}, {"asin": "B002G4VZIE", "name": "Mayfair 46EC 243 Molded Wood Toilet Seat with Lift-Off Hinges, Round, Wild Rose", "imUrl": "http://ecx.images-amazon.com/images/I/31Y%2BIpMkZqL._SY300_.jpg", "price": 15.89, "numReviews": 132, "groups": [156], "averageRating": 4.348484848484849, "brand": "Mayfair"}, {"asin": "B0019LADWO", "name": "Toilet Tattoos TT-1500-R Palm Frond Design, Round", "imUrl": "http://ecx.images-amazon.com/images/I/61Otoo9qIAL._SY300_.jpg", "price": 11.35, "numReviews": 17, "groups": [157], "averageRating": 3.8823529411764706, "brand": "Toilet Tattoos"}, {"asin": "B0019LAHUC", "name": "Toilet Tattoos TT-H702-O Peek-A-Boo Kitty Design, Elongated", "imUrl": "http://ecx.images-amazon.com/images/I/41ouEr5zmrL._SY300_.jpg", "price": 15.97, "numReviews": 3, "groups": [158], "averageRating": 4.0, "brand": "Toilet Tattoos"}, {"asin": "B001AHKDGS", "name": "Comfort Seats C1B6R9-SHCH Acrylic Toilet Seat with Chrome Hinges, Round, Seahorse", "imUrl": "http://ecx.images-amazon.com/images/I/51gBud5xoTL._SY300_.jpg", "price": 37.95, "numReviews": 33, "groups": [159], "averageRating": 3.909090909090909, "brand": "Comfort Seats"}, {"asin": "B002G54292", "name": "Mayfair 46EC 375 Molded Wood Toilet Seat with Lift-Off Hinges, Round, Rain Forest", "imUrl": "http://ecx.images-amazon.com/images/I/318CUNoxirL._SY300_.jpg", "price": 15.89, "numReviews": 132, "groups": [160], "averageRating": 4.348484848484849, "brand": "Mayfair"}, {"asin": "B00103WUB8", "name": "LDR 050 1067BL Soft Toilet Seat, Blue", "imUrl": "http://ecx.images-amazon.com/images/I/31bPEzYoVpL._SX300_.jpg", "price": 17.99, "numReviews": 13, "groups": [2], "averageRating": 2.6153846153846154}, {"asin": "B00164Q4JU", "name": "Church Seats 1240205 047 Eljer Emblem Elongated Plastic Seat, Black", "imUrl": "http://ecx.images-amazon.com/images/I/41q7g6bDAVL._SX300_.jpg", "price": 42.64, "numReviews": 1, "groups": [161], "averageRating": 4.0}, {"asin": "B006ZLB9WQ", "name": "High Density Molded Wood Round Toilet Seat Finish: Biscuit, Hinge Finish: Brushed-Nickel", "imUrl": "http://ecx.images-amazon.com/images/I/31Cllp8NImL._SY300_.jpg", "price": 45.86, "numReviews": 1, "groups": [162], "averageRating": 5.0}, {"asin": "B00DVPEQUG", "name": "Comfort Seats C3B2E117BR Elongated Decorative Wood Toilet Seat", "imUrl": "http://ecx.images-amazon.com/images/I/51fSUpyhjRL._SY300_.jpg", "price": 48.65, "numReviews": 1, "groups": [163], "averageRating": 1.0, "brand": "Comfort Seats"}, {"asin": "B0045Y1826", "name": "Bemis 200SLOWT006 Plastic Round Toilet Seat with WhisperClose, EasyClean and Change Hinges, Bone", "imUrl": "http://ecx.images-amazon.com/images/I/31bk5lkzO-L._SY300_.jpg", "price": 49.04, "numReviews": 3, "groups": [164], "averageRating": 5.0, "brand": "Bemis"}, {"asin": "B0067OPAKI", "name": "Church 683SLOW 000 Next Step Round Toilet Seat with Cover, White", "imUrl": "http://ecx.images-amazon.com/images/I/416gzEbz77L._SY300_.jpg", "price": 39.48, "numReviews": 9, "groups": [165], "averageRating": 4.777777777777778}, {"asin": "B000QTZOBK", "name": "TOTO SS113#01 Transitional SoftClose Round Toilet Seat, Cotton White", "imUrl": "http://ecx.images-amazon.com/images/I/319gAg8F9AL._SX300_.jpg", "price": 35.94, "numReviews": 372, "groups": [166], "averageRating": 3.9811827956989245}, {"asin": "B000JV3I2M", "name": "Bemis 800EC000 Plastic Round Toilet Seat with Easy Clean and Change Hinge, White", "imUrl": "http://ecx.images-amazon.com/images/I/31sqt4udf8L._SY300_.jpg", "price": 16.99, "numReviews": 140, "groups": [167], "averageRating": 4.507142857142857, "brand": "Bemis"}, {"asin": "B0056LI6J0", "name": "Kohler K-4774-7 Brevia Elongated Toilet Seat with Q2 Advantage, Black Black", "imUrl": "http://ecx.images-amazon.com/images/I/41lIA6U%2B5uL._SX300_.jpg", "price": 29.1, "numReviews": 51, "groups": [168], "averageRating": 3.450980392156863, "brand": "Kohler"}, {"asin": "B00AKOXKQC", "name": "Embroidered Soft Padded Cushion Toilet Seat - Standard Size Round, Burgundy", "imUrl": "http://ecx.images-amazon.com/images/I/51VPxebR86L._SX300_.jpg", "price": 24.99, "numReviews": 6, "groups": [169], "averageRating": 3.3333333333333335}, {"asin": "B000FH890G", "name": "LASCO 14-1051 Toilet Seat Hinge with Bolts and Nuts Fit Most, Chrome Plated Metal", "imUrl": "http://ecx.images-amazon.com/images/I/41Hek%2BpFcOL._SY300_.jpg", "price": 24.28, "numReviews": 20, "groups": [170], "averageRating": 3.95, "brand": "LASCO"}, {"asin": "B000UNU3H2", "name": "Kohler K-4694-0 Ridgewood Elongated Closed-Front Toilet Seat, White", "imUrl": "http://ecx.images-amazon.com/images/I/31lov4F8qCL._SX300_.jpg", "price": 7.99, "numReviews": 178, "groups": [171], "averageRating": 4.342696629213483, "brand": "Kohler"}, {"asin": "B003IJ5X84", "name": "Mayfair 149BNEC 000 Molded Wood Toilet Seat with Brushed-Nickel Lift-Off Hinges, STA-TITE Seat Fastening System, Elongated, White", "imUrl": "http://ecx.images-amazon.com/images/I/314jUjZBVNL._SY300_.jpg", "price": 29.87, "numReviews": 1, "groups": [172], "averageRating": 1.0, "brand": "Mayfair"}, {"asin": "B000HM5PXS", "name": "Mayfair 22EC 006 Shell Sculptured Molded Wood Toilet Seat with Lift-Off Hinges, Round, Bone", "imUrl": "http://ecx.images-amazon.com/images/I/41SKA1qVUiL._SX300_.jpg", "price": 18.64, "numReviews": 34, "groups": [173], "averageRating": 4.647058823529412}, {"asin": "B000UPO2S6", "name": "KOHLER K-4734-47 Grip-Tight Rutledge(R) Q3 Elongated Toilet Seat,  Almond", "imUrl": "http://ecx.images-amazon.com/images/I/31z9fKD9fFL._SX300_.jpg", "price": 49.16, "numReviews": 131, "groups": [174], "averageRating": 3.9236641221374047}, {"asin": "B001DSI5B4", "name": "Design House 534503 Bradford Round Toilet Seat, Honey Oak", "imUrl": "http://ecx.images-amazon.com/images/I/51FFBJ27tSL._SY300_.jpg", "price": 43.27, "numReviews": 1, "groups": [175], "averageRating": 1.0, "brand": "Design House"}, {"asin": "B002G52PR8", "name": "Mayfair 146EC 346 Molded Wood Toilet Seat with Lift-Off Hinges, Elongated, Biscuit", "imUrl": "http://ecx.images-amazon.com/images/I/31eVqcxED6L._SY300_.jpg", "price": 15.97, "numReviews": 17, "groups": [176], "averageRating": 4.470588235294118, "brand": "Mayfair"}, {"asin": "B003UJVD54", "name": "Church 18170NISL 346 Elongated Soft Close Toilet Seat with Nickel Hinges, Linen", "imUrl": "http://ecx.images-amazon.com/images/I/31DFQ4lKAxL._SY300_.jpg", "price": 68.67, "numReviews": 1, "groups": [177], "averageRating": 5.0}, {"asin": "B0067OPBO8", "name": "Church/Bemis 683SLOW 006 Next Step Toilet Seat Color: (Bone)", "imUrl": "http://ecx.images-amazon.com/images/I/414l6uYFHPL._SY300_.jpg", "price": 31.51, "numReviews": 2, "groups": [178], "averageRating": 5.0}, {"asin": "B000H6YL0W", "name": "Bemis 13CP 000 Mayfair Round Deluxe Soft Toilet Seat", "imUrl": "http://ecx.images-amazon.com/images/I/3166PD13GSL._SY300_.jpg", "price": 26.03, "numReviews": 1, "groups": [179], "averageRating": 3.0, "brand": "Bemis"}, {"asin": "B004LQO2RG", "name": "Beneke 900 Dragonflies Magnolia Dragonflies Resin Round Toilet Seat with Chrome Hinge", "imUrl": "http://ecx.images-amazon.com/images/I/51hgw3zXDsL._SY300_.jpg", "price": 69.95, "numReviews": 5, "groups": [180], "averageRating": 4.8}, {"asin": "B001AHROA6", "name": "Comfort Seats C1B4R2-80 Deluxe Molded Wood Toilet Seat, Round, Silver", "imUrl": "http://ecx.images-amazon.com/images/I/31anup9eKSL._SY300_.jpg", "price": 17.2, "numReviews": 3, "groups": [181], "averageRating": 4.666666666666667, "brand": "Comfort Seats"}, {"asin": "B00CFPBJQM", "name": "KOHLER K-4009-96 Grip-tight Reveal Q3 Round-front toilet seat, Biscuit", "imUrl": "http://ecx.images-amazon.com/images/I/31dF3tKY6cL._SX300_.jpg", "price": 54.49, "numReviews": 1, "groups": [182], "averageRating": 4.0}, {"asin": "B00004T15A", "name": "Mayfair Deluxe Soft Round Toilet Seat in Light Blue 13 034", "imUrl": "http://ecx.images-amazon.com/images/I/41XCZZHKF1L._SX300_.jpg", "price": 22.59, "numReviews": 103, "groups": [3], "averageRating": 4.252427184466019}, {"asin": "B0007XYBCI", "name": "Church 585 White elongated closed front wood toilet seat with cover and Easy Clean Hinges", "imUrl": "http://ecx.images-amazon.com/images/I/314-DWdf4rL._SY300_.jpg", "price": 21.61, "numReviews": 41, "groups": [183], "averageRating": 4.0, "salesRankCategory": "Home Improvement", "salesRank": 18514}, {"asin": "B000CBLW9U", "name": "Deluxe Plastic Toilet Seat with Metal Hinges, Capice", "imUrl": "http://ecx.images-amazon.com/images/I/41D340GD68L._SX300_.jpg", "price": 56.99, "numReviews": 65, "groups": [184], "averageRating": 3.8615384615384616, "salesRankCategory": "Home & Kitchen", "salesRank": 174270}, {"asin": "B001AHMDA2", "name": "Comfort Seats C1B4E2-50 Deluxe Molded Wood Toilet Seat, Elongated, Citron Yellow", "imUrl": "http://ecx.images-amazon.com/images/I/317gl6BSvgL._SY300_.jpg", "price": 16.5, "numReviews": 2, "groups": [185], "averageRating": 5.0, "brand": "Comfort Seats"}, {"asin": "B001AHPMLO", "name": "Comfort Seats C1B3R4S-20 EZ Close Deluxe Plastic Toilet Seat, Round, Venetian Pink", "imUrl": "http://ecx.images-amazon.com/images/I/31FhzDOzemL._SY300_.jpg", "price": 29.66, "numReviews": 17, "groups": [73, 130], "averageRating": 4.294117647058823, "brand": "Comfort Seats"}, {"asin": "B001AHME06", "name": "Comfort Seats C1B4R2-01BN Deluxe Molded Wood Toilet Seat with Brushed Nickel Hinges, Round, Bone", "imUrl": "http://ecx.images-amazon.com/images/I/311-cSp%2BlGL._SY300_.jpg", "price": 23.65, "numReviews": 14, "groups": [123, 186], "averageRating": 4.571428571428571, "brand": "Comfort Seats"}, {"asin": "B004CR4MLA", "name": "LDR 050 2066WT Elongated Deluxe Wood Toilet Seat, White", "imUrl": "http://ecx.images-amazon.com/images/I/21k8GZpxbqL._SX300_.jpg", "price": 12.59, "numReviews": 2, "groups": [187], "averageRating": 4.0, "brand": "LDR"}, {"asin": "B009C6L0O8", "name": "Mayfair 144OR 000 Wood Toilet Seat with Oil-Rubbed Bronze Hinges, Elongated, White", "imUrl": "http://ecx.images-amazon.com/images/I/31-Cah5jd7L._SY300_.jpg", "price": 34.58, "numReviews": 8, "groups": [188], "averageRating": 4.25}, {"asin": "B00004T15K", "name": "Mayfair 20C 000 Plastic Toilet Seat with Top-Tite Hinges, Round, White", "imUrl": "http://ecx.images-amazon.com/images/I/318xoYjwnPL._SY300_.jpg", "price": 25.73, "numReviews": 1, "groups": [189], "averageRating": 5.0, "brand": "Mayfair"}, {"asin": "B001AHKBCE", "name": "Comfort Seats C1B1E-18CH Designer Solid Wood Toilet Seat with PVD Chrome Hinges, Elongated, Dark Brown", "imUrl": "http://ecx.images-amazon.com/images/I/41SEwfzG48L._SY300_.jpg", "price": 52.17, "numReviews": 6, "groups": [190], "averageRating": 4.5, "brand": "Comfort Seats"}, {"asin": "B001AHMF3W", "name": "Comfort Seats C1B3R4S-50 EZ Close Deluxe Plastic Toilet Seat, Round, Citron Yellow", "imUrl": "http://ecx.images-amazon.com/images/I/31tNnyfdgOL._SY300_.jpg", "price": 34.42, "numReviews": 5, "groups": [191], "averageRating": 4.4, "brand": "Comfort Seats"}, {"asin": "B006ZLBBPG", "name": "High Density Molded Wood Round Toilet Seat Finish: Black, Hinge Finish: Brushed-Nickel", "imUrl": "http://ecx.images-amazon.com/images/I/31kn%2BvNn%2BsL._SY300_.jpg", "price": 49.68, "numReviews": 1, "groups": [192], "averageRating": 5.0}, {"asin": "B000QU1MOC", "name": "KOHLER K-4685-BN-0 Bancroft Elongated Toilet Seat, White", "imUrl": "http://ecx.images-amazon.com/images/I/31gUfFCOu1L._SX300_.jpg", "price": 51.79, "numReviews": 6, "groups": [193], "averageRating": 4.333333333333333}, {"asin": "B003UTY2XE", "name": "Progressions JA-1800E Progressions Combination Toilet Seat, White", "imUrl": "http://ecx.images-amazon.com/images/I/31Dq-eLJVeL._SY300_.jpg", "price": 44.5, "numReviews": 31, "groups": [194], "averageRating": 4.645161290322581}, {"asin": "B001AHPL88", "name": "Comfort Seats C1B3E4S-53 EZ Close Deluxe Plastic Toilet Seat, Elongated, Harvest Gold", "imUrl": "http://ecx.images-amazon.com/images/I/31jmgUUwZdL._SY300_.jpg", "price": 37.74, "numReviews": 3, "groups": [195], "averageRating": 4.666666666666667, "brand": "Comfort Seats"}, {"asin": "B005VGJ8J2", "name": "Capice Shell Elongated Acrylic Toilet Seat", "imUrl": "http://ecx.images-amazon.com/images/I/316vyM6a1fL._SY300_.jpg", "price": 79.99, "numReviews": 5, "groups": [196], "averageRating": 4.4}, {"asin": "B000UNOUM6", "name": "KOHLER K-4662-A-0 Lustra Round Closed-Front Toilet Seat, White", "imUrl": "http://ecx.images-amazon.com/images/I/31QOQrwckhL._SX300_.jpg", "price": 78.09, "numReviews": 1, "groups": [197], "averageRating": 5.0, "salesRankCategory": "Home Improvement", "salesRank": 196083}, {"asin": "B004CR4MII", "name": "LDR 050 1230CL-DLP Round Resin Toilet Seat with Dolphin Design, Clear", "imUrl": "http://ecx.images-amazon.com/images/I/41n4QrXCHJL._SX300_.jpg", "price": 64.77, "numReviews": 7, "groups": [198], "averageRating": 2.142857142857143}, {"asin": "B001AHKB2Y", "name": "Comfort Seats C1B4R2-01 Deluxe Molded Wood Toilet Seat, Round, Bone", "imUrl": "http://ecx.images-amazon.com/images/I/31yUU0N8%2BOL._SY300_.jpg", "price": 27.99, "numReviews": 8, "groups": [186], "averageRating": 5.0, "brand": "Comfort Seats"}, {"asin": "B002O2CPXW", "name": "Porcher 71115-00.640 Elongated Slow Close Furniture Finish Toilet Seat with Brushed Nickel Hinges, Antique Cherry", "imUrl": "http://ecx.images-amazon.com/images/I/31xh9uc882L._SY300_.jpg", "price": 122.63, "numReviews": 2, "groups": [199], "averageRating": 1.5}, {"asin": "B001AHMDRA", "name": "Comfort Seats C1B3E4-OS-00 EZ Close Premium Plastic Open Front Elongated Toilet Seat, White", "imUrl": "http://ecx.images-amazon.com/images/I/31OvPTT-JNL._SY300_.jpg", "price": 51.99, "numReviews": 7, "groups": [200], "averageRating": 2.857142857142857, "brand": "Comfort Seats"}, {"asin": "B0045Y1858", "name": "Bemis 1652NISL346 GEN21 Series High Density Molded Wood Elongated Toilet Seat with Chrome WhisperClose Hinges, Biscuit/Linen", "imUrl": "http://ecx.images-amazon.com/images/I/31P2Re7-blL._SY300_.jpg", "price": 52.41, "numReviews": 7, "groups": [201], "averageRating": 4.714285714285714, "brand": "Bemis", "salesRankCategory": "Home Improvement", "salesRank": 114206}, {"asin": "B000LVKNUU", "name": "Kohler K-4648-96 Stonewood Round, Closed-Front Toilet Seat, Biscuit", "imUrl": "http://ecx.images-amazon.com/images/I/31GehIVJkmL._SX300_.jpg", "price": 15.49, "numReviews": 172, "groups": [202], "averageRating": 4.52906976744186, "brand": "Kohler"}, {"asin": "B003BI8ZBO", "name": "Blue Toilet Seat Chrome Polymer, Dolphins Swim Round Toilet Seat", "imUrl": "http://ecx.images-amazon.com/images/I/51-WYBgCjuL._SY300_.jpg", "price": 79.0, "numReviews": 1, "groups": [203], "averageRating": 4.0}, {"asin": "B005ECLM2E", "name": "Kohler K-4775-95 Brevia Round Toilet Seat with Q2 Advantage, Ice Grey", "imUrl": "http://ecx.images-amazon.com/images/I/31NQeo3NIeL._SX300_.jpg", "price": 23.44, "numReviews": 18, "groups": [204], "averageRating": 3.0, "brand": "Kohler"}, {"asin": "B004GP36EW", "name": "Ginsey Saigon Soft Padded Toilet Seat", "imUrl": "http://ecx.images-amazon.com/images/I/518Pv%2BKmMAL._SY300_.jpg", "price": 29.86, "numReviews": 6, "groups": [205], "averageRating": 4.0}, {"asin": "B001UOLJAU", "name": "Bemis 1240210346 Eljer Emblem Molded Wood Round Toilet Seat Biscuit/Linen", "imUrl": "http://ecx.images-amazon.com/images/I/21pG03zPoCL.jpg", "price": 31.54, "numReviews": 1, "groups": [206], "averageRating": 4.0}, {"asin": "B0052081E0", "name": "Achim Home Furnishings TOWDSTBK04 17-Inch Fantasia Standard Toilet Seat, Wood Black", "imUrl": "http://ecx.images-amazon.com/images/I/31%2BkWYZpuSL._SY300_.jpg", "price": 14.7, "numReviews": 5, "groups": [63], "averageRating": 4.0, "brand": "Achim Home Furnishings"}, {"asin": "B0017NXN7Q", "name": "Church 685E2 346 Elongated Easy Off with Soft Close, Linen", "imUrl": "http://ecx.images-amazon.com/images/I/31raGzk7rOL._SY300_.jpg", "price": 30.89, "numReviews": 2, "groups": [207], "averageRating": 4.0}, {"asin": "B001AHMDU2", "name": "Comfort Seats C1B5E2-00CH Deluxe Soft Toilet Seat with Wood Cores and Chrome Hinges, Elongated, White", "imUrl": "http://ecx.images-amazon.com/images/I/31C4PJUfhDL._SY300_.jpg", "price": 33.61, "numReviews": 29, "groups": [118, 208], "averageRating": 3.1379310344827585, "brand": "Comfort Seats"}, {"asin": "B00004T155", "name": "Mayfair 113CP 000 Soft Antimicrobial Vinyl Toilet Seat with Chrome Hinges, Elongated, White", "imUrl": "http://ecx.images-amazon.com/images/I/316zPeAiZWL._SY300_.jpg", "price": 37.88, "numReviews": 30, "groups": [208], "averageRating": 2.8}, {"asin": "B000LVKNU0", "name": "Kohler K-4648-47 Stonewood Round, Closed-Front Toilet Seat, Almond", "imUrl": "http://ecx.images-amazon.com/images/I/31jmc%2Bru8xL._SX300_.jpg", "price": 15.49, "numReviews": 171, "groups": [209], "averageRating": 4.526315789473684, "brand": "Kohler"}, {"asin": "B00164VR7O", "name": "TOTO SC134#01 Elongated Commercial Toilet Seat, Cotton White", "imUrl": "http://ecx.images-amazon.com/images/I/31i5VqItoOL._SY300_.jpg", "price": 28.8, "numReviews": 60, "groups": [210], "averageRating": 4.266666666666667}, {"asin": "B002I0IIKO", "name": "Bemis 1960PCH000 Molded Wood Retro Elongated Toilet Seat with Chrome/White Hinges, White", "imUrl": "http://ecx.images-amazon.com/images/I/31W1hGvzOvL._SY300_.jpg", "price": 24.9, "numReviews": 6, "groups": [211], "averageRating": 3.6666666666666665, "brand": "Bemis"}, {"asin": "B003MWVHGE", "name": "Porcher 70320-00.001 Contemporary Elongated Slow Close Toilet Seat, White", "imUrl": "http://ecx.images-amazon.com/images/I/31bT8E1RflL._SY300_.jpg", "price": 44.96, "numReviews": 2, "groups": [212], "averageRating": 1.5}, {"asin": "B0002YVREW", "name": "Design House 534495 Bradford Elongated Toilet Seat, Honey Oak", "imUrl": "http://ecx.images-amazon.com/images/I/41HtDhexTBL._SY300_.jpg", "price": 45.36, "numReviews": 3, "groups": [213], "averageRating": 3.3333333333333335}, {"asin": "B001CRJO34", "name": "Ginsey Solid Hunter Green Padded Toilet Seat", "imUrl": "http://ecx.images-amazon.com/images/I/412-20Mt3IL._SY300_.jpg", "price": 24.99, "numReviews": 22, "groups": [59, 64], "averageRating": 4.363636363636363, "brand": "Ginsey"}, {"asin": "B000ZU8OS0", "name": "KOHLER K-4662-0 Lustra Round Closed-Front Toilet Seat, White", "imUrl": "http://ecx.images-amazon.com/images/I/31Esv4f%2BxsL._SX300_.jpg", "price": 62.66, "numReviews": 21, "groups": [214], "averageRating": 3.2857142857142856}, {"asin": "B000P1TYQK", "name": "Premium Ginsey White Padded Soft Toilet Seat", "imUrl": "http://ecx.images-amazon.com/images/I/31Mj-goJeML._SY300_.jpg", "price": 21.99, "numReviews": 3, "groups": [215], "averageRating": 3.0, "brand": "Ginsey"}, {"asin": "B00IIQCSVM", "name": "TOPSEAT 6TSTR9999SL 000 Toilet Seat, Round TinyHiney Potty\u00ae, Chromed Slow Close Metal Hinges, White", "imUrl": "http://ecx.images-amazon.com/images/I/31tfOuBlXjL._SX300_.jpg", "price": 41.99, "numReviews": 4, "groups": [216], "averageRating": 4.75}, {"asin": "B000FK9SEO", "name": "Mayfair 120SLOW 000 Slow-Close Plastic Toilet Seat with Lift-Off Hinges, STA-TITE Seat Fastening System, Elongated, White", "imUrl": "http://ecx.images-amazon.com/images/I/31zsghX-hiL._SY300_.jpg", "price": 48.12, "numReviews": 34, "groups": [217], "averageRating": 4.352941176470588, "brand": "Mayfair", "salesRankCategory": "Home Improvement", "salesRank": 15435}, {"asin": "B000UNYY4K", "name": "American Standard 5308.014.020 Laurel Round Front Seat with Cover, White", "imUrl": "http://ecx.images-amazon.com/images/I/3181odDTxAL._SY300_.jpg", "price": 21.45, "numReviews": 11, "groups": [218], "averageRating": 3.6363636363636362, "brand": "American Standard"}, {"asin": "B008E487XQ", "name": "Achim Home Furnishings TOVYSTNY04 17-Inch Fantasia Standard Toilet Seat, Soft Navy", "imUrl": "http://ecx.images-amazon.com/images/I/31iTWfBYNxL._SY300_.jpg", "price": 14.97, "numReviews": 5, "groups": [219], "averageRating": 2.2, "brand": "Achim Home Furnishings"}, {"asin": "B0015BJ752", "name": "TOTO SS304#PB Wood SoftClose Elongated Toilet Seat, Polished Brass", "imUrl": "http://ecx.images-amazon.com/images/I/316WrdGA3IL._SX300_.jpg", "price": 238.0, "numReviews": 1, "groups": [220], "averageRating": 5.0}, {"asin": "B000UPO2RC", "name": "KOHLER K-4734-0 Grip-Tight Rutledge(R) Q3 Elongated Toilet Seat,  White", "imUrl": "http://ecx.images-amazon.com/images/I/31ZK7aLmREL._SX300_.jpg", "price": 34.24, "numReviews": 130, "groups": [221], "averageRating": 3.9307692307692306}, {"asin": "B001AVU6GG", "name": "Mayfair 47XC 000 XCITE! Molded Wood Toilet Seat, Round, White", "imUrl": "http://ecx.images-amazon.com/images/I/21NzDpzxmOL._SY300_.jpg", "price": 30.19, "numReviews": 7, "groups": [222], "averageRating": 3.857142857142857, "brand": "Mayfair"}, {"asin": "B001RDO636", "name": "Bemis 1544OR000 Molded Wood Elongated Toilet Seat With Oil Rubbed Bronze Hinges, White", "imUrl": "http://ecx.images-amazon.com/images/I/31LXGXbngtL._SY300_.jpg", "price": 34.58, "numReviews": 3, "groups": [223], "averageRating": 2.6666666666666665}, {"asin": "B00354WT7U", "name": "Kohler 84999 Toilet Seat Anchor Kit", "imUrl": "http://ecx.images-amazon.com/images/I/31%2BYA8%2B0i-L._SX300_.jpg", "price": 29.99, "numReviews": 49, "groups": [80], "averageRating": 2.1020408163265305, "brand": "Kohler"}, {"asin": "B00IUPJR60", "name": "Black Padded Soft Toilet Seat - Round", "imUrl": "http://ecx.images-amazon.com/images/I/41ADnv0-FwL._SY300_.jpg", "price": 10.95, "numReviews": 1, "groups": [224], "averageRating": 5.0}, {"asin": "B001AHRPR8", "name": "Comfort Seats C1B6R9-BFCH Acrylic Toilet Seat with Chrome Hinges, Round, Butterflies", "imUrl": "http://ecx.images-amazon.com/images/I/51vt-CAXsIL._SY300_.jpg", "price": 52.95, "numReviews": 31, "groups": [225], "averageRating": 4.580645161290323, "brand": "Comfort Seats"}, {"asin": "B001AVXCD0", "name": "Mayfair 147XC 000 XCITE! Molded Wood Toilet Seat, Elongated, White", "imUrl": "http://ecx.images-amazon.com/images/I/31DKHROb7PL._SY300_.jpg", "price": 26.87, "numReviews": 6, "groups": [222], "averageRating": 4.333333333333333, "brand": "Mayfair"}, {"asin": "B004CT50UA", "name": "Bemis 1583SLOW Elongated NextStep White SLOW Closing Potty Seat", "imUrl": "http://ecx.images-amazon.com/images/I/315CgFKp8OL._SY300_.jpg", "price": 39.25, "numReviews": 193, "groups": [139], "averageRating": 4.367875647668394, "brand": "Bemis"}, {"asin": "B00004T15O", "name": "Mayfair 28EC 000 Rose Sculptured Molded Wood Toilet Seat with Lift-Off Hinges, Round, White", "imUrl": "http://ecx.images-amazon.com/images/I/31ZsupkH67L._SY300_.jpg", "price": 19.19, "numReviews": 41, "groups": [226], "averageRating": 4.804878048780488, "brand": "Mayfair", "salesRankCategory": "Home Improvement", "salesRank": 48791}, {"asin": "B000TF1L18", "name": "KOHLER K-4639-0 Grip-Tight Cachet(R) Q3 Round Toilet Seat,  White", "imUrl": "http://ecx.images-amazon.com/images/I/31ggnZKcbCL._SX300_.jpg", "price": 32.18, "numReviews": 145, "groups": [47], "averageRating": 3.593103448275862}, {"asin": "B001ASF24A", "name": "Church 1400TTC 000 Elongated Wood Toilet Seat with Cover, White", "imUrl": "http://ecx.images-amazon.com/images/I/31MW%2BG98UPL._SY300_.jpg", "price": 16.32, "numReviews": 7, "groups": [227], "averageRating": 3.142857142857143}, {"asin": "B000RN3I3Q", "name": "Big John White Seat Open Front with Cover for Round Front or Elongated Toilet Bowls", "imUrl": "http://ecx.images-amazon.com/images/I/41yJW92RQ0L._SY300_.jpg", "price": 107.77, "numReviews": 1, "groups": [228], "averageRating": 5.0}, {"asin": "B001AHKBI8", "name": "Comfort Seats C1B3E3-90 Deluxe Plastic Contemporary Toilet Seat, Elongated, Black", "imUrl": "http://ecx.images-amazon.com/images/I/31Qzi9t1OLL._SY300_.jpg", "price": 27.0, "numReviews": 58, "groups": [168], "averageRating": 4.448275862068965, "brand": "Comfort Seats"}, {"asin": "B00596IFY8", "name": "Bemis Mfg 183EC 000 Elongated NextStep Child/Adult Toilet Seat with Easy-Clean & Change Hinge, White", "imUrl": "http://ecx.images-amazon.com/images/I/41Py3VfkAyL._SY300_.jpg", "price": 35.34, "numReviews": 198, "groups": [229], "averageRating": 4.136363636363637, "salesRankCategory": "Home Improvement", "salesRank": 846}, {"asin": "B000XY20ZQ", "name": "Sea Shell Lucite Tropical Fish Toilet Seat Seashell Standard Size", "imUrl": "http://ecx.images-amazon.com/images/I/51D18kp9ffL._SY300_.jpg", "price": 74.99, "numReviews": 2, "groups": [230], "averageRating": 4.5}, {"asin": "B004NBQK0Q", "name": "Achim Home Furnishings TOVYSTBU04 17-Inch Fantasia Standard Toilet Seat, Soft Burgundy", "imUrl": "http://ecx.images-amazon.com/images/I/41WkLwIEXNL._SY300_.jpg", "price": 13.47, "numReviews": 14, "groups": [231], "averageRating": 2.5714285714285716, "brand": "Achim Home Furnishings", "salesRankCategory": "Home Improvement", "salesRank": 66165}, {"asin": "B000TF70RM", "name": "KOHLER K-4713-47 French Curve Quiet-Close Elongated Toilet Seat, Almond", "imUrl": "http://ecx.images-amazon.com/images/I/31-JioBzvpL._SX300_.jpg", "price": 81.56, "numReviews": 28, "groups": [232], "averageRating": 3.5357142857142856}, {"asin": "B00004T156", "name": "Mayfair 120C 000 Plastic Toilet Seat with Top-Tite Hinges, Elongated, White", "imUrl": "http://ecx.images-amazon.com/images/I/31LM3cm6O%2BL._SY300_.jpg", "price": 29.5, "numReviews": 2, "groups": [233], "averageRating": 4.0, "brand": "Mayfair"}, {"asin": "B000P1VEAE", "name": "Tea Rose Standard Classique Soft Cushioned Toilet Seat", "imUrl": "http://ecx.images-amazon.com/images/I/31Ha094Rj6L._SY300_.jpg", "price": 11.99, "numReviews": 6, "groups": [234], "averageRating": 3.3333333333333335}, {"asin": "B00164VYRC", "name": "Bemis 1240210036 Eljer Emblem Molded Wood Round Toilet Seat, Natural", "imUrl": "http://ecx.images-amazon.com/images/I/31xWhn57vtL._SY300_.jpg", "price": 43.99, "numReviews": 1, "groups": [235], "averageRating": 5.0}, {"asin": "B003H4D9WC", "name": "Church 380SLOWT 006 Elongated Slow Close Toilet Seat, Bone", "imUrl": "http://ecx.images-amazon.com/images/I/31Id8t4UGSL._SY300_.jpg", "price": 53.59, "numReviews": 1, "groups": [236], "averageRating": 5.0}, {"asin": "B005ECLLXY", "name": "Kohler K-4775-47 Brevia Round Toilet Seat with Q2 Advantage, Almond", "imUrl": "http://ecx.images-amazon.com/images/I/31EwBZ8xYyL._SX300_.jpg", "price": 16.35, "numReviews": 18, "groups": [237], "averageRating": 3.0, "brand": "Kohler"}, {"asin": "B001AHKCVO", "name": "Comfort Seats C1B3R7S-00 EZ Close Standard Plastic Toilet Seat, Round, White", "imUrl": "http://ecx.images-amazon.com/images/I/31vIqQFaCXL._SY300_.jpg", "price": 21.95, "numReviews": 6, "groups": [238], "averageRating": 4.333333333333333, "brand": "Comfort Seats"}, {"asin": "B005ITREUM", "name": "Achim Home Furnishings TOWDSTBU04 17-Inch Fantasia Standard Toilet Seat, Wood Burgundy", "imUrl": "http://ecx.images-amazon.com/images/I/31aeTVG11pL._SY300_.jpg", "price": 15.5, "numReviews": 8, "groups": [239], "averageRating": 2.125, "brand": "Achim Home Furnishings"}, {"asin": "B008E48A7E", "name": "Achim Home Furnishings TOVYELTR04 19-Inch Fantasia Elongated Toilet Seat, Soft Tea Rose", "imUrl": "http://ecx.images-amazon.com/images/I/31M%2BLiRsZfL._SY300_.jpg", "price": 23.6, "numReviews": 3, "groups": [240], "averageRating": 2.3333333333333335, "brand": "Achim Home Furnishings"}, {"asin": "B001AHPL9M", "name": "Comfort Seats C1B3E4S-90 EZ Close Deluxe Plastic Toilet Seat, Elongated, Black", "imUrl": "http://ecx.images-amazon.com/images/I/31qGUvDxqgL._SY300_.jpg", "price": 38.0, "numReviews": 14, "groups": [125, 168], "averageRating": 4.0, "brand": "Comfort Seats"}, {"asin": "B001DO0KJI", "name": "Kohler K-4731-SC-0 Stronghold Elongated Toilet Seat, White", "imUrl": "http://ecx.images-amazon.com/images/I/21sFTWHs3UL._SX300_.jpg", "price": 28.46, "numReviews": 2, "groups": [241], "averageRating": 3.0, "brand": "Kohler"}, {"asin": "B001AHKD4A", "name": "Comfort Seats C1B3R4S-53 EZ Close Deluxe Plastic Toilet Seat, Round, Harvest Gold", "imUrl": "http://ecx.images-amazon.com/images/I/31OV93mdq4L._SY300_.jpg", "price": 32.96, "numReviews": 5, "groups": [119], "averageRating": 4.4, "brand": "Comfort Seats"}, {"asin": "B0025Q3G8A", "name": "Beneke 3500 Plumbers Preference Toilet Seat, White", "imUrl": "http://ecx.images-amazon.com/images/I/31Lbd5kE%2BcL._SY300_.jpg", "price": 40.0, "numReviews": 3, "groups": [242], "averageRating": 5.0}, {"asin": "B002I0BCBQ", "name": "Bemis 7850TDG 000 Sta-Tite Elongated Open Front Toilet Seat, White", "imUrl": "http://ecx.images-amazon.com/images/I/31oLnyU8mIL._SY300_.jpg", "price": 31.0, "numReviews": 1, "groups": [243], "averageRating": 5.0, "brand": "Bemis"}, {"asin": "B003UJTL4E", "name": "Church 8170NISL 000 Molded Round Toilet Seat with Cover, White", "imUrl": "http://ecx.images-amazon.com/images/I/31zRJQDG5tL._SY300_.jpg", "price": 42.19, "numReviews": 10, "groups": [244], "averageRating": 4.7}], "links": [{"source": 0, "target": 237, "right": true, "left": false, "value": 1}, {"source": 1, "target": 59, "right": true, "left": false, "value": 1}, {"source": 2, "target": 65, "right": false, "left": true, "value": 1}, {"source": 2, "target": 165, "right": true, "left": true, "value": 1}, {"source": 2, "target": 230, "right": false, "left": true, "value": 1}, {"source": 2, "target": 47, "right": false, "left": true, "value": 1}, {"source": 2, "target": 188, "right": true, "left": true, "value": 1}, {"source": 3, "target": 16, "right": true, "left": false, "value": 1}, {"source": 3, "target": 242, "right": true, "left": false, "value": 1}, {"source": 3, "target": 189, "right": true, "left": false, "value": 1}, {"source": 3, "target": 176, "right": true, "left": false, "value": 1}, {"source": 4, "target": 131, "right": true, "left": false, "value": 1}, {"source": 4, "target": 6, "right": true, "left": false, "value": 1}, {"source": 5, "target": 34, "right": false, "left": true, "value": 1}, {"source": 5, "target": 45, "right": true, "left": true, "value": 1}, {"source": 5, "target": 52, "right": true, "left": false, "value": 1}, {"source": 5, "target": 157, "right": false, "left": true, "value": 1}, {"source": 5, "target": 223, "right": false, "left": true, "value": 1}, {"source": 6, "target": 96, "right": true, "left": true, "value": 1}, {"source": 6, "target": 32, "right": false, "left": true, "value": 1}, {"source": 6, "target": 131, "right": true, "left": true, "value": 1}, {"source": 6, "target": 38, "right": false, "left": true, "value": 1}, {"source": 6, "target": 134, "right": false, "left": true, "value": 1}, {"source": 6, "target": 44, "right": false, "left": true, "value": 1}, {"source": 6, "target": 82, "right": false, "left": true, "value": 1}, {"source": 6, "target": 180, "right": false, "left": true, "value": 1}, {"source": 6, "target": 157, "right": false, "left": true, "value": 1}, {"source": 7, "target": 160, "right": true, "left": false, "value": 1}, {"source": 7, "target": 256, "right": true, "left": false, "value": 1}, {"source": 8, "target": 80, "right": true, "left": true, "value": 1}, {"source": 9, "target": 150, "right": true, "left": false, "value": 1}, {"source": 10, "target": 255, "right": false, "left": true, "value": 1}, {"source": 10, "target": 174, "right": false, "left": true, "value": 1}, {"source": 10, "target": 247, "right": true, "left": false, "value": 1}, {"source": 11, "target": 57, "right": true, "left": false, "value": 1}, {"source": 11, "target": 52, "right": true, "left": false, "value": 1}, {"source": 12, "target": 66, "right": true, "left": false, "value": 1}, {"source": 12, "target": 106, "right": true, "left": false, "value": 1}, {"source": 13, "target": 190, "right": true, "left": false, "value": 1}, {"source": 14, "target": 120, "right": true, "left": false, "value": 1}, {"source": 14, "target": 259, "right": true, "left": false, "value": 1}, {"source": 15, "target": 51, "right": true, "left": false, "value": 1}, {"source": 16, "target": 228, "right": true, "left": false, "value": 1}, {"source": 16, "target": 49, "right": true, "left": false, "value": 1}, {"source": 16, "target": 125, "right": true, "left": true, "value": 1}, {"source": 16, "target": 29, "right": false, "left": true, "value": 1}, {"source": 17, "target": 171, "right": true, "left": false, "value": 1}, {"source": 18, "target": 231, "right": false, "left": true, "value": 1}, {"source": 19, "target": 49, "right": true, "left": false, "value": 1}, {"source": 20, "target": 195, "right": false, "left": true, "value": 1}, {"source": 20, "target": 30, "right": false, "left": true, "value": 1}, {"source": 20, "target": 238, "right": false, "left": true, "value": 1}, {"source": 21, "target": 172, "right": true, "left": false, "value": 1}, {"source": 22, "target": 140, "right": false, "left": true, "value": 1}, {"source": 22, "target": 106, "right": true, "left": false, "value": 1}, {"source": 22, "target": 84, "right": true, "left": false, "value": 1}, {"source": 23, "target": 228, "right": true, "left": false, "value": 1}, {"source": 24, "target": 159, "right": true, "left": false, "value": 1}, {"source": 25, "target": 72, "right": true, "left": false, "value": 1}, {"source": 25, "target": 172, "right": true, "left": false, "value": 1}, {"source": 26, "target": 172, "right": true, "left": false, "value": 1}, {"source": 27, "target": 41, "right": true, "left": false, "value": 1}, {"source": 27, "target": 60, "right": true, "left": false, "value": 1}, {"source": 27, "target": 117, "right": true, "left": false, "value": 1}, {"source": 28, "target": 54, "right": false, "left": true, "value": 1}, {"source": 29, "target": 228, "right": true, "left": false, "value": 1}, {"source": 29, "target": 189, "right": true, "left": false, "value": 1}, {"source": 29, "target": 176, "right": true, "left": false, "value": 1}, {"source": 30, "target": 124, "right": false, "left": true, "value": 1}, {"source": 30, "target": 193, "right": true, "left": false, "value": 1}, {"source": 30, "target": 177, "right": false, "left": true, "value": 1}, {"source": 31, "target": 34, "right": true, "left": false, "value": 1}, {"source": 31, "target": 131, "right": true, "left": false, "value": 1}, {"source": 31, "target": 38, "right": false, "left": true, "value": 1}, {"source": 32, "target": 131, "right": true, "left": false, "value": 1}, {"source": 33, "target": 75, "right": false, "left": true, "value": 1}, {"source": 33, "target": 109, "right": true, "left": false, "value": 1}, {"source": 34, "target": 168, "right": false, "left": true, "value": 1}, {"source": 34, "target": 113, "right": false, "left": true, "value": 1}, {"source": 34, "target": 157, "right": false, "left": true, "value": 1}, {"source": 35, "target": 129, "right": false, "left": true, "value": 1}, {"source": 35, "target": 166, "right": false, "left": true, "value": 1}, {"source": 35, "target": 112, "right": true, "left": false, "value": 1}, {"source": 35, "target": 214, "right": false, "left": true, "value": 1}, {"source": 35, "target": 56, "right": false, "left": true, "value": 1}, {"source": 36, "target": 176, "right": true, "left": false, "value": 1}, {"source": 36, "target": 49, "right": true, "left": false, "value": 1}, {"source": 37, "target": 115, "right": false, "left": true, "value": 1}, {"source": 37, "target": 108, "right": true, "left": false, "value": 1}, {"source": 39, "target": 175, "right": true, "left": false, "value": 1}, {"source": 40, "target": 162, "right": false, "left": true, "value": 1}, {"source": 40, "target": 122, "right": true, "left": false, "value": 1}, {"source": 41, "target": 226, "right": false, "left": true, "value": 1}, {"source": 41, "target": 109, "right": true, "left": false, "value": 1}, {"source": 41, "target": 117, "right": true, "left": false, "value": 1}, {"source": 41, "target": 184, "right": false, "left": true, "value": 1}, {"source": 41, "target": 250, "right": false, "left": true, "value": 1}, {"source": 42, "target": 245, "right": true, "left": false, "value": 1}, {"source": 42, "target": 239, "right": true, "left": false, "value": 1}, {"source": 43, "target": 172, "right": true, "left": false, "value": 1}, {"source": 44, "target": 131, "right": true, "left": false, "value": 1}, {"source": 45, "target": 137, "right": false, "left": true, "value": 1}, {"source": 45, "target": 52, "right": true, "left": false, "value": 1}, {"source": 45, "target": 148, "right": false, "left": true, "value": 1}, {"source": 46, "target": 241, "right": true, "left": true, "value": 1}, {"source": 46, "target": 187, "right": false, "left": true, "value": 1}, {"source": 47, "target": 58, "right": true, "left": false, "value": 1}, {"source": 47, "target": 133, "right": true, "left": false, "value": 1}, {"source": 48, "target": 72, "right": true, "left": false, "value": 1}, {"source": 48, "target": 192, "right": true, "left": false, "value": 1}, {"source": 49, "target": 260, "right": false, "left": true, "value": 1}, {"source": 49, "target": 140, "right": false, "left": true, "value": 1}, {"source": 49, "target": 144, "right": false, "left": true, "value": 1}, {"source": 49, "target": 149, "right": false, "left": true, "value": 1}, {"source": 49, "target": 151, "right": false, "left": true, "value": 1}, {"source": 49, "target": 176, "right": false, "left": true, "value": 1}, {"source": 49, "target": 177, "right": false, "left": true, "value": 1}, {"source": 49, "target": 51, "right": false, "left": true, "value": 1}, {"source": 49, "target": 181, "right": false, "left": true, "value": 1}, {"source": 49, "target": 66, "right": false, "left": true, "value": 1}, {"source": 49, "target": 70, "right": false, "left": true, "value": 1}, {"source": 49, "target": 216, "right": false, "left": true, "value": 1}, {"source": 49, "target": 93, "right": false, "left": true, "value": 1}, {"source": 49, "target": 222, "right": false, "left": true, "value": 1}, {"source": 49, "target": 221, "right": false, "left": true, "value": 1}, {"source": 49, "target": 231, "right": false, "left": true, "value": 1}, {"source": 49, "target": 232, "right": false, "left": true, "value": 1}, {"source": 49, "target": 106, "right": false, "left": true, "value": 1}, {"source": 49, "target": 238, "right": false, "left": true, "value": 1}, {"source": 49, "target": 111, "right": false, "left": true, "value": 1}, {"source": 49, "target": 123, "right": false, "left": true, "value": 1}, {"source": 49, "target": 125, "right": false, "left": true, "value": 1}, {"source": 50, "target": 112, "right": true, "left": false, "value": 1}, {"source": 52, "target": 134, "right": false, "left": true, "value": 1}, {"source": 52, "target": 197, "right": false, "left": true, "value": 1}, {"source": 52, "target": 207, "right": false, "left": true, "value": 1}, {"source": 52, "target": 145, "right": true, "left": true, "value": 1}, {"source": 52, "target": 57, "right": true, "left": false, "value": 1}, {"source": 53, "target": 202, "right": false, "left": true, "value": 1}, {"source": 53, "target": 198, "right": true, "left": false, "value": 1}, {"source": 53, "target": 191, "right": true, "left": false, "value": 1}, {"source": 54, "target": 58, "right": true, "left": false, "value": 1}, {"source": 55, "target": 241, "right": true, "left": false, "value": 1}, {"source": 56, "target": 112, "right": false, "left": true, "value": 1}, {"source": 56, "target": 74, "right": true, "left": false, "value": 1}, {"source": 56, "target": 76, "right": false, "left": true, "value": 1}, {"source": 57, "target": 132, "right": false, "left": true, "value": 1}, {"source": 57, "target": 197, "right": false, "left": true, "value": 1}, {"source": 57, "target": 207, "right": false, "left": true, "value": 1}, {"source": 57, "target": 145, "right": false, "left": true, "value": 1}, {"source": 58, "target": 224, "right": true, "left": true, "value": 1}, {"source": 58, "target": 65, "right": false, "left": true, "value": 1}, {"source": 58, "target": 164, "right": false, "left": true, "value": 1}, {"source": 58, "target": 174, "right": false, "left": true, "value": 1}, {"source": 58, "target": 250, "right": false, "left": true, "value": 1}, {"source": 58, "target": 63, "right": false, "left": true, "value": 1}, {"source": 60, "target": 213, "right": false, "left": true, "value": 1}, {"source": 61, "target": 116, "right": true, "left": false, "value": 1}, {"source": 62, "target": 64, "right": true, "left": false, "value": 1}, {"source": 62, "target": 236, "right": false, "left": true, "value": 1}, {"source": 62, "target": 215, "right": true, "left": true, "value": 1}, {"source": 63, "target": 224, "right": true, "left": true, "value": 1}, {"source": 64, "target": 130, "right": false, "left": true, "value": 1}, {"source": 64, "target": 215, "right": false, "left": true, "value": 1}, {"source": 64, "target": 199, "right": false, "left": true, "value": 1}, {"source": 66, "target": 67, "right": false, "left": true, "value": 1}, {"source": 66, "target": 93, "right": false, "left": true, "value": 1}, {"source": 67, "target": 106, "right": true, "left": false, "value": 1}, {"source": 68, "target": 237, "right": true, "left": false, "value": 1}, {"source": 68, "target": 190, "right": true, "left": false, "value": 1}, {"source": 69, "target": 241, "right": true, "left": false, "value": 1}, {"source": 71, "target": 245, "right": true, "left": false, "value": 1}, {"source": 72, "target": 192, "right": true, "left": true, "value": 1}, {"source": 72, "target": 100, "right": false, "left": true, "value": 1}, {"source": 72, "target": 133, "right": true, "left": false, "value": 1}, {"source": 72, "target": 146, "right": false, "left": true, "value": 1}, {"source": 72, "target": 147, "right": false, "left": true, "value": 1}, {"source": 72, "target": 118, "right": false, "left": true, "value": 1}, {"source": 73, "target": 217, "right": true, "left": false, "value": 1}, {"source": 73, "target": 218, "right": true, "left": false, "value": 1}, {"source": 74, "target": 112, "right": true, "left": false, "value": 1}, {"source": 74, "target": 76, "right": false, "left": true, "value": 1}, {"source": 77, "target": 172, "right": true, "left": false, "value": 1}, {"source": 77, "target": 116, "right": true, "left": false, "value": 1}, {"source": 77, "target": 262, "right": true, "left": false, "value": 1}, {"source": 78, "target": 212, "right": true, "left": false, "value": 1}, {"source": 79, "target": 235, "right": true, "left": true, "value": 1}, {"source": 81, "target": 240, "right": true, "left": false, "value": 1}, {"source": 82, "target": 131, "right": true, "left": false, "value": 1}, {"source": 83, "target": 217, "right": false, "left": true, "value": 1}, {"source": 83, "target": 218, "right": false, "left": true, "value": 1}, {"source": 83, "target": 86, "right": false, "left": true, "value": 1}, {"source": 83, "target": 87, "right": false, "left": true, "value": 1}, {"source": 84, "target": 176, "right": true, "left": false, "value": 1}, {"source": 84, "target": 153, "right": false, "left": true, "value": 1}, {"source": 85, "target": 212, "right": true, "left": false, "value": 1}, {"source": 86, "target": 217, "right": true, "left": false, "value": 1}, {"source": 86, "target": 119, "right": true, "left": false, "value": 1}, {"source": 87, "target": 217, "right": true, "left": false, "value": 1}, {"source": 87, "target": 119, "right": true, "left": false, "value": 1}, {"source": 88, "target": 237, "right": true, "left": false, "value": 1}, {"source": 89, "target": 241, "right": true, "left": false, "value": 1}, {"source": 89, "target": 219, "right": true, "left": false, "value": 1}, {"source": 90, "target": 97, "right": true, "left": false, "value": 1}, {"source": 90, "target": 172, "right": true, "left": false, "value": 1}, {"source": 90, "target": 262, "right": true, "left": false, "value": 1}, {"source": 91, "target": 227, "right": true, "left": false, "value": 1}, {"source": 92, "target": 177, "right": false, "left": true, "value": 1}, {"source": 94, "target": 216, "right": false, "left": true, "value": 1}, {"source": 95, "target": 117, "right": true, "left": false, "value": 1}, {"source": 96, "target": 131, "right": true, "left": false, "value": 1}, {"source": 96, "target": 180, "right": false, "left": true, "value": 1}, {"source": 97, "target": 169, "right": false, "left": true, "value": 1}, {"source": 97, "target": 172, "right": true, "left": false, "value": 1}, {"source": 98, "target": 230, "right": true, "left": false, "value": 1}, {"source": 99, "target": 210, "right": true, "left": false, "value": 1}, {"source": 100, "target": 133, "right": true, "left": false, "value": 1}, {"source": 100, "target": 192, "right": false, "left": true, "value": 1}, {"source": 101, "target": 190, "right": true, "left": false, "value": 1}, {"source": 102, "target": 171, "right": true, "left": false, "value": 1}, {"source": 103, "target": 203, "right": true, "left": false, "value": 1}, {"source": 103, "target": 190, "right": true, "left": false, "value": 1}, {"source": 104, "target": 172, "right": true, "left": false, "value": 1}, {"source": 105, "target": 237, "right": true, "left": false, "value": 1}, {"source": 106, "target": 229, "right": false, "left": true, "value": 1}, {"source": 106, "target": 176, "right": true, "left": false, "value": 1}, {"source": 107, "target": 172, "right": true, "left": false, "value": 1}, {"source": 109, "target": 226, "right": false, "left": true, "value": 1}, {"source": 109, "target": 184, "right": false, "left": true, "value": 1}, {"source": 109, "target": 188, "right": false, "left": true, "value": 1}, {"source": 110, "target": 124, "right": true, "left": true, "value": 1}, {"source": 110, "target": 116, "right": true, "left": false, "value": 1}, {"source": 112, "target": 251, "right": false, "left": true, "value": 1}, {"source": 113, "target": 145, "right": true, "left": false, "value": 1}, {"source": 114, "target": 161, "right": true, "left": false, "value": 1}, {"source": 115, "target": 232, "right": true, "left": false, "value": 1}, {"source": 116, "target": 138, "right": false, "left": true, "value": 1}, {"source": 116, "target": 172, "right": true, "left": false, "value": 1}, {"source": 116, "target": 121, "right": false, "left": true, "value": 1}, {"source": 116, "target": 124, "right": true, "left": true, "value": 1}, {"source": 117, "target": 213, "right": false, "left": true, "value": 1}, {"source": 117, "target": 185, "right": false, "left": true, "value": 1}, {"source": 117, "target": 188, "right": false, "left": true, "value": 1}, {"source": 118, "target": 133, "right": true, "left": false, "value": 1}, {"source": 118, "target": 192, "right": true, "left": false, "value": 1}, {"source": 119, "target": 217, "right": true, "left": true, "value": 1}, {"source": 119, "target": 218, "right": true, "left": false, "value": 1}, {"source": 120, "target": 259, "right": true, "left": true, "value": 1}, {"source": 120, "target": 198, "right": false, "left": true, "value": 1}, {"source": 124, "target": 193, "right": true, "left": true, "value": 1}, {"source": 124, "target": 138, "right": false, "left": true, "value": 1}, {"source": 124, "target": 155, "right": false, "left": true, "value": 1}, {"source": 125, "target": 182, "right": false, "left": true, "value": 1}, {"source": 126, "target": 211, "right": false, "left": true, "value": 1}, {"source": 127, "target": 136, "right": false, "left": true, "value": 1}, {"source": 127, "target": 257, "right": true, "left": true, "value": 1}, {"source": 127, "target": 244, "right": true, "left": false, "value": 1}, {"source": 128, "target": 257, "right": true, "left": false, "value": 1}, {"source": 132, "target": 197, "right": true, "left": false, "value": 1}, {"source": 133, "target": 192, "right": true, "left": true, "value": 1}, {"source": 133, "target": 146, "right": false, "left": true, "value": 1}, {"source": 134, "target": 145, "right": true, "left": false, "value": 1}, {"source": 135, "target": 258, "right": false, "left": true, "value": 1}, {"source": 139, "target": 245, "right": true, "left": false, "value": 1}, {"source": 139, "target": 142, "right": true, "left": false, "value": 1}, {"source": 139, "target": 239, "right": true, "left": false, "value": 1}, {"source": 141, "target": 150, "right": true, "left": false, "value": 1}, {"source": 142, "target": 227, "right": false, "left": true, "value": 1}, {"source": 142, "target": 170, "right": false, "left": true, "value": 1}, {"source": 142, "target": 239, "right": true, "left": true, "value": 1}, {"source": 142, "target": 245, "right": true, "left": false, "value": 1}, {"source": 142, "target": 183, "right": false, "left": true, "value": 1}, {"source": 143, "target": 243, "right": false, "left": true, "value": 1}, {"source": 144, "target": 228, "right": true, "left": false, "value": 1}, {"source": 147, "target": 172, "right": true, "left": false, "value": 1}, {"source": 149, "target": 176, "right": true, "left": false, "value": 1}, {"source": 149, "target": 232, "right": true, "left": false, "value": 1}, {"source": 151, "target": 176, "right": true, "left": false, "value": 1}, {"source": 151, "target": 238, "right": false, "left": true, "value": 1}, {"source": 152, "target": 243, "right": false, "left": true, "value": 1}, {"source": 154, "target": 176, "right": true, "left": false, "value": 1}, {"source": 156, "target": 176, "right": true, "left": false, "value": 1}, {"source": 156, "target": 232, "right": true, "left": false, "value": 1}, {"source": 158, "target": 178, "right": true, "left": false, "value": 1}, {"source": 163, "target": 237, "right": false, "left": true, "value": 1}, {"source": 163, "target": 246, "right": false, "left": true, "value": 1}, {"source": 165, "target": 188, "right": true, "left": false, "value": 1}, {"source": 167, "target": 193, "right": true, "left": false, "value": 1}, {"source": 169, "target": 172, "right": true, "left": false, "value": 1}, {"source": 170, "target": 183, "right": false, "left": true, "value": 1}, {"source": 171, "target": 231, "right": false, "left": true, "value": 1}, {"source": 172, "target": 196, "right": false, "left": true, "value": 1}, {"source": 172, "target": 176, "right": true, "left": false, "value": 1}, {"source": 172, "target": 210, "right": false, "left": true, "value": 1}, {"source": 172, "target": 219, "right": false, "left": true, "value": 1}, {"source": 173, "target": 257, "right": true, "left": true, "value": 1}, {"source": 173, "target": 244, "right": true, "left": true, "value": 1}, {"source": 174, "target": 247, "right": true, "left": false, "value": 1}, {"source": 176, "target": 194, "right": false, "left": true, "value": 1}, {"source": 176, "target": 195, "right": false, "left": true, "value": 1}, {"source": 176, "target": 260, "right": false, "left": true, "value": 1}, {"source": 176, "target": 200, "right": false, "left": true, "value": 1}, {"source": 176, "target": 232, "right": false, "left": true, "value": 1}, {"source": 176, "target": 210, "right": false, "left": true, "value": 1}, {"source": 176, "target": 242, "right": false, "left": true, "value": 1}, {"source": 179, "target": 248, "right": false, "left": true, "value": 1}, {"source": 182, "target": 228, "right": true, "left": false, "value": 1}, {"source": 185, "target": 237, "right": true, "left": false, "value": 1}, {"source": 185, "target": 190, "right": true, "left": false, "value": 1}, {"source": 186, "target": 212, "right": true, "left": false, "value": 1}, {"source": 187, "target": 241, "right": true, "left": false, "value": 1}, {"source": 188, "target": 230, "right": false, "left": true, "value": 1}, {"source": 189, "target": 194, "right": false, "left": true, "value": 1}, {"source": 189, "target": 260, "right": false, "left": true, "value": 1}, {"source": 189, "target": 242, "right": false, "left": true, "value": 1}, {"source": 190, "target": 203, "right": false, "left": true, "value": 1}, {"source": 193, "target": 206, "right": true, "left": true, "value": 1}, {"source": 195, "target": 234, "right": false, "left": true, "value": 1}, {"source": 198, "target": 259, "right": true, "left": false, "value": 1}, {"source": 201, "target": 245, "right": true, "left": false, "value": 1}, {"source": 201, "target": 239, "right": true, "left": false, "value": 1}, {"source": 202, "target": 259, "right": true, "left": false, "value": 1}, {"source": 204, "target": 225, "right": false, "left": true, "value": 1}, {"source": 205, "target": 237, "right": true, "left": false, "value": 1}, {"source": 208, "target": 220, "right": true, "left": false, "value": 1}, {"source": 209, "target": 252, "right": false, "left": true, "value": 1}, {"source": 211, "target": 237, "right": true, "left": false, "value": 1}, {"source": 217, "target": 218, "right": true, "left": true, "value": 1}, {"source": 219, "target": 253, "right": false, "left": true, "value": 1}, {"source": 220, "target": 261, "right": false, "left": true, "value": 1}, {"source": 224, "target": 250, "right": false, "left": true, "value": 1}, {"source": 225, "target": 241, "right": true, "left": false, "value": 1}, {"source": 227, "target": 239, "right": true, "left": false, "value": 1}, {"source": 228, "target": 249, "right": false, "left": true, "value": 1}, {"source": 232, "target": 249, "right": false, "left": true, "value": 1}, {"source": 233, "target": 238, "right": true, "left": true, "value": 1}, {"source": 235, "target": 248, "right": false, "left": true, "value": 1}, {"source": 237, "target": 240, "right": true, "left": false, "value": 1}, {"source": 239, "target": 245, "right": true, "left": false, "value": 1}, {"source": 241, "target": 254, "right": false, "left": true, "value": 1}, {"source": 244, "target": 257, "right": true, "left": true, "value": 1}, {"source": 247, "target": 255, "right": false, "left": true, "value": 1}]}