{"nodes": [{"asin": "B00170RES8", "name": "Crescent 52910N A-N Connector Pliers, 10-Inch", "imUrl": "http://ecx.images-amazon.com/images/I/31NTcOoajpL._SX300_.jpg", "price": 27.99, "numReviews": 6, "groups": [0], "averageRating": 4.666666666666667}, {"asin": "B0019NA00W", "name": "Needle Nose Pliers, Very Fine Point, 6 1/4 inch", "imUrl": "http://ecx.images-amazon.com/images/I/31M8CHr5QgL._SX300_.jpg", "price": 6.74, "numReviews": 2, "groups": [1], "averageRating": 5.0}, {"asin": "B001G0MGZA", "name": "Grip-On 127B-10 10-Inch Bent Long Nose Locking Pliers, Nickel-Plated", "imUrl": "http://ecx.images-amazon.com/images/I/31lYbVYbYdL._SX300_.jpg", "price": 31.76, "numReviews": 1, "groups": [2], "averageRating": 2.0}, {"asin": "B003B8YLN0", "name": "Knipex 2201180 Round Nose Pliers, 7.25 Inch", "imUrl": "http://ecx.images-amazon.com/images/I/31ESEplJ%2BDL._SX300_.jpg", "price": 21.99, "numReviews": 3, "groups": [3], "averageRating": 4.666666666666667, "brand": "Knipex"}, {"asin": "B004UNFE9U", "name": "Xcelite L4G Sub-Miniature Needle Nose Plier with Green Cushion Grip Handle, Smooth Jaw, 4\" Length, 13/16\" Jaw Length", "imUrl": "http://ecx.images-amazon.com/images/I/31C6UVnFC6L._SX342_.jpg", "price": 19.4, "numReviews": 7, "groups": [4], "averageRating": 4.571428571428571, "salesRankCategory": "Industrial & Scientific", "salesRank": 4479}, {"asin": "B00619CCBE", "name": "Craftsman 9-45085 8-Inch Needle Nose Pliers", "imUrl": "http://ecx.images-amazon.com/images/I/31%2BPV5ympkL._SX300_.jpg", "price": 23.95, "numReviews": 1, "groups": [5], "averageRating": 5.0}, {"asin": "B004UIKYOA", "name": "Irwin Tools 1771973 Vise-Grip Combination Pliers, 6-Inch", "imUrl": "http://ecx.images-amazon.com/images/I/31wWLHwKtzL._SY300_.jpg", "price": 11.04, "numReviews": 2, "groups": [6], "averageRating": 5.0, "brand": "Irwin Tools"}, {"asin": "B005VN3MD8", "name": "JH Williams PL-149C 8-Inch Duck Bill Pliers", "imUrl": "http://ecx.images-amazon.com/images/I/31xyAbCZ0cL._SX300_.jpg", "price": 23.44, "numReviews": 2, "groups": [7, 8], "averageRating": 4.5}, {"asin": "B000NPPCEG", "name": "TEKTON 35074 6-1/2-Inch Flex Grip 45-Degree Bent Nose Pliers", "imUrl": "http://ecx.images-amazon.com/images/I/31g2xCzInJL._SX300_.jpg", "price": 7.13, "numReviews": 1, "groups": [9], "averageRating": 5.0, "brand": "TEKTON"}, {"asin": "B002JAQGMK", "name": "Greenlee 0351-07D Long Nose Pliers/Side Cutting, Dipped Grip, 7\"", "imUrl": "http://ecx.images-amazon.com/images/I/31Tb%2BL%2B04hL._SX300_.jpg", "price": 20.98, "numReviews": 1, "groups": [10], "averageRating": 4.0, "brand": "Greenlee"}, {"asin": "B00775QCZS", "name": "Instrument Clinic Parallel Pliers, Set of 3 (120mm Length), Clarinet, Saxophone Repair", "imUrl": "http://ecx.images-amazon.com/images/I/41W31sVs8AL._SY300_.jpg", "price": 44.59, "numReviews": 1, "groups": [11], "averageRating": 4.0, "salesRankCategory": "Musical Instruments", "salesRank": 44197}, {"asin": "B005EXNYMO", "name": "KNIPEX 25 03 125 Long Nose Pliers with Cutter-Comfort Grip", "imUrl": "http://ecx.images-amazon.com/images/I/31wEglPEbSL._SX300_.jpg", "price": 33.92, "numReviews": 1, "groups": [12], "averageRating": 5.0}, {"asin": "B004G48MEW", "name": "Nylon Jaw Bracelet Bending Pliers", "imUrl": "http://ecx.images-amazon.com/images/I/41B5QaavXSL._SY300_.jpg", "price": 23.69, "numReviews": 2, "groups": [13], "averageRating": 3.0}, {"asin": "B000JNPQE8", "name": "Irwin 2078905 Vise-Grip 5-1/4-Inch Long Nose with Spring and Cutter", "imUrl": "http://ecx.images-amazon.com/images/I/414nrtj9yYL._SY300_.jpg", "price": 11.25, "numReviews": 4, "groups": [14], "averageRating": 4.75}, {"asin": "B0007XJO7U", "name": "Stanley 89-872 7-3/4-Inch Bent Long Nose Plier with Cutter", "imUrl": "http://ecx.images-amazon.com/images/I/313KMbNFHML._SX300_.jpg", "price": 16.03, "numReviews": 3, "groups": [15], "averageRating": 3.6666666666666665, "brand": "Stanley"}, {"asin": "B000G9WKDA", "name": "Crescent Long Needle Nose Pliers 6 Inch", "imUrl": "http://ecx.images-amazon.com/images/I/31W9jyCgIML._SX300_.jpg", "price": 15.23, "numReviews": 1, "groups": [16], "averageRating": 5.0}, {"asin": "B000JZH02C", "name": "IDL TOOLS INTERNATIONAL VG7000BK The ViperGrip Needle Nose 2-in-1 Self-Adjusting & Locking Pliers", "imUrl": "http://ecx.images-amazon.com/images/I/31bBnAhE4zL._SX300_.jpg", "price": 21.6, "numReviews": 13, "groups": [17], "averageRating": 4.0}, {"asin": "B000GHWDXE", "name": "Channellock 738 8-Inch Needle Nose Long Reach Plier", "imUrl": "http://ecx.images-amazon.com/images/I/31ufjnG8yGL._SX300_.jpg", "price": 13.06, "numReviews": 10, "groups": [18], "averageRating": 4.6, "brand": "Channellock"}, {"asin": "B006JVU2JI", "name": "Sunex 3717 45-Degree Angle Needle Nose Pliers, 16-Inch", "imUrl": "http://ecx.images-amazon.com/images/I/21mD9K%2BjyhL._SX300_.jpg", "price": 11.03, "numReviews": 1, "groups": [19], "averageRating": 4.0, "brand": "Sunex"}, {"asin": "B0058ECIZS", "name": "Lindstrom Flat Nose - PLR-7490RX", "imUrl": "http://ecx.images-amazon.com/images/I/41Eg-C%2BCJ7L._SY300_.jpg", "price": 61.44, "numReviews": 1, "groups": [20], "averageRating": 5.0, "brand": "Lindstrom"}, {"asin": "B0052XQYH8", "name": "Irwin Tools 1773582 11-Inch Vise-Grip Long Reach Needle Nose Pliers", "imUrl": "http://ecx.images-amazon.com/images/I/31uM35xF7wL._SY300_.jpg", "price": 18.33, "numReviews": 1, "groups": [21], "averageRating": 3.0, "brand": "Irwin Tools"}, {"asin": "B000G67F24", "name": "Klein Tools D203-7 7-Inch Standard Long-Nose Pliers-Side-Cutting", "imUrl": "http://ecx.images-amazon.com/images/I/31ZlFFaHwRL._SX300_.jpg", "price": 14.25, "numReviews": 2, "groups": [22], "averageRating": 5.0, "brand": "Klein"}, {"asin": "B000NPPATI", "name": "TEKTON 3574 7-Inch External Snap Ring Pliers", "imUrl": "http://ecx.images-amazon.com/images/I/31DJtJUEP5L._SX300_.jpg", "price": 5.68, "numReviews": 16, "groups": [23], "averageRating": 4.25, "brand": "TEKTON"}, {"asin": "B00FX9UYTK", "name": "Delcast 5-Piece Utility Pliers Set, Includes Needle, Bent, Long Nose, Combination and Slip Joint Pliers", "imUrl": "http://ecx.images-amazon.com/images/I/41DMZafM-OL._SY300_.jpg", "price": 13.29, "numReviews": 1, "groups": [24], "averageRating": 5.0}, {"asin": "B000G6CAGK", "name": "Klein Tools D302-6 Curved Long-Nose Pliers", "imUrl": "http://ecx.images-amazon.com/images/I/31ZXffTN%2BpL._SX300_.jpg", "price": 27.44, "numReviews": 6, "groups": [25], "averageRating": 4.5, "brand": "Klein"}, {"asin": "B004QO9GIS", "name": "Powerbuilt 640947 Mini Pliers Set, 6-Piece", "imUrl": "http://ecx.images-amazon.com/images/I/41zzqS85a5L._SX300_.jpg", "price": 17.95, "numReviews": 4, "groups": [26], "averageRating": 3.0, "brand": "Powerbuilt"}, {"asin": "B003RWS92E", "name": "Knipex 2202160 Round Nose Pliers with Comfort Grip, 6.25 Inch", "imUrl": "http://ecx.images-amazon.com/images/I/314CrzKWGfL._SX300_.jpg", "price": 26.8, "numReviews": 4, "groups": [27], "averageRating": 5.0, "brand": "Knipex"}, {"asin": "B002026WYY", "name": "Knipex 2201160 Round Nose Pliers, 6.25 Inch", "imUrl": "http://ecx.images-amazon.com/images/I/31ESEplJ%2BDL._SX300_.jpg", "price": 29.04, "numReviews": 1, "groups": [28], "averageRating": 5.0}, {"asin": "B000HYMQH4", "name": "Pliers, Parallel Serrated Flat Nose - 46.285", "imUrl": "http://ecx.images-amazon.com/images/I/41yPQl0KHFL._SX300_.jpg", "price": 25.95, "numReviews": 1, "groups": [29], "averageRating": 1.0}, {"asin": "B00931QI5I", "name": "Crescent PSX203C X2 Long Reach Pliers Set, Long and Bent Long Nose", "imUrl": "http://ecx.images-amazon.com/images/I/41-vCDf-xmL._SX300_.jpg", "price": 20.0, "numReviews": 28, "groups": [30], "averageRating": 4.642857142857143}, {"asin": "B000271IO8", "name": "Channellock 350S 9-Inch Ironworkers Plier with Spring", "imUrl": "http://ecx.images-amazon.com/images/I/31TGOobVjSL._SY300_.jpg", "price": 27.94, "numReviews": 4, "groups": [31], "averageRating": 5.0, "brand": "Channellock"}, {"asin": "B000LY8LFQ", "name": "Crescent PS20509C Pro Series Linesman Compound Action Cutting Pliers, 8-Inch", "imUrl": "http://ecx.images-amazon.com/images/I/31QsFH6AKgL._SX300_.jpg", "price": 9.5, "numReviews": 17, "groups": [32], "averageRating": 3.9411764705882355}, {"asin": "B00004WLK0", "name": "Gardner Bender GS-385 6-1/2-Inch Long Nose Electrical Plier With Cutter And Crimper", "imUrl": "http://ecx.images-amazon.com/images/I/31H93AFTCZL._SX300_.jpg", "price": 10.41, "numReviews": 1, "groups": [33], "averageRating": 2.0}, {"asin": "B0091KHK6C", "name": "Crescent PSX200C X2 Long Reach Pliers", "imUrl": "http://ecx.images-amazon.com/images/I/31tvWRBqFhL._SX300_.jpg", "price": 14.28, "numReviews": 4, "groups": [34], "averageRating": 5.0}, {"asin": "B00065T1EA", "name": "Craftsman 9-45102 6-Inch Long Nose Pliers", "imUrl": "http://ecx.images-amazon.com/images/I/31LyjH67FCL._SY300_.jpg", "price": 24.0, "numReviews": 2, "groups": [35], "averageRating": 5.0, "brand": "Craftsman"}, {"asin": "B00065T1TA", "name": "Craftsman 9-45103 8-Inch Long Nose Pliers", "imUrl": "http://ecx.images-amazon.com/images/I/31M2USQIaTL._SX300_.jpg", "price": 26.9, "numReviews": 2, "groups": [36], "averageRating": 3.5, "brand": "Craftsman"}, {"asin": "B000NPT5TO", "name": "TEKTON 3506 4-1/2-Inch Precision Long Nose Pliers", "imUrl": "http://ecx.images-amazon.com/images/I/31UixtlEMNL._SX300_.jpg", "price": 4.55, "numReviews": 7, "groups": [37], "averageRating": 3.857142857142857, "brand": "TEKTON"}, {"asin": "B0036VP28K", "name": "Black Rhino 00308 9.5-Inch Linesmen Plus Plier", "imUrl": "http://ecx.images-amazon.com/images/I/31SV4KcwaRL._SX300_.jpg", "price": 36.74, "numReviews": 1, "groups": [38], "averageRating": 5.0}, {"asin": "B004DGISG0", "name": "Beadalon Black Handle Round Nose Pliers, Econo", "imUrl": "http://ecx.images-amazon.com/images/I/31CHZNaBB4L._SX300_.jpg", "price": 10.99, "numReviews": 1, "groups": [39], "averageRating": 3.0, "salesRankCategory": "Arts, Crafts & Sewing", "salesRank": 154139}, {"asin": "B005JVKCDK", "name": "Mini-Lineman's Pliers", "imUrl": "http://ecx.images-amazon.com/images/I/31YC9-b17mL._SY300_.jpg", "price": 7.9, "numReviews": 1, "groups": [40], "averageRating": 5.0}, {"asin": "B007QV4PZM", "name": "EZ RED KWP2 Kiwi Set, 2-Piece", "imUrl": "http://ecx.images-amazon.com/images/I/31JiOkOZYpL.jpg", "price": 19.95, "numReviews": 31, "groups": [41], "averageRating": 4.354838709677419}, {"asin": "B000189FGQ", "name": "Channellock 3017 8-Inch Long Nose Plier", "imUrl": "http://ecx.images-amazon.com/images/I/31e08nUVg8L._SX300_.jpg", "price": 9.92, "numReviews": 28, "groups": [42], "averageRating": 4.892857142857143, "brand": "Channellock"}, {"asin": "B004NJJQA4", "name": "5 Pcs 11\" Long Nose Pliers with Pouch", "imUrl": "http://ecx.images-amazon.com/images/I/516%2BDWbq4DL._SY300_.jpg", "price": 27.98, "numReviews": 3, "groups": [43], "averageRating": 5.0}, {"asin": "B000G6CACO", "name": "Klein Tools J203-7 7-Inch Journeyman Standard Long-Nose Pliers, Yellow and Black", "imUrl": "http://ecx.images-amazon.com/images/I/31ZDKqZwYkL._SX300_.jpg", "price": 28.3, "numReviews": 3, "groups": [44], "averageRating": 5.0, "brand": "Klein"}, {"asin": "B005GXPK2E", "name": "JH Williams PL-126C Thin Bent Chain Nose Pliers", "imUrl": "http://ecx.images-amazon.com/images/I/31fpWuIEHYL._SX300_.jpg", "price": 14.97, "numReviews": 2, "groups": [45], "averageRating": 3.5, "brand": "Williams"}, {"asin": "B000B8FRQ8", "name": "Stanley 84-101, 6 Inch Basic Long Nose Cutting Plier", "imUrl": "http://ecx.images-amazon.com/images/I/31rznMjoE0L._SY300_.jpg", "price": 8.02, "numReviews": 6, "groups": [46], "averageRating": 5.0, "brand": "Stanley"}, {"asin": "B003OAC8MQ", "name": "Sunex 3720 Flexible Hose Clamp Pliers", "imUrl": "http://ecx.images-amazon.com/images/I/41Xn5W4FCyL._SY300_.jpg", "price": 42.44, "numReviews": 5, "groups": [47], "averageRating": 2.6, "brand": "Sunex"}, {"asin": "B001F2NOFU", "name": "QUEST THT-2000 5 3/4in NEEDLE NOSE PLIER-SMOOTH", "imUrl": "http://ecx.images-amazon.com/images/I/41pytFnfiJL._SY300_.jpg", "price": 4.68, "numReviews": 1, "groups": [48], "averageRating": 5.0, "salesRankCategory": "Electronics", "salesRank": 196151}, {"asin": "B000MAOQY4", "name": "SK 17854 2 Piece Long Reach Compound Pliers", "imUrl": "http://ecx.images-amazon.com/images/I/31QtF0L0VpL._SX300_.jpg", "price": 45.96, "numReviews": 2, "groups": [49], "averageRating": 5.0}, {"asin": "B000NNFSM4", "name": "Stanley 84-031W 6-Inch Bi-Material Long Nose Cutting Plier", "imUrl": "http://ecx.images-amazon.com/images/I/41TlsDC68iL._SY300_.jpg", "price": 11.23, "numReviews": 2, "groups": [50], "averageRating": 5.0, "brand": "Stanley"}, {"asin": "B000G69DYC", "name": "Klein D203-5 5-Inch Standard Long-Nose Pliers-Side-Cutting", "imUrl": "http://ecx.images-amazon.com/images/I/31UR-LHxm2L._SX300_.jpg", "price": 19.42, "numReviews": 1, "groups": [51], "averageRating": 4.0}, {"asin": "B001HWDK16", "name": "Stanley Proto J225G Proto 6-5/16-Inch Bent Nose Needle-Nose Pliers", "imUrl": "http://ecx.images-amazon.com/images/I/3120ToEbr3L._SX300_.jpg", "price": 28.86, "numReviews": 1, "groups": [52], "averageRating": 3.0}, {"asin": "B000OH0GO4", "name": "SK Hand Tools 7698  Crimping/Stripping Pliers 8\"", "imUrl": "http://ecx.images-amazon.com/images/I/31MuNTqc%2BfL._SX300_.jpg", "price": 24.49, "numReviews": 4, "groups": [53], "averageRating": 4.75, "brand": "SK Hand Tools"}, {"asin": "B00931QHTK", "name": "Crescent PSX201C X2 Bent Nose Long Reach Pliers", "imUrl": "http://ecx.images-amazon.com/images/I/31oaFQ-fXiL._SX300_.jpg", "price": 14.58, "numReviews": 1, "groups": [54], "averageRating": 5.0}, {"asin": "B0007U0HWO", "name": "SK 17830 11-Inch Straight Needle Nose Plier", "imUrl": "http://ecx.images-amazon.com/images/I/31ZJPM7H4SL._SX300_.jpg", "price": 31.99, "numReviews": 1, "groups": [55], "averageRating": 5.0}, {"asin": "B000A7US5K", "name": "CH Hanson 09300 7-Inch Needle Nose Self-Adjusting Locking Pliers", "imUrl": "http://ecx.images-amazon.com/images/I/31HKGRAueRL._SX300_.jpg", "price": 13.7, "numReviews": 8, "groups": [56], "averageRating": 4.125}, {"asin": "B0000ZRFI0", "name": "Mini Needle Nose Pliers Economy 6\" RSR Pliers", "imUrl": "http://ecx.images-amazon.com/images/I/318WTRMTJ0L._SY300_.jpg", "price": 4.95, "numReviews": 1, "groups": [57], "averageRating": 4.0}, {"asin": "B00093DY1U", "name": "Klein D338-5 1/2C Extra-Slim Curved Long Needle Nose Pliers", "imUrl": "http://ecx.images-amazon.com/images/I/317iiMpxuyL._SX300_.jpg", "price": 26.79, "numReviews": 1, "groups": [58], "averageRating": 5.0}, {"asin": "B003RWS9A6", "name": "Knipex 2921160 Slim Long Nose Pliers, 6.25 Inch", "imUrl": "http://ecx.images-amazon.com/images/I/31wZ8Z5qtbL._SX300_.jpg", "price": 29.05, "numReviews": 1, "groups": [59], "averageRating": 5.0}, {"asin": "B002U0LHHI", "name": "Wiha 32633 Long Round Nose Pliers, 6.3-Inch", "imUrl": "http://ecx.images-amazon.com/images/I/412h1cPGVeL._SX342_.jpg", "price": 15.5, "numReviews": 10, "groups": [60], "averageRating": 4.5, "brand": "Wiha", "salesRankCategory": "Industrial & Scientific", "salesRank": 23547}, {"asin": "B004QO9CJQ", "name": "Powerbuilt 640860 11-Inch Long Reach Long Nose Pliers", "imUrl": "http://ecx.images-amazon.com/images/I/31unMbhNT1L._SX300_.jpg", "price": 11.95, "numReviews": 2, "groups": [61], "averageRating": 5.0, "brand": "Powerbuilt"}, {"asin": "B000X4MOVG", "name": "Knipex 2612200 8-Inch Long Nose Pliers with Cutter - Comfort Grip", "imUrl": "http://ecx.images-amazon.com/images/I/31XNtqe6teL._SX300_.jpg", "price": 32.29, "numReviews": 7, "groups": [62, 63], "averageRating": 4.285714285714286}, {"asin": "B0000302VZ", "name": "Klein Tools D203-6 Standard Long-Nose Pliers Side-Cutting Yellow 6-Inches", "imUrl": "http://ecx.images-amazon.com/images/I/71E55VEP1KL._SX300_.gif", "price": 20.99, "numReviews": 29, "groups": [64], "averageRating": 4.793103448275862, "brand": "Klein"}, {"asin": "B00270YUKC", "name": "Double Nylon Jaw Chain Nose Pliers Tool for Wire Bending", "imUrl": "http://ecx.images-amazon.com/images/I/31uXHiCnmvL._SY300_.jpg", "price": 6.7, "numReviews": 37, "groups": [65], "averageRating": 4.351351351351352, "salesRankCategory": "Home & Kitchen", "salesRank": 20382}, {"asin": "B000G6E08G", "name": "Klein D320-4 1/2C Midget Curved Chain-Nose Pliers", "imUrl": "http://ecx.images-amazon.com/images/I/314hBnTNUCL._SX300_.jpg", "price": 21.1, "numReviews": 1, "groups": [66], "averageRating": 1.0, "brand": "Klein"}, {"asin": "B000NNIM5E", "name": "Stanley 84-032 8-Inch Bi-Material Long Nose Pliers", "imUrl": "http://ecx.images-amazon.com/images/I/41ZB-lxwRXL._SY300_.jpg", "price": 10.12, "numReviews": 1, "groups": [67], "averageRating": 5.0, "brand": "Stanley"}, {"asin": "B0052XQZM2", "name": "Irwin Tools 1773621 Vise-Grip Flat Nose Pliers, 6-Inch", "imUrl": "http://ecx.images-amazon.com/images/I/316hL7PK1-L._SY300_.jpg", "price": 12.55, "numReviews": 3, "groups": [68], "averageRating": 4.666666666666667}, {"asin": "B000X4KO90", "name": "Knipex 2506160 6-1/4-Inch Chain Nose Pliers with Cutter - 1,000 Volt", "imUrl": "http://ecx.images-amazon.com/images/I/315CgD9TLEL._SX300_.jpg", "price": 34.99, "numReviews": 1, "groups": [69], "averageRating": 5.0}, {"asin": "B002WQGKI6", "name": "Sunex 3601 11-Inch Long Bent Nose Pliers, 90-Degree", "imUrl": "http://ecx.images-amazon.com/images/I/31MTZ6500WL._SX300_.jpg", "price": 10.49, "numReviews": 1, "groups": [70], "averageRating": 5.0, "brand": "Sunex"}, {"asin": "B005EXNY42", "name": "KNIPEX 20 01 140 Flat Nose Pliers", "imUrl": "http://ecx.images-amazon.com/images/I/31Y2hLwS6pL._SX300_.jpg", "price": 23.99, "numReviews": 1, "groups": [71], "averageRating": 5.0}, {"asin": "B00D3QZ07G", "name": "Channellock E326 6-Inch  Long Nose Plier, E Series, XLT", "imUrl": "http://ecx.images-amazon.com/images/I/310UrEoC74L._SY300_.jpg", "price": 18.99, "numReviews": 3, "groups": [72], "averageRating": 4.666666666666667, "brand": "Channellock"}, {"asin": "B000LQB49O", "name": "SK Hand Tools 7602 Standard Hose Pinch-Off Pliers 1-1/4-Inch Capacity", "imUrl": "http://ecx.images-amazon.com/images/I/314nBdsE1RL._SX300_.jpg", "price": 20.43, "numReviews": 5, "groups": [73], "averageRating": 5.0, "brand": "SK Hand Tools"}, {"asin": "B000NPT7KG", "name": "TEKTON 35072 6-1/2-Inch Flex Grip Long Nose Pliers", "imUrl": "http://ecx.images-amazon.com/images/I/314RRLn3c1L._SX300_.jpg", "price": 5.58, "numReviews": 5, "groups": [74], "averageRating": 4.4, "brand": "TEKTON"}, {"asin": "B000NPR2K8", "name": "TEKTON 3491 11-Inch Long Reach 45-Degree Bent Nose Pliers", "imUrl": "http://ecx.images-amazon.com/images/I/31aYUjzoo%2BL._SX300_.jpg", "price": 8.33, "numReviews": 24, "groups": [30], "averageRating": 4.458333333333333, "brand": "TEKTON"}, {"asin": "B00063Z82Q", "name": "7 1/2 Length, Long Nose, Pliers, Channel Lock (1 Each)", "imUrl": "http://ecx.images-amazon.com/images/I/31QdQ0ciOsL._SY300_.jpg", "price": 15.49, "numReviews": 1, "groups": [75], "averageRating": 5.0}, {"asin": "B001FTSB88", "name": "Lindstrom Supreme Pliers, Flat Nose", "imUrl": "http://ecx.images-amazon.com/images/I/31ruaoaWq3L._SX300_.jpg", "price": 36.8, "numReviews": 4, "groups": [76], "averageRating": 5.0, "salesRankCategory": "Arts, Crafts & Sewing", "salesRank": 93918}, {"asin": "B000IU5VSS", "name": "Xcelite Long Needle Nose Plier Serrated Jaw, 6\" OAL", "imUrl": "http://ecx.images-amazon.com/images/I/31gQ%2Bz%2BRqPL._SX300_.jpg", "price": 20.65, "numReviews": 1, "groups": [77], "averageRating": 5.0, "brand": "Xcelite"}, {"asin": "B006654T64", "name": "Lindstrom Flat Nose Ex Series - PLR-7490EX", "imUrl": "http://ecx.images-amazon.com/images/I/316l6-a%2BjQL._SY300_.jpg", "price": 38.73, "numReviews": 1, "groups": [78], "averageRating": 5.0, "brand": "Lindstrom"}, {"asin": "B000NPUL9C", "name": "TEKTON 35073 8-Inch Flex Grip Long Nose Pliers", "imUrl": "http://ecx.images-amazon.com/images/I/31x7N6U7DnL._SX300_.jpg", "price": 7.02, "numReviews": 3, "groups": [79], "averageRating": 4.333333333333333, "brand": "TEKTON"}, {"asin": "B002BYHWLI", "name": "Sheffield Tools 58502 Secure Grip Long Nose Pliers, 6.5-Inch", "imUrl": "http://ecx.images-amazon.com/images/I/31MipMgQYOL._SY300_.jpg", "price": 4.99, "numReviews": 4, "groups": [80], "averageRating": 3.25, "brand": "Sheffield Tools"}, {"asin": "B003RWS910", "name": "Knipex 2002160 Flat Nose Pliers with Comfort Grip, 6.25 Inch", "imUrl": "http://ecx.images-amazon.com/images/I/311ffSM29yL._SX300_.jpg", "price": 38.0, "numReviews": 1, "groups": [81], "averageRating": 5.0}, {"asin": "B009K99JPE", "name": "Triplett TT-260 CrossJaw Extended Reach Needle Nose Pliers", "imUrl": "http://ecx.images-amazon.com/images/I/310uZPBBcRL._SY445_.jpg", "price": 17.96, "numReviews": 6, "groups": [82], "averageRating": 4.666666666666667, "brand": "Triplett", "salesRankCategory": "Industrial & Scientific", "salesRank": 15843}, {"asin": "B000JNNW1M", "name": "Irwin 2078955 Vise-Grip 5-1/2-Inch Needle Nose with Spring", "imUrl": "http://ecx.images-amazon.com/images/I/41%2BXjjAa%2BAL._SY300_.jpg", "price": 15.44, "numReviews": 18, "groups": [83], "averageRating": 4.388888888888889}, {"asin": "B0001IW518", "name": "Stanley 84-102 8-Inch Long Nose Plier", "imUrl": "http://ecx.images-amazon.com/images/I/31RTXQXNB7L._SX300_.jpg", "price": 10.78, "numReviews": 11, "groups": [84], "averageRating": 4.818181818181818, "brand": "Stanley"}, {"asin": "B0058EDJ42", "name": "Ultra Ergo Bow Opening Plier - PLR-729.05", "imUrl": "http://ecx.images-amazon.com/images/I/31HwDSi-T4L._SX300_.jpg", "price": 9.28, "numReviews": 1, "groups": [85], "averageRating": 5.0}, {"asin": "B008S9KIWA", "name": "Sainty International 10-704 Hurricane Mini Needle Nose Pliers", "imUrl": "http://ecx.images-amazon.com/images/I/31It1ud0JsL._SY300_.jpg", "price": 10.62, "numReviews": 1, "groups": [86], "averageRating": 4.0}, {"asin": "B00FX9UX6Y", "name": "Delcast 4-Piece Pliers Set, Includes Needle, Bent, Long Nose and Combination Pliers", "imUrl": "http://ecx.images-amazon.com/images/I/41ClVPcjMxL._SY300_.jpg", "price": 13.29, "numReviews": 3, "groups": [87], "averageRating": 4.666666666666667}, {"asin": "B000NPR2MG", "name": "TEKTON 3518 8-Inch 45-Degree Bent Long Nose Pliers", "imUrl": "http://ecx.images-amazon.com/images/I/31gLh1XPl9L._SX300_.jpg", "price": 6.02, "numReviews": 15, "groups": [88], "averageRating": 4.933333333333334, "brand": "TEKTON"}, {"asin": "B000NIAK1S", "name": "GearWrench 82005 Double X Pliers - Needle Nose Straight", "imUrl": "http://ecx.images-amazon.com/images/I/31DepuXVsCL._SY300_.jpg", "price": 19.35, "numReviews": 9, "groups": [89], "averageRating": 4.666666666666667}, {"asin": "B003EA25QU", "name": "Knipex 1901130 Round Nose Jewelers Pliers, 5.2 Inch", "imUrl": "http://ecx.images-amazon.com/images/I/31JqRB9RFiL._SX300_.jpg", "price": 31.99, "numReviews": 1, "groups": [90], "averageRating": 5.0, "brand": "Knipex"}, {"asin": "B003RWS9BA", "name": "Knipex 3015160 Long Nose Pliers with Flat Tips and Comfort Grip, 6.25 Inch", "imUrl": "http://ecx.images-amazon.com/images/I/31OsrBSXniL._SX300_.jpg", "price": 38.8, "numReviews": 1, "groups": [91], "averageRating": 5.0}, {"asin": "B003RWS9FG", "name": "Knipex 3121160 Angled Needle Nose Pliers, 6.25 Inch", "imUrl": "http://ecx.images-amazon.com/images/I/318-hV3UwYL._SX300_.jpg", "price": 59.43, "numReviews": 2, "groups": [92], "averageRating": 3.0, "brand": "Knipex"}, {"asin": "B006JVU2K2", "name": "Sunex 3718 16-Inch Long Straight Nose Pliers", "imUrl": "http://ecx.images-amazon.com/images/I/31LNODFdY1L._SX300_.jpg", "price": 11.03, "numReviews": 1, "groups": [93], "averageRating": 5.0, "brand": "Sunex"}, {"asin": "B003D3N7YW", "name": "Astro Pneumatic 9409A Hose Clamp Pliers", "imUrl": "http://ecx.images-amazon.com/images/I/41LpbpenwNL._SY300_.jpg", "price": 40.8, "numReviews": 72, "groups": [94], "averageRating": 4.305555555555555}, {"asin": "B000RB5YBC", "name": "Long Needle Nose Pliers Jewelers Electrical Tool 6\"", "imUrl": "http://ecx.images-amazon.com/images/I/31O4Xd3oySL._SY300_.jpg", "price": 3.81, "numReviews": 18, "groups": [95], "averageRating": 3.888888888888889}, {"asin": "B0058EDF4G", "name": "Nylon Jaw Bracelet Bending Plier - PLR-840.00", "imUrl": "http://ecx.images-amazon.com/images/I/41G2cco6fTL._SY300_.jpg", "price": 12.29, "numReviews": 9, "groups": [96], "averageRating": 4.666666666666667, "salesRankCategory": "Home & Kitchen", "salesRank": 37589}, {"asin": "B005D667N0", "name": "5 Inch Long Reach Needle Nose Pliers Jeweler Hand Tool", "imUrl": "http://ecx.images-amazon.com/images/I/314ShElJSXL._SY300_.jpg", "price": 4.39, "numReviews": 52, "groups": [97], "averageRating": 3.9038461538461537}, {"asin": "B000CEORW6", "name": "Klein Tools Tools D203-8N 8-Inch Heavy Duty Long Nose Side Cut and Wire Stripping Plier", "imUrl": "http://ecx.images-amazon.com/images/I/31KY8Q1P0WL._SX300_.jpg", "price": 25.0, "numReviews": 5, "groups": [98], "averageRating": 5.0, "brand": "Klein"}, {"asin": "B00D3QJWT8", "name": "Channellock E318CB 8-Inch  Long Nose Plier, E Series, XLT, Code Blue", "imUrl": "http://ecx.images-amazon.com/images/I/31x3YgznMOL._SX300_.jpg", "price": 22.98, "numReviews": 2, "groups": [99], "averageRating": 5.0, "brand": "Channellock"}, {"asin": "B000X4MP1A", "name": "Knipex 3871200 8-Inch Angled Long Nose Pliers without Cutter", "imUrl": "http://ecx.images-amazon.com/images/I/31fojsriPUL._SX300_.jpg", "price": 34.39, "numReviews": 7, "groups": [100], "averageRating": 5.0}, {"asin": "B000A0OW2M", "name": "Irwin 2078216 Vise Grip 6-Inch Long Nose Plier", "imUrl": "http://ecx.images-amazon.com/images/I/31pXES%2Br0OL._SX300_.jpg", "price": 12.77, "numReviews": 18, "groups": [83, 101], "averageRating": 4.666666666666667}, {"asin": "B0052XQYDW", "name": "Irwin Tools 1773390 20 Degree 11-Inch Vise-Grip Long Reach Bent Nose Pliers", "imUrl": "http://ecx.images-amazon.com/images/I/31Jq1i--5bL._SY300_.jpg", "price": 21.99, "numReviews": 1, "groups": [102], "averageRating": 5.0, "brand": "Irwin Tools"}, {"asin": "B005EXNZ9G", "name": "KNIPEX 30 35 140 Round Tips Comfort Grip Long Nose Pliers", "imUrl": "http://ecx.images-amazon.com/images/I/31%2Bx-7FU7KL._SX300_.jpg", "price": 37.71, "numReviews": 1, "groups": [103], "averageRating": 4.0}, {"asin": "B0014ZVSRY", "name": "GearWrench 82002 5-Inch Mini Needle Nose Pliers", "imUrl": "http://ecx.images-amazon.com/images/I/31hlq4lD4yL._SX300_.jpg", "price": 14.53, "numReviews": 2, "groups": [104], "averageRating": 4.5}, {"asin": "B00D3QVKP2", "name": "Channellock E326CB 6-Inch  Long Nose Plier, E Series, XLT, Code Blue", "imUrl": "http://ecx.images-amazon.com/images/I/31J-of44hgL._SY300_.jpg", "price": 21.99, "numReviews": 1, "groups": [105], "averageRating": 5.0, "brand": "Channellock"}, {"asin": "B00004SBD3", "name": "Channellock 386 5.75-Inch Bent Nose Long Nose Plier", "imUrl": "http://ecx.images-amazon.com/images/I/316D2YPZ1EL._SX300_.jpg", "price": 19.6, "numReviews": 8, "groups": [106], "averageRating": 4.5, "brand": "Channellock"}, {"asin": "B000NQ15Z0", "name": "TEKTON 3493 11-Inch Long Reach 15-Degree Bent Nose Pliers", "imUrl": "http://ecx.images-amazon.com/images/I/31VZmxskFDL._SX300_.jpg", "price": 8.22, "numReviews": 3, "groups": [107], "averageRating": 4.333333333333333, "brand": "TEKTON"}, {"asin": "B000HYMQHE", "name": "Pliers, Parallel Flat Nose Smooth Jaw", "imUrl": "http://ecx.images-amazon.com/images/I/41SWdEabGKL._SY300_.jpg", "price": 28.78, "numReviews": 6, "groups": [108], "averageRating": 3.6666666666666665}, {"asin": "B0058EDXRU", "name": "Parallel Plier Chain - PLR-860.00", "imUrl": "http://ecx.images-amazon.com/images/I/41PsxXJCR8L._SY300_.jpg", "price": 17.48, "numReviews": 4, "groups": [108], "averageRating": 4.75}, {"asin": "B000LQG2NM", "name": "SK Hand Tools 7601 Mini Hose Pinch Pliers 3/4-Inch Capacity", "imUrl": "http://ecx.images-amazon.com/images/I/31EfU-sB6yL._SY300_.jpg", "price": 16.65, "numReviews": 6, "groups": [109], "averageRating": 5.0, "brand": "SK Hand Tools"}, {"asin": "B00175XIP6", "name": "Xuron 485 Xuro-Grip Long Nose Plier", "imUrl": "http://ecx.images-amazon.com/images/I/31NUlstzBFL._SX342_.jpg", "price": 11.0, "numReviews": 11, "groups": [110], "averageRating": 5.0, "brand": "Xuron", "salesRankCategory": "Industrial & Scientific", "salesRank": 11617}, {"asin": "B003RWS96K", "name": "Knipex 2612200SBA Long Nose Pliers with Cutter with Comfort Grip, 8 Inch", "imUrl": "http://ecx.images-amazon.com/images/I/31ocYtugYZL._SX300_.jpg", "price": 30.11, "numReviews": 1, "groups": [111], "averageRating": 5.0, "brand": "Knipex"}, {"asin": "B000G6E05E", "name": "Klein D304-6 Duck-Bill Long Nose Pliers", "imUrl": "http://ecx.images-amazon.com/images/I/21DZIMkvHmL._SX300_.jpg", "price": 22.4, "numReviews": 1, "groups": [112], "averageRating": 5.0}, {"asin": "B003RWS9L0", "name": "Knipex 3831200 Long Nose Pliers without Cutter, S Shape, 8 Inch", "imUrl": "http://ecx.images-amazon.com/images/I/319FVMrKaGL._SX300_.jpg", "price": 34.99, "numReviews": 1, "groups": [113], "averageRating": 5.0}, {"asin": "B000271INO", "name": "Channellock 3037 8-Inch Snipe Nose Plier", "imUrl": "http://ecx.images-amazon.com/images/I/313fScwQQQL._SY300_.jpg", "price": 19.61, "numReviews": 5, "groups": [114], "averageRating": 4.6, "brand": "Channellock"}, {"asin": "B00011Q7AA", "name": "Klein Tools D323-41/2C 4-Inch Midget Flat Long-Nose Pliers", "imUrl": "http://ecx.images-amazon.com/images/I/31jfaZiuLLL._SY300_.jpg", "price": 18.88, "numReviews": 1, "groups": [115], "averageRating": 4.0, "brand": "Klein"}, {"asin": "B000189GN8", "name": "Channellock 3026 6-Inch Long Nose Plier", "imUrl": "http://ecx.images-amazon.com/images/I/31t8tCGj6pL._SX300_.jpg", "price": 18.99, "numReviews": 1, "groups": [116], "averageRating": 5.0}, {"asin": "B00DEMWHCA", "name": "Knipex Tools  98 62 02 Flat Nose Plastic Pliers 1000V Insulated, Red/Yellow", "imUrl": "http://ecx.images-amazon.com/images/I/31l%2Be-DtMiL._SX300_.jpg", "price": 28.55, "numReviews": 5, "groups": [117], "averageRating": 4.0}, {"asin": "B0014DDHAM", "name": "Astro Pneumatic 9415 16\" Needle Nose Pliers Set - 4 Piece", "imUrl": "http://ecx.images-amazon.com/images/I/4116HucWZTL._SY300_.jpg", "price": 28.78, "numReviews": 3, "groups": [118], "averageRating": 4.666666666666667}, {"asin": "B000NPPAPM", "name": "TEKTON 3511 8-Inch Long Nose Pliers", "imUrl": "http://ecx.images-amazon.com/images/I/31jBfMobayL._SX300_.jpg", "price": 7.1, "numReviews": 31, "groups": [84, 119], "averageRating": 4.290322580645161, "brand": "TEKTON"}, {"asin": "B000NPUJVW", "name": "Michigan Industrial Tools MIT Tool 5-1/4\" Bent Needle Nose Pliers", "imUrl": "http://ecx.images-amazon.com/images/I/315mXu0ITkL._SY300_.jpg", "price": 3.2, "numReviews": 1, "groups": [120], "averageRating": 5.0}, {"asin": "B0058ED3ZW", "name": "Wubbers Classic Series Narrow Flat Nose Jeweler's Pliers, 3mm", "imUrl": "http://ecx.images-amazon.com/images/I/41NJIAeQsUL._SY300_.jpg", "price": 21.78, "numReviews": 3, "groups": [121], "averageRating": 5.0, "brand": "Wubbers"}, {"asin": "B00093D500", "name": "Klein Tools D335-51/2C 5-Inch Long Needle-Nose Pliers-Extra Slim", "imUrl": "http://ecx.images-amazon.com/images/I/31qjOQWnstL._SY300_.jpg", "price": 24.98, "numReviews": 13, "groups": [64], "averageRating": 3.6923076923076925, "brand": "Klein"}, {"asin": "B0002NYDQM", "name": "SK 17832 2 Piece 11-Inch Straight and 45 Degree Angle Extra Long Needle Nose Plier", "imUrl": "http://ecx.images-amazon.com/images/I/4139VMQ026L._SX300_.jpg", "price": 61.16, "numReviews": 3, "groups": [122], "averageRating": 5.0}, {"asin": "B000B8I8CS", "name": "Stanley 84-826 FatMax 8-Inch Long Nose Plier", "imUrl": "http://ecx.images-amazon.com/images/I/41BVPGZHKJL._SY300_.jpg", "price": 15.0, "numReviews": 1, "groups": [123], "averageRating": 5.0}, {"asin": "B003RWS9G0", "name": "Knipex 3301160 Duck Bill Pliers, 6.25 Inch", "imUrl": "http://ecx.images-amazon.com/images/I/31shQ3GROML._SX300_.jpg", "price": 43.45, "numReviews": 1, "groups": [124], "averageRating": 5.0, "brand": "Knipex"}, {"asin": "B004W4GZKY", "name": "Shop-tek 4-1/2\" Mini Needle Nose Pliers", "imUrl": "http://ecx.images-amazon.com/images/I/31%2BkddETTXL._SY300_.jpg", "price": 5.79, "numReviews": 1, "groups": [125], "averageRating": 5.0}, {"asin": "B000NPR2KI", "name": "TEKTON 3504 5-Inch Precision Needle Nose Pliers", "imUrl": "http://ecx.images-amazon.com/images/I/31eK-EF%2BvHL._SX300_.jpg", "price": 4.46, "numReviews": 66, "groups": [126], "averageRating": 4.0606060606060606, "brand": "TEKTON"}, {"asin": "B004TMF5N2", "name": "Triplett TT-200 LONGLOCKERS Carbon Steel 15\" Extended Reach Locking Pliers with Cushioned Grips, 1-13/16\" Width, 11/16\" Height", "imUrl": "http://ecx.images-amazon.com/images/I/41bo8eqXg5L._SX342_.jpg", "price": 20.08, "numReviews": 26, "groups": [127], "averageRating": 4.346153846153846, "brand": "Triplett", "salesRankCategory": "Industrial & Scientific", "salesRank": 1405}, {"asin": "B0002RI9JK", "name": "Klein Tools D203-8NCR 8-Inch Heavy-Duty Long-Nose Pliers-Side-Cutting, Wire Stripping and Crimping", "imUrl": "http://ecx.images-amazon.com/images/I/31fSaC8ERxL._SY300_.jpg", "price": 34.94, "numReviews": 5, "groups": [128], "averageRating": 4.8, "brand": "Klein"}, {"asin": "B004UN9TY6", "name": "Xcelite DN54GV Flat Nose Plier with Green Cushion Grip Handle, Smooth Jaw, 5\" Length, 1-3/16\" Jaw Length, Carded", "imUrl": "http://ecx.images-amazon.com/images/I/31eyPY-Mn1L._SX342_.jpg", "price": 20.3, "numReviews": 1, "groups": [129], "averageRating": 5.0, "salesRankCategory": "Industrial & Scientific", "salesRank": 21019}, {"asin": "B00FX9TSF6", "name": "Delcast 8-Inch Long Nose Pliers, Coarse and Fine Dual Jaw Grip", "imUrl": "http://ecx.images-amazon.com/images/I/31S88qMdlJL._SY300_.jpg", "price": 6.77, "numReviews": 2, "groups": [130], "averageRating": 5.0}, {"asin": "B000FK1R0W", "name": "Irwin Industrial Tools 2078709 GrooveLock Clamshell Pliers Set, 2-Piece", "imUrl": "http://ecx.images-amazon.com/images/I/41GAmyascfL._SY300_.jpg", "price": 24.49, "numReviews": 56, "groups": [131], "averageRating": 4.625}, {"asin": "B000RLLEG6", "name": "Sunex International 3705 3 Pc. 16\" Long Hose Gripper Pliers", "imUrl": "http://ecx.images-amazon.com/images/I/31zKJRis4WL._SY300_.jpg", "price": 39.99, "numReviews": 2, "groups": [132], "averageRating": 3.5, "brand": "Sunex"}, {"asin": "B003RWS9EW", "name": "Knipex 3111160 Needle Nose Pliers, 6.25 Inch", "imUrl": "http://ecx.images-amazon.com/images/I/31u0CuTxp1L._SX300_.jpg", "price": 37.86, "numReviews": 7, "groups": [133], "averageRating": 4.857142857142857}, {"asin": "B0000302WQ", "name": "Klein Tools D203-8 8-Inch Heavy-Duty Long-Nose Pliers-Side-Cutting", "imUrl": "http://ecx.images-amazon.com/images/I/3100TBHK9WL._SX300_.jpg", "price": 22.39, "numReviews": 5, "groups": [98], "averageRating": 4.2, "brand": "Klein"}, {"asin": "B000G0GN46", "name": "GRIP Tools Prefessional Quality 5 Piece Heavy Duty Long Nose Needle Nose Pliers Set Value & Economy!", "imUrl": "http://ecx.images-amazon.com/images/I/51WqGEli1aL._SY300_.jpg", "price": 5.46, "numReviews": 4, "groups": [134], "averageRating": 4.5}, {"asin": "B0036VP1ZY", "name": "Black Rhino 00295 9-Inch Pro Linesmans Plier", "imUrl": "http://ecx.images-amazon.com/images/I/31fvs%2B%2BeSsL._SX300_.jpg", "price": 21.99, "numReviews": 6, "groups": [135], "averageRating": 4.833333333333333}, {"asin": "B008S9KZCS", "name": "Sainty International 99-790 Tempest Mini Pliers Set, 6-Piece", "imUrl": "http://ecx.images-amazon.com/images/I/41EvgMCg7EL._SY300_.jpg", "price": 10.43, "numReviews": 4, "groups": [136], "averageRating": 4.25, "brand": "Sainty International"}, {"asin": "B0001IW50Y", "name": "Stanley 84-096 5-Inch Needle Nose Plier", "imUrl": "http://ecx.images-amazon.com/images/I/311Q5REQS8L._SX300_.jpg", "price": 6.84, "numReviews": 45, "groups": [119, 126], "averageRating": 4.133333333333334, "brand": "Stanley"}, {"asin": "B000I1LMDU", "name": "Knipex 2611200 Long Nose Pliers with Cutter, 8 Inch", "imUrl": "http://ecx.images-amazon.com/images/I/31GTT9%2BCwsL._SX300_.jpg", "price": 22.68, "numReviews": 11, "groups": [62], "averageRating": 5.0, "brand": "Knipex"}, {"asin": "B000MANQBS", "name": "SK 17850 2 Piece XXL Long Reach Compound Pliers", "imUrl": "http://ecx.images-amazon.com/images/I/314Gye3cVAL._SX300_.jpg", "price": 40.2, "numReviews": 4, "groups": [137], "averageRating": 4.75}, {"asin": "B003RWS9K6", "name": "Knipex 3821200 Angled Long Nose Pliers without Cutter, 8 Inch", "imUrl": "http://ecx.images-amazon.com/images/I/315E4DqDqaL._SX300_.jpg", "price": 32.99, "numReviews": 2, "groups": [138], "averageRating": 5.0, "brand": "Knipex"}, {"asin": "B0002NYDR6", "name": "Sunex 3706 16-Inch Needle Nose Pliers Set, 4-Piece", "imUrl": "http://ecx.images-amazon.com/images/I/31iPZli2%2BaL._SY300_.jpg", "price": 53.65, "numReviews": 5, "groups": [139], "averageRating": 4.6, "brand": "Sunex"}, {"asin": "B0089NTW2W", "name": "9-1/2\"Iron Worker Plier w/Spring", "imUrl": "http://ecx.images-amazon.com/images/I/41ls6AORuOL._SX300_.jpg", "price": 10.85, "numReviews": 1, "groups": [140], "averageRating": 1.0, "brand": ""}, {"asin": "B000NPR2LW", "name": "TEKTON 3516 Precision 45-Degree Bent Long Nose Pliers", "imUrl": "http://ecx.images-amazon.com/images/I/31AZbgQ5CmL._SX300_.jpg", "price": 3.96, "numReviews": 5, "groups": [141], "averageRating": 4.4, "brand": "TEKTON"}, {"asin": "B0058ED3L6", "name": "Wubbers Classic Series Wide Flat Nose Jeweler's Pliers, 7mm", "imUrl": "http://ecx.images-amazon.com/images/I/41ybPQrJzmL._SX300_.jpg", "price": 22.9, "numReviews": 8, "groups": [142], "averageRating": 4.75, "brand": "Wubbers"}, {"asin": "B0007XPB18", "name": "Stanley 89-869 6-1/2-Inch FatMax Long Nose Plier with Cutter", "imUrl": "http://ecx.images-amazon.com/images/I/31UTMJ4XBuL._SY300_.jpg", "price": 10.31, "numReviews": 8, "groups": [143], "averageRating": 3.625, "brand": "Stanley"}, {"asin": "B006C43EHY", "name": "Jonard JIC-3385 Curved Needle Nose Plier with Dark Blue Plastic Handle, 5-1/2\" Length", "imUrl": "http://ecx.images-amazon.com/images/I/31-5yx83rnL._SY445_.jpg", "price": 16.25, "numReviews": 2, "groups": [144], "averageRating": 3.5, "brand": "Jonard", "salesRankCategory": "Industrial & Scientific", "salesRank": 31722}, {"asin": "B007S8M0EQ", "name": "CTA Tools 3064 Straight Jaws Relay Pliers", "imUrl": "http://ecx.images-amazon.com/images/I/31la10jirlL._SX300_.jpg", "price": 23.73, "numReviews": 1, "groups": [145], "averageRating": 1.0}, {"asin": "B000GTJJ8Y", "name": "Klein Tools D203-6H2 6-Inch Standard Long-Nose Pliers-Side-Cutting and Switchboard Work", "imUrl": "http://ecx.images-amazon.com/images/I/31TQZZnXaYL._SX300_.jpg", "price": 24.88, "numReviews": 1, "groups": [146], "averageRating": 5.0, "brand": "Klein"}, {"asin": "B0036VP230", "name": "Black Rhino 00299 6-Inch Mini Tech Extra Long Needle Nose Plier", "imUrl": "http://ecx.images-amazon.com/images/I/31PBFNe%2BFpL._SX300_.jpg", "price": 9.92, "numReviews": 5, "groups": [147], "averageRating": 4.8}, {"asin": "B00143SSUG", "name": "Neiko Tools USA 11\" Pistol Grip Long Nose Pliers", "imUrl": "http://ecx.images-amazon.com/images/I/41YTfuFXlJL._SY300_.jpg", "price": 18.99, "numReviews": 2, "groups": [148], "averageRating": 3.0, "brand": "Neiko"}, {"asin": "B001BPYPFE", "name": "Channellock 718 7.88-Inch Flat Nose Long Reach Plier", "imUrl": "http://ecx.images-amazon.com/images/I/313YIcIKiOL._SX300_.jpg", "price": 15.9, "numReviews": 18, "groups": [7], "averageRating": 4.944444444444445, "brand": "Channellock"}, {"asin": "B000IX3BTG", "name": "Klein Tools D203-6C Standard Long-Nose Pliers-Side-Cutting with Spring, 6-Inch", "imUrl": "http://ecx.images-amazon.com/images/I/31w-Xsn3LwL._SX300_.jpg", "price": 18.5, "numReviews": 2, "groups": [149], "averageRating": 5.0, "brand": "Klein"}, {"asin": "B000NPT5TY", "name": "TEKTON 3507 6-Inch Long Nose Pliers", "imUrl": "http://ecx.images-amazon.com/images/I/319Sa5LkFaL._SX300_.jpg", "price": 4.99, "numReviews": 14, "groups": [150], "averageRating": 4.071428571428571, "brand": "TEKTON"}, {"asin": "B005UMAQNY", "name": "Hawk TP1024 Round Nose Plier-Box Joint", "imUrl": "http://ecx.images-amazon.com/images/I/41TYFwQuhRL._SX300_.jpg", "price": 7.34, "numReviews": 3, "groups": [151], "averageRating": 3.6666666666666665}, {"asin": "B005VN3LYI", "name": "JH Williams PL-146C 6 1/2-Inch Duck Bill Pliers", "imUrl": "http://ecx.images-amazon.com/images/I/31N30T7IQLL._SX300_.jpg", "price": 13.97, "numReviews": 1, "groups": [8], "averageRating": 4.0, "brand": "Williams"}, {"asin": "B000LQEUO0", "name": "Mountain 14166 11-Inch Long Reach Slip Joint Long Nose Hose Pliers, 3/4-Inch to 1-1/4-Inch", "imUrl": "http://ecx.images-amazon.com/images/I/31uXnZh-M5L._SX300_.jpg", "price": 7.3, "numReviews": 1, "groups": [152], "averageRating": 5.0}, {"asin": "B002JAW89A", "name": "Greenlee 0351-08D Long Nose Pliers/Side Cutting, Dipped Grip, 8\"", "imUrl": "http://ecx.images-amazon.com/images/I/31Tb%2BL%2B04hL._SX300_.jpg", "price": 15.67, "numReviews": 1, "groups": [153], "averageRating": 4.0, "brand": "Greenlee"}, {"asin": "B0058ECDE4", "name": "Mini Flat Nose Nylon Jaw Plier - PLR-430.30", "imUrl": "http://ecx.images-amazon.com/images/I/41SNHOd-2nL._SY300_.jpg", "price": 6.81, "numReviews": 1, "groups": [154], "averageRating": 4.0}, {"asin": "B0096TSVTS", "name": "5PC 11'' Long Nose Pliers Set Bent Nose, Hose, Cable Hand Tool Pouch Automotive", "imUrl": "http://ecx.images-amazon.com/images/I/41mDEkXjkCL._SX300_.jpg", "price": 22.99, "numReviews": 2, "groups": [155], "averageRating": 4.0}, {"asin": "B000NQ15YQ", "name": "TEKTON 3490 11-Inch Long Reach Long Nose Pliers", "imUrl": "http://ecx.images-amazon.com/images/I/31wugR6WRVL._SX300_.jpg", "price": 8.49, "numReviews": 35, "groups": [156], "averageRating": 4.171428571428572, "brand": "TEKTON"}, {"asin": "B001DNTOAA", "name": "JH Williams PL-211C 11-Inch Straight Jaw Extra Long Reach Chain Nose Pliers", "imUrl": "http://ecx.images-amazon.com/images/I/31-6YeCnURL._SX300_.jpg", "price": 23.77, "numReviews": 1, "groups": [157], "averageRating": 5.0, "brand": "Williams"}, {"asin": "B004CM1B4Q", "name": "5 Pc 11\" Long Nose Pliers with Pouch", "imUrl": "http://ecx.images-amazon.com/images/I/51CSZVJSPZL._SX300_.jpg", "price": 34.04, "numReviews": 4, "groups": [158], "averageRating": 4.0}, {"asin": "B000HYMQHY", "name": "Pliers, Parallel Chain Nose Smooth Jaw", "imUrl": "http://ecx.images-amazon.com/images/I/41q0ZJ7QvdL._SY300_.jpg", "price": 24.38, "numReviews": 1, "groups": [159], "averageRating": 5.0}, {"asin": "B000NPZ3NG", "name": "TEKTON 3492 11-Inch Long Reach 90-Degree Bent Nose Pliers", "imUrl": "http://ecx.images-amazon.com/images/I/31AdZ4kQOhL._SX300_.jpg", "price": 8.33, "numReviews": 32, "groups": [88, 160], "averageRating": 4.53125, "brand": "TEKTON"}, {"asin": "B000VJPQ68", "name": "Olympia Tool 10-548 11-Inch Longnecks Pliers, Hose/Cable Puller", "imUrl": "http://ecx.images-amazon.com/images/I/316CYuLas0L._SX300_.jpg", "price": 11.32, "numReviews": 1, "groups": [161], "averageRating": 5.0}, {"asin": "B00D3QPFAS", "name": "Channellock E318 8-Inch  Long Nose Plier", "imUrl": "http://ecx.images-amazon.com/images/I/31ofiIeyFkL._SY300_.jpg", "price": 19.99, "numReviews": 3, "groups": [99], "averageRating": 4.666666666666667, "brand": "Channellock"}, {"asin": "B0062PB5WO", "name": "TEKTON 3523 6-Inch 45-Degree Bent Long Nose Pliers", "imUrl": "http://ecx.images-amazon.com/images/I/31ZZ8NIoiFL._SX300_.jpg", "price": 6.34, "numReviews": 1, "groups": [162], "averageRating": 3.0, "brand": "TEKTON"}, {"asin": "B000A0S4Y4", "name": "Vise-Grip 2078218 8-Inch Long Nose Plier and Comfort Grip", "imUrl": "http://ecx.images-amazon.com/images/I/3187F-f2I0L._SX300_.jpg", "price": 12.46, "numReviews": 32, "groups": [101], "averageRating": 4.5625}, {"asin": "B000G69E00", "name": "Klein D305-6 6-Inch Long-Nose Pliers-Duck Bill, Flat Nose", "imUrl": "http://ecx.images-amazon.com/images/I/31Fsq76fSfL._SX300_.jpg", "price": 16.13, "numReviews": 1, "groups": [163], "averageRating": 5.0}, {"asin": "B000X4OFN6", "name": "Knipex 3891200 8-Inch Long Nose Pliers without Cutter - Grabber", "imUrl": "http://ecx.images-amazon.com/images/I/31RJ5HK059L._SX300_.jpg", "price": 28.45, "numReviews": 2, "groups": [164], "averageRating": 4.5}, {"asin": "B004QO9CS2", "name": "Powerbuilt 640862 11-Inch 90-Degree Long Reach Pliers", "imUrl": "http://ecx.images-amazon.com/images/I/31KRutEglmL._SX300_.jpg", "price": 11.51, "numReviews": 1, "groups": [165], "averageRating": 5.0}, {"asin": "B000X4KOEU", "name": "Knipex 2618200US 8-Inch Long Nose Pliers with Cutter - 1,000 Volt", "imUrl": "http://ecx.images-amazon.com/images/I/318tYbIv0LL._SX300_.jpg", "price": 31.99, "numReviews": 14, "groups": [63], "averageRating": 4.857142857142857}, {"asin": "B000RN00NC", "name": "SK Hand Tool 17828 Duckbill Pliers With Serrated Jaw, 8-Inch", "imUrl": "http://ecx.images-amazon.com/images/I/41W0GpyZcEL._SY300_.jpg", "price": 19.32, "numReviews": 1, "groups": [166], "averageRating": 5.0, "brand": "SK Hand Tool"}, {"asin": "B0000DD6X5", "name": "Grizzly G8051 16-Inch Long Nose Pliers, 45-Degree Angle", "imUrl": "http://ecx.images-amazon.com/images/I/31mRLlrM%2BdL._SY300_.jpg", "price": 9.95, "numReviews": 1, "groups": [167], "averageRating": 5.0, "brand": "Grizzly"}, {"asin": "B000GR87TI", "name": "Irwin Industrial Tools 2078711 GrooveLock Kitbag Pliers Set, 3-Piece", "imUrl": "http://ecx.images-amazon.com/images/I/51NGFMTZ0GL._SX300_.jpg", "price": 45.84, "numReviews": 11, "groups": [168], "averageRating": 4.818181818181818}, {"asin": "B005OH0ME8", "name": "CTA Tools 8800 Hose PInch-Off Pliers", "imUrl": "http://ecx.images-amazon.com/images/I/31M-S0w5tSL._SX300_.jpg", "price": 13.88, "numReviews": 1, "groups": [169], "averageRating": 1.0}, {"asin": "B0066O21GA", "name": "Lindstrom Chain Nose Ex Series - PLR-7890EX", "imUrl": "http://ecx.images-amazon.com/images/I/41DquJSpbIL._SY300_.jpg", "price": 43.32, "numReviews": 2, "groups": [170], "averageRating": 4.5}, {"asin": "B007S8M0P0", "name": "CTA Tools 3066 60-Degree Jaws Relay Pliers", "imUrl": "http://ecx.images-amazon.com/images/I/31Tg4059pbL._SX300_.jpg", "price": 25.99, "numReviews": 1, "groups": [171], "averageRating": 3.0, "brand": "CTA"}, {"asin": "B004UN9THI", "name": "Xcelite NN7776V Long Needle Nose Plier with Green Cushion Grip Handle, Serrated Jaw, 6\" Length, 2-5/16\" Jaw Length, Carded", "imUrl": "http://ecx.images-amazon.com/images/I/31s7tN8ncoL._SX342_.jpg", "price": 20.06, "numReviews": 9, "groups": [172], "averageRating": 4.444444444444445, "salesRankCategory": "Industrial & Scientific", "salesRank": 10066}, {"asin": "B000NPZ3NQ", "name": "TEKTON 3494 11-Inch Long Reach Duckbill Pliers", "imUrl": "http://ecx.images-amazon.com/images/I/31540t5ND3L._SX300_.jpg", "price": 8.39, "numReviews": 2, "groups": [173], "averageRating": 3.0, "brand": "TEKTON"}, {"asin": "B0052XQY78", "name": "Irwin Tools 1773388 11-Inch Vise-Grip Long Reach Flat Nose Pliers", "imUrl": "http://ecx.images-amazon.com/images/I/31tsleh%2Bb3L._SY300_.jpg", "price": 17.27, "numReviews": 2, "groups": [174], "averageRating": 4.5, "brand": "Irwin Tools"}, {"asin": "B000MGKOYO", "name": "Apex Tool Group PS6549C Long Nose Pliers, 9-Inch", "imUrl": "http://ecx.images-amazon.com/images/I/31pIoGAArOL._SX300_.jpg", "price": 14.97, "numReviews": 7, "groups": [175], "averageRating": 4.714285714285714, "brand": "Apex Tool Group"}, {"asin": "B001HW8868", "name": "Stanley Proto J227G Proto 7-25/32-Inch Duckbill Pliers with Grip", "imUrl": "http://ecx.images-amazon.com/images/I/31XRkfdFz-L._SX300_.jpg", "price": 19.14, "numReviews": 3, "groups": [176], "averageRating": 4.0}, {"asin": "B0026H7T7M", "name": "Blackhawk By Proto PT-1178 Duckbill Wiring Plier, 8-Inch", "imUrl": "http://ecx.images-amazon.com/images/I/215H3XUL0AL.jpg", "price": 22.21, "numReviews": 1, "groups": [177], "averageRating": 2.0, "brand": "Blackhawk By Proto"}, {"asin": "B000FH289O", "name": "Klein Tools J203-6 6-Inch Journeyman Standard Long-Nose Pliers", "imUrl": "http://ecx.images-amazon.com/images/I/31pqe-O%2BKhL._SY300_.jpg", "price": 26.32, "numReviews": 3, "groups": [44], "averageRating": 5.0, "brand": "Klein"}, {"asin": "B001HWA8CA", "name": "Stanley Proto J223G Proto 6-5/32-Inch Needle-Nose Pliers", "imUrl": "http://ecx.images-amazon.com/images/I/31IS8-5uDrL._SX300_.jpg", "price": 27.1, "numReviews": 4, "groups": [178], "averageRating": 4.25}, {"asin": "B00065DZDI", "name": "H480 Jewelers Flat Nose Pliers", "imUrl": "http://ecx.images-amazon.com/images/I/316QPWS9REL.jpg", "price": 12.9, "numReviews": 1, "groups": [179], "averageRating": 4.0}, {"asin": "B000IBOP4I", "name": "Xuron 485SAS Long Nose Plier with Serrated Static Control Grips", "imUrl": "http://ecx.images-amazon.com/images/I/313dxqkwaxL._SX342_.jpg", "price": 11.75, "numReviews": 1, "groups": [180], "averageRating": 5.0, "brand": "Xuron", "salesRankCategory": "Industrial & Scientific", "salesRank": 62021}, {"asin": "B0036VP1O0", "name": "Black Rhino 00153 8-Inch Bent Nose Pliers", "imUrl": "http://ecx.images-amazon.com/images/I/31uq1ZmZEOL._SX300_.jpg", "price": 16.36, "numReviews": 1, "groups": [181], "averageRating": 5.0}, {"asin": "B000KL4IMA", "name": "Channel Lock 317 8\" Long Nose Plier with Side Cutter", "imUrl": "http://ecx.images-amazon.com/images/I/41PtpeCgWwL._SX300_.jpg", "price": 14.93, "numReviews": 3, "groups": [182], "averageRating": 5.0}, {"asin": "B003RWS91A", "name": "Knipex 2005160 Flat Nose Pliers with Comfort Grip, 6.25 Inch", "imUrl": "http://ecx.images-amazon.com/images/I/31woss0Q35L._SX300_.jpg", "price": 33.92, "numReviews": 1, "groups": [183], "averageRating": 5.0}, {"asin": "B0052XQZSQ", "name": "Irwin Tools 1773619 8-Inch Vise-Grip Needle Nose Pliers", "imUrl": "http://ecx.images-amazon.com/images/I/31MLhjIyWrL._SY300_.jpg", "price": 16.99, "numReviews": 2, "groups": [184], "averageRating": 5.0}, {"asin": "B006GTDI9O", "name": "Channellock 317 8\" Long Nose Plier with Side Cutter", "imUrl": "http://ecx.images-amazon.com/images/I/11-UXwRHiCL.jpg", "price": 19.99, "numReviews": 1, "groups": [185], "averageRating": 5.0, "brand": "Channellock"}, {"asin": "B001KECZUS", "name": "CH Hanson 20600 Auto-Grip 6-1/2-Inch LockJaw Self-Adjusting Groove Pliers", "imUrl": "http://ecx.images-amazon.com/images/I/31lGoYB-mmL._SX300_.jpg", "price": 9.76, "numReviews": 1, "groups": [186], "averageRating": 5.0}, {"asin": "B005EXNYM4", "name": "KNIPEX 22 02 140 Round Nose Pliers-Comfort Grip", "imUrl": "http://ecx.images-amazon.com/images/I/31Oc3%2ByRqoL._SX300_.jpg", "price": 26.5, "numReviews": 3, "groups": [187], "averageRating": 4.0}, {"asin": "B000F0PFUK", "name": "Klein Tools D321-41/2C 4-Inch Midget Long-Nose Pliers-Slim Nose with Spring", "imUrl": "http://ecx.images-amazon.com/images/I/31-rOoRCxRL._SY300_.jpg", "price": 19.36, "numReviews": 3, "groups": [188], "averageRating": 3.6666666666666665, "brand": "Klein"}, {"asin": "B009MS764O", "name": "SK Hand Tool 17842 Pliers Set, 3-Piece", "imUrl": "http://ecx.images-amazon.com/images/I/41teky18NSL._SX300_.jpg", "price": 53.53, "numReviews": 1, "groups": [189], "averageRating": 5.0, "brand": "SK Hand Tool"}, {"asin": "B003RWS94W", "name": "Knipex 2505160 Chain Nose Pliers with Cutter with Comfort Grip, 6.25 Inch", "imUrl": "http://ecx.images-amazon.com/images/I/312C3cGmd%2BL._SX300_.jpg", "price": 47.91, "numReviews": 1, "groups": [190], "averageRating": 5.0, "brand": "Knipex"}, {"asin": "B0002IXS1S", "name": "Elenco Long Nose Pliers", "imUrl": "http://ecx.images-amazon.com/images/I/41wqKW7DB8L._SY300_.jpg", "price": 2.95, "numReviews": 1, "groups": [191], "averageRating": 3.0, "brand": "Elenco"}, {"asin": "B00065TGQI", "name": "Channellock 748 8-Inch End Cutter Long Reach Plier", "imUrl": "http://ecx.images-amazon.com/images/I/31OOo4JD2%2BL._SX300_.jpg", "price": 16.47, "numReviews": 10, "groups": [192], "averageRating": 4.9, "brand": "Channellock"}, {"asin": "B002LNHQ6A", "name": "Lindstrom RX7490 - RX Series Ergonomic Pliers - Flat Nose - Smooth Jaw - 5.77\" L", "imUrl": "http://ecx.images-amazon.com/images/I/41zGb%2BB%2BZrL._SX300_.jpg", "price": 36.8, "numReviews": 1, "groups": [193], "averageRating": 5.0}, {"asin": "B000LVCPC4", "name": "Eclipse 100-042 Needle-nosed Pliers", "imUrl": "http://ecx.images-amazon.com/images/I/31q%2BUB%2BAQcL._SX300_.jpg", "price": 4.95, "numReviews": 1, "groups": [194], "averageRating": 5.0, "brand": "Eclipse"}, {"asin": "B001H1HJXM", "name": "Knipex 2618200SBA Long Nose Pliers with Cutter, 1000 Volt Rated, 8 Inch", "imUrl": "http://ecx.images-amazon.com/images/I/31QCmvnY1kL._SX300_.jpg", "price": 39.98, "numReviews": 4, "groups": [195], "averageRating": 5.0}, {"asin": "B003RWS992", "name": "Knipex 2801200 Flat Nose Assembly Pliers, 8 Inch", "imUrl": "http://ecx.images-amazon.com/images/I/31AV5Ygz5vL._SX300_.jpg", "price": 43.2, "numReviews": 3, "groups": [196], "averageRating": 5.0}, {"asin": "B000MKIOF6", "name": "Klein D364-11 Long-Reach Long-Nose Pliers, 90-Degree Bent Nose", "imUrl": "http://ecx.images-amazon.com/images/I/31RpkQmP8ZL._SX300_.jpg", "price": 8.33, "numReviews": 2, "groups": [197], "averageRating": 5.0}, {"asin": "B000NPT5V2", "name": "TEKTON 3517 6-Inch 45-Degree Bent Long Nose Pliers", "imUrl": "http://ecx.images-amazon.com/images/I/31HKRBseh6L._SX300_.jpg", "price": 5.02, "numReviews": 5, "groups": [198], "averageRating": 4.0, "brand": "TEKTON"}, {"asin": "B0007XJO7K", "name": "Stanley 89-870 8.5-Inch Long Nose Plier with Cutter", "imUrl": "http://ecx.images-amazon.com/images/I/31sGaJlRkvL._SY300_.jpg", "price": 8.99, "numReviews": 19, "groups": [199], "averageRating": 4.421052631578948, "brand": "Stanley"}, {"asin": "B000VJNSFE", "name": "Olympia Tool 10-540 11-Inch Longnecks Pliers, Straight", "imUrl": "http://ecx.images-amazon.com/images/I/31ZBOvc5QiL._SX300_.jpg", "price": 6.95, "numReviews": 1, "groups": [200], "averageRating": 5.0}, {"asin": "B000LFXBC8", "name": "Silverline - Quick Adjusting Soft Jaw Pliers (Length 280Mm - Jaw 65Mm", "imUrl": "http://ecx.images-amazon.com/images/I/41CrySzZlVL._SY300_.jpg", "price": 15.42, "numReviews": 5, "groups": [201], "averageRating": 4.0, "brand": "Silverline"}, {"asin": "B000A0UJW4", "name": "Irwin 2078226 Vise Grip 6-Inch Bent Long Nose Plier", "imUrl": "http://ecx.images-amazon.com/images/I/31SKN4M1D5L._SX300_.jpg", "price": 17.03, "numReviews": 3, "groups": [202], "averageRating": 5.0}, {"asin": "B0015YKBAE", "name": "6 Piece Precision Pliers Set", "imUrl": "http://ecx.images-amazon.com/images/I/31dkjigdBgL.jpg", "price": 16.25, "numReviews": 4, "groups": [203], "averageRating": 4.25}, {"asin": "B00DEBV0S8", "name": "Mini Extra Flat Needle Nose Pliers Jewellery Craft Beading Beads Plier Kit Tool", "imUrl": "http://ecx.images-amazon.com/images/I/41hbSx98LiL._SY300_.jpg", "price": 5.89, "numReviews": 1, "groups": [204], "averageRating": 4.0}, {"asin": "B008S9KIXO", "name": "Sainty International 10-790 Hurricane Mini Pliers Set, 6-Piece", "imUrl": "http://ecx.images-amazon.com/images/I/41RvHAcKk3L._SX300_.jpg", "price": 24.99, "numReviews": 1, "groups": [205], "averageRating": 4.0}, {"asin": "B0052XQYLY", "name": "Irwin Tools 1773583 45 Degree 11-Inch Vise-Grip Long Reach Bent Nose Pliers", "imUrl": "http://ecx.images-amazon.com/images/I/31oTqx0c%2BCL._SY300_.jpg", "price": 12.0, "numReviews": 3, "groups": [206], "averageRating": 5.0, "brand": "Irwin Tools"}, {"asin": "B000B5YAHI", "name": "Xuron - Xuron 485S Long Nose Serrated", "imUrl": "http://ecx.images-amazon.com/images/I/31qVfifR04L._SX300_.jpg", "price": 19.95, "numReviews": 2, "groups": [207], "averageRating": 5.0, "brand": "Xuron"}, {"asin": "B003RWS9EM", "name": "Knipex 3035160 Long Nose Pliers with Round Tips and Comfort Grip, 6.25 Inch", "imUrl": "http://ecx.images-amazon.com/images/I/31z05qvWyrL._SX300_.jpg", "price": 27.32, "numReviews": 3, "groups": [27, 103], "averageRating": 5.0, "brand": "Knipex"}, {"asin": "B00EAQZU6O", "name": "Delcast MPL-2B Needle Nose Precision Pliers, 5.5-Inch", "imUrl": "http://ecx.images-amazon.com/images/I/31aiT9BJNtL._SY300_.jpg", "price": 6.77, "numReviews": 2, "groups": [208], "averageRating": 5.0}, {"asin": "B000VJNSP4", "name": "Olympia Tool 10-544 11-Inch Longnecks Pliers, 90 Degree", "imUrl": "http://ecx.images-amazon.com/images/I/31a2%2BDq5zPL._SX300_.jpg", "price": 9.3, "numReviews": 1, "groups": [209], "averageRating": 5.0}, {"asin": "B006654UDQ", "name": "Lindstrom Round Nose Ex Series - PLR-7590EX", "imUrl": "http://ecx.images-amazon.com/images/I/41mQTllZncL._SY300_.jpg", "price": 43.32, "numReviews": 1, "groups": [210], "averageRating": 5.0}, {"asin": "B000189FGG", "name": "Channellock 318 8-Inch Long Nose Plier", "imUrl": "http://ecx.images-amazon.com/images/I/31FeeuEoHVL._SX300_.jpg", "price": 21.94, "numReviews": 2, "groups": [211], "averageRating": 4.5, "brand": "Channellock"}, {"asin": "B00EVIDB7Q", "name": "Chainmail Joe Bent Nose Pliers", "imUrl": "http://ecx.images-amazon.com/images/I/31Hm7sI2%2BFL._SX300_.jpg", "price": 5.29, "numReviews": 6, "groups": [212], "averageRating": 4.333333333333333, "brand": "Chainmail Joe"}, {"asin": "B00004SBB2", "name": "Irwin 15-9LN Vise Grip 2-7/8-Inch Jaw Capacity 9-Inch Long Nose Plier with Wire Cutter", "imUrl": "http://ecx.images-amazon.com/images/I/31YlcYur5pL._SX300_.jpg", "price": 16.17, "numReviews": 3, "groups": [213], "averageRating": 5.0}, {"asin": "B003RWS9F6", "name": "Knipex 3115160 Needle Nose Pliers with Comfort Grip, 6.25 Inch", "imUrl": "http://ecx.images-amazon.com/images/I/31uMGLkGGGL._SX300_.jpg", "price": 50.58, "numReviews": 3, "groups": [214], "averageRating": 4.666666666666667}, {"asin": "B000NPT5VM", "name": "TEKTON 3520 6-Inch 90-Degree Bent Long Nose Pliers", "imUrl": "http://ecx.images-amazon.com/images/I/31W4XNVhbDL._SX300_.jpg", "price": 5.46, "numReviews": 47, "groups": [160], "averageRating": 4.51063829787234, "brand": "TEKTON"}], "links": [{"source": 0, "target": 211, "right": true, "left": false, "value": 1}, {"source": 1, "target": 96, "right": true, "left": false, "value": 1}, {"source": 1, "target": 181, "right": true, "left": false, "value": 1}, {"source": 2, "target": 128, "right": true, "left": false, "value": 1}, {"source": 3, "target": 26, "right": false, "left": true, "value": 1}, {"source": 3, "target": 59, "right": true, "left": false, "value": 1}, {"source": 3, "target": 197, "right": false, "left": true, "value": 1}, {"source": 3, "target": 206, "right": true, "left": false, "value": 1}, {"source": 4, "target": 103, "right": false, "left": true, "value": 1}, {"source": 5, "target": 34, "right": true, "left": false, "value": 1}, {"source": 5, "target": 35, "right": true, "left": false, "value": 1}, {"source": 6, "target": 170, "right": true, "left": false, "value": 1}, {"source": 7, "target": 185, "right": false, "left": true, "value": 1}, {"source": 7, "target": 175, "right": false, "left": true, "value": 1}, {"source": 7, "target": 153, "right": true, "left": true, "value": 1}, {"source": 7, "target": 186, "right": false, "left": true, "value": 1}, {"source": 7, "target": 157, "right": true, "left": true, "value": 1}, {"source": 8, "target": 208, "right": true, "left": false, "value": 1}, {"source": 8, "target": 145, "right": true, "left": false, "value": 1}, {"source": 8, "target": 226, "right": true, "left": false, "value": 1}, {"source": 8, "target": 127, "right": true, "left": false, "value": 1}, {"source": 9, "target": 159, "right": true, "left": false, "value": 1}, {"source": 10, "target": 107, "right": true, "left": false, "value": 1}, {"source": 10, "target": 108, "right": true, "left": false, "value": 1}, {"source": 11, "target": 140, "right": true, "left": false, "value": 1}, {"source": 12, "target": 95, "right": true, "left": false, "value": 1}, {"source": 13, "target": 82, "right": true, "left": false, "value": 1}, {"source": 13, "target": 139, "right": true, "left": false, "value": 1}, {"source": 13, "target": 100, "right": true, "left": false, "value": 1}, {"source": 14, "target": 209, "right": true, "left": false, "value": 1}, {"source": 14, "target": 226, "right": true, "left": false, "value": 1}, {"source": 14, "target": 212, "right": true, "left": false, "value": 1}, {"source": 15, "target": 184, "right": true, "left": false, "value": 1}, {"source": 15, "target": 82, "right": true, "left": false, "value": 1}, {"source": 15, "target": 114, "right": true, "left": false, "value": 1}, {"source": 15, "target": 122, "right": true, "left": false, "value": 1}, {"source": 16, "target": 128, "right": true, "left": false, "value": 1}, {"source": 17, "target": 41, "right": true, "left": false, "value": 1}, {"source": 17, "target": 202, "right": false, "left": true, "value": 1}, {"source": 18, "target": 73, "right": true, "left": false, "value": 1}, {"source": 18, "target": 166, "right": true, "left": false, "value": 1}, {"source": 18, "target": 143, "right": true, "left": false, "value": 1}, {"source": 19, "target": 146, "right": true, "left": false, "value": 1}, {"source": 19, "target": 75, "right": true, "left": false, "value": 1}, {"source": 19, "target": 77, "right": true, "left": false, "value": 1}, {"source": 20, "target": 33, "right": true, "left": false, "value": 1}, {"source": 20, "target": 162, "right": true, "left": false, "value": 1}, {"source": 20, "target": 73, "right": true, "left": false, "value": 1}, {"source": 20, "target": 183, "right": false, "left": true, "value": 1}, {"source": 20, "target": 29, "right": true, "left": false, "value": 1}, {"source": 21, "target": 154, "right": true, "left": false, "value": 1}, {"source": 21, "target": 43, "right": true, "left": false, "value": 1}, {"source": 21, "target": 62, "right": true, "left": false, "value": 1}, {"source": 22, "target": 84, "right": false, "left": true, "value": 1}, {"source": 23, "target": 226, "right": true, "left": false, "value": 1}, {"source": 23, "target": 139, "right": true, "left": false, "value": 1}, {"source": 24, "target": 105, "right": true, "left": false, "value": 1}, {"source": 24, "target": 226, "right": true, "left": false, "value": 1}, {"source": 24, "target": 51, "right": false, "left": true, "value": 1}, {"source": 25, "target": 96, "right": true, "left": false, "value": 1}, {"source": 26, "target": 197, "right": false, "left": true, "value": 1}, {"source": 26, "target": 102, "right": false, "left": true, "value": 1}, {"source": 26, "target": 89, "right": false, "left": true, "value": 1}, {"source": 26, "target": 218, "right": true, "left": true, "value": 1}, {"source": 26, "target": 27, "right": false, "left": true, "value": 1}, {"source": 28, "target": 107, "right": true, "left": false, "value": 1}, {"source": 29, "target": 33, "right": false, "left": true, "value": 1}, {"source": 29, "target": 162, "right": true, "left": false, "value": 1}, {"source": 29, "target": 164, "right": false, "left": true, "value": 1}, {"source": 29, "target": 73, "right": true, "left": true, "value": 1}, {"source": 29, "target": 141, "right": false, "left": true, "value": 1}, {"source": 29, "target": 81, "right": true, "left": false, "value": 1}, {"source": 29, "target": 53, "right": false, "left": true, "value": 1}, {"source": 29, "target": 88, "right": false, "left": true, "value": 1}, {"source": 29, "target": 123, "right": false, "left": true, "value": 1}, {"source": 30, "target": 144, "right": false, "left": true, "value": 1}, {"source": 31, "target": 39, "right": false, "left": true, "value": 1}, {"source": 32, "target": 45, "right": true, "left": false, "value": 1}, {"source": 33, "target": 128, "right": true, "left": false, "value": 1}, {"source": 33, "target": 162, "right": true, "left": false, "value": 1}, {"source": 33, "target": 81, "right": true, "left": false, "value": 1}, {"source": 33, "target": 88, "right": false, "left": true, "value": 1}, {"source": 34, "target": 35, "right": true, "left": false, "value": 1}, {"source": 34, "target": 100, "right": true, "left": false, "value": 1}, {"source": 34, "target": 170, "right": true, "left": false, "value": 1}, {"source": 34, "target": 119, "right": true, "left": false, "value": 1}, {"source": 35, "target": 209, "right": true, "left": false, "value": 1}, {"source": 36, "target": 139, "right": true, "left": false, "value": 1}, {"source": 36, "target": 155, "right": true, "left": false, "value": 1}, {"source": 36, "target": 119, "right": true, "left": false, "value": 1}, {"source": 37, "target": 137, "right": true, "left": false, "value": 1}, {"source": 38, "target": 156, "right": false, "left": true, "value": 1}, {"source": 40, "target": 128, "right": true, "left": false, "value": 1}, {"source": 40, "target": 99, "right": false, "left": true, "value": 1}, {"source": 40, "target": 91, "right": false, "left": true, "value": 1}, {"source": 40, "target": 152, "right": false, "left": true, "value": 1}, {"source": 41, "target": 192, "right": false, "left": true, "value": 1}, {"source": 41, "target": 195, "right": false, "left": true, "value": 1}, {"source": 41, "target": 70, "right": true, "left": false, "value": 1}, {"source": 41, "target": 168, "right": false, "left": true, "value": 1}, {"source": 41, "target": 105, "right": false, "left": true, "value": 1}, {"source": 41, "target": 74, "right": false, "left": true, "value": 1}, {"source": 41, "target": 114, "right": false, "left": true, "value": 1}, {"source": 41, "target": 83, "right": true, "left": false, "value": 1}, {"source": 41, "target": 116, "right": false, "left": true, "value": 1}, {"source": 41, "target": 153, "right": false, "left": true, "value": 1}, {"source": 41, "target": 222, "right": false, "left": true, "value": 1}, {"source": 42, "target": 161, "right": false, "left": true, "value": 1}, {"source": 42, "target": 162, "right": true, "left": false, "value": 1}, {"source": 42, "target": 164, "right": false, "left": true, "value": 1}, {"source": 42, "target": 166, "right": true, "left": false, "value": 1}, {"source": 42, "target": 73, "right": true, "left": false, "value": 1}, {"source": 43, "target": 187, "right": true, "left": true, "value": 1}, {"source": 43, "target": 62, "right": false, "left": true, "value": 1}, {"source": 44, "target": 99, "right": false, "left": true, "value": 1}, {"source": 44, "target": 51, "right": false, "left": true, "value": 1}, {"source": 44, "target": 148, "right": true, "left": false, "value": 1}, {"source": 45, "target": 49, "right": false, "left": true, "value": 1}, {"source": 45, "target": 139, "right": true, "left": false, "value": 1}, {"source": 46, "target": 93, "right": true, "left": false, "value": 1}, {"source": 47, "target": 96, "right": true, "left": false, "value": 1}, {"source": 47, "target": 127, "right": true, "left": false, "value": 1}, {"source": 48, "target": 128, "right": true, "left": false, "value": 1}, {"source": 48, "target": 141, "right": true, "left": false, "value": 1}, {"source": 49, "target": 147, "right": true, "left": false, "value": 1}, {"source": 50, "target": 154, "right": true, "left": false, "value": 1}, {"source": 50, "target": 62, "right": true, "left": false, "value": 1}, {"source": 50, "target": 135, "right": true, "left": false, "value": 1}, {"source": 51, "target": 105, "right": true, "left": false, "value": 1}, {"source": 51, "target": 226, "right": true, "left": false, "value": 1}, {"source": 52, "target": 199, "right": false, "left": true, "value": 1}, {"source": 52, "target": 109, "right": true, "left": false, "value": 1}, {"source": 52, "target": 71, "right": true, "left": false, "value": 1}, {"source": 53, "target": 81, "right": true, "left": false, "value": 1}, {"source": 53, "target": 73, "right": true, "left": false, "value": 1}, {"source": 54, "target": 162, "right": true, "left": false, "value": 1}, {"source": 54, "target": 123, "right": true, "left": false, "value": 1}, {"source": 55, "target": 196, "right": false, "left": true, "value": 1}, {"source": 56, "target": 96, "right": true, "left": false, "value": 1}, {"source": 56, "target": 94, "right": true, "left": false, "value": 1}, {"source": 57, "target": 122, "right": true, "left": false, "value": 1}, {"source": 58, "target": 134, "right": true, "left": false, "value": 1}, {"source": 59, "target": 197, "right": false, "left": true, "value": 1}, {"source": 59, "target": 102, "right": false, "left": true, "value": 1}, {"source": 59, "target": 218, "right": false, "left": true, "value": 1}, {"source": 59, "target": 156, "right": false, "left": true, "value": 1}, {"source": 60, "target": 162, "right": true, "left": false, "value": 1}, {"source": 61, "target": 140, "right": true, "left": true, "value": 1}, {"source": 61, "target": 205, "right": false, "left": true, "value": 1}, {"source": 61, "target": 174, "right": true, "left": true, "value": 1}, {"source": 61, "target": 111, "right": false, "left": true, "value": 1}, {"source": 62, "target": 135, "right": false, "left": true, "value": 1}, {"source": 62, "target": 154, "right": false, "left": true, "value": 1}, {"source": 62, "target": 150, "right": false, "left": true, "value": 1}, {"source": 62, "target": 122, "right": true, "left": true, "value": 1}, {"source": 62, "target": 187, "right": false, "left": true, "value": 1}, {"source": 63, "target": 160, "right": false, "left": true, "value": 1}, {"source": 64, "target": 122, "right": true, "left": false, "value": 1}, {"source": 64, "target": 198, "right": true, "left": false, "value": 1}, {"source": 65, "target": 209, "right": true, "left": false, "value": 1}, {"source": 65, "target": 83, "right": true, "left": false, "value": 1}, {"source": 66, "target": 82, "right": true, "left": false, "value": 1}, {"source": 67, "target": 174, "right": true, "left": false, "value": 1}, {"source": 68, "target": 166, "right": true, "left": false, "value": 1}, {"source": 69, "target": 80, "right": true, "left": false, "value": 1}, {"source": 69, "target": 134, "right": true, "left": false, "value": 1}, {"source": 70, "target": 104, "right": false, "left": true, "value": 1}, {"source": 70, "target": 168, "right": false, "left": true, "value": 1}, {"source": 72, "target": 83, "right": true, "left": false, "value": 1}, {"source": 72, "target": 155, "right": true, "left": false, "value": 1}, {"source": 72, "target": 79, "right": false, "left": true, "value": 1}, {"source": 72, "target": 119, "right": true, "left": false, "value": 1}, {"source": 73, "target": 226, "right": true, "left": false, "value": 1}, {"source": 73, "target": 164, "right": false, "left": true, "value": 1}, {"source": 73, "target": 176, "right": false, "left": true, "value": 1}, {"source": 73, "target": 87, "right": false, "left": true, "value": 1}, {"source": 73, "target": 216, "right": false, "left": true, "value": 1}, {"source": 73, "target": 183, "right": false, "left": true, "value": 1}, {"source": 73, "target": 220, "right": false, "left": true, "value": 1}, {"source": 75, "target": 203, "right": false, "left": true, "value": 1}, {"source": 75, "target": 77, "right": false, "left": true, "value": 1}, {"source": 75, "target": 179, "right": false, "left": true, "value": 1}, {"source": 75, "target": 221, "right": false, "left": true, "value": 1}, {"source": 76, "target": 181, "right": true, "left": false, "value": 1}, {"source": 78, "target": 83, "right": true, "left": false, "value": 1}, {"source": 78, "target": 119, "right": true, "left": false, "value": 1}, {"source": 79, "target": 170, "right": true, "left": false, "value": 1}, {"source": 79, "target": 100, "right": true, "left": false, "value": 1}, {"source": 79, "target": 119, "right": true, "left": false, "value": 1}, {"source": 81, "target": 162, "right": false, "left": true, "value": 1}, {"source": 81, "target": 88, "right": false, "left": true, "value": 1}, {"source": 82, "target": 194, "right": false, "left": true, "value": 1}, {"source": 82, "target": 100, "right": true, "left": true, "value": 1}, {"source": 82, "target": 139, "right": true, "left": false, "value": 1}, {"source": 82, "target": 171, "right": false, "left": true, "value": 1}, {"source": 82, "target": 212, "right": false, "left": true, "value": 1}, {"source": 82, "target": 151, "right": false, "left": true, "value": 1}, {"source": 83, "target": 131, "right": false, "left": true, "value": 1}, {"source": 83, "target": 100, "right": false, "left": true, "value": 1}, {"source": 83, "target": 170, "right": false, "left": true, "value": 1}, {"source": 83, "target": 139, "right": false, "left": true, "value": 1}, {"source": 83, "target": 209, "right": false, "left": true, "value": 1}, {"source": 83, "target": 119, "right": true, "left": true, "value": 1}, {"source": 83, "target": 155, "right": false, "left": true, "value": 1}, {"source": 83, "target": 127, "right": true, "left": false, "value": 1}, {"source": 85, "target": 96, "right": true, "left": false, "value": 1}, {"source": 86, "target": 139, "right": true, "left": false, "value": 1}, {"source": 87, "target": 166, "right": true, "left": true, "value": 1}, {"source": 87, "target": 169, "right": false, "left": true, "value": 1}, {"source": 87, "target": 208, "right": false, "left": true, "value": 1}, {"source": 87, "target": 145, "right": false, "left": true, "value": 1}, {"source": 87, "target": 120, "right": false, "left": true, "value": 1}, {"source": 90, "target": 100, "right": true, "left": false, "value": 1}, {"source": 91, "target": 226, "right": true, "left": false, "value": 1}, {"source": 91, "target": 99, "right": true, "left": false, "value": 1}, {"source": 92, "target": 128, "right": true, "left": false, "value": 1}, {"source": 92, "target": 118, "right": true, "left": false, "value": 1}, {"source": 94, "target": 139, "right": true, "left": false, "value": 1}, {"source": 94, "target": 127, "right": true, "left": false, "value": 1}, {"source": 96, "target": 131, "right": false, "left": true, "value": 1}, {"source": 96, "target": 139, "right": true, "left": false, "value": 1}, {"source": 96, "target": 214, "right": false, "left": true, "value": 1}, {"source": 96, "target": 151, "right": false, "left": true, "value": 1}, {"source": 96, "target": 122, "right": false, "left": true, "value": 1}, {"source": 96, "target": 219, "right": false, "left": true, "value": 1}, {"source": 96, "target": 188, "right": false, "left": true, "value": 1}, {"source": 96, "target": 126, "right": false, "left": true, "value": 1}, {"source": 96, "target": 127, "right": true, "left": false, "value": 1}, {"source": 97, "target": 129, "right": false, "left": true, "value": 1}, {"source": 97, "target": 135, "right": true, "left": true, "value": 1}, {"source": 98, "target": 168, "right": true, "left": true, "value": 1}, {"source": 99, "target": 226, "right": true, "left": false, "value": 1}, {"source": 100, "target": 194, "right": false, "left": true, "value": 1}, {"source": 100, "target": 170, "right": true, "left": true, "value": 1}, {"source": 100, "target": 151, "right": false, "left": true, "value": 1}, {"source": 101, "target": 166, "right": true, "left": false, "value": 1}, {"source": 101, "target": 183, "right": true, "left": false, "value": 1}, {"source": 102, "target": 218, "right": true, "left": true, "value": 1}, {"source": 105, "target": 226, "right": true, "left": false, "value": 1}, {"source": 105, "target": 120, "right": false, "left": true, "value": 1}, {"source": 106, "target": 162, "right": true, "left": false, "value": 1}, {"source": 106, "target": 182, "right": true, "left": false, "value": 1}, {"source": 107, "target": 130, "right": true, "left": false, "value": 1}, {"source": 107, "target": 108, "right": true, "left": true, "value": 1}, {"source": 108, "target": 165, "right": false, "left": true, "value": 1}, {"source": 109, "target": 178, "right": false, "left": true, "value": 1}, {"source": 110, "target": 217, "right": false, "left": true, "value": 1}, {"source": 112, "target": 153, "right": true, "left": false, "value": 1}, {"source": 112, "target": 125, "right": true, "left": false, "value": 1}, {"source": 112, "target": 157, "right": true, "left": false, "value": 1}, {"source": 112, "target": 175, "right": true, "left": false, "value": 1}, {"source": 113, "target": 172, "right": true, "left": false, "value": 1}, {"source": 113, "target": 206, "right": true, "left": false, "value": 1}, {"source": 114, "target": 195, "right": false, "left": true, "value": 1}, {"source": 115, "target": 198, "right": true, "left": false, "value": 1}, {"source": 116, "target": 153, "right": true, "left": false, "value": 1}, {"source": 117, "target": 174, "right": true, "left": false, "value": 1}, {"source": 119, "target": 170, "right": false, "left": true, "value": 1}, {"source": 119, "target": 139, "right": true, "left": true, "value": 1}, {"source": 119, "target": 209, "right": false, "left": true, "value": 1}, {"source": 119, "target": 127, "right": false, "left": true, "value": 1}, {"source": 120, "target": 145, "right": true, "left": false, "value": 1}, {"source": 120, "target": 169, "right": false, "left": true, "value": 1}, {"source": 121, "target": 146, "right": false, "left": true, "value": 1}, {"source": 122, "target": 225, "right": false, "left": true, "value": 1}, {"source": 122, "target": 134, "right": false, "left": true, "value": 1}, {"source": 122, "target": 181, "right": true, "left": false, "value": 1}, {"source": 122, "target": 154, "right": false, "left": true, "value": 1}, {"source": 122, "target": 188, "right": false, "left": true, "value": 1}, {"source": 123, "target": 199, "right": false, "left": true, "value": 1}, {"source": 124, "target": 209, "right": true, "left": false, "value": 1}, {"source": 124, "target": 147, "right": true, "left": false, "value": 1}, {"source": 125, "target": 153, "right": true, "left": false, "value": 1}, {"source": 125, "target": 157, "right": false, "left": true, "value": 1}, {"source": 125, "target": 206, "right": true, "left": false, "value": 1}, {"source": 126, "target": 127, "right": true, "left": false, "value": 1}, {"source": 127, "target": 201, "right": false, "left": true, "value": 1}, {"source": 127, "target": 139, "right": true, "left": true, "value": 1}, {"source": 127, "target": 219, "right": false, "left": true, "value": 1}, {"source": 128, "target": 224, "right": false, "left": true, "value": 1}, {"source": 128, "target": 162, "right": false, "left": true, "value": 1}, {"source": 128, "target": 176, "right": false, "left": true, "value": 1}, {"source": 128, "target": 216, "right": false, "left": true, "value": 1}, {"source": 131, "target": 139, "right": true, "left": false, "value": 1}, {"source": 132, "target": 177, "right": false, "left": true, "value": 1}, {"source": 133, "target": 162, "right": true, "left": false, "value": 1}, {"source": 134, "target": 225, "right": false, "left": true, "value": 1}, {"source": 134, "target": 140, "right": false, "left": true, "value": 1}, {"source": 134, "target": 172, "right": false, "left": true, "value": 1}, {"source": 134, "target": 206, "right": false, "left": true, "value": 1}, {"source": 136, "target": 226, "right": true, "left": false, "value": 1}, {"source": 138, "target": 215, "right": true, "left": false, "value": 1}, {"source": 139, "target": 226, "right": false, "left": true, "value": 1}, {"source": 139, "target": 204, "right": false, "left": true, "value": 1}, {"source": 139, "target": 219, "right": false, "left": true, "value": 1}, {"source": 139, "target": 155, "right": false, "left": true, "value": 1}, {"source": 140, "target": 172, "right": false, "left": true, "value": 1}, {"source": 141, "target": 143, "right": true, "left": false, "value": 1}, {"source": 142, "target": 226, "right": true, "left": false, "value": 1}, {"source": 145, "target": 169, "right": false, "left": true, "value": 1}, {"source": 145, "target": 208, "right": true, "left": false, "value": 1}, {"source": 149, "target": 180, "right": true, "left": false, "value": 1}, {"source": 150, "target": 154, "right": true, "left": false, "value": 1}, {"source": 151, "target": 226, "right": true, "left": false, "value": 1}, {"source": 153, "target": 171, "right": false, "left": true, "value": 1}, {"source": 153, "target": 175, "right": false, "left": true, "value": 1}, {"source": 153, "target": 157, "right": false, "left": true, "value": 1}, {"source": 153, "target": 182, "right": false, "left": true, "value": 1}, {"source": 153, "target": 185, "right": false, "left": true, "value": 1}, {"source": 153, "target": 186, "right": false, "left": true, "value": 1}, {"source": 157, "target": 185, "right": false, "left": true, "value": 1}, {"source": 157, "target": 171, "right": false, "left": true, "value": 1}, {"source": 157, "target": 175, "right": false, "left": true, "value": 1}, {"source": 158, "target": 167, "right": true, "left": false, "value": 1}, {"source": 162, "target": 194, "right": false, "left": true, "value": 1}, {"source": 162, "target": 163, "right": false, "left": true, "value": 1}, {"source": 162, "target": 182, "right": false, "left": true, "value": 1}, {"source": 162, "target": 183, "right": false, "left": true, "value": 1}, {"source": 164, "target": 166, "right": true, "left": false, "value": 1}, {"source": 166, "target": 226, "right": true, "left": true, "value": 1}, {"source": 166, "target": 173, "right": false, "left": true, "value": 1}, {"source": 166, "target": 207, "right": false, "left": true, "value": 1}, {"source": 166, "target": 176, "right": false, "left": true, "value": 1}, {"source": 166, "target": 212, "right": false, "left": true, "value": 1}, {"source": 166, "target": 220, "right": false, "left": true, "value": 1}, {"source": 167, "target": 210, "right": false, "left": true, "value": 1}, {"source": 168, "target": 192, "right": false, "left": true, "value": 1}, {"source": 168, "target": 222, "right": false, "left": true, "value": 1}, {"source": 170, "target": 209, "right": false, "left": true, "value": 1}, {"source": 173, "target": 226, "right": true, "left": false, "value": 1}, {"source": 174, "target": 205, "right": false, "left": true, "value": 1}, {"source": 174, "target": 218, "right": false, "left": true, "value": 1}, {"source": 176, "target": 226, "right": true, "left": false, "value": 1}, {"source": 181, "target": 188, "right": false, "left": true, "value": 1}, {"source": 183, "target": 216, "right": false, "left": true, "value": 1}, {"source": 185, "target": 186, "right": false, "left": true, "value": 1}, {"source": 189, "target": 213, "right": true, "left": false, "value": 1}, {"source": 190, "target": 217, "right": false, "left": true, "value": 1}, {"source": 191, "target": 226, "right": true, "left": false, "value": 1}, {"source": 193, "target": 200, "right": true, "left": false, "value": 1}, {"source": 194, "target": 226, "right": true, "left": false, "value": 1}, {"source": 197, "target": 218, "right": true, "left": false, "value": 1}, {"source": 212, "target": 226, "right": true, "left": false, "value": 1}, {"source": 215, "target": 226, "right": true, "left": false, "value": 1}, {"source": 220, "target": 226, "right": true, "left": false, "value": 1}, {"source": 223, "target": 226, "right": true, "left": false, "value": 1}]}