{"nodes": [{"asin": "B000UKLTJG", "name": "Master Electrician 02352ME01 20-Feet Outdoor Extension Cord, White", "imUrl": "http://ecx.images-amazon.com/images/I/41zTMtF011L._SY300_.jpg", "price": 7.42, "numReviews": 5, "groups": [0], "averageRating": 4.0, "brand": "Master Electrician", "salesRankCategory": "Home Improvement", "salesRank": 6127}, {"asin": "B00513QKWI", "name": "Prime Wire & Cable EC920607 7-Foot 16/2 SPT-2 3-Outlet Cord, White", "imUrl": "http://ecx.images-amazon.com/images/I/41VHJWYvJmL._SY300_.jpg", "price": 5.97, "numReviews": 1, "groups": [1], "averageRating": 1.0, "brand": "Prime Wire & Cable"}, {"asin": "B007E8FZUG", "name": "Woods 5601 25-Foot Extension Cord, Black", "imUrl": "http://ecx.images-amazon.com/images/I/41Lc9xyGENL._SY300_.jpg", "price": 13.19, "numReviews": 3, "groups": [2], "averageRating": 4.666666666666667, "brand": "Woods"}, {"asin": "B00CTTCZ1M", "name": "PartPass 9 Feet Electrical Heavy Duty Wall Hugger Indoor Power Extension Cord Right Angle Male Plugs UL Listed, 9 FT 3 Prong Cable 1 Outlet (US Seller)", "imUrl": "http://ecx.images-amazon.com/images/I/41JPj%2BlDUNL._SY300_.jpg", "price": 11.14, "numReviews": 2, "groups": [3], "averageRating": 5.0}, {"asin": "B0015XIQ4S", "name": "Coleman Cable 02577-0A 25-Feet 12/3 Neon Outdoor Extension Cord, Fluorescent Pink", "imUrl": "http://ecx.images-amazon.com/images/I/41ez4pdlviL._SY300_.jpg", "price": 42.95, "numReviews": 7, "groups": [4], "averageRating": 5.0, "brand": "Coleman Cable"}, {"asin": "B000XU5MTG", "name": "TRC 90509-8 Flatplug Ultra Thin Profile 2-Wire Cord 13-Foot-16/2-Inch, White", "imUrl": "http://ecx.images-amazon.com/images/I/41A1fLJ1rQL._SY300_.jpg", "price": 5.77, "numReviews": 7, "groups": [5], "averageRating": 4.571428571428571}, {"asin": "B000LNOAD4", "name": "Alert Stamping CST-6M Tri-Tap Outdoor Extension Cord with Circuit Breaker, Yellow, 6-Feet", "imUrl": "http://ecx.images-amazon.com/images/I/41Cnugei1WL._SX300_.jpg", "price": 17.87, "numReviews": 2, "groups": [6], "averageRating": 5.0}, {"asin": "B002DNM6SG", "name": "GE Lamp Cord Set with Molded Plug, 8-Foot, White 54475", "imUrl": "http://ecx.images-amazon.com/images/I/41GkVTufknL._SY300_.jpg", "price": 6.97, "numReviews": 3, "groups": [7], "averageRating": 4.666666666666667, "brand": "GE"}, {"asin": "B004HT32Z0", "name": "Lighted Foot Switch with 12-Foot Extension Cord (3.6 meters); 3 Outlets With open/close Safety Discs; Indoor", "imUrl": "http://ecx.images-amazon.com/images/I/41byqIvu0RL._SY300_.jpg", "price": 12.56, "numReviews": 1, "groups": [8], "averageRating": 4.0}, {"asin": "B000SKONRI", "name": "Prime LT530825 Extra Heavy Duty 25-Foot Artic Blue All-Weather TPE Extension Cord", "imUrl": "http://ecx.images-amazon.com/images/I/51t-RH%2BBt-L._SY300_.jpg", "price": 24.72, "numReviews": 4, "groups": [9], "averageRating": 4.25, "brand": "Prime"}, {"asin": "B0093KUNSC", "name": "Ideaworks JB6448 XMAS Tree Extension Cord", "imUrl": "http://ecx.images-amazon.com/images/I/4191i6th5PL._SY300_.jpg", "price": 10.09, "numReviews": 3, "groups": [10], "averageRating": 5.0}, {"asin": "B0013P4A70", "name": "GE JASHEP43019 3-Outlet Indoor Grounded Extension Cord (8')", "imUrl": "http://ecx.images-amazon.com/images/I/31c785%2BwcaL._SY300_.jpg", "price": 7.02, "numReviews": 1, "groups": [11], "averageRating": 5.0, "salesRankCategory": "Electronics", "salesRank": 189295}, {"asin": "B000KKLORI", "name": "Yellow Jacket 1493 10/4 Heavy-Duty STW 30-Amp/250-Volt Generator Power Cord, 25-Feet", "imUrl": "http://ecx.images-amazon.com/images/I/51rrbO8R5nL._SX300_.jpg", "price": 92.46, "numReviews": 12, "groups": [12], "averageRating": 5.0, "brand": "Yellow Jacket"}, {"asin": "B00006K015", "name": "ElectraTrac 50112 50-Foot 12/3-Gauge 6-Outlet Extension Cord", "imUrl": "http://ecx.images-amazon.com/images/I/31K4DMBJNWL._SX300_.jpg", "price": 46.65, "numReviews": 4, "groups": [13], "averageRating": 4.0}, {"asin": "B002HWRS8G", "name": "US Wire 64050 12/3 50-Foot SJTW Orange Heavy Duty Extension Cord with Pow-R-Block", "imUrl": "http://ecx.images-amazon.com/images/I/51w3tdM%2BTML._SY300_.jpg", "price": 33.19, "numReviews": 3, "groups": [14], "averageRating": 5.0}, {"asin": "B000SLYF8O", "name": "Prime LT630825 Ultra Heavy Duty 25-Foot Triple Tap Artic Blue All-Weather TPE Extension Cord", "imUrl": "http://ecx.images-amazon.com/images/I/414lfAyzt4L._SY300_.jpg", "price": 33.1, "numReviews": 6, "groups": [15], "averageRating": 5.0}, {"asin": "B002CGRLDY", "name": "Coleman Cable 02204 16/2 Vinyl Outdoor Extension Cord, Orange, 10-Feet", "imUrl": "http://ecx.images-amazon.com/images/I/41KMLdCAavL._SY300_.jpg", "price": 12.99, "numReviews": 26, "groups": [16], "averageRating": 3.9615384615384617}, {"asin": "B003OQVGPK", "name": "Stanley 33089 Grounded Outdoor Extension Power Cord, 8-Feet, Black", "imUrl": "http://ecx.images-amazon.com/images/I/41z%2Bmspo8EL._SX300_.jpg", "price": 9.45, "numReviews": 6, "groups": [17], "averageRating": 4.166666666666667}, {"asin": "B006G6A19M", "name": "Prime Wire & Cable EC880625 25-Foot 16/3 SJTW Lawn and Garden Outdoor Extension Cord, Green", "imUrl": "http://ecx.images-amazon.com/images/I/41gqZxyDYjL._SY300_.jpg", "price": 18.99, "numReviews": 3, "groups": [18], "averageRating": 5.0}, {"asin": "B0093WFT6G", "name": "Lynn Electronics  C13620P15A-6F  6-Feet Power Cord, Black", "imUrl": "http://ecx.images-amazon.com/images/I/31I6cpvW6EL._SX300_.jpg", "price": 14.99, "numReviews": 1, "groups": [19], "averageRating": 5.0}, {"asin": "B007X5ID86", "name": "Trucker Tough 6 foot 14G 3 Outlet Extension Cord", "imUrl": "http://ecx.images-amazon.com/images/I/41DmqAVurOL._SY300_.jpg", "price": 11.77, "numReviews": 3, "groups": [20], "averageRating": 5.0}, {"asin": "B000BITATI", "name": "Prime Wire & Cable EC532730 50-Foot 14/3 SJTOW Farm and Shop Extension Cord, Black", "imUrl": "http://ecx.images-amazon.com/images/I/41ZlibRNUoL._SY300_.jpg", "price": 22.14, "numReviews": 8, "groups": [21], "averageRating": 4.875, "brand": "Prime Wire & Cable"}, {"asin": "B003I17EGQ", "name": "Conntek 20601 25-Foot 10/4 30 Amp 125/250 Volt 4 Prong L14-30 Transfer Switch Cord/Generator Extension Cord", "imUrl": "http://ecx.images-amazon.com/images/I/41JKx0k9ClL._SX300_.jpg", "price": 75.99, "numReviews": 24, "groups": [22], "averageRating": 4.916666666666667, "brand": "Conntek", "salesRankCategory": "Patio, Lawn & Garden", "salesRank": 4086}, {"asin": "B006G6A0F2", "name": "Prime Wire & Cable EC930610 10-Foot 16/3 SPT-2 3-Outlet Cord, White", "imUrl": "http://ecx.images-amazon.com/images/I/41%2BI3wSYbtL._SY300_.jpg", "price": 9.99, "numReviews": 1, "groups": [23], "averageRating": 5.0}, {"asin": "B00C771JEU", "name": "Pro-Glo 9-Foot Extension Cord 3 Lighted Outlets - Choose from 5 Bright Colors - Child Safety Covers Cord color: Grape", "imUrl": "http://ecx.images-amazon.com/images/I/51QNA6lS1JL._SY300_.jpg", "price": 5.99, "numReviews": 2, "groups": [24], "averageRating": 5.0, "salesRankCategory": "Electronics", "salesRank": 25335}, {"asin": "B00004SQES", "name": "Coleman Cable 2352 20-Feet 16/3 Vinyl Landscape Outdoor Extension Cord, Green", "imUrl": "http://ecx.images-amazon.com/images/I/51fIk%2BqPXdL._SY300_.jpg", "price": 10.32, "numReviews": 3, "groups": [25], "averageRating": 4.333333333333333, "brand": "Coleman Cable"}, {"asin": "B000BQRFD8", "name": "Master Electrician 09411ME All Purpose Indoor Extension Cord, 3 Outlet, 6-Foot, White", "imUrl": "http://ecx.images-amazon.com/images/I/31yEJT%2BN2UL._SY300_.jpg", "price": 4.99, "numReviews": 1, "groups": [26], "averageRating": 5.0, "brand": "Master Electrician"}, {"asin": "B0009ETC6A", "name": "Prime Wire & Cable NS512830 50-Foot 12/3 SJTW Flex High Visibility Extra Heavy Duty Outdoor Extension Cord with Prime light Indicator Light, Neon Green", "imUrl": "http://ecx.images-amazon.com/images/I/51dJpHDKIvL._SY300_.jpg", "price": 28.74, "numReviews": 1, "groups": [27], "averageRating": 5.0, "brand": "Prime Wire & Cable"}, {"asin": "B000FPANSO", "name": "Coleman Cable 9336 15-Amp HPN Appliance Cord, Black, 6-Feet", "imUrl": "http://ecx.images-amazon.com/images/I/41lTCB1wNQL._SY300_.jpg", "price": 2.86, "numReviews": 2, "groups": [28], "averageRating": 5.0, "brand": "Coleman Cable"}, {"asin": "B002CGRLQG", "name": "Coleman Cable 02821 Plug-In Quad GFCI Converter with 6-Feet 20-AMP 12/3-Wire Gauge Cord", "imUrl": "http://ecx.images-amazon.com/images/I/41USHeYm2HL._SX300_.jpg", "price": 62.18, "numReviews": 1, "groups": [29], "averageRating": 2.0, "brand": "Coleman Cable"}, {"asin": "B00D230SNQ", "name": "Uniqueware V4955 Household White Extension Cord 20 Ft", "imUrl": "http://ecx.images-amazon.com/images/I/31kugsEXRZL._SY300_.jpg", "price": 9.99, "numReviews": 1, "groups": [30], "averageRating": 5.0}, {"asin": "B001O3UB7O", "name": "12 ft. 3-Outlet Designer Household Extension Cord, PURPLE", "imUrl": "http://ecx.images-amazon.com/images/I/31URu26JGtL._SX300_.jpg", "price": 5.49, "numReviews": 1, "groups": [31], "averageRating": 4.0}, {"asin": "B008DIYCS2", "name": "Extension Power Cord 5' Heavy Duty 12 Gauge 3 Conductor Rated for Outdoor Use. Great for Live Entertainment & Motor Home Power Sjtw", "imUrl": "http://ecx.images-amazon.com/images/I/51IW-%2BjlumL._SX300_.jpg", "price": 11.14, "numReviews": 5, "groups": [32], "averageRating": 4.6}, {"asin": "B000HEFDJW", "name": "Woods 0267  SJTW General Purpose Extension Cord, Orange, 25-Feet", "imUrl": "http://ecx.images-amazon.com/images/I/41aNPSDH1HL._SY300_.jpg", "price": 12.24, "numReviews": 100, "groups": [33], "averageRating": 4.61, "brand": "Woods"}, {"asin": "B001BYNQ6O", "name": "14 Awg Flat Yellow Extension Cord -50Ft", "imUrl": "http://ecx.images-amazon.com/images/I/41kyCjSMMUL._SY300_.jpg", "price": 23.98, "numReviews": 1, "groups": [34], "averageRating": 3.0, "salesRankCategory": "Electronics", "salesRank": 163495}, {"asin": "B001KY03FC", "name": "US Wire 99100 12/3 100-Foot SJEOW TPE  Extreme Weather Extension Cord Blue with Lighted Plug", "imUrl": "http://ecx.images-amazon.com/images/I/51mPPAmNoZL._SX300_.jpg", "price": 69.73, "numReviews": 133, "groups": [35], "averageRating": 4.7218045112781954}, {"asin": "B002HWRS9A", "name": "US Wire 76100 12/3 100-Foot SJTW Yellow Heavy Duty Extension Cord with Lighted Pow-R-Block", "imUrl": "http://ecx.images-amazon.com/images/I/517yD8rTNXL._SY300_.jpg", "price": 57.35, "numReviews": 18, "groups": [36], "averageRating": 4.888888888888889}, {"asin": "B006G69YB8", "name": "Prime Wire & Cable EC660615 15-Foot 16/2 SPT-2 3-Outlet Cord, White", "imUrl": "http://ecx.images-amazon.com/images/I/41-oK8YGUgL._SY300_.jpg", "price": 4.99, "numReviews": 2, "groups": [37], "averageRating": 4.5, "brand": "Prime Wire & Cable"}, {"asin": "B0022NH466", "name": "Prime HC100503 Coffee Maker and Small Appliance Power Supply Cord, Black, 3-Feet", "imUrl": "http://ecx.images-amazon.com/images/I/41cbXbeLNxL._SY300_.jpg", "price": 7.02, "numReviews": 24, "groups": [38], "averageRating": 4.541666666666667}, {"asin": "B006G6A2KA", "name": "Prime Wire & Cable EC502608 8-Foot 16/3 SJTW Indoor and Outdoor Extension Cord, Black", "imUrl": "http://ecx.images-amazon.com/images/I/41TfHmV3hLL._SY300_.jpg", "price": 9.92, "numReviews": 3, "groups": [39], "averageRating": 4.0, "brand": "Prime Wire & Cable"}, {"asin": "B00103Z1UU", "name": "Coleman Cable 02210 15-Feet 16/2-Wire Gauge Vinyl Outdoor Extension Cord, Black", "imUrl": "http://ecx.images-amazon.com/images/I/41Z0E%2B49JaL._SY300_.jpg", "price": 20.28, "numReviews": 4, "groups": [40], "averageRating": 4.0, "brand": "Coleman Cable"}, {"asin": "B006G69YCW", "name": "Prime Wire & Cable EC974612K 12-Foot 16/3 SJT 3-Outlet Office Cord with ln-Line Switch, Beige", "imUrl": "http://ecx.images-amazon.com/images/I/41L8BGSSibL._SY300_.jpg", "price": 15.79, "numReviews": 3, "groups": [41], "averageRating": 4.0}, {"asin": "B0093WFT5C", "name": "Lynn Electronics  C13620P15A-10F NEMA 6-20P to IEC 60320-C13  15A/250V 14AWG/3C SJT 10-Feet Power Cord, Black", "imUrl": "http://ecx.images-amazon.com/images/I/4149mIaD1HL._SX300_.jpg", "price": 22.35, "numReviews": 1, "groups": [42], "averageRating": 5.0}, {"asin": "B0004VUCHQ", "name": "Coleman Cable 03482 2-Feet 12/3-Wire Gauge Tri-Source SEOW Polar and Solar Outdoor Vinyl Extension Cord", "imUrl": "http://ecx.images-amazon.com/images/I/41hANUtpSbL._SY300_.jpg", "price": 15.35, "numReviews": 1, "groups": [43], "averageRating": 5.0, "brand": "Coleman Cable"}, {"asin": "B000A8LL82", "name": "Power cord, 8', HPN 16/2, fits heaters and irons.", "imUrl": "http://ecx.images-amazon.com/images/I/31Y7AYH4ATL._SY300_.jpg", "price": 7.99, "numReviews": 13, "groups": [44], "averageRating": 4.230769230769231, "salesRankCategory": "Electronics", "salesRank": 74873}, {"asin": "B006G6A2HI", "name": "Prime Wire & Cable LTF890615 15-Foot 16/3 SJTW 50 degree C 3-0utlet Engine Block Heater Cord with Prime light Flashing Indicator Light, Blue", "imUrl": "http://ecx.images-amazon.com/images/I/41UTM2L1OEL._SY300_.jpg", "price": 17.2, "numReviews": 2, "groups": [45], "averageRating": 5.0}, {"asin": "B009VR77F4", "name": "9' Stanley TapperMax 3-Outlet Green Foot Tapper Extension Cord", "imUrl": "http://ecx.images-amazon.com/images/I/31WDwlzrd%2BL.jpg", "price": 8.99, "numReviews": 2, "groups": [46], "averageRating": 5.0}, {"asin": "B000KEUF0G", "name": "Woods 0863 3-Feet 3-Outlet Extension Cord with Power Tap, Yellow", "imUrl": "http://ecx.images-amazon.com/images/I/314LrQtDAAL._SY300_.jpg", "price": 6.7, "numReviews": 1, "groups": [47], "averageRating": 5.0, "brand": "Woods"}, {"asin": "B0015KJHI0", "name": "Yard Master 990394 80-Foot Outdoor Garden Extension Cord, Green", "imUrl": "http://ecx.images-amazon.com/images/I/41Wv23Ly1lL._SX300_.jpg", "price": 32.49, "numReviews": 6, "groups": [48], "averageRating": 4.666666666666667}, {"asin": "B002HWRS68", "name": "US Wire 63100 14/3 100-Foot SJTW Orange Medium Duty Extension Cord", "imUrl": "http://ecx.images-amazon.com/images/I/5156ARKA45L._SY300_.jpg", "price": 57.42, "numReviews": 103, "groups": [49], "averageRating": 4.475728155339806}, {"asin": "B00387G1SC", "name": "Accu Cable EC163-3FER25 Black 16 Gauge 3 Plug 25 Ft Extension Cable", "imUrl": "http://ecx.images-amazon.com/images/I/41AVCc58uHL._SY300_.jpg", "price": 19.95, "numReviews": 1, "groups": [50], "averageRating": 1.0, "brand": "Accu Cable", "salesRankCategory": "Musical Instruments", "salesRank": 29722}, {"asin": "B004BMNB9U", "name": "Flat Electrical Power Extension Cord - Color: Gray - 15ft", "imUrl": "http://ecx.images-amazon.com/images/I/31lD6EtqxiL._SX300_.jpg", "price": 54.99, "numReviews": 1, "groups": [51], "averageRating": 3.0, "salesRankCategory": "Electronics", "salesRank": 78351}, {"asin": "B004IK9HNE", "name": "Voltec 04-00102 12/3 STW 20 Amp GFCI Power Block Adapter with Lighted End, 3-Foot, Blue with Yellow Stripe", "imUrl": "http://ecx.images-amazon.com/images/I/31fuLyzJERL._SX300_.jpg", "price": 28.27, "numReviews": 5, "groups": [52], "averageRating": 3.8, "brand": "Voltec", "salesRankCategory": "Patio, Lawn & Garden", "salesRank": 32837}, {"asin": "B0002YS98O", "name": "Westinghouse Lighting Corp 70103 15-Feet Gold Cord Set", "imUrl": "http://ecx.images-amazon.com/images/I/41-2Qe5Dp7L._SY300_.jpg", "price": 7.37, "numReviews": 4, "groups": [53], "averageRating": 5.0, "brand": "Westinghouse"}, {"asin": "B008S2K552", "name": "25 Foot 30 Amp RV Power Cord with Hubbell Twist Lock Connector - Detachable", "imUrl": "http://ecx.images-amazon.com/images/I/41qsHGrtujL._SX300_.jpg", "price": 47.61, "numReviews": 1, "groups": [54], "averageRating": 5.0, "salesRankCategory": "Electronics", "salesRank": 39969}, {"asin": "B001DNZ7JM", "name": "Coleman Cable 9001 14/3 STW Cord Runner Extension Cord, 25-Feet", "imUrl": "http://ecx.images-amazon.com/images/I/41Cj1LSpl%2BL._SY300_.jpg", "price": 30.72, "numReviews": 1, "groups": [55], "averageRating": 4.0, "brand": "Coleman Cable"}, {"asin": "B000KRQGLK", "name": "Coleman Cable 02548-77 50-Feet 12/3 Neon Outdoor Extension Cord, Pink/Green", "imUrl": "http://ecx.images-amazon.com/images/I/51AW38JlcWL._SY300_.jpg", "price": 43.99, "numReviews": 3, "groups": [56], "averageRating": 4.333333333333333, "brand": "Coleman Cable"}, {"asin": "B000VSEWTG", "name": "Woods 0825 14/3 Outdoor Multi-Outlet Extension Cord, Orange, 25-Feet", "imUrl": "http://ecx.images-amazon.com/images/I/41RVGcfgFHL._SY300_.jpg", "price": 27.46, "numReviews": 8, "groups": [57], "averageRating": 4.875, "brand": "Woods"}, {"asin": "B0055F66TY", "name": "Hydrofarm BACDE12025 Extension Cord, 120v, 25-Feet", "imUrl": "http://ecx.images-amazon.com/images/I/41u7ZEx1TyL._SY300_.jpg", "price": 25.74, "numReviews": 1, "groups": [58], "averageRating": 5.0, "brand": "Hydrofarm", "salesRankCategory": "Patio, Lawn & Garden", "salesRank": 6734}, {"asin": "B000BPEDJS", "name": "Master Electrician 09409ME 11-Foot Flatplug Extension Cord Low Profile, Brown", "imUrl": "http://ecx.images-amazon.com/images/I/41OWkzSGgYL._SY300_.jpg", "price": 6.99, "numReviews": 6, "groups": [59], "averageRating": 3.3333333333333335, "brand": "Master Electrician"}, {"asin": "B000N5JPMQ", "name": "Master Electrician 02352-05ME 20-Foot 16/3 Vinyl Landscape Outdoor Extension Cord, Green 20-Feet", "imUrl": "http://ecx.images-amazon.com/images/I/41a2rHjM-8L._SY300_.jpg", "price": 6.39, "numReviews": 5, "groups": [60], "averageRating": 4.2, "brand": "Master Electrician"}, {"asin": "B0036DEC2U", "name": "Stanley 31955 PowerMax 3 Grounded 3-Outlet In-Line Outdoor Extension Cord, 12-Feet, Black", "imUrl": "http://ecx.images-amazon.com/images/I/31xvSovmxhL._SX300_.jpg", "price": 16.99, "numReviews": 5, "groups": [61], "averageRating": 4.2}, {"asin": "B008DIX508", "name": "Extension Power Cord 10' Heavy Duty 12 Gauge 3 Conductor Rated for Outdoor Use. Great for Live Entertainment & Motor Home Power Sjtw", "imUrl": "http://ecx.images-amazon.com/images/I/51ZeEpYUBgL._SX300_.jpg", "price": 13.95, "numReviews": 6, "groups": [62], "averageRating": 5.0}, {"asin": "B00004SQGS", "name": "Coleman Cable 02832 12/3 2-Foot Right Angle GFCI Extension Cord with Molded Tri-Source Three-Way Power Block", "imUrl": "http://ecx.images-amazon.com/images/I/41aSHYka%2BKL._SY300_.jpg", "price": 35.5, "numReviews": 1, "groups": [63], "averageRating": 5.0, "brand": "Coleman Cable"}, {"asin": "B000KKLM8Y", "name": "Woods 0293 2-Feet HPN Mini Plug Appliance Cord, Black", "imUrl": "http://ecx.images-amazon.com/images/I/41AYCjj-KJL._SY300_.jpg", "price": 5.52, "numReviews": 2, "groups": [64], "averageRating": 5.0, "brand": "Woods"}, {"asin": "B000XU782K", "name": "TRC 90026-6-012 Shockshield GFCI Pig Tail with 9-Inch Cord", "imUrl": "http://ecx.images-amazon.com/images/I/31SaOaJIElL._SY300_.jpg", "price": 24.21, "numReviews": 3, "groups": [65], "averageRating": 3.3333333333333335}, {"asin": "B00004SQF6", "name": "Coleman Cable 02367 16/3-Gauge High Visibility and Low Temperature Outdoor Extension Cord, 25-Feet, Blue", "imUrl": "http://ecx.images-amazon.com/images/I/41b9QNRv99L._SY300_.jpg", "price": 19.41, "numReviews": 46, "groups": [66], "averageRating": 4.239130434782608, "brand": "Coleman Cable"}, {"asin": "B000BMFWC8", "name": "New Contractor Grade 100 Foot Pwr Extension Cord", "imUrl": "http://ecx.images-amazon.com/images/I/51wPdBVqdoL._SY300_.jpg", "price": 99.99, "numReviews": 2, "groups": [67], "averageRating": 5.0}, {"asin": "B0020YHX0E", "name": "US Wire 74050 12/3 50-Foot SJTW Yellow Heavy Duty Lighted Plug Extension Cord", "imUrl": "http://ecx.images-amazon.com/images/I/41GEPK%2BNfgL._SY300_.jpg", "price": 25.95, "numReviews": 99, "groups": [68], "averageRating": 4.707070707070707}, {"asin": "B002F4ZIXS", "name": "Milspec Direct 25-Foot 12-Gauge SJTW Pro Glo Lighted Outdoor 3-Way Extension Cord w/Ground Monitoring, Green", "imUrl": "http://ecx.images-amazon.com/images/I/41o1KpkHzrL._SX300_.jpg", "price": 28.95, "numReviews": 3, "groups": [69, 70], "averageRating": 5.0}, {"asin": "B0000BYD6F", "name": "Master Electrician 04112ME Outdoor Contractor 2-Feet 3 Outlet Extension Cord, Yellow", "imUrl": "http://ecx.images-amazon.com/images/I/31rJ%2BQybJxL._SY300_.jpg", "price": 10.57, "numReviews": 1, "groups": [71], "averageRating": 5.0, "brand": "Master Electrician"}, {"asin": "B00ANZZIKE", "name": "2 x 6ft Split Extension Cord - 16 Gauge (White)", "imUrl": "http://ecx.images-amazon.com/images/I/31NEKl2cTaL._SY300_.jpg", "price": 10.95, "numReviews": 1, "groups": [72], "averageRating": 5.0}, {"asin": "B002F4ZWV6", "name": "Milspec Direct 50-Foot 12-Gauge SJTW Pro Glo Lighted 3-Way Extension Cord with Ground Monitoring, Blue", "imUrl": "http://ecx.images-amazon.com/images/I/41Z6eXEB4JL._SX300_.jpg", "price": 53.44, "numReviews": 1, "groups": [73], "averageRating": 5.0}, {"asin": "B003WZGH1Q", "name": "L14-30 Generator Power Cord - 25 Foot, 30 Amps, 125/250V, 4-wire Twist Lock Plug and Connector", "imUrl": "http://ecx.images-amazon.com/images/I/51Niz%2Bwbp6L._SY300_.jpg", "price": 59.99, "numReviews": 6, "groups": [74], "averageRating": 5.0}, {"asin": "B00004SQHN", "name": "Coleman Cable 09405  16/2 SPT-2 3-Outlet Cube Tap Extension Cord with Safety Cover, Brown, 20-Feet", "imUrl": "http://ecx.images-amazon.com/images/I/41-lAg3CgSL._SY300_.jpg", "price": 6.99, "numReviews": 58, "groups": [75], "averageRating": 4.189655172413793, "brand": "Coleman Cable"}, {"asin": "B000GAUY00", "name": "Ace Landscape Extension Cord (OU-SJT163-WH)", "imUrl": "http://ecx.images-amazon.com/images/I/31gUkGhZutL._SY300_.jpg", "price": 17.32, "numReviews": 2, "groups": [76], "averageRating": 4.5}, {"asin": "B000JGRRKG", "name": "Ace Small Appliance Replacement Cord (1AP-002-007FBK)", "imUrl": "http://ecx.images-amazon.com/images/I/31AKfuatyNL._SY300_.jpg", "price": 6.24, "numReviews": 1, "groups": [77], "averageRating": 5.0}, {"asin": "B00387G1S2", "name": "Accu Cable EC163-3FER10 Black 16 Gauge 3 Plug 10 Ft Extension Cable", "imUrl": "http://ecx.images-amazon.com/images/I/41vdS%2BDkNiL._SY300_.jpg", "price": 12.99, "numReviews": 2, "groups": [78], "averageRating": 4.0, "brand": "Accu Cable", "salesRankCategory": "Musical Instruments", "salesRank": 9705}, {"asin": "B00FUKYOI4", "name": "PREMIUM (2 Pack) 6 Foot Extension Cables by Solid Cordz\u00ae - Lifetime Warranty!", "imUrl": "http://ecx.images-amazon.com/images/I/51x5EiVmBfL._SX300_.jpg", "price": 19.89, "numReviews": 135, "groups": [79], "averageRating": 4.962962962962963}, {"asin": "B002F51Z34", "name": "25-Foot 12-Gauge SJTW Pro Glo Lighted Outdoor 3-Way Extension Cord w/Ground Monitoring, Blue", "imUrl": "http://ecx.images-amazon.com/images/I/41Z6eXEB4JL._SX300_.jpg", "price": 28.95, "numReviews": 1, "groups": [80], "averageRating": 5.0}, {"asin": "B00387G1QY", "name": "Accu Cable EC123-3FER25 Black 12 Gauge 3 Plug 25 Ft Extension Cable", "imUrl": "http://ecx.images-amazon.com/images/I/41IKsj0eN0L._SY300_.jpg", "price": 38.99, "numReviews": 1, "groups": [81], "averageRating": 5.0, "brand": "Accu Cable", "salesRankCategory": "Musical Instruments", "salesRank": 17199}, {"asin": "B00004SQEU", "name": "Coleman Cable 02353-05 80-Feet 16/3 Vinyl Landscape Outdoor Extension Cord, Green", "imUrl": "http://ecx.images-amazon.com/images/I/515vWfnEjzL._SY300_.jpg", "price": 39.98, "numReviews": 122, "groups": [82], "averageRating": 4.516393442622951, "brand": "Coleman Cable"}, {"asin": "B003E46M3S", "name": "Stanley 31119 CordMax9 LP Polarized Low Profile 3-Outlet Indoor Extension Cord, 9-Feet, Black", "imUrl": "http://ecx.images-amazon.com/images/I/41DAmKNrH5L._SX300_.jpg", "price": 9.67, "numReviews": 11, "groups": [83], "averageRating": 3.272727272727273}, {"asin": "B000QZ54F0", "name": "C2G / Cables to Go 29804 18 AWG Flat Plug Power Strip Plus (NEMA 5-15P to NEMA 5-15R) Black (1.5 Feet )", "imUrl": "http://ecx.images-amazon.com/images/I/31vuZKbMS4L._SY300_.jpg", "price": 6.69, "numReviews": 9, "groups": [84], "averageRating": 4.444444444444445, "brand": "C2G"}, {"asin": "B0031P3NPA", "name": "Powertronics Connections 25ft 30 amp Gen cord with P100 25-Feet 30-Amp Generator Power Cord and Probe Plus 100 Power Line Monitor", "imUrl": "http://ecx.images-amazon.com/images/I/51D9G0KvURL._SX300_.jpg", "price": 224.51, "numReviews": 3, "groups": [85], "averageRating": 5.0}, {"asin": "B000SKR1WM", "name": "Prime LT630830 Ultra Heavy Duty 50-Foot Triple Tap Artic Blue All-Weather TPE Extension Cord", "imUrl": "http://ecx.images-amazon.com/images/I/51GqqV7dFmL._SY300_.jpg", "price": 51.99, "numReviews": 2, "groups": [86], "averageRating": 5.0, "brand": "Prime"}, {"asin": "B002HWRS8Q", "name": "US Wire 64100 12/3 100-Foot SJTW Orange Heavy Duty Extension Cord with Pow-R-Block", "imUrl": "http://ecx.images-amazon.com/images/I/41xrIy-sU0L._SX300_.jpg", "price": 58.99, "numReviews": 1, "groups": [87], "averageRating": 5.0}, {"asin": "B005T1P8LG", "name": "Prime Wire & Cable EC532735 100-Foot 14/3 SJTOW Farm and Shop Extension Cord, Black", "imUrl": "http://ecx.images-amazon.com/images/I/51oOwlJK5QL._SY300_.jpg", "price": 44.5, "numReviews": 3, "groups": [88], "averageRating": 5.0, "brand": "Prime Wire & Cable"}, {"asin": "B00BGG0L2Y", "name": "Workforce 2-Pack 75 ft. and 2 ft. Tri-Tap 12/3 Lighted Outdoor Extension Cord Combo Pack", "imUrl": "http://ecx.images-amazon.com/images/I/41QAna1Y4jL._SY300_.jpg", "price": 54.99, "numReviews": 2, "groups": [89], "averageRating": 4.0}, {"asin": "B00GXPWVXK", "name": "XtremepowerUS 25FT 10 Gauge Extension Power Electricity Cord Copper Wire UL approval 125V, 15Amp Current Cable W/Clear Plug", "imUrl": "http://ecx.images-amazon.com/images/I/51ut-aDJPsL._SY300_.jpg", "price": 29.95, "numReviews": 3, "groups": [90], "averageRating": 5.0}, {"asin": "B00CQ55TUI", "name": "QVS PC3PX-15 15-Feet 3-Outlet 3-Prong Power Extension Cord", "imUrl": "http://ecx.images-amazon.com/images/I/4162A72ZrlL._SX300_.jpg", "price": 13.96, "numReviews": 8, "groups": [91], "averageRating": 3.75, "brand": "QVS", "salesRankCategory": "Electronics", "salesRank": 3048}, {"asin": "B000KKJUG0", "name": "Woods 984413 25-Foot Outdoor Extension Cord with 3-Outlet Power Block, Green", "imUrl": "http://ecx.images-amazon.com/images/I/41LEwd3jyVL._SY300_.jpg", "price": 18.69, "numReviews": 71, "groups": [60], "averageRating": 4.746478873239437}, {"asin": "B001FPDLPK", "name": "9 Foot Westinghouse 3-Outlet Green Foot Tapper Extension Cord with Safety Covers", "imUrl": "http://ecx.images-amazon.com/images/I/4116WJ6bAnL._SX300_.jpg", "price": 8.99, "numReviews": 2, "groups": [92], "averageRating": 4.5}, {"asin": "B001LRRJ64", "name": "Coleman Cable 2627 14/3 Outdoor Extension Cord with Lighted Ends Cold-Flex Weather-Proof Blue, 25-Foot", "imUrl": "http://ecx.images-amazon.com/images/I/21Hcd-xHn-L.jpg", "price": 22.25, "numReviews": 10, "groups": [93], "averageRating": 3.4, "brand": "Coleman Cable"}, {"asin": "B002HWRS7C", "name": "US Wire 59050 12/3 50-Foot SJTW Yellow Heavy Duty Extension Cord", "imUrl": "http://ecx.images-amazon.com/images/I/51B6mQTT7ML._SY300_.jpg", "price": 32.99, "numReviews": 27, "groups": [94], "averageRating": 4.851851851851852}, {"asin": "B000XU99PE", "name": "TRC 90866 FIRST ALERT LCDI Safety Extension Cord, Protected with Fire Shield, 3-Outlet, 6-Feet, White", "imUrl": "http://ecx.images-amazon.com/images/I/41YeLxF6eiL._SY300_.jpg", "price": 14.85, "numReviews": 7, "groups": [95], "averageRating": 4.285714285714286}, {"asin": "B001GLWL0O", "name": "Coleman Cable 6991 Power Strip Liberator, 8-Inch Extension Cord, 3-Pack", "imUrl": "http://ecx.images-amazon.com/images/I/411elpSDIVL._SX300_.jpg", "price": 5.82, "numReviews": 137, "groups": [96], "averageRating": 4.437956204379562, "brand": "Coleman Cable"}, {"asin": "B00F99NIUQ", "name": "10-Foot 12/3 12-Gauge SJTW 3-Way Audio Visual Extension Cord, Black", "imUrl": "http://ecx.images-amazon.com/images/I/41OKOLxuqeL._SX300_.jpg", "price": 11.99, "numReviews": 4, "groups": [97], "averageRating": 4.5}, {"asin": "B001CBGQ90", "name": "Yard Master 3030 25-Foot 3-Outlet Garden Extension Cord with Evenly-Spaced Plugs, Green", "imUrl": "http://ecx.images-amazon.com/images/I/51QggEh4JCL._SY300_.jpg", "price": 36.95, "numReviews": 29, "groups": [98], "averageRating": 4.344827586206897}, {"asin": "B0009HKEXW", "name": "100-Foot Indoor/Outdoor Grounded Extension Cord, Orange 51923", "imUrl": "http://ecx.images-amazon.com/images/I/41pf47tvcUL._SY300_.jpg", "price": 43.92, "numReviews": 1, "groups": [99], "averageRating": 5.0}, {"asin": "B004FEPFTS", "name": "15-Foot 14-Gauge SJTW Pro Glo Lighted Outdoor Extension Cord w/Ground Monitoring, Green", "imUrl": "http://ecx.images-amazon.com/images/I/41%2BHy36zHXL._SX300_.jpg", "price": 14.99, "numReviews": 1, "groups": [100], "averageRating": 5.0}, {"asin": "B000ASBYD4", "name": "Prime Wire & Cable KC506730 50-Foot 14/3 SJTW Kaleidoscope Heavy Duty Outdoor Extension Cord, Blue and Yellow", "imUrl": "http://ecx.images-amazon.com/images/I/51nvXOGzNwL._SY300_.jpg", "price": 35.95, "numReviews": 2, "groups": [101], "averageRating": 5.0, "brand": "Prime Wire & Cable"}, {"asin": "B000GAQG0C", "name": "SlimLine 2254 Flat Plug Extension Cord, 3-Wire, Beige, 8-Foot", "imUrl": "http://ecx.images-amazon.com/images/I/511B07JSHRL._SY300_.jpg", "price": 5.86, "numReviews": 66, "groups": [102], "averageRating": 4.666666666666667}, {"asin": "B0036DEC34", "name": "Stanley 33203 Grounded Outdoor Extension Power Cord, 20-Feet, Green", "imUrl": "http://ecx.images-amazon.com/images/I/41CxbuPJd2L._SX300_.jpg", "price": 18.99, "numReviews": 5, "groups": [103], "averageRating": 4.6}, {"asin": "B00CTTD1N8", "name": "PartPass 15 Feet Electrical Heavy Duty Outdoor / Indoor Power Extension Cord with Indicator Light UL Listed, 15 FT 14-Guage 3 Prong Yellow Cable 1 Outlet (US Seller)", "imUrl": "http://ecx.images-amazon.com/images/I/414e-h6e0WL._SY300_.jpg", "price": 31.58, "numReviews": 2, "groups": [104], "averageRating": 5.0}, {"asin": "B002HWRS86", "name": "US Wire 64002 12/3 2-Foot SJTW Orange Heavy Duty Extension Cord with Pow-R-Block", "imUrl": "http://ecx.images-amazon.com/images/I/41bRqY0RorL._SY300_.jpg", "price": 14.2, "numReviews": 6, "groups": [105], "averageRating": 5.0}, {"asin": "B002R2UN1U", "name": "Power Zone Or501625 Outer Door Extension Cord, 25', Orange", "imUrl": "http://ecx.images-amazon.com/images/I/41YK4ugeYNL._SY300_.jpg", "price": 9.15, "numReviews": 2, "groups": [106], "averageRating": 4.5, "brand": "Power Zone"}, {"asin": "B002HWGRV0", "name": "16AWG Power Extension Cord Cable - SJT 16/3C NEMA 5-15P TO NEMA 5-15R (13A/12...", "imUrl": "http://ecx.images-amazon.com/images/I/418mAQ4wUBL._SX300_.jpg", "price": 5.48, "numReviews": 1, "groups": [107], "averageRating": 5.0, "salesRankCategory": "Electronics", "salesRank": 401948}, {"asin": "B00F99V54C", "name": "Milspec Direct 50-Foot 12-Gauge SJTW 3-Way Audio Visual Extension Cord, Black", "imUrl": "http://ecx.images-amazon.com/images/I/41OKOLxuqeL._SX300_.jpg", "price": 49.95, "numReviews": 1, "groups": [108], "averageRating": 5.0}, {"asin": "B000HE8R04", "name": "Woods 12601G 9-Foot 3-Outlet Indoor Extension Cords, Green", "imUrl": "http://ecx.images-amazon.com/images/I/51C1yMGlDFL._SY300_.jpg", "price": 2.24, "numReviews": 2, "groups": [109], "averageRating": 5.0, "brand": "Woods"}, {"asin": "B003O2SPV2", "name": "Stanley 30659 Pro Cord Grounded 12-Gauge Pro Grade Outdoor Extension Cord, 50-Feet, Black", "imUrl": "http://ecx.images-amazon.com/images/I/41wEmb1bSRL._SX300_.jpg", "price": 39.99, "numReviews": 2, "groups": [110], "averageRating": 4.5, "brand": "Stanley"}, {"asin": "B002MHFXS8", "name": "Farm Innovators CC-2 Cord Connect Water-Tight Cord Lock - Green", "imUrl": "http://ecx.images-amazon.com/images/I/310p3icYZ8L._SX300_.jpg", "price": 6.79, "numReviews": 444, "groups": [111], "averageRating": 4.157657657657658, "brand": "Farm Innovators", "salesRankCategory": "Patio, Lawn & Garden", "salesRank": 143}, {"asin": "B000BPLNHS", "name": "Coleman Cable 03517 Flat Plug Extension Cord, 16/3 Grounded with 3-Outlet Trinector Tap, 6-Foot", "imUrl": "http://ecx.images-amazon.com/images/I/41nT6Hr-qhL._SY300_.jpg", "price": 7.13, "numReviews": 232, "groups": [112], "averageRating": 4.5905172413793105, "brand": "Coleman Cable"}, {"asin": "B007E8FOMK", "name": "Yard Master 992382 40-Foot Outdoor Garden Extension Cord, White", "imUrl": "http://ecx.images-amazon.com/images/I/41zaWCix0YL._SY300_.jpg", "price": 17.95, "numReviews": 29, "groups": [113], "averageRating": 4.655172413793103, "brand": "Yard Master"}, {"asin": "B00004SQHU", "name": "Ho Wah Gentin Kintron Sdnbhd 09493 Christmas Tree Extension Cord With On/Off Foot Switch, 9-Feet", "imUrl": "http://ecx.images-amazon.com/images/I/41pVaB9SrRL._SY300_.jpg", "price": 4.42, "numReviews": 56, "groups": [114], "averageRating": 3.9464285714285716, "brand": "Ho Wah Gentin Kintron", "salesRankCategory": "Home Improvement", "salesRank": 52995}, {"asin": "B002PXA73A", "name": "Ziotek ZT1212597 Black 360-Degree Rotating 18-Inch Power Strip Liberator, 3-Pack", "imUrl": "http://ecx.images-amazon.com/images/I/21GB5F9CsdL.jpg", "price": 17.94, "numReviews": 66, "groups": [115], "averageRating": 4.757575757575758, "brand": "Ziotek"}, {"asin": "B007W8DLNQ", "name": "Cosmos \u00ae 5 PCS 15 inch Black 16 AWG US plug Power Strip Liberator Extension Cable with Cosmos Fastening Strap", "imUrl": "http://ecx.images-amazon.com/images/I/31FuVeNEYHL.jpg", "price": 17.55, "numReviews": 2, "groups": [116], "averageRating": 5.0}, {"asin": "B00004SQFC", "name": "Coleman Cable 02568 12/3-Gauge High Visibility and Low Temperature Outdoor Extension Cord, 50-Feet, Blue", "imUrl": "http://ecx.images-amazon.com/images/I/51igc83zxdL._SY300_.jpg", "price": 40.63, "numReviews": 21, "groups": [117], "averageRating": 4.571428571428571, "brand": "Coleman Cable"}, {"asin": "B000SLX3FK", "name": "Prime LT530835 Extra Heavy Duty 100-Foot Artic Blue All-Weather TPE Extension Cord", "imUrl": "http://ecx.images-amazon.com/images/I/51R0SFaDpyL._SY300_.jpg", "price": 77.61, "numReviews": 6, "groups": [118], "averageRating": 5.0, "brand": "Prime"}, {"asin": "B001D0WB62", "name": "Woods 990824 12/3 Outdoor Multi-Outlet Extension Cord, Orange, 2-Foot", "imUrl": "http://ecx.images-amazon.com/images/I/418R72%2BaHlL._SY300_.jpg", "price": 9.95, "numReviews": 2, "groups": [119], "averageRating": 4.5, "brand": "Woods"}, {"asin": "B002F4T6JK", "name": "Milspec Direct 25-Foot 12-Gauge SJTW Pro Glo Lighted Outdoor 3-Way Extension Cord w/Ground Monitoring, Yellow", "imUrl": "http://ecx.images-amazon.com/images/I/41MyD%2BtSDOL._SX300_.jpg", "price": 28.94, "numReviews": 1, "groups": [69], "averageRating": 5.0}, {"asin": "B000GAQG7U", "name": "Yellow Jacket 2992 20-Amp Generator Cord with T-Blade 5-20 Lighted Ends, 100-Feet", "imUrl": "http://ecx.images-amazon.com/images/I/512mkeNX33L._SY300_.jpg", "price": 136.48, "numReviews": 19, "groups": [120], "averageRating": 4.421052631578948, "brand": "Yellow Jacket"}, {"asin": "B000HEA7U2", "name": "Woods 0609 8-Feet Cube Extension Cord with Power Tap, White", "imUrl": "http://ecx.images-amazon.com/images/I/41V99xCryML._SY300_.jpg", "price": 9.55, "numReviews": 70, "groups": [121], "averageRating": 4.614285714285714, "brand": "Woods"}, {"asin": "B0013LQDPG", "name": "Flat Electrical Power Extension Cord - Color: Beige - 10ft", "imUrl": "http://ecx.images-amazon.com/images/I/31ntVBVrXVL._SX300_.jpg", "price": 48.99, "numReviews": 5, "groups": [122], "averageRating": 2.8, "salesRankCategory": "Electronics", "salesRank": 17669}, {"asin": "B002TYURQC", "name": "Multi-Outlet Indoor/Outdoor 25 Foot Extension Power Cord 656414-Guage 3-Wire 15-AMP 1875-Watt", "imUrl": "http://ecx.images-amazon.com/images/I/51jPuNblAFL._SX300_.jpg", "price": 46.99, "numReviews": 1, "groups": [123], "averageRating": 5.0, "salesRankCategory": "Electronics", "salesRank": 212613}, {"asin": "B0000BYD06", "name": "Master Electrician 04217ME 25-Feet 3 Outlet Extension Cord, Red", "imUrl": "http://ecx.images-amazon.com/images/I/41pd3v8BoqL._SY300_.jpg", "price": 12.9, "numReviews": 1, "groups": [124], "averageRating": 5.0, "brand": "Master Electrician"}, {"asin": "B000HEA7UM", "name": "SlimLine 2239 Flat Plug Extension Cord, 2-Wire, Beige, 7-Foot", "imUrl": "http://ecx.images-amazon.com/images/I/41xDD0OaXnL._SY300_.jpg", "price": 3.06, "numReviews": 145, "groups": [125], "averageRating": 4.427586206896552}, {"asin": "B000V1LX0O", "name": "RiteAV - 6 feet Power Extension Cord (Indoor & Outdoor Rated)", "imUrl": "http://ecx.images-amazon.com/images/I/41mR-XYnh4L._SY300_.jpg", "price": 9.99, "numReviews": 38, "groups": [126], "averageRating": 4.7631578947368425, "salesRankCategory": "Electronics", "salesRank": 797}, {"asin": "B008NCEBZC", "name": "15 Ft 16/3 Cold Weather Extension Cord W/ Primelight Indicator Light", "imUrl": "http://ecx.images-amazon.com/images/I/41cnNLjeACL._SY300_.jpg", "price": 15.99, "numReviews": 2, "groups": [127], "averageRating": 5.0}, {"asin": "B00529EP6E", "name": "Ziotek ZT1120133 HC1 Ziotek Power Bandit", "imUrl": "http://ecx.images-amazon.com/images/I/31TYxZimE3L.jpg", "price": 9.99, "numReviews": 5, "groups": [128], "averageRating": 4.6, "brand": "Ziotek"}, {"asin": "B004FEZKWK", "name": "Milspec Direct 25-Foot 16-Gauge SJTW Pro Glo Lighted Outdoor Extension Cord, Pink", "imUrl": "http://ecx.images-amazon.com/images/I/41iELiyXdUL._SY300_.jpg", "price": 12.97, "numReviews": 5, "groups": [129], "averageRating": 4.6}, {"asin": "B0002YTQYA", "name": "Westinghouse Lighting 70101 Cord Set", "imUrl": "http://ecx.images-amazon.com/images/I/414RCcu6HmL._SY300_.jpg", "price": 5.26, "numReviews": 3, "groups": [130], "averageRating": 4.666666666666667, "brand": "Westinghouse"}, {"asin": "B0009JEBQG", "name": "Coleman Cable 04004 6-Feet 14/3-Wire Gauge SJTW Tri-Source Extension Cord, Orange", "imUrl": "http://ecx.images-amazon.com/images/I/41diWSdsG4L._SY300_.jpg", "price": 5.49, "numReviews": 9, "groups": [131], "averageRating": 5.0, "brand": "Coleman Cable"}, {"asin": "B000GATS2A", "name": "Ace In-Line Switch Outdoor Extension Cord (OPJTW43OR50XTTS)", "imUrl": "http://ecx.images-amazon.com/images/I/41QtxLDFzwL._SY300_.jpg", "price": 15.99, "numReviews": 1, "groups": [132], "averageRating": 3.0}, {"asin": "B002HWRS7M", "name": "US Wire 59100 12/3 100-Foot SJTW Yellow Heavy Duty Extension Cord", "imUrl": "http://ecx.images-amazon.com/images/I/51MLDFilp4L._SY300_.jpg", "price": 64.95, "numReviews": 2, "groups": [133], "averageRating": 5.0}, {"asin": "B001Q9EFUK", "name": "Woods 32555 Outdoor Remote Control Outlet Converter Kit", "imUrl": "http://ecx.images-amazon.com/images/I/418ttK9oW%2BL._SY300_.jpg", "price": 10.99, "numReviews": 613, "groups": [134], "averageRating": 4.4698205546492655, "brand": "Woods"}, {"asin": "B002HWRSB8", "name": "US Wire 98100 14/3 100-Foot SJEOW TPE Cold Weather Extension Cord Blue with Lighted Plug", "imUrl": "http://ecx.images-amazon.com/images/I/51m17m4GUGL._SY300_.jpg", "price": 72.95, "numReviews": 48, "groups": [135], "averageRating": 4.625}, {"asin": "B0022NH72W", "name": "Prime HC100608 8-Feet Iron Heater and Appliance Extension Cord, Black", "imUrl": "http://ecx.images-amazon.com/images/I/31O6kJEd0DL._SY300_.jpg", "price": 7.99, "numReviews": 8, "groups": [136], "averageRating": 4.5}, {"asin": "B003NYPA5K", "name": "Daisy Chain Power Cord Liberator, 5ft.", "imUrl": "http://ecx.images-amazon.com/images/I/31mKAQdwrIL.jpg", "price": 16.75, "numReviews": 3, "groups": [137], "averageRating": 4.666666666666667}, {"asin": "B000GAS3HG", "name": "Ace Remote Switch Extension Cord (1PC-002-015FWH)", "imUrl": "http://ecx.images-amazon.com/images/I/41FZJSXAG8L._SY300_.jpg", "price": 11.99, "numReviews": 18, "groups": [138], "averageRating": 4.444444444444445}, {"asin": "B000W65LO2", "name": "Master Electrician 6-Feet Indoor Extension Cord with 3 Outlets and On/Off Switch , Black", "imUrl": "http://ecx.images-amazon.com/images/I/41qBd%2BZwWcL._SY300_.jpg", "price": 7.04, "numReviews": 33, "groups": [139], "averageRating": 4.242424242424242, "brand": "Master Electrician"}, {"asin": "B002HW8V46", "name": "Monoprice 25ft 14AWG Power Extension Cord Cable for indoor and outdoor - SJTW 14/3C NEMA 5-15P TO NEMA 5-15R (15A/125V) AP301+SP50", "imUrl": "http://ecx.images-amazon.com/images/I/41Mtf4g0wAL._SX300_.jpg", "price": 19.86, "numReviews": 2, "groups": [140], "averageRating": 3.5, "brand": "Monoprice", "salesRankCategory": "Electronics", "salesRank": 32613}, {"asin": "B00C771KA8", "name": "Pro-Glo 9-Foot Extension Cord 3 Lighted Outlets - Choose from 5 Bright Colors - Child Safety Covers Cord color: Lime Green", "imUrl": "http://ecx.images-amazon.com/images/I/51QNA6lS1JL._SY300_.jpg", "price": 5.99, "numReviews": 2, "groups": [141], "averageRating": 5.0, "salesRankCategory": "Electronics", "salesRank": 62257}, {"asin": "B006ZON7LO", "name": "Axis 45504 3 Outlet Indoor Extension Cord, 8 Feet (Brown)", "imUrl": "http://ecx.images-amazon.com/images/I/41q7xzfA00L._SY300_.jpg", "price": 7.02, "numReviews": 118, "groups": [142], "averageRating": 4.593220338983051, "brand": "Axis"}, {"asin": "B009XS1DHE", "name": "Sunlite 04201-SU EX40/16/3/HD/G Outdoor Heavy Duty 40-Feet  Extension Cord, Green", "imUrl": "http://ecx.images-amazon.com/images/I/41%2BK65tBeLL._SY300_.jpg", "price": 23.47, "numReviews": 1, "groups": [143], "averageRating": 1.0}, {"asin": "B000AMVUNY", "name": "Century Wire D14610100 Orange 100ft 10/3 Tri-Tap Cord", "imUrl": "http://ecx.images-amazon.com/images/I/417NSGRPWNL._SX300_.jpg", "price": 99.99, "numReviews": 8, "groups": [144], "averageRating": 4.5}, {"asin": "B000LP9ZDW", "name": "Ziotek ZT1212592 Power Strip Liberator Flat 3-Feet, 3-Pack", "imUrl": "http://ecx.images-amazon.com/images/I/310Y37V3VNL.jpg", "price": 14.49, "numReviews": 44, "groups": [145], "averageRating": 4.613636363636363, "brand": "Ziotek"}, {"asin": "B00HP8SUUM", "name": "Lamp Cord w/Rotary Switch, Plug, Stripped Ends Ready For Wiring -6 Foot White", "imUrl": "http://ecx.images-amazon.com/images/I/41t9dmh23FL._SX300_.jpg", "price": 5.99, "numReviews": 1, "groups": [146], "averageRating": 4.0}, {"asin": "B00004SQF9", "name": "Coleman Cable 02467 14/3 SJTW Low-Temp Outdoor Extension Cord with Lighted End, 25-Feet", "imUrl": "http://ecx.images-amazon.com/images/I/41%2Bd5F6g3PL._SY300_.jpg", "price": 21.99, "numReviews": 89, "groups": [147], "averageRating": 3.966292134831461, "brand": "Coleman Cable"}, {"asin": "B003OQVGTQ", "name": "Stanley 34061 Cord Max Pro 6-Feet 3-Outlet Indoor Extension Cord, White", "imUrl": "http://ecx.images-amazon.com/images/I/31Gnq4KvkAL._SX300_.jpg", "price": 10.38, "numReviews": 3, "groups": [148], "averageRating": 4.666666666666667}, {"asin": "B000GAUYVE", "name": "Ace Landscape Extension Cord 16/3 Sjtwa", "imUrl": "http://ecx.images-amazon.com/images/I/41YpEfwEqzL._SY300_.jpg", "price": 19.46, "numReviews": 1, "groups": [149], "averageRating": 5.0}, {"asin": "B004XWAG9G", "name": "Prime Wire & Cable EC940610 10-Foot 16/3 SPT-2 3-Outlet Cord, Almond", "imUrl": "http://ecx.images-amazon.com/images/I/41HhcinBlfL._SY300_.jpg", "price": 5.84, "numReviews": 3, "groups": [150], "averageRating": 4.333333333333333, "brand": "Prime Wire & Cable"}, {"asin": "B0006Q177I", "name": "50 Foot Contractor Grade Extension Cord", "imUrl": "http://ecx.images-amazon.com/images/I/61T30GTXGRL.gif", "price": 23.95, "numReviews": 1, "groups": [151], "averageRating": 5.0}, {"asin": "B000BQW8IU", "name": "Coleman Cable 9347 Indoor Safe Tree Extension Cord, 10-Ft", "imUrl": "http://ecx.images-amazon.com/images/I/419DAO70CUL._SX300_.jpg", "price": 0.01, "numReviews": 1, "groups": [152], "averageRating": 1.0, "brand": "Coleman Cable"}, {"asin": "B003NYRAYE", "name": "360-Degree Rotating Flat Plug Liberator 18In", "imUrl": "http://ecx.images-amazon.com/images/I/21GsqsrJITL.jpg", "price": 12.99, "numReviews": 20, "groups": [153], "averageRating": 4.6, "salesRankCategory": "Electronics", "salesRank": 12245}, {"asin": "B000W8ZBTA", "name": "9-Ft. Black Extension Cord", "imUrl": "http://ecx.images-amazon.com/images/I/21dbK%2B5yhlL._SX300_.jpg", "price": 9.67, "numReviews": 1, "groups": [154], "averageRating": 5.0}, {"asin": "B002HWRS6I", "name": "US Wire 65025 12/3 25-Foot SJTW Orange Heavy Duty Extension Cord", "imUrl": "http://ecx.images-amazon.com/images/I/51xzn6pdV1L._SY300_.jpg", "price": 30.26, "numReviews": 31, "groups": [155], "averageRating": 4.838709677419355}, {"asin": "B00004SQG2", "name": "Coleman Cable 02538 12/3 Push-Lock SJTW Locking Extension Cord, Yellow/Black, 50-Feet", "imUrl": "http://ecx.images-amazon.com/images/I/51Biu-hm4QL._SY300_.jpg", "price": 53.35, "numReviews": 2, "groups": [156], "averageRating": 4.0, "brand": "Coleman Cable"}, {"asin": "B000GAQC4W", "name": "Ace Christmas Tree 6 Outlet Extension Cord (0601)", "imUrl": "http://ecx.images-amazon.com/images/I/51b%2BzFazvhL._SY300_.jpg", "price": 10.18, "numReviews": 3, "groups": [157], "averageRating": 5.0}, {"asin": "B004XVTEG8", "name": "L14-30 Extension Cord, 20 Foot, 20A, 125/250V, 4-Wire L14-30P to L14-30R Power Cable", "imUrl": "http://ecx.images-amazon.com/images/I/51Niz%2Bwbp6L._SY300_.jpg", "price": 64.99, "numReviews": 4, "groups": [158], "averageRating": 5.0}, {"asin": "B000V1O1GC", "name": "RiteAV - 25 feet Power Extension Cord Heavy Duty Outdoor Jacket (Indoor & Outdoor Rated)", "imUrl": "http://ecx.images-amazon.com/images/I/51E9ARvf9UL._SY300_.jpg", "price": 16.99, "numReviews": 2, "groups": [2, 159], "averageRating": 3.5, "salesRankCategory": "Electronics", "salesRank": 1612}, {"asin": "B006G69Z44", "name": "Prime Wire & Cable EC870615 15-Foot 16/2 SPT-2 Remote Switch Cord, White", "imUrl": "http://ecx.images-amazon.com/images/I/41TJikFWINL._SY300_.jpg", "price": 11.99, "numReviews": 28, "groups": [139], "averageRating": 4.642857142857143}, {"asin": "B000GATBSQ", "name": "SlimLine 2232 Flat Plug Extension Cord, 3-Wire, White, 13-Foot", "imUrl": "http://ecx.images-amazon.com/images/I/31ZsnpNsgrL._SY300_.jpg", "price": 9.87, "numReviews": 67, "groups": [160], "averageRating": 4.6716417910447765}, {"asin": "B0032OD4TU", "name": "\"ABC Products\" - 16 Gauge ~ 3-prong Grounded Plug 40 Foot Brown - Outdoor Extension Cord (13 Amp Service)", "imUrl": "http://ecx.images-amazon.com/images/I/31aGnXAvlsL.jpg", "price": 25.47, "numReviews": 1, "groups": [161], "averageRating": 5.0}, {"asin": "B00004SQF0", "name": "Coleman Cable 02509 100-Feet 12/3 SJTW Extension Cord, Orange", "imUrl": "http://ecx.images-amazon.com/images/I/518CCE2CB5L._SY300_.jpg", "price": 54.99, "numReviews": 6, "groups": [162], "averageRating": 4.333333333333333}, {"asin": "B000Q68W2Q", "name": "Indoor Extension Cord with Tamper Guard, White, 9-Foot", "imUrl": "http://ecx.images-amazon.com/images/I/316aXkXjIZL._SY300_.jpg", "price": 7.17, "numReviews": 1, "groups": [163], "averageRating": 4.0}, {"asin": "B00CQ56B2I", "name": "QVS PC3PX-10 10-Feet 3-Outlet 3-Prong Power Extension Cord", "imUrl": "http://ecx.images-amazon.com/images/I/4162A72ZrlL._SX300_.jpg", "price": 9.63, "numReviews": 3, "groups": [164], "averageRating": 4.666666666666667, "salesRankCategory": "Electronics", "salesRank": 58269}, {"asin": "B0036DEC2K", "name": "Stanley 31372 CordMax Extender with Grounded 12-Inch Outlet Extender Cords, 3-Pack, Black", "imUrl": "http://ecx.images-amazon.com/images/I/41WnLWPH-NL._SX300_.jpg", "price": 1.99, "numReviews": 48, "groups": [165], "averageRating": 4.583333333333333, "brand": "Stanley"}, {"asin": "B0006GC9HU", "name": "Farberware CO-PC6 6' Power Cord (Fits two prong units only)", "imUrl": "http://ecx.images-amazon.com/images/I/117XqYS5QLL.jpg", "price": 2.95, "numReviews": 23, "groups": [166], "averageRating": 4.6521739130434785, "brand": "Farberware", "salesRankCategory": "Kitchen & Dining", "salesRank": 26822}, {"asin": "B000BUU5YU", "name": "Camco 55191 25' PowerGrip Electrical Power Cord with Handle", "imUrl": "http://ecx.images-amazon.com/images/I/51R2B267V8L._SY300_.jpg", "price": 49.0, "numReviews": 62, "groups": [167], "averageRating": 4.903225806451613, "brand": "Camco"}, {"asin": "B002F5083C", "name": "Milspec Direct 25-Foot 12-Gauge SJTW Pro Glo Lighted Outdoor 3-Way Extension Cord w/Ground Monitoring, Black", "imUrl": "http://ecx.images-amazon.com/images/I/41RnAsa7qtL._SX300_.jpg", "price": 28.95, "numReviews": 2, "groups": [70], "averageRating": 5.0}, {"asin": "B000UTE278", "name": "GE Lamp Cord Set with Molded Plug, 8-Foot, Brown 54435", "imUrl": "http://ecx.images-amazon.com/images/I/31I4mUPPEUL._SX300_.jpg", "price": 5.4, "numReviews": 6, "groups": [168], "averageRating": 4.166666666666667}, {"asin": "B000HE8PEC", "name": "SlimLine 2236 Flat Plug Extension Cord, 2-Wire, White, 7-Foot", "imUrl": "http://ecx.images-amazon.com/images/I/41rcl2olYRL._SY300_.jpg", "price": 3.06, "numReviews": 145, "groups": [169], "averageRating": 4.427586206896552}, {"asin": "B0013ND5WI", "name": "Remote-Control Switch Extension Cord 15 feet PPP PCC-24215 - Brown", "imUrl": "http://ecx.images-amazon.com/images/I/21NGIc9JLCL.jpg", "price": 11.99, "numReviews": 13, "groups": [170], "averageRating": 3.6153846153846154, "salesRankCategory": "Electronics", "salesRank": 90528}, {"asin": "B00004SQGV", "name": "Coleman Cable 02841 In-Line Tri-Source 12/3 SJEOW 2-1/2-Foot 120-Volt Ground Fault Circuit Interrupter", "imUrl": "http://ecx.images-amazon.com/images/I/41PVV9RHVVL._SX300_.jpg", "price": 42.13, "numReviews": 8, "groups": [171], "averageRating": 3.375, "brand": "Coleman Cable"}, {"asin": "B000XU3P9U", "name": "TRC 90820 FIRST ALERT LCDI Safety Extension Cord, Protected with Fire Shield, 1-Outlet, 6-Feet, White", "imUrl": "http://ecx.images-amazon.com/images/I/41salHMc6IL._SY300_.jpg", "price": 29.99, "numReviews": 2, "groups": [172], "averageRating": 5.0}, {"asin": "B000IO6TOE", "name": "Woods 2452 14/3 SJTOW Agricultural Extension Cord, Black, 50-Feet", "imUrl": "http://ecx.images-amazon.com/images/I/41vZikMol2L._SY300_.jpg", "price": 27.89, "numReviews": 11, "groups": [159], "averageRating": 4.7272727272727275, "brand": "Woods"}, {"asin": "B000KKND4K", "name": "Prime Wire & Cable CB614725 25-Foot 14/3 SJTW Triple-Tap Outdoor Extension Cord with Circuit Breaker Plug, Red", "imUrl": "http://ecx.images-amazon.com/images/I/41R6Tp95XNL._SY300_.jpg", "price": 15.48, "numReviews": 2, "groups": [173], "averageRating": 5.0, "brand": "Prime Wire & Cable"}, {"asin": "B00004SQFA", "name": "Coleman Cable 02468 14/3 SJTW Low-Temp Outdoor Extension Cord with Lighted End, 50-Feet", "imUrl": "http://ecx.images-amazon.com/images/I/51dlaD2FUFL._SY300_.jpg", "price": 28.54, "numReviews": 89, "groups": [174], "averageRating": 3.966292134831461, "brand": "Coleman Cable"}, {"asin": "B0000BYC1A", "name": "Master Electrician 02207ME 16/2 Outdoor/Indoor 25-Feet Extension Cord, Orange", "imUrl": "http://ecx.images-amazon.com/images/I/41qEC8O7YgL._SY300_.jpg", "price": 10.99, "numReviews": 5, "groups": [175], "averageRating": 3.4, "brand": "Master Electrician"}, {"asin": "B0000BYEAM", "name": "Master Electrician 02208ME 50-Feet Round Vinyl Extension Cord, Orange", "imUrl": "http://ecx.images-amazon.com/images/I/51kY1jHOjVL._SY300_.jpg", "price": 9.91, "numReviews": 3, "groups": [176], "averageRating": 4.666666666666667, "brand": "Master Electrician"}, {"asin": "B002HWRS90", "name": "US Wire 76050 12/3 50-Foot SJTW Yellow Heavy Duty Extension Cord with Lighted Pow-R-Block", "imUrl": "http://ecx.images-amazon.com/images/I/51-mZfjGfPL._SY300_.jpg", "price": 49.99, "numReviews": 16, "groups": [177], "averageRating": 4.875}, {"asin": "B0015XKIGM", "name": "Coleman Cable 03492 12/3-Wire Gauge Tri-Source SEOW Outdoor Vinyl Extension Cord, 2-Feet", "imUrl": "http://ecx.images-amazon.com/images/I/41AyF%2BQ4rjL._SY300_.jpg", "price": 4.99, "numReviews": 5, "groups": [178], "averageRating": 4.6, "brand": "Coleman Cable"}, {"asin": "B002EAMASY", "name": "Coleman Cable 4389 10/3 SJTW Tri-Source Extension Cord with Lighted End, Yellow, 100-Feet", "imUrl": "http://ecx.images-amazon.com/images/I/51J49F-48sL._SY300_.jpg", "price": 184.28, "numReviews": 1, "groups": [179], "averageRating": 4.0, "brand": "Coleman Cable"}, {"asin": "B0015XQUZA", "name": "Coleman Cable 02578-0A 50-Feet 12/3 Neon Outdoor Extension Cord, Bright Pink", "imUrl": "http://ecx.images-amazon.com/images/I/51lcW4veeYL._SY300_.jpg", "price": 48.99, "numReviews": 9, "groups": [180], "averageRating": 4.444444444444445, "brand": "Coleman Cable"}, {"asin": "B0018S2254", "name": "12 ft. 3-Outlet Designer Household Extension Cord, PINK", "imUrl": "http://ecx.images-amazon.com/images/I/41eYShGoCHL._SX300_.jpg", "price": 5.49, "numReviews": 3, "groups": [181], "averageRating": 4.0}, {"asin": "B001BYPRY8", "name": "14 Awg Flat Yellow Extension Cord - 100Ft", "imUrl": "http://ecx.images-amazon.com/images/I/41Aa-rI9aTL._SY300_.jpg", "price": 49.65, "numReviews": 1, "groups": [182], "averageRating": 5.0}, {"asin": "B00DFDRUES", "name": "RiteAV 15 feet Power Extension Cord (Indoor & Outdoor)", "imUrl": "http://ecx.images-amazon.com/images/I/31pk6vQYSZL._SX300_.jpg", "price": 13.99, "numReviews": 1, "groups": [183], "averageRating": 5.0, "salesRankCategory": "Electronics", "salesRank": 8330}, {"asin": "B000HE6OKY", "name": "Woods 0291 Foot HPN Small Appliance Cord, Black", "imUrl": "http://ecx.images-amazon.com/images/I/41UiLMUZ6SL._SY300_.jpg", "price": 5.59, "numReviews": 9, "groups": [184], "averageRating": 4.0, "brand": "Woods"}, {"asin": "B002RBCJLI", "name": "Triple Tap Extension Cord, 12/3 x 2' Yellow", "imUrl": "http://ecx.images-amazon.com/images/I/41Js7fbUxJL._SY300_.jpg", "price": 6.53, "numReviews": 1, "groups": [185], "averageRating": 5.0}, {"asin": "B005KG3WJU", "name": "Tripp Lite P022-025 25-ft. 18AWG Power Extension Cord (NEMA 5-15R to NEMA 5-15P)", "imUrl": "http://ecx.images-amazon.com/images/I/41tFusV2VVL._SY300_.jpg", "price": 12.38, "numReviews": 7, "groups": [186], "averageRating": 4.285714285714286, "brand": "Tripp Lite", "salesRankCategory": "Electronics", "salesRank": 5743}, {"asin": "B002HWMY9E", "name": "Monoprice 6ft 16AWG Power Extension Cord Cable - SJT 16/3C NEMA 5-15P TO NEMA 5-15R (13A/125V) AP301+SP506 - Black", "imUrl": "http://ecx.images-amazon.com/images/I/41mmn45wzBL._SX300_.jpg", "price": 6.02, "numReviews": 4, "groups": [187], "averageRating": 5.0, "brand": "Monoprice", "salesRankCategory": "Electronics", "salesRank": 13178}, {"asin": "B002HWRS72", "name": "US Wire 65100 12/3 100-Foot SJTW Orange Heavy Duty Extension Cord", "imUrl": "http://ecx.images-amazon.com/images/I/51pBwPRiMiL._SY300_.jpg", "price": 82.26, "numReviews": 159, "groups": [188], "averageRating": 4.779874213836478}, {"asin": "B0007LTYT0", "name": "Hosa Cable PWX425 AC Extension Cord - 25 Foot", "imUrl": "http://ecx.images-amazon.com/images/I/51m-p6z66XL._SX300_.jpg", "price": 29.99, "numReviews": 12, "groups": [189], "averageRating": 4.833333333333333, "brand": "Hosa", "salesRankCategory": "Musical Instruments", "salesRank": 2470}, {"asin": "B000FPANOI", "name": "Coleman Cable 09417 7-Feet Flatplug Extension Cord 2-Prong with Glowing Plug, White", "imUrl": "http://ecx.images-amazon.com/images/I/41ztbQ%2BuYTL._SY300_.jpg", "price": 6.11, "numReviews": 20, "groups": [190], "averageRating": 3.75, "brand": "Coleman Cable"}, {"asin": "B00004SQHO", "name": "Coleman Cable 09411 16/2 SPT-2 3-Outlet Cube Tap Extension Cord with Safety Cover, White, 6-Feet", "imUrl": "http://ecx.images-amazon.com/images/I/319wKvKj2hL._SY300_.jpg", "price": 4.74, "numReviews": 58, "groups": [191], "averageRating": 4.189655172413793, "brand": "Coleman Cable"}, {"asin": "B002BW82A0", "name": "Woods 0518 10/3 Heavy-Duty Outdoor Extension Cord, Orange, 100-Feet", "imUrl": "http://ecx.images-amazon.com/images/I/51WB6NT1RzL._SY300_.jpg", "price": 192.6, "numReviews": 2, "groups": [192], "averageRating": 4.0, "brand": "Woods"}, {"asin": "B004STXSZI", "name": "Accu-Cable  Iec Male To Iec Female Power Link Cable (Eccom-3) 3Ft", "imUrl": "http://ecx.images-amazon.com/images/I/41vHXQxJJdL._SX300_.jpg", "price": 3.99, "numReviews": 8, "groups": [193], "averageRating": 4.875, "salesRankCategory": "Musical Instruments", "salesRank": 4614}, {"asin": "B00004SQHS", "name": "Coleman Cable 09415  16/2 SPT-2 3-Outlet Cube Tap Extension Cord with Safety Cover, White, 20-Feet", "imUrl": "http://ecx.images-amazon.com/images/I/41X3B2RIi1L._SY300_.jpg", "price": 6.99, "numReviews": 58, "groups": [194], "averageRating": 4.189655172413793, "brand": "Coleman Cable"}, {"asin": "B000W65LNI", "name": "Master Electrician 09001ME 25-Feet Outdoor Extension Cord, Green", "imUrl": "http://ecx.images-amazon.com/images/I/41u9qJCjJOL._SY300_.jpg", "price": 28.99, "numReviews": 1, "groups": [195], "averageRating": 5.0, "brand": "Master Electrician"}, {"asin": "B001CBJOLC", "name": "Woods 3130 14/3 STW Extension Cord with Lighted 3-Outlet Tri-Source Power Block", "imUrl": "http://ecx.images-amazon.com/images/I/41uGuf-8d3L._SY300_.jpg", "price": 19.99, "numReviews": 2, "groups": [196], "averageRating": 4.0, "brand": "Woods"}, {"asin": "B002D8BA9W", "name": "Milspec Direct 50-Foot 12-Gauge STW 600V Multi Outlet Extension Cord with Water Resistant Snap Cap Covers, White", "imUrl": "http://ecx.images-amazon.com/images/I/41UqewWFh6L._SY300_.jpg", "price": 85.65, "numReviews": 3, "groups": [197], "averageRating": 4.666666666666667}, {"asin": "B000FBRK8Y", "name": "GE 9-Feet Indoor Extension Cord with Tamper Guard, Brown 51942", "imUrl": "http://ecx.images-amazon.com/images/I/41qI%2BlxpT2L._SY300_.jpg", "price": 9.98, "numReviews": 2, "groups": [198], "averageRating": 5.0, "brand": "GE"}], "links": [{"source": 0, "target": 75, "right": false, "left": true, "value": 1}, {"source": 1, "target": 112, "right": true, "left": false, "value": 1}, {"source": 2, "target": 160, "right": true, "left": true, "value": 1}, {"source": 3, "target": 112, "right": true, "left": false, "value": 1}, {"source": 4, "target": 56, "right": false, "left": true, "value": 1}, {"source": 4, "target": 130, "right": true, "left": false, "value": 1}, {"source": 4, "target": 68, "right": true, "left": false, "value": 1}, {"source": 5, "target": 112, "right": true, "left": false, "value": 1}, {"source": 6, "target": 177, "right": true, "left": false, "value": 1}, {"source": 6, "target": 132, "right": true, "left": false, "value": 1}, {"source": 7, "target": 147, "right": true, "left": false, "value": 1}, {"source": 8, "target": 114, "right": true, "left": false, "value": 1}, {"source": 9, "target": 15, "right": true, "left": false, "value": 1}, {"source": 10, "target": 153, "right": false, "left": true, "value": 1}, {"source": 10, "target": 114, "right": true, "left": false, "value": 1}, {"source": 10, "target": 158, "right": false, "left": true, "value": 1}, {"source": 11, "target": 112, "right": true, "left": false, "value": 1}, {"source": 11, "target": 143, "right": true, "left": false, "value": 1}, {"source": 12, "target": 22, "right": true, "left": false, "value": 1}, {"source": 13, "target": 98, "right": true, "left": false, "value": 1}, {"source": 14, "target": 181, "right": true, "left": false, "value": 1}, {"source": 14, "target": 86, "right": true, "left": false, "value": 1}, {"source": 15, "target": 89, "right": true, "left": false, "value": 1}, {"source": 15, "target": 35, "right": true, "left": false, "value": 1}, {"source": 15, "target": 79, "right": false, "left": true, "value": 1}, {"source": 16, "target": 40, "right": true, "left": false, "value": 1}, {"source": 17, "target": 127, "right": true, "left": false, "value": 1}, {"source": 18, "target": 91, "right": true, "left": false, "value": 1}, {"source": 19, "target": 42, "right": false, "left": true, "value": 1}, {"source": 20, "target": 132, "right": true, "left": false, "value": 1}, {"source": 21, "target": 176, "right": true, "left": false, "value": 1}, {"source": 22, "target": 73, "right": false, "left": true, "value": 1}, {"source": 22, "target": 84, "right": false, "left": true, "value": 1}, {"source": 23, "target": 162, "right": true, "left": false, "value": 1}, {"source": 23, "target": 198, "right": true, "left": false, "value": 1}, {"source": 24, "target": 185, "right": false, "left": true, "value": 1}, {"source": 24, "target": 130, "right": false, "left": true, "value": 1}, {"source": 24, "target": 31, "right": false, "left": true, "value": 1}, {"source": 25, "target": 91, "right": true, "left": false, "value": 1}, {"source": 25, "target": 60, "right": true, "left": false, "value": 1}, {"source": 26, "target": 195, "right": true, "left": false, "value": 1}, {"source": 27, "target": 68, "right": true, "left": false, "value": 1}, {"source": 27, "target": 117, "right": true, "left": false, "value": 1}, {"source": 28, "target": 44, "right": false, "left": true, "value": 1}, {"source": 29, "target": 52, "right": true, "left": false, "value": 1}, {"source": 30, "target": 74, "right": true, "left": false, "value": 1}, {"source": 30, "target": 198, "right": true, "left": false, "value": 1}, {"source": 32, "target": 62, "right": true, "left": false, "value": 1}, {"source": 33, "target": 106, "right": false, "left": true, "value": 1}, {"source": 34, "target": 176, "right": true, "left": false, "value": 1}, {"source": 35, "target": 72, "right": false, "left": true, "value": 1}, {"source": 35, "target": 136, "right": false, "left": true, "value": 1}, {"source": 35, "target": 145, "right": false, "left": true, "value": 1}, {"source": 35, "target": 148, "right": false, "left": true, "value": 1}, {"source": 35, "target": 85, "right": false, "left": true, "value": 1}, {"source": 35, "target": 118, "right": false, "left": true, "value": 1}, {"source": 35, "target": 183, "right": false, "left": true, "value": 1}, {"source": 36, "target": 192, "right": true, "left": false, "value": 1}, {"source": 36, "target": 86, "right": false, "left": true, "value": 1}, {"source": 37, "target": 198, "right": true, "left": false, "value": 1}, {"source": 38, "target": 168, "right": true, "left": false, "value": 1}, {"source": 38, "target": 188, "right": false, "left": true, "value": 1}, {"source": 38, "target": 64, "right": false, "left": true, "value": 1}, {"source": 38, "target": 76, "right": false, "left": true, "value": 1}, {"source": 39, "target": 127, "right": true, "left": false, "value": 1}, {"source": 41, "target": 161, "right": true, "left": false, "value": 1}, {"source": 43, "target": 182, "right": false, "left": true, "value": 1}, {"source": 44, "target": 137, "right": true, "left": false, "value": 1}, {"source": 44, "target": 76, "right": false, "left": true, "value": 1}, {"source": 45, "target": 137, "right": true, "left": false, "value": 1}, {"source": 46, "target": 114, "right": true, "left": false, "value": 1}, {"source": 47, "target": 143, "right": true, "left": false, "value": 1}, {"source": 48, "target": 81, "right": true, "left": false, "value": 1}, {"source": 49, "target": 186, "right": false, "left": true, "value": 1}, {"source": 49, "target": 99, "right": false, "left": true, "value": 1}, {"source": 49, "target": 87, "right": false, "left": true, "value": 1}, {"source": 50, "target": 193, "right": true, "left": false, "value": 1}, {"source": 50, "target": 77, "right": true, "left": false, "value": 1}, {"source": 51, "target": 123, "right": true, "left": false, "value": 1}, {"source": 52, "target": 65, "right": false, "left": true, "value": 1}, {"source": 52, "target": 174, "right": false, "left": true, "value": 1}, {"source": 52, "target": 63, "right": false, "left": true, "value": 1}, {"source": 53, "target": 131, "right": false, "left": true, "value": 1}, {"source": 54, "target": 169, "right": true, "left": false, "value": 1}, {"source": 55, "target": 98, "right": true, "left": false, "value": 1}, {"source": 56, "target": 184, "right": true, "left": false, "value": 1}, {"source": 57, "target": 91, "right": true, "left": false, "value": 1}, {"source": 58, "target": 141, "right": false, "left": true, "value": 1}, {"source": 58, "target": 190, "right": false, "left": true, "value": 1}, {"source": 59, "target": 112, "right": true, "left": false, "value": 1}, {"source": 59, "target": 143, "right": true, "left": false, "value": 1}, {"source": 60, "target": 91, "right": true, "left": true, "value": 1}, {"source": 60, "target": 103, "right": false, "left": true, "value": 1}, {"source": 61, "target": 201, "right": false, "left": true, "value": 1}, {"source": 61, "target": 98, "right": true, "left": false, "value": 1}, {"source": 61, "target": 124, "right": false, "left": true, "value": 1}, {"source": 62, "target": 97, "right": false, "left": true, "value": 1}, {"source": 64, "target": 188, "right": true, "left": false, "value": 1}, {"source": 66, "target": 128, "right": false, "left": true, "value": 1}, {"source": 66, "target": 111, "right": true, "left": false, "value": 1}, {"source": 67, "target": 145, "right": false, "left": true, "value": 1}, {"source": 68, "target": 134, "right": false, "left": true, "value": 1}, {"source": 68, "target": 189, "right": false, "left": true, "value": 1}, {"source": 68, "target": 117, "right": false, "left": true, "value": 1}, {"source": 68, "target": 157, "right": false, "left": true, "value": 1}, {"source": 68, "target": 181, "right": false, "left": true, "value": 1}, {"source": 68, "target": 88, "right": false, "left": true, "value": 1}, {"source": 68, "target": 156, "right": false, "left": true, "value": 1}, {"source": 68, "target": 152, "right": false, "left": true, "value": 1}, {"source": 68, "target": 94, "right": false, "left": true, "value": 1}, {"source": 69, "target": 120, "right": true, "left": true, "value": 1}, {"source": 69, "target": 170, "right": true, "left": true, "value": 1}, {"source": 70, "target": 91, "right": true, "left": false, "value": 1}, {"source": 71, "target": 112, "right": true, "left": false, "value": 1}, {"source": 72, "target": 79, "right": true, "left": false, "value": 1}, {"source": 73, "target": 159, "right": false, "left": true, "value": 1}, {"source": 74, "target": 163, "right": false, "left": true, "value": 1}, {"source": 74, "target": 143, "right": true, "left": false, "value": 1}, {"source": 75, "target": 113, "right": true, "left": false, "value": 1}, {"source": 77, "target": 197, "right": true, "left": false, "value": 1}, {"source": 78, "target": 127, "right": true, "left": false, "value": 1}, {"source": 80, "target": 193, "right": true, "left": false, "value": 1}, {"source": 81, "target": 199, "right": false, "left": true, "value": 1}, {"source": 81, "target": 144, "right": false, "left": true, "value": 1}, {"source": 81, "target": 111, "right": true, "left": false, "value": 1}, {"source": 82, "target": 112, "right": true, "left": false, "value": 1}, {"source": 82, "target": 155, "right": false, "left": true, "value": 1}, {"source": 83, "target": 115, "right": true, "left": false, "value": 1}, {"source": 85, "target": 181, "right": true, "left": false, "value": 1}, {"source": 86, "target": 192, "right": true, "left": false, "value": 1}, {"source": 87, "target": 176, "right": true, "left": false, "value": 1}, {"source": 87, "target": 110, "right": false, "left": true, "value": 1}, {"source": 90, "target": 166, "right": false, "left": true, "value": 1}, {"source": 91, "target": 98, "right": false, "left": true, "value": 1}, {"source": 91, "target": 132, "right": false, "left": true, "value": 1}, {"source": 91, "target": 104, "right": false, "left": true, "value": 1}, {"source": 91, "target": 124, "right": false, "left": true, "value": 1}, {"source": 91, "target": 119, "right": false, "left": true, "value": 1}, {"source": 91, "target": 125, "right": false, "left": true, "value": 1}, {"source": 92, "target": 114, "right": true, "left": false, "value": 1}, {"source": 93, "target": 148, "right": true, "left": false, "value": 1}, {"source": 93, "target": 111, "right": true, "left": false, "value": 1}, {"source": 95, "target": 112, "right": true, "left": false, "value": 1}, {"source": 95, "target": 175, "right": false, "left": true, "value": 1}, {"source": 96, "target": 167, "right": false, "left": true, "value": 1}, {"source": 98, "target": 199, "right": false, "left": true, "value": 1}, {"source": 98, "target": 124, "right": false, "left": true, "value": 1}, {"source": 100, "target": 130, "right": true, "left": false, "value": 1}, {"source": 101, "target": 176, "right": true, "left": false, "value": 1}, {"source": 102, "target": 112, "right": true, "left": false, "value": 1}, {"source": 105, "target": 156, "right": true, "left": false, "value": 1}, {"source": 107, "target": 127, "right": true, "left": false, "value": 1}, {"source": 108, "target": 176, "right": true, "left": false, "value": 1}, {"source": 109, "target": 111, "right": true, "left": false, "value": 1}, {"source": 110, "target": 176, "right": true, "left": false, "value": 1}, {"source": 111, "target": 199, "right": false, "left": true, "value": 1}, {"source": 111, "target": 113, "right": false, "left": true, "value": 1}, {"source": 112, "target": 162, "right": false, "left": true, "value": 1}, {"source": 112, "target": 194, "right": false, "left": true, "value": 1}, {"source": 112, "target": 172, "right": false, "left": true, "value": 1}, {"source": 112, "target": 149, "right": false, "left": true, "value": 1}, {"source": 112, "target": 151, "right": false, "left": true, "value": 1}, {"source": 112, "target": 122, "right": false, "left": true, "value": 1}, {"source": 112, "target": 126, "right": false, "left": true, "value": 1}, {"source": 113, "target": 150, "right": false, "left": true, "value": 1}, {"source": 114, "target": 153, "right": false, "left": true, "value": 1}, {"source": 114, "target": 158, "right": false, "left": true, "value": 1}, {"source": 115, "target": 129, "right": false, "left": true, "value": 1}, {"source": 115, "target": 146, "right": true, "left": false, "value": 1}, {"source": 115, "target": 154, "right": false, "left": true, "value": 1}, {"source": 116, "target": 127, "right": true, "left": false, "value": 1}, {"source": 117, "target": 178, "right": false, "left": true, "value": 1}, {"source": 121, "target": 145, "right": false, "left": true, "value": 1}, {"source": 127, "target": 191, "right": false, "left": true, "value": 1}, {"source": 130, "target": 184, "right": false, "left": true, "value": 1}, {"source": 131, "target": 171, "right": false, "left": true, "value": 1}, {"source": 133, "target": 140, "right": true, "left": false, "value": 1}, {"source": 133, "target": 135, "right": true, "left": false, "value": 1}, {"source": 135, "target": 161, "right": false, "left": true, "value": 1}, {"source": 135, "target": 139, "right": false, "left": true, "value": 1}, {"source": 135, "target": 140, "right": false, "left": true, "value": 1}, {"source": 135, "target": 173, "right": false, "left": true, "value": 1}, {"source": 138, "target": 146, "right": true, "left": false, "value": 1}, {"source": 139, "target": 161, "right": true, "left": false, "value": 1}, {"source": 140, "target": 161, "right": true, "left": true, "value": 1}, {"source": 140, "target": 173, "right": false, "left": true, "value": 1}, {"source": 141, "target": 176, "right": true, "left": false, "value": 1}, {"source": 141, "target": 193, "right": true, "left": false, "value": 1}, {"source": 142, "target": 185, "right": false, "left": true, "value": 1}, {"source": 144, "target": 176, "right": true, "left": false, "value": 1}, {"source": 152, "target": 176, "right": true, "left": false, "value": 1}, {"source": 156, "target": 182, "right": false, "left": true, "value": 1}, {"source": 160, "target": 193, "right": false, "left": true, "value": 1}, {"source": 160, "target": 176, "right": true, "left": true, "value": 1}, {"source": 160, "target": 187, "right": false, "left": true, "value": 1}, {"source": 160, "target": 190, "right": false, "left": true, "value": 1}, {"source": 161, "target": 173, "right": false, "left": true, "value": 1}, {"source": 164, "target": 192, "right": true, "left": false, "value": 1}, {"source": 165, "target": 202, "right": true, "left": false, "value": 1}, {"source": 179, "target": 180, "right": true, "left": false, "value": 1}, {"source": 192, "target": 196, "right": false, "left": true, "value": 1}, {"source": 200, "target": 201, "right": true, "left": false, "value": 1}]}