{"nodes": [{"asin": "B000JNHWFY", "name": "Lite Source LS-2608BLU Swirl Metal Desk Lamp, Metallic Blue", "imUrl": "http://ecx.images-amazon.com/images/I/41heTg%2B4%2B-L._SY445_.jpg", "price": 19.95, "numReviews": 2, "groups": [0], "averageRating": 3.0}, {"asin": "B0044FZ5SE", "name": "Living Accents Halogen Architect Desk Lamp with 19\" Adjustable Swing Arm, watt type, \"jcd g8\" bulb, Black", "imUrl": "http://ecx.images-amazon.com/images/I/31Y0EA80VUL._SY300_.jpg", "price": 30.9, "numReviews": 19, "groups": [1], "averageRating": 3.210526315789474, "brand": "Living Accents", "salesRankCategory": "Home & Kitchen", "salesRank": 183553}, {"asin": "B00CBA41RU", "name": "MarsLG Elegant 3-Level Dimmable Touch Switch Folding LED Desk Lamp 7 Watt, White 2404WH", "imUrl": "http://ecx.images-amazon.com/images/I/31y5xGe7p1L._SX342_.jpg", "price": 25.99, "numReviews": 50, "groups": [2], "averageRating": 4.16}, {"asin": "B00062PEUS", "name": "Illuminada 16291-006 12-Inch Collapsible Full Spectrum Desk Lamp, Black", "imUrl": "http://ecx.images-amazon.com/images/I/3109OCkHCtL._SY300_.jpg", "price": 19.18, "numReviews": 12, "groups": [3], "averageRating": 3.75}, {"asin": "B0073KKIPW", "name": "Shyne LED Desk Lamp - Model 26 - White", "imUrl": "http://ecx.images-amazon.com/images/I/41UVYTHsu6L._SY300_.jpg", "price": 79.95, "numReviews": 8, "groups": [4], "averageRating": 4.125}, {"asin": "B009FI9GOY", "name": "New Dimmable Touch Desk Lamp Flexible 3*3w LED Stepless Dimming Table Night Light", "imUrl": "http://ecx.images-amazon.com/images/I/51UO1qb8A4L._SX342_.jpg", "price": 17.49, "numReviews": 1, "groups": [5], "averageRating": 1.0}, {"asin": "B000VR99KE", "name": "iHome Desk Lamp with iPod/MP3 Dock, Silver", "imUrl": "http://ecx.images-amazon.com/images/I/31or%2B1D0W-L._SY445_.jpg", "price": 40.39, "numReviews": 3, "groups": [6], "averageRating": 3.6666666666666665}, {"asin": "B0013NZMOM", "name": "Lite Source LS-306PS Halotech Halogen Desk Lamp, Polished Steel", "imUrl": "http://ecx.images-amazon.com/images/I/31Eal6nT%2BaL._SX342_.jpg", "price": 145.0, "numReviews": 42, "groups": [7], "averageRating": 4.333333333333333, "brand": "Lite Source"}, {"asin": "B0046LS9W0", "name": "Normande Lighting AM3-101 Chrome 13-1/2-Inch 13-Watt Daylight Spectrum Banker's Desk Lamp with Blue Glass Shade", "imUrl": "http://ecx.images-amazon.com/images/I/419rMf8gsCL._SY300_.jpg", "price": 41.63, "numReviews": 25, "groups": [8], "averageRating": 4.48}, {"asin": "B001IEDKRM", "name": "Normande Lighting GP3-219 13-1/2-Inch 13-Watt Daylight-Spectrum Desk Lamp, Black", "imUrl": "http://ecx.images-amazon.com/images/I/31Mj0YDPdLL._SX342_.jpg", "price": 15.14, "numReviews": 35, "groups": [9], "averageRating": 3.142857142857143, "brand": "Normande Lighting"}, {"asin": "B00857RC5G", "name": "Park Madison Lighting PMD-3501-31 20-1/2-Inch Tall Halogen Desk Lamp with Fully Adjustable Gooseneck Column and Euro Style Rocker Switch, Black Finish", "imUrl": "http://ecx.images-amazon.com/images/I/21mMUAd2QxL._SY300_.jpg", "price": 20.99, "numReviews": 44, "groups": [10], "averageRating": 3.340909090909091}, {"asin": "B008AYY1MQ", "name": "Candy Colored Rechargeable LED Desk Lamp- with plug and USB option", "imUrl": "http://ecx.images-amazon.com/images/I/21YIjI13CpL.jpg", "price": 23.0, "numReviews": 57, "groups": [11], "averageRating": 4.0701754385964914}, {"asin": "B000N551RE", "name": "Sunlight Desk Lamp - 150 Watt of Light Output Consumes 27 Watts. Natural Sunlight Emulation", "imUrl": "http://ecx.images-amazon.com/images/I/41Jmz8tONLL.jpg", "price": 44.95, "numReviews": 52, "groups": [12], "averageRating": 3.5}, {"asin": "B002XNN15S", "name": "OttLite R13002 Folding Craft Lamp in White", "imUrl": "http://ecx.images-amazon.com/images/I/31zeZNW6NLL._SY300_.jpg", "price": 27.49, "numReviews": 3, "groups": [13], "averageRating": 4.0}, {"asin": "B004BA5VJU", "name": "Normande Lighting GS2-744D 40W Halogen Desk Lamp, Black with Flexible Gooseneck", "imUrl": "http://ecx.images-amazon.com/images/I/3153R88G9SL._SY300_.jpg", "price": 17.99, "numReviews": 2, "groups": [14], "averageRating": 3.0}, {"asin": "B004Q0CUXA", "name": "OttLite 326003  13-watt  HD SlimLine Task Lamp, White", "imUrl": "http://ecx.images-amazon.com/images/I/313opwCz3rL._SY300_.jpg", "price": 28.02, "numReviews": 5, "groups": [15], "averageRating": 4.4, "brand": "OttLite"}, {"asin": "B00CM5SBXO", "name": "Limelights LD1002-PNK Gooseneck Organizer Desk Lamp with iPad Stand or Book Holder, Pink", "imUrl": "http://ecx.images-amazon.com/images/I/31jxeg2CBzL._SY300_.jpg", "price": 16.99, "numReviews": 39, "groups": [16], "averageRating": 4.17948717948718}, {"asin": "B00ENBX8JC", "name": "MIU COLOR\u00ae DL-001 Cool White Ultra-thin Eye-Protection Gooseneck LED Portable Desk Lamp / Detachable Emergency Outdoor Light / Camping Light", "imUrl": "http://ecx.images-amazon.com/images/I/31J5lAo-m%2BL._SX342_.jpg", "price": 39.99, "numReviews": 23, "groups": [17], "averageRating": 4.260869565217392, "brand": "MIU COLOR"}, {"asin": "B00IZAHJ88", "name": "Saicoo\u2122 Natural Light 10W LED Eye-protection Multi-function Desk Lamp with aluminum alloy light head, 3 Lighting Modes- Studying, Reading and Relaxation / Bedtime, 5- Level Brightness Control for each mode", "imUrl": "http://ecx.images-amazon.com/images/I/31%2B6gU%2BFBxL._SX300_.jpg", "price": 48.99, "numReviews": 42, "groups": [18], "averageRating": 4.595238095238095}, {"asin": "B00CTA3AKQ", "name": "LighTunes Bluetooth Speaker Lamp with Alarm Clock, FM Radio, USB Charging Port, and Zebra Shade", "imUrl": "http://ecx.images-amazon.com/images/I/41GnrVLyGNL._SY300_.jpg", "price": 59.99, "numReviews": 14, "groups": [19], "averageRating": 4.285714285714286}, {"asin": "B00ESKZ1M0", "name": "Banker`s Lamp with Marbled Glass Shade", "imUrl": "http://ecx.images-amazon.com/images/I/418D4v1P5-L._SX342_.jpg", "price": 40.56, "numReviews": 1, "groups": [20], "averageRating": 5.0}, {"asin": "B002WIFBWK", "name": "HDE Mini LED Desk Light, Black", "imUrl": "http://ecx.images-amazon.com/images/I/31NGBHP-UaL._SX342_.jpg", "price": 3.26, "numReviews": 82, "groups": [21], "averageRating": 3.9634146341463414, "brand": "HDE"}, {"asin": "B004LDDOG4", "name": "Softech - Natural Light LED Multi-Function Desk Lamp-White", "imUrl": "http://ecx.images-amazon.com/images/I/41rHT7f50GL._SX342_.jpg", "price": 89.99, "numReviews": 38, "groups": [22], "averageRating": 4.868421052631579}, {"asin": "B00FIYJXAQ", "name": "Newhouse Lighting NHCLP-LED-BLK 3-watt Energy-efficient Clamp LED Lamp, Black", "imUrl": "http://ecx.images-amazon.com/images/I/318SJphTsKL._SY300_.jpg", "price": 18.99, "numReviews": 66, "groups": [23], "averageRating": 4.575757575757576, "brand": "Newhouse Lighting"}, {"asin": "B005BGOHXE", "name": "Clear Cool Wingshade Desk Lamp, Black and Silver", "imUrl": "http://ecx.images-amazon.com/images/I/31b5MSTaACL._SY300_.jpg", "price": 35.25, "numReviews": 8, "groups": [24], "averageRating": 2.75}, {"asin": "B00083IF6A", "name": "House Of Troy AP14-41-91 Advent Collection 12-Inch Adjustable Piano/Desk Portable Lamp, Oil Rubbed Bronze", "imUrl": "http://ecx.images-amazon.com/images/I/41eOYp3w8CL._SX300_.jpg", "price": 160.0, "numReviews": 20, "groups": [25], "averageRating": 4.6}, {"asin": "B000FSK9SK", "name": "Danray Products LLC LMP-24C 24-Inch Snake-Arm Lamp with C-Clamp Base and 6-Foot Cord, Gloss Black", "imUrl": "http://ecx.images-amazon.com/images/I/41GGY00WYPL._SY445_.jpg", "price": 72.69, "numReviews": 20, "groups": [26], "averageRating": 4.45}, {"asin": "B0057A6BII", "name": "OttLite 759803 Task Lamp Blue", "imUrl": "http://ecx.images-amazon.com/images/I/31UiV15UnGL._SY300_.jpg", "price": 39.95, "numReviews": 7, "groups": [27], "averageRating": 4.571428571428571}, {"asin": "B00E93ENHA", "name": "MarsLG 5-Level Dimmable Touch Switch Flex Neck LED Desk Lamp 6 Watt, 2407WH", "imUrl": "http://ecx.images-amazon.com/images/I/313IJWPAKcL._SX342_.jpg", "price": 23.0, "numReviews": 42, "groups": [2], "averageRating": 4.5476190476190474}, {"asin": "B00K24QXGE", "name": "Satechi Compact LED Desk Lamp (Base Model)", "imUrl": "http://ecx.images-amazon.com/images/I/31WXIBvOG8L._SY300_.jpg", "price": 29.99, "numReviews": 12, "groups": [28], "averageRating": 4.833333333333333}, {"asin": "B004MH9AQW", "name": "Illuminada 17346-000 5-Inch Mini Clip-On Table Lamp, Black", "imUrl": "http://ecx.images-amazon.com/images/I/411KnLuAe%2BL._SX300_.jpg", "price": 9.99, "numReviews": 15, "groups": [29], "averageRating": 4.333333333333333}, {"asin": "B006Z3JN3G", "name": "OxyLED T100 Dimmable Eye-Care LED Desk Lamp (Flexible Gooseneck, 6-Level Dimmer, Touch-Sensitive Control Panel, No Dark Area, No Ghosting, No Glaring, Pure Light)", "imUrl": "http://ecx.images-amazon.com/images/I/31P12phNkyL._SX342_.jpg", "price": 59.99, "numReviews": 320, "groups": [30], "averageRating": 4.575}, {"asin": "B001M5CUL4", "name": "Trademark Home 72-0813 Sunlight Desk Lamp, Off White", "imUrl": "http://ecx.images-amazon.com/images/I/31bhUwPT22L._SY300_.jpg", "price": 25.91, "numReviews": 274, "groups": [31], "averageRating": 4.186131386861314, "brand": "Trademark Home"}, {"asin": "B004MHC898", "name": "Halogen Desk Lamp", "imUrl": "http://ecx.images-amazon.com/images/I/3121f2z5IOL._SY300_.jpg", "price": 30.9, "numReviews": 5, "groups": [32], "averageRating": 3.6}, {"asin": "B0058GVT4W", "name": "OttLite 759OR3 Task Lamp in Orange", "imUrl": "http://ecx.images-amazon.com/images/I/31TEsrQ9gWL._SY300_.jpg", "price": 29.95, "numReviews": 1, "groups": [33], "averageRating": 4.0}, {"asin": "B000YQWRHY", "name": "Verilux Brookfield Deluxe Full Spectrum Desk Lamp, Aged Bronze", "imUrl": "http://ecx.images-amazon.com/images/I/31sOzWCAZRL._SX300_.jpg", "price": 119.95, "numReviews": 8, "groups": [34], "averageRating": 4.125, "brand": "Verilux", "salesRankCategory": "Health & Personal Care", "salesRank": 109911}, {"asin": "B00C6WHN5A", "name": "Globe Electric 52012 10.25-Inch Gooseneck Clip Lamp, Black and White", "imUrl": "http://ecx.images-amazon.com/images/I/31u8g4XPMSL._SY300_.jpg", "price": 12.49, "numReviews": 1, "groups": [35], "averageRating": 5.0}, {"asin": "B00EO591TS", "name": "Sunligh Office or Home Desk Lamp Black", "imUrl": "http://ecx.images-amazon.com/images/I/31V4u-WKCCL._SX342_.jpg", "price": 15.99, "numReviews": 2, "groups": [36], "averageRating": 3.5}, {"asin": "B00JDEV8FK", "name": "OxyLED Smart T4 Professional Architect Swing / Adjustable Arm, Stepless Dimming Touch Control, Giant Eye-care 12w LED Desk Lamp (4000k Warm White, Best for Home Office, Art Workshop, Showrooms, Bookstores)", "imUrl": "http://ecx.images-amazon.com/images/I/41IF-3H8gtL._SX342_.jpg", "price": 159.99, "numReviews": 3, "groups": [37], "averageRating": 5.0}, {"asin": "B000WWFDIK", "name": "OttLite OTL13TCG Task Lamp", "imUrl": "http://ecx.images-amazon.com/images/I/313TxMstJTL._SY300_.jpg", "price": 9.64, "numReviews": 33, "groups": [38], "averageRating": 4.393939393939394}, {"asin": "B0028NCOY2", "name": "Sun Lamp Combo Pack", "imUrl": "http://ecx.images-amazon.com/images/I/518RVp3eA-L._SX342_.jpg", "price": 44.99, "numReviews": 1, "groups": [39], "averageRating": 3.0}, {"asin": "B007RN7UX8", "name": "Artkalia MORPHEA. C. ALU. US LIGHTING, Aluminium", "imUrl": "http://ecx.images-amazon.com/images/I/31LtOSdP7AL._SY300_.jpg", "price": 45.79, "numReviews": 11, "groups": [40], "averageRating": 4.818181818181818}, {"asin": "B008MH6IEA", "name": "COCOWEB 4\" Height 19\" Shade LED Console Piano Lamp", "imUrl": "http://ecx.images-amazon.com/images/I/31CLo01vlAL._SX342_.jpg", "price": 217.0, "numReviews": 12, "groups": [41], "averageRating": 4.666666666666667}, {"asin": "B00E7ON67O", "name": "Signstek Adjustable Eye Protection LED Table Lamp Desk Reading Energy Saving Book Light with Touch Panel Calendar Thermometer Alarm Clock", "imUrl": "http://ecx.images-amazon.com/images/I/31W1dqHTXhL._SX342_.jpg", "price": 64.99, "numReviews": 7, "groups": [42], "averageRating": 5.0}, {"asin": "B0028NEFCQ", "name": "Solarex Sun Lamp", "imUrl": "http://ecx.images-amazon.com/images/I/5154ifVU24L._SX342_.jpg", "price": 32.95, "numReviews": 31, "groups": [43], "averageRating": 4.32258064516129}, {"asin": "B00BZWPMNM", "name": "Sylvania 72229 Monavi  LED Task Lamp, Black Finish", "imUrl": "http://ecx.images-amazon.com/images/I/31DSdx5YplL._SY300_.jpg", "price": 46.99, "numReviews": 22, "groups": [44], "averageRating": 3.909090909090909, "brand": "Sylvania"}, {"asin": "B000KBHJGC", "name": "Sunlight Lamps Replacement Bulb", "imUrl": "http://ecx.images-amazon.com/images/I/31B1VEY4KNL.jpg", "price": 2.46, "numReviews": 5, "groups": [45], "averageRating": 4.4}, {"asin": "B001T9NX7S", "name": "LumiSource Luminance Desk Lamp with LED Mood Light", "imUrl": "http://ecx.images-amazon.com/images/I/317hjyMFzFL._SX342_.jpg", "price": 89.95, "numReviews": 6, "groups": [46], "averageRating": 3.3333333333333335}, {"asin": "B001PICSIS", "name": "Satco Products SF76/357 Clip On Light with Coiled Cord, Steel/Black", "imUrl": "http://ecx.images-amazon.com/images/I/41XE%2BpM2SXL._SX300_.jpg", "price": 13.69, "numReviews": 5, "groups": [47], "averageRating": 2.8, "brand": "Satco"}, {"asin": "B003CWI046", "name": "Lite Source LS-224PB Banker's Lamp, Polished Brass with Green Glass Shade", "imUrl": "http://ecx.images-amazon.com/images/I/41xCEtui-%2BL._SY445_.jpg", "price": 98.0, "numReviews": 7, "groups": [48], "averageRating": 4.0, "brand": "Lite Source"}, {"asin": "B00857RA30", "name": "Park Madison Lighting PMD-4615-16 28-Inch Tall Incandescent Swing Arm Desk Lamp with Adjustable Column and Shade, Satin Nickel Finish", "imUrl": "http://ecx.images-amazon.com/images/I/31huxalO6QL._SY300_.jpg", "price": 29.99, "numReviews": 14, "groups": [49], "averageRating": 3.0}, {"asin": "B003XM65VK", "name": "Kichler Lighting 70774 15.5-Inch LED Portable Desk Lamp, Bent Clear Glass", "imUrl": "http://ecx.images-amazon.com/images/I/318eIel6JsL._SY300_.jpg", "price": 48.98, "numReviews": 3, "groups": [50], "averageRating": 5.0}, {"asin": "B005K47932", "name": "Teanre Adjustable Black Goose Neck Incandescent Clip On Desk Table Lamp and Reading Lamp, 60W", "imUrl": "http://ecx.images-amazon.com/images/I/41l10MKqUOL._SX300_.jpg", "price": 12.49, "numReviews": 1, "groups": [51], "averageRating": 2.0}, {"asin": "B003YUF9S6", "name": "OttLite T17003 Pic and Memo Desk Lamp, Matte", "imUrl": "http://ecx.images-amazon.com/images/I/41tROq9iZbL._SY300_.jpg", "price": 14.47, "numReviews": 4, "groups": [52], "averageRating": 4.0, "brand": "OttLite"}, {"asin": "B004E2KPK0", "name": "Full Spectrum Adjustable Desk Lamp, 25 Inches High, Brushed Steel", "imUrl": "http://ecx.images-amazon.com/images/I/41jfwhB-72L._SX342_.jpg", "price": 86.19, "numReviews": 1, "groups": [53], "averageRating": 5.0}, {"asin": "B009PTJJN6", "name": "Sunter Lighting LED2985 Architect Style LED Desk Lamp, Gloss Black", "imUrl": "http://ecx.images-amazon.com/images/I/51NDvYeaYuL._SY300_.jpg", "price": 30.99, "numReviews": 8, "groups": [54], "averageRating": 3.625}, {"asin": "B00CM5SC1U", "name": "Limelights LD1002-GRN Gooseneck Organizer Desk Lamp with iPad Stand or Book Holder, Neon Green", "imUrl": "http://ecx.images-amazon.com/images/I/319OX1DMgwL._SY300_.jpg", "price": 17.99, "numReviews": 39, "groups": [55], "averageRating": 4.17948717948718}, {"asin": "B000QTSX90", "name": "Lite Source LS-20155WHT Bryon Organizer Desk Lamp, White", "imUrl": "http://ecx.images-amazon.com/images/I/315f%2BKUD8TL._SY300_.jpg", "price": 28.79, "numReviews": 1, "groups": [56], "averageRating": 5.0}, {"asin": "B00G00FV9E", "name": "Daffodil LEC200 - USB Keyboard Light - Desk Lamp with 22 LED Bulbs - Dimmable Reading Table Light (Black)", "imUrl": "http://ecx.images-amazon.com/images/I/31KA2m0nHbL._SY300_.jpg", "price": 12.99, "numReviews": 30, "groups": [57], "averageRating": 4.2, "salesRankCategory": "Home Improvement", "salesRank": 33505}, {"asin": "B009Y5ZG1U", "name": "Globe Electric home FUNCTION classic clip desk lamp", "imUrl": "http://ecx.images-amazon.com/images/I/51QFTiYAFhL._SX342_.jpg", "price": 8.99, "numReviews": 1, "groups": [58], "averageRating": 1.0, "brand": "Globe Electric"}, {"asin": "B00B117HDA", "name": "Natural Light LED Multi-functional Desk Lamp - White", "imUrl": "http://ecx.images-amazon.com/images/I/21K67DHw1YL._SX342_.jpg", "price": 48.98, "numReviews": 8, "groups": [59], "averageRating": 4.5}, {"asin": "B00857R9G8", "name": "Park Madison Lighting PMD-5616 20-Inch Tall Incandescent Organizer Desk Lamp with Adjustable Gooseneck Column, White Finish", "imUrl": "http://ecx.images-amazon.com/images/I/31HG6BF6vTL._SY300_.jpg", "price": 19.99, "numReviews": 8, "groups": [60], "averageRating": 4.125}, {"asin": "B0052XK2EE", "name": "LED Task Lamp from Destination Lighting", "imUrl": "http://ecx.images-amazon.com/images/I/31BJzJE7q-L._SX342_.jpg", "price": 39.95, "numReviews": 4, "groups": [61], "averageRating": 3.75}, {"asin": "B000HVFLH4", "name": "Lite Source LS-105RED Desk Lamp with Red Metal Shades, Red Finish", "imUrl": "http://ecx.images-amazon.com/images/I/31Px5LhyINL._SY445_.jpg", "price": 30.0, "numReviews": 25, "groups": [62], "averageRating": 3.24, "brand": "Lite Source"}, {"asin": "B000Y4WHVC", "name": "EasyEye Energy Saving Oval Shaped Desk Lamp with Ionizer, Black", "imUrl": "http://ecx.images-amazon.com/images/I/315kdROJrrL._SX342_.jpg", "price": 59.92, "numReviews": 5, "groups": [63], "averageRating": 3.4, "brand": "EasyEye"}, {"asin": "B003XJ7DYG", "name": "Home Design Jetson Desk Lamp Gun Metal Finish", "imUrl": "http://ecx.images-amazon.com/images/I/317IV%2BC0PdL._SX342_.jpg", "price": 7.79, "numReviews": 1, "groups": [64], "averageRating": 3.0}, {"asin": "B005OS2PY2", "name": "Mighty Bright Lux Dome Led Task Lamp, Brushed Nickel", "imUrl": "http://ecx.images-amazon.com/images/I/31rKWAksGnL._SX300_.jpg", "price": 79.99, "numReviews": 1, "groups": [65], "averageRating": 4.0, "brand": "Mighty Bright"}, {"asin": "B002UKXG68", "name": "Beacon 600LE by IMG Lighting - White LED Desk Light Table Lamp", "imUrl": "http://ecx.images-amazon.com/images/I/41UmU0er-yL._SX342_.jpg", "price": 59.99, "numReviews": 9, "groups": [66], "averageRating": 4.333333333333333}, {"asin": "B005455T9S", "name": "OttLite SlimLine Task Lamp - White, SlimLine Task Lamp", "imUrl": "http://ecx.images-amazon.com/images/I/313opwCz3rL._SY300_.jpg", "price": 48.99, "numReviews": 1, "groups": [67], "averageRating": 1.0, "brand": "OttLite"}, {"asin": "B00DHV2FT8", "name": "Kenroy Home 32305ORB Wall Street Desk Lamp, Oil Rubbed Bronze Finish", "imUrl": "http://ecx.images-amazon.com/images/I/31Eo73Cb7-L._SY300_.jpg", "price": 90.0, "numReviews": 1, "groups": [68], "averageRating": 5.0}, {"asin": "B00GQMRAOK", "name": "[Cordless] OxyLED Q1 Smart Patent Design Rechargeable LED Desk Lamp Artist Lamp, with 4 Level Adjustable Brightness Mode and Touch Control", "imUrl": "http://ecx.images-amazon.com/images/I/31utTcSNL-L._SX342_.jpg", "price": 59.99, "numReviews": 36, "groups": [69], "averageRating": 4.333333333333333}, {"asin": "B001GZDF5A", "name": "Lite Source LS-239 Mica Banker Desk Lamp, Antique Bronze with Mica Accent", "imUrl": "http://ecx.images-amazon.com/images/I/31d80C6SDoL._SY445_.jpg", "price": 115.0, "numReviews": 1, "groups": [70], "averageRating": 1.0}, {"asin": "B005BGOIJW", "name": "Clear Cool Articulation Desk Lamp, Black", "imUrl": "http://ecx.images-amazon.com/images/I/41hjcXJ8PYL._SY300_.jpg", "price": 22.38, "numReviews": 6, "groups": [71], "averageRating": 3.5}, {"asin": "B009AE2FTG", "name": "Nuvo 60/826 Large Goose Neck Desk Lamp, Blue", "imUrl": "http://ecx.images-amazon.com/images/I/31B3%2B4lGYWL._SY300_.jpg", "price": 26.91, "numReviews": 1, "groups": [72], "averageRating": 2.0, "brand": "Nuvo"}, {"asin": "B00CM5SFGC", "name": "Simple Designs LD2000-CHR High Power LED Clip Lamp Light, Chrome", "imUrl": "http://ecx.images-amazon.com/images/I/31yWvpibNuL._SY300_.jpg", "price": 14.99, "numReviews": 6, "groups": [73], "averageRating": 4.166666666666667}, {"asin": "B002SDNSF6", "name": "Flexible Desk Lamp, Black", "imUrl": "http://ecx.images-amazon.com/images/I/31RJKv57y-L._SY300_.jpg", "price": 13.99, "numReviews": 101, "groups": [74, 75], "averageRating": 3.871287128712871}, {"asin": "B003CVOS16", "name": "Checkolite 46012-01 Blink 13-Watt CFL 19-Inch Desk Lamp, Blue", "imUrl": "http://ecx.images-amazon.com/images/I/31Mn97HQPGL._SY300_.jpg", "price": 19.95, "numReviews": 44, "groups": [76], "averageRating": 3.5}, {"asin": "B0000DI1DO", "name": "Georgetown Solid Brass Desk Lamp", "imUrl": "http://ecx.images-amazon.com/images/I/31cJxOwIocL._SY445_.jpg", "price": 199.99, "numReviews": 10, "groups": [77], "averageRating": 4.8}, {"asin": "B00HDE3QSY", "name": "Brightsky LED Clip Desk Lamp Clamp 3w Warm White Table Laptop Reading Bed Flexible Neck Sliver Head Light Usb", "imUrl": "http://ecx.images-amazon.com/images/I/31cYEQnReHL._SX342_.jpg", "price": 19.99, "numReviews": 2, "groups": [78], "averageRating": 5.0}, {"asin": "B0038CBF42", "name": "OttLite 290G59 Battery-Operated LED Mobile Task Lamp, Black", "imUrl": "http://ecx.images-amazon.com/images/I/31UfC4sGfFL._SY300_.jpg", "price": 19.95, "numReviews": 52, "groups": [79], "averageRating": 3.576923076923077, "brand": "OttLite"}, {"asin": "B003Z6PKEM", "name": "Satco Products 60/818 Large Goose Neck Desk Lamp, Old Bronze", "imUrl": "http://ecx.images-amazon.com/images/I/31SPZfDFloL._SY300_.jpg", "price": 19.26, "numReviews": 2, "groups": [80], "averageRating": 4.0, "brand": "Satco"}, {"asin": "B008U6W3PG", "name": "ETI 540412 3 -Watt Desk Lamp 120lms 5000k 82CRI Non Dimmable 120-Degree 25,000hrs NEMA5-15 Plug Lamp, Black", "imUrl": "http://ecx.images-amazon.com/images/I/31jrrL8Xg3L._SY300_.jpg", "price": 17.42, "numReviews": 1, "groups": [81], "averageRating": 5.0}, {"asin": "B00070PA8U", "name": "OttLite L139AB Task Lamp with Swivel Base in Black", "imUrl": "http://ecx.images-amazon.com/images/I/313JZsDd7kL._SY300_.jpg", "price": 39.95, "numReviews": 71, "groups": [82], "averageRating": 4.084507042253521}, {"asin": "B00FT63EGW", "name": "Hanvex LDT2W LED Lamp for Reading Desk, Bedroom Table, Dimmable, 3 Light Color, 12 Watt, Adjustable Arm", "imUrl": "http://ecx.images-amazon.com/images/I/41bTRAw23SL._SX342_.jpg", "price": 59.99, "numReviews": 1, "groups": [83], "averageRating": 3.0}, {"asin": "B001EFZGCC", "name": "Swivel Arm Desk Lamp from Destination Lighting", "imUrl": "http://ecx.images-amazon.com/images/I/21rTfPIa%2BAL.jpg", "price": 59.95, "numReviews": 1, "groups": [84], "averageRating": 5.0}, {"asin": "B005BGO8UQ", "name": "OttLite Telescoping Lamp, Pink", "imUrl": "http://ecx.images-amazon.com/images/I/31P2j%2B9riKL._SY300_.jpg", "price": 29.99, "numReviews": 9, "groups": [85], "averageRating": 4.222222222222222}, {"asin": "B00B7PHVS6", "name": "Architect Desk Lamp with Interchangeable Clamp-on Base (Black)", "imUrl": "http://ecx.images-amazon.com/images/I/41Ws39HLa3L._SX342_.jpg", "price": 35.0, "numReviews": 69, "groups": [86], "averageRating": 3.9130434782608696}, {"asin": "B005TFMDXI", "name": "Koncept AR2000-W-MBK-DSK Mosso LED Desk Lamp, Warm Light, Metallic Black", "imUrl": "http://ecx.images-amazon.com/images/I/41261JZMMVL._SX342_.jpg", "price": 269.0, "numReviews": 2, "groups": [87], "averageRating": 4.5, "brand": "Koncept", "salesRankCategory": "Industrial & Scientific", "salesRank": 65032}, {"asin": "B00JZHC0Q6", "name": "BESTEK 7W long lifespan LED dimmable eye protection desk lamp,fordable,rotatable,3 colors & 5 brightness lever,lcd display,usb charging port BTTL01", "imUrl": "http://ecx.images-amazon.com/images/I/318nl8O-uiL._SX342_.jpg", "price": 45.99, "numReviews": 4, "groups": [88], "averageRating": 4.5}, {"asin": "B0026RWGXY", "name": "Daffodil ULT04 USB Powered Desk Light - Flexible Keyboard Lamp with Switch for PC and MAC Computer", "imUrl": "http://ecx.images-amazon.com/images/I/419SMAvl8gL._SY300_.jpg", "price": 5.05, "numReviews": 3, "groups": [89], "averageRating": 2.0}, {"asin": "B003SSN9DG", "name": "Home Design Juicy, 1 Light Clip On Light", "imUrl": "http://ecx.images-amazon.com/images/I/31JpJTFQlvL._SX342_.jpg", "price": 19.95, "numReviews": 141, "groups": [90], "averageRating": 4.3120567375886525}, {"asin": "B0083ULXQ4", "name": "PRISM TL-4300 LED Desk Lamp with Anti-Glaring LG Lumiplas", "imUrl": "http://ecx.images-amazon.com/images/I/31IYG2taG5L._SX342_.jpg", "price": 88.82, "numReviews": 28, "groups": [91], "averageRating": 4.428571428571429}, {"asin": "B00863LE0I", "name": "Normande Lighting HS3-1433-ABR Compact Fluorescent Desk Lamp", "imUrl": "http://ecx.images-amazon.com/images/I/31sGBiFP4vL._SY300_.jpg", "price": 39.99, "numReviews": 10, "groups": [92], "averageRating": 4.6, "brand": "Normande Lighting"}, {"asin": "B00FAGQ98G", "name": "Design Trends 19005-07 Adjustable Desk Lamp with White Shade, Black, 1-Pack", "imUrl": "http://ecx.images-amazon.com/images/I/315416ZN26L._SY300_.jpg", "price": 24.9, "numReviews": 2, "groups": [93], "averageRating": 4.0}, {"asin": "B0010YNNTA", "name": "Alabaster Glass Piano Lamp", "imUrl": "http://ecx.images-amazon.com/images/I/31Qjn4NXl9L._SY445_.jpg", "price": 79.99, "numReviews": 21, "groups": [94], "averageRating": 4.523809523809524}, {"asin": "B0026KLI6C", "name": "Boston Harbor TL-WK-134E-WH-3L Desk Lamp Swing Arm, White", "imUrl": "http://ecx.images-amazon.com/images/I/31uYGvn36HL._SY300_.jpg", "price": 15.99, "numReviews": 73, "groups": [95], "averageRating": 4.260273972602739, "brand": "Boston Harbor", "salesRankCategory": "Kitchen & Dining", "salesRank": 1153}, {"asin": "B003Z4FWGU", "name": "Lumian Design LED Desk Light (built-in night light)", "imUrl": "http://ecx.images-amazon.com/images/I/313%2BmT7ZvvL._SX342_.jpg", "price": 59.99, "numReviews": 33, "groups": [96], "averageRating": 4.2727272727272725}, {"asin": "B00CTA3AV0", "name": "Bluetooth Wood Grain Speaker Lamp with Alarm Clock, FM Radio, and USB Charging Port", "imUrl": "http://ecx.images-amazon.com/images/I/41R8ExFrVJL._SY300_.jpg", "price": 59.99, "numReviews": 8, "groups": [97], "averageRating": 4.0}, {"asin": "B0006ZUA36", "name": "Bed Lamp with Dimmer", "imUrl": "http://ecx.images-amazon.com/images/I/31uzksffiLL._SX300_.jpg", "price": 14.99, "numReviews": 7, "groups": [98], "averageRating": 4.285714285714286}, {"asin": "B006IF13UC", "name": "Living Accents 17988-000 Desk Lamp Gooseneck, 14.17\", Steel", "imUrl": "http://ecx.images-amazon.com/images/I/31DN85L0QoL._SY300_.jpg", "price": 20.1, "numReviews": 14, "groups": [99], "averageRating": 4.428571428571429, "brand": "Living Accents"}, {"asin": "B00HH63C78", "name": "MOCREO\u00ae Portable USB Rechargeable Touch Switch Folding Desk Lamp Table Light Brightness Adjustable Eye Protection Energy Saving 5W 6000K W/ 12-LED,Built-in Rechargeable Lithium Battery", "imUrl": "http://ecx.images-amazon.com/images/I/31Hf1SezfmL._SX342_.jpg", "price": 15.8, "numReviews": 53, "groups": [100], "averageRating": 4.6415094339622645}, {"asin": "B002OM32DO", "name": "Lite Source White Gooseneck Halogen Desk Lamp", "imUrl": "http://ecx.images-amazon.com/images/I/31CqAUL8I2L._SY445_.jpg", "price": 20.99, "numReviews": 6, "groups": [101], "averageRating": 3.8333333333333335}, {"asin": "B002VKX6YY", "name": "Catalina Dataport Desk Lamp", "imUrl": "http://ecx.images-amazon.com/images/I/31ukRwfCIOL._SY300_.jpg", "price": 30.49, "numReviews": 15, "groups": [99], "averageRating": 3.8}, {"asin": "B00CKINTOE", "name": "Hausbell (TM) Black Portable Folding Eye Protection LED USB Port Rechargeable Desk Lamp Reading Lamp Camping Lamp with Calendar Clock Alarm Control Thermometer", "imUrl": "http://ecx.images-amazon.com/images/I/312BKsPXbTL._SX342_.jpg", "price": 13.99, "numReviews": 3, "groups": [102], "averageRating": 3.3333333333333335, "brand": "Hausbell (TM)"}, {"asin": "B00FT4TVAW", "name": "Hanvex LDT2B LED Lamp for Reading Desk, Bedroom Table, Dimmable, 3 Light Color, 12 Watt, Adjustable Arm", "imUrl": "http://ecx.images-amazon.com/images/I/31bv%2BkMusIL._SX342_.jpg", "price": 59.99, "numReviews": 2, "groups": [83], "averageRating": 3.0}, {"asin": "B004LBD3XA", "name": "Softech- Natural Light LED Multi-function Desk Lamp Black", "imUrl": "http://ecx.images-amazon.com/images/I/41mm60ZXh5L._SX342_.jpg", "price": 89.99, "numReviews": 130, "groups": [103], "averageRating": 4.484615384615385}, {"asin": "B00AIBELYM", "name": "Ottlite High Definition 13W Craft Caddy Lamp", "imUrl": "http://ecx.images-amazon.com/images/I/41ei56yFDdL._SY300_.jpg", "price": 50.99, "numReviews": 17, "groups": [104], "averageRating": 4.352941176470588, "salesRankCategory": "Arts, Crafts & Sewing", "salesRank": 28671}, {"asin": "B003YMLLBS", "name": "OttLite 490G59 LED Mini Flip Lite in Black", "imUrl": "http://ecx.images-amazon.com/images/I/41IXBg9b23L._SX300_.jpg", "price": 4.99, "numReviews": 28, "groups": [105], "averageRating": 3.6785714285714284, "brand": "OttLite"}, {"asin": "B004EKH9WY", "name": "House of Troy DSK430-MB Shelburne Collection 13-3/4-Inch Portable Desk Lamp, Oil Rubbed Bronze and Marble with Amber Glass Shade", "imUrl": "http://ecx.images-amazon.com/images/I/31YQx8Q73oL._SY300_.jpg", "price": 255.2, "numReviews": 2, "groups": [106], "averageRating": 5.0}, {"asin": "B005OUK6P0", "name": "Bulbrite LED/SYMPLE/B Symple LED Desk Lamp with Smooth Touch Dimmer, Black", "imUrl": "http://ecx.images-amazon.com/images/I/31GtAVUKIRL._SY300_.jpg", "price": 69.6, "numReviews": 4, "groups": [107], "averageRating": 3.75}, {"asin": "B0077IRS4Y", "name": "PRISM TL-7000BK Multi-Function LED Desk Lamp with Anti-Glaring Filter, Black", "imUrl": "http://ecx.images-amazon.com/images/I/31a16dlKSrL._SY300_.jpg", "price": 107.65, "numReviews": 10, "groups": [108], "averageRating": 4.1}, {"asin": "B008AYY25W", "name": "Candy Colored Rechargeable LED Desk Lamp- with plug and USB option", "imUrl": "http://ecx.images-amazon.com/images/I/21w-C2qZBwL._SX342_.jpg", "price": 30.99, "numReviews": 57, "groups": [109], "averageRating": 4.0701754385964914}, {"asin": "B005ZW85KA", "name": "Koncept AR3000-C-SIL-DSK Z-Bar LED Desk Lamp, Cool Light, Silver", "imUrl": "http://ecx.images-amazon.com/images/I/31dLgE4rFOL._SX342_.jpg", "price": 297.0, "numReviews": 6, "groups": [110], "averageRating": 5.0, "brand": "Koncept", "salesRankCategory": "Industrial & Scientific", "salesRank": 24484}, {"asin": "B00137NN8A", "name": "Normande Brushed Steel Halogen Desk Lamp (Not CA Compliant)", "imUrl": "http://ecx.images-amazon.com/images/I/31WtqbokIJL._SX342_.jpg", "price": 61.99, "numReviews": 102, "groups": [111], "averageRating": 3.7058823529411766, "brand": "Normande"}, {"asin": "B002GUUIHC", "name": "Satco Products SF77/538 Goose Neck Desk Lamp, White", "imUrl": "http://ecx.images-amazon.com/images/I/41ShDN98FaL._SY300_.jpg", "price": 13.69, "numReviews": 1, "groups": [112], "averageRating": 5.0, "brand": "Satco"}, {"asin": "B0069IIAEK", "name": "Kenroy Home 32174CH Bently LED Desk Lamp", "imUrl": "http://ecx.images-amazon.com/images/I/31dQLKty2RL._SX342_.jpg", "price": 86.64, "numReviews": 4, "groups": [113], "averageRating": 3.75, "brand": "Kenroy Home"}, {"asin": "B007791EPW", "name": "ETI 540098 9-Watt LED Desk Lamp, Black", "imUrl": "http://ecx.images-amazon.com/images/I/31j8RXz4vyL._SY300_.jpg", "price": 30.99, "numReviews": 8, "groups": [114], "averageRating": 3.75}, {"asin": "B0077IRVPU", "name": "PRISM TL-8100GR Dimmable LED Desk Lamp with Anti-Glaring Filter, Grey", "imUrl": "http://ecx.images-amazon.com/images/I/31558YKmhwL._SY300_.jpg", "price": 98.3, "numReviews": 18, "groups": [115], "averageRating": 4.333333333333333}, {"asin": "B001GZIR5I", "name": "Lite Source LS-3356SS Megalite Desk Lamp with 2 Data Ports And 2 Electric Outlets, Satin Steel", "imUrl": "http://ecx.images-amazon.com/images/I/31wqF6IH%2BbL._SY445_.jpg", "price": 189.0, "numReviews": 1, "groups": [116], "averageRating": 5.0, "brand": "Lite Source"}, {"asin": "B003Z6PK74", "name": "Satco Products 60/800 Goose Neck Desk Lamp, White", "imUrl": "http://ecx.images-amazon.com/images/I/311uSHeKR1L._SY300_.jpg", "price": 26.91, "numReviews": 2, "groups": [117], "averageRating": 3.0, "brand": "Satco"}, {"asin": "B005K4791E", "name": "TEANRE Low-Power 5W LED Desk Lamp/ Reading Lamp SL-606, Gray, LED Tube Included, Adjustable Head", "imUrl": "http://ecx.images-amazon.com/images/I/41m05qhHNHL._SX300_.jpg", "price": 30.99, "numReviews": 4, "groups": [118], "averageRating": 3.75}, {"asin": "B00CHFZWH2", "name": "Lightbeam 1350 by Lumiy / Diasonic - Midnight Black - Ultra Bright LED Desk Light Table Lamp with Captive Touch Controls for Brightness and Color Temperature, Timer", "imUrl": "http://ecx.images-amazon.com/images/I/41jAX4bsnhL._SX342_.jpg", "price": 89.95, "numReviews": 5, "groups": [119], "averageRating": 4.6}, {"asin": "B00J5DZJJU", "name": "Daffodil LEC250 Led Light (Black) - Desk Lamp - Office Work Light with Dimmer for Adjustable Brightness", "imUrl": "http://ecx.images-amazon.com/images/I/31RBjqIsh0L._SX342_.jpg", "price": 18.99, "numReviews": 6, "groups": [120], "averageRating": 4.5}, {"asin": "B004EUK1F6", "name": "Lite Source LSF-105BLU Swing-Arm Lamp, Blue", "imUrl": "http://ecx.images-amazon.com/images/I/31RaScE9ZsL._SY300_.jpg", "price": 26.64, "numReviews": 1, "groups": [121], "averageRating": 5.0}, {"asin": "B005ZVP7UM", "name": "Koncept AR3000-C-MBK-DSK Z-Bar LED Desk Lamp, Cool Light, Metallic Black", "imUrl": "http://ecx.images-amazon.com/images/I/414PtlNegTL._SX342_.jpg", "price": 297.0, "numReviews": 19, "groups": [122], "averageRating": 4.315789473684211, "brand": "Koncept", "salesRankCategory": "Industrial & Scientific", "salesRank": 8499}, {"asin": "B00DJVMBIQ", "name": "House of Troy AP10-21-7 Advent 1LT Piano Lamp, Black Finish", "imUrl": "http://ecx.images-amazon.com/images/I/41JlX6Rp6zL._SX300_.jpg", "price": 144.0, "numReviews": 2, "groups": [123], "averageRating": 4.5}, {"asin": "B00F1G8H76", "name": "Dawningview Swing Arm Studio Desk Lamp", "imUrl": "http://ecx.images-amazon.com/images/I/31AFDTrrP2L._SX342_.jpg", "price": 26.64, "numReviews": 1, "groups": [124], "averageRating": 5.0}, {"asin": "B000H834VC", "name": "Kichler Lighting 70407 Clayton 14.5-Inch Portable Desk Lamp, Bronze with Beige Marble Swirl Glass", "imUrl": "http://ecx.images-amazon.com/images/I/31vsIa949gL._SX342_.jpg", "price": 98.0, "numReviews": 17, "groups": [125], "averageRating": 4.235294117647059}, {"asin": "B001602AJM", "name": "Ledu L557BR Traditional Banker's Lamp, 14 High, Green Glass Shade, Brass Base", "imUrl": "http://ecx.images-amazon.com/images/I/41hwjhtgZ0L._SY300_.jpg", "price": 38.65, "numReviews": 56, "groups": [126], "averageRating": 4.125, "brand": "Ledu"}, {"asin": "B003Z6PKPQ", "name": "Satco Products 60/844 Goose Neck Desk Lamp, Black, Small", "imUrl": "http://ecx.images-amazon.com/images/I/31P1lquOOVL._SY300_.jpg", "price": 21.51, "numReviews": 3, "groups": [127], "averageRating": 4.0, "brand": "Satco"}, {"asin": "B00L6PWMN6", "name": "JEBSENS - Z6 Daylight White Professional Architect Swing / Adjustable Arm, 3 Level Dimming Touch Control, Giant Eye-care 12W LED Desk Lamp (5000k Natural White, Best for Office, Home Office, Art Workshop, Showrooms, Bookstores, Reading, etc.)", "imUrl": "http://ecx.images-amazon.com/images/I/31%2BtFMLVKKL._SX342_.jpg", "price": 159.99, "numReviews": 3, "groups": [128], "averageRating": 4.666666666666667}, {"asin": "B000F97B3K", "name": "Verilux Original Natural Spectrum Deluxe Desk Lamp, Ivory", "imUrl": "http://ecx.images-amazon.com/images/I/31dVgm0N9QL._SY300_.jpg", "price": 59.95, "numReviews": 132, "groups": [129], "averageRating": 3.606060606060606, "brand": "Verilux", "salesRankCategory": "Health & Personal Care", "salesRank": 22389}, {"asin": "B007M5N198", "name": "PRISM TL-8200WH Multi-Function Kelvin Changing LED Desk Lamp with Anti-Glaring Filter, White", "imUrl": "http://ecx.images-amazon.com/images/I/315RghM25VL._SX300_.jpg", "price": 104.37, "numReviews": 2, "groups": [130], "averageRating": 4.0}, {"asin": "B00AO6GJEG", "name": "eHealthSource Sunlight Desk Lamp/ Table Lamp | Gray", "imUrl": "http://ecx.images-amazon.com/images/I/31XzNb4aXDL._SX342_.jpg", "price": 39.95, "numReviews": 15, "groups": [131], "averageRating": 4.333333333333333}, {"asin": "B003UFEV3Y", "name": "Lite Source LS-21565PS Led Clamp-On Lamp, Polished Steel", "imUrl": "http://ecx.images-amazon.com/images/I/31LiZY19TdL._SY445_.jpg", "price": 104.0, "numReviews": 1, "groups": [132], "averageRating": 2.0, "brand": "Lite Source"}, {"asin": "B001QFLAPC", "name": "Full Spectrum Cantilever Post Desk Lamp, 26\", Brushed Steel Table Lamp", "imUrl": "http://ecx.images-amazon.com/images/I/31ukue0HfKL._SY300_.jpg", "price": 49.69, "numReviews": 3, "groups": [133], "averageRating": 4.0}, {"asin": "B00BV0OL80", "name": "Softech - Natural Light Smart LED Desk Lamp with Tilting Head -Black", "imUrl": "http://ecx.images-amazon.com/images/I/31iHfUTPYzL._SX342_.jpg", "price": 99.99, "numReviews": 41, "groups": [134], "averageRating": 4.7073170731707314}, {"asin": "B00137JWG2", "name": "Normande Organizer Desk Lamp, Black (Not CA Compliant)", "imUrl": "http://ecx.images-amazon.com/images/I/314r%2BqmAIwL._SY445_.jpg", "price": 29.99, "numReviews": 10, "groups": [135], "averageRating": 2.7}, {"asin": "B001TQ8CGI", "name": "Ledu L557BR - Traditional Incandescent Banker's Lamp, Green Glass Shade, Brass Base, 14 Inches", "imUrl": "http://ecx.images-amazon.com/images/I/41EXqMHxeSL._SY300_.jpg", "price": 35.47, "numReviews": 9, "groups": [136], "averageRating": 4.555555555555555, "brand": "Ledu"}, {"asin": "B002ZKDUVE", "name": "Boston Harbor Architect Swing Arm Desk Lamp, Black", "imUrl": "http://ecx.images-amazon.com/images/I/31rQxBjkJ4L._SX342_.jpg", "price": 22.38, "numReviews": 286, "groups": [74], "averageRating": 4.216783216783217, "brand": "Boston Harbor"}, {"asin": "B008MH9RC0", "name": "12-16\"-height LED Piano Lamp - Black/Brass Accents", "imUrl": "http://ecx.images-amazon.com/images/I/311fmKLzfDL._SX342_.jpg", "price": 227.0, "numReviews": 10, "groups": [137], "averageRating": 4.2}, {"asin": "B00D2OS2N8", "name": "ALLPOWERS\u00ae Portable Rechargeable LED Lamp Light Bulb 28-LED Book Reading Light Dimmable Foldable Desktop LED Lamp Lights for Use at Home, Bedroom and Office", "imUrl": "http://ecx.images-amazon.com/images/I/51zuuH78WZL._SX342_.jpg", "price": 19.99, "numReviews": 20, "groups": [138], "averageRating": 4.3}, {"asin": "B00JM4K68G", "name": "Design-Pie USB-Powered Negative Oxygen Ion LED Twig Desk Lamp Touch Lamp 4.5 Watt, Nature White, Your Desktop Natural Oxygen Bar", "imUrl": "http://ecx.images-amazon.com/images/I/51EGajHpfjL._SX342_.jpg", "price": 29.99, "numReviews": 1, "groups": [139], "averageRating": 5.0}, {"asin": "B004QP67ZM", "name": "SE FL89012L 12 LED Table Lamp", "imUrl": "http://ecx.images-amazon.com/images/I/41ZfXcOobvL._SY300_.jpg", "price": 5.46, "numReviews": 106, "groups": [140], "averageRating": 3.9056603773584904, "brand": "SE"}, {"asin": "B005Q3YZMU", "name": "Globe Electric 5616001 Energy Star Swing Arm Clip Lamp, Black", "imUrl": "http://ecx.images-amazon.com/images/I/31RavWgTNIL._SY300_.jpg", "price": 26.64, "numReviews": 2, "groups": [141], "averageRating": 3.5}, {"asin": "B0077IRW7W", "name": "PRISM TL-8100WH Dimmable LED Desk Lamp with Anti-Glaring Filter, White", "imUrl": "http://ecx.images-amazon.com/images/I/31EpVI8qrDL._SY300_.jpg", "price": 67.65, "numReviews": 5, "groups": [142], "averageRating": 3.8}, {"asin": "B001LQZC00", "name": "Royal Machines USB Lamp L1 with Plug in Power from USB Port, Silver", "imUrl": "http://ecx.images-amazon.com/images/I/31q6DhC4S7L._SX300_.jpg", "price": 5.09, "numReviews": 3, "groups": [143], "averageRating": 4.333333333333333, "brand": "Royal"}, {"asin": "B000FONL48", "name": "Lite Source LS-248MAH Mosaics Adjustable Mini Desk Lamp, Mahogany", "imUrl": "http://ecx.images-amazon.com/images/I/31ETONeolFL._SX342_.jpg", "price": 20.99, "numReviews": 2, "groups": [144], "averageRating": 3.5}, {"asin": "B000P0OIOY", "name": "House Of Troy AP10-20-7 Advent Collection 11-1/2-Inch Gooseneck Portable Piano/Desk Lamp, Black", "imUrl": "http://ecx.images-amazon.com/images/I/31nxg9ydj0L._SX300_.jpg", "price": 106.0, "numReviews": 4, "groups": [145], "averageRating": 5.0}, {"asin": "B00857RA26", "name": "Park Madison Lighting PMD-4614-16 16-1/4-Inch Tall Incandescent Desk Lamp with Fully Adjustable Gooseneck Column, Satin Nickel Finish", "imUrl": "http://ecx.images-amazon.com/images/I/31JWhngGywL._SY300_.jpg", "price": 24.99, "numReviews": 1, "groups": [146], "averageRating": 4.0}, {"asin": "B00065ZK6S", "name": "Grandrich FD-206 ST 60-Watt Swing-Arm 14-Inch Desk Lamp", "imUrl": "http://ecx.images-amazon.com/images/I/31CPyNO4q6L._SY300_.jpg", "price": 24.2, "numReviews": 12, "groups": [147], "averageRating": 3.8333333333333335}, {"asin": "B005D4UX5U", "name": "Softech-LED Multi-Function/iPod & iPhone Desk Lamp - WHITE", "imUrl": "http://ecx.images-amazon.com/images/I/31HOWsr8cBL._SY445_.jpg", "price": 119.99, "numReviews": 7, "groups": [148], "averageRating": 3.5714285714285716}, {"asin": "B00ARKBC2I", "name": "Prism TLC-4300GR Multi-Function LED Desk Lamp with Anti-Glaring Filter , Gray", "imUrl": "http://ecx.images-amazon.com/images/I/31NjloToYcL._SY300_.jpg", "price": 98.3, "numReviews": 4, "groups": [149], "averageRating": 4.75}, {"asin": "B004MHG5RY", "name": "Illuminada 17341-000 14-Inch Flexible Gooseneck Desk Lamp, Black", "imUrl": "http://ecx.images-amazon.com/images/I/31VZGI2qpqL._SY300_.jpg", "price": 12.99, "numReviews": 4, "groups": [150], "averageRating": 3.25}, {"asin": "B005D24XCG", "name": "Natural Daylight LED Desk Lamp - Energy Saving Solution", "imUrl": "http://ecx.images-amazon.com/images/I/41-YBbTOnAL._SY445_.jpg", "price": 44.95, "numReviews": 47, "groups": [151], "averageRating": 3.5319148936170213}, {"asin": "B001BZDTZG", "name": "Lite Source LS-20247BLK Timely Clock Desk Lamp, Black", "imUrl": "http://ecx.images-amazon.com/images/I/31omgubuIZL._SY445_.jpg", "price": 39.0, "numReviews": 1, "groups": [152], "averageRating": 4.0, "brand": "Lite Source"}, {"asin": "B003BD1HKA", "name": "Feit Electric Compact Fluorescent Desk Lamps 2-Pack, BLACK", "imUrl": "http://ecx.images-amazon.com/images/I/41MOsjA-h-L._SX342_.jpg", "price": 32.95, "numReviews": 7, "groups": [153], "averageRating": 4.0}, {"asin": "B000HF4FJA", "name": "Alvin FD206ST Architect Desk Lamp , Satin Steel Finish", "imUrl": "http://ecx.images-amazon.com/images/I/31Yh-aWLT5L._SY300_.jpg", "price": 43.04, "numReviews": 1, "groups": [154], "averageRating": 2.0, "brand": "Alvin"}, {"asin": "B003Z6PKRO", "name": "Satco Products 60/862 Small Goose Neck Desk Lamp, Brushed Nickel", "imUrl": "http://ecx.images-amazon.com/images/I/317Q-Ic30RL._SY300_.jpg", "price": 25.46, "numReviews": 1, "groups": [155], "averageRating": 5.0, "brand": "Satco"}, {"asin": "B009GN31JY", "name": "Home Design, 14 Inch Tall, Super Bright LED Clip-on Lamp (Silver)", "imUrl": "http://ecx.images-amazon.com/images/I/313js8qhiLL._SX342_.jpg", "price": 24.95, "numReviews": 155, "groups": [156], "averageRating": 4.380645161290323}, {"asin": "B00AF67LG0", "name": "Trademark Home 72-0925S Sunlight Desk Lamp, Silver", "imUrl": "http://ecx.images-amazon.com/images/I/41BpBDOt8RL._SY300_.jpg", "price": 45.51, "numReviews": 30, "groups": [157], "averageRating": 3.7666666666666666, "brand": "Trademark"}, {"asin": "B004EWGAS6", "name": "House Of Troy P10-192-617 Portable Piano/Desk Lamp, Polished Brass with Black", "imUrl": "http://ecx.images-amazon.com/images/I/311NwuGG96L._SX300_.jpg", "price": 286.0, "numReviews": 7, "groups": [158], "averageRating": 4.142857142857143}, {"asin": "B00768SS8K", "name": "Cocoweb Piano Lamp 19\" LED Piano Lamp, Black w/Brass Accent", "imUrl": "http://ecx.images-amazon.com/images/I/31y8WxREBFL._SX342_.jpg", "price": 188.0, "numReviews": 31, "groups": [41], "averageRating": 4.645161290322581}, {"asin": "B00C41ZCTM", "name": "Ikea Black Jansjo Desk Work Led Lamp Light (2 Pack)", "imUrl": "http://ecx.images-amazon.com/images/I/41SwjJMUB0L._SX342_.jpg", "price": 41.99, "numReviews": 2, "groups": [159], "averageRating": 3.5, "brand": "Ikea"}, {"asin": "B006ETIGEI", "name": "Nuvo 60/821  Goose Neck Desk Lamp, Small, Metallic Red", "imUrl": "http://ecx.images-amazon.com/images/I/41awnkf2QlL._SY300_.jpg", "price": 25.11, "numReviews": 1, "groups": [160], "averageRating": 4.0, "brand": "Nuvo"}, {"asin": "B007XQOUSC", "name": "Globe Electric 52251 Halogen Adjustable Desk Lamp, Matte Black Finish", "imUrl": "http://ecx.images-amazon.com/images/I/31zJgBQz2fL._SY300_.jpg", "price": 19.99, "numReviews": 20, "groups": [161], "averageRating": 3.35}, {"asin": "B0046ZRF7G", "name": "Bulbrite LED/STRYDE/SV Stryde LED Desk Lamp, Silver", "imUrl": "http://ecx.images-amazon.com/images/I/31x%2BKfxecmL._SY300_.jpg", "price": 113.89, "numReviews": 7, "groups": [162], "averageRating": 3.4285714285714284}, {"asin": "B005UN8MR0", "name": "Bronze Finish Piano Desk Lamp", "imUrl": "http://ecx.images-amazon.com/images/I/41M4YmN3x0L._SY445_.jpg", "price": 69.99, "numReviews": 5, "groups": [163], "averageRating": 3.4}, {"asin": "B00DRG8268", "name": "Aglow Clip Lamp - Blue", "imUrl": "http://ecx.images-amazon.com/images/I/2183ZihnYCL.jpg", "price": 13.77, "numReviews": 1, "groups": [164], "averageRating": 1.0}, {"asin": "B00GX37IXK", "name": "Sunthin 6W LED Table Light, Natural Light LED Desk Lamp, 5- Level Brightness Control, Touch Sensitive Control Panel, USB Charging Port for Mobile Devices, with Night Light Function (Pink)", "imUrl": "http://ecx.images-amazon.com/images/I/31UyFQOjj%2BL._SY300_.jpg", "price": 39.99, "numReviews": 5, "groups": [165], "averageRating": 4.4}, {"asin": "B003Z6PK92", "name": "Satco Products 60/803 Goose Neck Desk Lamp, Black", "imUrl": "http://ecx.images-amazon.com/images/I/31v8hejsSxL._SY300_.jpg", "price": 26.91, "numReviews": 1, "groups": [166], "averageRating": 5.0, "brand": "Satco"}, {"asin": "B00GIZB3M0", "name": "SmartLight Curve Desk Lamp - White", "imUrl": "http://ecx.images-amazon.com/images/I/212fOo5jyyL._SX342_.jpg", "price": 34.75, "numReviews": 2, "groups": [167], "averageRating": 5.0}, {"asin": "B00IPCD6VU", "name": "Dp 5-level Dimmable Touch Switch Folding LED Desk Lamp 48 LED Lamp Beads Dimmable LED Desk Lamp (White, 5 Lighting Modes) 5-level Dimmer Touch-sensitive Control Panel, 4.8 Watt, 180 Degree adjust in the Vertical Panel", "imUrl": "http://ecx.images-amazon.com/images/I/415MIQGr-CL._SX342_.jpg", "price": 20.99, "numReviews": 3, "groups": [168], "averageRating": 3.0}, {"asin": "B000Y52D24", "name": "EasyEye Energy Saving Oval Shaped Desk Lamp, Gray", "imUrl": "http://ecx.images-amazon.com/images/I/31CQdhRgqdL._SX342_.jpg", "price": 55.24, "numReviews": 4, "groups": [169], "averageRating": 4.75, "brand": "EasyEye"}, {"asin": "B004I57902", "name": "Ikea Lagra Work Lamp", "imUrl": "http://ecx.images-amazon.com/images/I/31aVWZN-TBL._SX342_.jpg", "price": 4.75, "numReviews": 13, "groups": [170], "averageRating": 2.6153846153846154, "brand": "Ikea"}, {"asin": "B00CZE0JKA", "name": "LumiSource LS-LED-GRIPP W LED Lamp, White", "imUrl": "http://ecx.images-amazon.com/images/I/21yDledNNNL._SY300_.jpg", "price": 36.0, "numReviews": 1, "groups": [171], "averageRating": 1.0, "brand": "LumiSource"}, {"asin": "B002VL04L6", "name": "Catalina 40-Watt Halogen Bulb Task Lamp", "imUrl": "http://ecx.images-amazon.com/images/I/31skRI1x5vL._SX342_.jpg", "price": 30.99, "numReviews": 6, "groups": [172], "averageRating": 3.1666666666666665}, {"asin": "B0044FTTWM", "name": "Living Accents Mini Clip-On Lamp", "imUrl": "http://ecx.images-amazon.com/images/I/415yp0F0cWL._SX342_.jpg", "price": 7.37, "numReviews": 1, "groups": [173], "averageRating": 1.0}, {"asin": "B005BGO7TI", "name": "OttLite Task Lamp, Pink", "imUrl": "http://ecx.images-amazon.com/images/I/41Ad%2Bo-YfNL._SY300_.jpg", "price": 46.99, "numReviews": 10, "groups": [27], "averageRating": 4.7, "brand": "OttLite"}, {"asin": "B00G00H41M", "name": "Daffodil LEC200 - USB Keyboard Light - Desk Lamp with 22 LED Bulbs - Dimmable Reading Table Light (Blue)", "imUrl": "http://ecx.images-amazon.com/images/I/318E1J2jMbL._SY300_.jpg", "price": 12.99, "numReviews": 30, "groups": [174], "averageRating": 4.2, "salesRankCategory": "Home Improvement", "salesRank": 127710}, {"asin": "B0013Q001Y", "name": "iHome iHL20 Colortunes Speaker Lamp for iPod (White)", "imUrl": "http://ecx.images-amazon.com/images/I/31yfhE9Sx0L._SY300_.jpg", "price": 59.95, "numReviews": 3, "groups": [175], "averageRating": 2.6666666666666665, "brand": "iHome"}, {"asin": "B004K3L7HI", "name": "GreenLite Energy Saving Desk Lamp", "imUrl": "http://ecx.images-amazon.com/images/I/410Mou6QG-L._SY445_.jpg", "price": 32.95, "numReviews": 13, "groups": [176], "averageRating": 3.5384615384615383}, {"asin": "B005D4P2ZG", "name": "Softech-LED Multi-Function/iPod & iPhone Desk Lamp-BLACK", "imUrl": "http://ecx.images-amazon.com/images/I/31jaKzc6CEL._SY445_.jpg", "price": 109.99, "numReviews": 10, "groups": [177], "averageRating": 4.3}, {"asin": "B0080Y2K3S", "name": "Sewing Machine gooseneck Lamp + 6V light bulb, with 21\" Bendable gooseneck (no plug)", "imUrl": "http://ecx.images-amazon.com/images/I/31M1mGw-buL.jpg", "price": 14.5, "numReviews": 1, "groups": [178], "averageRating": 5.0}, {"asin": "B000JU6BL8", "name": "Kichler Lighting 70383 Westwood at Work Portable Adjustable 22-Inch Desk Lamp, Antique Brass with Metal Shade", "imUrl": "http://ecx.images-amazon.com/images/I/41btEbL9q3L._SX342_.jpg", "price": 118.0, "numReviews": 3, "groups": [179], "averageRating": 3.0, "brand": "Kichler Lighting"}, {"asin": "B000RSMD5K", "name": "Multi-Purpose Clip-On Light, Assorted Colors", "imUrl": "http://ecx.images-amazon.com/images/I/417KFNinrkL._SX342_.jpg", "price": 4.96, "numReviews": 7, "groups": [180], "averageRating": 3.7142857142857144}, {"asin": "B0029ZBKXK", "name": "Normande Lighting 12W Daylight Desk Lamp w/ Magnifier. 17.5\" in Height with White Painted Finish", "imUrl": "http://ecx.images-amazon.com/images/I/31j4gYv2xUL._SX342_.jpg", "price": 29.99, "numReviews": 45, "groups": [181], "averageRating": 3.9555555555555557}, {"asin": "B009GMWWMM", "name": "Home Design, 14 Inch Tall, Super Bright LED Desk Lamp", "imUrl": "http://ecx.images-amazon.com/images/I/31M1O7m8DRL._SX342_.jpg", "price": 24.95, "numReviews": 60, "groups": [182], "averageRating": 4.2}, {"asin": "B002O40HQ2", "name": "Student/artist Adjustable Clip on Light. Back to School Light (Black)", "imUrl": "http://ecx.images-amazon.com/images/I/41dAJkI3YuL._SY300_.jpg", "price": 12.49, "numReviews": 59, "groups": [183], "averageRating": 3.8813559322033897}, {"asin": "B0075OF1XA", "name": "Tensor Halogen Desk Lamp", "imUrl": "http://ecx.images-amazon.com/images/I/31%2BPAXL-KZL._SY445_.jpg", "price": 30.9, "numReviews": 2, "groups": [184], "averageRating": 3.5}, {"asin": "B0046ZRF6C", "name": "Bulbrite Swytch LED Desk Lamp, Wine", "imUrl": "http://ecx.images-amazon.com/images/I/31QizNbuNwL._SY300_.jpg", "price": 88.66, "numReviews": 8, "groups": [185], "averageRating": 4.625, "brand": "Bulbrite"}, {"asin": "B001TWQGT2", "name": "Satco Products 60/836 Clip on Goose Neck Lamp, Black", "imUrl": "http://ecx.images-amazon.com/images/I/31xBoYqhPzL._SY300_.jpg", "price": 18.94, "numReviews": 2, "groups": [186], "averageRating": 4.5, "brand": "Satco"}, {"asin": "B005KWH100", "name": "Solare Flex Gooseneck LED Desk Lamp", "imUrl": "http://ecx.images-amazon.com/images/I/313HynFigjL._SX342_.jpg", "price": 196.0, "numReviews": 1, "groups": [187], "averageRating": 5.0}, {"asin": "B00BZAB09O", "name": "Planet Light SmartLight", "imUrl": "http://ecx.images-amazon.com/images/I/31yPjXd0QUL._SY445_.jpg", "price": 69.44, "numReviews": 1, "groups": [188], "averageRating": 4.0}, {"asin": "B000V544I8", "name": "Nuvo 60/822  Goose Neck Desk Lamp, Large, Metallic Red", "imUrl": "http://ecx.images-amazon.com/images/I/312xgFb%2BpML._SY300_.jpg", "price": 26.91, "numReviews": 1, "groups": [160], "averageRating": 5.0, "brand": "Nuvo"}, {"asin": "B000VR76PO", "name": "iHome Desk Lamp with iPod/MP3 Dock, Pink", "imUrl": "http://ecx.images-amazon.com/images/I/41uPjYGaEfL._SY445_.jpg", "price": 39.99, "numReviews": 3, "groups": [189], "averageRating": 2.3333333333333335, "brand": "iHome"}, {"asin": "B00AY64H0E", "name": "Satechi Smart LED Desk Lamp with Touch Control Dimmable Lighting, 1 Hour Off Timer & Smart Phone Charging Port (Black)", "imUrl": "http://ecx.images-amazon.com/images/I/31zXEkU-33L._SX342_.jpg", "price": 99.99, "numReviews": 134, "groups": [190], "averageRating": 4.649253731343284}, {"asin": "B0041I8Y3W", "name": "Architects Halogen Desk Lamp", "imUrl": "http://ecx.images-amazon.com/images/I/21HdKU0fHgL._SY300_.jpg", "price": 110.0, "numReviews": 1, "groups": [191], "averageRating": 4.0}, {"asin": "B008MHAAPI", "name": "Cocoweb 16\" Height 19\" Shade LED Console Wood Color Piano Lamp", "imUrl": "http://ecx.images-amazon.com/images/I/41S7KMOQsqL._SX342_.jpg", "price": 235.0, "numReviews": 1, "groups": [192], "averageRating": 5.0, "brand": "Cocoweb"}, {"asin": "B00A6GJK6I", "name": "Home Design Antique Bronze Pivot Desk Lamp with Frosted White Glass Shade", "imUrl": "http://ecx.images-amazon.com/images/I/31IRnW3HrFL._SX342_.jpg", "price": 32.08, "numReviews": 88, "groups": [193], "averageRating": 4.1477272727272725}, {"asin": "B00027C6LM", "name": "Tensor(R) Full-Spectrum Desk Lamp, Brushed Steel", "imUrl": "http://ecx.images-amazon.com/images/I/11KYFBVZ39L.jpg", "price": 7.5, "numReviews": 5, "groups": [194], "averageRating": 3.0}, {"asin": "B008BHFJGY", "name": "CAL LIGHTING BO-2310DK  60-watt Mica/Tiffany Desk Lamp", "imUrl": "http://ecx.images-amazon.com/images/I/41%2Br5vZVxFL._SY300_.jpg", "price": 167.2, "numReviews": 2, "groups": [195], "averageRating": 2.5}, {"asin": "B00DRKFZG4", "name": "Aglow Clip Lamp - Clear", "imUrl": "http://ecx.images-amazon.com/images/I/313qCmWZ3ZL.jpg", "price": 13.77, "numReviews": 1, "groups": [196], "averageRating": 3.0}, {"asin": "B00I9M4BVA", "name": "Satechi Flexible LED Desk Lamp (Silver)", "imUrl": "http://ecx.images-amazon.com/images/I/31jMOD8oZyL._SY300_.jpg", "price": 59.99, "numReviews": 19, "groups": [197], "averageRating": 4.684210526315789}, {"asin": "B0006NNIE6", "name": "Clamp Mount Swing Arm Desk Lamps", "imUrl": "http://ecx.images-amazon.com/images/I/412NxdqubaL._SX342_.jpg", "price": 21.93, "numReviews": 2, "groups": [198], "averageRating": 3.0}, {"asin": "B00578PX4S", "name": "Z-Bar High Power LED Desk Lamp with Warm Light in Red", "imUrl": "http://ecx.images-amazon.com/images/I/41ZoS%2BiIl8L._SX342_.jpg", "price": 69.99, "numReviews": 11, "groups": [199], "averageRating": 3.6363636363636362}, {"asin": "B001AWGKSS", "name": "UltraLux 13 Watt Portable Full Spectrum Task and Reading Lamp, Black", "imUrl": "http://ecx.images-amazon.com/images/I/31W5nSdXKzL.jpg", "price": 39.0, "numReviews": 1, "groups": [200], "averageRating": 5.0}, {"asin": "B007F7UBJG", "name": "Globe Electric 56352 16-Inch 60-Watt Output Natural Full Spectrum Sun Light Lamp, Simulates Daylight and Includes Bulb", "imUrl": "http://ecx.images-amazon.com/images/I/31t3glW-RFL._SY300_.jpg", "price": 59.96, "numReviews": 6, "groups": [201], "averageRating": 3.5, "brand": "Globe Electric"}, {"asin": "B00A3UR924", "name": "Gooseneck Machine Light", "imUrl": "http://ecx.images-amazon.com/images/I/21SAZDyBAXL._SX300_.jpg", "price": 13.5, "numReviews": 3, "groups": [202], "averageRating": 5.0, "salesRankCategory": "Home & Kitchen", "salesRank": 335768}, {"asin": "B003Z6PKAQ", "name": "Satco Products 60/808 Goose Neck Desk Lamp, Brushed Nickel", "imUrl": "http://ecx.images-amazon.com/images/I/3167dgCH9kL._SY300_.jpg", "price": 20.3, "numReviews": 5, "groups": [203], "averageRating": 3.8, "brand": "Satco"}, {"asin": "B0029ZBKYE", "name": "Normande Lighting LED Foldable Desk Lamp. 10.25\" in Height with Black Painted Finish", "imUrl": "http://ecx.images-amazon.com/images/I/31RjtbhrJUL._SY445_.jpg", "price": 32.73, "numReviews": 3, "groups": [204], "averageRating": 2.3333333333333335, "brand": "Normande Lighting"}, {"asin": "B005KKDRSW", "name": "SuperBright 75-LIGHT02 Table Top Foldable Desk Lamp", "imUrl": "http://ecx.images-amazon.com/images/I/31%2BxsgHBviL._SY300_.jpg", "price": 29.33, "numReviews": 5, "groups": [205], "averageRating": 1.8}, {"asin": "B006QXO2GI", "name": "Planet Light Energy Saving Natural Spectrum Desk Lamp, Ivory", "imUrl": "http://ecx.images-amazon.com/images/I/41x%2BhjvQ%2BJL._SY445_.jpg", "price": 45.21, "numReviews": 3, "groups": [206], "averageRating": 4.0}, {"asin": "B00BX8RR2M", "name": "Saicoo High-quality Eye-protection Dimmable LED Desk Lamp with multi-angle rotary design, 5 color temperature and 5 brightness modes selected with Color Rendering Index light of 90+(CRI)--UL Certification - Black", "imUrl": "http://ecx.images-amazon.com/images/I/310DajhYo0L._SY300_.jpg", "price": 69.99, "numReviews": 7, "groups": [207], "averageRating": 4.285714285714286}, {"asin": "B0002PXA6Y", "name": "House of Troy DSK428-G61 Shelburne Collection 13-3/4-Inch Portable Desk Lamp, Polished Brass with Green Glass Shade", "imUrl": "http://ecx.images-amazon.com/images/I/41tCr4QGZfL._SY300_.jpg", "price": 255.2, "numReviews": 2, "groups": [208], "averageRating": 2.0}, {"asin": "B0028LFOCS", "name": "IceLight High Power LED Desk Lamp (Daylight) in Metallic Black", "imUrl": "http://ecx.images-amazon.com/images/I/314F3lmxHdL._SX342_.jpg", "price": 269.0, "numReviews": 1, "groups": [209], "averageRating": 4.0}, {"asin": "B0051T1SJC", "name": "Daffodil ULT300 USB Light - Reading Lamp with 28 Bright LED Bulbs, Flexible Gooseneck and Desk Clamp / Plugs into Your PC or Mac's USB Port to Light-up its Keyboard and Screen. No Batteries Needed", "imUrl": "http://ecx.images-amazon.com/images/I/41CC7MKtdML._SY300_.jpg", "price": 12.95, "numReviews": 147, "groups": [210], "averageRating": 4.340136054421769}, {"asin": "B008MX7Z32", "name": "Lighting EVER\u00ae Portable LED Desk Lamp, Super Bright Samsung LED, 4 Brightness Level, Rechargeable, Reading Lamp, Book Light", "imUrl": "http://ecx.images-amazon.com/images/I/31GxLWiJjGL._SX342_.jpg", "price": 24.99, "numReviews": 21, "groups": [211], "averageRating": 3.2857142857142856}, {"asin": "B00193Z30O", "name": "Clip-On Lamp - Clip-On Collection (Black)", "imUrl": "http://ecx.images-amazon.com/images/I/51yTYceeshL._SY300_.jpg", "price": 17.57, "numReviews": 29, "groups": [212], "averageRating": 3.1724137931034484}, {"asin": "B00HV9YWAM", "name": "[Cordless] OxyLED Q3 Ultra-thin Portable Touch Control Smart Rechargeable LED Desk Lamp with 3-Level Adjustable Brightness", "imUrl": "http://ecx.images-amazon.com/images/I/31TC%2B7CdHGL._SY300_.jpg", "price": 39.99, "numReviews": 25, "groups": [213], "averageRating": 4.8}, {"asin": "B00EJJLUIY", "name": "Trademark Home 72-1406 26-Inch Wood Grain Sunlight Desk Lamp", "imUrl": "http://ecx.images-amazon.com/images/I/41If44mZ-pL._SY300_.jpg", "price": 49.54, "numReviews": 5, "groups": [214], "averageRating": 4.2, "brand": "Trademark Home"}, {"asin": "B00FK7CFVK", "name": "Deskalator LED Desk Lamp with 360\u00b0 Flexi-Arm -Clamp and Base Included- White", "imUrl": "http://ecx.images-amazon.com/images/I/31qlktBUpmL._SX342_.jpg", "price": 65.0, "numReviews": 6, "groups": [215], "averageRating": 3.3333333333333335}, {"asin": "B000RJQ86O", "name": "Lite Source LS-3421D/BRZ Flash Halogen Desk Lamp, Dark Bronze", "imUrl": "http://ecx.images-amazon.com/images/I/41NNfPBFvpL._SX342_.jpg", "price": 145.0, "numReviews": 12, "groups": [216], "averageRating": 2.5, "brand": "Lite Source"}, {"asin": "B003VPXC0Q", "name": "Rite Lite LPL813BK Wireless Hi-Output 3-Watt LED Desk / Task Light, Black", "imUrl": "http://ecx.images-amazon.com/images/I/318GbGNF1HL._SX342_.jpg", "price": 19.95, "numReviews": 1, "groups": [217], "averageRating": 4.0, "brand": "Rite Lite"}, {"asin": "B0083E7CFG", "name": "Globe Electric 52062 Swing Arm Clip Lamp, White", "imUrl": "http://ecx.images-amazon.com/images/I/31xCbcWdYIL._SY300_.jpg", "price": 26.64, "numReviews": 25, "groups": [218], "averageRating": 4.2}, {"asin": "B00HYVHRJA", "name": "OxyLED Smart T4 Professional Architect Swing / Adjustable Arm, Stepless Dimming Touch Control, Giant Eye-care 12w LED Desk Lamp (4000k Warm White, Best for Home Office, Art Workshop, Showrooms, Bookstores)", "imUrl": "http://ecx.images-amazon.com/images/I/31eOOBVIMDL._SX342_.jpg", "price": 159.99, "numReviews": 10, "groups": [219], "averageRating": 4.5}, {"asin": "B000FSO9VI", "name": "Danray Products LLC LMP-18M 18-Inch Snake-Arm Lamp with Magnetic Base and 6-Foot Cord, Gloss Black", "imUrl": "http://ecx.images-amazon.com/images/I/31HB24K2TML._SY445_.jpg", "price": 67.76, "numReviews": 2, "groups": [220], "averageRating": 4.5}, {"asin": "B000U6I20E", "name": "Z-Bar High Power LED Lamp- Metallic Black/Warm Generation 2", "imUrl": "http://ecx.images-amazon.com/images/I/41ifUD50cJL._SX342_.jpg", "price": 169.95, "numReviews": 26, "groups": [221], "averageRating": 4.538461538461538}, {"asin": "B00960NQQK", "name": "LITESPAN LED Desk Lamp", "imUrl": "http://ecx.images-amazon.com/images/I/31TiqyeUpWL._SX342_.jpg", "price": 98.3, "numReviews": 10, "groups": [222], "averageRating": 3.8}, {"asin": "B0053H49LQ", "name": "Satin Nickel Adjustable LED Desk Lamp", "imUrl": "http://ecx.images-amazon.com/images/I/310mTQBCOkL._SX342_.jpg", "price": 79.99, "numReviews": 1, "groups": [223], "averageRating": 2.0}, {"asin": "B00ATWMLQU", "name": "LEDwholesalers 3-level Dimmable Touch Switch Folding LED Desk Lamp 7 Watt, Pure White 2403WH", "imUrl": "http://ecx.images-amazon.com/images/I/31370q-3ZEL._SX342_.jpg", "price": 30.99, "numReviews": 274, "groups": [18], "averageRating": 4.248175182481752}, {"asin": "B001RMNEP8", "name": "Koncept Z-Bar High Power Adjustable LED Desk Lamp Daylight White Illumination - Silver with Free Gifts Clip-on LED Spotlight AND Micrfiber Cleanse Cloth Black", "imUrl": "http://ecx.images-amazon.com/images/I/31hwjnJw8lL.jpg", "price": 169.95, "numReviews": 8, "groups": [224], "averageRating": 4.625}, {"asin": "B006VXAYBA", "name": "LEDwholesalers 48 LED Flexible Neck Desk Lamp, 7 Watt Bright White Table Reading Light, 2402", "imUrl": "http://ecx.images-amazon.com/images/I/419KC3VHZhL._SX342_.jpg", "price": 25.0, "numReviews": 1, "groups": [225], "averageRating": 5.0}, {"asin": "B000QTT8OY", "name": "Lite Source LS-156PS Seeker Metal Clip-On Lite, Polished Steel / Chrome", "imUrl": "http://ecx.images-amazon.com/images/I/41NXKzYFqHL._SX342_.jpg", "price": 78.0, "numReviews": 8, "groups": [226], "averageRating": 3.5, "brand": "Lite Source"}, {"asin": "B0087TEJFS", "name": "Premium USB 15 LED Desk Lamp + Free DreamBargains Neckstrap", "imUrl": "http://ecx.images-amazon.com/images/I/41Uj1jvJmOL._SX342_.jpg", "price": 8.99, "numReviews": 1, "groups": [227], "averageRating": 2.0}, {"asin": "B00DUGRZ1I", "name": "14\" LED Piano Desk Lamp - Antique Brass", "imUrl": "http://ecx.images-amazon.com/images/I/312DgZFZ9hL._SX342_.jpg", "price": 238.0, "numReviews": 2, "groups": [228], "averageRating": 5.0}, {"asin": "B00E93JBXQ", "name": "MarsLG Anti-Glare 5 Watt LED Desk Lamp with On/Off Toggle Switch, 2408WH", "imUrl": "http://ecx.images-amazon.com/images/I/31nF8M%2BBpqL._SX342_.jpg", "price": 14.99, "numReviews": 62, "groups": [75], "averageRating": 4.17741935483871}, {"asin": "B00FIYJXEC", "name": "Newhouse Lighting NHGS-LED-WH 3-watt Energy-efficient \"Gooseneck\" Touch Dimmable LED Desk Lamp, White", "imUrl": "http://ecx.images-amazon.com/images/I/21skYGz2a0L._SY300_.jpg", "price": 39.99, "numReviews": 72, "groups": [229], "averageRating": 4.652777777777778, "brand": "Newhouse Lighting"}, {"asin": "B0028LCE0I", "name": "IceLight High Power LED Desk Lamp (Natural Light) in Metallic Black", "imUrl": "http://ecx.images-amazon.com/images/I/31gfqTvoxGL._SY300_.jpg", "price": 269.0, "numReviews": 1, "groups": [230], "averageRating": 2.0}, {"asin": "B000CS0BUO", "name": "House Of Troy P10-123-81 13-Inch Portable Desk/Piano Lamp, Mahogany Bronze", "imUrl": "http://ecx.images-amazon.com/images/I/412buCp-MUL._SY300_.jpg", "price": 188.0, "numReviews": 2, "groups": [231], "averageRating": 3.0}, {"asin": "B003DRBOJ8", "name": "Sunlight Desk Lamp Natural Full Spectrum Sun Light. Simulates Daylight. 150Watt Output uses 27 Watts. Touch On/Off Switch.", "imUrl": "http://ecx.images-amazon.com/images/I/31ENzt9EP7L._SY300_.jpg", "price": 44.95, "numReviews": 745, "groups": [232], "averageRating": 3.876510067114094}, {"asin": "B004T334O8", "name": "Metal Desk Lamp by Ashley Furniture", "imUrl": "http://ecx.images-amazon.com/images/I/31DRiPKC5HL._SY300_.jpg", "price": 34.88, "numReviews": 3, "groups": [233], "averageRating": 5.0}, {"asin": "B001O7YHPM", "name": "OttLite T80212 Task Lamp in Pink", "imUrl": "http://ecx.images-amazon.com/images/I/31-rh-yDkxL._SY300_.jpg", "price": 34.97, "numReviews": 2, "groups": [234], "averageRating": 5.0}, {"asin": "B003Z6PKOW", "name": "Satco Products 60/843 Clip on Goose Neck Lamp, Black", "imUrl": "http://ecx.images-amazon.com/images/I/31GVGY0LFPL._SY300_.jpg", "price": 21.9, "numReviews": 5, "groups": [235], "averageRating": 2.6, "brand": "Satco"}, {"asin": "B00AKRDTGU", "name": "iHome IHLM118PURPL LED Desk Lamp with Organizer and speaker for iPad / iPod / iPhone, Purple", "imUrl": "http://ecx.images-amazon.com/images/I/310e86cVc-L._SY300_.jpg", "price": 19.95, "numReviews": 2, "groups": [236], "averageRating": 2.5, "brand": "iHome"}, {"asin": "B005LH3VJY", "name": "Clip on Light with Adjustable Gooseneck and Strong Clip (White Metal Head)", "imUrl": "http://ecx.images-amazon.com/images/I/41HSds1ZNKL._SY300_.jpg", "price": 12.93, "numReviews": 25, "groups": [237], "averageRating": 3.16}, {"asin": "B00064J0M4", "name": "Lite Source LS-121SC Breeze Clip Lite, Satin Chrome", "imUrl": "http://ecx.images-amazon.com/images/I/41sCnVtAlKL._SY300_.jpg", "price": 44.0, "numReviews": 3, "groups": [238], "averageRating": 4.333333333333333}, {"asin": "B0057A65X4", "name": "OttLite U15WG8 Refresh Table Lamp in White", "imUrl": "http://ecx.images-amazon.com/images/I/41CA-WU%2BzwL._SY300_.jpg", "price": 49.99, "numReviews": 14, "groups": [239], "averageRating": 4.428571428571429, "brand": "OttLite"}, {"asin": "B00IKCYWTA", "name": "Supertech Foldable And Eye Protectiveable 24Leds Charging Desk LED Lamp For Reading, Studying,Working,learning,Camping(White)", "imUrl": "http://ecx.images-amazon.com/images/I/314G3AftNGL._SY300_.jpg", "price": 11.99, "numReviews": 1, "groups": [240], "averageRating": 5.0}, {"asin": "B0077IRVWI", "name": "PRISM TL-S100BK Design MR16 LED Desk Lamp with LED Mood Light and USB port, Black", "imUrl": "http://ecx.images-amazon.com/images/I/31h4UxEJ%2BhL._SY300_.jpg", "price": 62.35, "numReviews": 2, "groups": [241], "averageRating": 2.5}, {"asin": "B001E71GN8", "name": "Home Design Assistant Desk Lamp White with Black Accents", "imUrl": "http://ecx.images-amazon.com/images/I/31h-BsEGSDL._SX342_.jpg", "price": 29.99, "numReviews": 22, "groups": [242], "averageRating": 3.9545454545454546}, {"asin": "B003YPJFUE", "name": "OttLite 982003 Spin and Store Desk Lamp in White", "imUrl": "http://ecx.images-amazon.com/images/I/41kDwjaDbCL._SX300_.jpg", "price": 49.99, "numReviews": 25, "groups": [243], "averageRating": 3.24, "brand": "OttLite"}, {"asin": "B008IM81X0", "name": "2 sets Sewing Machine gooseneck Lamp + 110V light bulb, with 21\" Bendable gooseneck (no plug)", "imUrl": "http://ecx.images-amazon.com/images/I/41d88DvfHNL._SX342_.jpg", "price": 36.0, "numReviews": 1, "groups": [244], "averageRating": 5.0}, {"asin": "B005MYXGY6", "name": "Normande Lighting 40W Halogen 14.5-inch Desk Lamp, Black", "imUrl": "http://ecx.images-amazon.com/images/I/31Ucys%2BzsZL._SY300_.jpg", "price": 13.71, "numReviews": 3, "groups": [245], "averageRating": 4.0}, {"asin": "B008MH8MTE", "name": "Conoco 4\" Height 19\" Shade LED Piano Lamp", "imUrl": "http://ecx.images-amazon.com/images/I/31SAv0kz-mL._SX342_.jpg", "price": 233.0, "numReviews": 1, "groups": [246], "averageRating": 4.0}, {"asin": "B001BZHJRU", "name": "Dale Tiffany 10164/417 Golf Handale Accent Lamp, Antique Bronze", "imUrl": "http://ecx.images-amazon.com/images/I/418e7WHH6SL._SY300_.jpg", "price": 169.99, "numReviews": 5, "groups": [247], "averageRating": 3.4}, {"asin": "B001GXHIXM", "name": "Traditional Bankers Lamp", "imUrl": "http://ecx.images-amazon.com/images/I/41oZfllG77L._SX342_.jpg", "price": 55.48, "numReviews": 5, "groups": [248], "averageRating": 4.4}, {"asin": "B00CZE0J1Y", "name": "LumiSource LS-LED-GRIPP BK Gripp LED Desk Lamp", "imUrl": "http://ecx.images-amazon.com/images/I/31Um4EWIAaL._SY300_.jpg", "price": 35.99, "numReviews": 2, "groups": [249], "averageRating": 4.5, "brand": "LumiSource", "salesRankCategory": "Home Improvement", "salesRank": 338051}, {"asin": "B001V74CA0", "name": "Kenroy Home Amherst 27 Inch Adjustable Desk Lamp In Oil Rubbed Bronze Finish", "imUrl": "http://ecx.images-amazon.com/images/I/31scuKPvLlL._SX342_.jpg", "price": 99.0, "numReviews": 2, "groups": [250], "averageRating": 3.0}, {"asin": "B00ESCICT2", "name": "O9-TECH Super Durable and Folding Eye-protection LED Dimmable Working Table Lamp with 7-level Dimmable Touch Switch and a USB Port Available to Recharge Digital Devices-Silver", "imUrl": "http://ecx.images-amazon.com/images/I/31sEl4VDm0L._SX342_.jpg", "price": 69.88, "numReviews": 2, "groups": [251], "averageRating": 3.5}, {"asin": "B008KNEGCC", "name": "COCOWEB Piano Lamp Gooseneck 14\" LED Piano Lamp, Wood Color", "imUrl": "http://ecx.images-amazon.com/images/I/31qUW-mHaDL._SX342_.jpg", "price": 172.0, "numReviews": 3, "groups": [252], "averageRating": 5.0}], "links": [{"source": 0, "target": 139, "right": true, "left": false, "value": 1}, {"source": 0, "target": 76, "right": true, "left": false, "value": 1}, {"source": 1, "target": 33, "right": false, "left": true, "value": 1}, {"source": 1, "target": 165, "right": false, "left": true, "value": 1}, {"source": 1, "target": 84, "right": false, "left": true, "value": 1}, {"source": 1, "target": 189, "right": false, "left": true, "value": 1}, {"source": 1, "target": 253, "right": false, "left": true, "value": 1}, {"source": 2, "target": 259, "right": false, "left": true, "value": 1}, {"source": 2, "target": 229, "right": false, "left": true, "value": 1}, {"source": 2, "target": 230, "right": false, "left": true, "value": 1}, {"source": 2, "target": 11, "right": false, "left": true, "value": 1}, {"source": 2, "target": 171, "right": false, "left": true, "value": 1}, {"source": 2, "target": 172, "right": false, "left": true, "value": 1}, {"source": 2, "target": 203, "right": false, "left": true, "value": 1}, {"source": 2, "target": 111, "right": false, "left": true, "value": 1}, {"source": 2, "target": 237, "right": false, "left": true, "value": 1}, {"source": 2, "target": 18, "right": true, "left": false, "value": 1}, {"source": 2, "target": 122, "right": false, "left": true, "value": 1}, {"source": 2, "target": 28, "right": true, "left": true, "value": 1}, {"source": 2, "target": 62, "right": false, "left": true, "value": 1}, {"source": 3, "target": 82, "right": true, "left": false, "value": 1}, {"source": 3, "target": 230, "right": true, "left": false, "value": 1}, {"source": 4, "target": 91, "right": true, "left": false, "value": 1}, {"source": 5, "target": 230, "right": true, "left": false, "value": 1}, {"source": 6, "target": 195, "right": true, "left": false, "value": 1}, {"source": 6, "target": 180, "right": true, "left": false, "value": 1}, {"source": 7, "target": 113, "right": true, "left": false, "value": 1}, {"source": 8, "target": 128, "right": true, "left": false, "value": 1}, {"source": 9, "target": 32, "right": true, "left": false, "value": 1}, {"source": 9, "target": 240, "right": true, "left": false, "value": 1}, {"source": 9, "target": 230, "right": true, "left": false, "value": 1}, {"source": 10, "target": 33, "right": false, "left": true, "value": 1}, {"source": 10, "target": 101, "right": false, "left": true, "value": 1}, {"source": 10, "target": 165, "right": false, "left": true, "value": 1}, {"source": 10, "target": 14, "right": false, "left": true, "value": 1}, {"source": 10, "target": 147, "right": false, "left": true, "value": 1}, {"source": 11, "target": 230, "right": true, "left": false, "value": 1}, {"source": 12, "target": 32, "right": true, "left": false, "value": 1}, {"source": 12, "target": 240, "right": true, "left": false, "value": 1}, {"source": 13, "target": 15, "right": true, "left": false, "value": 1}, {"source": 14, "target": 139, "right": true, "left": false, "value": 1}, {"source": 15, "target": 68, "right": false, "left": true, "value": 1}, {"source": 16, "target": 85, "right": false, "left": true, "value": 1}, {"source": 17, "target": 230, "right": true, "left": false, "value": 1}, {"source": 18, "target": 259, "right": false, "left": true, "value": 1}, {"source": 18, "target": 230, "right": true, "left": true, "value": 1}, {"source": 18, "target": 169, "right": false, "left": true, "value": 1}, {"source": 18, "target": 43, "right": false, "left": true, "value": 1}, {"source": 18, "target": 203, "right": false, "left": true, "value": 1}, {"source": 18, "target": 241, "right": false, "left": true, "value": 1}, {"source": 18, "target": 28, "right": false, "left": true, "value": 1}, {"source": 19, "target": 97, "right": true, "left": false, "value": 1}, {"source": 20, "target": 201, "right": true, "left": false, "value": 1}, {"source": 20, "target": 94, "right": true, "left": false, "value": 1}, {"source": 21, "target": 234, "right": false, "left": true, "value": 1}, {"source": 22, "target": 136, "right": true, "left": false, "value": 1}, {"source": 22, "target": 151, "right": false, "left": true, "value": 1}, {"source": 23, "target": 74, "right": false, "left": true, "value": 1}, {"source": 23, "target": 78, "right": false, "left": true, "value": 1}, {"source": 23, "target": 191, "right": false, "left": true, "value": 1}, {"source": 24, "target": 240, "right": true, "left": false, "value": 1}, {"source": 24, "target": 139, "right": true, "left": false, "value": 1}, {"source": 25, "target": 42, "right": true, "left": false, "value": 1}, {"source": 25, "target": 148, "right": false, "left": true, "value": 1}, {"source": 25, "target": 125, "right": false, "left": true, "value": 1}, {"source": 26, "target": 41, "right": true, "left": false, "value": 1}, {"source": 26, "target": 226, "right": false, "left": true, "value": 1}, {"source": 27, "target": 178, "right": true, "left": true, "value": 1}, {"source": 27, "target": 82, "right": true, "left": false, "value": 1}, {"source": 27, "target": 242, "right": false, "left": true, "value": 1}, {"source": 27, "target": 34, "right": false, "left": true, "value": 1}, {"source": 28, "target": 230, "right": true, "left": false, "value": 1}, {"source": 28, "target": 122, "right": false, "left": true, "value": 1}, {"source": 28, "target": 154, "right": false, "left": true, "value": 1}, {"source": 28, "target": 172, "right": false, "left": true, "value": 1}, {"source": 28, "target": 236, "right": false, "left": true, "value": 1}, {"source": 28, "target": 179, "right": false, "left": true, "value": 1}, {"source": 28, "target": 58, "right": false, "left": true, "value": 1}, {"source": 28, "target": 159, "right": false, "left": true, "value": 1}, {"source": 29, "target": 203, "right": true, "left": false, "value": 1}, {"source": 30, "target": 177, "right": false, "left": true, "value": 1}, {"source": 30, "target": 90, "right": false, "left": true, "value": 1}, {"source": 30, "target": 218, "right": false, "left": true, "value": 1}, {"source": 31, "target": 64, "right": false, "left": true, "value": 1}, {"source": 31, "target": 192, "right": false, "left": true, "value": 1}, {"source": 31, "target": 67, "right": false, "left": true, "value": 1}, {"source": 31, "target": 104, "right": false, "left": true, "value": 1}, {"source": 31, "target": 45, "right": false, "left": true, "value": 1}, {"source": 31, "target": 109, "right": false, "left": true, "value": 1}, {"source": 31, "target": 173, "right": false, "left": true, "value": 1}, {"source": 31, "target": 116, "right": false, "left": true, "value": 1}, {"source": 31, "target": 249, "right": false, "left": true, "value": 1}, {"source": 31, "target": 219, "right": false, "left": true, "value": 1}, {"source": 31, "target": 62, "right": false, "left": true, "value": 1}, {"source": 32, "target": 160, "right": false, "left": true, "value": 1}, {"source": 32, "target": 37, "right": false, "left": true, "value": 1}, {"source": 32, "target": 44, "right": false, "left": true, "value": 1}, {"source": 32, "target": 173, "right": false, "left": true, "value": 1}, {"source": 32, "target": 207, "right": false, "left": true, "value": 1}, {"source": 32, "target": 240, "right": true, "left": false, "value": 1}, {"source": 32, "target": 210, "right": false, "left": true, "value": 1}, {"source": 32, "target": 83, "right": false, "left": true, "value": 1}, {"source": 32, "target": 212, "right": false, "left": true, "value": 1}, {"source": 32, "target": 181, "right": false, "left": true, "value": 1}, {"source": 32, "target": 220, "right": false, "left": true, "value": 1}, {"source": 32, "target": 120, "right": false, "left": true, "value": 1}, {"source": 32, "target": 156, "right": false, "left": true, "value": 1}, {"source": 33, "target": 139, "right": true, "left": false, "value": 1}, {"source": 33, "target": 113, "right": true, "left": false, "value": 1}, {"source": 34, "target": 82, "right": true, "left": false, "value": 1}, {"source": 35, "target": 258, "right": false, "left": true, "value": 1}, {"source": 36, "target": 218, "right": true, "left": false, "value": 1}, {"source": 37, "target": 236, "right": true, "left": false, "value": 1}, {"source": 38, "target": 225, "right": true, "left": false, "value": 1}, {"source": 39, "target": 82, "right": true, "left": false, "value": 1}, {"source": 40, "target": 240, "right": true, "left": false, "value": 1}, {"source": 42, "target": 162, "right": true, "left": true, "value": 1}, {"source": 42, "target": 198, "right": false, "left": true, "value": 1}, {"source": 42, "target": 235, "right": false, "left": true, "value": 1}, {"source": 42, "target": 140, "right": false, "left": true, "value": 1}, {"source": 42, "target": 148, "right": false, "left": true, "value": 1}, {"source": 42, "target": 254, "right": false, "left": true, "value": 1}, {"source": 44, "target": 240, "right": true, "left": false, "value": 1}, {"source": 45, "target": 155, "right": false, "left": true, "value": 1}, {"source": 46, "target": 240, "right": true, "left": false, "value": 1}, {"source": 47, "target": 105, "right": true, "left": false, "value": 1}, {"source": 47, "target": 91, "right": true, "left": false, "value": 1}, {"source": 48, "target": 216, "right": true, "left": false, "value": 1}, {"source": 49, "target": 128, "right": true, "left": false, "value": 1}, {"source": 50, "target": 72, "right": false, "left": true, "value": 1}, {"source": 50, "target": 139, "right": true, "left": false, "value": 1}, {"source": 51, "target": 240, "right": true, "left": false, "value": 1}, {"source": 51, "target": 105, "right": true, "left": false, "value": 1}, {"source": 52, "target": 90, "right": true, "left": false, "value": 1}, {"source": 53, "target": 106, "right": true, "left": false, "value": 1}, {"source": 54, "target": 240, "right": true, "left": false, "value": 1}, {"source": 55, "target": 240, "right": true, "left": false, "value": 1}, {"source": 55, "target": 139, "right": true, "left": false, "value": 1}, {"source": 55, "target": 230, "right": true, "left": false, "value": 1}, {"source": 56, "target": 75, "right": true, "left": false, "value": 1}, {"source": 56, "target": 236, "right": true, "left": false, "value": 1}, {"source": 56, "target": 244, "right": false, "left": true, "value": 1}, {"source": 57, "target": 139, "right": true, "left": false, "value": 1}, {"source": 58, "target": 216, "right": true, "left": false, "value": 1}, {"source": 58, "target": 236, "right": true, "left": false, "value": 1}, {"source": 58, "target": 230, "right": true, "left": false, "value": 1}, {"source": 59, "target": 218, "right": true, "left": false, "value": 1}, {"source": 60, "target": 230, "right": true, "left": false, "value": 1}, {"source": 61, "target": 139, "right": true, "left": false, "value": 1}, {"source": 62, "target": 230, "right": true, "left": false, "value": 1}, {"source": 63, "target": 139, "right": true, "left": false, "value": 1}, {"source": 64, "target": 240, "right": true, "left": false, "value": 1}, {"source": 64, "target": 173, "right": true, "left": false, "value": 1}, {"source": 65, "target": 139, "right": true, "left": false, "value": 1}, {"source": 66, "target": 113, "right": true, "left": false, "value": 1}, {"source": 67, "target": 105, "right": true, "left": false, "value": 1}, {"source": 67, "target": 196, "right": true, "left": false, "value": 1}, {"source": 69, "target": 94, "right": true, "left": false, "value": 1}, {"source": 70, "target": 225, "right": false, "left": true, "value": 1}, {"source": 70, "target": 115, "right": false, "left": true, "value": 1}, {"source": 70, "target": 142, "right": false, "left": true, "value": 1}, {"source": 71, "target": 127, "right": true, "left": false, "value": 1}, {"source": 72, "target": 139, "right": true, "left": false, "value": 1}, {"source": 72, "target": 95, "right": true, "left": false, "value": 1}, {"source": 73, "target": 194, "right": true, "left": false, "value": 1}, {"source": 74, "target": 78, "right": false, "left": true, "value": 1}, {"source": 75, "target": 129, "right": false, "left": true, "value": 1}, {"source": 75, "target": 139, "right": true, "left": true, "value": 1}, {"source": 75, "target": 236, "right": true, "left": true, "value": 1}, {"source": 75, "target": 76, "right": false, "left": true, "value": 1}, {"source": 75, "target": 174, "right": false, "left": true, "value": 1}, {"source": 75, "target": 80, "right": false, "left": true, "value": 1}, {"source": 75, "target": 114, "right": false, "left": true, "value": 1}, {"source": 75, "target": 181, "right": false, "left": true, "value": 1}, {"source": 75, "target": 153, "right": false, "left": true, "value": 1}, {"source": 75, "target": 250, "right": false, "left": true, "value": 1}, {"source": 75, "target": 156, "right": false, "left": true, "value": 1}, {"source": 75, "target": 93, "right": false, "left": true, "value": 1}, {"source": 75, "target": 253, "right": false, "left": true, "value": 1}, {"source": 75, "target": 95, "right": true, "left": false, "value": 1}, {"source": 77, "target": 94, "right": true, "left": false, "value": 1}, {"source": 78, "target": 216, "right": true, "left": false, "value": 1}, {"source": 79, "target": 210, "right": false, "left": true, "value": 1}, {"source": 79, "target": 82, "right": true, "left": false, "value": 1}, {"source": 80, "target": 170, "right": false, "left": true, "value": 1}, {"source": 80, "target": 139, "right": true, "left": false, "value": 1}, {"source": 81, "target": 240, "right": true, "left": false, "value": 1}, {"source": 82, "target": 107, "right": false, "left": true, "value": 1}, {"source": 82, "target": 251, "right": false, "left": true, "value": 1}, {"source": 82, "target": 178, "right": false, "left": true, "value": 1}, {"source": 83, "target": 104, "right": true, "left": true, "value": 1}, {"source": 84, "target": 139, "right": true, "left": false, "value": 1}, {"source": 86, "target": 139, "right": true, "left": false, "value": 1}, {"source": 87, "target": 238, "right": false, "left": true, "value": 1}, {"source": 87, "target": 215, "right": false, "left": true, "value": 1}, {"source": 88, "target": 230, "right": true, "left": false, "value": 1}, {"source": 89, "target": 216, "right": true, "left": false, "value": 1}, {"source": 90, "target": 168, "right": false, "left": true, "value": 1}, {"source": 90, "target": 243, "right": false, "left": true, "value": 1}, {"source": 90, "target": 246, "right": false, "left": true, "value": 1}, {"source": 91, "target": 105, "right": true, "left": false, "value": 1}, {"source": 92, "target": 139, "right": true, "left": false, "value": 1}, {"source": 92, "target": 199, "right": true, "left": false, "value": 1}, {"source": 94, "target": 167, "right": false, "left": true, "value": 1}, {"source": 94, "target": 108, "right": false, "left": true, "value": 1}, {"source": 94, "target": 127, "right": false, "left": true, "value": 1}, {"source": 95, "target": 139, "right": false, "left": true, "value": 1}, {"source": 95, "target": 236, "right": false, "left": true, "value": 1}, {"source": 95, "target": 250, "right": false, "left": true, "value": 1}, {"source": 96, "target": 139, "right": true, "left": false, "value": 1}, {"source": 98, "target": 216, "right": true, "left": false, "value": 1}, {"source": 99, "target": 118, "right": false, "left": true, "value": 1}, {"source": 99, "target": 102, "right": true, "left": true, "value": 1}, {"source": 100, "target": 217, "right": false, "left": true, "value": 1}, {"source": 101, "target": 176, "right": false, "left": true, "value": 1}, {"source": 101, "target": 237, "right": true, "left": false, "value": 1}, {"source": 102, "target": 139, "right": true, "left": false, "value": 1}, {"source": 103, "target": 217, "right": true, "left": false, "value": 1}, {"source": 105, "target": 227, "right": false, "left": true, "value": 1}, {"source": 105, "target": 228, "right": false, "left": true, "value": 1}, {"source": 105, "target": 136, "right": true, "left": false, "value": 1}, {"source": 105, "target": 117, "right": false, "left": true, "value": 1}, {"source": 105, "target": 215, "right": false, "left": true, "value": 1}, {"source": 105, "target": 154, "right": false, "left": true, "value": 1}, {"source": 106, "target": 251, "right": false, "left": true, "value": 1}, {"source": 106, "target": 247, "right": false, "left": true, "value": 1}, {"source": 108, "target": 214, "right": false, "left": true, "value": 1}, {"source": 110, "target": 136, "right": true, "left": false, "value": 1}, {"source": 111, "target": 230, "right": true, "left": false, "value": 1}, {"source": 112, "target": 205, "right": false, "left": true, "value": 1}, {"source": 113, "target": 197, "right": false, "left": true, "value": 1}, {"source": 113, "target": 166, "right": false, "left": true, "value": 1}, {"source": 113, "target": 135, "right": false, "left": true, "value": 1}, {"source": 113, "target": 155, "right": false, "left": true, "value": 1}, {"source": 113, "target": 222, "right": false, "left": true, "value": 1}, {"source": 114, "target": 139, "right": true, "left": false, "value": 1}, {"source": 116, "target": 230, "right": true, "left": false, "value": 1}, {"source": 117, "target": 240, "right": true, "left": false, "value": 1}, {"source": 119, "target": 139, "right": true, "left": false, "value": 1}, {"source": 120, "target": 240, "right": true, "left": false, "value": 1}, {"source": 120, "target": 230, "right": true, "left": false, "value": 1}, {"source": 121, "target": 240, "right": true, "left": false, "value": 1}, {"source": 121, "target": 230, "right": true, "left": false, "value": 1}, {"source": 123, "target": 139, "right": true, "left": false, "value": 1}, {"source": 124, "target": 231, "right": false, "left": true, "value": 1}, {"source": 126, "target": 139, "right": true, "left": false, "value": 1}, {"source": 128, "target": 138, "right": false, "left": true, "value": 1}, {"source": 128, "target": 256, "right": false, "left": true, "value": 1}, {"source": 129, "target": 139, "right": true, "left": false, "value": 1}, {"source": 130, "target": 225, "right": true, "left": false, "value": 1}, {"source": 131, "target": 212, "right": false, "left": true, "value": 1}, {"source": 132, "target": 136, "right": true, "left": false, "value": 1}, {"source": 133, "target": 240, "right": true, "left": false, "value": 1}, {"source": 134, "target": 233, "right": true, "left": false, "value": 1}, {"source": 135, "target": 240, "right": true, "left": false, "value": 1}, {"source": 136, "target": 196, "right": false, "left": true, "value": 1}, {"source": 136, "target": 231, "right": false, "left": true, "value": 1}, {"source": 136, "target": 151, "right": false, "left": true, "value": 1}, {"source": 136, "target": 182, "right": false, "left": true, "value": 1}, {"source": 137, "target": 139, "right": true, "left": false, "value": 1}, {"source": 139, "target": 144, "right": false, "left": true, "value": 1}, {"source": 139, "target": 147, "right": false, "left": true, "value": 1}, {"source": 139, "target": 150, "right": false, "left": true, "value": 1}, {"source": 139, "target": 155, "right": false, "left": true, "value": 1}, {"source": 139, "target": 157, "right": false, "left": true, "value": 1}, {"source": 139, "target": 158, "right": false, "left": true, "value": 1}, {"source": 139, "target": 166, "right": false, "left": true, "value": 1}, {"source": 139, "target": 170, "right": false, "left": true, "value": 1}, {"source": 139, "target": 174, "right": false, "left": true, "value": 1}, {"source": 139, "target": 199, "right": false, "left": true, "value": 1}, {"source": 139, "target": 204, "right": false, "left": true, "value": 1}, {"source": 139, "target": 207, "right": false, "left": true, "value": 1}, {"source": 139, "target": 209, "right": false, "left": true, "value": 1}, {"source": 139, "target": 223, "right": false, "left": true, "value": 1}, {"source": 139, "target": 224, "right": false, "left": true, "value": 1}, {"source": 139, "target": 232, "right": false, "left": true, "value": 1}, {"source": 139, "target": 249, "right": false, "left": true, "value": 1}, {"source": 139, "target": 250, "right": false, "left": true, "value": 1}, {"source": 139, "target": 253, "right": false, "left": true, "value": 1}, {"source": 140, "target": 198, "right": false, "left": true, "value": 1}, {"source": 140, "target": 254, "right": false, "left": true, "value": 1}, {"source": 141, "target": 230, "right": true, "left": false, "value": 1}, {"source": 143, "target": 236, "right": true, "left": false, "value": 1}, {"source": 145, "target": 230, "right": true, "left": false, "value": 1}, {"source": 146, "target": 216, "right": true, "left": false, "value": 1}, {"source": 147, "target": 240, "right": true, "left": false, "value": 1}, {"source": 147, "target": 155, "right": true, "left": false, "value": 1}, {"source": 149, "target": 209, "right": true, "left": false, "value": 1}, {"source": 152, "target": 196, "right": true, "left": false, "value": 1}, {"source": 154, "target": 240, "right": true, "left": false, "value": 1}, {"source": 158, "target": 209, "right": true, "left": false, "value": 1}, {"source": 161, "target": 162, "right": true, "left": false, "value": 1}, {"source": 163, "target": 230, "right": true, "left": false, "value": 1}, {"source": 164, "target": 194, "right": true, "left": true, "value": 1}, {"source": 167, "target": 239, "right": false, "left": true, "value": 1}, {"source": 168, "target": 202, "right": false, "left": true, "value": 1}, {"source": 169, "target": 230, "right": true, "left": false, "value": 1}, {"source": 170, "target": 209, "right": true, "left": false, "value": 1}, {"source": 172, "target": 230, "right": true, "left": false, "value": 1}, {"source": 174, "target": 236, "right": true, "left": false, "value": 1}, {"source": 175, "target": 257, "right": true, "left": false, "value": 1}, {"source": 175, "target": 237, "right": true, "left": false, "value": 1}, {"source": 178, "target": 242, "right": false, "left": true, "value": 1}, {"source": 179, "target": 216, "right": true, "left": false, "value": 1}, {"source": 180, "target": 195, "right": true, "left": false, "value": 1}, {"source": 183, "target": 208, "right": true, "left": false, "value": 1}, {"source": 184, "target": 199, "right": true, "left": false, "value": 1}, {"source": 185, "target": 218, "right": true, "left": false, "value": 1}, {"source": 186, "target": 240, "right": true, "left": false, "value": 1}, {"source": 187, "target": 232, "right": false, "left": true, "value": 1}, {"source": 188, "target": 218, "right": true, "left": false, "value": 1}, {"source": 188, "target": 245, "right": true, "left": false, "value": 1}, {"source": 190, "target": 230, "right": true, "left": false, "value": 1}, {"source": 193, "target": 240, "right": true, "left": false, "value": 1}, {"source": 196, "target": 203, "right": false, "left": true, "value": 1}, {"source": 196, "target": 213, "right": false, "left": true, "value": 1}, {"source": 198, "target": 254, "right": true, "left": false, "value": 1}, {"source": 199, "target": 258, "right": false, "left": true, "value": 1}, {"source": 199, "target": 230, "right": true, "left": false, "value": 1}, {"source": 200, "target": 240, "right": true, "left": false, "value": 1}, {"source": 201, "target": 255, "right": false, "left": true, "value": 1}, {"source": 206, "target": 240, "right": true, "left": false, "value": 1}, {"source": 207, "target": 240, "right": true, "left": false, "value": 1}, {"source": 208, "target": 252, "right": false, "left": true, "value": 1}, {"source": 210, "target": 217, "right": true, "left": false, "value": 1}, {"source": 210, "target": 230, "right": true, "left": false, "value": 1}, {"source": 211, "target": 240, "right": true, "left": false, "value": 1}, {"source": 211, "target": 217, "right": true, "left": false, "value": 1}, {"source": 211, "target": 230, "right": true, "left": false, "value": 1}, {"source": 213, "target": 230, "right": true, "left": false, "value": 1}, {"source": 216, "target": 232, "right": false, "left": true, "value": 1}, {"source": 217, "target": 230, "right": true, "left": false, "value": 1}, {"source": 218, "target": 246, "right": false, "left": true, "value": 1}, {"source": 220, "target": 240, "right": true, "left": false, "value": 1}, {"source": 221, "target": 225, "right": true, "left": false, "value": 1}, {"source": 221, "target": 230, "right": true, "left": false, "value": 1}, {"source": 225, "target": 241, "right": false, "left": true, "value": 1}, {"source": 227, "target": 230, "right": true, "left": false, "value": 1}, {"source": 228, "target": 240, "right": true, "left": false, "value": 1}, {"source": 230, "target": 248, "right": false, "left": true, "value": 1}, {"source": 230, "target": 232, "right": false, "left": true, "value": 1}, {"source": 234, "target": 236, "right": true, "left": false, "value": 1}, {"source": 236, "target": 248, "right": false, "left": true, "value": 1}, {"source": 236, "target": 250, "right": false, "left": true, "value": 1}, {"source": 236, "target": 237, "right": false, "left": true, "value": 1}, {"source": 236, "target": 253, "right": false, "left": true, "value": 1}, {"source": 254, "target": 260, "right": false, "left": true, "value": 1}]}