{"nodes": [{"asin": "B00005RUQ4", "name": "Dead On Tools DO-Ti7 Milled Face Titanium Framing Hammer 16-Ounce", "imUrl": "http://ecx.images-amazon.com/images/I/31UfGME7jEL._SX300_.jpg", "price": 77.94, "numReviews": 13, "groups": [0], "averageRating": 2.8461538461538463, "brand": "Dead On Tools"}, {"asin": "B000I1ROCS", "name": "Armstrong 68-516 16-Ounce Dead Blow Ball Pein Hammer", "imUrl": "http://ecx.images-amazon.com/images/I/21thLh8jlRL._SY300_.jpg", "price": 47.0, "numReviews": 4, "groups": [1], "averageRating": 4.5}, {"asin": "B00GMN4F3C", "name": "TEKTON 30709 Dead Blow Hammer Set with 16, 32 and 48 oz.", "imUrl": "http://ecx.images-amazon.com/images/I/41T28rbk5IL._SX300_.jpg", "price": 37.23, "numReviews": 3, "groups": [2], "averageRating": 4.666666666666667, "brand": "TEKTON"}, {"asin": "B0002JT0EQ", "name": "Drilling Hammers - 62001 2lb. drilling hammer painted fin", "imUrl": "http://ecx.images-amazon.com/images/I/31Clb4kejML._SX300_.jpg", "price": 26.63, "numReviews": 4, "groups": [3], "averageRating": 4.5}, {"asin": "B0009301C0", "name": "Dead On DO21C 21oz Milled Face 19-Inch Curved Hickory Handle Hammer", "imUrl": "http://ecx.images-amazon.com/images/I/31Y4VdKiV8L._SY300_.jpg", "price": 21.34, "numReviews": 6, "groups": [4], "averageRating": 5.0}, {"asin": "B00004RAJ5", "name": "True Temper 2024000 14-Inch Scout/Hunter's Axe Hickory Replacement Handle", "imUrl": "http://ecx.images-amazon.com/images/I/21ZzSktl2ML._SX300_.jpg", "price": 8.34, "numReviews": 2, "groups": [5], "averageRating": 3.0, "salesRankCategory": "Patio, Lawn & Garden", "salesRank": 37210}, {"asin": "B005GXPH72", "name": "Williams 20542 8-Ounce Ball Pein Fiberglass Handle Hammer", "imUrl": "http://ecx.images-amazon.com/images/I/31gcu3Jm4pL._SX300_.jpg", "price": 11.68, "numReviews": 1, "groups": [6], "averageRating": 5.0}, {"asin": "B006MGMON2", "name": "Wilton 21436 14 lb. BASH Sledge Hammer with 36-in Unbreakable Handle", "imUrl": "http://ecx.images-amazon.com/images/I/31RGndE9sIL._SY300_.jpg", "price": 131.99, "numReviews": 5, "groups": [7], "averageRating": 4.8, "brand": "Wilton"}, {"asin": "B00004UDM7", "name": "Stanley 54-524 24 Oz Compo-Cast Ball Pein Hammer", "imUrl": "http://ecx.images-amazon.com/images/I/21PH42OLvGL._SX300_.jpg", "price": 39.61, "numReviews": 2, "groups": [8], "averageRating": 5.0, "brand": "Stanley"}, {"asin": "B00004Z2X2", "name": "Vaughan FS99 16 Oz Smooth Face Fiberglass Handle Pro-16 Straight Claw Ripping Ha", "imUrl": "http://ecx.images-amazon.com/images/I/31sG9Ypi6iL._SY300_.jpg", "price": 29.28, "numReviews": 1, "groups": [9], "averageRating": 5.0, "brand": "Vaughan"}, {"asin": "B000H6W8TS", "name": "Vaughan 07170 14-Ounce Dalluge Titanium Hammer, 15-Inch Straight Hickory Handle", "imUrl": "http://ecx.images-amazon.com/images/I/31PL90gLWkL._SX300_.jpg", "price": 94.99, "numReviews": 3, "groups": [10], "averageRating": 4.666666666666667, "brand": "Vaughan"}, {"asin": "B00BV7O1RE", "name": "Vaughan RS17ML 17oz All Steel Framing Hammer with milled face.", "imUrl": "http://ecx.images-amazon.com/images/I/31eh1IIsfUL._SX300_.jpg", "price": 20.48, "numReviews": 1, "groups": [11], "averageRating": 3.0}, {"asin": "B000NPR2R6", "name": "TEKTON 3080 Fiberglass Ball Pein Hammer Set, 4-Piece", "imUrl": "http://ecx.images-amazon.com/images/I/41K-VpNCfcL._SX300_.jpg", "price": 25.07, "numReviews": 17, "groups": [12], "averageRating": 4.647058823529412}, {"asin": "B000VSSG2K", "name": "Stanley 51-624 20-Ounce Rip Claw Fiberglass Hammer", "imUrl": "http://ecx.images-amazon.com/images/I/31vJNiVoStL._SX300_.jpg", "price": 16.97, "numReviews": 36, "groups": [13], "averageRating": 4.888888888888889, "brand": "Stanley"}, {"asin": "B000NPZ3HC", "name": "TEKTON 3169 32-oz. Rubber Mallet", "imUrl": "http://ecx.images-amazon.com/images/I/31AVmqHIFbL._SX300_.jpg", "price": 9.1, "numReviews": 36, "groups": [14], "averageRating": 4.277777777777778, "brand": "TEKTON"}, {"asin": "B0012YNDY8", "name": "Vaughan 13030/V5 V5 Hammer", "imUrl": "http://ecx.images-amazon.com/images/I/41vwzgaNbmL._SY300_.jpg", "price": 38.75, "numReviews": 7, "groups": [11, 15], "averageRating": 4.0, "brand": "Vaughan"}, {"asin": "B000LNOLD8", "name": "Estwing E3-25SM 25-ounce Claw Hammer Metal Handle", "imUrl": "http://ecx.images-amazon.com/images/I/31ygqRggcrL._SX300_.jpg", "price": 32.23, "numReviews": 5, "groups": [16], "averageRating": 4.6, "brand": "Estwing"}, {"asin": "B000RELP8K", "name": "Grobet USA Brass Head Mallet Face Diameter 1/2\" Head Length 2\" Head Weight 2oz #37.530", "imUrl": "http://ecx.images-amazon.com/images/I/31K5%2B0OmW6L._SY300_.jpg", "price": 5.21, "numReviews": 15, "groups": [17], "averageRating": 4.333333333333333, "brand": "Grobet"}, {"asin": "B00004Z2XA", "name": "Vaughan 999ML 20-Ounce Long Professional Framing Hammer, Milled Face, White Hickory Handle, 16-Inch Long.", "imUrl": "http://ecx.images-amazon.com/images/I/31AZXTZKEAL._SX300_.jpg", "price": 20.63, "numReviews": 3, "groups": [18], "averageRating": 3.0}, {"asin": "B000KKWMB0", "name": "Claw Hammers Model Code: AA - Price is for 1 Each (part# E12C)", "imUrl": "http://ecx.images-amazon.com/images/I/21F64R1EQEL.jpg", "price": 37.3, "numReviews": 5, "groups": [19], "averageRating": 4.8}, {"asin": "B00DE8IL3I", "name": "#1 Gunsmithing Hammer 2oz Brass Hammer", "imUrl": "http://ecx.images-amazon.com/images/I/21fa2EVkhZL._SX300_.jpg", "price": 5.39, "numReviews": 6, "groups": [20], "averageRating": 3.8333333333333335}, {"asin": "B000NPR2RG", "name": "TEKTON 3082 12-oz. Fiberglass Ball Pein Hammer", "imUrl": "http://ecx.images-amazon.com/images/I/31IfJDFAO0L._SX300_.jpg", "price": 8.18, "numReviews": 4, "groups": [21], "averageRating": 5.0}, {"asin": "B0002IGGXA", "name": "Vaughan TTC1FGP 16-Ounce TiTech Titanium Hammer-Smooth Face, Fiberglass Handle, 16-Inch long.", "imUrl": "http://ecx.images-amazon.com/images/I/41R9Y1MK05L._SX300_.jpg", "price": 89.38, "numReviews": 6, "groups": [22], "averageRating": 3.6666666666666665}, {"asin": "B000OI9OHI", "name": "Neiko 3.3 Lb Forged Steel Sledge Hammer - 12-Inch Fiberglass Handle, Mirror Finish", "imUrl": "http://ecx.images-amazon.com/images/I/41iJDXq5JLL._SY300_.jpg", "price": 28.5, "numReviews": 22, "groups": [23, 24], "averageRating": 4.363636363636363, "brand": "Neiko"}, {"asin": "B003STD0JS", "name": "Douglas Tool DFR-2316CX 23oz Framing Hammer with 16\" CrossOver Handle", "imUrl": "http://ecx.images-amazon.com/images/I/31uH8dAA9NL._SY300_.jpg", "price": 104.53, "numReviews": 3, "groups": [25], "averageRating": 3.6666666666666665}, {"asin": "B000VJNX1S", "name": "Olympia Tool 61-138 32-Ounce Dead Blow Hammer", "imUrl": "http://ecx.images-amazon.com/images/I/311AgpaZsqL._SX300_.jpg", "price": 14.96, "numReviews": 5, "groups": [26], "averageRating": 5.0}, {"asin": "B0058ECPV0", "name": "Rawhide Mallet 1in Size 0 - HAM-420.00", "imUrl": "http://ecx.images-amazon.com/images/I/318OKV13c3L._SX300_.jpg", "price": 12.56, "numReviews": 2, "groups": [27], "averageRating": 5.0}, {"asin": "B0010T16OO", "name": "Black Rhino 00187 20oz Cali Framer Hammer-Smooth Face", "imUrl": "http://ecx.images-amazon.com/images/I/31utIWd7wwL._SX300_.jpg", "price": 22.0, "numReviews": 2, "groups": [28], "averageRating": 4.5, "brand": "Black Rhino"}, {"asin": "B0058ECQ9Q", "name": "Rawhide Mallet 1 1/2in Size 2 - HAM-422.00", "imUrl": "http://ecx.images-amazon.com/images/I/31il5NZgwpL._SY300_.jpg", "price": 16.19, "numReviews": 1, "groups": [29], "averageRating": 5.0}, {"asin": "B00004UDMY", "name": "Stanley 57-550 5-Pound Compo-Cast Soft-Face Sledge Hammer", "imUrl": "http://ecx.images-amazon.com/images/I/21VH942WN7L._SY300_.jpg", "price": 76.83, "numReviews": 2, "groups": [30], "averageRating": 5.0, "brand": "Stanley"}, {"asin": "B001SEQGZK", "name": "Dead On DO8C 8-Ounce Smooth Face Finish Hammer with Curved Handle", "imUrl": "http://ecx.images-amazon.com/images/I/31rhPL3nfRL._SY300_.jpg", "price": 14.98, "numReviews": 2, "groups": [31], "averageRating": 5.0}, {"asin": "B00A1401NQ", "name": "Task Tools T71125 5-Ounce  Tack Hammer with Wooden Handle", "imUrl": "http://ecx.images-amazon.com/images/I/41pJXWhS91L._SY300_.jpg", "price": 8.63, "numReviews": 1, "groups": [32], "averageRating": 4.0}, {"asin": "B00004Z2XK", "name": "Vaughan FS999ML 20-Ounce -Inch999-Inch Straight Claw Hammer, Milled Face, Straight Fiberglass Handle, 16-Inch Long", "imUrl": "http://ecx.images-amazon.com/images/I/31TVFFE554L._SX300_.jpg", "price": 19.99, "numReviews": 3, "groups": [33, 34], "averageRating": 5.0}, {"asin": "B000NPT5ZS", "name": "TEKTON 3020 16-oz. Wood Claw Hammer", "imUrl": "http://ecx.images-amazon.com/images/I/31HlC2vTATL._SX300_.jpg", "price": 7.97, "numReviews": 19, "groups": [35], "averageRating": 4.7894736842105265, "brand": "TEKTON"}, {"asin": "B00004UDMU", "name": "Stanley 57-540 5-Ounce Compo-Cast Slimline Head Soft Face Hammer", "imUrl": "http://ecx.images-amazon.com/images/I/31FXS7G8FFL._SY300_.jpg", "price": 18.07, "numReviews": 2, "groups": [36], "averageRating": 4.5, "brand": "Stanley"}, {"asin": "B00HS3HD2A", "name": "Stanley FMHT51244 FATMAX Anti Vibe Framing Hammer, 17-Ounce", "imUrl": "http://ecx.images-amazon.com/images/I/31lClgAsstL._SY300_.jpg", "price": 34.99, "numReviews": 3, "groups": [37], "averageRating": 4.333333333333333, "brand": "Stanley"}, {"asin": "B000NPR2UI", "name": "TEKTON 3182 Dead Blow Hammer, 1-Pound", "imUrl": "http://ecx.images-amazon.com/images/I/31uyu-LszhL._SX300_.jpg", "price": 13.7, "numReviews": 7, "groups": [38], "averageRating": 4.571428571428571, "brand": "TEKTON"}, {"asin": "B0000DD1TH", "name": "Shop Fox D2809 8-Ounce Brass Head Mallet", "imUrl": "http://ecx.images-amazon.com/images/I/41qfYeEGxlL._SX300_.jpg", "price": 8.64, "numReviews": 15, "groups": [39], "averageRating": 4.466666666666667}, {"asin": "B000NPUK2U", "name": "TEKTON 3084 24-oz. Fiberglass Ball Pein Hammer", "imUrl": "http://ecx.images-amazon.com/images/I/31qBCESAz-L._SX300_.jpg", "price": 10.5, "numReviews": 6, "groups": [40], "averageRating": 3.6666666666666665, "brand": "TEKTON"}, {"asin": "B003VPAEUW", "name": "Great Neck 21002 Essentials All-In-One Nail Hammer and Screwdriver", "imUrl": "http://ecx.images-amazon.com/images/I/31qjLarMn4L._SY300_.jpg", "price": 7.99, "numReviews": 13, "groups": [41], "averageRating": 4.3076923076923075}, {"asin": "B00004UDN0", "name": "Stanley 57-552 10-1/2-Pound Compo-Cast Sledge Model Soft Face Hammer", "imUrl": "http://ecx.images-amazon.com/images/I/31CGyhwce4L._SX300_.jpg", "price": 151.05, "numReviews": 2, "groups": [42], "averageRating": 5.0, "brand": "Stanley"}, {"asin": "B00079R1XI", "name": "Stiletto 18-Inch Curved Replacement Handle", "imUrl": "http://ecx.images-amazon.com/images/I/21y0y1j085L._SY300_.jpg", "price": 14.01, "numReviews": 15, "groups": [43], "averageRating": 4.8, "brand": "Stiletto"}, {"asin": "B00IMMI6YU", "name": "TEKTON 30402 12-Ounce Jacketed Fiberglass Ball Pein Hammer", "imUrl": "http://ecx.images-amazon.com/images/I/31mom-u8MtL._SY300_.jpg", "price": 7.31, "numReviews": 1, "groups": [21], "averageRating": 5.0, "brand": "TEKTON"}, {"asin": "B000NPUJZ8", "name": "TEKTON 3016 8-oz. Tubular Steel Claw Hammer", "imUrl": "http://ecx.images-amazon.com/images/I/31l48GLToqL._SX300_.jpg", "price": 6.78, "numReviews": 29, "groups": [44], "averageRating": 4.379310344827586, "brand": "TEKTON"}, {"asin": "B0017SYU7S", "name": "Thor 03-214  Copper/Rawhide Split Face Hammer 1-3/4-Inch Face Diameter", "imUrl": "http://ecx.images-amazon.com/images/I/31zj2Qh3mEL._SY300_.jpg", "price": 79.3, "numReviews": 2, "groups": [45], "averageRating": 4.0}, {"asin": "B005MIBG5S", "name": "Rob Cosman Dovetail Mallet", "imUrl": "http://ecx.images-amazon.com/images/I/31T%2Bn5iV8kL._SY300_.jpg", "price": 50.96, "numReviews": 1, "groups": [46], "averageRating": 4.0}, {"asin": "B001HWG0DQ", "name": "True Temper 2036700 36-Inch Single Bit Axe Hickory Replacement Handle", "imUrl": "http://ecx.images-amazon.com/images/I/31PoOYPOkVL._SY300_.jpg", "price": 20.51, "numReviews": 13, "groups": [47], "averageRating": 3.230769230769231, "salesRankCategory": "Patio, Lawn & Garden", "salesRank": 27204}, {"asin": "B005Y5759U", "name": "Wilton 20824 8 lb. BASH Sledge Hammer with 24-in Unbreakable Handle", "imUrl": "http://ecx.images-amazon.com/images/I/31Tn-yZ224L._SY300_.jpg", "price": 81.99, "numReviews": 2, "groups": [48], "averageRating": 5.0, "brand": "Wilton"}, {"asin": "B005R3SUSE", "name": "Wilton 20836 8 lb. BASH Sledge Hammer with 36-in Unbreakable Handle", "imUrl": "http://ecx.images-amazon.com/images/I/31Tn-yZ224L._SY300_.jpg", "price": 75.87, "numReviews": 4, "groups": [49], "averageRating": 4.75, "brand": "Wilton"}, {"asin": "B00006K158", "name": "Stiletto Tools Inc TB15MS Ti-Bone Titanium Hammer With Straight Handle", "imUrl": "http://ecx.images-amazon.com/images/I/31FstkjJZrL._SY300_.jpg", "price": 228.98, "numReviews": 24, "groups": [50], "averageRating": 4.083333333333333, "brand": "Stiletto"}, {"asin": "B000OS2YA2", "name": "Woodstock D2749 1-Pound Brass Head Hickory Hammer", "imUrl": "http://ecx.images-amazon.com/images/I/31KEeWyZWWL._SY300_.jpg", "price": 23.51, "numReviews": 2, "groups": [51], "averageRating": 2.5}, {"asin": "B00A2F42S4", "name": "Wilton 20816 8 lbs. BASH Sledge Hammer with 16 in. Unbreakable Handle", "imUrl": "http://ecx.images-amazon.com/images/I/319xKZmziNL._SY300_.jpg", "price": 75.99, "numReviews": 1, "groups": [52], "averageRating": 5.0, "brand": "Wilton"}, {"asin": "B003CRHK92", "name": "Nupla STP24 Strike Pro Power Drive Dead Blow Hammer, C Grip, Yellow, 12.25\" Long Handle", "imUrl": "http://ecx.images-amazon.com/images/I/31E3Pw3dMXL._SY445_.jpg", "price": 11.02, "numReviews": 2, "groups": [53], "averageRating": 5.0, "brand": "Nupla", "salesRankCategory": "Industrial & Scientific", "salesRank": 6411}, {"asin": "B0049VW8WY", "name": "SERVICE TOOL 19405 12-Ounce Rubber Mallet", "imUrl": "http://ecx.images-amazon.com/images/I/31V0C2pWSEL._SX300_.jpg", "price": 3.99, "numReviews": 1, "groups": [54], "averageRating": 2.0}, {"asin": "B0009H5GWQ", "name": "HIGH MOUNT HAMMER HOLDER", "imUrl": "http://ecx.images-amazon.com/images/I/51rjeZ%2BpEKL._SX300_.jpg", "price": 16.3, "numReviews": 12, "groups": [55], "averageRating": 4.916666666666667}, {"asin": "B000KKUVSG", "name": "Link Handle 330-09 Hatchet Handle Wood 14\"", "imUrl": "http://ecx.images-amazon.com/images/I/31QCMZpZ9IL._SY300_.jpg", "price": 9.7, "numReviews": 1, "groups": [56], "averageRating": 4.0}, {"asin": "B000NQ4OT4", "name": "TEKTON 3103 3-lb. Sledge Hammer", "imUrl": "http://ecx.images-amazon.com/images/I/31FJ53KSFcL._SX300_.jpg", "price": 6.98, "numReviews": 15, "groups": [57], "averageRating": 4.133333333333334, "brand": "TEKTON"}, {"asin": "B0010A5OPK", "name": "Stiletto STLHDL-S16 16-Inch Straight Replaceable Handle with wedges (Fits 12,14,19 & 21 Ounce)", "imUrl": "http://ecx.images-amazon.com/images/I/31HbXwieq0L._SY300_.jpg", "price": 18.6, "numReviews": 2, "groups": [58], "averageRating": 5.0, "brand": "Stiletto"}, {"asin": "B003VPAF10", "name": "Great Neck 21001 Essentials 13-Ounch Fiberglass Hammer", "imUrl": "http://ecx.images-amazon.com/images/I/31Z3ybeHqwL._SY300_.jpg", "price": 0.99, "numReviews": 1, "groups": [59], "averageRating": 5.0, "brand": "Great Neck"}, {"asin": "B000NPPAWA", "name": "TEKTON 3081 8-oz. Fiberglass Ball Pein Hammer", "imUrl": "http://ecx.images-amazon.com/images/I/311uLPaNwbL._SX300_.jpg", "price": 7.57, "numReviews": 21, "groups": [60], "averageRating": 4.571428571428571}, {"asin": "B000Z7GGKQ", "name": "SE 8355HH 5-in-1 Dual Interchangeable Head Hammer", "imUrl": "http://ecx.images-amazon.com/images/I/31IAeR5gPxL._SX300_.jpg", "price": 11.58, "numReviews": 173, "groups": [61], "averageRating": 4.404624277456647, "brand": "SE"}, {"asin": "B000NPT648", "name": "TEKTON 3188 Dead Blow Hammer, 3-Pound", "imUrl": "http://ecx.images-amazon.com/images/I/31pM%2BqVZhyL._SX300_.jpg", "price": 19.98, "numReviews": 6, "groups": [62], "averageRating": 4.333333333333333}, {"asin": "B003N9CQ70", "name": "Graintex RM1538 8 Oz Rubber Mallet with Fiberglass Handle", "imUrl": "http://ecx.images-amazon.com/images/I/41TVtK1HJsL._SY300_.jpg", "price": 11.99, "numReviews": 4, "groups": [63], "averageRating": 3.0}, {"asin": "B00066188Q", "name": "Woodstock International D2805 SHOP FOX Mallet - 12 oz., 360 Degree Urethane Striking Surface", "imUrl": "http://ecx.images-amazon.com/images/I/41BSFRSA5YL._SX300_.jpg", "price": 28.95, "numReviews": 1, "groups": [64], "averageRating": 5.0}, {"asin": "B0058I0SZG", "name": "Century Drill and Tool 72280 Magnetized Tack Hammer, 5-Ounce", "imUrl": "http://ecx.images-amazon.com/images/I/312pdQfjIOL._SY300_.jpg", "price": 20.3, "numReviews": 1, "groups": [65], "averageRating": 3.0}, {"asin": "B008S9KX2K", "name": "Sainty International 98-805 5-Ounce Tempest Tack Hammer with Wood Handle", "imUrl": "http://ecx.images-amazon.com/images/I/311RTLgMDlL._SX300_.jpg", "price": 8.25, "numReviews": 1, "groups": [66], "averageRating": 2.0}, {"asin": "B0000AX80Z", "name": "Northern Industrial Rubber Mallet Hammer - 2-Lb.", "imUrl": "http://ecx.images-amazon.com/images/I/21PiQuX0IKL._SY300_.jpg", "price": 9.35, "numReviews": 1, "groups": [67], "averageRating": 5.0}, {"asin": "B002OB8I8E", "name": "Vaughan 16.5\" 19 Oz Replacement Handle", "imUrl": "http://ecx.images-amazon.com/images/I/31uEYgO5pSL._SY300_.jpg", "price": 9.99, "numReviews": 1, "groups": [68], "averageRating": 5.0, "brand": "Vaughan"}, {"asin": "B0058EDQ5Y", "name": "Swiss Style Hammer", "imUrl": "http://ecx.images-amazon.com/images/I/21ECTF2TutL._SX300_.jpg", "price": 6.78, "numReviews": 2, "groups": [69], "averageRating": 4.0}, {"asin": "B007C6LJY6", "name": "Craftsman 9-45787 16-Ounce Rubber Mallet", "imUrl": "http://ecx.images-amazon.com/images/I/41LBjm3EeLL._SY300_.jpg", "price": 9.35, "numReviews": 1, "groups": [70], "averageRating": 5.0}, {"asin": "B0002DSPNO", "name": "Commando Miniature Ball Peen (Ball Pein) Hammer with Precision Machined 1 Ounce Brass Head and Solid Aluminum Handle", "imUrl": "http://ecx.images-amazon.com/images/I/310QNWAQJNL._SY300_.jpg", "price": 9.1, "numReviews": 1, "groups": [71], "averageRating": 5.0}, {"asin": "B005IWGYV4", "name": "Goldblatt Tool Company G02106 Rubber Mallet", "imUrl": "http://ecx.images-amazon.com/images/I/31Iv52XTYgL._SX300_.jpg", "price": 8.28, "numReviews": 1, "groups": [72], "averageRating": 5.0}, {"asin": "B00375EVRS", "name": "Size 2 Rawhide Mallet (311-11002) Category: Mallets", "imUrl": "http://ecx.images-amazon.com/images/I/31KMVzi7wHL._SX300_.jpg", "price": 18.68, "numReviews": 6, "groups": [73], "averageRating": 4.333333333333333, "salesRankCategory": "Musical Instruments", "salesRank": 3352}, {"asin": "B00018ANOE", "name": "Vaughan R16 16-Ounce Steel Eagle Curved Claw Hammer, Smooth Face, 12 3/4-Inch Long.", "imUrl": "http://ecx.images-amazon.com/images/I/41ZPN4GD81L._SY300_.jpg", "price": 50.41, "numReviews": 1, "groups": [74], "averageRating": 5.0}, {"asin": "B00F5L4SHA", "name": "Allied Tools 31383 16-Ounce White Rubber Mallet, 1-Pack", "imUrl": "http://ecx.images-amazon.com/images/I/31En2AUCLoL._SY300_.jpg", "price": 7.29, "numReviews": 1, "groups": [75], "averageRating": 3.0}, {"asin": "B0052ZSBPO", "name": "Dritz Magnetic Upholstery Tack Hammer", "imUrl": "http://ecx.images-amazon.com/images/I/31JmK0gKxbL._SY300_.jpg", "price": 12.81, "numReviews": 1, "groups": [76], "averageRating": 5.0, "brand": "Dritz", "salesRankCategory": "Arts, Crafts & Sewing", "salesRank": 50267}, {"asin": "B003EABPMK", "name": "Dead On Tools DOC-21C Curved Handle Framing Hammer, 21 Ounce, Chrome", "imUrl": "http://ecx.images-amazon.com/images/I/31e9VNNolLL._SY300_.jpg", "price": 19.95, "numReviews": 3, "groups": [77], "averageRating": 1.0, "brand": "Dead On Tools"}, {"asin": "B00C5R7K9U", "name": "Wilton BASH Sledgehammer - 6-Lb. Head, 16in. Handle, Model# 20616 [Misc.]", "imUrl": "http://ecx.images-amazon.com/images/I/31LnaNujPFL._SY300_.jpg", "price": 66.7, "numReviews": 2, "groups": [78], "averageRating": 5.0, "brand": "Wilton"}, {"asin": "B00004TBQI", "name": "Shark Corp 20-2110 14-Ounce Smooth Face Duck Finish Hammer", "imUrl": "http://ecx.images-amazon.com/images/I/31HM20HQ28L._SY300_.jpg", "price": 12.14, "numReviews": 12, "groups": [79], "averageRating": 4.166666666666667}, {"asin": "B0000224VD", "name": "Estwing Mfg Co. E3-20C Claw Hammers Metal Handle", "imUrl": "http://ecx.images-amazon.com/images/I/41iCavtqAYL._SY300_.jpg", "price": 26.94, "numReviews": 8, "groups": [80], "averageRating": 4.75, "brand": "Estwing"}, {"asin": "B000NPT63E", "name": "TEKTON 3180 40mm Double-Face Soft Mallet", "imUrl": "http://ecx.images-amazon.com/images/I/31T8ZrL1sWL._SX300_.jpg", "price": 9.99, "numReviews": 39, "groups": [81], "averageRating": 4.435897435897436, "brand": "TEKTON"}, {"asin": "B0017SV6KC", "name": "Thor 03-212  Copper/Rawhide Split Face Hammer 1-1/2-Inch Face Diameter", "imUrl": "http://ecx.images-amazon.com/images/I/31uVcOIM1vL._SY300_.jpg", "price": 62.8, "numReviews": 3, "groups": [45], "averageRating": 5.0}, {"asin": "B003HGH426", "name": "BOSTITCH 51-857 22oz Smooth Face Steel Framing Hammer", "imUrl": "http://ecx.images-amazon.com/images/I/31mJALVk-WL._SX300_.jpg", "price": 24.9, "numReviews": 1, "groups": [82], "averageRating": 5.0}, {"asin": "B001HBTH5K", "name": "SE 8324BH 4-Ounce Ball Peen Hammer", "imUrl": "http://ecx.images-amazon.com/images/I/41Q0bNOIJQL._SX300_.jpg", "price": 4.7, "numReviews": 16, "groups": [83], "averageRating": 3.1875, "brand": "SE"}, {"asin": "B000NVPITO", "name": "LINK HANDLE DIV OF SEYMOUR 102-19 32-Inch  Axe Handle", "imUrl": "http://ecx.images-amazon.com/images/I/21IsPkrFW9L._SY300_.jpg", "price": 18.36, "numReviews": 1, "groups": [84], "averageRating": 5.0}, {"asin": "B00004UDN3", "name": "Stanley 57-595 16-Ounce Soft Face Hammer", "imUrl": "http://ecx.images-amazon.com/images/I/31Ga--mY1iL._SX300_.jpg", "price": 19.99, "numReviews": 3, "groups": [85], "averageRating": 4.666666666666667, "brand": "Stanley"}, {"asin": "B00424SRPK", "name": "Texturing Hammer With 9 Faces", "imUrl": "http://ecx.images-amazon.com/images/I/41ydJJINHPL._SY300_.jpg", "price": 30.39, "numReviews": 41, "groups": [86], "averageRating": 3.8292682926829267, "salesRankCategory": "Home & Kitchen", "salesRank": 31868}, {"asin": "B00004Z2WZ", "name": "Vaughan 999L 20-Ounce Professional Framing Hammer, Smooth Face, Longer White Hickory Handle, 16-Inch Long.", "imUrl": "http://ecx.images-amazon.com/images/I/31WESZWFD9L._SX300_.jpg", "price": 19.99, "numReviews": 9, "groups": [18], "averageRating": 4.888888888888889}, {"asin": "B0002YWD5Y", "name": "EstWing 27E 27 oz Polyurethane deadblow hammer w/vinyl grip", "imUrl": "http://ecx.images-amazon.com/images/I/21Mymu70tgL.jpg", "price": 36.19, "numReviews": 1, "groups": [87], "averageRating": 4.0, "salesRankCategory": "Industrial & Scientific", "salesRank": 31609}, {"asin": "B00AYH1YY0", "name": "SE - Hammer - Claw, Mini, 8 Oz -", "imUrl": "http://ecx.images-amazon.com/images/I/41JMzlmQKdL._SX300_.jpg", "price": 9.67, "numReviews": 1, "groups": [88], "averageRating": 5.0, "brand": "SE"}, {"asin": "B000022662", "name": "Stiletto  TI14SS Titan 14-ounce Titanium Framing Hammer With Straight Handle", "imUrl": "http://ecx.images-amazon.com/images/I/21B9lkvtMWL._SY300_.jpg", "price": 100.35, "numReviews": 12, "groups": [89], "averageRating": 4.5, "brand": "Stiletto"}, {"asin": "B003XQYRU2", "name": "Pieh Blacksmith Tools Peddinghaus Cross Pein Hammer - 28-oz. German Cross Pein", "imUrl": "http://ecx.images-amazon.com/images/I/31cwKi-j49L._SY300_.jpg", "price": 36.0, "numReviews": 2, "groups": [90], "averageRating": 5.0}, {"asin": "B0058EDPYG", "name": "Rivet Hammer-square Face 1/2in", "imUrl": "http://ecx.images-amazon.com/images/I/314SuPA1YcL._SY300_.jpg", "price": 14.32, "numReviews": 1, "groups": [91], "averageRating": 5.0}, {"asin": "B00F97ZKCC", "name": "Isolate It!: Sorbothane Soft-blow Mallet for Automotive, Cabinetry, Carpentry and Glass Work - Small 5.5oz", "imUrl": "http://ecx.images-amazon.com/images/I/41fs60gWi6L._SX300_.jpg", "price": 29.95, "numReviews": 1, "groups": [92], "averageRating": 5.0}, {"asin": "B00002NB7P", "name": "Plumb Hickory Ball Pein Hammer - 24 ounce", "imUrl": "http://ecx.images-amazon.com/images/I/31pSg5RwK7L._SX300_.jpg", "price": 13.5, "numReviews": 2, "groups": [93], "averageRating": 4.5}, {"asin": "B003HGH41W", "name": "BOSTITCH 51-856 22oz Checker Face Steel Framing Hammer", "imUrl": "http://ecx.images-amazon.com/images/I/31zRGWyRtTL._SX300_.jpg", "price": 24.95, "numReviews": 8, "groups": [94, 95], "averageRating": 4.625, "brand": "BOSTITCH"}, {"asin": "B000H6UUGQ", "name": "Vaughan 07160 16-Ounce Dalluge Titanium Hammer, 18-Inch Straight Hickory Handle", "imUrl": "http://ecx.images-amazon.com/images/I/31lNdKWe8bL._SX300_.jpg", "price": 114.9, "numReviews": 3, "groups": [96], "averageRating": 4.333333333333333, "brand": "Vaughan"}, {"asin": "B00100DY84", "name": "Dalluge Tools 1650 16-oz Finish/Trim Hammer 14\" Curved Handle Smooth Face (01650)", "imUrl": "http://ecx.images-amazon.com/images/I/41QytRx-d6L._SY300_.jpg", "price": 32.19, "numReviews": 6, "groups": [97], "averageRating": 4.333333333333333}, {"asin": "B003XQUQZM", "name": "Pieh Blacksmith Tools Peddinghaus Cross Pein Hammer - 35-oz. Swedish Cross Pein", "imUrl": "http://ecx.images-amazon.com/images/I/21T3O1JKFJL._SY300_.jpg", "price": 56.0, "numReviews": 2, "groups": [98], "averageRating": 4.5}, {"asin": "B000KKXSUY", "name": "EstWing E330SM 30 oz Solid Steel Nail Hammer Milled Face", "imUrl": "http://ecx.images-amazon.com/images/I/31Pzg91vBAL._SX300_.jpg", "price": 35.44, "numReviews": 1, "groups": [99], "averageRating": 5.0}, {"asin": "B000KL0TM8", "name": "Stiletto Ti14MC-16 Titanium 14-ounce Milled Face Hammer with a Curved 16\" Hickory Handle", "imUrl": "http://ecx.images-amazon.com/images/I/31nhtCHBgCL._SY300_.jpg", "price": 89.99, "numReviews": 2, "groups": [100], "averageRating": 5.0}, {"asin": "B00005QVQI", "name": "Stanley 51-941 16-Ounce AntiVibe Curved Claw Forged Steel Head and Handle Hammer", "imUrl": "http://ecx.images-amazon.com/images/I/31XHVPAzeaL._SY300_.jpg", "price": 12.05, "numReviews": 9, "groups": [101], "averageRating": 4.444444444444445, "brand": "Stanley"}, {"asin": "B000NPR2RQ", "name": "TEKTON 3087 48-oz. Fiberglass Ball Pein Hammer", "imUrl": "http://ecx.images-amazon.com/images/I/31MQY7crYYL._SX300_.jpg", "price": 15.86, "numReviews": 8, "groups": [102], "averageRating": 4.875, "brand": "TEKTON"}, {"asin": "B005Q7CNUC", "name": "Truper 33672 Replacement Fiberglass Handle For Sledge, Maul and 2-1/2-Pound Pick, 36-Inch", "imUrl": "http://ecx.images-amazon.com/images/I/21W858fYLFL._SY300_.jpg", "price": 26.92, "numReviews": 2, "groups": [103], "averageRating": 4.5, "salesRankCategory": "Patio, Lawn & Garden", "salesRank": 132890}, {"asin": "B000VYKPTG", "name": "Vaughan 1600 16 Oz 14\" Daluge Trim Hammer Wood Handle", "imUrl": "http://ecx.images-amazon.com/images/I/3111f9Nz5JL._SX300_.jpg", "price": 23.76, "numReviews": 1, "groups": [104], "averageRating": 5.0, "brand": "Vaughan"}, {"asin": "B000NPUK5C", "name": "TEKTON 3176 Double-Face Soft Mallet", "imUrl": "http://ecx.images-amazon.com/images/I/212PwS-7RiL._SX300_.jpg", "price": 7.81, "numReviews": 6, "groups": [105], "averageRating": 4.666666666666667}, {"asin": "B000WNKTFQ", "name": "Dalluge Tools 1250 12-oz Finish/Trim Hammer 14\" Curved Handle Smooth Face (01250)", "imUrl": "http://ecx.images-amazon.com/images/I/31scKorp1VL._SX300_.jpg", "price": 35.99, "numReviews": 4, "groups": [106], "averageRating": 3.25}, {"asin": "B00DQ9A2AK", "name": "Vaughan RS17 Stealth Rip Hammer All Steel Plain Face 480g (17oz)", "imUrl": "http://ecx.images-amazon.com/images/I/319vgVj48bL._SX300_.jpg", "price": 18.79, "numReviews": 4, "groups": [11, 15], "averageRating": 4.75, "brand": "Vaughan"}, {"asin": "B00079R1YW", "name": "Stiletto TB15MS 15 oz. TiBone TBII-15 Milled/Straight Framing Hammer with Replaceable Steel Face", "imUrl": "http://ecx.images-amazon.com/images/I/21dzhldu8gL._SY300_.jpg", "price": 225.96, "numReviews": 2, "groups": [107], "averageRating": 5.0, "brand": "Stiletto"}, {"asin": "B001DZNDWS", "name": "Northern Industrial Dead Blow Hammers, 3-Pc. Set [Misc.]", "imUrl": "http://ecx.images-amazon.com/images/I/31qBTu1eXOL._SY300_.jpg", "price": 24.4, "numReviews": 2, "groups": [108], "averageRating": 3.0}, {"asin": "B007KHE20K", "name": "Craftsman 9-38262 40-Ounce Blacksmith Hammer", "imUrl": "http://ecx.images-amazon.com/images/I/31knW0SdY6L._SX300_.jpg", "price": 29.2, "numReviews": 1, "groups": [109], "averageRating": 1.0, "brand": "Craftsman"}, {"asin": "B00004TBQJ", "name": "Shark Corp 20-2120 14-Ounce Milled Face Japanese Finish Hammer", "imUrl": "http://ecx.images-amazon.com/images/I/31JT4P9PEXL._SY300_.jpg", "price": 23.2, "numReviews": 4, "groups": [110], "averageRating": 4.5}, {"asin": "B000VJNWXM", "name": "Olympia Tool 61-134 14-Ounce Dead Blow Hammer", "imUrl": "http://ecx.images-amazon.com/images/I/317zeOWsmmL._SX300_.jpg", "price": 12.42, "numReviews": 5, "groups": [111], "averageRating": 4.6}, {"asin": "B0039W261W", "name": "Leather Mallet 1\" for Woodworking, Jewelry, Gunsmithing", "imUrl": "http://ecx.images-amazon.com/images/I/311SEfLN3VL._SX300_.jpg", "price": 7.76, "numReviews": 3, "groups": [112], "averageRating": 5.0}, {"asin": "B00002X1XG", "name": "Stanley 54-716 16 oz Jacketed Graphite Ball Pein Hammer", "imUrl": "http://ecx.images-amazon.com/images/I/11NX3J0HQTL.jpg", "price": 18.4, "numReviews": 4, "groups": [113], "averageRating": 4.75, "brand": "Stanley"}, {"asin": "B002OBCLD2", "name": "Vaughan & Bushnell 645-00 17-1/2\" Replacement Straight Hatchet Style Handle for 19-oz California Framer Hammer - BlueMax Grade (64500)", "imUrl": "http://ecx.images-amazon.com/images/I/216eXPxR12L.jpg", "price": 10.55, "numReviews": 2, "groups": [114], "averageRating": 5.0, "brand": "Vaughan & Bushnell"}, {"asin": "B007C6ME8G", "name": "Craftsman 9-38045 16-Ounce Curved Claw Hammer", "imUrl": "http://ecx.images-amazon.com/images/I/310Wpe%2BtYKL._SX300_.jpg", "price": 26.0, "numReviews": 1, "groups": [115], "averageRating": 4.0, "brand": "Craftsman"}, {"asin": "B003MRN3T8", "name": "General Tech Intl 2258622 \"Steelgrip\" Rubber Mallet 8 Oz", "imUrl": "http://ecx.images-amazon.com/images/I/21ktp%2BCRXyL._SX300_.jpg", "price": 1.11, "numReviews": 44, "groups": [116], "averageRating": 4.431818181818182}, {"asin": "B00004UDLX", "name": "Stanley 51-716 16-Ounce Wood Handle Rip Claw Nail Hammer", "imUrl": "http://ecx.images-amazon.com/images/I/31oykmT95JL._SX300_.jpg", "price": 5.74, "numReviews": 4, "groups": [117], "averageRating": 2.75, "brand": "Stanley"}, {"asin": "B0002IGHD4", "name": "Vaughan SF6 6-Ounce Soft-Face Hammer, 1 3/8-Inch Face Diameter, 10 1/2-Inch Long.", "imUrl": "http://ecx.images-amazon.com/images/I/31VNHQTYNFL._SX300_.jpg", "price": 21.0, "numReviews": 7, "groups": [118], "averageRating": 5.0}, {"asin": "B005Y575HC", "name": "Wilton 20830 8 lb. BASH Sledge Hammer with 30-in Unbreakable Handle", "imUrl": "http://ecx.images-amazon.com/images/I/31Tn-yZ224L._SY300_.jpg", "price": 85.21, "numReviews": 1, "groups": [119], "averageRating": 5.0, "brand": "Wilton"}, {"asin": "B0085MP4ME", "name": "Raising Hammer- Small, Rectangular, 4 -1/2in", "imUrl": "http://ecx.images-amazon.com/images/I/312Zkz4n0OL._SY300_.jpg", "price": 22.05, "numReviews": 1, "groups": [120], "averageRating": 3.0}, {"asin": "B00079R1XS", "name": "Stiletto STLHDL-CE 18\" Curved-Epoxy Dipped Replaceable Handle  with  wedges ( Fits 12,14,19 & 21 ounce )", "imUrl": "http://ecx.images-amazon.com/images/I/21JlZshA-zL._SY300_.jpg", "price": 14.02, "numReviews": 1, "groups": [121], "averageRating": 4.0}, {"asin": "B00EDLY1K2", "name": "Dasco 881 36-Inch Sledge-Splitting Maul Handle", "imUrl": "http://ecx.images-amazon.com/images/I/31Ga9HP9GAL._SX300_.jpg", "price": 21.0, "numReviews": 2, "groups": [122], "averageRating": 3.5}, {"asin": "B000Q6WEX4", "name": "Stanley 51-177 22 Ounce Fatmax Xtreme Antivibe Smooth Framing Hammer", "imUrl": "http://ecx.images-amazon.com/images/I/31yjHe9hUZL._SY300_.jpg", "price": 33.03, "numReviews": 1, "groups": [123], "averageRating": 5.0, "brand": "Stanley"}, {"asin": "B0000224VG", "name": "Estwing Mfg Co. E3-16S 16-Ounce Rip Claw Hammer with Steel Handle", "imUrl": "http://ecx.images-amazon.com/images/I/31ZTujPkvvL._SY300_.jpg", "price": 23.1, "numReviews": 27, "groups": [124], "averageRating": 4.851851851851852, "brand": "Estwing"}, {"asin": "B000234KOW", "name": "Dead On DO16 16-Ounce Smooth Face Finish Hammer with Straight Handle", "imUrl": "http://ecx.images-amazon.com/images/I/31htFXxXaxL._SY300_.jpg", "price": 23.2, "numReviews": 4, "groups": [125], "averageRating": 4.75, "brand": "Dead On"}, {"asin": "B000FK3VYM", "name": "Vaughan CFB21FG 21-Ounce Vaughan Blue Max Framing Hammer, 16-Inch Fiberglass Handle", "imUrl": "http://ecx.images-amazon.com/images/I/313rp0wjWQL._SX300_.jpg", "price": 33.4, "numReviews": 6, "groups": [33], "averageRating": 3.6666666666666665}, {"asin": "B000NZ1BHI", "name": "Angico Carver's Mallet", "imUrl": "http://ecx.images-amazon.com/images/I/41nOXo2aG1L._SX300_.jpg", "price": 27.95, "numReviews": 9, "groups": [126], "averageRating": 4.777777777777778}, {"asin": "B002M37VIW", "name": "Vaughan & Bushnell 643-02 16-1/2\" Replacement Straight Hatchet Style Handle for 19-oz California Framer Hammer - Supreme Grade (64302)", "imUrl": "http://ecx.images-amazon.com/images/I/31FsQzO2qOL.jpg", "price": 9.99, "numReviews": 1, "groups": [127], "averageRating": 5.0}, {"asin": "B000KL0TUA", "name": "Stiletto Ti16SS Titanium 16 Smooth Face Hammer with a Straight 18\" Hickory Handle", "imUrl": "http://ecx.images-amazon.com/images/I/31k-H3AMaFL._SY300_.jpg", "price": 96.99, "numReviews": 2, "groups": [128], "averageRating": 4.5, "brand": "Stiletto"}, {"asin": "B006MGMTI2", "name": "Wilton 21024 10 Pound Head, 24-Inch BASH Sledge Hammer", "imUrl": "http://ecx.images-amazon.com/images/I/31lECrMps4L._SY300_.jpg", "price": 96.99, "numReviews": 2, "groups": [129], "averageRating": 5.0, "brand": "Wilton"}, {"asin": "B000WNFOZ6", "name": "Dalluge Tools 1200 12-oz Finish/Trim Hammer 12\" Straight Handle Smooth Face (01200)", "imUrl": "http://ecx.images-amazon.com/images/I/31nvLaI%2B3DL._SX300_.jpg", "price": 34.99, "numReviews": 1, "groups": [130], "averageRating": 3.0}, {"asin": "B00079R1YM", "name": "Stiletto TB15MC TiBone 15-Ounce Titanium Milled-Face Hammer", "imUrl": "http://ecx.images-amazon.com/images/I/31OSonG9OnL._SY300_.jpg", "price": 219.97, "numReviews": 36, "groups": [50], "averageRating": 4.555555555555555}, {"asin": "B0000DD182", "name": "Woodstock D2671 8-Ounce Cross Peen Hammer-Hickory", "imUrl": "http://ecx.images-amazon.com/images/I/31JZZMmSe-L._SY300_.jpg", "price": 12.5, "numReviews": 7, "groups": [131], "averageRating": 4.285714285714286, "brand": "Woodstock"}, {"asin": "B000NPR2U8", "name": "TEKTON 3179 35mm Double-Face Soft Mallet", "imUrl": "http://ecx.images-amazon.com/images/I/31qMBoo3GVL._SX300_.jpg", "price": 7.81, "numReviews": 309, "groups": [61], "averageRating": 4.550161812297735, "brand": "TEKTON"}, {"asin": "B000LNKK1A", "name": "Plumb SS22RN 22-Ounce Solid Steel Rip Claw Hammer With Magnetic Nail Starter", "imUrl": "http://ecx.images-amazon.com/images/I/31x8r4NXsLL._SX300_.jpg", "price": 30.12, "numReviews": 1, "groups": [132], "averageRating": 3.0}, {"asin": "B0000224VE", "name": "Estwing E16S 16-Ounce Straight Claw Leather Handle Hammer", "imUrl": "http://ecx.images-amazon.com/images/I/310YT%2B-xCxL._SY300_.jpg", "price": 23.99, "numReviews": 61, "groups": [124], "averageRating": 4.852459016393443, "brand": "Estwing"}, {"asin": "B004FELI94", "name": "Sheffield 58550 Compact Design 8-Ounce Mini Claw Hammer", "imUrl": "http://ecx.images-amazon.com/images/I/413SakdsJKL._SY300_.jpg", "price": 7.99, "numReviews": 6, "groups": [133], "averageRating": 4.0, "brand": "Sheffield"}, {"asin": "B000NPUJYY", "name": "TEKTON 3013 Wood Claw Hammer, 8-Ounce", "imUrl": "http://ecx.images-amazon.com/images/I/31%2Bx5MUld6L._SX300_.jpg", "price": 6.13, "numReviews": 11, "groups": [44], "averageRating": 4.636363636363637, "brand": "TEKTON"}, {"asin": "B000WNMPZ8", "name": "Dalluge Tools 3600 19\" Curved Hickory Replacement Hammer Handle for 7165 & 7175 Titanium Hammers (03600)", "imUrl": "http://ecx.images-amazon.com/images/I/31%2BqnoG%2BgWL._SX300_.jpg", "price": 14.99, "numReviews": 2, "groups": [134], "averageRating": 5.0}, {"asin": "B005Y574EG", "name": "Wilton 20412 4 Pound Head, 12-Inch Unbreakable Hammer Handle", "imUrl": "http://ecx.images-amazon.com/images/I/319z4JLDFiL._SY300_.jpg", "price": 42.92, "numReviews": 11, "groups": [135], "averageRating": 5.0, "brand": "Wilton"}, {"asin": "B0089F3OU6", "name": "TruePower Dead Blow Hammer Set 1, 2 & 4 LBS", "imUrl": "http://ecx.images-amazon.com/images/I/41cLAD0EZhL._SX300_.jpg", "price": 34.99, "numReviews": 4, "groups": [136], "averageRating": 5.0}, {"asin": "B000P50RVC", "name": "Armstrong 68-524 24 -Ounce Dead Blow Ball Pein Hammer", "imUrl": "http://ecx.images-amazon.com/images/I/31GLu4qiGlL._SX300_.jpg", "price": 58.0, "numReviews": 2, "groups": [137], "averageRating": 4.5}, {"asin": "B00433SC4Q", "name": "Estwing MRF3LB 11-Inch Length SureStrike Drilling Hammer, 3-Pound", "imUrl": "http://ecx.images-amazon.com/images/I/3140E0eGlYL._SY300_.jpg", "price": 17.84, "numReviews": 6, "groups": [23, 138], "averageRating": 4.833333333333333, "brand": "Estwing"}, {"asin": "B000I1KH5O", "name": "Stanley 51-165 20-Ounce FatMax Xtreme AntiVibe Rip Claw Nailing Hammer", "imUrl": "http://ecx.images-amazon.com/images/I/31oQNq1C9XL._SY300_.jpg", "price": 30.45, "numReviews": 16, "groups": [139], "averageRating": 3.8125, "brand": "Stanley"}, {"asin": "B00004Z2XF", "name": "Vaughan & Bushnell FS999L 999 Straight Claw Fiberglass Handle Hammer with Smooth Face, 16-Inch Length", "imUrl": "http://ecx.images-amazon.com/images/I/31bYI9%2BOMhL._SY300_.jpg", "price": 23.65, "numReviews": 2, "groups": [34], "averageRating": 5.0, "brand": "Vaughan & Bushnell"}, {"asin": "B00004Z2Y0", "name": "Vaughan CFB2HCM 19-Ounce 17-Inch Blue Max High Performance California Framing Hammer", "imUrl": "http://ecx.images-amazon.com/images/I/31H70QQHXXL._SY300_.jpg", "price": 37.61, "numReviews": 25, "groups": [140], "averageRating": 4.72}, {"asin": "B00005QVQK", "name": "Stanley 51-943 20-Ounce AntiVibe Curved Claw Hammer", "imUrl": "http://ecx.images-amazon.com/images/I/31r30mEPp8L._SX300_.jpg", "price": 20.75, "numReviews": 7, "groups": [141], "averageRating": 5.0}, {"asin": "B007C6IAWA", "name": "Craftsman 701876 16-Ounce 13 1/2-Inch Polished Fiberglass Rip Claw Hammer", "imUrl": "http://ecx.images-amazon.com/images/I/31mPIZdAe3L._SX300_.jpg", "price": 24.99, "numReviews": 1, "groups": [142], "averageRating": 5.0}, {"asin": "B00079R1V0", "name": "Stiletto FH10S Ti 10 Smooth Face Hammer with a Straight 16\" Hickory Handle", "imUrl": "http://ecx.images-amazon.com/images/I/31TgH3lpVwL._SY300_.jpg", "price": 92.2, "numReviews": 5, "groups": [143], "averageRating": 5.0, "brand": "Stiletto"}, {"asin": "B000CD1BE4", "name": "Estwing E6-24TM Steel HammerTooth Hammer", "imUrl": "http://ecx.images-amazon.com/images/I/31DuwK-OitL._SY300_.jpg", "price": 42.57, "numReviews": 1, "groups": [144], "averageRating": 5.0, "brand": "Estwing"}, {"asin": "B000NVSFAI", "name": "O P Link Hammer Handle Wood & Steel Wedges (04512-00)", "imUrl": "http://ecx.images-amazon.com/images/I/41gTQi8c1WL._SY300_.jpg", "price": 0.99, "numReviews": 2, "groups": [145], "averageRating": 2.5}, {"asin": "B000NIBHXS", "name": "Stanley 51-162 16 oz FatMax Xtreme AntiVibe Curve Claw Nailing Hammer", "imUrl": "http://ecx.images-amazon.com/images/I/31%2BNTmD5H6L._SY300_.jpg", "price": 18.87, "numReviews": 9, "groups": [101], "averageRating": 4.444444444444445, "brand": "Stanley"}, {"asin": "B001IWOLDG", "name": "Dalluge DDT16P 16 Ounce DDTP Titanium Hammer", "imUrl": "http://ecx.images-amazon.com/images/I/31LH6AbnWdL._SX300_.jpg", "price": 118.0, "numReviews": 16, "groups": [146], "averageRating": 4.5, "brand": "Dalluge"}, {"asin": "B003N2N8FQ", "name": "8 Oz Leather Mallet for Woodworking, Jewelry, Gunsmithi", "imUrl": "http://ecx.images-amazon.com/images/I/31Pz0D2sSVL._SX300_.jpg", "price": 15.75, "numReviews": 8, "groups": [147], "averageRating": 4.0}, {"asin": "B000BDHAXQ", "name": "Fuller Tool 611-8024 24-Ounce PRO WAVEX Shock-Absorbing Ball Peen Hammer", "imUrl": "http://ecx.images-amazon.com/images/I/31BxNK7WmUL._SX300_.jpg", "price": 18.04, "numReviews": 4, "groups": [148], "averageRating": 4.75}, {"asin": "B0018QNLCY", "name": "12\" Rubber Mallet / Hammer With 4 Interchangeable Heads - Brass, Stainless Steel, Nylon, Plastic", "imUrl": "http://ecx.images-amazon.com/images/I/31htpN3Wi4L._SX300_.jpg", "price": 19.78, "numReviews": 3, "groups": [149], "averageRating": 4.333333333333333}, {"asin": "B00433SC0A", "name": "Estwing MRF40BS 14-Inch Length SureStrike Blacksmith's Hammer, 40-Ounce", "imUrl": "http://ecx.images-amazon.com/images/I/31hPPGGOozL._SY300_.jpg", "price": 17.97, "numReviews": 6, "groups": [150], "averageRating": 4.333333333333333, "brand": "Estwing"}, {"asin": "B0058ECR72", "name": "Small Ballpein Hammer 2 Oz. - HAM-430.01", "imUrl": "http://ecx.images-amazon.com/images/I/21e0MKZfNjL._SX300_.jpg", "price": 6.0, "numReviews": 3, "groups": [151], "averageRating": 5.0}, {"asin": "B0012YQDJK", "name": "Vaughan 13050 24 Ounce A/S Rip Hammer", "imUrl": "http://ecx.images-amazon.com/images/I/31bK8Pp%2Bv%2BL._SX300_.jpg", "price": 46.97, "numReviews": 5, "groups": [15], "averageRating": 5.0, "brand": "Vaughan"}, {"asin": "B000GOTLS2", "name": "Robert Larson 615-1220 Large Carpenters Mallet", "imUrl": "http://ecx.images-amazon.com/images/I/319-6uhZdHL._SY300_.jpg", "price": 14.32, "numReviews": 7, "groups": [152], "averageRating": 4.428571428571429, "brand": "Robert Larson"}, {"asin": "B001BKXLXQ", "name": "Stiletto FH10C-P 10 oz. Finish Hammer with 14-Inch Curved Poly Fiberglass Handle", "imUrl": "http://ecx.images-amazon.com/images/I/31WD9QWOVoL._SY300_.jpg", "price": 79.99, "numReviews": 6, "groups": [153], "averageRating": 4.833333333333333}, {"asin": "B00002N7QD", "name": "Apex Tool Group 11405 Fiberglass Handled Hammer with Curved Claw, 20-Ounce", "imUrl": "http://ecx.images-amazon.com/images/I/318sA1aOQ4L._SX300_.jpg", "price": 11.79, "numReviews": 4, "groups": [154], "averageRating": 5.0, "brand": "Apex Tool Group"}, {"asin": "B007KHDZM6", "name": "Craftsman 9-38101 5-Ounce Magnetic Tack Hammer", "imUrl": "http://ecx.images-amazon.com/images/I/31IMt-XMZ%2BL._SY300_.jpg", "price": 8.62, "numReviews": 2, "groups": [155], "averageRating": 5.0}, {"asin": "B000I0BWY0", "name": "6In1 Phil Claw Hammer", "imUrl": "http://ecx.images-amazon.com/images/I/31xb8HFNWIL._SX300_.jpg", "price": 7.99, "numReviews": 2, "groups": [156], "averageRating": 4.5}, {"asin": "B00002N5N2", "name": "EstWing E320SM 20 oz Solid Steel Nail Hammer Milled Face", "imUrl": "http://ecx.images-amazon.com/images/I/31ygqRggcrL._SX300_.jpg", "price": 26.96, "numReviews": 4, "groups": [157], "averageRating": 3.5}, {"asin": "B00004Z2X9", "name": "Vaughan FS999 20-Ounce -Inch999-Inch Straight Claw Hammer, Smooth Face, Straight Fiberglass Handle, 14-Inch Long.", "imUrl": "http://ecx.images-amazon.com/images/I/31JBBH2RBKL._SX300_.jpg", "price": 27.16, "numReviews": 8, "groups": [34], "averageRating": 4.375}, {"asin": "B0002IGGVC", "name": "Vaughan TTC1FG 16-Inch, 16-Ounce TiTech Milled-Face Titanium Hammer with Fiberglass Handle", "imUrl": "http://ecx.images-amazon.com/images/I/412NXYTSDRL._SX300_.jpg", "price": 105.87, "numReviews": 7, "groups": [158], "averageRating": 3.857142857142857, "brand": "Vaughan"}, {"asin": "B00433SBWE", "name": "Estwing CCD45 45-Ounce Deadblow Hammer, 14-Inch Length", "imUrl": "http://ecx.images-amazon.com/images/I/314j1WtxJ3L._SY300_.jpg", "price": 38.99, "numReviews": 12, "groups": [2], "averageRating": 5.0, "brand": "Estwing"}, {"asin": "B004X9D0BU", "name": "BOSTITCH 51-224 16-Ounce 1-Piece Smooth Face Steel Framing Hammer", "imUrl": "http://ecx.images-amazon.com/images/I/31nStqalfFL._SX300_.jpg", "price": 18.99, "numReviews": 2, "groups": [159], "averageRating": 4.0, "brand": "BOSTITCH"}, {"asin": "B009YO2VJQ", "name": "LINK HANDLE DIV OF SEYMOUR 04513-00 Axe Hand Wedge", "imUrl": "http://ecx.images-amazon.com/images/I/41Oz3p4GmDL._SY300_.jpg", "price": 4.32, "numReviews": 1, "groups": [160], "averageRating": 5.0}, {"asin": "B00002N5KB", "name": "Plumb 11436 16 -Ounce Premium Hickory Autograf Curved Claw Hammer", "imUrl": "http://ecx.images-amazon.com/images/I/31B1YACWSVL._SX300_.jpg", "price": 23.13, "numReviews": 11, "groups": [161], "averageRating": 3.909090909090909}, {"asin": "B000FPDJYO", "name": "Powerbuilt 648336 16 Ounce White Rubber Mallet", "imUrl": "http://ecx.images-amazon.com/images/I/21o440LzM7L._SY300_.jpg", "price": 7.88, "numReviews": 10, "groups": [162, 163], "averageRating": 4.6, "brand": "Powerbuilt"}, {"asin": "B001LYHYMQ", "name": "BRASS HEAD MALLET By Peachtree Woodworking - PW1198", "imUrl": "http://ecx.images-amazon.com/images/I/41uk1MbIBlL._SY300_.jpg", "price": 19.99, "numReviews": 5, "groups": [164], "averageRating": 4.2}, {"asin": "B008VPYXVI", "name": "Estwing E3-22SM 22-Ounce Framing Hammer, Milled Face", "imUrl": "http://ecx.images-amazon.com/images/I/31ZcRa6dNuL._SX300_.jpg", "price": 30.02, "numReviews": 1, "groups": [165], "averageRating": 4.0, "brand": "Estwing"}, {"asin": "B00INRO4NG", "name": "1\" (25MM) Size Interchangeable Double-Face, Light Weight Upholstery Soft Mallet + 2 Spare Heads - SFH25", "imUrl": "http://ecx.images-amazon.com/images/I/41uMMObqXsL._SY300_.jpg", "price": 7.9, "numReviews": 2, "groups": [166], "averageRating": 4.0}, {"asin": "B00002X1XK", "name": "Stanley 57-531 18-OZ Compo-Cast Standard Head Soft Face Hammer", "imUrl": "http://ecx.images-amazon.com/images/I/11QXJ4XCD1L.jpg", "price": 21.92, "numReviews": 2, "groups": [167], "averageRating": 5.0, "brand": "Stanley"}, {"asin": "B000VKSK6U", "name": "Footprint 190634 112 8-Ounce Warrington Hammer", "imUrl": "http://ecx.images-amazon.com/images/I/21qDDhoJkFL._SX300_.jpg", "price": 18.48, "numReviews": 2, "groups": [168], "averageRating": 2.0}, {"asin": "B00005QVQJ", "name": "Stanley 51-942 16-Ounce AntiVibe Rip Claw Hammer", "imUrl": "http://ecx.images-amazon.com/images/I/31MKoFKl8iL._SX300_.jpg", "price": 19.99, "numReviews": 12, "groups": [169], "averageRating": 4.75, "brand": "Stanley"}, {"asin": "B000NIDC9A", "name": "Stanley 51-127 16 oz Rip Claw One-Piece Steel Hammer", "imUrl": "http://ecx.images-amazon.com/images/I/31k9w1XvUuL._SX300_.jpg", "price": 15.1, "numReviews": 1, "groups": [170], "averageRating": 4.0, "brand": "Stanley"}, {"asin": "B003SZIJEI", "name": "NEW 4 pc Jewelers Hammer SET Jeweler Repair Tool Set", "imUrl": "http://ecx.images-amazon.com/images/I/41JV27fZRdL._SX300_.jpg", "price": 15.99, "numReviews": 1, "groups": [171], "averageRating": 1.0}, {"asin": "B001441E9W", "name": "Stiletto Ti12SC-P16 Ti 12 Smooth Face Hammer with a Curved 16\" Poly-Fiberglass Handle with an AirGrip", "imUrl": "http://ecx.images-amazon.com/images/I/31XxYJ8l1WL._SY300_.jpg", "price": 109.99, "numReviews": 4, "groups": [172], "averageRating": 4.75}, {"asin": "B006MGMSBA", "name": "Wilton 21036 10 lb. BASH Sledge Hammer with 36-in Unbreakable Handle", "imUrl": "http://ecx.images-amazon.com/images/I/315rNccZIVL._SY300_.jpg", "price": 103.0, "numReviews": 9, "groups": [49], "averageRating": 5.0, "brand": "Wilton"}, {"asin": "B0000224V7", "name": "Estwing Mfg Co. E3-28SM Framing Hammer, Metal Handle", "imUrl": "http://ecx.images-amazon.com/images/I/31ygqRggcrL._SX300_.jpg", "price": 33.42, "numReviews": 9, "groups": [173], "averageRating": 4.888888888888889, "brand": "Estwing"}, {"asin": "B00002X1XM", "name": "Stanley 57-533 42-Ounce Compo-Cast Standard Head Soft Face Hammer", "imUrl": "http://ecx.images-amazon.com/images/I/11PPXT2PJAL.jpg", "price": 39.12, "numReviews": 4, "groups": [174], "averageRating": 5.0, "brand": "Stanley"}, {"asin": "B003HGH40S", "name": "BOSTITCH 51-852 22oz Wood Framer Hammer Axe Handler", "imUrl": "http://ecx.images-amazon.com/images/I/21GlnBxXBRL._SX300_.jpg", "price": 18.95, "numReviews": 2, "groups": [175], "averageRating": 4.5, "brand": "BOSTITCH"}, {"asin": "B001LF9LX0", "name": "3 lb. Dead Blow Hammer", "imUrl": "http://ecx.images-amazon.com/images/I/31y5NyekUIL._SY300_.jpg", "price": 20.5, "numReviews": 2, "groups": [176], "averageRating": 3.0}, {"asin": "B000E326ZA", "name": "Grizzly H7561 3-Inch Wooden Mallet", "imUrl": "http://ecx.images-amazon.com/images/I/315DVLwfuxL._SY300_.jpg", "price": 19.52, "numReviews": 2, "groups": [177], "averageRating": 3.0}, {"asin": "B000PSB876", "name": "48 Ounce Double Face Engineer'", "imUrl": "http://ecx.images-amazon.com/images/I/31HtYQsHurL._SX300_.jpg", "price": 34.69, "numReviews": 7, "groups": [178], "averageRating": 5.0}, {"asin": "B002KE4KBY", "name": "Pony 61-182 32 Ounce Rubber Mallet With Wood Handle", "imUrl": "http://ecx.images-amazon.com/images/I/31peb5%2Bt6-L._SX300_.jpg", "price": 16.98, "numReviews": 5, "groups": [179], "averageRating": 4.2}, {"asin": "B00079R21Y", "name": "Stiletto Ti16MS Ti 16 Milled Face Hammer with a Straight 18\" Hickory Handle", "imUrl": "http://ecx.images-amazon.com/images/I/31kgjtFwlqL._SY300_.jpg", "price": 100.0, "numReviews": 2, "groups": [180], "averageRating": 4.0, "brand": "Stiletto"}, {"asin": "B008S9KXIY", "name": "Sainty International 98-831 16-Ounce Tempest Rubber Mallet with Steel Handle", "imUrl": "http://ecx.images-amazon.com/images/I/21tXm-FtfWL._SX300_.jpg", "price": 8.35, "numReviews": 1, "groups": [181], "averageRating": 4.0}, {"asin": "B008VPYYQM", "name": "Estwing E3-20S 20-Ounce Ripping Hammer, Smooth Face", "imUrl": "http://ecx.images-amazon.com/images/I/31sjipEOP7L._SX300_.jpg", "price": 24.65, "numReviews": 2, "groups": [182], "averageRating": 5.0, "brand": "Estwing"}, {"asin": "B00GMN4CQ2", "name": "TEKTON 30705 Dead Blow Hammer, 32 oz.", "imUrl": "http://ecx.images-amazon.com/images/I/317gvntI8wL._SY300_.jpg", "price": 13.44, "numReviews": 2, "groups": [183], "averageRating": 4.5, "brand": "TEKTON"}, {"asin": "B0000AX9FK", "name": "Brass Hammer - 24-Oz.", "imUrl": "http://ecx.images-amazon.com/images/I/3101QRvKePL._SY300_.jpg", "price": 24.5, "numReviews": 2, "groups": [184], "averageRating": 4.5}, {"asin": "B000I0DYJ6", "name": "HANDSAM INDUSTRIAL  704443 MM 12-Pound White Rubber Mallet", "imUrl": "http://ecx.images-amazon.com/images/I/31W%2BeWiazkL._SY300_.jpg", "price": 3.86, "numReviews": 1, "groups": [185], "averageRating": 1.0}, {"asin": "B000UE2BQ2", "name": "Stiletto TBM14RSC TiBone Mini-14 ounce Replaceable Smooth Face Hammer with a Curved  16\" Titanium Handle", "imUrl": "http://ecx.images-amazon.com/images/I/31R8wa0xvBL._SY300_.jpg", "price": 219.99, "numReviews": 10, "groups": [186], "averageRating": 4.5}, {"asin": "B000VSQNDO", "name": "Stanley 51-622 16-Ounce Rip Claw Fiberglass Hammer", "imUrl": "http://ecx.images-amazon.com/images/I/31vJNiVoStL._SX300_.jpg", "price": 12.61, "numReviews": 4, "groups": [187], "averageRating": 5.0, "brand": "Stanley"}, {"asin": "B0010SZ0TW", "name": "Black Rhino 00185 16oz Cali Claw Hammer", "imUrl": "http://ecx.images-amazon.com/images/I/21E1IW3LCXL._SX300_.jpg", "price": 14.99, "numReviews": 2, "groups": [188], "averageRating": 5.0, "brand": "Black Rhino"}, {"asin": "B0094EH72M", "name": "1.2\" 3.0cm Dia Head Black Clear Green Plastic Rubber Hammer for Jeweler Wire Worker", "imUrl": "http://ecx.images-amazon.com/images/I/31Aar0qep7L._SY300_.jpg", "price": 6.01, "numReviews": 4, "groups": [189], "averageRating": 4.0}, {"asin": "B000FPDJYY", "name": "Estwing #dh-18n 18oz Grey Rubber Mallet", "imUrl": "http://ecx.images-amazon.com/images/I/31%2BExjwpoaL._SY300_.jpg", "price": 14.12, "numReviews": 3, "groups": [190], "averageRating": 5.0, "brand": "Estwing"}, {"asin": "B001446PKA", "name": "Stiletto Ti14MC-P16 Ti 14 Milled Face Hammer with a Curved 16\" Poly-Fiberglass Handle with an AirGrip", "imUrl": "http://ecx.images-amazon.com/images/I/31t%2By18z5oL._SY300_.jpg", "price": 105.29, "numReviews": 5, "groups": [191], "averageRating": 3.6, "brand": "Stiletto"}, {"asin": "B000HSGPSQ", "name": "Stanley 51-163 16-Ounce FatMax Xtreme AntiVibe Rip Claw Nailing Hammer", "imUrl": "http://ecx.images-amazon.com/images/I/312LwYS8rjL._SY300_.jpg", "price": 26.43, "numReviews": 20, "groups": [13, 139], "averageRating": 4.15, "brand": "Stanley"}, {"asin": "B000NQ4OTO", "name": "TEKTON 3110 3-lb. Fiberglass Sledge Hammer", "imUrl": "http://ecx.images-amazon.com/images/I/31JBtZvGhkL._SX300_.jpg", "price": 18.09, "numReviews": 29, "groups": [24], "averageRating": 4.0344827586206895, "brand": "TEKTON"}, {"asin": "B003HGH41M", "name": "BOSTITCH 51-855 20oz Steel Hammer Rip Claw", "imUrl": "http://ecx.images-amazon.com/images/I/31sAQiI99IL._SX300_.jpg", "price": 18.79, "numReviews": 10, "groups": [94], "averageRating": 4.5, "brand": "BOSTITCH"}, {"asin": "B003UWBALS", "name": "J H Williams Williams Ball Pein Hammer", "imUrl": "http://ecx.images-amazon.com/images/I/31bYDODNS%2BL._SX300_.jpg", "price": 10.2, "numReviews": 1, "groups": [192], "averageRating": 5.0, "brand": "Williams"}, {"asin": "B0058EDRK8", "name": "Rubber Mallet- 8 Oz - HAM-395.00", "imUrl": "http://ecx.images-amazon.com/images/I/31n5pxxk2NL._SY300_.jpg", "price": 9.95, "numReviews": 3, "groups": [193], "averageRating": 4.333333333333333}, {"asin": "B00002N5NI", "name": "Estwing B3-3LB Drilling Hammer Metal Handle", "imUrl": "http://ecx.images-amazon.com/images/I/31Clb4kejML._SX300_.jpg", "price": 28.09, "numReviews": 28, "groups": [138], "averageRating": 4.642857142857143, "brand": "Estwing"}, {"asin": "B002M8KAKS", "name": "EstWing 22E 22 oz dead blow hammer", "imUrl": "http://ecx.images-amazon.com/images/I/31hju665hVL._SY300_.jpg", "price": 21.63, "numReviews": 1, "groups": [194], "averageRating": 5.0}, {"asin": "B00002N5NA", "name": "Estwing E3-16C Claw Hammers Metal Handle", "imUrl": "http://ecx.images-amazon.com/images/I/31eSHK9kHFL._SY300_.jpg", "price": 21.68, "numReviews": 12, "groups": [195], "averageRating": 4.666666666666667, "brand": "Estwing"}, {"asin": "B00009V42Y", "name": "STANLEY TOOLS 57-522 18-oz Rubber Mallet", "imUrl": "http://ecx.images-amazon.com/images/I/31nyBZ0PPjL._SY300_.jpg", "price": 10.99, "numReviews": 3, "groups": [196], "averageRating": 4.666666666666667}, {"asin": "B000FPAMGC", "name": "Estwing Dh-18 Rubber Mallet 18 Oz, Black", "imUrl": "http://ecx.images-amazon.com/images/I/31SqshJnwJL._SY300_.jpg", "price": 13.35, "numReviews": 1, "groups": [197], "averageRating": 5.0, "brand": "Estwing"}, {"asin": "B007KHE232", "name": "Craftsman 9-38292 12-Ounce Plastic-Tip Hammer", "imUrl": "http://ecx.images-amazon.com/images/I/41OrCW7V62L._SX300_.jpg", "price": 25.99, "numReviews": 1, "groups": [198], "averageRating": 5.0}, {"asin": "B0094EH466", "name": "1.0\" Dia Head Black Clear Green Plastic Rubber Hammer for Jeweler Wire Worker", "imUrl": "http://ecx.images-amazon.com/images/I/310VH%2BnTZ7L._SY300_.jpg", "price": 7.6, "numReviews": 2, "groups": [199], "averageRating": 3.5}, {"asin": "B00002N5N4", "name": "Estwing Mfg Co. E3-22S Framing Hammer Metal Handle", "imUrl": "http://ecx.images-amazon.com/images/I/31P9BjXK1hL._SX300_.jpg", "price": 31.05, "numReviews": 10, "groups": [200], "averageRating": 4.9, "brand": "Estwing"}, {"asin": "B003HGH42G", "name": "BOSTITCH 51-858 28oz Checker Face Steel Framing Hammer", "imUrl": "http://ecx.images-amazon.com/images/I/31ZYhxhbIyL._SX300_.jpg", "price": 24.95, "numReviews": 3, "groups": [95], "averageRating": 5.0, "brand": "BOSTITCH"}, {"asin": "B000NQ4OUS", "name": "TEKTON 3166 16-oz. Fiberglass Rubber Mallet", "imUrl": "http://ecx.images-amazon.com/images/I/31PhXip4QmL._SX300_.jpg", "price": 9.99, "numReviews": 46, "groups": [162], "averageRating": 4.217391304347826, "brand": "TEKTON"}, {"asin": "B002CRLJQI", "name": "Estwing B3-3LB 3-Pound Mashing Hammer with Steel Handle", "imUrl": "http://ecx.images-amazon.com/images/I/31wnhpDp7UL._SX300_.jpg", "price": 29.8, "numReviews": 3, "groups": [201], "averageRating": 5.0, "brand": "Estwing"}, {"asin": "B002JFG4PE", "name": "Stanley 51-625 16 Ounce Grey Fiberglass Hammer", "imUrl": "http://ecx.images-amazon.com/images/I/31AMNTOiXgL._SY300_.jpg", "price": 7.22, "numReviews": 1, "groups": [202], "averageRating": 5.0, "brand": "Stanley"}, {"asin": "B007KHDZDK", "name": "Craftsman 9-38126 16-Ounce Curved Claw Hammer", "imUrl": "http://ecx.images-amazon.com/images/I/31yPCHsKXcL._SX300_.jpg", "price": 34.15, "numReviews": 1, "groups": [203], "averageRating": 5.0, "brand": "Craftsman"}, {"asin": "B000CS1UQ8", "name": "Stiletto STLHDL-C16 16-Inch Curved Replaceable Handle with wedges (Fits 12,14,19 & 21 Ounce)", "imUrl": "http://ecx.images-amazon.com/images/I/21u9HNYis0L._SX300_.jpg", "price": 12.09, "numReviews": 2, "groups": [43], "averageRating": 3.0, "brand": "Stiletto"}, {"asin": "B000NPR2SU", "name": "TEKTON 3104 4-lb. Sledge Hammer", "imUrl": "http://ecx.images-amazon.com/images/I/31mP%2BAxqlZL._SX300_.jpg", "price": 10.98, "numReviews": 2, "groups": [204], "averageRating": 4.0, "brand": "TEKTON"}, {"asin": "B001IWOLLI", "name": "Vaughan 11682 16 Ounce Trim Hammer with Magnetic Nail Starter, Curved Hickory Handle", "imUrl": "http://ecx.images-amazon.com/images/I/31lyy5S%2BhwL._SX300_.jpg", "price": 26.04, "numReviews": 1, "groups": [205], "averageRating": 5.0}, {"asin": "B003N9CQTI", "name": "Graintex RM1572 32 Oz Rubber Mallet with Fiberglass Handle", "imUrl": "http://ecx.images-amazon.com/images/I/41TVtK1HJsL._SY300_.jpg", "price": 8.8, "numReviews": 5, "groups": [206], "averageRating": 3.6}, {"asin": "B00004UDMV", "name": "Stanley 57-541 14-Ounce Compo-Cast Slimline Head Soft Face Hammer", "imUrl": "http://ecx.images-amazon.com/images/I/31FXS7G8FFL._SY300_.jpg", "price": 20.93, "numReviews": 1, "groups": [207], "averageRating": 5.0, "brand": "Stanley"}, {"asin": "B000JF4Z5C", "name": "Stiletto TBM14RMC TiBone Mini-14 ounce Replaceable Milled Face Hammer with a Curved  16\" Titanium Handle", "imUrl": "http://ecx.images-amazon.com/images/I/31Qacg%2Be%2BJL._SY300_.jpg", "price": 219.99, "numReviews": 9, "groups": [186], "averageRating": 4.666666666666667, "brand": "Stiletto"}, {"asin": "B0000224VB", "name": "ESTWING MFG CO E20C STEEL CLAW HAMMER 20 OZ", "imUrl": "http://ecx.images-amazon.com/images/I/6100PNDHH0L._SY300_.gif", "price": 37.99, "numReviews": 6, "groups": [208], "averageRating": 5.0}, {"asin": "B000VZKH5W", "name": "Vaughan & Bushnell 650-00 17-1/2\" Replacement Curved Hatchet Style Handle for 19-oz California Framer Hammer - BlueMax Grade (65000)", "imUrl": "http://ecx.images-amazon.com/images/I/31l9GJqwMyL.jpg", "price": 16.99, "numReviews": 1, "groups": [209], "averageRating": 2.0}, {"asin": "B008S53NMQ", "name": "Mini 4 Oz Ball Pein Hammer Hardwood Handle", "imUrl": "http://ecx.images-amazon.com/images/I/31uVXdMa8aL._SY300_.jpg", "price": 3.99, "numReviews": 3, "groups": [210], "averageRating": 3.6666666666666665}, {"asin": "B000H6QX58", "name": "Vaughan 7165 16-Ounce Dalluge Titanium Hammer, 19-Inch Curved Hickory Handle", "imUrl": "http://ecx.images-amazon.com/images/I/31aPjIXhN3L._SX300_.jpg", "price": 97.85, "numReviews": 6, "groups": [211], "averageRating": 3.6666666666666665, "brand": "Vaughan"}, {"asin": "B000NPR2T4", "name": "TEKTON 3165 16-oz. White Rubber Mallet", "imUrl": "http://ecx.images-amazon.com/images/I/31dpsuz20mL._SX300_.jpg", "price": 8.31, "numReviews": 21, "groups": [163], "averageRating": 4.095238095238095, "brand": "TEKTON"}, {"asin": "B0030FT0S0", "name": "Rip Hammers Style: Head Wgt:12 oz, Len.:11\" (part# E12S)", "imUrl": "http://ecx.images-amazon.com/images/I/21okUoABczL.jpg", "price": 28.74, "numReviews": 2, "groups": [212], "averageRating": 4.5}, {"asin": "B0002IGHAC", "name": "Vaughan RCF2 19-Ounce Steel Eagle California Framer Hammer, Milled Face, 16-Inch Long.", "imUrl": "http://ecx.images-amazon.com/images/I/31GMV4ASNJL._SX300_.jpg", "price": 28.0, "numReviews": 5, "groups": [213], "averageRating": 4.4}, {"asin": "B000VSMJCS", "name": "Stanley 51-621 16-Ounce Curve Claw Fiberglass Hammer", "imUrl": "http://ecx.images-amazon.com/images/I/31XS3IKxtNL._SX300_.jpg", "price": 13.07, "numReviews": 101, "groups": [214], "averageRating": 4.603960396039604, "brand": "Stanley"}, {"asin": "B007C6ICKA", "name": "Craftsman 9-38129 20-Ounce Curved Hammer", "imUrl": "http://ecx.images-amazon.com/images/I/31T5kw0VLUL._SX300_.jpg", "price": 28.04, "numReviews": 2, "groups": [215], "averageRating": 5.0}, {"asin": "B00008BFRE", "name": "Douglas Tool DFR23S-16CX 23-Ounce Framing Hammer with 16-Inch Handle", "imUrl": "http://ecx.images-amazon.com/images/I/31P6AYYF4PL._SY300_.jpg", "price": 104.53, "numReviews": 11, "groups": [216], "averageRating": 4.0}, {"asin": "B00079R21E", "name": "Stiletto Ti16MC Ti 16 Milled  Face Hammer with a Curved 18\" Hickory Handle", "imUrl": "http://ecx.images-amazon.com/images/I/31HPP%2BmIFAL._SY300_.jpg", "price": 100.93, "numReviews": 8, "groups": [217], "averageRating": 4.625, "brand": "Stiletto"}, {"asin": "B0014DO594", "name": "Dalluge 7180 16 Ounce Titanium Hammer", "imUrl": "http://ecx.images-amazon.com/images/I/31Aqr8nJY-L._SX300_.jpg", "price": 105.0, "numReviews": 34, "groups": [146], "averageRating": 4.794117647058823, "brand": "Dalluge"}, {"asin": "B003N9CRNS", "name": "Graintex SH1642 Sledge Hammer 2 Lb 16-Inch Hickory Handle", "imUrl": "http://ecx.images-amazon.com/images/I/314u5gFe5eL._SY300_.jpg", "price": 11.48, "numReviews": 1, "groups": [218], "averageRating": 5.0}, {"asin": "B0000DD181", "name": "Woodstock D2670 4-Ounce Cross Peen Hammer", "imUrl": "http://ecx.images-amazon.com/images/I/31X7AamAM%2BL._SY300_.jpg", "price": 8.4, "numReviews": 23, "groups": [219], "averageRating": 4.391304347826087, "brand": "Woodstock"}, {"asin": "B000FK3VYC", "name": "Dalluge 2410  24-Ounce  Framing Hammer Serrated Face w/ Nail Loc Magnetic Nail Holder, 18-Inch Straight Hickory Handle", "imUrl": "http://ecx.images-amazon.com/images/I/31j7v4OmzUL._SX300_.jpg", "price": 49.89, "numReviews": 1, "groups": [220], "averageRating": 3.0}, {"asin": "B001SN72KE", "name": "Dead On DOS22M 22-Ounce 18-Inch Steel Milled Face Hammer", "imUrl": "http://ecx.images-amazon.com/images/I/31Nj1JWIO1L._SY300_.jpg", "price": 24.98, "numReviews": 5, "groups": [221], "averageRating": 3.2}, {"asin": "B00004Z2XZ", "name": "Vaughan CFB2LM 19-Ounce Blue Max High Performance California Framing Hammer, Extra Long Straight American Hickory Handle, 17-Inch Long", "imUrl": "http://ecx.images-amazon.com/images/I/31XG31BHN3L._SY300_.jpg", "price": 40.61, "numReviews": 3, "groups": [222], "averageRating": 4.666666666666667}, {"asin": "B0002DSPNY", "name": "Commando Miniature Ball Peen (Ball Pein) Hammer with Precision Machined 2 Ounce Brass Head and Solid Aluminum Handle", "imUrl": "http://ecx.images-amazon.com/images/I/31DGMARG8EL._SY300_.jpg", "price": 10.45, "numReviews": 2, "groups": [223], "averageRating": 5.0}, {"asin": "B009T1KS12", "name": "Texturing Hammer with 9 Interchangeable Heads", "imUrl": "http://ecx.images-amazon.com/images/I/41Z%2BDapr7gL._SY300_.jpg", "price": 24.33, "numReviews": 2, "groups": [224], "averageRating": 4.0}, {"asin": "B00FNZAKGG", "name": "Double Hammer- Brass & Nylon Heads", "imUrl": "http://ecx.images-amazon.com/images/I/41ASfCt17yL._SX300_.jpg", "price": 8.5, "numReviews": 2, "groups": [225], "averageRating": 3.0}, {"asin": "B00DT0PAJO", "name": "Estwing E16C Claw Hammer, Leather Grip Hammer, Smooth Face, 16-Ounce, 12.5-Inch", "imUrl": "http://ecx.images-amazon.com/images/I/31mcLfIMYXL._SX300_.jpg", "price": 40.68, "numReviews": 2, "groups": [226], "averageRating": 5.0, "brand": "Estwing"}, {"asin": "B00IB2LWGU", "name": "2pc Sledgehammer & Axe Wedge Set - Keep Handles & Heads Tight", "imUrl": "http://ecx.images-amazon.com/images/I/41%2Bg0gZunHL._SY300_.jpg", "price": 1.79, "numReviews": 1, "groups": [227], "averageRating": 5.0}, {"asin": "B000H6UUGG", "name": "Vaughan 07175 14-Ounce Dalluge Titanium Hammer, 19-Inch Curved Hickory Handle", "imUrl": "http://ecx.images-amazon.com/images/I/31wEMy9m16L._SX300_.jpg", "price": 83.95, "numReviews": 1, "groups": [228], "averageRating": 5.0, "brand": "Vaughan"}, {"asin": "B00047EWQ2", "name": "Estwing Nylon-Vinyl Grip Drilling Hammers - Wt: 4 LB with long handle", "imUrl": "http://ecx.images-amazon.com/images/I/31yhpRLhlqL._SX300_.jpg", "price": 30.67, "numReviews": 7, "groups": [178], "averageRating": 3.857142857142857, "brand": "Estwing"}, {"asin": "B000CER0PC", "name": "Wood Is Good 170-1012 12-Ounce Mallet", "imUrl": "http://ecx.images-amazon.com/images/I/31mOAOgxZQL._SY300_.jpg", "price": 23.01, "numReviews": 28, "groups": [229], "averageRating": 4.964285714285714}, {"asin": "B000NVPIW6", "name": "LINK HANDLE DIV OF SEYMOUR 334-19 16-Inch Premium Hatchet Handle", "imUrl": "http://ecx.images-amazon.com/images/I/31y-qctRQdL._SY300_.jpg", "price": 5.26, "numReviews": 1, "groups": [230], "averageRating": 3.0}], "links": [{"source": 0, "target": 242, "right": true, "left": false, "value": 1}, {"source": 1, "target": 143, "right": true, "left": false, "value": 1}, {"source": 2, "target": 194, "right": true, "left": false, "value": 1}, {"source": 2, "target": 36, "right": false, "left": true, "value": 1}, {"source": 2, "target": 169, "right": true, "left": true, "value": 1}, {"source": 2, "target": 142, "right": false, "left": true, "value": 1}, {"source": 2, "target": 61, "right": false, "left": true, "value": 1}, {"source": 3, "target": 208, "right": true, "left": false, "value": 1}, {"source": 4, "target": 147, "right": true, "left": false, "value": 1}, {"source": 4, "target": 76, "right": false, "left": true, "value": 1}, {"source": 5, "target": 252, "right": false, "left": true, "value": 1}, {"source": 5, "target": 55, "right": false, "left": true, "value": 1}, {"source": 6, "target": 135, "right": true, "left": false, "value": 1}, {"source": 7, "target": 183, "right": true, "left": false, "value": 1}, {"source": 8, "target": 143, "right": true, "left": false, "value": 1}, {"source": 9, "target": 146, "right": false, "left": true, "value": 1}, {"source": 10, "target": 96, "right": false, "left": true, "value": 1}, {"source": 10, "target": 154, "right": true, "left": false, "value": 1}, {"source": 10, "target": 238, "right": true, "left": false, "value": 1}, {"source": 11, "target": 233, "right": true, "left": false, "value": 1}, {"source": 11, "target": 107, "right": true, "left": true, "value": 1}, {"source": 11, "target": 15, "right": true, "left": true, "value": 1}, {"source": 12, "target": 204, "right": true, "left": false, "value": 1}, {"source": 13, "target": 33, "right": false, "left": true, "value": 1}, {"source": 13, "target": 198, "right": false, "left": true, "value": 1}, {"source": 13, "target": 234, "right": false, "left": true, "value": 1}, {"source": 13, "target": 203, "right": true, "left": true, "value": 1}, {"source": 13, "target": 235, "right": false, "left": true, "value": 1}, {"source": 13, "target": 145, "right": false, "left": true, "value": 1}, {"source": 13, "target": 179, "right": false, "left": true, "value": 1}, {"source": 13, "target": 180, "right": false, "left": true, "value": 1}, {"source": 13, "target": 118, "right": false, "left": true, "value": 1}, {"source": 13, "target": 219, "right": false, "left": true, "value": 1}, {"source": 13, "target": 125, "right": true, "left": false, "value": 1}, {"source": 14, "target": 224, "right": false, "left": true, "value": 1}, {"source": 14, "target": 66, "right": false, "left": true, "value": 1}, {"source": 14, "target": 69, "right": false, "left": true, "value": 1}, {"source": 14, "target": 71, "right": false, "left": true, "value": 1}, {"source": 14, "target": 173, "right": true, "left": false, "value": 1}, {"source": 14, "target": 211, "right": false, "left": true, "value": 1}, {"source": 14, "target": 212, "right": false, "left": true, "value": 1}, {"source": 14, "target": 93, "right": false, "left": true, "value": 1}, {"source": 14, "target": 190, "right": false, "left": true, "value": 1}, {"source": 15, "target": 107, "right": true, "left": true, "value": 1}, {"source": 15, "target": 160, "right": true, "left": true, "value": 1}, {"source": 16, "target": 184, "right": true, "left": false, "value": 1}, {"source": 16, "target": 215, "right": true, "left": false, "value": 1}, {"source": 17, "target": 244, "right": false, "left": true, "value": 1}, {"source": 17, "target": 60, "right": true, "left": false, "value": 1}, {"source": 17, "target": 20, "right": false, "left": true, "value": 1}, {"source": 17, "target": 246, "right": false, "left": true, "value": 1}, {"source": 18, "target": 87, "right": true, "left": true, "value": 1}, {"source": 19, "target": 232, "right": true, "left": false, "value": 1}, {"source": 19, "target": 137, "right": true, "left": false, "value": 1}, {"source": 20, "target": 60, "right": true, "left": false, "value": 1}, {"source": 21, "target": 42, "right": true, "left": true, "value": 1}, {"source": 21, "target": 59, "right": false, "left": true, "value": 1}, {"source": 21, "target": 38, "right": false, "left": true, "value": 1}, {"source": 22, "target": 168, "right": true, "left": false, "value": 1}, {"source": 23, "target": 144, "right": true, "left": true, "value": 1}, {"source": 23, "target": 56, "right": false, "left": true, "value": 1}, {"source": 23, "target": 204, "right": true, "left": true, "value": 1}, {"source": 23, "target": 222, "right": false, "left": true, "value": 1}, {"source": 24, "target": 238, "right": true, "left": false, "value": 1}, {"source": 25, "target": 52, "right": true, "left": false, "value": 1}, {"source": 25, "target": 61, "right": true, "left": false, "value": 1}, {"source": 26, "target": 72, "right": true, "left": false, "value": 1}, {"source": 26, "target": 28, "right": false, "left": true, "value": 1}, {"source": 27, "target": 145, "right": true, "left": false, "value": 1}, {"source": 27, "target": 147, "right": true, "left": false, "value": 1}, {"source": 28, "target": 72, "right": true, "left": false, "value": 1}, {"source": 29, "target": 40, "right": true, "left": false, "value": 1}, {"source": 29, "target": 185, "right": false, "left": true, "value": 1}, {"source": 30, "target": 97, "right": true, "left": false, "value": 1}, {"source": 30, "target": 106, "right": false, "left": true, "value": 1}, {"source": 30, "target": 43, "right": true, "left": false, "value": 1}, {"source": 30, "target": 126, "right": true, "left": false, "value": 1}, {"source": 31, "target": 135, "right": true, "left": false, "value": 1}, {"source": 32, "target": 167, "right": true, "left": true, "value": 1}, {"source": 32, "target": 146, "right": true, "left": true, "value": 1}, {"source": 32, "target": 127, "right": true, "left": true, "value": 1}, {"source": 33, "target": 234, "right": true, "left": false, "value": 1}, {"source": 33, "target": 43, "right": true, "left": false, "value": 1}, {"source": 33, "target": 139, "right": true, "left": false, "value": 1}, {"source": 34, "target": 225, "right": false, "left": true, "value": 1}, {"source": 35, "target": 203, "right": true, "left": false, "value": 1}, {"source": 36, "target": 112, "right": false, "left": true, "value": 1}, {"source": 36, "target": 135, "right": true, "left": false, "value": 1}, {"source": 37, "target": 188, "right": false, "left": true, "value": 1}, {"source": 37, "target": 174, "right": false, "left": true, "value": 1}, {"source": 38, "target": 94, "right": false, "left": true, "value": 1}, {"source": 39, "target": 165, "right": false, "left": true, "value": 1}, {"source": 41, "target": 57, "right": false, "left": true, "value": 1}, {"source": 41, "target": 122, "right": false, "left": true, "value": 1}, {"source": 41, "target": 249, "right": false, "left": true, "value": 1}, {"source": 41, "target": 221, "right": true, "left": true, "value": 1}, {"source": 43, "target": 234, "right": true, "left": false, "value": 1}, {"source": 43, "target": 139, "right": true, "left": true, "value": 1}, {"source": 43, "target": 138, "right": false, "left": true, "value": 1}, {"source": 43, "target": 118, "right": false, "left": true, "value": 1}, {"source": 43, "target": 89, "right": false, "left": true, "value": 1}, {"source": 43, "target": 58, "right": false, "left": true, "value": 1}, {"source": 44, "target": 81, "right": true, "left": true, "value": 1}, {"source": 45, "target": 251, "right": true, "left": false, "value": 1}, {"source": 46, "target": 84, "right": false, "left": true, "value": 1}, {"source": 47, "target": 48, "right": true, "left": false, "value": 1}, {"source": 47, "target": 120, "right": false, "left": true, "value": 1}, {"source": 48, "target": 120, "right": false, "left": true, "value": 1}, {"source": 48, "target": 141, "right": false, "left": true, "value": 1}, {"source": 48, "target": 183, "right": true, "left": true, "value": 1}, {"source": 49, "target": 108, "right": false, "left": true, "value": 1}, {"source": 49, "target": 133, "right": true, "left": true, "value": 1}, {"source": 50, "target": 60, "right": true, "left": false, "value": 1}, {"source": 51, "target": 77, "right": false, "left": true, "value": 1}, {"source": 53, "target": 173, "right": true, "left": false, "value": 1}, {"source": 54, "target": 243, "right": false, "left": true, "value": 1}, {"source": 56, "target": 144, "right": true, "left": false, "value": 1}, {"source": 56, "target": 239, "right": false, "left": true, "value": 1}, {"source": 56, "target": 204, "right": true, "left": false, "value": 1}, {"source": 58, "target": 234, "right": true, "left": false, "value": 1}, {"source": 59, "target": 135, "right": true, "left": false, "value": 1}, {"source": 60, "target": 195, "right": false, "left": true, "value": 1}, {"source": 60, "target": 135, "right": true, "left": true, "value": 1}, {"source": 60, "target": 200, "right": false, "left": true, "value": 1}, {"source": 60, "target": 105, "right": false, "left": true, "value": 1}, {"source": 60, "target": 80, "right": false, "left": true, "value": 1}, {"source": 60, "target": 83, "right": false, "left": true, "value": 1}, {"source": 60, "target": 176, "right": false, "left": true, "value": 1}, {"source": 60, "target": 246, "right": false, "left": true, "value": 1}, {"source": 60, "target": 119, "right": false, "left": true, "value": 1}, {"source": 60, "target": 157, "right": false, "left": true, "value": 1}, {"source": 60, "target": 159, "right": false, "left": true, "value": 1}, {"source": 61, "target": 187, "right": false, "left": true, "value": 1}, {"source": 62, "target": 217, "right": true, "left": false, "value": 1}, {"source": 62, "target": 173, "right": true, "left": false, "value": 1}, {"source": 62, "target": 117, "right": true, "left": false, "value": 1}, {"source": 62, "target": 135, "right": true, "left": false, "value": 1}, {"source": 63, "target": 251, "right": true, "left": false, "value": 1}, {"source": 64, "target": 164, "right": false, "left": true, "value": 1}, {"source": 65, "target": 75, "right": true, "left": false, "value": 1}, {"source": 67, "target": 115, "right": false, "left": true, "value": 1}, {"source": 67, "target": 228, "right": false, "left": true, "value": 1}, {"source": 68, "target": 240, "right": true, "left": false, "value": 1}, {"source": 68, "target": 92, "right": false, "left": true, "value": 1}, {"source": 68, "target": 181, "right": false, "left": true, "value": 1}, {"source": 69, "target": 217, "right": true, "left": false, "value": 1}, {"source": 69, "target": 212, "right": false, "left": true, "value": 1}, {"source": 69, "target": 173, "right": true, "left": false, "value": 1}, {"source": 70, "target": 135, "right": true, "left": false, "value": 1}, {"source": 71, "target": 217, "right": true, "left": false, "value": 1}, {"source": 71, "target": 173, "right": true, "left": false, "value": 1}, {"source": 71, "target": 231, "right": true, "left": false, "value": 1}, {"source": 72, "target": 113, "right": false, "left": true, "value": 1}, {"source": 72, "target": 155, "right": false, "left": true, "value": 1}, {"source": 73, "target": 137, "right": true, "left": false, "value": 1}, {"source": 74, "target": 173, "right": true, "left": false, "value": 1}, {"source": 78, "target": 234, "right": true, "left": false, "value": 1}, {"source": 79, "target": 210, "right": true, "left": false, "value": 1}, {"source": 79, "target": 227, "right": false, "left": true, "value": 1}, {"source": 79, "target": 125, "right": true, "left": false, "value": 1}, {"source": 80, "target": 105, "right": false, "left": true, "value": 1}, {"source": 80, "target": 213, "right": false, "left": true, "value": 1}, {"source": 82, "target": 95, "right": true, "left": false, "value": 1}, {"source": 83, "target": 229, "right": false, "left": true, "value": 1}, {"source": 84, "target": 171, "right": true, "left": false, "value": 1}, {"source": 85, "target": 135, "right": true, "left": false, "value": 1}, {"source": 86, "target": 121, "right": false, "left": true, "value": 1}, {"source": 86, "target": 245, "right": false, "left": true, "value": 1}, {"source": 87, "target": 146, "right": false, "left": true, "value": 1}, {"source": 88, "target": 209, "right": false, "left": true, "value": 1}, {"source": 90, "target": 150, "right": false, "left": true, "value": 1}, {"source": 90, "target": 191, "right": false, "left": true, "value": 1}, {"source": 91, "target": 98, "right": true, "left": false, "value": 1}, {"source": 93, "target": 135, "right": true, "left": false, "value": 1}, {"source": 95, "target": 205, "right": true, "left": true, "value": 1}, {"source": 95, "target": 145, "right": true, "left": false, "value": 1}, {"source": 95, "target": 216, "right": true, "left": true, "value": 1}, {"source": 95, "target": 186, "right": false, "left": true, "value": 1}, {"source": 96, "target": 238, "right": true, "left": false, "value": 1}, {"source": 96, "target": 154, "right": true, "left": false, "value": 1}, {"source": 97, "target": 104, "right": false, "left": true, "value": 1}, {"source": 99, "target": 184, "right": true, "left": false, "value": 1}, {"source": 100, "target": 221, "right": true, "left": false, "value": 1}, {"source": 101, "target": 153, "right": true, "left": true, "value": 1}, {"source": 101, "target": 234, "right": true, "left": false, "value": 1}, {"source": 101, "target": 179, "right": true, "left": false, "value": 1}, {"source": 102, "target": 135, "right": true, "left": false, "value": 1}, {"source": 103, "target": 123, "right": false, "left": true, "value": 1}, {"source": 104, "target": 223, "right": true, "left": false, "value": 1}, {"source": 105, "target": 135, "right": true, "left": false, "value": 1}, {"source": 106, "target": 132, "right": false, "left": true, "value": 1}, {"source": 107, "target": 160, "right": true, "left": true, "value": 1}, {"source": 107, "target": 233, "right": false, "left": true, "value": 1}, {"source": 107, "target": 147, "right": true, "left": false, "value": 1}, {"source": 108, "target": 133, "right": true, "left": false, "value": 1}, {"source": 109, "target": 142, "right": true, "left": false, "value": 1}, {"source": 110, "target": 158, "right": true, "left": false, "value": 1}, {"source": 111, "target": 126, "right": true, "left": false, "value": 1}, {"source": 112, "target": 234, "right": true, "left": false, "value": 1}, {"source": 113, "target": 135, "right": true, "left": false, "value": 1}, {"source": 114, "target": 156, "right": false, "left": true, "value": 1}, {"source": 114, "target": 206, "right": true, "left": false, "value": 1}, {"source": 115, "target": 129, "right": true, "left": false, "value": 1}, {"source": 115, "target": 147, "right": true, "left": false, "value": 1}, {"source": 116, "target": 234, "right": true, "left": false, "value": 1}, {"source": 116, "target": 149, "right": false, "left": true, "value": 1}, {"source": 117, "target": 135, "right": true, "left": false, "value": 1}, {"source": 117, "target": 173, "right": false, "left": true, "value": 1}, {"source": 117, "target": 207, "right": false, "left": true, "value": 1}, {"source": 117, "target": 211, "right": false, "left": true, "value": 1}, {"source": 117, "target": 217, "right": true, "left": false, "value": 1}, {"source": 117, "target": 190, "right": false, "left": true, "value": 1}, {"source": 118, "target": 198, "right": true, "left": false, "value": 1}, {"source": 119, "target": 135, "right": true, "left": false, "value": 1}, {"source": 121, "target": 240, "right": true, "left": false, "value": 1}, {"source": 121, "target": 134, "right": true, "left": false, "value": 1}, {"source": 122, "target": 221, "right": true, "left": false, "value": 1}, {"source": 124, "target": 145, "right": true, "left": false, "value": 1}, {"source": 124, "target": 203, "right": true, "left": false, "value": 1}, {"source": 125, "target": 193, "right": false, "left": true, "value": 1}, {"source": 125, "target": 166, "right": false, "left": true, "value": 1}, {"source": 125, "target": 198, "right": false, "left": true, "value": 1}, {"source": 125, "target": 137, "right": true, "left": true, "value": 1}, {"source": 125, "target": 234, "right": true, "left": false, "value": 1}, {"source": 125, "target": 170, "right": false, "left": true, "value": 1}, {"source": 125, "target": 201, "right": false, "left": true, "value": 1}, {"source": 125, "target": 175, "right": false, "left": true, "value": 1}, {"source": 125, "target": 210, "right": true, "left": false, "value": 1}, {"source": 125, "target": 215, "right": false, "left": true, "value": 1}, {"source": 125, "target": 184, "right": false, "left": true, "value": 1}, {"source": 127, "target": 233, "right": true, "left": false, "value": 1}, {"source": 127, "target": 147, "right": true, "left": false, "value": 1}, {"source": 128, "target": 251, "right": true, "left": false, "value": 1}, {"source": 130, "target": 191, "right": false, "left": true, "value": 1}, {"source": 131, "target": 183, "right": true, "left": false, "value": 1}, {"source": 133, "target": 226, "right": false, "left": true, "value": 1}, {"source": 133, "target": 197, "right": false, "left": true, "value": 1}, {"source": 133, "target": 230, "right": false, "left": true, "value": 1}, {"source": 133, "target": 182, "right": false, "left": true, "value": 1}, {"source": 134, "target": 178, "right": false, "left": true, "value": 1}, {"source": 135, "target": 176, "right": false, "left": true, "value": 1}, {"source": 135, "target": 200, "right": false, "left": true, "value": 1}, {"source": 135, "target": 207, "right": false, "left": true, "value": 1}, {"source": 135, "target": 213, "right": false, "left": true, "value": 1}, {"source": 135, "target": 214, "right": false, "left": true, "value": 1}, {"source": 135, "target": 217, "right": false, "left": true, "value": 1}, {"source": 135, "target": 231, "right": false, "left": true, "value": 1}, {"source": 136, "target": 205, "right": true, "left": false, "value": 1}, {"source": 137, "target": 234, "right": true, "left": false, "value": 1}, {"source": 137, "target": 172, "right": false, "left": true, "value": 1}, {"source": 137, "target": 210, "right": false, "left": true, "value": 1}, {"source": 137, "target": 151, "right": false, "left": true, "value": 1}, {"source": 137, "target": 247, "right": false, "left": true, "value": 1}, {"source": 137, "target": 223, "right": false, "left": true, "value": 1}, {"source": 139, "target": 234, "right": true, "left": false, "value": 1}, {"source": 140, "target": 249, "right": false, "left": true, "value": 1}, {"source": 144, "target": 204, "right": false, "left": true, "value": 1}, {"source": 144, "target": 208, "right": true, "left": true, "value": 1}, {"source": 144, "target": 218, "right": false, "left": true, "value": 1}, {"source": 145, "target": 234, "right": true, "left": false, "value": 1}, {"source": 145, "target": 203, "right": true, "left": true, "value": 1}, {"source": 145, "target": 205, "right": false, "left": true, "value": 1}, {"source": 145, "target": 148, "right": false, "left": true, "value": 1}, {"source": 146, "target": 167, "right": true, "left": true, "value": 1}, {"source": 147, "target": 223, "right": false, "left": true, "value": 1}, {"source": 147, "target": 233, "right": false, "left": true, "value": 1}, {"source": 147, "target": 241, "right": false, "left": true, "value": 1}, {"source": 147, "target": 243, "right": false, "left": true, "value": 1}, {"source": 148, "target": 234, "right": true, "left": false, "value": 1}, {"source": 149, "target": 234, "right": true, "left": false, "value": 1}, {"source": 151, "target": 184, "right": true, "left": false, "value": 1}, {"source": 152, "target": 248, "right": true, "left": false, "value": 1}, {"source": 153, "target": 234, "right": true, "left": false, "value": 1}, {"source": 153, "target": 179, "right": true, "left": false, "value": 1}, {"source": 153, "target": 203, "right": true, "left": false, "value": 1}, {"source": 154, "target": 238, "right": true, "left": true, "value": 1}, {"source": 158, "target": 208, "right": true, "left": false, "value": 1}, {"source": 160, "target": 216, "right": true, "left": false, "value": 1}, {"source": 161, "target": 251, "right": true, "left": false, "value": 1}, {"source": 161, "target": 188, "right": false, "left": true, "value": 1}, {"source": 162, "target": 182, "right": true, "left": false, "value": 1}, {"source": 163, "target": 172, "right": true, "left": false, "value": 1}, {"source": 166, "target": 215, "right": true, "left": false, "value": 1}, {"source": 168, "target": 237, "right": true, "left": false, "value": 1}, {"source": 169, "target": 185, "right": false, "left": true, "value": 1}, {"source": 169, "target": 187, "right": false, "left": true, "value": 1}, {"source": 169, "target": 209, "right": false, "left": true, "value": 1}, {"source": 172, "target": 234, "right": true, "left": false, "value": 1}, {"source": 173, "target": 192, "right": false, "left": true, "value": 1}, {"source": 173, "target": 196, "right": false, "left": true, "value": 1}, {"source": 173, "target": 231, "right": true, "left": true, "value": 1}, {"source": 173, "target": 217, "right": true, "left": true, "value": 1}, {"source": 174, "target": 251, "right": true, "left": false, "value": 1}, {"source": 175, "target": 215, "right": true, "left": false, "value": 1}, {"source": 177, "target": 234, "right": true, "left": false, "value": 1}, {"source": 178, "target": 240, "right": true, "left": false, "value": 1}, {"source": 179, "target": 234, "right": true, "left": false, "value": 1}, {"source": 179, "target": 203, "right": true, "left": false, "value": 1}, {"source": 184, "target": 216, "right": false, "left": true, "value": 1}, {"source": 184, "target": 215, "right": true, "left": false, "value": 1}, {"source": 189, "target": 208, "right": true, "left": false, "value": 1}, {"source": 189, "target": 250, "right": true, "left": true, "value": 1}, {"source": 193, "target": 205, "right": true, "left": false, "value": 1}, {"source": 193, "target": 215, "right": true, "left": false, "value": 1}, {"source": 197, "target": 226, "right": true, "left": true, "value": 1}, {"source": 198, "target": 199, "right": false, "left": true, "value": 1}, {"source": 198, "target": 234, "right": true, "left": false, "value": 1}, {"source": 198, "target": 219, "right": false, "left": true, "value": 1}, {"source": 201, "target": 212, "right": false, "left": true, "value": 1}, {"source": 202, "target": 238, "right": true, "left": false, "value": 1}, {"source": 203, "target": 234, "right": true, "left": false, "value": 1}, {"source": 204, "target": 222, "right": false, "left": true, "value": 1}, {"source": 208, "target": 250, "right": false, "left": true, "value": 1}, {"source": 208, "target": 209, "right": false, "left": true, "value": 1}, {"source": 208, "target": 218, "right": false, "left": true, "value": 1}, {"source": 211, "target": 217, "right": true, "left": false, "value": 1}, {"source": 213, "target": 217, "right": true, "left": false, "value": 1}, {"source": 217, "target": 224, "right": false, "left": true, "value": 1}, {"source": 217, "target": 231, "right": false, "left": true, "value": 1}, {"source": 219, "target": 234, "right": true, "left": false, "value": 1}, {"source": 220, "target": 234, "right": true, "left": false, "value": 1}, {"source": 230, "target": 238, "right": true, "left": false, "value": 1}, {"source": 233, "target": 242, "right": true, "left": false, "value": 1}, {"source": 233, "target": 243, "right": false, "left": true, "value": 1}, {"source": 234, "target": 235, "right": false, "left": true, "value": 1}, {"source": 236, "target": 238, "right": true, "left": false, "value": 1}]}