{"nodes": [{"asin": "B00511OT1E", "name": "Digital LCD Multimeter Voltmeter Ammeter Ohmmeter", "imUrl": "http://ecx.images-amazon.com/images/I/415WA2rML6L._SY300_.jpg", "price": 19.79, "numReviews": 10, "groups": [0], "averageRating": 3.1}, {"asin": "B00FEBSJ58", "name": "Signstek UT204 Auto-Ranging AC DC Ture RMS Auto/Manual Range Digital Handheld Clamp Meter Multimeter AC DC Test Tool", "imUrl": "http://ecx.images-amazon.com/images/I/41KUWDRYzEL._SY300_.jpg", "price": 47.98, "numReviews": 3, "groups": [1], "averageRating": 4.333333333333333}, {"asin": "B001LYEV5Y", "name": "3-1/2 Digit 19 Range Digital Multimeter", "imUrl": "http://ecx.images-amazon.com/images/I/41in-xgsFGL._SX300_.jpg", "price": 3.5, "numReviews": 4, "groups": [2], "averageRating": 2.0}, {"asin": "B004WN6M12", "name": "Extech MN16A Large Display Digital Mini Multi-Meter With Autoranging", "imUrl": "http://ecx.images-amazon.com/images/I/415oHwLxIuL._SY300_.jpg", "price": 44.99, "numReviews": 3, "groups": [3], "averageRating": 4.333333333333333, "brand": "Extech"}, {"asin": "B008HZG0J0", "name": "CE Compass LCD Digital AC DC Voltmeter Ohmeter Multitester Multimeter Handheld Tester Tool", "imUrl": "http://ecx.images-amazon.com/images/I/51kKIC3IoSL._SY300_.jpg", "price": 3.95, "numReviews": 1, "groups": [4], "averageRating": 1.0}, {"asin": "B000O3LUEI", "name": "Fluke 117 Electricians True RMS Multimeter", "imUrl": "http://ecx.images-amazon.com/images/I/41gV%2By7P-2L._SY300_.jpg", "price": 149.0, "numReviews": 93, "groups": [5], "averageRating": 4.698924731182796, "brand": "Fluke"}, {"asin": "B0010B5HX8", "name": "Greenlee DM-300 TRMS Digital Multimeter, 1000-Volt RMS", "imUrl": "http://ecx.images-amazon.com/images/I/41j6qCMM--L._SY300_.jpg", "price": 75.98, "numReviews": 3, "groups": [6], "averageRating": 5.0, "brand": "Greenlee"}, {"asin": "B004AQYLX2", "name": "3-1/2 Digit 19 Range Digital Multimeter with Transistor Test", "imUrl": "http://ecx.images-amazon.com/images/I/51dcGLEfRLL._SY300_.jpg", "price": 7.87, "numReviews": 2, "groups": [7], "averageRating": 5.0}, {"asin": "B008HZMYJU", "name": "CE Compass LCD Digital Multitester AC DC Voltmeter Ohmeter Multimeter Tester Tool", "imUrl": "http://ecx.images-amazon.com/images/I/41tPQ2GUHhL._SY300_.jpg", "price": 6.95, "numReviews": 1, "groups": [8], "averageRating": 5.0}, {"asin": "B000VRHD7U", "name": "Fluke TL238 SureGrip Test Lead Set for High Energy Environments", "imUrl": "http://ecx.images-amazon.com/images/I/41VJX2O9vnL._SX300_.jpg", "price": 65.0, "numReviews": 1, "groups": [9], "averageRating": 5.0, "brand": "Fluke"}, {"asin": "B003LCITWA", "name": "Klein Tools MM200 Auto Ranging Multimeter", "imUrl": "http://ecx.images-amazon.com/images/I/41f6pr%2B2SQL._SY300_.jpg", "price": 40.87, "numReviews": 106, "groups": [10], "averageRating": 4.066037735849057, "brand": "Klein Tools"}, {"asin": "B00279NEA0", "name": "Sperry DSA660 Digisnap Digital Snap-Around Volt-Ohm-Ammeter", "imUrl": "http://ecx.images-amazon.com/images/I/31oI-Q1bnlL._SY300_.jpg", "price": 99.25, "numReviews": 2, "groups": [11], "averageRating": 5.0}, {"asin": "B001AGTXY2", "name": "Extech 480400 Phase Sequence Tester", "imUrl": "http://ecx.images-amazon.com/images/I/41EkMZ%2BvgzL._SY300_.jpg", "price": 70.84, "numReviews": 3, "groups": [12], "averageRating": 3.0, "brand": "Extech"}, {"asin": "B001TON9G8", "name": "General Tools & Instruments CAP1500 Automatic Digital Wide Range Capacitor Tester", "imUrl": "http://ecx.images-amazon.com/images/I/41R%2BMYOgmwL._SX300_.jpg", "price": 21.42, "numReviews": 19, "groups": [13, 14], "averageRating": 4.526315789473684, "brand": "General Tools & Instruments"}, {"asin": "B00023RTYU", "name": "Extech 380193 Passive Component LCR Meter", "imUrl": "http://ecx.images-amazon.com/images/I/41NAX5S4RDL._SY300_.jpg", "price": 209.99, "numReviews": 9, "groups": [15], "averageRating": 4.666666666666667, "brand": "Extech"}, {"asin": "B000P6DWHW", "name": "Sinometer Pocket-Size 5-Function 16-Range Analog Multimeter, MF133", "imUrl": "http://ecx.images-amazon.com/images/I/51%2BvhfW%2BNCL._SY300_.jpg", "price": 16.99, "numReviews": 1, "groups": [16], "averageRating": 1.0}, {"asin": "B00279LD44", "name": "Sperry Instruments DM6250 Digital Multimeter Autorange 7 Function 19 Range", "imUrl": "http://ecx.images-amazon.com/images/I/41eZtPQebSL._SY300_.jpg", "price": 26.15, "numReviews": 7, "groups": [17], "averageRating": 4.857142857142857, "brand": "Sperry Instruments"}, {"asin": "B0000WU1AM", "name": "Extech MN26T Autoranging Multimeter with Capacitance, Frequency, and also Temperature Function including a Separate Temperature Probe", "imUrl": "http://ecx.images-amazon.com/images/I/41D0BJMAYHL._SY300_.jpg", "price": 40.39, "numReviews": 12, "groups": [18], "averageRating": 4.5}, {"asin": "B00009WDY2", "name": "Nippon America ST5077 Digital Multi Tester (Discontinued by Manufacturer)", "imUrl": "http://ecx.images-amazon.com/images/I/51fgsimPR6L._SY300_.jpg", "price": 8.99, "numReviews": 13, "groups": [19], "averageRating": 3.3076923076923075}, {"asin": "B000VRFKFW", "name": "Fluke 80AK-A Thermocouple Adapter", "imUrl": "http://ecx.images-amazon.com/images/I/41MWwZpcsaL._SX300_.jpg", "price": 18.4, "numReviews": 9, "groups": [20], "averageRating": 4.777777777777778, "brand": "Fluke"}, {"asin": "B0029V5B7A", "name": "Extech TL803 Standard Test Leads", "imUrl": "http://ecx.images-amazon.com/images/I/31W7BPwVyGL._SX300_.jpg", "price": 8.99, "numReviews": 1, "groups": [21], "averageRating": 4.0, "brand": "Extech"}, {"asin": "B0012VWR20", "name": "Extech MN35 Digital Mini MultiMeter", "imUrl": "http://ecx.images-amazon.com/images/I/51zcIUMX4xL._SY300_.jpg", "price": 19.99, "numReviews": 101, "groups": [22], "averageRating": 4.237623762376238, "brand": "Extech"}, {"asin": "B004T8QCI8", "name": "Sinometer UT58D AC/DC Digital LCR Multimeter", "imUrl": "http://ecx.images-amazon.com/images/I/418Zuc9BcFL._SY445_.jpg", "price": 31.82, "numReviews": 9, "groups": [23], "averageRating": 4.888888888888889, "salesRankCategory": "Industrial & Scientific", "salesRank": 6345}, {"asin": "B005ARV96W", "name": "Aidetek VC99+ digital auto range multimeter Tester Capacitor Amp Voltage AC DC analog bar buzz fit FLUKE", "imUrl": "http://ecx.images-amazon.com/images/I/41swPHhLicL._SY300_.jpg", "price": 37.99, "numReviews": 4, "groups": [24], "averageRating": 4.0}, {"asin": "B00A117OE8", "name": "1x UNI-T UT61E LCD Digital Multimeter AC DC Volt Resistance Capacitance Tester", "imUrl": "http://ecx.images-amazon.com/images/I/31h6YDOXuFL.jpg", "price": 109.0, "numReviews": 1, "groups": [25], "averageRating": 4.0}, {"asin": "B004VNF7DW", "name": "Aidetek VC97+ digital auto range multimeter Tester Capacitor Amp Voltage AC DC Temp Diode buzz Frequency", "imUrl": "http://ecx.images-amazon.com/images/I/51jxePxioCL._SX300_.jpg", "price": 31.99, "numReviews": 9, "groups": [26], "averageRating": 4.444444444444445}, {"asin": "B00EID8OVC", "name": "Tenma 72-10405 Professional Digital Multimeter with 4000 Count Display", "imUrl": "http://ecx.images-amazon.com/images/I/4109VsJk5BL._SY300_.jpg", "price": 75.97, "numReviews": 1, "groups": [27], "averageRating": 4.0, "brand": "Tenma"}, {"asin": "B00880E6MM", "name": "Amico Digital Multimeter 1000V Banana Plug Probe Test Lead 89cm", "imUrl": "http://ecx.images-amazon.com/images/I/41e6V4zvV8L._SY300_.jpg", "price": 5.46, "numReviews": 13, "groups": [28], "averageRating": 4.153846153846154, "brand": "Amico"}, {"asin": "B0000WU0BC", "name": "Fluke TL223 SureGrip Electrical Test Lead Set", "imUrl": "http://ecx.images-amazon.com/images/I/41qRb8dONIL._SX300_.jpg", "price": 63.99, "numReviews": 13, "groups": [29], "averageRating": 4.615384615384615, "brand": "Fluke"}, {"asin": "B0002SRIXM", "name": "Fluke Corporation 73-3 Series III 600-Volt Digital Multimeter", "imUrl": "http://ecx.images-amazon.com/images/I/41CK93VXW8L._SY300_.jpg", "price": 132.53, "numReviews": 5, "groups": [30], "averageRating": 4.6}, {"asin": "B008QKJOCQ", "name": "Hiyadeal LCR, RCL Inductance, Capacitance, Resistance Meter", "imUrl": "http://ecx.images-amazon.com/images/I/41TyexTUt8L._SY300_.jpg", "price": 19.5, "numReviews": 5, "groups": [31], "averageRating": 4.0}, {"asin": "B00CZ75S26", "name": "MASTECH MS8232B 3 3/4 3999 Counts Mini Digital Multimeter Autoranging DMM AC DC Voltage Current Tester", "imUrl": "http://ecx.images-amazon.com/images/I/41rwWxjnbzL._SY300_.jpg", "price": 29.98, "numReviews": 1, "groups": [32], "averageRating": 4.0}, {"asin": "B000LDF97U", "name": "Supco MFD10 Digital Capacitor Tester with LED Display, 0.01 to 10000mF Range, +/- 5% Accuracy", "imUrl": "http://ecx.images-amazon.com/images/I/41Y8d-Ph7pL._SY445_.jpg", "price": 50.89, "numReviews": 22, "groups": [33], "averageRating": 3.9545454545454546, "brand": "Supco", "salesRankCategory": "Industrial & Scientific", "salesRank": 7211}, {"asin": "B000OUPJ3O", "name": "UEi PSMR1 Phase Sequence and Motor Rotation Tester", "imUrl": "http://ecx.images-amazon.com/images/I/51PC04NI7ML._SX300_.jpg", "price": 59.51, "numReviews": 2, "groups": [12], "averageRating": 5.0}, {"asin": "B000OPDFLM", "name": "TekPower TP4000ZC PC based RS232-Interfaced Auto Ranging Digital Multimeter", "imUrl": "http://ecx.images-amazon.com/images/I/41iFj2W73jL._SY445_.jpg", "price": 29.99, "numReviews": 92, "groups": [34], "averageRating": 4.369565217391305, "salesRankCategory": "Industrial & Scientific", "salesRank": 3163}, {"asin": "B001II2IZI", "name": "General Tools & Instruments DMM20UL Digital UL Listed Multimeter", "imUrl": "http://ecx.images-amazon.com/images/I/41ZTW2FMuCL._SY300_.jpg", "price": 19.99, "numReviews": 1, "groups": [35], "averageRating": 5.0, "brand": "General Tools & Instruments"}, {"asin": "B00DVG2AYY", "name": "NEEWER\u00ae VICHY DM4070 LCR Meter Inductance Capacitance Resistance 2000uF Compared w FLUKE", "imUrl": "http://ecx.images-amazon.com/images/I/51ktvMLS29L._SY300_.jpg", "price": 46.47, "numReviews": 2, "groups": [36], "averageRating": 3.0}, {"asin": "B00AF1UG8A", "name": "Capacitor Capacitance Meter tester 6013 XC6013L", "imUrl": "http://ecx.images-amazon.com/images/I/41wR50UEFHL._SY300_.jpg", "price": 16.99, "numReviews": 2, "groups": [37], "averageRating": 4.0, "salesRankCategory": "Electronics", "salesRank": 19373}, {"asin": "B00880E6EU", "name": "Multimeter Meter Universal Test Lead Probe Wire Cable 1000V 0.8M", "imUrl": "http://ecx.images-amazon.com/images/I/41VDi--1QDL._SY300_.jpg", "price": 6.26, "numReviews": 2, "groups": [38], "averageRating": 4.5}, {"asin": "B000ET5VYC", "name": "A.W. Sperry DM350A 5 Function 17 Range Digital Multimeter", "imUrl": "http://ecx.images-amazon.com/images/I/41WXVEVYDBL._SY300_.jpg", "price": 22.99, "numReviews": 1, "groups": [39], "averageRating": 2.0}, {"asin": "B006LQKCZA", "name": "Sperry Instruments HSP5 12 Range Analog Multitester", "imUrl": "http://ecx.images-amazon.com/images/I/51zrn%2BS6m7L._SY300_.jpg", "price": 10.94, "numReviews": 4, "groups": [40], "averageRating": 4.0, "brand": "Sperry Instruments"}, {"asin": "B000I1806W", "name": "UEI Test Equipment M75A Analog Multimeter", "imUrl": "http://ecx.images-amazon.com/images/I/51DTBqPxlRL._SY300_.jpg", "price": 45.25, "numReviews": 1, "groups": [41], "averageRating": 5.0, "brand": "UEI Test Equipment"}, {"asin": "B001T4OO80", "name": "MS8269 DIGITAL MULTIMETER", "imUrl": "http://ecx.images-amazon.com/images/I/4197e9czCaL._SX342_.jpg", "price": 37.75, "numReviews": 9, "groups": [42], "averageRating": 3.3333333333333335, "salesRankCategory": "Industrial & Scientific", "salesRank": 70377}, {"asin": "B003N71ZYC", "name": "Packard CAPACITOR TESTER", "imUrl": "http://ecx.images-amazon.com/images/I/41wtt8TfxgL._SX300_.jpg", "price": 37.27, "numReviews": 1, "groups": [43], "averageRating": 2.0, "brand": "Packard"}, {"asin": "B00CKIWSB4", "name": "NEEWER\u00ae MS8910 SMD RC Resistance Capacitance Meter tester Auto Scan", "imUrl": "http://ecx.images-amazon.com/images/I/3159xuXa8QL._SY300_.jpg", "price": 22.66, "numReviews": 1, "groups": [44], "averageRating": 5.0}, {"asin": "B0007SVV2Q", "name": "Extech EX420 11 Function Professional MultiMeter", "imUrl": "http://ecx.images-amazon.com/images/I/41caiHHblPL._SY300_.jpg", "price": 63.01, "numReviews": 3, "groups": [45], "averageRating": 3.6666666666666665, "brand": "Extech"}, {"asin": "B000VNVSZ2", "name": "Craftsman Digital Multimeter with AC Voltage Detector", "imUrl": "http://ecx.images-amazon.com/images/I/5171GGdjSYL._SY300_.jpg", "price": 27.97, "numReviews": 3, "groups": [46], "averageRating": 4.666666666666667, "brand": "Craftsman"}, {"asin": "B00AW67BD6", "name": "BestDealUSA UNI-T UT612 Handheld LCR Meter Inductance Capacitance L/C/R/DCR/Q/D/\u03b8/ESR Test", "imUrl": "http://ecx.images-amazon.com/images/I/41DOblRGwYL._SY300_.jpg", "price": 169.71, "numReviews": 1, "groups": [47], "averageRating": 4.0, "brand": "BestDealUSA"}, {"asin": "B00EOG6078", "name": "Mastech MAS830L Pocket Digital Multimeter Data Hold AC DC Voltage Current", "imUrl": "http://ecx.images-amazon.com/images/I/516qk1nFnTL._SY300_.jpg", "price": 12.1, "numReviews": 1, "groups": [48], "averageRating": 4.0}, {"asin": "B0000WU1AC", "name": "Extech EX430 True RMS Autoranging Multimeter with K Type, Capacitance, Frequency, and Duty Cycle", "imUrl": "http://ecx.images-amazon.com/images/I/417NBW2FANL._SY300_.jpg", "price": 59.99, "numReviews": 26, "groups": [49], "averageRating": 3.6923076923076925, "brand": "Extech"}, {"asin": "B001DNLZKC", "name": "Greenlee DM-60 Manual Ranging Multimeter, 600-Volt AC/DC", "imUrl": "http://ecx.images-amazon.com/images/I/41bzh2HdPIL._SY300_.jpg", "price": 59.5, "numReviews": 7, "groups": [50], "averageRating": 4.714285714285714, "brand": "Greenlee"}, {"asin": "B003RYY5HA", "name": "Fluke C115 Polyester Soft Carrying Case", "imUrl": "http://ecx.images-amazon.com/images/I/41N8I1hKMqL._SX300_.jpg", "price": 29.95, "numReviews": 26, "groups": [51], "averageRating": 4.8076923076923075, "brand": "Fluke"}, {"asin": "B007UZ7ZE2", "name": "AC/DC Modern Digital Auto Ranging Multimeters UT61C with RS232 Interface", "imUrl": "http://ecx.images-amazon.com/images/I/419pU7IqVmL._SY300_.jpg", "price": 48.21, "numReviews": 2, "groups": [52], "averageRating": 5.0}, {"asin": "B000TKPRFO", "name": "Fluke 87V/E2 KIT Industrial Electrician Combo Kit", "imUrl": "http://ecx.images-amazon.com/images/I/51QbOiMnfHL._SY300_.jpg", "price": 427.46, "numReviews": 28, "groups": [53], "averageRating": 4.892857142857143, "brand": "Fluke"}, {"asin": "B00KOUNI0U", "name": "Nubee\u00ae Digital LCD Voltmeter Ammeter Ohmmeter Multimeter Volt AC DC Tester Meter", "imUrl": "http://ecx.images-amazon.com/images/I/5161iOUODlL._SY300_.jpg", "price": 14.99, "numReviews": 1, "groups": [54], "averageRating": 2.0}, {"asin": "B001N4KALQ", "name": "Sperry Instruments DM6450 Digital Multimeter Autorange 9 Function 35 Range", "imUrl": "http://ecx.images-amazon.com/images/I/51ydSfNKXGL._SY300_.jpg", "price": 56.75, "numReviews": 3, "groups": [55], "averageRating": 4.666666666666667}, {"asin": "B00700FRLU", "name": "NEW DIGITAL LCD MULTI METER OHM OHMMETER AMMETER AC AMP DC VOLT BATTERY TESTER VOLTMETER", "imUrl": "http://ecx.images-amazon.com/images/I/21lgp2qTaAL.jpg", "price": 10.78, "numReviews": 6, "groups": [56], "averageRating": 4.5}, {"asin": "B00FFYPUTM", "name": "Signstek VC99 3 6/7 LCD Manual Auto Digital Multimeter Tester Volt Ammeter Test Meter Ohm Analog Bar Auto Range", "imUrl": "http://ecx.images-amazon.com/images/I/41tR8IasKGL._SY300_.jpg", "price": 31.99, "numReviews": 3, "groups": [57], "averageRating": 3.6666666666666665, "brand": "Signstek"}, {"asin": "B000650SVU", "name": "A.W. Sperry SP-152A Analog Multimeter", "imUrl": "http://ecx.images-amazon.com/images/I/41UWNMN4mTL._SY300_.jpg", "price": 5.5, "numReviews": 10, "groups": [58], "averageRating": 4.1}, {"asin": "B007KHBFC8", "name": "Craftsman 34-81077 Professional Multimeter with Temperature Measurement", "imUrl": "http://ecx.images-amazon.com/images/I/41tdOn1vypL._SY300_.jpg", "price": 19.21, "numReviews": 1, "groups": [59], "averageRating": 5.0}, {"asin": "B005UKFWR6", "name": "Mastech Pocket digital multimeter with Data Hold MAS830L", "imUrl": "http://ecx.images-amazon.com/images/I/4172INv9wuL._SX300_.jpg", "price": 18.99, "numReviews": 2, "groups": [60], "averageRating": 4.5}, {"asin": "B006TOJ9Q2", "name": "Digital LCD Multimeter best-DT9205A", "imUrl": "http://ecx.images-amazon.com/images/I/41tDNji8vFL._SY445_.jpg", "price": 11.59, "numReviews": 29, "groups": [61], "averageRating": 3.9310344827586206, "salesRankCategory": "Industrial & Scientific", "salesRank": 19578}, {"asin": "B001AGO9SW", "name": "Extech EX505 CAT IV-600V True RMS Industrial MultiMeter with Waterproof (IP67) Rugged Design for Heavy Duty Use", "imUrl": "http://ecx.images-amazon.com/images/I/415xkRk3j2L._SY300_.jpg", "price": 87.13, "numReviews": 6, "groups": [62], "averageRating": 5.0, "brand": "Extech"}, {"asin": "B000JJMIX4", "name": "Sinometer 8-Function 20-Range Analog & Digital Multimeter with Battery Tester, 7030", "imUrl": "http://ecx.images-amazon.com/images/I/515V402qG8L._SY445_.jpg", "price": 29.99, "numReviews": 13, "groups": [63], "averageRating": 4.0, "salesRankCategory": "Industrial & Scientific", "salesRank": 17298}, {"asin": "B00AYAUV5A", "name": "UT10A Digital LCD Pocket Auto Range Multimeter DC AC", "imUrl": "http://ecx.images-amazon.com/images/I/415DizE-UAL._SY300_.jpg", "price": 17.21, "numReviews": 2, "groups": [64], "averageRating": 3.0}, {"asin": "B00067WVD6", "name": "Sinometer Professional digital clamp meter, DT266", "imUrl": "http://ecx.images-amazon.com/images/I/41%2BSINn%2B24L._SX342_.jpg", "price": 15.95, "numReviews": 30, "groups": [65], "averageRating": 3.3333333333333335, "salesRankCategory": "Industrial & Scientific", "salesRank": 5819}, {"asin": "B009792XFU", "name": "Replacement 1000V 20A Multimeter Test Lead Probe Cable 1M Pair", "imUrl": "http://ecx.images-amazon.com/images/I/41GScoxXzmL._SY300_.jpg", "price": 3.42, "numReviews": 1, "groups": [66], "averageRating": 5.0}, {"asin": "B0050LVFS0", "name": "Mastech MS8268 Digital AC/DC Auto/Manual Range Digital Multimeter Meter", "imUrl": "http://ecx.images-amazon.com/images/I/41PWEG63TzL._SX342_.jpg", "price": 24.99, "numReviews": 311, "groups": [67], "averageRating": 4.266881028938907, "salesRankCategory": "Industrial & Scientific", "salesRank": 83}, {"asin": "B00975QOWC", "name": "Amico Electrical AC DC Volt Ammeter MF47A Analog Multimeter Multitester", "imUrl": "http://ecx.images-amazon.com/images/I/41lzoclXLYL._SY300_.jpg", "price": 17.89, "numReviews": 3, "groups": [68], "averageRating": 4.666666666666667}, {"asin": "B000VREBPM", "name": "Fluke 179/EDA2 6 Piece Industrial Electronics Multimeter Combo Kit", "imUrl": "http://ecx.images-amazon.com/images/I/51Z0f8yPMUL._SX342_.jpg", "price": 314.94, "numReviews": 5, "groups": [69], "averageRating": 5.0, "brand": "Fluke", "salesRankCategory": "Industrial & Scientific", "salesRank": 5717}, {"asin": "B004WN6GW2", "name": "Extech EX230 12 Function Mini Digital MultiMeter with IR Thermometer", "imUrl": "http://ecx.images-amazon.com/images/I/41ipaGlndqL._SY300_.jpg", "price": 92.99, "numReviews": 4, "groups": [70], "averageRating": 4.0}, {"asin": "B003TO5YUK", "name": "Greenlee DM-820A True RMS Digital Multimeter 1000 Volt", "imUrl": "http://ecx.images-amazon.com/images/I/41Pmx-RTWcL._SY300_.jpg", "price": 187.9, "numReviews": 3, "groups": [71], "averageRating": 5.0, "brand": "Greenlee"}, {"asin": "B005D19NSG", "name": "FLUKE-289/IMSK Industrial Multimeter Service Combo Kit", "imUrl": "http://ecx.images-amazon.com/images/I/41bpl6Sk16L._SX300_.jpg", "price": 629.96, "numReviews": 1, "groups": [72], "averageRating": 5.0}, {"asin": "B004I5GQD8", "name": "UEi Test Instruments ATTPC Pipe Clamp Temperature Probe", "imUrl": "http://ecx.images-amazon.com/images/I/4117kqEYFiL._SY300_.jpg", "price": 34.26, "numReviews": 3, "groups": [73], "averageRating": 4.0, "brand": "UEi Test Instruments"}, {"asin": "B00GUJK7GW", "name": "Craftsman 11-function Auto Range Digital Multi-meter and AC Voltage Detector with Flash Light 34-82007", "imUrl": "http://ecx.images-amazon.com/images/I/51dhH1-h64L._SY300_.jpg", "price": 36.25, "numReviews": 2, "groups": [74], "averageRating": 4.5, "brand": "Craftsman"}, {"asin": "B000CRYWJ6", "name": "Digital 7-Function Pocket MultiMeter / MultiTester", "imUrl": "http://ecx.images-amazon.com/images/I/51oHpHVQI7L._SY300_.jpg", "price": 7.77, "numReviews": 2, "groups": [75], "averageRating": 2.5}, {"asin": "B002DNG63C", "name": "GE Multimeter, Digital 17 Range 6-Function Non-Recording, Yellow 50953", "imUrl": "http://ecx.images-amazon.com/images/I/41Bj7wTqt-L._SY300_.jpg", "price": 14.0, "numReviews": 6, "groups": [76], "averageRating": 2.8333333333333335, "brand": "GE"}, {"asin": "B00D76WP8O", "name": "NEEWER\u00ae SM852B 3 Phase Rotation Tester Indicator Detector Meter With LED + Buzzer", "imUrl": "http://ecx.images-amazon.com/images/I/51O9b0CFZqL._SY300_.jpg", "price": 16.25, "numReviews": 2, "groups": [77], "averageRating": 5.0}, {"asin": "B000GFI9RA", "name": "Fluke TPAK Meter Hanging Kit", "imUrl": "http://ecx.images-amazon.com/images/I/41rT5aJNwVL._SY300_.jpg", "price": 36.35, "numReviews": 38, "groups": [78], "averageRating": 4.7894736842105265, "brand": "Fluke"}, {"asin": "B008S9Y2B8", "name": "Digital Multimeter Test Lead Probe Cable 32\" w 4mm Male Banana Plug", "imUrl": "http://ecx.images-amazon.com/images/I/41VwD1D35WL._SY300_.jpg", "price": 4.03, "numReviews": 7, "groups": [28], "averageRating": 3.857142857142857}, {"asin": "B004AM45U0", "name": "Ryobi Tek4 Professional Digital Multimeter", "imUrl": "http://ecx.images-amazon.com/images/I/31aOBUTS9WL._SX300_.jpg", "price": 29.99, "numReviews": 1, "groups": [79], "averageRating": 4.0}, {"asin": "B007ZL0K3E", "name": "RadioShack 46-Range Digital Multimeter w PC Interface", "imUrl": "http://ecx.images-amazon.com/images/I/31APRb%2BNw6L._SX300_.jpg", "price": 55.99, "numReviews": 1, "groups": [80], "averageRating": 5.0, "brand": "RadioShack"}, {"asin": "B004UK82T2", "name": "1 Pair 10A Replacement Universal Multimeter Test Lead Probe", "imUrl": "http://ecx.images-amazon.com/images/I/41MIqKZYKvL._SY300_.jpg", "price": 4.9, "numReviews": 30, "groups": [81], "averageRating": 4.2}, {"asin": "B003WQ5Y28", "name": "NEW DIGITAL VOLTAGE VOLT METER MULTI TESTER MULTIMETER", "imUrl": "http://ecx.images-amazon.com/images/I/21ZRir0a2UL.jpg", "price": 5.99, "numReviews": 1, "groups": [82], "averageRating": 3.0}, {"asin": "B000N90JFO", "name": "Gardner Bender GDT-3200 7 Function Digital Multimeter", "imUrl": "http://ecx.images-amazon.com/images/I/41LWSsNZ4gL._SY300_.jpg", "price": 26.45, "numReviews": 10, "groups": [83], "averageRating": 4.2, "brand": "Gardner Bender"}, {"asin": "B004HY8NGS", "name": "Digital Clamp Meter", "imUrl": "http://ecx.images-amazon.com/images/I/31KCtkU2VFL._SY300_.jpg", "price": 24.95, "numReviews": 2, "groups": [84], "averageRating": 3.5}, {"asin": "B006Y6UIMO", "name": "LCD Digital MULTITESTER Multimeter AC DC Ohm VOLT Meter", "imUrl": "http://ecx.images-amazon.com/images/I/51YjOaqr6yL._SX342_.jpg", "price": 7.6, "numReviews": 19, "groups": [85], "averageRating": 3.4210526315789473, "salesRankCategory": "Industrial & Scientific", "salesRank": 1417}, {"asin": "B000B634ZQ", "name": "Fluke 80PK-8 Pipe Clamp Temperature Probe", "imUrl": "http://ecx.images-amazon.com/images/I/41elBdVgG4L._SX300_.jpg", "price": 148.77, "numReviews": 8, "groups": [86], "averageRating": 4.375, "brand": "Fluke"}, {"asin": "B001WADEAK", "name": "Fluke AC280 SureGrip Hook Clips", "imUrl": "http://ecx.images-amazon.com/images/I/41BRxEV4OtL._SX300_.jpg", "price": 32.45, "numReviews": 3, "groups": [87], "averageRating": 4.666666666666667, "brand": "Fluke"}, {"asin": "B000Q6V44O", "name": "Sinometer Digital Clamp on Meter with Phase Rotation Indicator, DT6051", "imUrl": "http://ecx.images-amazon.com/images/I/41eR0Rq90yL._SY300_.jpg", "price": 39.95, "numReviews": 5, "groups": [88], "averageRating": 3.0}, {"asin": "B000JQ4O2U", "name": "MASTECH AC/DC Auto/Manual Range Digital Multimeter, MS8268", "imUrl": "http://ecx.images-amazon.com/images/I/41J7zCang-L._SX342_.jpg", "price": 25.29, "numReviews": 186, "groups": [89], "averageRating": 4.182795698924731, "salesRankCategory": "Industrial & Scientific", "salesRank": 3241}, {"asin": "B006WBTZ0W", "name": "Extech LCR200 Passive Component LCR Meter", "imUrl": "http://ecx.images-amazon.com/images/I/41v8r%2BVtMzL._SY300_.jpg", "price": 259.99, "numReviews": 1, "groups": [15], "averageRating": 3.0, "brand": "Extech"}, {"asin": "B00A143BJ2", "name": "1x UNI-T UT203 Clamp LCD Digital Multimeter AC DC Volt Amp Meter Ohm Hz Tester", "imUrl": "http://ecx.images-amazon.com/images/I/41%2BO%2BFONc2L._SY300_.jpg", "price": 50.3, "numReviews": 1, "groups": [90], "averageRating": 5.0}, {"asin": "B005HOPRRK", "name": "Digital Clamp Meter Uni-Trend UT203", "imUrl": "http://ecx.images-amazon.com/images/I/41IA6SY-I4L._SY300_.jpg", "price": 34.27, "numReviews": 11, "groups": [91], "averageRating": 4.2727272727272725, "brand": "Uni-Trend"}, {"asin": "B009CSR8BA", "name": "Jingyan M6013 Digital Auto Ranging Capacitance Meter Tester Capacitor Tester 0.01pF to 47000uF", "imUrl": "http://ecx.images-amazon.com/images/I/41MrsCEAI4L._SY300_.jpg", "price": 34.99, "numReviews": 12, "groups": [13, 92], "averageRating": 3.8333333333333335}, {"asin": "B0099Z8IJM", "name": "L/C Inductance Capacitance Multimeter Meter LC200A Tool with 5V Power Adapter", "imUrl": "http://ecx.images-amazon.com/images/I/41RmQxfGFYL._SY300_.jpg", "price": 46.39, "numReviews": 1, "groups": [93], "averageRating": 2.0}, {"asin": "B00A0MYS9M", "name": "DT-100K/K-37/K-38 DIODE/TRANSISTOR TESTER KIT AND RESISTOR AND CAPACITOR SUBSTITUTION BOX KITS COMBINATION PACK", "imUrl": "http://ecx.images-amazon.com/images/I/410xCOlrZ2L._SX300_.jpg", "price": 31.59, "numReviews": 1, "groups": [94], "averageRating": 5.0}, {"asin": "B00CO2G0NI", "name": "UNI-T UT204A AC/DC Digital LCD Display Clamp Multimeter DMM Voltmeter 600A", "imUrl": "http://ecx.images-amazon.com/images/I/51urngJCruL._SY300_.jpg", "price": 39.97, "numReviews": 1, "groups": [95], "averageRating": 3.0}, {"asin": "B003LD63K4", "name": "Klein Tools MM2000 Electrician's/HVAC TRMS Multimeter", "imUrl": "http://ecx.images-amazon.com/images/I/41F10bdS9DL._SY300_.jpg", "price": 89.99, "numReviews": 12, "groups": [96], "averageRating": 4.583333333333333, "brand": "Klein Tools"}, {"asin": "B008Z9H66E", "name": "BestDealUSA New LCD Digital Voltmeter Ammeter Ohm Multimeter", "imUrl": "http://ecx.images-amazon.com/images/I/41BhPrwL7FL._SY300_.jpg", "price": 7.62, "numReviews": 2, "groups": [97], "averageRating": 2.5, "salesRankCategory": "Electronics", "salesRank": 205831}, {"asin": "B00EOKB3UI", "name": "MASTECH MS8250C Digital Multimeter Auto Range Tester Detector", "imUrl": "http://ecx.images-amazon.com/images/I/41EnwK9o4HL._SY300_.jpg", "price": 71.07, "numReviews": 1, "groups": [98], "averageRating": 5.0}, {"asin": "B0000WTZQ8", "name": "Fluke FLUC25 Large Soft Case for Digital Multimeter", "imUrl": "http://ecx.images-amazon.com/images/I/51Y8OIGsX2L._SX342_.jpg", "price": 29.43, "numReviews": 26, "groups": [99], "averageRating": 4.6923076923076925, "brand": "Fluke", "salesRankCategory": "Industrial & Scientific", "salesRank": 1431}, {"asin": "B000EX27OK", "name": "Extech EX520 True RMS Heavy Duty Industrial Multimeter", "imUrl": "http://ecx.images-amazon.com/images/I/41%2BpRby8vNL._SX300_.jpg", "price": 134.7, "numReviews": 3, "groups": [100], "averageRating": 4.666666666666667, "brand": "Extech"}, {"asin": "B000NPT6GG", "name": "TEKTON 5899 Digital Multi-Tester", "imUrl": "http://ecx.images-amazon.com/images/I/51SzIgqDsrL._SX300_.jpg", "price": 11.04, "numReviews": 4, "groups": [101], "averageRating": 3.5, "brand": "TEKTON"}, {"asin": "B0084JQL1Q", "name": "AGPtek Dual Two Channel Digital Thermometer 2 K-Type Thermocouple Sensor 1300\u00b0C 2372\u00b0F", "imUrl": "http://ecx.images-amazon.com/images/I/41Giq7WvZiL._SY300_.jpg", "price": 18.85, "numReviews": 45, "groups": [102], "averageRating": 3.977777777777778}, {"asin": "B00HZHR8HE", "name": "Excelvan\u00ae M6013 Digital Auto Ranging Capacitance Meter Tester Capacitor Tester, from 0.01pF to 470000uF", "imUrl": "http://ecx.images-amazon.com/images/I/41MrsCEAI4L._SY300_.jpg", "price": 34.99, "numReviews": 1, "groups": [103], "averageRating": 5.0}, {"asin": "B00011Q5PW", "name": "Fluke 80PK-1 Bead Probe", "imUrl": "http://ecx.images-amazon.com/images/I/31Kz6AU-BmL._SY300_.jpg", "price": 27.95, "numReviews": 3, "groups": [104], "averageRating": 5.0, "brand": "Fluke"}, {"asin": "B00AH9I09M", "name": "Kingmys DT830B LCD Digital Voltmeter Ammeter Ohm Multimeter", "imUrl": "http://ecx.images-amazon.com/images/I/51EO5WyZ8EL._SX300_.jpg", "price": 4.49, "numReviews": 1, "groups": [105], "averageRating": 5.0}, {"asin": "B00279JLQ6", "name": "Sperry Instruments DM6400 Digital Multimeter Manual 8 Function 28 Range", "imUrl": "http://ecx.images-amazon.com/images/I/41yThfuBeyL._SY300_.jpg", "price": 27.5, "numReviews": 3, "groups": [17, 55], "averageRating": 4.666666666666667, "brand": "Sperry Instruments"}, {"asin": "B00AKVFVFI", "name": "Amico Volt Ohm Amp AC DC Meter Gauge Analog Multimeter Battery Tester Black", "imUrl": "http://ecx.images-amazon.com/images/I/51Jy8KdrcyL._SY300_.jpg", "price": 19.09, "numReviews": 2, "groups": [106], "averageRating": 3.5}, {"asin": "B000ET0UY8", "name": "A.W. Sperry DM210A 4 Function 11 Range Digital Multimeter", "imUrl": "http://ecx.images-amazon.com/images/I/418S3889WEL._SY300_.jpg", "price": 21.99, "numReviews": 2, "groups": [107], "averageRating": 5.0}, {"asin": "B005EMT8PC", "name": "DE-5000 Handheld LCR Meter", "imUrl": "http://ecx.images-amazon.com/images/I/318G9d-J4RL.jpg", "price": 140.0, "numReviews": 5, "groups": [108], "averageRating": 4.8}, {"asin": "B00CC0G9II", "name": "Apeco M320 Auto-ranging AC/DC Pocket-size Digital Multimeter", "imUrl": "http://ecx.images-amazon.com/images/I/41ijoHTPTPL._SY300_.jpg", "price": 19.99, "numReviews": 1, "groups": [109], "averageRating": 5.0}, {"asin": "B003LCL4D6", "name": "Klein Tools MM1000 Electrician's Multimeter", "imUrl": "http://ecx.images-amazon.com/images/I/418DoyABsgL._SY300_.jpg", "price": 65.25, "numReviews": 14, "groups": [110], "averageRating": 4.214285714285714, "brand": "Klein Tools"}, {"asin": "B009IS43DU", "name": "2 Pair 4mm Banana Plug 31.9\" Long Multimeters Meter Probe Test Lead", "imUrl": "http://ecx.images-amazon.com/images/I/41%2BTDXj8hKL._SY300_.jpg", "price": 4.92, "numReviews": 3, "groups": [111], "averageRating": 3.0}, {"asin": "B000NNKDMO", "name": "Sperry Digital Multmeter (DM4100A)", "imUrl": "http://ecx.images-amazon.com/images/I/41h6kfXNXZL._SY300_.jpg", "price": 18.0, "numReviews": 2, "groups": [112], "averageRating": 3.0}, {"asin": "B0002KX77G", "name": "Diode / Transistor Tester", "imUrl": "http://ecx.images-amazon.com/images/I/41SkYp8vx1L._SY300_.jpg", "price": 34.87, "numReviews": 4, "groups": [113], "averageRating": 3.25}, {"asin": "B000KJZUV0", "name": "Pit Bull CHIC012 Digital Multimeter", "imUrl": "http://ecx.images-amazon.com/images/I/51Yq2QJxM%2BL._SX300_.jpg", "price": 6.87, "numReviews": 1, "groups": [114], "averageRating": 2.0, "brand": "Pit Bull"}, {"asin": "B008ALQ2NU", "name": "Dawson DDM181 Pocket-Size Autorange Digital Multimeter", "imUrl": "http://ecx.images-amazon.com/images/I/51nxkvtDuoL._SY300_.jpg", "price": 18.66, "numReviews": 3, "groups": [115], "averageRating": 5.0, "brand": "Dawson"}, {"asin": "B00004WLJS", "name": "GB Electrical GMT-19A 19 Range Analog Multitester", "imUrl": "http://ecx.images-amazon.com/images/I/519E5MSCW1L._SY300_.jpg", "price": 24.99, "numReviews": 13, "groups": [116], "averageRating": 4.230769230769231, "brand": "GB Electrical"}, {"asin": "B0014LT5IC", "name": "Craftsman Autoranging Multimeter", "imUrl": "http://ecx.images-amazon.com/images/I/217N4rkqFuL.jpg", "price": 19.21, "numReviews": 1, "groups": [117], "averageRating": 5.0}, {"asin": "B0002HDTDQ", "name": "Elenco CM1555  Digital Capacitance Meter", "imUrl": "http://ecx.images-amazon.com/images/I/51GTnhbWRbL._SY300_.jpg", "price": 33.22, "numReviews": 12, "groups": [14], "averageRating": 3.9166666666666665, "brand": "Elenco"}, {"asin": "B00AZHG3EU", "name": "sunkee MESR-100 AutoRanging In Circuit ESR Capacitor /Low Ohm Meter Up to 0.01 to 100R", "imUrl": "http://ecx.images-amazon.com/images/I/41nE7uad0zL._SY300_.jpg", "price": 69.99, "numReviews": 1, "groups": [118], "averageRating": 5.0, "brand": "sunkee"}, {"asin": "B001RSREKI", "name": "Digital Amp Ohm Volt Meter Ac Dc Voltmeter Multimeter", "imUrl": "http://ecx.images-amazon.com/images/I/51AuS1cNh8L._SX300_.jpg", "price": 1.05, "numReviews": 63, "groups": [119], "averageRating": 3.3174603174603177}, {"asin": "B004IOM5PW", "name": "B&K Precision 2704C Manual Ranging Tool Kit Digital Multimeter with Transistor Test", "imUrl": "http://ecx.images-amazon.com/images/I/410nmy-fpbL._SX342_.jpg", "price": 72.0, "numReviews": 6, "groups": [120], "averageRating": 4.0, "brand": "B&K Precision", "salesRankCategory": "Industrial & Scientific", "salesRank": 32162}, {"asin": "B000ROMA5W", "name": "BK Precision 2700 3.5 Digit Pocket DMM w/Bargraph", "imUrl": "http://ecx.images-amazon.com/images/I/41JZ%2BotyimL._SX300_.jpg", "price": 36.3, "numReviews": 2, "groups": [121], "averageRating": 4.5}, {"asin": "B0062V74XC", "name": "Pyle PDMT02 8 Function Digital Multimeter with DCV, ACV, Resitance, Capacitance, Frequency, Duty Cycle, Continuity", "imUrl": "http://ecx.images-amazon.com/images/I/41gJIPGlYYL._SX300_.jpg", "price": 50.99, "numReviews": 3, "groups": [122], "averageRating": 3.6666666666666665}, {"asin": "B000OUZBXW", "name": "ATD Tools 5519 Auto Ranging Digital Multimeter with Protective Holster", "imUrl": "http://ecx.images-amazon.com/images/I/412sihU-UjL.jpg", "price": 33.53, "numReviews": 2, "groups": [123], "averageRating": 2.5, "brand": "ATD"}, {"asin": "B002S7NWJE", "name": "Sperry Digital Multimeter #HDM4400", "imUrl": "http://ecx.images-amazon.com/images/I/51aprfcU9TL._SX300_.jpg", "price": 24.99, "numReviews": 3, "groups": [124], "averageRating": 4.666666666666667}, {"asin": "B00B1QBE8E", "name": "Digital LCD Pocket Auto Range Multimeter Ohm Volt UT10A", "imUrl": "http://ecx.images-amazon.com/images/I/41dJebjiDIL._SX300_.jpg", "price": 7.95, "numReviews": 1, "groups": [125], "averageRating": 4.0, "brand": ""}, {"asin": "B00ARBEY0Y", "name": "1000V Banana Plug 2.6Ft Voltmeter Probe Test Lead Cable Black Red Pair", "imUrl": "http://ecx.images-amazon.com/images/I/41Thql3egcL._SY300_.jpg", "price": 5.6, "numReviews": 2, "groups": [126], "averageRating": 3.0}, {"asin": "B0002GU142", "name": "Digital Multimeters - digital multimeter 3 function", "imUrl": "http://ecx.images-amazon.com/images/I/41lTt2WRvXL._SY300_.jpg", "price": 55.15, "numReviews": 1, "groups": [127], "averageRating": 5.0}, {"asin": "B0006FKF5Y", "name": "Sinometer DT9205 8-Function 32-Range Digital Multimeter", "imUrl": "http://ecx.images-amazon.com/images/I/51aT2Yd7U4L._SY445_.jpg", "price": 14.99, "numReviews": 58, "groups": [128], "averageRating": 3.6206896551724137, "salesRankCategory": "Industrial & Scientific", "salesRank": 41885}, {"asin": "B0087ZE0XI", "name": "3 1/2 LCD Display Voltmeter Ammeter Ohmmeter Digital Multimeter DT-9205A", "imUrl": "http://ecx.images-amazon.com/images/I/51mkFPmN1SL._SX300_.jpg", "price": 9.88, "numReviews": 2, "groups": [129], "averageRating": 4.0}, {"asin": "B005FCPNXM", "name": "Fluke 179/IMSK Digital Multimeter with Fluke 322 Clamp Meter", "imUrl": "http://ecx.images-amazon.com/images/I/41I8yNehm9L._SX300_.jpg", "price": 395.0, "numReviews": 11, "groups": [130], "averageRating": 4.545454545454546, "brand": "Fluke"}, {"asin": "B00B7CS3UY", "name": "Etekcity Digital LCD Voltmeter Ammeter Ohmmeter Multimeter Volt AC DC Tester Meter", "imUrl": "http://ecx.images-amazon.com/images/I/51HFn1MTQUL._SY300_.jpg", "price": 9.99, "numReviews": 69, "groups": [131], "averageRating": 3.710144927536232, "brand": "Etekcity", "salesRankCategory": "Industrial & Scientific", "salesRank": 213}, {"asin": "B00EVW0LEI", "name": "Tekpower MAS830L AC/DC 600V, DC 10A Digital Multimeter with Continuity Test & Back-lit Display", "imUrl": "http://ecx.images-amazon.com/images/I/415FCZWTScL._SY300_.jpg", "price": 12.99, "numReviews": 2, "groups": [132], "averageRating": 4.5}, {"asin": "B00ARB41NY", "name": "Amico Pair 1000V 1.1M Long Flexible Wire Multimeter Test Lead Probe Red Black", "imUrl": "http://ecx.images-amazon.com/images/I/41nNd8j7fOL._SY300_.jpg", "price": 4.38, "numReviews": 2, "groups": [133], "averageRating": 3.0, "brand": "Amico"}, {"asin": "B001Q8WX3W", "name": "Craftsman 34-73756 Professional True Root Mean Square Alternating Current and Direct Current Clamp Ammeter", "imUrl": "http://ecx.images-amazon.com/images/I/41rHq-8dw6L._SY300_.jpg", "price": 126.22, "numReviews": 2, "groups": [134], "averageRating": 2.5}, {"asin": "B00A46L180", "name": "New TM-902C Digital LCD K Type Thermometer Single Input + Thermocouple Probe", "imUrl": "http://ecx.images-amazon.com/images/I/41m3I9zCs0L._SY300_.jpg", "price": 7.4, "numReviews": 3, "groups": [135], "averageRating": 2.3333333333333335}, {"asin": "B00BXX57ZQ", "name": "1000V 0.7M Multimeter Meter Replaceable Probe Test Lead Cable", "imUrl": "http://ecx.images-amazon.com/images/I/41Bc-8RAmPL._SY300_.jpg", "price": 5.52, "numReviews": 1, "groups": [38], "averageRating": 5.0}, {"asin": "B003JZB4EE", "name": "Greenlee DM-200A Digital Multimeter 1000 Volt", "imUrl": "http://ecx.images-amazon.com/images/I/41RqgYbXxUL._SY300_.jpg", "price": 87.65, "numReviews": 1, "groups": [136], "averageRating": 4.0, "brand": "Greenlee"}, {"asin": "B005EK3NRS", "name": "LCD Digital Ohm VOLT Meter AC DC Voltmeter Multimeter", "imUrl": "http://ecx.images-amazon.com/images/I/41P5O-I09vL._SX342_.jpg", "price": 7.5, "numReviews": 361, "groups": [137], "averageRating": 3.700831024930748, "salesRankCategory": "Industrial & Scientific", "salesRank": 153}, {"asin": "B00F9IH646", "name": "Tekpower MF133 Pocket-Size 5-Function 16-Range Analog Multimeter with 1.5V/9V Battery Tester", "imUrl": "http://ecx.images-amazon.com/images/I/51UYyGMAApL._SY300_.jpg", "price": 5.99, "numReviews": 2, "groups": [138], "averageRating": 3.5}, {"asin": "B000644RGI", "name": "Pocket-Size Digital Multimeter (MS8206)", "imUrl": "http://ecx.images-amazon.com/images/I/419RVQdkd8L._SY300_.jpg", "price": 9.99, "numReviews": 6, "groups": [139], "averageRating": 2.5}, {"asin": "B0036FQ3FW", "name": "Honeytek A6013L Capacitor Tester", "imUrl": "http://ecx.images-amazon.com/images/I/51utp70MJyL._SY300_.jpg", "price": 19.88, "numReviews": 45, "groups": [92], "averageRating": 4.533333333333333, "brand": "Honeytek"}, {"asin": "B003TY2MEQ", "name": "Craftsman Digital 800A AC Clamp-On Ammeter - 82364", "imUrl": "http://ecx.images-amazon.com/images/I/41xRx0w0KsL._SY300_.jpg", "price": 28.25, "numReviews": 1, "groups": [140], "averageRating": 5.0}, {"asin": "B007THZMWI", "name": "UNI-T UT61E AC/DC Modern Digital Auto Ranging Multimeters Multitester True RMS", "imUrl": "http://ecx.images-amazon.com/images/I/41ZleVydglL._SY300_.jpg", "price": 46.79, "numReviews": 10, "groups": [141], "averageRating": 4.7, "brand": "UNI-T"}, {"asin": "B0096KITTE", "name": "Mini Digital Clamp-On AC/DC MultiMeter Meter Electronic Load Tester 400A MT87", "imUrl": "http://ecx.images-amazon.com/images/I/513A8a%2BBI6L._SX300_.jpg", "price": 12.53, "numReviews": 3, "groups": [142], "averageRating": 3.3333333333333335}, {"asin": "B00BL96B2A", "name": "Advanced Version: Multi-Use Transistor Tester Capacitor ESR Meter Inductance Resistor NPN PNP MOSFET by ElexPlanet Inc.", "imUrl": "http://ecx.images-amazon.com/images/I/51gIchGEd5L._SX300_.jpg", "price": 26.79, "numReviews": 7, "groups": [143], "averageRating": 4.285714285714286, "brand": ""}, {"asin": "B00066PKKI", "name": "Digital LED Phase Rotation Indicator, 20-400Hz, SSP8030", "imUrl": "http://ecx.images-amazon.com/images/I/51YmkXfjrCL._SX300_.jpg", "price": 25.99, "numReviews": 5, "groups": [12, 77], "averageRating": 4.6}, {"asin": "B000TJXXKG", "name": "UEi DCM3 Test Instruments Digital Capacitance Tester", "imUrl": "http://ecx.images-amazon.com/images/I/41wBiKQ8iXL._SY300_.jpg", "price": 41.02, "numReviews": 1, "groups": [144], "averageRating": 4.0}, {"asin": "B001AGQBRE", "name": "Extech 38070 Compact Analog MultiMeter", "imUrl": "http://ecx.images-amazon.com/images/I/514uH3gBwwL._SY300_.jpg", "price": 15.42, "numReviews": 1, "groups": [145], "averageRating": 4.0, "brand": "Extech"}, {"asin": "B0002KXCXA", "name": "Diode/Transistor Tester Kit", "imUrl": "http://ecx.images-amazon.com/images/I/41eSPaF3UBL._SY300_.jpg", "price": 23.85, "numReviews": 16, "groups": [146], "averageRating": 3.875}, {"asin": "B006TQLDYQ", "name": "Digital LCD Multimeter Voltmeter Ohmmeter Ammeter", "imUrl": "http://ecx.images-amazon.com/images/I/41UD1VTv%2BHL._SY300_.jpg", "price": 2.61, "numReviews": 4, "groups": [147], "averageRating": 4.25}, {"asin": "B00EEJW9NY", "name": "Pyle PDMT28 Digital Backlit LCD Multimeter, AC, DC, Volt, Current, Resistance, Transistor and Range with Protective Rubber Case", "imUrl": "http://ecx.images-amazon.com/images/I/51a2v1kubNL._SY300_.jpg", "price": 13.58, "numReviews": 3, "groups": [148], "averageRating": 3.6666666666666665, "brand": "Pyle"}, {"asin": "B0002SRJAY", "name": "Fluke 87-3 True-RMS Analog/Digital Multimeter - 87 III", "imUrl": "http://ecx.images-amazon.com/images/I/51Dyg%2B1DQpL._SX300_.jpg", "price": 369.83, "numReviews": 1, "groups": [149], "averageRating": 5.0}, {"asin": "B00IRLJTGA", "name": "Tekpower 202A Auto-ranging AC 600 Amp Clamp Meter with Line Splitter", "imUrl": "http://ecx.images-amazon.com/images/I/41%2BZEhTuzgL._SY300_.jpg", "price": 39.99, "numReviews": 2, "groups": [150], "averageRating": 5.0}, {"asin": "B0063M80Z6", "name": "Cen-Tech 11 Function Digital Multimeter with Audible Continuity", "imUrl": "http://ecx.images-amazon.com/images/I/41ArvRBzrHL._SY300_.jpg", "price": 36.46, "numReviews": 4, "groups": [151], "averageRating": 3.5, "brand": "Cen-Tech"}, {"asin": "B000PTM5D6", "name": "Digital Multimeter ,Five-In-One W/Multi-Sensor Input,- Autoranging", "imUrl": "http://ecx.images-amazon.com/images/I/416IJyM8QaL._SY300_.jpg", "price": 78.0, "numReviews": 5, "groups": [152], "averageRating": 4.0}, {"asin": "B004I6NZSQ", "name": "Digital Clamp Meter Multimeter Electronic Tester", "imUrl": "http://ecx.images-amazon.com/images/I/41rtyC3adeL._SY300_.jpg", "price": 18.2, "numReviews": 1, "groups": [153], "averageRating": 4.0}, {"asin": "B007FKQZ70", "name": "LCD Digital Voltmeter Ammeter Ohm Multimeter DT830B", "imUrl": "http://ecx.images-amazon.com/images/I/51uVlP25VAL._SY300_.jpg", "price": 8.02, "numReviews": 2, "groups": [154], "averageRating": 3.0}, {"asin": "B000NPT6G6", "name": "TEKTON 5898 16-Range Electric Multi-Tester", "imUrl": "http://ecx.images-amazon.com/images/I/51uInMFnVbL._SX300_.jpg", "price": 8.25, "numReviews": 2, "groups": [155], "averageRating": 4.0, "brand": "TEKTON"}, {"asin": "B00IL31CLE", "name": "Floureon\u00ae M6013 New High Accuracy Auto Digital Capacitor Meter Tester 5 Digit High Resolution", "imUrl": "http://ecx.images-amazon.com/images/I/51qEGhXCaJL._SY300_.jpg", "price": 34.99, "numReviews": 2, "groups": [156], "averageRating": 4.0}, {"asin": "B00004WLJR", "name": "GB Electrical GMT-18A Compact 18 Range Analog Tester", "imUrl": "http://ecx.images-amazon.com/images/I/512FZ7MJMEL._SY300_.jpg", "price": 13.97, "numReviews": 1, "groups": [157], "averageRating": 5.0, "brand": "GB Electrical"}, {"asin": "B000FCIOYW", "name": "Greenlee DM-40 Manual Ranging 600 Volt Multimeter Checks AC/DC Voltage, DC Amperage and Temperature Measurement", "imUrl": "http://ecx.images-amazon.com/images/I/41rokDazvOL._SY300_.jpg", "price": 42.45, "numReviews": 5, "groups": [158], "averageRating": 4.0}, {"asin": "B00023RXGE", "name": "Extech EX410 Manual Ranging Digital Multimeter with Type K Remote Probe Thermometer", "imUrl": "http://ecx.images-amazon.com/images/I/41R46XK2HAL._SY300_.jpg", "price": 45.35, "numReviews": 7, "groups": [159], "averageRating": 4.142857142857143, "brand": "Extech"}, {"asin": "B00C3UKEEM", "name": "Victor VC921 3 3/4 Pocket Digital Multimeter Mini Tiny Small", "imUrl": "http://ecx.images-amazon.com/images/I/41CmlhF7XTL._SY300_.jpg", "price": 16.95, "numReviews": 4, "groups": [115], "averageRating": 5.0}, {"asin": "B00BRKYL7A", "name": "UNI-T UT61D True RMS Digital Multimeter", "imUrl": "http://ecx.images-amazon.com/images/I/41bK5j3LmfL._SY300_.jpg", "price": 44.19, "numReviews": 2, "groups": [141], "averageRating": 4.0, "brand": "UNI-T"}, {"asin": "B0002S83NG", "name": "Triplett Model 9005-A Digital Multimeter", "imUrl": "http://ecx.images-amazon.com/images/I/419L4KBk9ZL.jpg", "price": 31.24, "numReviews": 4, "groups": [160], "averageRating": 4.75}, {"asin": "B000B5Y8X4", "name": "BK Precision 2704B DMM Tool Kit 0.5% w/CAP", "imUrl": "http://ecx.images-amazon.com/images/I/41EKM22XWFL._SY300_.jpg", "price": 66.0, "numReviews": 1, "groups": [161], "averageRating": 5.0}, {"asin": "B000IF8QAS", "name": "Reliance Controls DT830 Digital 7-Function Multitester,", "imUrl": "http://ecx.images-amazon.com/images/I/41VFE1Q2K6L._SY300_.jpg", "price": 18.34, "numReviews": 4, "groups": [162], "averageRating": 4.25}, {"asin": "B000NBA8E4", "name": "Gardner Bender GDT-3190 14 Range 4-Function Manual Ranging Digital Multimeter", "imUrl": "http://ecx.images-amazon.com/images/I/51oqdILPprL._SY300_.jpg", "price": 10.0, "numReviews": 9, "groups": [163], "averageRating": 4.111111111111111, "brand": "Gardner Bender"}, {"asin": "B002C4L0CO", "name": "Ideal 61-312 Resi-Pro Multimeter", "imUrl": "http://ecx.images-amazon.com/images/I/41XbVkRdlKL._SY300_.jpg", "price": 64.58, "numReviews": 9, "groups": [164], "averageRating": 2.6666666666666665}, {"asin": "B008X18CF8", "name": "AC DC Volt Amp Ohm Meter MF47D Analog Multimeter Black White", "imUrl": "http://ecx.images-amazon.com/images/I/51E16HcgKOL._SY300_.jpg", "price": 21.99, "numReviews": 2, "groups": [165], "averageRating": 5.0}, {"asin": "B0090WRMLE", "name": "Vichy Vc99 3 6/7 Analog Bar Digital Auto Range Multimeter Tester", "imUrl": "http://ecx.images-amazon.com/images/I/41vZeFf8DTL._SX300_.jpg", "price": 41.36, "numReviews": 1, "groups": [166], "averageRating": 5.0}, {"asin": "B0021AEWCO", "name": "602-270 Steren 3-3/4 Digit Auto- Range Multimeter Ac/dc", "imUrl": "http://ecx.images-amazon.com/images/I/31ZKMwqpOEL._SY300_.jpg", "price": 26.6, "numReviews": 17, "groups": [167], "averageRating": 4.529411764705882, "brand": "Steren", "salesRankCategory": "Electronics", "salesRank": 66332}, {"asin": "B0096LYZV4", "name": "A830L Mini Pocket Hand-held Digital Multimeter Volt Ohm Amp Tester", "imUrl": "http://ecx.images-amazon.com/images/I/416sFy2gv8L._SY300_.jpg", "price": 10.2, "numReviews": 1, "groups": [168], "averageRating": 4.0}, {"asin": "B000J19B8W", "name": "Fluke 117/322 Electricians Multimeter and Clamp Meter Combo Kit", "imUrl": "http://ecx.images-amazon.com/images/I/41sFxE2dQ%2BL._SX300_.jpg", "price": 294.95, "numReviews": 33, "groups": [169], "averageRating": 4.818181818181818}, {"asin": "B00EEJWA1K", "name": "Pyle PDMT29 Digital LCD Multimeter, AC, DC, Volt, Current, Resistance, Range with Rubber Case and Stand", "imUrl": "http://ecx.images-amazon.com/images/I/51fwOPEUw8L._SY300_.jpg", "price": 12.32, "numReviews": 2, "groups": [170], "averageRating": 3.0, "brand": "Pyle"}, {"asin": "B003U2GONM", "name": "Klein Tool 69410 Replacement Test Lead Set", "imUrl": "http://ecx.images-amazon.com/images/I/51zrvJ0SLQL._SX300_.jpg", "price": 15.49, "numReviews": 14, "groups": [171], "averageRating": 4.285714285714286}, {"asin": "B004YF0VEM", "name": "DIGITEK DT-2844R True-RMS Auto-ranging Digital Multimete", "imUrl": "http://ecx.images-amazon.com/images/I/415erQWUKrL._SY300_.jpg", "price": 24.99, "numReviews": 24, "groups": [172], "averageRating": 4.291666666666667}, {"asin": "B0007Z0TAY", "name": "RSR Enviormental Tester + Multi Function DMM", "imUrl": "http://ecx.images-amazon.com/images/I/41DvsalnugL._SY300_.jpg", "price": 55.0, "numReviews": 28, "groups": [173], "averageRating": 4.285714285714286}, {"asin": "B004WN8PZS", "name": "Extech MN15A Large Display Digital Mini Multi-Meter", "imUrl": "http://ecx.images-amazon.com/images/I/41NE-%2BRX4IL._SY300_.jpg", "price": 34.49, "numReviews": 3, "groups": [174], "averageRating": 5.0, "brand": "Extech"}, {"asin": "B008HGRRZA", "name": "AideTek VC99+ Digital Auto Range Multimeter Tester Capacitor Amp Voltage AC DC Analog Bar Buzz", "imUrl": "http://ecx.images-amazon.com/images/I/519ZQw4XOGL._SY300_.jpg", "price": 41.99, "numReviews": 3, "groups": [175], "averageRating": 4.0, "brand": "AideTek"}, {"asin": "B007F17X0W", "name": "Craftsman 8 Function Multimeter 20 Ranges Continuit and Diode Test", "imUrl": "http://ecx.images-amazon.com/images/I/51IMi2pKE8L._SY300_.jpg", "price": 19.5, "numReviews": 1, "groups": [176], "averageRating": 5.0}, {"asin": "B0002SRINW", "name": "Fluke TL224 SureGrip Silicone Insulated Test Leads, Right Angle and Straight", "imUrl": "http://ecx.images-amazon.com/images/I/31h5Wa6ABFL._SX300_.jpg", "price": 23.84, "numReviews": 39, "groups": [177], "averageRating": 4.794871794871795, "brand": "Fluke"}, {"asin": "B0039O6M4M", "name": "UEi Test Instruments ATTPC2 Pipe Clamp Temperature Probe", "imUrl": "http://ecx.images-amazon.com/images/I/41WNuJMR4LL._SX300_.jpg", "price": 42.2, "numReviews": 9, "groups": [178], "averageRating": 3.7777777777777777, "brand": "UEi Test Instruments"}, {"asin": "B00976G14W", "name": "Digital Multimeter 1000V 20A Test Lead Cable Probe Red Black", "imUrl": "http://ecx.images-amazon.com/images/I/413WabD5rsL._SY300_.jpg", "price": 4.42, "numReviews": 1, "groups": [111, 179], "averageRating": 4.0}, {"asin": "B006LQKF3E", "name": "Sperry Instruments HSP10 15 Range Analog Multitester", "imUrl": "http://ecx.images-amazon.com/images/I/51uzTeMFjDL._SY300_.jpg", "price": 8.99, "numReviews": 2, "groups": [180], "averageRating": 5.0}, {"asin": "B00A15YIBQ", "name": "AideTek AMS2108 MS2108 T-RMS DC Clamp Meter Inrush Current Auto Range", "imUrl": "http://ecx.images-amazon.com/images/I/41iYwwf7vqL._SY300_.jpg", "price": 87.22, "numReviews": 2, "groups": [181], "averageRating": 2.0}, {"asin": "B000EWW2T6", "name": "Extech EX530 True RMS Heavy Duty Industrial MultiMeter", "imUrl": "http://ecx.images-amazon.com/images/I/41NCaOVwjjL._SY300_.jpg", "price": 219.99, "numReviews": 4, "groups": [182], "averageRating": 3.5, "brand": "Extech"}, {"asin": "B000NKC9C4", "name": "Fluke AC220 SureGrip Alligator Clips", "imUrl": "http://ecx.images-amazon.com/images/I/41rygTTi3YL._SX300_.jpg", "price": 36.23, "numReviews": 9, "groups": [183], "averageRating": 4.555555555555555, "brand": "Fluke"}, {"asin": "B00HHPVX2U", "name": "Huhushop(TM) Transistor Tester Capacitor ESR Inductance Resistor LCR Meter NPN PNP MOSFET", "imUrl": "http://ecx.images-amazon.com/images/I/51VXJu8j5ZL._SX300_.jpg", "price": 28.28, "numReviews": 3, "groups": [143], "averageRating": 4.666666666666667}, {"asin": "B005UTGO6U", "name": "Mastech Analogue multimeter, continuity buzzer & LED, holster YX-360TRe-b", "imUrl": "http://ecx.images-amazon.com/images/I/51GkT9yU3QL._SX342_.jpg", "price": 14.99, "numReviews": 11, "groups": [184], "averageRating": 4.636363636363637, "salesRankCategory": "Industrial & Scientific", "salesRank": 32140}, {"asin": "B00A13E1F6", "name": "1x UNI-T UT202 Clamp LCD Digital Multimeter AC DC Volt AC Amp Ohm Temp Tester", "imUrl": "http://ecx.images-amazon.com/images/I/51Ftmg3wO%2BL._SY300_.jpg", "price": 24.3, "numReviews": 8, "groups": [185], "averageRating": 2.875}, {"asin": "B00A76M9D8", "name": "Pair 1000V 10A Banana Plug Multimeter Probe Test Lead Cable 1.1M", "imUrl": "http://ecx.images-amazon.com/images/I/41EkGUvjnYL._SX300_.jpg", "price": 5.04, "numReviews": 2, "groups": [179], "averageRating": 5.0}, {"asin": "B003TO5YU0", "name": "Greenlee DM-510A True RMS Professional Plant Digital Multimeter", "imUrl": "http://ecx.images-amazon.com/images/I/41DM3iis9EL._SY300_.jpg", "price": 139.84, "numReviews": 5, "groups": [186], "averageRating": 3.4, "brand": "Greenlee"}, {"asin": "B000R81U3G", "name": "Fluke 80PK-11 Type-K Velcro Thermocouple Temperature Probe", "imUrl": "http://ecx.images-amazon.com/images/I/41vgrYJSfEL._SX300_.jpg", "price": 35.11, "numReviews": 2, "groups": [187], "averageRating": 3.0, "brand": "Fluke"}, {"asin": "B002VTUWSI", "name": "Digital Capacitor Tester for Electric Motor Capacitors Range 200pf to over 2000uf\u00a0#CAP1500P", "imUrl": "http://ecx.images-amazon.com/images/I/41jGUxsPPoL._SY300_.jpg", "price": 34.95, "numReviews": 2, "groups": [188], "averageRating": 5.0}, {"asin": "B00F3I3D7Q", "name": "Tekpower MS8220R 6,000-count Auto-ranging True-RMS AC/DC Digital Multimeter with RS232 PC Interface", "imUrl": "http://ecx.images-amazon.com/images/I/419CdYNwFFL._SY300_.jpg", "price": 79.99, "numReviews": 3, "groups": [189], "averageRating": 3.6666666666666665}, {"asin": "B003WFJ0UG", "name": "Extech MN47 12 Function Compact MultiMeter + NCV", "imUrl": "http://ecx.images-amazon.com/images/I/41AqATQmR-L._SY300_.jpg", "price": 49.85, "numReviews": 10, "groups": [190], "averageRating": 4.1, "brand": "Extech"}, {"asin": "B005F5LRVQ", "name": "Klein Tools CL2100 AC/DC TRMS Clamp with Temperature", "imUrl": "http://ecx.images-amazon.com/images/I/41lxOM%2B4bPL._SY300_.jpg", "price": 104.99, "numReviews": 5, "groups": [191], "averageRating": 4.8}, {"asin": "B0002YUN4C", "name": "Gardner Bender GMT-319 19 Range Multimeter Tester", "imUrl": "http://ecx.images-amazon.com/images/I/51I6CrncQiL._SY300_.jpg", "price": 21.52, "numReviews": 8, "groups": [116], "averageRating": 4.0, "brand": "Gardner Bender"}, {"asin": "B00BEZWI7S", "name": "Klein Tools MM2300 Electrician's/HVAC TRMS Multimeter", "imUrl": "http://ecx.images-amazon.com/images/I/51P3JuCH2HL._SY300_.jpg", "price": 122.77, "numReviews": 1, "groups": [192], "averageRating": 4.0, "brand": "Klein Tools"}, {"asin": "B008GTEZPI", "name": "AideTek VC97+ Digital Auto Range Multimeter Tester Capacitor Amp Voltage AC DC Temp Diode Buzz Frequency", "imUrl": "http://ecx.images-amazon.com/images/I/41yICgJr3zL._SY300_.jpg", "price": 32.99, "numReviews": 21, "groups": [193], "averageRating": 4.333333333333333}, {"asin": "B000R8ETKW", "name": "Fluke 789 ProcessMeter", "imUrl": "http://ecx.images-amazon.com/images/I/51A6%2BEuHrhL._SY300_.jpg", "price": 854.96, "numReviews": 5, "groups": [194], "averageRating": 4.6, "brand": "Fluke"}, {"asin": "B000ET5W0A", "name": "Sperry Instruments DSA500A 5-Function 9-Range 400-Ampere Digital Snap-Around Clamp Meter w/Data Hold and Auto-Off capability, 1/Ea", "imUrl": "http://ecx.images-amazon.com/images/I/41W6D1JJ8RL._SY300_.jpg", "price": 61.76, "numReviews": 22, "groups": [195], "averageRating": 4.7272727272727275}, {"asin": "B003B3N618", "name": "Extech MN16 Compact, Autoranging MultiMeter with Advanced Functions including: AC Current, Capacitance, and Frequency", "imUrl": "http://ecx.images-amazon.com/images/I/41sHYXGF3OL._SY300_.jpg", "price": 53.1, "numReviews": 5, "groups": [196], "averageRating": 4.8}, {"asin": "B009A3LO0I", "name": "LC-100S LC100-S L/C/F Inductance Capacitance High Precision Meter + USB Cable", "imUrl": "http://ecx.images-amazon.com/images/I/41Y%2BrLHLaqL._SX300_.jpg", "price": 19.7, "numReviews": 3, "groups": [197], "averageRating": 4.0}, {"asin": "B0006GD9Z6", "name": "Sinometer Auto/Manual Ranging Digital Multimeter, MS8221", "imUrl": "http://ecx.images-amazon.com/images/I/41dT5M6v7IL._SY300_.jpg", "price": 35.5, "numReviews": 21, "groups": [198], "averageRating": 3.3333333333333335, "brand": "Sinometer"}, {"asin": "B0002HDTEA", "name": "Elenco - Elenco Multimeter Kit", "imUrl": "http://ecx.images-amazon.com/images/I/51YOzw0tM0L._SX342_.jpg", "price": 24.3, "numReviews": 11, "groups": [199], "averageRating": 2.5454545454545454, "brand": "Elenco", "salesRankCategory": "Toys & Games", "salesRank": 251532}, {"asin": "B000EX27OU", "name": "Extech EX310 Manual Ranging Mini Multimeter with Battery Test Function", "imUrl": "http://ecx.images-amazon.com/images/I/41lD1wsbpJL._SY300_.jpg", "price": 37.8, "numReviews": 2, "groups": [200], "averageRating": 3.5, "brand": "Extech"}, {"asin": "B004AQ32YG", "name": "Elenco Electronics M-3000 LCR Multimeter", "imUrl": "http://ecx.images-amazon.com/images/I/51s16IrfslL._SY300_.jpg", "price": 48.94, "numReviews": 2, "groups": [201], "averageRating": 1.0, "brand": "Elenco"}, {"asin": "B004WN6XPC", "name": "Extech TL726 Double Molded Silicone Test Lead Set", "imUrl": "http://ecx.images-amazon.com/images/I/411EWiNCfML._SX300_.jpg", "price": 13.99, "numReviews": 6, "groups": [202], "averageRating": 4.833333333333333, "brand": "Extech"}, {"asin": "B00BEZWL5C", "name": "Klein Tools CL2300 600A TRMS AC/DC Clamp Meter with Temperature", "imUrl": "http://ecx.images-amazon.com/images/I/41Z4GFp%2B8eL._SY300_.jpg", "price": 171.93, "numReviews": 9, "groups": [203], "averageRating": 4.888888888888889, "brand": "Klein Tools"}, {"asin": "B000S94IBU", "name": "UEi Test Instruments M110A Analog Multimeter", "imUrl": "http://ecx.images-amazon.com/images/I/51ZzVlHMB9L._SY300_.jpg", "price": 55.95, "numReviews": 4, "groups": [204], "averageRating": 4.75}, {"asin": "B00023RXGO", "name": "Extech EX411 True RMS Manual Ranging Digital Multimeter with Type K Remote Probe Thermometer", "imUrl": "http://ecx.images-amazon.com/images/I/41ET4REPYNL._SY300_.jpg", "price": 69.53, "numReviews": 4, "groups": [205], "averageRating": 2.5, "brand": "Extech"}, {"asin": "B00068OUZC", "name": "Fluke AC72 1000-Volt Alligator Clip-Set", "imUrl": "http://ecx.images-amazon.com/images/I/41S4QqktiKL._SY300_.jpg", "price": 13.95, "numReviews": 22, "groups": [206], "averageRating": 4.7727272727272725}, {"asin": "B000EX0AE4", "name": "Extech EX330 Autoranging Mini Multimeter with Built In Thermometer with Type K Remote Probe", "imUrl": "http://ecx.images-amazon.com/images/I/51n-oqSV7JL._SY300_.jpg", "price": 50.94, "numReviews": 85, "groups": [207], "averageRating": 4.152941176470589, "brand": "Extech"}, {"asin": "B003B3N60Y", "name": "Extech MN15A Compact, Manual Ranging MultiMeter with 1.5V and 9V Battery Test Under Load", "imUrl": "http://ecx.images-amazon.com/images/I/417Bfxo8HPL._SY300_.jpg", "price": 36.59, "numReviews": 1, "groups": [208], "averageRating": 5.0, "brand": "Extech"}, {"asin": "B00AF1UF2M", "name": "LCD Digtital Meter XC6013L Capacitance Capacitor Tester mF uF Circuit Gauge Capacitance Meter Tester", "imUrl": "http://ecx.images-amazon.com/images/I/41KZKqNgxCL._SY300_.jpg", "price": 18.99, "numReviews": 61, "groups": [13, 14, 92], "averageRating": 4.098360655737705}, {"asin": "B00AFX3BMQ", "name": "1000V Male Banana Plug Multimeter Probe Test Lead Cable Wire", "imUrl": "http://ecx.images-amazon.com/images/I/41OENH9FuUL._SY300_.jpg", "price": 5.66, "numReviews": 1, "groups": [209], "averageRating": 3.0}, {"asin": "B00BLYD1FK", "name": "New UA6243L Mini digital Multimeter(Can Be Measured & Resistance & Capacitance & Inductance)", "imUrl": "http://ecx.images-amazon.com/images/I/41PTGGCAfPL._SY300_.jpg", "price": 25.98, "numReviews": 1, "groups": [210], "averageRating": 4.0}, {"asin": "B003M67FA2", "name": "Digital Multimeter - Popular DT-830B - Easy-to-Use Pock", "imUrl": "http://ecx.images-amazon.com/images/I/314W%2B-XXoPL.jpg", "price": 6.5, "numReviews": 1, "groups": [211], "averageRating": 5.0}, {"asin": "B001M0ME42", "name": "Greenlee PDMM-20 Pocket Multimeter", "imUrl": "http://ecx.images-amazon.com/images/I/41MT8UMeeeL._SY300_.jpg", "price": 37.99, "numReviews": 10, "groups": [212], "averageRating": 4.6, "brand": "Greenlee"}, {"asin": "B00BTX61UA", "name": "NEEWER\u00ae UNI-T UT202 Digital Clamp Multimeters DMM DCV ACV Auto Range Temperature", "imUrl": "http://ecx.images-amazon.com/images/I/41o2YVZzrDL._SY300_.jpg", "price": 24.45, "numReviews": 3, "groups": [213], "averageRating": 4.333333333333333}, {"asin": "B00101Q1JM", "name": "GE Multimeter, Analog 14 Range 6-Function Non-Recording, Yellow 50952", "imUrl": "http://ecx.images-amazon.com/images/I/41LSHpRXCRL.jpg", "price": 13.99, "numReviews": 11, "groups": [214], "averageRating": 3.6363636363636362, "brand": "GE"}, {"asin": "B003AJEN7Y", "name": "Fluke (FLU233A) Remote Display Multimeter", "imUrl": "http://ecx.images-amazon.com/images/I/41eBrSVzFrL._SY300_.jpg", "price": 361.19, "numReviews": 7, "groups": [215], "averageRating": 4.285714285714286, "brand": "Fluke"}, {"asin": "B007RUREFU", "name": "Veecome LCD Digital Ohm VOLT Meter AC DC Voltmeter Multimeter New", "imUrl": "http://ecx.images-amazon.com/images/I/51nKRH6PwrL._SY300_.jpg", "price": 15.0, "numReviews": 5, "groups": [216], "averageRating": 2.6}, {"asin": "B00462G1WE", "name": "Sperry Instruments DM6650T TRMS Digital Multimeter Autorange 10 Function 39 Range", "imUrl": "http://ecx.images-amazon.com/images/I/411w97ZRxJL._SY300_.jpg", "price": 104.8, "numReviews": 1, "groups": [217], "averageRating": 2.0}, {"asin": "B002X7ZX00", "name": "Fluke 233 Remote Display Multimeter", "imUrl": "http://ecx.images-amazon.com/images/I/515huLROyIL._SY300_.jpg", "price": 262.96, "numReviews": 18, "groups": [218], "averageRating": 3.888888888888889, "brand": "Fluke"}, {"asin": "B005V7IKKY", "name": "Sinometer DMM LCR Meter, 31-Range auto power-off, new design MS8269 ,Digital Multimeter", "imUrl": "http://ecx.images-amazon.com/images/I/41YscJTfnNL._SX300_.jpg", "price": 39.34, "numReviews": 1, "groups": [219], "averageRating": 1.0}, {"asin": "B007ZWV9NS", "name": "High Precision L/C Inductance/Capacitance Meter LC100-A+Free Mini USB Cable", "imUrl": "http://ecx.images-amazon.com/images/I/41NjJOzkcmL._SX342_.jpg", "price": 39.99, "numReviews": 6, "groups": [220], "averageRating": 4.5, "salesRankCategory": "Industrial & Scientific", "salesRank": 69564}, {"asin": "B0044MCZFI", "name": "craftsman pocket size multitester multimeter", "imUrl": "http://ecx.images-amazon.com/images/I/419IO4oknRL._SY300_.jpg", "price": 4.95, "numReviews": 1, "groups": [221], "averageRating": 2.0}, {"asin": "B00BG9IHYU", "name": "NPN PNP Transistor Measurement LCD Digital Multitester VC830L w Leads", "imUrl": "http://ecx.images-amazon.com/images/I/415DeZff95L._SY300_.jpg", "price": 12.91, "numReviews": 1, "groups": [222], "averageRating": 2.0}, {"asin": "B0006GD7NU", "name": "Analog Multimeter, 20-range AC/ DC general purpose, fused, M7040", "imUrl": "http://ecx.images-amazon.com/images/I/51OQ97dZg7L._SY445_.jpg", "price": 21.99, "numReviews": 29, "groups": [223], "averageRating": 4.103448275862069, "salesRankCategory": "Industrial & Scientific", "salesRank": 21380}, {"asin": "B00AK7RS76", "name": "NEEWER\u00ae UNI-T UT-L23 Multimeter Meter Test Lead Probe Cable for SMD Chip SMT Test", "imUrl": "http://ecx.images-amazon.com/images/I/51n%2B03THDuL._SY300_.jpg", "price": 4.06, "numReviews": 2, "groups": [224], "averageRating": 3.5}, {"asin": "B0094EF3DW", "name": "Digital Multimeter 1000V 10A Test Lead Cable Probe 2 Pcs", "imUrl": "http://ecx.images-amazon.com/images/I/419zDdhSiDL._SY300_.jpg", "price": 5.68, "numReviews": 3, "groups": [225], "averageRating": 2.3333333333333335}, {"asin": "B0089DXOLW", "name": "Dawson DAN120 Analog Multimeter", "imUrl": "http://ecx.images-amazon.com/images/I/518gmXqLcqL._SY300_.jpg", "price": 34.93, "numReviews": 3, "groups": [68], "averageRating": 4.666666666666667, "brand": "Dawson"}, {"asin": "B000EWY5VO", "name": "Extech TK430-IR Industrial Equipment and Material Troubleshooting Combo Kit", "imUrl": "http://ecx.images-amazon.com/images/I/51c7JlefN3L._SX300_.jpg", "price": 209.99, "numReviews": 2, "groups": [226], "averageRating": 2.5, "brand": "Extech"}, {"asin": "B000EX27PE", "name": "Extech EX320 Autoranging Mini Multimeter", "imUrl": "http://ecx.images-amazon.com/images/I/41IOnU8D8nL._SY300_.jpg", "price": 43.57, "numReviews": 4, "groups": [227], "averageRating": 4.0}, {"asin": "B000OLCD9Q", "name": "Fieldpiece ST4 Dual Temperature Meter, -58 to 2000F(-50 to 1300C)", "imUrl": "http://ecx.images-amazon.com/images/I/31RT6nq7w6L._SY300_.jpg", "price": 66.61, "numReviews": 15, "groups": [102], "averageRating": 4.466666666666667, "brand": "Fieldpiece"}, {"asin": "B00AUDEMVA", "name": "BestDealUSA UNI-T UT-L23 Multimeter Test Extention Lead Male Thread Probe 1000V 10A", "imUrl": "http://ecx.images-amazon.com/images/I/51n%2B03THDuL._SY300_.jpg", "price": 8.88, "numReviews": 1, "groups": [228], "averageRating": 5.0, "brand": "BestDealUSA"}, {"asin": "B00FFWF7YC", "name": "Vichy VC97 3 3/4 LCD Manual Auto Digital Multimeter Tester Volt Ammeter Test Meter Ohm Analog Bar Auto Range", "imUrl": "http://ecx.images-amazon.com/images/I/41gaAnBzaRL._SY300_.jpg", "price": 27.96, "numReviews": 1, "groups": [57], "averageRating": 4.0}, {"asin": "B005KGCI0Y", "name": "DT830B LCD Digital Voltmeter Ammeter Ohm Multimeter", "imUrl": "http://ecx.images-amazon.com/images/I/4188Qk0P8vL._SY300_.jpg", "price": 3.76, "numReviews": 134, "groups": [229], "averageRating": 3.925373134328358, "salesRankCategory": "Electronics", "salesRank": 1551}, {"asin": "B000NB85N0", "name": "Gardner Bender GDT-311 3 Function Digital Multimeter", "imUrl": "http://ecx.images-amazon.com/images/I/41i0X3OpFcL._SY300_.jpg", "price": 5.99, "numReviews": 4, "groups": [230], "averageRating": 3.5, "brand": "Gardner Bender"}, {"asin": "B00291X79O", "name": "Gardner Bender GMT-318 14 Range Analog Multimeter", "imUrl": "http://ecx.images-amazon.com/images/I/51DuH0wbvOL._SY300_.jpg", "price": 12.26, "numReviews": 2, "groups": [231], "averageRating": 3.0, "brand": "Gardner Bender"}], "links": [{"source": 0, "target": 67, "right": true, "left": false, "value": 1}, {"source": 0, "target": 142, "right": true, "left": false, "value": 1}, {"source": 1, "target": 97, "right": false, "left": true, "value": 1}, {"source": 1, "target": 93, "right": true, "left": false, "value": 1}, {"source": 1, "target": 190, "right": false, "left": true, "value": 1}, {"source": 2, "target": 123, "right": true, "left": false, "value": 1}, {"source": 2, "target": 61, "right": true, "left": false, "value": 1}, {"source": 2, "target": 142, "right": true, "left": false, "value": 1}, {"source": 3, "target": 208, "right": false, "left": true, "value": 1}, {"source": 3, "target": 67, "right": true, "left": false, "value": 1}, {"source": 3, "target": 21, "right": true, "left": false, "value": 1}, {"source": 3, "target": 219, "right": true, "left": false, "value": 1}, {"source": 4, "target": 132, "right": true, "left": false, "value": 1}, {"source": 4, "target": 245, "right": true, "left": false, "value": 1}, {"source": 4, "target": 142, "right": true, "left": false, "value": 1}, {"source": 5, "target": 67, "right": true, "left": false, "value": 1}, {"source": 5, "target": 134, "right": false, "left": true, "value": 1}, {"source": 5, "target": 231, "right": false, "left": true, "value": 1}, {"source": 5, "target": 9, "right": false, "left": true, "value": 1}, {"source": 5, "target": 156, "right": false, "left": true, "value": 1}, {"source": 5, "target": 178, "right": false, "left": true, "value": 1}, {"source": 5, "target": 51, "right": false, "left": true, "value": 1}, {"source": 5, "target": 28, "right": false, "left": true, "value": 1}, {"source": 5, "target": 29, "right": false, "left": true, "value": 1}, {"source": 6, "target": 90, "right": true, "left": false, "value": 1}, {"source": 6, "target": 67, "right": true, "left": false, "value": 1}, {"source": 7, "target": 245, "right": true, "left": false, "value": 1}, {"source": 7, "target": 61, "right": true, "left": false, "value": 1}, {"source": 7, "target": 142, "right": true, "left": false, "value": 1}, {"source": 8, "target": 132, "right": true, "left": false, "value": 1}, {"source": 8, "target": 61, "right": true, "left": false, "value": 1}, {"source": 8, "target": 142, "right": true, "left": false, "value": 1}, {"source": 9, "target": 186, "right": true, "left": false, "value": 1}, {"source": 10, "target": 98, "right": false, "left": true, "value": 1}, {"source": 10, "target": 67, "right": true, "left": false, "value": 1}, {"source": 10, "target": 165, "right": false, "left": true, "value": 1}, {"source": 10, "target": 74, "right": false, "left": true, "value": 1}, {"source": 10, "target": 108, "right": false, "left": true, "value": 1}, {"source": 10, "target": 173, "right": false, "left": true, "value": 1}, {"source": 10, "target": 16, "right": false, "left": true, "value": 1}, {"source": 10, "target": 113, "right": false, "left": true, "value": 1}, {"source": 10, "target": 55, "right": false, "left": true, "value": 1}, {"source": 10, "target": 185, "right": false, "left": true, "value": 1}, {"source": 10, "target": 29, "right": false, "left": true, "value": 1}, {"source": 10, "target": 127, "right": false, "left": true, "value": 1}, {"source": 11, "target": 207, "right": true, "left": false, "value": 1}, {"source": 12, "target": 33, "right": true, "left": true, "value": 1}, {"source": 12, "target": 77, "right": false, "left": true, "value": 1}, {"source": 12, "target": 150, "right": true, "left": true, "value": 1}, {"source": 13, "target": 121, "right": true, "left": true, "value": 1}, {"source": 13, "target": 145, "right": true, "left": false, "value": 1}, {"source": 13, "target": 221, "right": true, "left": true, "value": 1}, {"source": 13, "target": 94, "right": true, "left": true, "value": 1}, {"source": 14, "target": 91, "right": true, "left": true, "value": 1}, {"source": 14, "target": 22, "right": true, "left": false, "value": 1}, {"source": 14, "target": 111, "right": true, "left": false, "value": 1}, {"source": 15, "target": 211, "right": true, "left": false, "value": 1}, {"source": 15, "target": 236, "right": true, "left": false, "value": 1}, {"source": 16, "target": 128, "right": false, "left": true, "value": 1}, {"source": 16, "target": 67, "right": true, "left": false, "value": 1}, {"source": 16, "target": 108, "right": true, "left": true, "value": 1}, {"source": 16, "target": 110, "right": false, "left": true, "value": 1}, {"source": 16, "target": 55, "right": false, "left": true, "value": 1}, {"source": 17, "target": 67, "right": true, "left": false, "value": 1}, {"source": 18, "target": 67, "right": true, "left": false, "value": 1}, {"source": 18, "target": 135, "right": true, "left": false, "value": 1}, {"source": 19, "target": 106, "right": false, "left": true, "value": 1}, {"source": 20, "target": 114, "right": true, "left": false, "value": 1}, {"source": 21, "target": 35, "right": false, "left": true, "value": 1}, {"source": 21, "target": 67, "right": true, "left": false, "value": 1}, {"source": 21, "target": 133, "right": false, "left": true, "value": 1}, {"source": 21, "target": 166, "right": false, "left": true, "value": 1}, {"source": 21, "target": 229, "right": false, "left": true, "value": 1}, {"source": 21, "target": 201, "right": false, "left": true, "value": 1}, {"source": 21, "target": 234, "right": false, "left": true, "value": 1}, {"source": 21, "target": 110, "right": false, "left": true, "value": 1}, {"source": 21, "target": 241, "right": false, "left": true, "value": 1}, {"source": 21, "target": 212, "right": false, "left": true, "value": 1}, {"source": 21, "target": 183, "right": false, "left": true, "value": 1}, {"source": 21, "target": 219, "right": true, "left": false, "value": 1}, {"source": 21, "target": 220, "right": false, "left": true, "value": 1}, {"source": 22, "target": 223, "right": false, "left": true, "value": 1}, {"source": 22, "target": 36, "right": false, "left": true, "value": 1}, {"source": 22, "target": 232, "right": false, "left": true, "value": 1}, {"source": 22, "target": 111, "right": false, "left": true, "value": 1}, {"source": 22, "target": 209, "right": false, "left": true, "value": 1}, {"source": 22, "target": 213, "right": false, "left": true, "value": 1}, {"source": 22, "target": 91, "right": false, "left": true, "value": 1}, {"source": 22, "target": 30, "right": false, "left": true, "value": 1}, {"source": 22, "target": 95, "right": false, "left": true, "value": 1}, {"source": 23, "target": 184, "right": true, "left": false, "value": 1}, {"source": 23, "target": 221, "right": true, "left": false, "value": 1}, {"source": 23, "target": 219, "right": true, "left": false, "value": 1}, {"source": 23, "target": 205, "right": true, "left": false, "value": 1}, {"source": 24, "target": 168, "right": true, "left": false, "value": 1}, {"source": 24, "target": 67, "right": true, "left": false, "value": 1}, {"source": 24, "target": 147, "right": true, "left": false, "value": 1}, {"source": 24, "target": 219, "right": true, "left": false, "value": 1}, {"source": 25, "target": 145, "right": true, "left": false, "value": 1}, {"source": 25, "target": 90, "right": true, "left": false, "value": 1}, {"source": 25, "target": 67, "right": true, "left": false, "value": 1}, {"source": 25, "target": 205, "right": true, "left": false, "value": 1}, {"source": 26, "target": 34, "right": true, "left": false, "value": 1}, {"source": 26, "target": 67, "right": true, "left": false, "value": 1}, {"source": 27, "target": 196, "right": false, "left": true, "value": 1}, {"source": 27, "target": 79, "right": true, "left": true, "value": 1}, {"source": 28, "target": 192, "right": false, "left": true, "value": 1}, {"source": 28, "target": 186, "right": true, "left": false, "value": 1}, {"source": 29, "target": 78, "right": true, "left": false, "value": 1}, {"source": 30, "target": 213, "right": false, "left": true, "value": 1}, {"source": 31, "target": 67, "right": true, "left": false, "value": 1}, {"source": 32, "target": 163, "right": false, "left": true, "value": 1}, {"source": 32, "target": 199, "right": false, "left": true, "value": 1}, {"source": 32, "target": 43, "right": false, "left": true, "value": 1}, {"source": 32, "target": 145, "right": false, "left": true, "value": 1}, {"source": 32, "target": 151, "right": false, "left": true, "value": 1}, {"source": 32, "target": 94, "right": false, "left": true, "value": 1}, {"source": 33, "target": 89, "right": false, "left": true, "value": 1}, {"source": 33, "target": 77, "right": false, "left": true, "value": 1}, {"source": 33, "target": 150, "right": true, "left": true, "value": 1}, {"source": 34, "target": 200, "right": false, "left": true, "value": 1}, {"source": 34, "target": 176, "right": false, "left": true, "value": 1}, {"source": 34, "target": 81, "right": false, "left": true, "value": 1}, {"source": 34, "target": 208, "right": false, "left": true, "value": 1}, {"source": 34, "target": 52, "right": false, "left": true, "value": 1}, {"source": 34, "target": 181, "right": false, "left": true, "value": 1}, {"source": 35, "target": 90, "right": true, "left": false, "value": 1}, {"source": 35, "target": 67, "right": true, "left": false, "value": 1}, {"source": 36, "target": 145, "right": true, "left": false, "value": 1}, {"source": 37, "target": 145, "right": true, "left": false, "value": 1}, {"source": 37, "target": 221, "right": true, "left": false, "value": 1}, {"source": 37, "target": 94, "right": true, "left": false, "value": 1}, {"source": 38, "target": 196, "right": true, "left": false, "value": 1}, {"source": 38, "target": 140, "right": true, "left": true, "value": 1}, {"source": 38, "target": 79, "right": true, "left": false, "value": 1}, {"source": 39, "target": 67, "right": true, "left": false, "value": 1}, {"source": 39, "target": 142, "right": true, "left": false, "value": 1}, {"source": 40, "target": 152, "right": true, "left": false, "value": 1}, {"source": 40, "target": 58, "right": false, "left": true, "value": 1}, {"source": 40, "target": 236, "right": true, "left": false, "value": 1}, {"source": 40, "target": 143, "right": true, "left": false, "value": 1}, {"source": 41, "target": 216, "right": true, "left": false, "value": 1}, {"source": 41, "target": 203, "right": true, "left": false, "value": 1}, {"source": 41, "target": 236, "right": true, "left": false, "value": 1}, {"source": 42, "target": 232, "right": false, "left": true, "value": 1}, {"source": 43, "target": 145, "right": true, "left": false, "value": 1}, {"source": 43, "target": 221, "right": true, "left": false, "value": 1}, {"source": 44, "target": 67, "right": true, "left": false, "value": 1}, {"source": 45, "target": 49, "right": true, "left": false, "value": 1}, {"source": 45, "target": 219, "right": true, "left": false, "value": 1}, {"source": 45, "target": 201, "right": true, "left": false, "value": 1}, {"source": 46, "target": 74, "right": true, "left": false, "value": 1}, {"source": 46, "target": 146, "right": false, "left": true, "value": 1}, {"source": 47, "target": 149, "right": true, "left": false, "value": 1}, {"source": 48, "target": 142, "right": true, "left": false, "value": 1}, {"source": 49, "target": 217, "right": false, "left": true, "value": 1}, {"source": 49, "target": 219, "right": true, "left": false, "value": 1}, {"source": 49, "target": 62, "right": true, "left": false, "value": 1}, {"source": 50, "target": 67, "right": true, "left": false, "value": 1}, {"source": 51, "target": 101, "right": true, "left": false, "value": 1}, {"source": 51, "target": 78, "right": false, "left": true, "value": 1}, {"source": 52, "target": 147, "right": true, "left": false, "value": 1}, {"source": 52, "target": 219, "right": true, "left": false, "value": 1}, {"source": 53, "target": 101, "right": true, "left": false, "value": 1}, {"source": 54, "target": 142, "right": true, "left": false, "value": 1}, {"source": 54, "target": 135, "right": true, "left": false, "value": 1}, {"source": 55, "target": 108, "right": true, "left": true, "value": 1}, {"source": 55, "target": 230, "right": false, "left": true, "value": 1}, {"source": 56, "target": 245, "right": true, "left": false, "value": 1}, {"source": 56, "target": 142, "right": true, "left": false, "value": 1}, {"source": 57, "target": 67, "right": true, "left": false, "value": 1}, {"source": 57, "target": 205, "right": true, "left": false, "value": 1}, {"source": 57, "target": 175, "right": false, "left": true, "value": 1}, {"source": 57, "target": 244, "right": true, "left": true, "value": 1}, {"source": 57, "target": 90, "right": true, "left": false, "value": 1}, {"source": 58, "target": 236, "right": true, "left": false, "value": 1}, {"source": 59, "target": 67, "right": true, "left": false, "value": 1}, {"source": 60, "target": 67, "right": true, "left": false, "value": 1}, {"source": 61, "target": 133, "right": false, "left": true, "value": 1}, {"source": 62, "target": 219, "right": true, "left": false, "value": 1}, {"source": 62, "target": 102, "right": false, "left": true, "value": 1}, {"source": 62, "target": 191, "right": false, "left": true, "value": 1}, {"source": 63, "target": 216, "right": false, "left": true, "value": 1}, {"source": 64, "target": 167, "right": true, "left": false, "value": 1}, {"source": 65, "target": 160, "right": false, "left": true, "value": 1}, {"source": 65, "target": 148, "right": false, "left": true, "value": 1}, {"source": 65, "target": 85, "right": false, "left": true, "value": 1}, {"source": 66, "target": 82, "right": true, "left": false, "value": 1}, {"source": 67, "target": 128, "right": false, "left": true, "value": 1}, {"source": 67, "target": 131, "right": false, "left": true, "value": 1}, {"source": 67, "target": 135, "right": false, "left": true, "value": 1}, {"source": 67, "target": 136, "right": false, "left": true, "value": 1}, {"source": 67, "target": 145, "right": false, "left": true, "value": 1}, {"source": 67, "target": 152, "right": false, "left": true, "value": 1}, {"source": 67, "target": 158, "right": false, "left": true, "value": 1}, {"source": 67, "target": 159, "right": false, "left": true, "value": 1}, {"source": 67, "target": 165, "right": false, "left": true, "value": 1}, {"source": 67, "target": 166, "right": false, "left": true, "value": 1}, {"source": 67, "target": 168, "right": false, "left": true, "value": 1}, {"source": 67, "target": 172, "right": false, "left": true, "value": 1}, {"source": 67, "target": 173, "right": false, "left": true, "value": 1}, {"source": 67, "target": 175, "right": false, "left": true, "value": 1}, {"source": 67, "target": 176, "right": false, "left": true, "value": 1}, {"source": 67, "target": 179, "right": false, "left": true, "value": 1}, {"source": 67, "target": 181, "right": false, "left": true, "value": 1}, {"source": 67, "target": 182, "right": false, "left": true, "value": 1}, {"source": 67, "target": 183, "right": false, "left": true, "value": 1}, {"source": 67, "target": 184, "right": false, "left": true, "value": 1}, {"source": 67, "target": 185, "right": false, "left": true, "value": 1}, {"source": 67, "target": 201, "right": false, "left": true, "value": 1}, {"source": 67, "target": 74, "right": false, "left": true, "value": 1}, {"source": 67, "target": 203, "right": false, "left": true, "value": 1}, {"source": 67, "target": 205, "right": false, "left": true, "value": 1}, {"source": 67, "target": 80, "right": false, "left": true, "value": 1}, {"source": 67, "target": 210, "right": false, "left": true, "value": 1}, {"source": 67, "target": 84, "right": false, "left": true, "value": 1}, {"source": 67, "target": 212, "right": false, "left": true, "value": 1}, {"source": 67, "target": 219, "right": false, "left": true, "value": 1}, {"source": 67, "target": 100, "right": false, "left": true, "value": 1}, {"source": 67, "target": 232, "right": false, "left": true, "value": 1}, {"source": 67, "target": 112, "right": false, "left": true, "value": 1}, {"source": 67, "target": 115, "right": false, "left": true, "value": 1}, {"source": 67, "target": 244, "right": false, "left": true, "value": 1}, {"source": 67, "target": 247, "right": false, "left": true, "value": 1}, {"source": 67, "target": 120, "right": false, "left": true, "value": 1}, {"source": 67, "target": 126, "right": false, "left": true, "value": 1}, {"source": 67, "target": 127, "right": false, "left": true, "value": 1}, {"source": 68, "target": 194, "right": true, "left": false, "value": 1}, {"source": 68, "target": 236, "right": true, "left": false, "value": 1}, {"source": 68, "target": 109, "right": false, "left": true, "value": 1}, {"source": 68, "target": 239, "right": true, "left": true, "value": 1}, {"source": 69, "target": 134, "right": false, "left": true, "value": 1}, {"source": 70, "target": 219, "right": true, "left": false, "value": 1}, {"source": 71, "target": 147, "right": true, "left": false, "value": 1}, {"source": 71, "target": 197, "right": true, "left": false, "value": 1}, {"source": 72, "target": 78, "right": true, "left": false, "value": 1}, {"source": 73, "target": 187, "right": true, "left": false, "value": 1}, {"source": 75, "target": 123, "right": true, "left": false, "value": 1}, {"source": 75, "target": 245, "right": true, "left": false, "value": 1}, {"source": 75, "target": 142, "right": true, "left": false, "value": 1}, {"source": 76, "target": 245, "right": true, "left": false, "value": 1}, {"source": 76, "target": 142, "right": true, "left": false, "value": 1}, {"source": 77, "target": 89, "right": false, "left": true, "value": 1}, {"source": 77, "target": 150, "right": true, "left": true, "value": 1}, {"source": 78, "target": 228, "right": false, "left": true, "value": 1}, {"source": 78, "target": 231, "right": false, "left": true, "value": 1}, {"source": 78, "target": 206, "right": false, "left": true, "value": 1}, {"source": 78, "target": 178, "right": false, "left": true, "value": 1}, {"source": 78, "target": 87, "right": false, "left": true, "value": 1}, {"source": 78, "target": 218, "right": false, "left": true, "value": 1}, {"source": 79, "target": 130, "right": false, "left": true, "value": 1}, {"source": 79, "target": 140, "right": true, "left": false, "value": 1}, {"source": 79, "target": 222, "right": false, "left": true, "value": 1}, {"source": 80, "target": 219, "right": true, "left": false, "value": 1}, {"source": 82, "target": 137, "right": false, "left": true, "value": 1}, {"source": 82, "target": 140, "right": false, "left": true, "value": 1}, {"source": 82, "target": 237, "right": false, "left": true, "value": 1}, {"source": 82, "target": 238, "right": false, "left": true, "value": 1}, {"source": 82, "target": 114, "right": false, "left": true, "value": 1}, {"source": 83, "target": 245, "right": true, "left": false, "value": 1}, {"source": 83, "target": 142, "right": true, "left": false, "value": 1}, {"source": 83, "target": 135, "right": true, "left": false, "value": 1}, {"source": 84, "target": 172, "right": true, "left": false, "value": 1}, {"source": 85, "target": 148, "right": true, "left": false, "value": 1}, {"source": 85, "target": 93, "right": true, "left": false, "value": 1}, {"source": 86, "target": 107, "right": false, "left": true, "value": 1}, {"source": 87, "target": 187, "right": true, "left": false, "value": 1}, {"source": 88, "target": 192, "right": true, "left": false, "value": 1}, {"source": 90, "target": 159, "right": false, "left": true, "value": 1}, {"source": 90, "target": 100, "right": false, "left": true, "value": 1}, {"source": 90, "target": 232, "right": false, "left": true, "value": 1}, {"source": 90, "target": 176, "right": false, "left": true, "value": 1}, {"source": 90, "target": 210, "right": false, "left": true, "value": 1}, {"source": 90, "target": 244, "right": false, "left": true, "value": 1}, {"source": 90, "target": 182, "right": false, "left": true, "value": 1}, {"source": 91, "target": 145, "right": true, "left": false, "value": 1}, {"source": 92, "target": 93, "right": true, "left": false, "value": 1}, {"source": 93, "target": 97, "right": false, "left": true, "value": 1}, {"source": 93, "target": 195, "right": false, "left": true, "value": 1}, {"source": 93, "target": 226, "right": false, "left": true, "value": 1}, {"source": 93, "target": 148, "right": false, "left": true, "value": 1}, {"source": 93, "target": 157, "right": false, "left": true, "value": 1}, {"source": 94, "target": 163, "right": false, "left": true, "value": 1}, {"source": 94, "target": 199, "right": false, "left": true, "value": 1}, {"source": 94, "target": 105, "right": false, "left": true, "value": 1}, {"source": 94, "target": 111, "right": false, "left": true, "value": 1}, {"source": 94, "target": 145, "right": true, "left": true, "value": 1}, {"source": 94, "target": 121, "right": false, "left": true, "value": 1}, {"source": 94, "target": 122, "right": false, "left": true, "value": 1}, {"source": 94, "target": 221, "right": true, "left": true, "value": 1}, {"source": 95, "target": 209, "right": true, "left": false, "value": 1}, {"source": 95, "target": 233, "right": true, "left": false, "value": 1}, {"source": 96, "target": 149, "right": true, "left": false, "value": 1}, {"source": 98, "target": 113, "right": true, "left": false, "value": 1}, {"source": 98, "target": 204, "right": false, "left": true, "value": 1}, {"source": 98, "target": 202, "right": false, "left": true, "value": 1}, {"source": 99, "target": 245, "right": true, "left": false, "value": 1}, {"source": 99, "target": 142, "right": true, "left": false, "value": 1}, {"source": 100, "target": 147, "right": true, "left": false, "value": 1}, {"source": 100, "target": 181, "right": true, "left": false, "value": 1}, {"source": 101, "target": 228, "right": false, "left": true, "value": 1}, {"source": 102, "target": 219, "right": true, "left": false, "value": 1}, {"source": 102, "target": 191, "right": false, "left": true, "value": 1}, {"source": 103, "target": 142, "right": true, "left": false, "value": 1}, {"source": 103, "target": 135, "right": true, "left": false, "value": 1}, {"source": 104, "target": 242, "right": true, "left": true, "value": 1}, {"source": 104, "target": 139, "right": false, "left": true, "value": 1}, {"source": 104, "target": 187, "right": false, "left": true, "value": 1}, {"source": 104, "target": 198, "right": false, "left": true, "value": 1}, {"source": 105, "target": 145, "right": true, "left": false, "value": 1}, {"source": 106, "target": 198, "right": false, "left": true, "value": 1}, {"source": 107, "target": 123, "right": true, "left": false, "value": 1}, {"source": 107, "target": 245, "right": true, "left": false, "value": 1}, {"source": 108, "target": 115, "right": false, "left": true, "value": 1}, {"source": 109, "target": 236, "right": true, "left": false, "value": 1}, {"source": 109, "target": 239, "right": true, "left": false, "value": 1}, {"source": 112, "target": 118, "right": true, "left": false, "value": 1}, {"source": 113, "target": 204, "right": false, "left": true, "value": 1}, {"source": 114, "target": 188, "right": true, "left": true, "value": 1}, {"source": 116, "target": 153, "right": true, "left": false, "value": 1}, {"source": 117, "target": 123, "right": true, "left": false, "value": 1}, {"source": 117, "target": 245, "right": true, "left": false, "value": 1}, {"source": 117, "target": 142, "right": true, "left": false, "value": 1}, {"source": 118, "target": 225, "right": false, "left": true, "value": 1}, {"source": 118, "target": 167, "right": true, "left": true, "value": 1}, {"source": 119, "target": 194, "right": true, "left": false, "value": 1}, {"source": 119, "target": 164, "right": false, "left": true, "value": 1}, {"source": 119, "target": 203, "right": true, "left": true, "value": 1}, {"source": 119, "target": 236, "right": true, "left": false, "value": 1}, {"source": 119, "target": 174, "right": false, "left": true, "value": 1}, {"source": 119, "target": 189, "right": false, "left": true, "value": 1}, {"source": 121, "target": 145, "right": true, "left": false, "value": 1}, {"source": 121, "target": 151, "right": false, "left": true, "value": 1}, {"source": 121, "target": 221, "right": true, "left": true, "value": 1}, {"source": 122, "target": 149, "right": false, "left": true, "value": 1}, {"source": 123, "target": 142, "right": true, "left": false, "value": 1}, {"source": 123, "target": 245, "right": true, "left": false, "value": 1}, {"source": 124, "target": 170, "right": false, "left": true, "value": 1}, {"source": 124, "target": 166, "right": false, "left": true, "value": 1}, {"source": 125, "target": 225, "right": true, "left": false, "value": 1}, {"source": 129, "target": 144, "right": false, "left": true, "value": 1}, {"source": 129, "target": 142, "right": true, "left": false, "value": 1}, {"source": 130, "target": 196, "right": true, "left": false, "value": 1}, {"source": 131, "target": 245, "right": true, "left": false, "value": 1}, {"source": 131, "target": 142, "right": true, "left": false, "value": 1}, {"source": 133, "target": 142, "right": true, "left": false, "value": 1}, {"source": 135, "target": 136, "right": false, "left": true, "value": 1}, {"source": 135, "target": 142, "right": true, "left": false, "value": 1}, {"source": 135, "target": 245, "right": false, "left": true, "value": 1}, {"source": 135, "target": 154, "right": false, "left": true, "value": 1}, {"source": 135, "target": 155, "right": false, "left": true, "value": 1}, {"source": 137, "target": 180, "right": true, "left": false, "value": 1}, {"source": 137, "target": 238, "right": false, "left": true, "value": 1}, {"source": 138, "target": 146, "right": false, "left": true, "value": 1}, {"source": 141, "target": 219, "right": true, "left": false, "value": 1}, {"source": 142, "target": 143, "right": false, "left": true, "value": 1}, {"source": 142, "target": 154, "right": false, "left": true, "value": 1}, {"source": 142, "target": 155, "right": false, "left": true, "value": 1}, {"source": 142, "target": 160, "right": false, "left": true, "value": 1}, {"source": 142, "target": 161, "right": false, "left": true, "value": 1}, {"source": 142, "target": 162, "right": false, "left": true, "value": 1}, {"source": 142, "target": 169, "right": false, "left": true, "value": 1}, {"source": 142, "target": 171, "right": false, "left": true, "value": 1}, {"source": 142, "target": 172, "right": false, "left": true, "value": 1}, {"source": 142, "target": 177, "right": false, "left": true, "value": 1}, {"source": 142, "target": 222, "right": false, "left": true, "value": 1}, {"source": 142, "target": 224, "right": false, "left": true, "value": 1}, {"source": 142, "target": 227, "right": false, "left": true, "value": 1}, {"source": 142, "target": 229, "right": false, "left": true, "value": 1}, {"source": 142, "target": 235, "right": false, "left": true, "value": 1}, {"source": 142, "target": 245, "right": false, "left": true, "value": 1}, {"source": 142, "target": 246, "right": false, "left": true, "value": 1}, {"source": 143, "target": 245, "right": true, "left": false, "value": 1}, {"source": 145, "target": 153, "right": false, "left": true, "value": 1}, {"source": 145, "target": 163, "right": false, "left": true, "value": 1}, {"source": 145, "target": 193, "right": false, "left": true, "value": 1}, {"source": 145, "target": 199, "right": false, "left": true, "value": 1}, {"source": 145, "target": 205, "right": false, "left": true, "value": 1}, {"source": 145, "target": 209, "right": false, "left": true, "value": 1}, {"source": 145, "target": 151, "right": false, "left": true, "value": 1}, {"source": 145, "target": 184, "right": false, "left": true, "value": 1}, {"source": 145, "target": 221, "right": true, "left": true, "value": 1}, {"source": 147, "target": 197, "right": false, "left": true, "value": 1}, {"source": 147, "target": 168, "right": true, "left": true, "value": 1}, {"source": 147, "target": 200, "right": false, "left": true, "value": 1}, {"source": 147, "target": 181, "right": true, "left": false, "value": 1}, {"source": 147, "target": 219, "right": true, "left": false, "value": 1}, {"source": 149, "target": 193, "right": true, "left": true, "value": 1}, {"source": 151, "target": 221, "right": true, "left": false, "value": 1}, {"source": 152, "target": 239, "right": true, "left": false, "value": 1}, {"source": 155, "target": 179, "right": false, "left": true, "value": 1}, {"source": 159, "target": 219, "right": true, "left": false, "value": 1}, {"source": 161, "target": 245, "right": true, "left": false, "value": 1}, {"source": 162, "target": 245, "right": true, "left": false, "value": 1}, {"source": 164, "target": 236, "right": true, "left": false, "value": 1}, {"source": 166, "target": 170, "right": false, "left": true, "value": 1}, {"source": 166, "target": 219, "right": true, "left": false, "value": 1}, {"source": 167, "target": 245, "right": true, "left": false, "value": 1}, {"source": 168, "target": 181, "right": true, "left": false, "value": 1}, {"source": 171, "target": 245, "right": true, "left": false, "value": 1}, {"source": 174, "target": 236, "right": true, "left": false, "value": 1}, {"source": 175, "target": 205, "right": true, "left": false, "value": 1}, {"source": 177, "target": 245, "right": true, "left": false, "value": 1}, {"source": 181, "target": 197, "right": false, "left": true, "value": 1}, {"source": 181, "target": 205, "right": false, "left": true, "value": 1}, {"source": 181, "target": 217, "right": false, "left": true, "value": 1}, {"source": 182, "target": 205, "right": true, "left": false, "value": 1}, {"source": 183, "target": 219, "right": true, "left": false, "value": 1}, {"source": 184, "target": 205, "right": true, "left": false, "value": 1}, {"source": 184, "target": 221, "right": true, "left": false, "value": 1}, {"source": 186, "target": 214, "right": false, "left": true, "value": 1}, {"source": 188, "target": 196, "right": true, "left": true, "value": 1}, {"source": 199, "target": 221, "right": true, "left": false, "value": 1}, {"source": 201, "target": 240, "right": false, "left": true, "value": 1}, {"source": 201, "target": 241, "right": false, "left": true, "value": 1}, {"source": 201, "target": 219, "right": true, "left": false, "value": 1}, {"source": 202, "target": 215, "right": true, "left": false, "value": 1}, {"source": 203, "target": 239, "right": false, "left": true, "value": 1}, {"source": 203, "target": 216, "right": false, "left": true, "value": 1}, {"source": 203, "target": 247, "right": false, "left": true, "value": 1}, {"source": 205, "target": 244, "right": false, "left": true, "value": 1}, {"source": 208, "target": 219, "right": true, "left": false, "value": 1}, {"source": 209, "target": 233, "right": true, "left": false, "value": 1}, {"source": 212, "target": 219, "right": true, "left": false, "value": 1}, {"source": 213, "target": 233, "right": true, "left": false, "value": 1}, {"source": 216, "target": 236, "right": true, "left": false, "value": 1}, {"source": 217, "target": 219, "right": true, "left": false, "value": 1}, {"source": 219, "target": 241, "right": false, "left": true, "value": 1}, {"source": 224, "target": 245, "right": true, "left": false, "value": 1}, {"source": 228, "target": 231, "right": true, "left": false, "value": 1}, {"source": 236, "target": 239, "right": false, "left": true, "value": 1}, {"source": 237, "target": 243, "right": true, "left": false, "value": 1}, {"source": 245, "target": 246, "right": false, "left": true, "value": 1}]}