{"nodes": [{"asin": "B000099O6A", "name": "Paladin Tools 1822 Universal Round Cable Slitter, 0.18 - 1-Inch", "imUrl": "http://ecx.images-amazon.com/images/I/311VcnEnaGL._SY300_.jpg", "price": 27.0, "numReviews": 10, "groups": [0], "averageRating": 3.4, "brand": "Paladin Tools"}, {"asin": "B001D23SRG", "name": "Ideal 45-615 Reflex Super Wire T-Stripper", "imUrl": "http://ecx.images-amazon.com/images/I/41Ot73rBZgL._SY300_.jpg", "price": 20.95, "numReviews": 1, "groups": [1], "averageRating": 2.0, "brand": "Ideal"}, {"asin": "B004F0KG9Q", "name": "Precision Automatic Wire Stripper Cutter Pliers", "imUrl": "http://ecx.images-amazon.com/images/I/41s9DG3hDOL._SY300_.jpg", "price": 12.9, "numReviews": 1, "groups": [2], "averageRating": 5.0}, {"asin": "B00HI9TTP8", "name": "CopperMine Manual Crank & Drill Operated Wire Stripping Machine, Cable Stripper Tool for Scrap Copper Recycling", "imUrl": "http://ecx.images-amazon.com/images/I/41Hn%2BoK3oLL._SX300_.jpg", "price": 229.99, "numReviews": 6, "groups": [3, 4], "averageRating": 4.5}, {"asin": "B000GCMOUQ", "name": "STRiPiNATOR \u00ae Model MWS-808 Wire Stripping Machine Copper Stripper Recycler by BLUEROCK \u00ae Tools", "imUrl": "http://ecx.images-amazon.com/images/I/41d8nIZPpEL._SX342_.jpg", "price": 399.0, "numReviews": 13, "groups": [5], "averageRating": 4.076923076923077, "salesRankCategory": "Industrial & Scientific", "salesRank": 62388}, {"asin": "B000B5ZZMM", "name": "Ideal 45-129 Cable stripper", "imUrl": "http://ecx.images-amazon.com/images/I/511t88gOJqL._SY300_.jpg", "price": 34.9, "numReviews": 1, "groups": [6], "averageRating": 5.0}, {"asin": "B000EVLUR2", "name": "Klein Tools 1001 Multi-Purpose Electrician's Tool 8-22 AWG Red 8 1/2 Inches", "imUrl": "http://ecx.images-amazon.com/images/I/41M3R8IinOL._SX300_.jpg", "price": 21.69, "numReviews": 10, "groups": [7], "averageRating": 3.8, "brand": "Klein"}, {"asin": "B009FEEJZY", "name": "8\" Electrician Plier Linesman Cutter Crimper Stripper", "imUrl": "http://ecx.images-amazon.com/images/I/31ZrmftbbwL.jpg", "price": 5.86, "numReviews": 1, "groups": [8], "averageRating": 5.0}, {"asin": "B003B8WB5U", "name": "Knipex 1262180 Self Adjusting Insulation Strippers - Awg 10-24, 7.25 Inch", "imUrl": "http://ecx.images-amazon.com/images/I/41DLIbdKAaL._SX300_.jpg", "price": 39.16, "numReviews": 11, "groups": [9], "averageRating": 3.3636363636363638, "brand": "Knipex"}, {"asin": "B003RWS8XY", "name": "KNIPEX 16 30 135 SB Cable Stripper", "imUrl": "http://ecx.images-amazon.com/images/I/417xDJapBBL._SX300_.jpg", "price": 87.5, "numReviews": 5, "groups": [10], "averageRating": 4.2}, {"asin": "B001HWCACG", "name": "Greenlee 1955 Pro Plus Wire Stripper Cushion Grip 10-18 Awg", "imUrl": "http://ecx.images-amazon.com/images/I/31UPtAl13SL._SX300_.jpg", "price": 17.77, "numReviews": 2, "groups": [11], "averageRating": 5.0}, {"asin": "B008S83K3A", "name": "IRWIN SELF ADJUSTING WIRE STRIPPER IRWIN SELF ADJUSTING WIRE STRIPPER", "imUrl": "http://ecx.images-amazon.com/images/I/31ngADEpYeL.jpg", "price": 19.48, "numReviews": 1, "groups": [12], "averageRating": 5.0}, {"asin": "B000936PAW", "name": "Klein Tools 106 Replacement Spring for 1004 Wire Stripper/Cutter", "imUrl": "http://ecx.images-amazon.com/images/I/31BYwrWOp2L.gif", "price": 3.4, "numReviews": 1, "groups": [13], "averageRating": 3.0, "brand": "Klein Tools"}, {"asin": "B000J0ZCSQ", "name": "B-102 Blade for Roto-Split and Roto-Flex to cut Steel Armor (Package of Two)", "imUrl": "http://ecx.images-amazon.com/images/I/418F2ZMTQFL.gif", "price": 5.25, "numReviews": 6, "groups": [14], "averageRating": 5.0}, {"asin": "B007GCCWUG", "name": "Recycle Scrap Copper Wire Stripper Stripping Machine Strips 34 AWG - 1-1/2\" OD", "imUrl": "http://ecx.images-amazon.com/images/I/41Gz6ikqHwL._SX300_.jpg", "price": 69.99, "numReviews": 2, "groups": [15], "averageRating": 5.0}, {"asin": "B0000302VP", "name": "Klein Tools 11045 Wire Stripper/Cutter, Yellow", "imUrl": "http://ecx.images-amazon.com/images/I/31WNnx-6WhL._SY300_.jpg", "price": 14.65, "numReviews": 12, "groups": [16], "averageRating": 3.5, "brand": "Klein"}, {"asin": "B007PKGU3E", "name": "Compact Drill Operated Power Motorized Automatic Cable & Wire Stripper Recycle Copper", "imUrl": "http://ecx.images-amazon.com/images/I/51lL7CDNUEL._SY300_.jpg", "price": 69.99, "numReviews": 2, "groups": [17], "averageRating": 4.0}, {"asin": "B000F9HIEC", "name": "Klein Tools K1412 Klein Tools-Kurve Dual NM Cable Stripper/Cutter", "imUrl": "http://ecx.images-amazon.com/images/I/41RjdZ7HtXL._SY300_.jpg", "price": 24.45, "numReviews": 4, "groups": [18], "averageRating": 5.0, "brand": "Klein"}, {"asin": "B003KX2SXG", "name": "IIT 45800 Pistol Grip Auto Wire Stripper", "imUrl": "http://ecx.images-amazon.com/images/I/41kY2i31FHL._SY300_.jpg", "price": 3.99, "numReviews": 3, "groups": [19], "averageRating": 1.3333333333333333, "brand": "IIT"}, {"asin": "B00004WLKZ", "name": "Gardner Bender SE-92 Strip-Easy Automatic Wire Stripper 8-22 AWG", "imUrl": "http://ecx.images-amazon.com/images/I/41WBFP3CSPL._SX300_.jpg", "price": 12.5, "numReviews": 26, "groups": [20], "averageRating": 4.076923076923077}, {"asin": "B000E5R3EC", "name": "Fluke Networks 11230002 Cable Cutter and Stripper for Round Cables", "imUrl": "http://ecx.images-amazon.com/images/I/41DCmWYLuEL._SX342_.jpg", "price": 29.49, "numReviews": 12, "groups": [21], "averageRating": 4.583333333333333, "brand": "Fluke Networks", "salesRankCategory": "Industrial & Scientific", "salesRank": 3590}, {"asin": "B000BVZBF2", "name": "GB GST-224 Circuit Alert Voltage Sensing Stainless Wire Stripper For 12/2 and 14/2 Non-Metallic Cable", "imUrl": "http://ecx.images-amazon.com/images/I/41585MGCZJL._SX300_.jpg", "price": 23.99, "numReviews": 6, "groups": [22], "averageRating": 4.5}, {"asin": "B000K7GRCI", "name": "Neiko 175 Pieces Solderless Wire Terminal & Connection with Wire Stripper Crimper Tool", "imUrl": "http://ecx.images-amazon.com/images/I/51jiLqo%2BoUL._SY300_.jpg", "price": 13.01, "numReviews": 162, "groups": [23], "averageRating": 3.5308641975308643, "brand": "Neiko"}, {"asin": "B000BU8ZU6", "name": "Klein Tools 1004 Wire Stripper-Cutter-Solid and Stranded Wire", "imUrl": "http://ecx.images-amazon.com/images/I/31gb0yftXiL._SY300_.jpg", "price": 5.01, "numReviews": 3, "groups": [24], "averageRating": 4.666666666666667, "brand": "Klein"}, {"asin": "B0018ZHTWS", "name": "Gardner Bender GS-394 Automatic Stripper and Crimper", "imUrl": "http://ecx.images-amazon.com/images/I/4174J8Yza9L._SY300_.jpg", "price": 9.77, "numReviews": 20, "groups": [25], "averageRating": 4.05, "brand": "Gardner Bender"}, {"asin": "B000J0ZCXQ", "name": "CT-250 ROTO-SPIN Datacom Jacket stripper. Perfect to Strip Fiber-Optic, Category 5, Datacomm Virtually any Jacketed Cable!", "imUrl": "http://ecx.images-amazon.com/images/I/31ivNEH6cML._SX300_.jpg", "price": 37.95, "numReviews": 5, "groups": [26], "averageRating": 4.8}, {"asin": "B005GRWOW4", "name": "RCA Coaxial Cable Stripper for RG6, RG59/62 and RG58", "imUrl": "http://ecx.images-amazon.com/images/I/31G-MTxFBUL.jpg", "price": 5.7, "numReviews": 35, "groups": [27], "averageRating": 3.8285714285714287, "brand": "RCA", "salesRankCategory": "Electronics", "salesRank": 4970}, {"asin": "B000MKIPPU", "name": "Klein Tools 11055-INS Insulated Klein Tools-Kurve Wire Stripper/Cutter, Orange", "imUrl": "http://ecx.images-amazon.com/images/I/31nVn9KfknL._SY300_.jpg", "price": 36.82, "numReviews": 2, "groups": [28], "averageRating": 5.0, "brand": "Klein"}, {"asin": "B007F1WBUY", "name": "Coax Cable Cutter Wire Stripper Stripping Tool for RG6 RG59 RG5 TV Satellite", "imUrl": "http://ecx.images-amazon.com/images/I/413MK2IK5sL._SX300_.jpg", "price": 6.5, "numReviews": 2, "groups": [29], "averageRating": 3.0}, {"asin": "B001QDKGHW", "name": "Coax Cable Stripper RG6 RG59 RG58 Rotary 2 Blades", "imUrl": "http://ecx.images-amazon.com/images/I/31FzDAAgEcL._SY300_.jpg", "price": 2.38, "numReviews": 35, "groups": [30], "averageRating": 3.3714285714285714}, {"asin": "B0000WU49A", "name": "Ideal Industries Swivel-Blade Cable Stripper for 1/4\" to 3/4\" O.D. Round Cable", "imUrl": "http://ecx.images-amazon.com/images/I/41QdrqstJjL._SX342_.jpg", "price": 30.95, "numReviews": 8, "groups": [31], "averageRating": 4.375, "brand": "Ideal Industries", "salesRankCategory": "Industrial & Scientific", "salesRank": 20962}, {"asin": "B001AZSNQW", "name": "Platinum Tools 15030C 2 Level Coax Stripper for RG58/59/62/6/6 Quad Clamshell", "imUrl": "http://ecx.images-amazon.com/images/I/41oovFlW8rL._SY300_.jpg", "price": 14.98, "numReviews": 3, "groups": [32], "averageRating": 3.0, "brand": "Platinum Tools"}, {"asin": "B000NY8P3C", "name": "Michigan Industrial Tools MIT Tool Automatic Wire Stripper Cutter", "imUrl": "http://ecx.images-amazon.com/images/I/412S726sBgL._SY300_.jpg", "price": 3.8, "numReviews": 2, "groups": [33], "averageRating": 3.5, "brand": "Michigan Industrial Tools"}, {"asin": "B0087TBQ3G", "name": "Croc's Needle Nose Wire Strippers", "imUrl": "http://ecx.images-amazon.com/images/I/412KJGth-DL._SY300_.jpg", "price": 19.99, "numReviews": 5, "groups": [34], "averageRating": 4.6}, {"asin": "B007R3PF3U", "name": "Wiha 10250 Insulated Stripping Pliers 10-20 AWG", "imUrl": "http://ecx.images-amazon.com/images/I/316lgBfT%2BYL._SX342_.jpg", "price": 26.95, "numReviews": 2, "groups": [35], "averageRating": 5.0, "brand": "Wiha", "salesRankCategory": "Industrial & Scientific", "salesRank": 10382}, {"asin": "B006962CUK", "name": "Jonard JIC-375 Three Hole Fiber Optic Stripper with TPR Handle, 6\" Length", "imUrl": "http://ecx.images-amazon.com/images/I/31s3Gi1ii%2BL._SY445_.jpg", "price": 18.5, "numReviews": 10, "groups": [36], "averageRating": 5.0, "brand": "Jonard", "salesRankCategory": "Industrial & Scientific", "salesRank": 2067}, {"asin": "B005OS4KMC", "name": "HDE New Precision Cutter & Stripper AWG - 10-22 Gauge Wire", "imUrl": "http://ecx.images-amazon.com/images/I/41FpOK1kIvL._SY300_.jpg", "price": 6.95, "numReviews": 2, "groups": [37], "averageRating": 4.5}, {"asin": "B009SBEZ2G", "name": "Irwin Vise-Grip\u00ae - Self-Adjusting Wire Strippers 8\" Self Adjust Wire Stripper W/Protouch Grips - Sold as 1 Each", "imUrl": "http://ecx.images-amazon.com/images/I/31nWEUBvJYL._SY300_.jpg", "price": 18.85, "numReviews": 2, "groups": [38], "averageRating": 4.5}, {"asin": "B00CAMTOKI", "name": "TOOGOO Coaxial Cable Lead Rotary Stripper Cutter RG58 RG6", "imUrl": "http://ecx.images-amazon.com/images/I/41uUmhIflUL._SY300_.jpg", "price": 4.22, "numReviews": 2, "groups": [39], "averageRating": 5.0}, {"asin": "B0009WUDHY", "name": "Coax Stripmaster\u00ae Wire Stripper", "imUrl": "http://ecx.images-amazon.com/images/I/414E5DSSK2L._SY300_.jpg", "price": 30.07, "numReviews": 6, "groups": [40], "averageRating": 4.666666666666667, "salesRankCategory": "Electronics", "salesRank": 11312}, {"asin": "B000KKN8PO", "name": "Gardner Bender GESP-224 ArmorEDGE NM Cable Stripper, 12/2 & 14/2 NM Cable, 7-1/4\", Symmetric Cushioned Handle with Corossion Resistant Stainless Steel Body", "imUrl": "http://ecx.images-amazon.com/images/I/31U2Yh99zjL._SY300_.jpg", "price": 19.32, "numReviews": 3, "groups": [41], "averageRating": 3.6666666666666665, "brand": "Gardner Bender"}, {"asin": "B002JTI1LK", "name": "Monoprice Universal Cable Jacket Stripper (103354)", "imUrl": "http://ecx.images-amazon.com/images/I/41xoetkw8uL._SX300_.jpg", "price": 7.38, "numReviews": 3, "groups": [42], "averageRating": 4.0, "brand": "Monoprice", "salesRankCategory": "Computers & Accessories", "salesRank": 6337}, {"asin": "B004IPMGM8", "name": "Evertech Professional Coaxial BNC Crimping Tool - Rg Type Cables for Bnc Connectors Crimper for 55,58,59,62,5,6, 21, 140, 141, 142 Crimp Tool", "imUrl": "http://ecx.images-amazon.com/images/I/31DL5islD8L._SX300_.jpg", "price": 19.99, "numReviews": 9, "groups": [43], "averageRating": 3.7777777777777777}, {"asin": "B0019VEDAW", "name": "Shingle Eater 6126", "imUrl": "http://ecx.images-amazon.com/images/I/31jFp-1vnhL._SY300_.jpg", "price": 64.99, "numReviews": 7, "groups": [44], "averageRating": 4.857142857142857}, {"asin": "B00HUZD3LQ", "name": "CopperMine Handheld Wire Stripper Tool using Stock Blade, Cable Stripping Machine for Scrap Copper Recycling", "imUrl": "http://ecx.images-amazon.com/images/I/41HF467VfnL._SY300_.jpg", "price": 39.99, "numReviews": 3, "groups": [3, 45], "averageRating": 3.3333333333333335}, {"asin": "B0047D05JM", "name": "Ideal Industries T-Stripper Wire Stripper, T-7, 22-30 AWG Solid Wire, 24-32 AWG Stranded Wire", "imUrl": "http://ecx.images-amazon.com/images/I/41Bqw9G5j4L._SX342_.jpg", "price": 32.45, "numReviews": 4, "groups": [46], "averageRating": 5.0, "brand": "Ideal Industries", "salesRankCategory": "Industrial & Scientific", "salesRank": 12257}, {"asin": "B0069627PA", "name": "Jonard CST-1900 Round Cable Stripper for Fast and Precise Jacket Removal, 3/16\" to 1-1/8\" diameter", "imUrl": "http://ecx.images-amazon.com/images/I/31tnoNEpFOL._SX342_.jpg", "price": 48.52, "numReviews": 11, "groups": [47], "averageRating": 3.6363636363636362, "brand": "Jonard", "salesRankCategory": "Industrial & Scientific", "salesRank": 2402}, {"asin": "B005VMOWXS", "name": "Williams 23503 Multi Purpose Combination Front-end Stripper", "imUrl": "http://ecx.images-amazon.com/images/I/41Ejlr1U4GL._SX300_.jpg", "price": 13.92, "numReviews": 2, "groups": [48], "averageRating": 5.0, "brand": "Williams"}, {"asin": "B00529WLGK", "name": "Ideal Lil Ripper/Stripper Romax NM Cable Ripper Stripper 45-025", "imUrl": "http://ecx.images-amazon.com/images/I/41mUOgvY8hL._SX300_.jpg", "price": 13.95, "numReviews": 9, "groups": [49], "averageRating": 4.111111111111111, "salesRankCategory": "Camera & Photo", "salesRank": 5409}, {"asin": "B00I9GJH9W", "name": "StripMeister Automatic Wire Stripping Machine", "imUrl": "http://ecx.images-amazon.com/images/I/41XozSHbWNL._SY300_.jpg", "price": 279.0, "numReviews": 1, "groups": [50], "averageRating": 4.0}, {"asin": "B005EXNWMQ", "name": "KNIPEX 11 08 160 SBA 1,000V Insulated End-Type Wire Stripper", "imUrl": "http://ecx.images-amazon.com/images/I/31I9seKJaDL._SX300_.jpg", "price": 66.52, "numReviews": 3, "groups": [51], "averageRating": 4.333333333333333}, {"asin": "B001F6PC42", "name": "Klein K90-10/2 Klein-Kurve Bent Nose NM Romex Stripper", "imUrl": "http://ecx.images-amazon.com/images/I/31BLeDC6W9L._SX300_.jpg", "price": 16.29, "numReviews": 2, "groups": [52], "averageRating": 5.0, "brand": "Klein"}, {"asin": "B000GF31GE", "name": "Seatek RS-101A Roto-Split Super BX Cable Armor Stripper", "imUrl": "http://ecx.images-amazon.com/images/I/71V3DM1M2EL._SX300_.gif", "price": 25.0, "numReviews": 10, "groups": [53], "averageRating": 5.0, "brand": "Seatek"}, {"asin": "B000R895YM", "name": "Knipex 1240200 Self Adjusting Insulation Strippers - Awg 7-32, 8 Inch", "imUrl": "http://ecx.images-amazon.com/images/I/417aKW6Z60L._SX300_.jpg", "price": 98.79, "numReviews": 1, "groups": [54], "averageRating": 5.0, "brand": "Knipex"}, {"asin": "B001D20N2O", "name": "Ideal Industries Underground Feeder Cable Stripper", "imUrl": "http://ecx.images-amazon.com/images/I/41Al48-P-eL._SX342_.jpg", "price": 57.89, "numReviews": 3, "groups": [55], "averageRating": 3.6666666666666665, "brand": "Ideal Industries", "salesRankCategory": "Industrial & Scientific", "salesRank": 8325}, {"asin": "B005VMP8XQ", "name": "Williams 23533 10-18 Super Duty Front End Wire Strippers with Bolt Cutters", "imUrl": "http://ecx.images-amazon.com/images/I/417cis56IkL._SX300_.jpg", "price": 19.13, "numReviews": 1, "groups": [56], "averageRating": 5.0, "brand": "Williams"}, {"asin": "B003RWS8RU", "name": "Knipex 1101160 End-Type Wire Strippers, 6.25 Inch", "imUrl": "http://ecx.images-amazon.com/images/I/313lPtfw-BL._SX300_.jpg", "price": 27.74, "numReviews": 1, "groups": [57], "averageRating": 5.0, "brand": "Knipex"}, {"asin": "B005NX4672", "name": "Licota Solderless Wire Terminal & Connection Kit with Crimping/Wire-Stripping Tool - 271 Pieces", "imUrl": "http://ecx.images-amazon.com/images/I/51d6DnckbdL._SY300_.jpg", "price": 9.99, "numReviews": 7, "groups": [58], "averageRating": 3.7142857142857144}, {"asin": "B002XZLYKU", "name": "Ideal 45-529 Mini-Coax Stripper", "imUrl": "http://ecx.images-amazon.com/images/I/3159gD4PpXL._SX300_.jpg", "price": 34.39, "numReviews": 1, "groups": [59], "averageRating": 4.0}, {"asin": "B005VMPC9Q", "name": "Williams 23542 Electrical Mini Stripper", "imUrl": "http://ecx.images-amazon.com/images/I/41ZF9Ndx%2BhL._SX300_.jpg", "price": 8.39, "numReviews": 1, "groups": [60], "averageRating": 5.0}, {"asin": "B008Y13RBQ", "name": "Recycle Scrap Copper Wire Stripper Stripping Machine Strips 34 AWG - 1-1/2\" OD", "imUrl": "http://ecx.images-amazon.com/images/I/41NT7MDpu0L._SX300_.jpg", "price": 309.99, "numReviews": 1, "groups": [61], "averageRating": 4.0}, {"asin": "B003OEVFOY", "name": "Knipex 1102160 End-Type 0 6-1/4\" Insulation Wire Stripper Tool with Component Grips", "imUrl": "http://ecx.images-amazon.com/images/I/41yVNr-iY2L._SY300_.jpg", "price": 29.79, "numReviews": 1, "groups": [62], "averageRating": 5.0}, {"asin": "B0042VIHE4", "name": "Greenlee 1903 Pocket Cable Stripper", "imUrl": "http://ecx.images-amazon.com/images/I/41ujoeTN75L._SY300_.jpg", "price": 63.23, "numReviews": 16, "groups": [63], "averageRating": 4.5625, "brand": "Greenlee"}, {"asin": "B006GD710M", "name": "Replacement Cutter Wheel for SDT-WRA10 Bench Top Wire Stripping Machine", "imUrl": "http://ecx.images-amazon.com/images/I/41BqPna8uAL._SX300_.jpg", "price": 9.99, "numReviews": 1, "groups": [64], "averageRating": 5.0}, {"asin": "B002JGET5K", "name": "3Wire Submersible Splice Kit,", "imUrl": "http://ecx.images-amazon.com/images/I/21HYPDzvXhL.jpg", "price": 3.08, "numReviews": 1, "groups": [65], "averageRating": 5.0}, {"asin": "B002UD22TW", "name": "Rennsteig MultiStrip\u00ae 10 - Automatic Self-adjusting Insulation Stripper", "imUrl": "http://ecx.images-amazon.com/images/I/31QYX3xQytL._SX300_.jpg", "price": 94.3, "numReviews": 3, "groups": [66], "averageRating": 4.0}, {"asin": "B00776SK7K", "name": "Klein Tools 11073 8-22 AWG Katapult Wire Stripper - Replacement Blade Set", "imUrl": "http://ecx.images-amazon.com/images/I/41amKQIJjTL._SX300_.jpg", "price": 9.86, "numReviews": 1, "groups": [67], "averageRating": 5.0, "brand": "Klein Tools"}, {"asin": "B0012N4TLK", "name": "RS-101AC", "imUrl": "http://ecx.images-amazon.com/images/I/41ab-ZQaPXL._SX300_.jpg", "price": 30.99, "numReviews": 7, "groups": [53], "averageRating": 4.571428571428571}, {"asin": "B000JNNWQ2", "name": "Irwin Industrial Tools 2078309 8-Inch Multi Tool Stripper, Cutter and Crimper with ProTouch Grips", "imUrl": "http://ecx.images-amazon.com/images/I/41iBSAhRYsL._SY300_.jpg", "price": 15.88, "numReviews": 179, "groups": [68], "averageRating": 4.631284916201118}, {"asin": "B005GBJ7WK", "name": "Platinum Tools V-Notch Wire Stripper Adjustable Blade Black Oxide Coating High Carbon Steel", "imUrl": "http://ecx.images-amazon.com/images/I/21oZMUfmnwL._SX300_.jpg", "price": 5.7, "numReviews": 1, "groups": [69], "averageRating": 4.0, "brand": "Platinum Tools"}, {"asin": "B000W6MYG0", "name": "Gardner Bender GS-370 Wire Stripper With Multi-Tool", "imUrl": "http://ecx.images-amazon.com/images/I/4109UTCGNzL._SY300_.jpg", "price": 9.81, "numReviews": 3, "groups": [70], "averageRating": 5.0, "brand": "Gardner Bender"}, {"asin": "B000NY4T64", "name": "TEKTON 3796 Wire Stripper/Crimper", "imUrl": "http://ecx.images-amazon.com/images/I/41gpK0%2BI6QL._SY300_.jpg", "price": 2.42, "numReviews": 24, "groups": [71], "averageRating": 2.8333333333333335, "brand": "TEKTON"}, {"asin": "B000J0XBS4", "name": "VT-270 Vee-Twin Precision Cable Stripper. For Use On Rubber Jacketed Cables from 5/16\" to 2-1/8\" O.D.", "imUrl": "http://ecx.images-amazon.com/images/I/31BMXCZN6JL._SX300_.jpg", "price": 189.95, "numReviews": 1, "groups": [72], "averageRating": 4.0}, {"asin": "B002029NBS", "name": "Knipex 1107160 End-Type Wire Strippers, 1000 Volt Rated, 6.25 Inch", "imUrl": "http://ecx.images-amazon.com/images/I/31W52LA5wfL._SX300_.jpg", "price": 57.11, "numReviews": 1, "groups": [73], "averageRating": 5.0, "brand": "Knipex"}, {"asin": "B001D1WX7I", "name": "Ideal Industries Kinetic Reflex T-Stripper Wire Stripper, 10-18 AWG Solid Wire, 12-20 AWG Stranded Wire", "imUrl": "http://ecx.images-amazon.com/images/I/41DoQOCYygL._SX342_.jpg", "price": 24.56, "numReviews": 6, "groups": [74], "averageRating": 5.0, "brand": "Ideal Industries", "salesRankCategory": "Industrial & Scientific", "salesRank": 2912}, {"asin": "B001F6RHQS", "name": "Klein K90-14/2 Klein-Kurve Bent Nose NM Romex Stripper Yellow/White 7 3/8-Inches", "imUrl": "http://ecx.images-amazon.com/images/I/21dRBcCko2L._SY300_.jpg", "price": 9.99, "numReviews": 4, "groups": [52], "averageRating": 5.0}, {"asin": "B00I80WZH0", "name": "Zoda Wire Stripper", "imUrl": "http://ecx.images-amazon.com/images/I/413C9LV0G7L._SX300_.jpg", "price": 49.88, "numReviews": 2, "groups": [75], "averageRating": 5.0}, {"asin": "B000KULF6I", "name": "Paladin Tools 1258 Lc Cst-mini Coax Stripper", "imUrl": "http://ecx.images-amazon.com/images/I/41Buh-4fJlL._SY300_.jpg", "price": 19.95, "numReviews": 2, "groups": [76], "averageRating": 4.5}, {"asin": "B0026T5MLK", "name": "Klein Tools VDV010-019-SEN Coaxial Cable All-In-One Tool", "imUrl": "http://ecx.images-amazon.com/images/I/31x-w2U6%2BcL._SY300_.jpg", "price": 12.0, "numReviews": 30, "groups": [77], "averageRating": 4.466666666666667, "brand": "Klein Tools"}, {"asin": "B001GQKYU8", "name": "Paladin Tools 70058 Wire Strippers, 22-10 AWG and 30-20 AWG", "imUrl": "http://ecx.images-amazon.com/images/I/41MXphVGOtL._SX300_.jpg", "price": 31.36, "numReviews": 7, "groups": [78], "averageRating": 4.714285714285714}, {"asin": "B003R0L4AU", "name": "Ridgid 21418 80E Coax Cable Cutter, Stripper and Crimper", "imUrl": "http://ecx.images-amazon.com/images/I/41yfP4GDqPL._SY300_.jpg", "price": 27.2, "numReviews": 1, "groups": [79], "averageRating": 2.0}, {"asin": "B005EXNX1Q", "name": "KNIPEX 12 12 06 10-26 Awg Automatic Wire Stripper", "imUrl": "http://ecx.images-amazon.com/images/I/31a4wj6jWUL._SX300_.jpg", "price": 215.46, "numReviews": 2, "groups": [80], "averageRating": 5.0}, {"asin": "B00GAMK1AQ", "name": "Seatek RF120 Roto-Flex Cable Armor Stripper", "imUrl": "http://ecx.images-amazon.com/images/I/41652qZdsxL._SY300_.jpg", "price": 28.99, "numReviews": 1, "groups": [81], "averageRating": 5.0}, {"asin": "B000BY8BY2", "name": "Platinum Tools 15010 Cyclops 2 Cable Jacket Stripper", "imUrl": "http://ecx.images-amazon.com/images/I/31zmZ0pG3pL._SX300_.jpg", "price": 25.46, "numReviews": 9, "groups": [82], "averageRating": 4.666666666666667, "brand": "Platinum Tools"}, {"asin": "B000BR3DWY", "name": "GB GST-55 10 Gauge to 18 Gauge Solid and Stranded Circuit Alert Voltage Sensing Stainless Wire Stripper", "imUrl": "http://ecx.images-amazon.com/images/I/41W03QFKCJL._SX300_.jpg", "price": 21.12, "numReviews": 9, "groups": [22, 83], "averageRating": 4.333333333333333, "brand": "GB"}, {"asin": "B00AOC70GQ", "name": "R-Tech Coaxial Cable Stripper, Comes With Long Life Cutting Blades and Rotating Ring", "imUrl": "http://ecx.images-amazon.com/images/I/31SwS4NoxyL._SY300_.jpg", "price": 9.99, "numReviews": 1, "groups": [84], "averageRating": 5.0}, {"asin": "B000JKWVXA", "name": "Ideal 45-120 T Stripper (for 10\u00d018 Solid and 12\u00d020 Stranded Wires)", "imUrl": "http://ecx.images-amazon.com/images/I/41SHZDVCBKL._SY300_.jpg", "price": 10.85, "numReviews": 8, "groups": [85], "averageRating": 4.875, "brand": "Ideal"}, {"asin": "B001D23SRQ", "name": "Ideal Industries Reflex Super T-Stripper Wire Stripper, For 6-14 AWG Solid Wire, 8-16 AWG Stranded Wire", "imUrl": "http://ecx.images-amazon.com/images/I/415shJhkY3L._SX342_.jpg", "price": 24.39, "numReviews": 4, "groups": [86], "averageRating": 5.0, "salesRankCategory": "Industrial & Scientific", "salesRank": 31736}, {"asin": "B001F6RHUY", "name": "Klein K90-12/2 Klein-Kurve Bent Nose NM Romex Stripper Yellow 7 3/8-Inches", "imUrl": "http://ecx.images-amazon.com/images/I/312gnG8-ixL._SY300_.jpg", "price": 9.99, "numReviews": 5, "groups": [87], "averageRating": 5.0}, {"asin": "B0044US0LI", "name": "Irwin Industrial Tool 2078300 8-Inch Self-Adjusting Comfort-Grip Wire Stripper - Quantity 5 Specialty Pliers & Fencing Tools", "imUrl": "http://ecx.images-amazon.com/images/I/31WURV6bbAL._SY300_.jpg", "price": 89.9, "numReviews": 1, "groups": [88], "averageRating": 1.0}, {"asin": "B00529DGPU", "name": "Gardner Bender CR-1000 Premium NM Cable Ripper", "imUrl": "http://ecx.images-amazon.com/images/I/31J4uc%2BUtGL._SX300_.jpg", "price": 6.9, "numReviews": 1, "groups": [89], "averageRating": 2.0, "brand": "Gardner Bender"}, {"asin": "B005804V20", "name": "Greenlee 13544 Replacement Blades for Cable Stripping Tool 1903, 1-Pack", "imUrl": "http://ecx.images-amazon.com/images/I/31Z-dtjNjHL._SX300_.jpg", "price": 42.34, "numReviews": 2, "groups": [90], "averageRating": 3.5, "brand": "Greenlee"}, {"asin": "B000J0ZD30", "name": "Seatek JR-128 Jacket Ripper", "imUrl": "http://ecx.images-amazon.com/images/I/31HMH57VHDL.gif", "price": 27.54, "numReviews": 1, "groups": [91], "averageRating": 5.0}, {"asin": "B0051XQJMY", "name": "Ivy Classic Romex Wire Stripper & Cutter", "imUrl": "http://ecx.images-amazon.com/images/I/51UIowCtEKL._SY300_.jpg", "price": 22.39, "numReviews": 1, "groups": [92], "averageRating": 4.0}, {"asin": "B008I5QL0C", "name": "TheCopperMine Manual Wire Stripping Machine, Cable Stripper Tool for Scrap Copper Recycling", "imUrl": "http://ecx.images-amazon.com/images/I/41OIsQrLHpL._SY300_.jpg", "price": 69.99, "numReviews": 79, "groups": [4], "averageRating": 4.1645569620253164}, {"asin": "B001HWB2HU", "name": "Greenlee 45000 Kwik Stripper Wire Stripping Tool", "imUrl": "http://ecx.images-amazon.com/images/I/41nQz2j4hQL._SX300_.jpg", "price": 77.72, "numReviews": 5, "groups": [93], "averageRating": 4.4, "brand": "Greenlee"}, {"asin": "B008GWQZBC", "name": "5\" Wire Stripper Unique Adjustment to Lock in Specific Wire Size", "imUrl": "http://ecx.images-amazon.com/images/I/418RqbT3wKL._SY300_.jpg", "price": 3.49, "numReviews": 1, "groups": [94], "averageRating": 5.0}, {"asin": "B000NAX8BA", "name": "Ideal 45-918 Kinetic Reflex Super T-Stripper", "imUrl": "http://ecx.images-amazon.com/images/I/41yFiVzOnaL._SY300_.jpg", "price": 29.99, "numReviews": 3, "groups": [95], "averageRating": 3.6666666666666665, "brand": "Ideal"}, {"asin": "B000J0V9BA", "name": "SA-200-UR STRIP-ALL Strip-All with crimper for UR & UY connectors. Cut wire from 20 to 24 AWG with built in wire cutter. Includes A-201 Adapter to strip & ring cut wires as small as 1/8\". Perfect for data, phone and communications work.", "imUrl": "http://ecx.images-amazon.com/images/I/41wJnx9Y4oL._SX300_.jpg", "price": 29.95, "numReviews": 1, "groups": [96], "averageRating": 2.0}, {"asin": "B00B1FSZE6", "name": "Glide Gear STP 3000 Drill Operated Wire Stripping Machine", "imUrl": "http://ecx.images-amazon.com/images/I/41SadIKZTvL._SY300_.jpg", "price": 69.99, "numReviews": 5, "groups": [97], "averageRating": 3.0}, {"asin": "B000WEPE1Y", "name": "Greenlee Communications 1119 Combo UTP and Coax SureStrip Cutter Stripper", "imUrl": "http://ecx.images-amazon.com/images/I/41qmXg2BwPL._SX300_.jpg", "price": 24.79, "numReviews": 15, "groups": [98], "averageRating": 4.533333333333333}, {"asin": "B005EXNX0C", "name": "KNIPEX 12 40 200 SBA Awg 7-32 Self-Adjusting Wire Stripper", "imUrl": "http://ecx.images-amazon.com/images/I/41HOOQQJiFL._SX300_.jpg", "price": 148.18, "numReviews": 2, "groups": [99], "averageRating": 4.5}, {"asin": "B009692BJE", "name": "CablePrep Drop Stripping Tool, RG6/59 w/Stop, 1/4 x 1/4 Prep", "imUrl": "http://ecx.images-amazon.com/images/I/31zco7nT22L.jpg", "price": 22.28, "numReviews": 1, "groups": [100], "averageRating": 5.0}, {"asin": "B005GBJ84W", "name": "Proskit Automatic Wire Stripping Tool Strips 10-24 AWG With Self Adjusting Mechanism", "imUrl": "http://ecx.images-amazon.com/images/I/41D9raBy-9L._SX300_.jpg", "price": 23.01, "numReviews": 4, "groups": [101], "averageRating": 4.25}, {"asin": "B004ZAQQL8", "name": "EZ UTP Cable Stripper", "imUrl": "http://ecx.images-amazon.com/images/I/41iNkygDO6L._SX300_.jpg", "price": 8.1, "numReviews": 3, "groups": [102], "averageRating": 5.0}, {"asin": "B00005QVRB", "name": "Stanley 84-199 10 Gauge to 26 Gauge Stranded and 8 Gauge to 22 Gauge Solid Electrical Stripper Plier", "imUrl": "http://ecx.images-amazon.com/images/I/31nanNjEP3L._SX300_.jpg", "price": 15.78, "numReviews": 5, "groups": [103], "averageRating": 3.2, "brand": "Stanley"}, {"asin": "B000IBPRCM", "name": "UTP/stp Cable Stripper", "imUrl": "http://ecx.images-amazon.com/images/I/41HA8G3JKHL._SY300_.jpg", "price": 16.96, "numReviews": 3, "groups": [104], "averageRating": 3.6666666666666665}, {"asin": "B0037XR14A", "name": "Wire Stripper, T-7 for 22-30 Gauge Wire", "imUrl": "http://ecx.images-amazon.com/images/I/41OxdZeBm2L._SY300_.jpg", "price": 28.09, "numReviews": 3, "groups": [105], "averageRating": 4.666666666666667}, {"asin": "B0041P9S80", "name": "Solderless Wire Quick Splice Connector - 10-12 Gauge - 25 Pack", "imUrl": "http://ecx.images-amazon.com/images/I/31YjUdU6FLL._SX300_.jpg", "price": 4.49, "numReviews": 14, "groups": [106], "averageRating": 3.9285714285714284}, {"asin": "B00006OXGB", "name": "C2G / Cables to Go 3788 Plastic Punch Down Tool with Cable Stripper for Krone (Ivory)", "imUrl": "http://ecx.images-amazon.com/images/I/31jefszPcQL._SY300_.jpg", "price": 4.9, "numReviews": 5, "groups": [107], "averageRating": 5.0, "brand": "C2G"}, {"asin": "B000J12MEC", "name": "B-202 Blade for SA-200 Strip-All (Package of Two)", "imUrl": "http://ecx.images-amazon.com/images/I/31TNA2K0K1L.gif", "price": 5.5, "numReviews": 4, "groups": [108], "averageRating": 5.0}, {"asin": "B00462C8CQ", "name": "Pocket Cable Strippers - stripper cable", "imUrl": "http://ecx.images-amazon.com/images/I/31iR1oZr0NL._SY300_.jpg", "price": 99.99, "numReviews": 1, "groups": [109], "averageRating": 5.0}, {"asin": "B0002KR95W", "name": "Automatic Wire Stripper with Cutter", "imUrl": "http://ecx.images-amazon.com/images/I/21X83BUjawL.jpg", "price": 6.8, "numReviews": 55, "groups": [110], "averageRating": 3.9272727272727272}, {"asin": "B000OQ21CA", "name": "Irwin Industrial Tools 2078300 8-Inch Self-Adjusting Wire Stripper with ProTouch Grips", "imUrl": "http://ecx.images-amazon.com/images/I/41ZZw0LcLzL._SY300_.jpg", "price": 19.24, "numReviews": 400, "groups": [111, 112], "averageRating": 4.565}, {"asin": "B005EXNWLM", "name": "KNIPEX 11 82 130 Comfort Grip Electronic Wire Shear and Stripper", "imUrl": "http://ecx.images-amazon.com/images/I/41INwQb3E5L._SX300_.jpg", "price": 60.8, "numReviews": 4, "groups": [113], "averageRating": 5.0}, {"asin": "B009FGXIYK", "name": "Wire Stripper Tool Machine Portable Stripping Copper", "imUrl": "http://ecx.images-amazon.com/images/I/41Fq6mIqf9L._SX300_.jpg", "price": 43.97, "numReviews": 18, "groups": [45], "averageRating": 3.0555555555555554, "brand": ""}, {"asin": "B000Q8SCT2", "name": "IDEAL 45-092 Stripmaster Wire Stripper for No.10 to No.22 AWG", "imUrl": "http://ecx.images-amazon.com/images/I/41zvTowW3OL._SY300_.jpg", "price": 39.95, "numReviews": 6, "groups": [114], "averageRating": 4.833333333333333}, {"asin": "B00004T7WR", "name": "General Tools & Instruments 69 Dial Wire Stripper", "imUrl": "http://ecx.images-amazon.com/images/I/31X6R7VE21L._SX300_.jpg", "price": 9.34, "numReviews": 6, "groups": [115], "averageRating": 4.333333333333333}, {"asin": "B009MLO7KM", "name": "Forney 54820 Electrical Wire Tool, Multi-Purpose", "imUrl": "http://ecx.images-amazon.com/images/I/41BLLWYmZ9L._SX300_.jpg", "price": 20.68, "numReviews": 2, "groups": [116], "averageRating": 5.0}, {"asin": "B00GFXD472", "name": "Greenlee 1927-SS Pro Stainless Combination Tool With Spring", "imUrl": "http://ecx.images-amazon.com/images/I/31ljrQzn6pL._SX300_.jpg", "price": 22.86, "numReviews": 2, "groups": [117], "averageRating": 4.5, "brand": "Greenlee"}, {"asin": "B000IBPRD6", "name": "IDEAL Coax Stripmaster Wire Stripper - RG-6", "imUrl": "http://ecx.images-amazon.com/images/I/41RPABBGGRL._SY300_.jpg", "price": 30.07, "numReviews": 2, "groups": [118], "averageRating": 4.5}, {"asin": "B004TGOH5U", "name": "Universal Data Telephone Computer UTP Cable CAT5 CAT6 Stripper Cutter Tool", "imUrl": "http://ecx.images-amazon.com/images/I/21rueEjijlL._SY300_.jpg", "price": 16.9, "numReviews": 11, "groups": [119], "averageRating": 4.181818181818182}, {"asin": "B004UNFZT4", "name": "Xcelite CJS100 Cable Jacket Stripper, 0.10\" - 0.43\" Diameter, Carded", "imUrl": "http://ecx.images-amazon.com/images/I/419%2BqSlQAiL._SY300_.jpg", "price": 25.1, "numReviews": 2, "groups": [120], "averageRating": 5.0}, {"asin": "B00AZWWY2K", "name": "TEKTON 3797 7-Inch Wire Stripper/Cutter", "imUrl": "http://ecx.images-amazon.com/images/I/41bdWnJ7dVL._SX300_.jpg", "price": 8.47, "numReviews": 23, "groups": [68, 111, 121], "averageRating": 4.782608695652174, "brand": "TEKTON"}, {"asin": "B000JNLUN4", "name": "Irwin Industrial Tools 2078317 7-Inch Multi Tool Stripper, Cutter and Crimper with ProTouch Grips", "imUrl": "http://ecx.images-amazon.com/images/I/31KUO6MhKdL._SY300_.jpg", "price": 13.87, "numReviews": 75, "groups": [122], "averageRating": 4.6}, {"asin": "B00EBY2I88", "name": "WorkShop 83792RP Automatic Wire Stripper/Cutter", "imUrl": "http://ecx.images-amazon.com/images/I/31s9opcYBZL._SX300_.jpg", "price": 7.99, "numReviews": 1, "groups": [123], "averageRating": 1.0}, {"asin": "B0002STTS4", "name": "Tool Aid 19000 Wire Stripper", "imUrl": "http://ecx.images-amazon.com/images/I/31xuG7-Mt1L._SY300_.jpg", "price": 20.19, "numReviews": 14, "groups": [124], "averageRating": 4.428571428571429, "brand": "Tool Aid"}, {"asin": "B000BQW9UC", "name": "Gardner Bender GRX-122 Romex Cable Stripper", "imUrl": "http://ecx.images-amazon.com/images/I/31SxAjucuNL._SX300_.jpg", "price": 12.25, "numReviews": 1, "groups": [125], "averageRating": 5.0, "brand": "Gardner Bender"}, {"asin": "B002BFMCDA", "name": "Klein Tools 74017 NM Cable Ripper, 8-14 AWG", "imUrl": "http://ecx.images-amazon.com/images/I/310EAgp-FDL._SY300_.jpg", "price": 7.99, "numReviews": 8, "groups": [49], "averageRating": 4.25, "brand": "Klein Tools"}, {"asin": "B0002FT6EE", "name": "Channellock 957 7-Inch Ergonomic Handle Wire Stripping Tool", "imUrl": "http://ecx.images-amazon.com/images/I/31INl928imL._SY300_.jpg", "price": 14.81, "numReviews": 11, "groups": [126], "averageRating": 4.909090909090909, "brand": "Channellock"}, {"asin": "B0002KR9BQ", "name": "7-in-1 Wire Stripper 26-16 AWG", "imUrl": "http://ecx.images-amazon.com/images/I/41-dy836idL._SY300_.jpg", "price": 4.98, "numReviews": 4, "groups": [127], "averageRating": 4.25, "salesRankCategory": "Industrial & Scientific", "salesRank": 68898}, {"asin": "B007YUIMLS", "name": "Greenlee 1917A Wire Stripper/Cutters, 26-16 AWG", "imUrl": "http://ecx.images-amazon.com/images/I/31k0D8bWdVL._SX300_.jpg", "price": 19.3, "numReviews": 5, "groups": [128], "averageRating": 4.8, "brand": "Greenlee"}, {"asin": "B00004WLJZ", "name": "Gardner Bender #GS-370 8\" Pro Wire Stripper", "imUrl": "http://ecx.images-amazon.com/images/I/310J3C7KZTL._SX300_.jpg", "price": 9.25, "numReviews": 1, "groups": [129], "averageRating": 5.0, "brand": "Gardner Bender"}, {"asin": "B000J12MVU", "name": "SA-200S STRIP-ALL for Cables 1/8\" to 5/8\" Diameter. Includes Wire Stripper, Replacement Blade & A-201 Adapter", "imUrl": "http://ecx.images-amazon.com/images/I/51Ox2mQF9BL._SX300_.jpg", "price": 21.95, "numReviews": 9, "groups": [130], "averageRating": 3.2222222222222223}, {"asin": "B002JFMO1W", "name": "Greenlee 0252-11 NM Cable Ripper", "imUrl": "http://ecx.images-amazon.com/images/I/31T9UcQpDZL._SX300_.jpg", "price": 4.26, "numReviews": 6, "groups": [131], "averageRating": 2.6666666666666665}, {"asin": "B00004SBDJ", "name": "Channellock 958 6-1/4-Inch Wire Stripper and Cutter", "imUrl": "http://ecx.images-amazon.com/images/I/31QUaKfManL._SX300_.jpg", "price": 11.7, "numReviews": 29, "groups": [132], "averageRating": 4.517241379310345, "brand": "Channellock"}, {"asin": "B000RFSWF8", "name": "Ideal Industries Stripmaster Wire Stripper, #16 to #26 AWG", "imUrl": "http://ecx.images-amazon.com/images/I/411Noy%2Bj-cL._SY300_.jpg", "price": 39.95, "numReviews": 14, "groups": [133], "averageRating": 4.857142857142857, "brand": "Ideal Industries"}, {"asin": "B000KL4R62", "name": "Seatek SA200SK Strip-All Cable & Wire Stripper with Wire Stripper, Utility Knife & A-201 Adapter", "imUrl": "http://ecx.images-amazon.com/images/I/311D3G740AL._SX300_.jpg", "price": 22.95, "numReviews": 27, "groups": [134], "averageRating": 3.3703703703703702, "brand": "Seatek"}, {"asin": "B004PAMZS6", "name": "Professional Wire Stripper and Crimper", "imUrl": "http://ecx.images-amazon.com/images/I/31pPlrghCWL._SY300_.jpg", "price": 5.99, "numReviews": 2, "groups": [135], "averageRating": 5.0}, {"asin": "B000O7GUOO", "name": "C2G / Cables to Go 38006 Wire Cutter/Stripper (5 InchesRed)", "imUrl": "http://ecx.images-amazon.com/images/I/31a-%2BUigkyL._SY300_.jpg", "price": 16.5, "numReviews": 1, "groups": [136], "averageRating": 5.0}, {"asin": "B00CJHLVW8", "name": "Coax UTP Cable Jacket Strip Tool RG6/RG59/UTP Stripper Cutter Cat5e Cat6 Tool", "imUrl": "http://ecx.images-amazon.com/images/I/41ga-PLmgWL._SY300_.jpg", "price": 6.59, "numReviews": 2, "groups": [137], "averageRating": 4.5}, {"asin": "B00DS5WWQO", "name": "Generic Compression For Connector Tool Cable Stripper RG6 Fitting", "imUrl": "http://ecx.images-amazon.com/images/I/41C99rWQuNL._SY300_.jpg", "price": 8.5, "numReviews": 4, "groups": [138], "averageRating": 3.75}, {"asin": "B004MF0ZO0", "name": "SKIL 8\" Insulated Wire Stripper", "imUrl": "http://ecx.images-amazon.com/images/I/11kPZxbelrL.jpg", "price": 10.99, "numReviews": 9, "groups": [139], "averageRating": 4.333333333333333}, {"asin": "B000H6VT7U", "name": "Klein Tools 1412 Dual Non-Metal Cable Stripper and 12 to 14 Gauge Solid Wire Cutter", "imUrl": "http://ecx.images-amazon.com/images/I/318ZZ0ARBWL._SX300_.jpg", "price": 21.99, "numReviews": 12, "groups": [140], "averageRating": 4.166666666666667, "brand": "Klein"}, {"asin": "B005T8CW2C", "name": "Wire Stripper Set, 30-10AWG, 2 Pc", "imUrl": "http://ecx.images-amazon.com/images/I/31bzC2m5FTL.jpg", "price": 35.16, "numReviews": 1, "groups": [141], "averageRating": 5.0}, {"asin": "B004TGHC98", "name": "Precision Copper Wire Cutter Stripper 10-22AWG Solid or 12-24AWG Stranded", "imUrl": "http://ecx.images-amazon.com/images/I/41WzjJcplRL._SX300_.jpg", "price": 8.95, "numReviews": 1, "groups": [142], "averageRating": 5.0}, {"asin": "B004SUVEIA", "name": "Klein Tools VDV110061 Coax Cable Stripper - 2-Level, Radial", "imUrl": "http://ecx.images-amazon.com/images/I/31aQBqhdO2L._SX300_.jpg", "price": 11.95, "numReviews": 25, "groups": [143], "averageRating": 4.32, "brand": "Klein Tools"}, {"asin": "B0006BHCBS", "name": "Greenlee Communications 1117 GripP 10 Wire Stripper/Cutter, 24-10 AWG", "imUrl": "http://ecx.images-amazon.com/images/I/41lJJh710qL._SX300_.jpg", "price": 19.49, "numReviews": 38, "groups": [144], "averageRating": 4.368421052631579, "brand": "Greenlee Communications"}, {"asin": "B003RWS8S4", "name": "Knipex 1102160 End-Type Wire Strippers with Comfort Grip, 6.25 Inch", "imUrl": "http://ecx.images-amazon.com/images/I/31KgiUmp9dL._SX300_.jpg", "price": 30.56, "numReviews": 4, "groups": [51], "averageRating": 5.0, "brand": "Knipex"}, {"asin": "B00DZC32R8", "name": "Primeshop-RCA Rotary Coax Coaxial Cable Cutter Tool RG58 RG59/62 RG6 Stripper Plier", "imUrl": "http://ecx.images-amazon.com/images/I/31hWSLACw7L._SY300_.jpg", "price": 2.33, "numReviews": 3, "groups": [145], "averageRating": 3.3333333333333335}, {"asin": "B00067HEJM", "name": "C2G / Cables to Go 38007 Self-Adjusting Wire Stripper (Red)", "imUrl": "http://ecx.images-amazon.com/images/I/31-epvn3yuL._SY300_.jpg", "price": 7.3, "numReviews": 3, "groups": [146], "averageRating": 3.3333333333333335}, {"asin": "B000IYTCG6", "name": "Neiko 01924A Ultimate Self-Adjusting Wire and Cable Stripper", "imUrl": "http://ecx.images-amazon.com/images/I/51JmSBoRM-L._SY300_.jpg", "price": 16.95, "numReviews": 165, "groups": [112, 147], "averageRating": 4.4363636363636365, "brand": "Neiko"}, {"asin": "B002T1H59M", "name": "Wiha 44217 Heavy Duty Adjustable Jacket Stripper", "imUrl": "http://ecx.images-amazon.com/images/I/41q6HSaeDqL._SX342_.jpg", "price": 72.96, "numReviews": 4, "groups": [148], "averageRating": 4.5, "brand": "Wiha", "salesRankCategory": "Industrial & Scientific", "salesRank": 39444}, {"asin": "B00004WLHT", "name": "Gardner Bender 10-100 Tap Splice, 16-14 AWG, Blue (25 pk)", "imUrl": "http://ecx.images-amazon.com/images/I/412CB77V57L._SX300_.jpg", "price": 5.77, "numReviews": 2, "groups": [149], "averageRating": 4.5}, {"asin": "B0002VY1FM", "name": "Paladin 1257 LC CST 2-Level Coax Stripper, RG59/RG6/RG6-Quad", "imUrl": "http://ecx.images-amazon.com/images/I/31WKdi6jFGL._SX300_.jpg", "price": 17.27, "numReviews": 9, "groups": [150], "averageRating": 4.0}, {"asin": "B0035CKYLA", "name": "Mini-Coax RG178 Cable Stripper 23-25AWG Rotary 2 Blades", "imUrl": "http://ecx.images-amazon.com/images/I/31ZM2mKXksL._SX300_.jpg", "price": 7.95, "numReviews": 2, "groups": [151], "averageRating": 3.0}, {"asin": "B008G1WX14", "name": "RJ45 Cat5 Network Wire Cable Punch Down Cutter Stripper 5 Pcs", "imUrl": "http://ecx.images-amazon.com/images/I/41BepbSjR2L._SY300_.jpg", "price": 2.43, "numReviews": 12, "groups": [152], "averageRating": 4.666666666666667}, {"asin": "B00005NMSV", "name": "Malco SB48AE The Beast Roof Shingle Removal Tool", "imUrl": "http://ecx.images-amazon.com/images/I/31MN50MHNVL._SX300_.jpg", "price": 53.09, "numReviews": 29, "groups": [153], "averageRating": 4.413793103448276}, {"asin": "B00004WLJX", "name": "Gardner Bender GS-40 Milwaukee Clipper Stripper w/ spring (#10 - #24 AWG), Adjustable Wire Stripper & Cutter", "imUrl": "http://ecx.images-amazon.com/images/I/31HSWET619L._SX300_.jpg", "price": 5.5, "numReviews": 11, "groups": [154, 155], "averageRating": 3.8181818181818183}, {"asin": "B00EDSCFJE", "name": "Irwin Industrial Tools 2078300 8 Inch Self Adjusting Wire Stripper with ProTouch Grip", "imUrl": "http://ecx.images-amazon.com/images/I/3115legYFML._SY300_.jpg", "price": 23.31, "numReviews": 22, "groups": [147, 156], "averageRating": 4.590909090909091}, {"asin": "B0000WUHM4", "name": "Paladin Tools 1115P Mini Stripax Plus", "imUrl": "http://ecx.images-amazon.com/images/I/41InoMaZmyL._SY300_.jpg", "price": 96.99, "numReviews": 9, "groups": [157], "averageRating": 3.7777777777777777}, {"asin": "B000STSE06", "name": "SE - Copper Wire Stripper - Strip From 10 To 22 Gauge, 6in. - 8863WS", "imUrl": "http://ecx.images-amazon.com/images/I/41Rza9VQ2YL._SY300_.jpg", "price": 5.47, "numReviews": 3, "groups": [158], "averageRating": 5.0, "brand": "SE"}, {"asin": "B00173O11I", "name": "Gardner Bender GS-355 10 To 20 AWG Wire Stripper", "imUrl": "http://ecx.images-amazon.com/images/I/41ZBfMvm1OL._SX300_.jpg", "price": 11.24, "numReviews": 1, "groups": [159], "averageRating": 5.0, "brand": "Gardner Bender"}, {"asin": "B00377DNA2", "name": "Klein Tools VDV110-045 Katapult Coaxial Cable Stripper", "imUrl": "http://ecx.images-amazon.com/images/I/41WorospbgL._SX300_.jpg", "price": 29.32, "numReviews": 6, "groups": [160], "averageRating": 3.3333333333333335}, {"asin": "B000E9TJXQ", "name": "Paladin Tools 1255 LC-CST Stripper for RG58/59/6/62AU: .315/.157 Coax Cable", "imUrl": "http://ecx.images-amazon.com/images/I/41TfufWTm1L._SX300_.jpg", "price": 20.87, "numReviews": 5, "groups": [161], "averageRating": 4.0, "brand": "Paladin Tools"}, {"asin": "B00776SKB6", "name": "Klein Tools 11074 16-26 AWG Katapult Wire Stripper - Replacement Blade Set", "imUrl": "http://ecx.images-amazon.com/images/I/41RQDcm3RYL._SY300_.jpg", "price": 9.17, "numReviews": 2, "groups": [162], "averageRating": 5.0, "brand": "Klein Tools"}, {"asin": "B0002RI4TK", "name": "Klein Tools 11045-INS Insulated Wire Stripper/Cutter", "imUrl": "http://ecx.images-amazon.com/images/I/31BItOGdW9L._SX300_.jpg", "price": 38.97, "numReviews": 1, "groups": [28], "averageRating": 5.0, "brand": "Klein"}, {"asin": "B007YUIND0", "name": "Greenlee 1950A Pro Stripper, 10-18 AWG", "imUrl": "http://ecx.images-amazon.com/images/I/31Pl4xtDLfL._SX300_.jpg", "price": 25.69, "numReviews": 1, "groups": [163], "averageRating": 5.0, "brand": "Greenlee"}, {"asin": "B00004WLL0", "name": "GB SE-94 10-gauge to 26-gauge Automatic Stripper and Crimper", "imUrl": "http://ecx.images-amazon.com/images/I/41BH83YD0TL._SX300_.jpg", "price": 10.81, "numReviews": 15, "groups": [164], "averageRating": 4.466666666666667}, {"asin": "B001HW925Y", "name": "Greenlee 1935 Terminators Automatic Wire Stripper", "imUrl": "http://ecx.images-amazon.com/images/I/41lCwNlJOYL._SX300_.jpg", "price": 26.57, "numReviews": 5, "groups": [165], "averageRating": 4.4, "brand": "Greenlee"}, {"asin": "B00BEZWJ6I", "name": "Klein Tools VDV110-095 Coax Combination Radial Stripper", "imUrl": "http://ecx.images-amazon.com/images/I/31um7MBUAQL._SX300_.jpg", "price": 13.29, "numReviews": 2, "groups": [166], "averageRating": 5.0, "brand": "Klein Tools"}, {"asin": "B00BU564F4", "name": "Delcast Multi-Function Wire Stripper Cutter Pliers- AWG & Metric Scale", "imUrl": "http://ecx.images-amazon.com/images/I/41CSmGyZmEL._SY300_.jpg", "price": 4.84, "numReviews": 7, "groups": [167], "averageRating": 5.0}, {"asin": "B00176H6TE", "name": "GB Electrical GST-224M Voltage-Sensing Wire Stripper", "imUrl": "http://ecx.images-amazon.com/images/I/41Ay70qhUvL._SY300_.jpg", "price": 25.7, "numReviews": 1, "groups": [168], "averageRating": 5.0, "brand": "GB Electrical"}, {"asin": "B000GTP0LE", "name": "Klein Tools 74007 Adjustable Wire Stripper for Solid and Stranded Wire", "imUrl": "http://ecx.images-amazon.com/images/I/31VcQ8zPcpL._SY300_.jpg", "price": 8.33, "numReviews": 9, "groups": [154], "averageRating": 3.5555555555555554, "brand": "Klein Tools"}, {"asin": "B000NBA8JO", "name": "Ideal 45-415 Reflex Premium T-5 T-Stripper Wire Stripper, 10 to 18 AWG Solid", "imUrl": "http://ecx.images-amazon.com/images/I/41TpRamOoiL._SY300_.jpg", "price": 10.94, "numReviews": 2, "groups": [169], "averageRating": 3.0, "brand": "Ideal"}, {"asin": "B000B632YO", "name": "Ideal 45-416 Reflex Premium T-6 T-Stripper Wire Stripper, 16 to 26 AWG Stranded", "imUrl": "http://ecx.images-amazon.com/images/I/31WEbpkp7vL._SX300_.jpg", "price": 14.36, "numReviews": 6, "groups": [170], "averageRating": 4.5, "brand": "Ideal"}, {"asin": "B0006BHHDQ", "name": "Paladin Tools 1118 GripP 20 Wire Stripper/Cutter, 30-20 AWG", "imUrl": "http://ecx.images-amazon.com/images/I/311RPuQlvOL._SY300_.jpg", "price": 11.96, "numReviews": 23, "groups": [144], "averageRating": 4.521739130434782, "brand": "Paladin Tools"}, {"asin": "B005OQNM3M", "name": "HDE Universal Data Telephone Computer UTP Cable CAT5 CAT6 Stripper Cutter Tool", "imUrl": "http://ecx.images-amazon.com/images/I/31F91FI%2B6XL._SY300_.jpg", "price": 1.95, "numReviews": 1, "groups": [171], "averageRating": 5.0}, {"asin": "B00BVL7M26", "name": "OTC 4467 Automatic Wire Stripper", "imUrl": "http://ecx.images-amazon.com/images/I/41vnXOycZ1L._SX300_.jpg", "price": 17.69, "numReviews": 7, "groups": [172], "averageRating": 4.857142857142857}, {"asin": "B008G211TS", "name": "Automatic Wire Stripper Cable Cord Cutter Plier Tool", "imUrl": "http://ecx.images-amazon.com/images/I/413b9Ck95ML._SY300_.jpg", "price": 11.3, "numReviews": 1, "groups": [173], "averageRating": 1.0}, {"asin": "B00C25AJX4", "name": "Rennsteig MultiStrip\u00ae 10 - Automatic Self-adjusting Insulation Stripper", "imUrl": "http://ecx.images-amazon.com/images/I/31QYX3xQytL._SX300_.jpg", "price": 62.0, "numReviews": 1, "groups": [174], "averageRating": 1.0}, {"asin": "B000X4PSUA", "name": "Knipex 1242195 7-3/4-Inch Universal Insulation Stripper - AWG 7-32", "imUrl": "http://ecx.images-amazon.com/images/I/41FVuMAcOXL._SX300_.jpg", "price": 95.0, "numReviews": 7, "groups": [175], "averageRating": 3.5714285714285716}, {"asin": "B008OHKMMC", "name": "SDT Bench Top Automatic Wire Stripper Machine Wire 10 -0 AWG Connects to Drill", "imUrl": "http://ecx.images-amazon.com/images/I/41HJfOh4ThL._SX300_.jpg", "price": 104.99, "numReviews": 3, "groups": [176], "averageRating": 2.0}, {"asin": "B000B5Y9YM", "name": "Ideal Industries Stripmaster Wire Stripper, #20 to #30 AWG", "imUrl": "http://ecx.images-amazon.com/images/I/411Noy%2Bj-cL._SX342_.jpg", "price": 41.0, "numReviews": 7, "groups": [177], "averageRating": 4.714285714285714, "brand": "Ideal Industries", "salesRankCategory": "Industrial & Scientific", "salesRank": 7313}, {"asin": "B0000302WS", "name": "Klein Tools 11046 Wire Stripper/Cutter Red 6 1/4 Inches", "imUrl": "http://ecx.images-amazon.com/images/I/71FGANXKV0L._SX300_.gif", "price": 13.68, "numReviews": 18, "groups": [121, 178], "averageRating": 4.944444444444445, "brand": "Klein"}, {"asin": "B000J0V97O", "name": "RS-101AL Roto-Split BX/MC Armored Cable Stripper for Aluminum Flex by Seatek", "imUrl": "http://ecx.images-amazon.com/images/I/4107X4ETDPL._SX300_.jpg", "price": 36.5, "numReviews": 2, "groups": [179], "averageRating": 5.0}, {"asin": "B000WDSQ4W", "name": "Gardner Bender GST-224M Circuit Alert, Volt Sensing Wire Stripper, 10-18 AWG", "imUrl": "http://ecx.images-amazon.com/images/I/41nASQ-Lo9L._SX300_.jpg", "price": 19.7, "numReviews": 1, "groups": [83], "averageRating": 4.0, "brand": "Gardner Bender"}, {"asin": "B0087Y9H78", "name": "Gray Plastic Wire Stripper for Coaxial RG Cable", "imUrl": "http://ecx.images-amazon.com/images/I/41sFH%2BCQMjL._SY300_.jpg", "price": 5.55, "numReviews": 1, "groups": [180], "averageRating": 3.0}, {"asin": "B00J0ZLMLW", "name": "Bender Automatic Wire Stripper with Cutter", "imUrl": "http://ecx.images-amazon.com/images/I/41tJuubCijL._SY300_.jpg", "price": 17.69, "numReviews": 2, "groups": [181], "averageRating": 1.0}, {"asin": "B000J0ZDBW", "name": "RF-120B Roto-Flex Extended Range BX/MC Armored Cable Stripper for Aluminum Flex from 3/8\" to 3/4\" Trade Size by Seatek", "imUrl": "http://ecx.images-amazon.com/images/I/31MSQQST8YL.jpg", "price": 39.95, "numReviews": 3, "groups": [81], "averageRating": 5.0, "brand": "Seatek"}, {"asin": "B00002X1WG", "name": "Stanley 84-213 Wire Stripper", "imUrl": "http://ecx.images-amazon.com/images/I/31zMyRi4hfL._SY300_.jpg", "price": 4.05, "numReviews": 5, "groups": [182], "averageRating": 3.0, "brand": "Stanley"}, {"asin": "B001D1IYUS", "name": "Ideal 45-621 Dual NM Reflex Super T-Stripper", "imUrl": "http://ecx.images-amazon.com/images/I/41xGUhXTsFL._SY300_.jpg", "price": 22.14, "numReviews": 4, "groups": [183], "averageRating": 5.0, "brand": "Ideal"}, {"asin": "B000J0ZDIA", "name": "Hand-Tools - Zip-Stripper Uf Cable Stripper, Seatek", "imUrl": "http://ecx.images-amazon.com/images/I/4111KK5VPTL._SX300_.jpg", "price": 23.5, "numReviews": 2, "groups": [184], "averageRating": 3.0, "brand": "Seatek"}, {"asin": "B0036VP1SG", "name": "Black Rhino 00273 22-30 AWG Wire Cutter and Stripper", "imUrl": "http://ecx.images-amazon.com/images/I/31khH9l%2B8TL._SX300_.jpg", "price": 12.49, "numReviews": 3, "groups": [185], "averageRating": 3.6666666666666665}, {"asin": "B00004WLL1", "name": "Gardner Bender SE-98 Adjustable Coaxial Cable Cutter and Stripper", "imUrl": "http://ecx.images-amazon.com/images/I/41XZYPBJGCL._SY300_.jpg", "price": 18.51, "numReviews": 7, "groups": [186], "averageRating": 4.142857142857143}, {"asin": "B000GAYYN8", "name": "Qualcraft 47.5 -Inch Strip Fast Shingle Removal Shovel #2570", "imUrl": "http://ecx.images-amazon.com/images/I/216479R0GCL._SY300_.jpg", "price": 34.11, "numReviews": 1, "groups": [187], "averageRating": 4.0, "brand": "Qualcraft"}, {"asin": "B0041TG0X2", "name": "Self-Adjusting Stripper AWG 24-10", "imUrl": "http://ecx.images-amazon.com/images/I/414M3cJAEHL._SY300_.jpg", "price": 24.8, "numReviews": 1, "groups": [188], "averageRating": 5.0}, {"asin": "B000GATH08", "name": "Ideal Grip & Strip End Stripper (45-227)", "imUrl": "http://ecx.images-amazon.com/images/I/415jnVc8scL._SY300_.jpg", "price": 18.27, "numReviews": 7, "groups": [189], "averageRating": 4.857142857142857, "brand": "Ideal"}, {"asin": "B002YDD38W", "name": "Gardner Bender RKT-21 Circuit Alert Volt Sensing Electricians Knife with Wire Stripper", "imUrl": "http://ecx.images-amazon.com/images/I/317t2kDgyIL._SX300_.jpg", "price": 12.99, "numReviews": 3, "groups": [190], "averageRating": 4.333333333333333, "brand": "Gardner Bender"}, {"asin": "B00FRMUHMW", "name": "Irwin Industrial 2078300 & 2078309 Combo 8-inch Wire Stripper, Crimper, Cutter", "imUrl": "http://ecx.images-amazon.com/images/I/41NoOTgDUjL._SX300_.jpg", "price": 19.34, "numReviews": 11, "groups": [156], "averageRating": 4.909090909090909}, {"asin": "B000J0V96A", "name": "Seatek RF170 1-1/2\" roto split", "imUrl": "http://ecx.images-amazon.com/images/I/31FV9H2YHWL.jpg", "price": 46.89, "numReviews": 3, "groups": [191], "averageRating": 3.6666666666666665, "brand": "Seatek"}, {"asin": "B003D8QX02", "name": "Paladin Tools 1248 Coaxial Stripper CST 3 Level, .344/.094, Black", "imUrl": "http://ecx.images-amazon.com/images/I/51QjPxngaGL._SX300_.jpg", "price": 91.5, "numReviews": 1, "groups": [192], "averageRating": 5.0, "brand": "Paladin Tools"}, {"asin": "B00004WLKR", "name": "Gardner Bender HST-1300 Underground Cable Splice Kit for waterproof splicing  of #14 - #8 AWG UF Copper Wire", "imUrl": "http://ecx.images-amazon.com/images/I/319Q0V3BCKL._SX300_.jpg", "price": 12.72, "numReviews": 23, "groups": [193], "averageRating": 4.086956521739131}, {"asin": "B0002M5NEE", "name": "OnQ / Legrand 36329201 CAT 5e Strip and Fit Tool", "imUrl": "http://ecx.images-amazon.com/images/I/310M6qcrQBL._SY300_.jpg", "price": 23.07, "numReviews": 1, "groups": [194], "averageRating": 5.0}, {"asin": "B000NY4T5U", "name": "TEKTON 3794 Adjustable Wire Stripper", "imUrl": "http://ecx.images-amazon.com/images/I/411yvK6RLGL._SY300_.jpg", "price": 3.96, "numReviews": 23, "groups": [155], "averageRating": 3.347826086956522, "brand": "TEKTON"}, {"asin": "B006962PLG", "name": "Jonard UST-500 Universal Cable Stripper for RG59/6 and 7/11 Coax Cables", "imUrl": "http://ecx.images-amazon.com/images/I/41m5epeW88L._SX342_.jpg", "price": 10.75, "numReviews": 23, "groups": [195], "averageRating": 4.565217391304348, "brand": "Jonard", "salesRankCategory": "Industrial & Scientific", "salesRank": 4142}, {"asin": "B00HPX5FQ4", "name": "Ideal T-Stripper 22-30 Solid/ 24-32 Stranded Wire (45-125)", "imUrl": "http://ecx.images-amazon.com/images/I/31nxakFbAvL.jpg", "price": 13.89, "numReviews": 1, "groups": [196], "averageRating": 5.0}, {"asin": "B000RUNIF2", "name": "Qualcraft 2571 27-1/2-Inch Strip Fast Shingle Remover", "imUrl": "http://ecx.images-amazon.com/images/I/31Dwa3jn3EL._SY300_.jpg", "price": 58.56, "numReviews": 3, "groups": [197], "averageRating": 4.0, "brand": "Qualcraft"}, {"asin": "B003IPDXGM", "name": "Paladin Tools 3240 CST Vario Coax Stripper With Adjustable Blade", "imUrl": "http://ecx.images-amazon.com/images/I/41ohLTLCXJL._SX300_.jpg", "price": 99.99, "numReviews": 2, "groups": [198], "averageRating": 3.0}, {"asin": "B0009WB43Q", "name": "Ideal 45-418 Reflex Premium T-8 T-Stripper Wire Stripper, 8 to 16 AWG Stranded", "imUrl": "http://ecx.images-amazon.com/images/I/31WEbpkp7vL._SX300_.jpg", "price": 17.09, "numReviews": 6, "groups": [199], "averageRating": 2.8333333333333335, "brand": "Ideal"}, {"asin": "B003RWS8SE", "name": "Knipex 1105160 End-Type Wire Strippers with Comfort Grip, 6.25 Inch", "imUrl": "http://ecx.images-amazon.com/images/I/31s-cIPQuuL._SX300_.jpg", "price": 41.9, "numReviews": 1, "groups": [200], "averageRating": 5.0}, {"asin": "B00DBD7GCI", "name": "CWS-47030 Copper Wire Stripper - Standard power drill operated, Strips 14-4/0 AWG wire", "imUrl": "http://ecx.images-amazon.com/images/I/410PX0-RkLL._SY300_.jpg", "price": 69.99, "numReviews": 1, "groups": [201], "averageRating": 5.0}, {"asin": "B00164GXBE", "name": "3-Blade Clothespin Coax Stripper", "imUrl": "http://ecx.images-amazon.com/images/I/41%2BenRIlZyL._SY300_.jpg", "price": 7.5, "numReviews": 2, "groups": [202], "averageRating": 3.0, "salesRankCategory": "Electronics", "salesRank": 168343}, {"asin": "B00652UYNK", "name": "Nick-free Fiber Optic Stripper", "imUrl": "http://ecx.images-amazon.com/images/I/31UocyfNxIL._SY300_.jpg", "price": 14.31, "numReviews": 1, "groups": [203], "averageRating": 5.0}, {"asin": "B0000302WM", "name": "Klein Tools 1011 Wire Stripper Cutter Solid and Stranded Wire Blue 6 1/8 Inches", "imUrl": "http://ecx.images-amazon.com/images/I/71JEREEF0ML._SY300_.gif", "price": 13.69, "numReviews": 41, "groups": [178], "averageRating": 4.682926829268292, "brand": "Klein"}, {"asin": "B000N5E8TQ", "name": "Greenlee 1960 Pro Wire Stripper for NM Cable", "imUrl": "http://ecx.images-amazon.com/images/I/41dFp7MZgwL._SY300_.jpg", "price": 25.95, "numReviews": 1, "groups": [204], "averageRating": 5.0}, {"asin": "B000NGTMWS", "name": "Gardner Bender GST-70M Circuit Alert, Volt Sensing Wire Stripper, 8-20 AWG", "imUrl": "http://ecx.images-amazon.com/images/I/31qWTW2ZdwL._SX300_.jpg", "price": 18.99, "numReviews": 11, "groups": [22, 205], "averageRating": 4.090909090909091, "brand": "Gardner Bender"}, {"asin": "B000KT791Y", "name": "Automatic Wire Stripper", "imUrl": "http://ecx.images-amazon.com/images/I/41qqhJH%2BcDL._SY300_.jpg", "price": 2.49, "numReviews": 26, "groups": [206], "averageRating": 2.3461538461538463}, {"asin": "B000FI2RVC", "name": "Platinum Tools 15015 Cat 5 Cable Jacket Stripper", "imUrl": "http://ecx.images-amazon.com/images/I/31z0R9lRVWL._SY300_.jpg", "price": 10.23, "numReviews": 90, "groups": [207], "averageRating": 4.666666666666667, "brand": "Platinum Tools"}, {"asin": "B0000BYCV5", "name": "Gardner Bender GS-360 Wire Stripper w/ Lock 10-20 AWG, Solid or Stranded", "imUrl": "http://ecx.images-amazon.com/images/I/411A6FT1MGL._SY300_.jpg", "price": 2.99, "numReviews": 1, "groups": [208], "averageRating": 2.0}, {"asin": "B0006BHCFO", "name": "Paladin Tools 1113 Stripax Pro 6 Stripper/Cutter, 28-10 AWG", "imUrl": "http://ecx.images-amazon.com/images/I/41Q1DzfXQ1L._SX300_.jpg", "price": 75.0, "numReviews": 16, "groups": [209], "averageRating": 4.5}, {"asin": "B008TP3W1W", "name": "Greenlee 1927A Stripping/Crimping Combination Tool", "imUrl": "http://ecx.images-amazon.com/images/I/313kzKvwlXL._SX300_.jpg", "price": 15.74, "numReviews": 9, "groups": [210], "averageRating": 3.6666666666666665}, {"asin": "B000OFU4SO", "name": "Klein K1210 Klein-Kurve Dual NM Cable Stripper/Cutter", "imUrl": "http://ecx.images-amazon.com/images/I/31TsXCDkJLL._SY300_.jpg", "price": 23.99, "numReviews": 3, "groups": [211], "averageRating": 3.0}, {"asin": "B0002FT6EY", "name": "Channellock 959 8-1/2-Inch Wire Stripper with Crimper", "imUrl": "http://ecx.images-amazon.com/images/I/31h4p0eW8IL._SY300_.jpg", "price": 18.79, "numReviews": 4, "groups": [212], "averageRating": 4.0, "brand": "Channellock"}, {"asin": "B000OYHUHI", "name": "Cable Wholesale RG58 / RG59 / RG6 Coaxial Cable Stripper", "imUrl": "http://ecx.images-amazon.com/images/I/41EN%2BZC-KPL._SY300_.jpg", "price": 9.62, "numReviews": 2, "groups": [213], "averageRating": 4.5, "salesRankCategory": "Electronics", "salesRank": 49822}, {"asin": "B0012MZPK0", "name": "SA-200L STRIP-ALL Extended Range Strip-All For Cables 3/8\" to 7/8\" Diameter", "imUrl": "http://ecx.images-amazon.com/images/I/31tKbGNowCL._SX300_.jpg", "price": 27.95, "numReviews": 8, "groups": [214], "averageRating": 3.875}, {"asin": "B00846HLJU", "name": "Platinum Tools 15041C BR1 Multi-Stripper", "imUrl": "http://ecx.images-amazon.com/images/I/414hpfJeZNL._SY300_.jpg", "price": 13.97, "numReviews": 5, "groups": [207], "averageRating": 4.6, "brand": "Platinum Tools"}, {"asin": "B001HWMPYO", "name": "Ridgid 21393 83E Cutter/Stripper", "imUrl": "http://ecx.images-amazon.com/images/I/41Y-3C4RncL._SY300_.jpg", "price": 17.74, "numReviews": 1, "groups": [215], "averageRating": 5.0}, {"asin": "B000BO4HR2", "name": "Gardner Bender GESP-55 ArmorEDGE Wire Stripper, 10-18 AWG Solid and 12-20 AWG Stranded, Stainless Steel", "imUrl": "http://ecx.images-amazon.com/images/I/31HQ42JKC2L._SX300_.jpg", "price": 17.99, "numReviews": 1, "groups": [216], "averageRating": 5.0}, {"asin": "B0002STTRK", "name": "Tool Aid 18950 Heavy Duty Automatic Wire Stripper", "imUrl": "http://ecx.images-amazon.com/images/I/31Y7aIqspVL._SY300_.jpg", "price": 17.3, "numReviews": 2, "groups": [217], "averageRating": 4.0, "brand": "Tool Aid"}, {"asin": "B00902Y2AS", "name": "Benchtop Automatic Wire Stripping Machine Drill/Handle Strip Wire Scrap Copper", "imUrl": "http://ecx.images-amazon.com/images/I/411V40GdjjL._SX300_.jpg", "price": 99.99, "numReviews": 10, "groups": [4], "averageRating": 3.4}, {"asin": "B000UCL07U", "name": "CablePrep CPT-6590S 6 & 59 Cable Stripper", "imUrl": "http://ecx.images-amazon.com/images/I/3100doG9gZL.jpg", "price": 24.99, "numReviews": 6, "groups": [218], "averageRating": 3.6666666666666665, "brand": "CablePrep"}, {"asin": "B0007ZA29M", "name": "Klein 11062 Automatic Wire Stripper-Solid and Stranded Wire", "imUrl": "http://ecx.images-amazon.com/images/I/41l%2BLB3igVL._SX300_.jpg", "price": 29.32, "numReviews": 3, "groups": [219], "averageRating": 5.0}, {"asin": "B000BQOOZK", "name": "Gardner Bender GTPS-3100 Coax/UTP Cable Stripper", "imUrl": "http://ecx.images-amazon.com/images/I/31MRjZbe7jL._SX300_.jpg", "price": 6.74, "numReviews": 2, "groups": [220], "averageRating": 3.5, "brand": "Gardner Bender"}, {"asin": "B000I1L7GW", "name": "Klein Tools 11047 Wire Stripper/Cutter", "imUrl": "http://ecx.images-amazon.com/images/I/316g998vbuL._SY300_.jpg", "price": 12.41, "numReviews": 9, "groups": [16], "averageRating": 4.666666666666667, "brand": "Klein"}, {"asin": "B00E65LX10", "name": "Replacement Blade For CopperMine Manual Crank & Drill Operated Wire Stripping Machine", "imUrl": "http://ecx.images-amazon.com/images/I/41GhJuLRfuL._SY300_.jpg", "price": 9.99, "numReviews": 1, "groups": [221], "averageRating": 5.0}, {"asin": "B000J0V8LG", "name": "Seatek B-107 Blades for Roto-Split and Roto-Flex to Cut Aluminum Casing (Package of Two)", "imUrl": "http://ecx.images-amazon.com/images/I/414PY9WM95L.gif", "price": 9.95, "numReviews": 3, "groups": [222], "averageRating": 5.0}, {"asin": "B000Q8UXSU", "name": "Wire Stripper, 16 to 26 AWG, 6-1/2 In L", "imUrl": "http://ecx.images-amazon.com/images/I/41Trdmlx6lL._SY300_.jpg", "price": 191.89, "numReviews": 1, "groups": [223], "averageRating": 4.0}, {"asin": "B000CMFJZM", "name": "OEM 25194 Automatic Wire Stripper", "imUrl": "http://ecx.images-amazon.com/images/I/41W-doqtBLL._SX300_.jpg", "price": 11.49, "numReviews": 2, "groups": [224], "averageRating": 3.0}, {"asin": "B000IBPRDG", "name": "Coax Stripmaster\u00ae Wire Stripper", "imUrl": "http://ecx.images-amazon.com/images/I/41RPABBGGRL._SY300_.jpg", "price": 33.11, "numReviews": 3, "groups": [225], "averageRating": 5.0, "salesRankCategory": "Electronics", "salesRank": 50496}, {"asin": "B000BOAA1E", "name": "Gardner Bender GESP-70  Armor Edge Stainless Wire Stripper and Crimper, 8-20 AWG Solid and 10-22 AWG Stranded", "imUrl": "http://ecx.images-amazon.com/images/I/31314ZT1YGL._SX300_.jpg", "price": 22.0, "numReviews": 4, "groups": [205], "averageRating": 4.75}, {"asin": "B000PDQ3UI", "name": "Techni-Tool Cut Strip & Crimp Tool, 5-In-1, Metric, 8 1/4\"", "imUrl": "http://ecx.images-amazon.com/images/I/21KZnQes4tL.jpg", "price": 20.24, "numReviews": 7, "groups": [226], "averageRating": 4.428571428571429}, {"asin": "B008M07H2E", "name": "Coaxial Cable Stripper Coax Stripping Tool for RG59/6/7/11 / Reversible Cassette, Cable Cutter Function", "imUrl": "http://ecx.images-amazon.com/images/I/414kJMtjXzL._SY300_.jpg", "price": 8.95, "numReviews": 1, "groups": [227], "averageRating": 1.0}, {"asin": "B004UC6NQY", "name": "SDT Manual Wire Stripper Machine for Copper Wire Stripping Strips 18 AWG - 3/4\"", "imUrl": "http://ecx.images-amazon.com/images/I/41CViFDfHGL._SX300_.jpg", "price": 69.99, "numReviews": 1, "groups": [228], "averageRating": 4.0}, {"asin": "B00135LG4A", "name": "GE Wire Stripper, with Spring Handle and Plier Nose for 10-22 AWG 18101", "imUrl": "http://ecx.images-amazon.com/images/I/21AXbbtBoYL._SY300_.jpg", "price": 2.72, "numReviews": 1, "groups": [229], "averageRating": 2.0, "brand": "GE"}, {"asin": "B008RJBB7M", "name": "SODIAL(TM) Coaxial Cable Lead Rotary Stripper Cutter RG58 RG6", "imUrl": "http://ecx.images-amazon.com/images/I/41uUmhIflUL._SX342_.jpg", "price": 4.22, "numReviews": 4, "groups": [230], "averageRating": 4.0, "brand": "SODIAL", "salesRankCategory": "Industrial & Scientific", "salesRank": 19946}, {"asin": "B007PLQKGA", "name": "SDT Manual Wire Stripper Machine for Copper Wire Stripping Strips 18 AWG - 3/4 Recycling Scrap Cable", "imUrl": "http://ecx.images-amazon.com/images/I/41y8ruzop4L._SY300_.jpg", "price": 69.99, "numReviews": 1, "groups": [231], "averageRating": 5.0}, {"asin": "B0002RI4U4", "name": "Klein Tools 11049 Stranded Wire Stripper/Cutter", "imUrl": "http://ecx.images-amazon.com/images/I/41urQ5UJ8uL._SX300_.jpg", "price": 15.95, "numReviews": 3, "groups": [232], "averageRating": 5.0, "brand": "Klein"}, {"asin": "B002UP7J5M", "name": "Ideal 45-121 T(R) Stripper (For 14\u00d024 Solid & 16\u00d026 Stranded Wires)", "imUrl": "http://ecx.images-amazon.com/images/I/414YzUu6BUL._SY300_.jpg", "price": 10.87, "numReviews": 6, "groups": [233], "averageRating": 5.0, "salesRankCategory": "Electronics", "salesRank": 31518}, {"asin": "B0002RI4TU", "name": "Klein Tools 11048, 6 1/4-Inch Dual-Wire Stripper/Cutter", "imUrl": "http://ecx.images-amazon.com/images/I/41ffR9h-VjL._SX300_.jpg", "price": 15.31, "numReviews": 5, "groups": [234], "averageRating": 3.8, "brand": "Klein"}, {"asin": "B002XZLYIM", "name": "Ideal 45-320 Economy Coax Stripper for RG-6 and RG-59 Cable", "imUrl": "http://ecx.images-amazon.com/images/I/41alL3jj-ZL._SX300_.jpg", "price": 14.99, "numReviews": 2, "groups": [235], "averageRating": 4.0, "brand": "Ideal"}, {"asin": "B00002N5EW", "name": "GB GS-66 Multi-Purpose Electrical Crimp/Strip Tool", "imUrl": "http://ecx.images-amazon.com/images/I/71DNDW9JFBL._SY300_.gif", "price": 5.0, "numReviews": 7, "groups": [236], "averageRating": 3.5714285714285716}], "links": [{"source": 0, "target": 5, "right": false, "left": true, "value": 1}, {"source": 0, "target": 9, "right": false, "left": true, "value": 1}, {"source": 0, "target": 46, "right": true, "left": false, "value": 1}, {"source": 0, "target": 30, "right": true, "left": false, "value": 1}, {"source": 0, "target": 62, "right": false, "left": true, "value": 1}, {"source": 0, "target": 91, "right": false, "left": true, "value": 1}, {"source": 0, "target": 94, "right": true, "left": false, "value": 1}, {"source": 1, "target": 175, "right": true, "left": false, "value": 1}, {"source": 1, "target": 87, "right": true, "left": false, "value": 1}, {"source": 2, "target": 113, "right": true, "left": false, "value": 1}, {"source": 2, "target": 151, "right": true, "left": false, "value": 1}, {"source": 3, "target": 99, "right": false, "left": true, "value": 1}, {"source": 3, "target": 230, "right": true, "left": true, "value": 1}, {"source": 3, "target": 44, "right": true, "left": true, "value": 1}, {"source": 3, "target": 76, "right": false, "left": true, "value": 1}, {"source": 3, "target": 49, "right": false, "left": true, "value": 1}, {"source": 3, "target": 115, "right": false, "left": true, "value": 1}, {"source": 3, "target": 182, "right": false, "left": true, "value": 1}, {"source": 3, "target": 60, "right": false, "left": true, "value": 1}, {"source": 3, "target": 94, "right": true, "left": true, "value": 1}, {"source": 4, "target": 60, "right": false, "left": true, "value": 1}, {"source": 5, "target": 62, "right": true, "left": false, "value": 1}, {"source": 6, "target": 113, "right": true, "left": false, "value": 1}, {"source": 6, "target": 68, "right": true, "left": false, "value": 1}, {"source": 7, "target": 113, "right": true, "left": false, "value": 1}, {"source": 7, "target": 22, "right": true, "left": false, "value": 1}, {"source": 8, "target": 101, "right": false, "left": true, "value": 1}, {"source": 8, "target": 197, "right": false, "left": true, "value": 1}, {"source": 8, "target": 81, "right": false, "left": true, "value": 1}, {"source": 8, "target": 113, "right": true, "left": false, "value": 1}, {"source": 8, "target": 178, "right": true, "left": false, "value": 1}, {"source": 8, "target": 53, "right": false, "left": true, "value": 1}, {"source": 8, "target": 181, "right": false, "left": true, "value": 1}, {"source": 8, "target": 151, "right": true, "left": false, "value": 1}, {"source": 9, "target": 62, "right": true, "left": false, "value": 1}, {"source": 9, "target": 152, "right": true, "left": false, "value": 1}, {"source": 9, "target": 46, "right": true, "left": false, "value": 1}, {"source": 10, "target": 221, "right": true, "left": false, "value": 1}, {"source": 11, "target": 37, "right": false, "left": true, "value": 1}, {"source": 11, "target": 199, "right": true, "left": false, "value": 1}, {"source": 11, "target": 113, "right": true, "left": false, "value": 1}, {"source": 11, "target": 151, "right": true, "left": false, "value": 1}, {"source": 11, "target": 159, "right": true, "left": false, "value": 1}, {"source": 12, "target": 158, "right": true, "left": false, "value": 1}, {"source": 12, "target": 71, "right": true, "left": false, "value": 1}, {"source": 12, "target": 23, "right": true, "left": false, "value": 1}, {"source": 13, "target": 67, "right": true, "left": false, "value": 1}, {"source": 14, "target": 115, "right": true, "left": false, "value": 1}, {"source": 14, "target": 94, "right": true, "left": false, "value": 1}, {"source": 14, "target": 230, "right": true, "left": false, "value": 1}, {"source": 15, "target": 234, "right": true, "left": true, "value": 1}, {"source": 15, "target": 214, "right": true, "left": false, "value": 1}, {"source": 16, "target": 137, "right": true, "left": false, "value": 1}, {"source": 16, "target": 94, "right": true, "left": false, "value": 1}, {"source": 16, "target": 230, "right": true, "left": false, "value": 1}, {"source": 17, "target": 143, "right": true, "left": false, "value": 1}, {"source": 18, "target": 113, "right": true, "left": false, "value": 1}, {"source": 18, "target": 126, "right": true, "left": false, "value": 1}, {"source": 19, "target": 66, "right": false, "left": true, "value": 1}, {"source": 19, "target": 238, "right": false, "left": true, "value": 1}, {"source": 19, "target": 113, "right": true, "left": false, "value": 1}, {"source": 19, "target": 151, "right": true, "left": false, "value": 1}, {"source": 19, "target": 24, "right": true, "left": false, "value": 1}, {"source": 20, "target": 100, "right": false, "left": true, "value": 1}, {"source": 21, "target": 216, "right": true, "left": true, "value": 1}, {"source": 21, "target": 186, "right": false, "left": true, "value": 1}, {"source": 21, "target": 84, "right": true, "left": true, "value": 1}, {"source": 21, "target": 228, "right": false, "left": true, "value": 1}, {"source": 22, "target": 57, "right": false, "left": true, "value": 1}, {"source": 22, "target": 251, "right": false, "left": true, "value": 1}, {"source": 23, "target": 184, "right": true, "left": false, "value": 1}, {"source": 23, "target": 173, "right": true, "left": false, "value": 1}, {"source": 24, "target": 113, "right": true, "left": false, "value": 1}, {"source": 24, "target": 151, "right": true, "left": false, "value": 1}, {"source": 24, "target": 251, "right": false, "left": true, "value": 1}, {"source": 24, "target": 159, "right": true, "left": false, "value": 1}, {"source": 25, "target": 225, "right": true, "left": false, "value": 1}, {"source": 25, "target": 110, "right": true, "left": false, "value": 1}, {"source": 25, "target": 94, "right": true, "left": false, "value": 1}, {"source": 26, "target": 224, "right": false, "left": true, "value": 1}, {"source": 26, "target": 38, "right": false, "left": true, "value": 1}, {"source": 26, "target": 39, "right": false, "left": true, "value": 1}, {"source": 26, "target": 140, "right": false, "left": true, "value": 1}, {"source": 26, "target": 141, "right": false, "left": true, "value": 1}, {"source": 26, "target": 187, "right": false, "left": true, "value": 1}, {"source": 26, "target": 85, "right": false, "left": true, "value": 1}, {"source": 26, "target": 149, "right": false, "left": true, "value": 1}, {"source": 26, "target": 154, "right": false, "left": true, "value": 1}, {"source": 26, "target": 155, "right": false, "left": true, "value": 1}, {"source": 26, "target": 28, "right": false, "left": true, "value": 1}, {"source": 26, "target": 29, "right": false, "left": true, "value": 1}, {"source": 26, "target": 31, "right": false, "left": true, "value": 1}, {"source": 27, "target": 166, "right": true, "left": true, "value": 1}, {"source": 28, "target": 205, "right": true, "left": false, "value": 1}, {"source": 29, "target": 224, "right": false, "left": true, "value": 1}, {"source": 29, "target": 38, "right": false, "left": true, "value": 1}, {"source": 29, "target": 242, "right": false, "left": true, "value": 1}, {"source": 29, "target": 212, "right": false, "left": true, "value": 1}, {"source": 29, "target": 149, "right": false, "left": true, "value": 1}, {"source": 30, "target": 62, "right": false, "left": true, "value": 1}, {"source": 32, "target": 112, "right": true, "left": false, "value": 1}, {"source": 32, "target": 151, "right": true, "left": false, "value": 1}, {"source": 33, "target": 74, "right": true, "left": false, "value": 1}, {"source": 33, "target": 68, "right": true, "left": false, "value": 1}, {"source": 34, "target": 166, "right": false, "left": true, "value": 1}, {"source": 35, "target": 213, "right": false, "left": true, "value": 1}, {"source": 36, "target": 68, "right": true, "left": false, "value": 1}, {"source": 37, "target": 159, "right": true, "left": false, "value": 1}, {"source": 37, "target": 113, "right": true, "left": false, "value": 1}, {"source": 37, "target": 151, "right": true, "left": false, "value": 1}, {"source": 39, "target": 120, "right": false, "left": true, "value": 1}, {"source": 39, "target": 113, "right": true, "left": false, "value": 1}, {"source": 39, "target": 239, "right": false, "left": true, "value": 1}, {"source": 40, "target": 240, "right": true, "left": false, "value": 1}, {"source": 41, "target": 218, "right": true, "left": false, "value": 1}, {"source": 42, "target": 164, "right": false, "left": true, "value": 1}, {"source": 43, "target": 157, "right": false, "left": true, "value": 1}, {"source": 44, "target": 133, "right": false, "left": true, "value": 1}, {"source": 44, "target": 137, "right": false, "left": true, "value": 1}, {"source": 44, "target": 110, "right": false, "left": true, "value": 1}, {"source": 44, "target": 115, "right": true, "left": true, "value": 1}, {"source": 44, "target": 246, "right": false, "left": true, "value": 1}, {"source": 44, "target": 94, "right": false, "left": true, "value": 1}, {"source": 45, "target": 107, "right": false, "left": true, "value": 1}, {"source": 45, "target": 206, "right": false, "left": true, "value": 1}, {"source": 46, "target": 91, "right": false, "left": true, "value": 1}, {"source": 46, "target": 62, "right": false, "left": true, "value": 1}, {"source": 47, "target": 68, "right": true, "left": false, "value": 1}, {"source": 47, "target": 55, "right": false, "left": true, "value": 1}, {"source": 48, "target": 128, "right": true, "left": true, "value": 1}, {"source": 48, "target": 113, "right": true, "left": false, "value": 1}, {"source": 48, "target": 134, "right": true, "left": false, "value": 1}, {"source": 49, "target": 94, "right": true, "left": false, "value": 1}, {"source": 49, "target": 235, "right": true, "left": false, "value": 1}, {"source": 50, "target": 73, "right": false, "left": true, "value": 1}, {"source": 50, "target": 114, "right": false, "left": true, "value": 1}, {"source": 50, "target": 148, "right": true, "left": true, "value": 1}, {"source": 51, "target": 88, "right": false, "left": true, "value": 1}, {"source": 51, "target": 75, "right": true, "left": true, "value": 1}, {"source": 51, "target": 127, "right": false, "left": true, "value": 1}, {"source": 51, "target": 143, "right": true, "left": false, "value": 1}, {"source": 52, "target": 200, "right": false, "left": true, "value": 1}, {"source": 52, "target": 185, "right": false, "left": true, "value": 1}, {"source": 52, "target": 67, "right": true, "left": true, "value": 1}, {"source": 53, "target": 181, "right": true, "left": false, "value": 1}, {"source": 53, "target": 151, "right": true, "left": false, "value": 1}, {"source": 54, "target": 192, "right": false, "left": true, "value": 1}, {"source": 55, "target": 113, "right": true, "left": false, "value": 1}, {"source": 55, "target": 68, "right": true, "left": false, "value": 1}, {"source": 56, "target": 73, "right": false, "left": true, "value": 1}, {"source": 56, "target": 114, "right": false, "left": true, "value": 1}, {"source": 56, "target": 148, "right": true, "left": false, "value": 1}, {"source": 56, "target": 61, "right": false, "left": true, "value": 1}, {"source": 58, "target": 155, "right": true, "left": false, "value": 1}, {"source": 59, "target": 113, "right": true, "left": false, "value": 1}, {"source": 59, "target": 124, "right": true, "left": false, "value": 1}, {"source": 60, "target": 94, "right": true, "left": false, "value": 1}, {"source": 61, "target": 148, "right": true, "left": false, "value": 1}, {"source": 62, "target": 72, "right": false, "left": true, "value": 1}, {"source": 62, "target": 111, "right": false, "left": true, "value": 1}, {"source": 63, "target": 230, "right": true, "left": false, "value": 1}, {"source": 64, "target": 202, "right": true, "left": false, "value": 1}, {"source": 65, "target": 113, "right": true, "left": false, "value": 1}, {"source": 65, "target": 180, "right": false, "left": true, "value": 1}, {"source": 65, "target": 181, "right": true, "left": false, "value": 1}, {"source": 65, "target": 151, "right": true, "left": false, "value": 1}, {"source": 65, "target": 220, "right": true, "left": false, "value": 1}, {"source": 66, "target": 113, "right": true, "left": false, "value": 1}, {"source": 66, "target": 151, "right": true, "left": false, "value": 1}, {"source": 67, "target": 236, "right": false, "left": true, "value": 1}, {"source": 67, "target": 82, "right": false, "left": true, "value": 1}, {"source": 67, "target": 185, "right": false, "left": true, "value": 1}, {"source": 67, "target": 189, "right": false, "left": true, "value": 1}, {"source": 68, "target": 132, "right": false, "left": true, "value": 1}, {"source": 68, "target": 135, "right": false, "left": true, "value": 1}, {"source": 68, "target": 138, "right": false, "left": true, "value": 1}, {"source": 68, "target": 139, "right": false, "left": true, "value": 1}, {"source": 68, "target": 142, "right": false, "left": true, "value": 1}, {"source": 68, "target": 145, "right": false, "left": true, "value": 1}, {"source": 68, "target": 147, "right": false, "left": true, "value": 1}, {"source": 68, "target": 158, "right": false, "left": true, "value": 1}, {"source": 68, "target": 70, "right": false, "left": true, "value": 1}, {"source": 68, "target": 199, "right": false, "left": true, "value": 1}, {"source": 68, "target": 80, "right": false, "left": true, "value": 1}, {"source": 68, "target": 214, "right": false, "left": true, "value": 1}, {"source": 68, "target": 89, "right": false, "left": true, "value": 1}, {"source": 68, "target": 221, "right": false, "left": true, "value": 1}, {"source": 68, "target": 223, "right": false, "left": true, "value": 1}, {"source": 68, "target": 227, "right": false, "left": true, "value": 1}, {"source": 68, "target": 105, "right": false, "left": true, "value": 1}, {"source": 68, "target": 113, "right": false, "left": true, "value": 1}, {"source": 68, "target": 241, "right": false, "left": true, "value": 1}, {"source": 68, "target": 244, "right": false, "left": true, "value": 1}, {"source": 68, "target": 118, "right": false, "left": true, "value": 1}, {"source": 68, "target": 249, "right": false, "left": true, "value": 1}, {"source": 68, "target": 123, "right": true, "left": true, "value": 1}, {"source": 68, "target": 124, "right": false, "left": true, "value": 1}, {"source": 69, "target": 113, "right": true, "left": false, "value": 1}, {"source": 69, "target": 158, "right": true, "left": false, "value": 1}, {"source": 70, "target": 162, "right": false, "left": true, "value": 1}, {"source": 70, "target": 132, "right": false, "left": true, "value": 1}, {"source": 70, "target": 184, "right": true, "left": false, "value": 1}, {"source": 70, "target": 123, "right": true, "left": false, "value": 1}, {"source": 70, "target": 124, "right": true, "left": false, "value": 1}, {"source": 71, "target": 219, "right": false, "left": true, "value": 1}, {"source": 71, "target": 184, "right": true, "left": false, "value": 1}, {"source": 71, "target": 123, "right": true, "left": false, "value": 1}, {"source": 71, "target": 124, "right": true, "left": false, "value": 1}, {"source": 72, "target": 137, "right": true, "left": false, "value": 1}, {"source": 72, "target": 110, "right": true, "left": false, "value": 1}, {"source": 72, "target": 225, "right": true, "left": false, "value": 1}, {"source": 74, "target": 174, "right": false, "left": true, "value": 1}, {"source": 74, "target": 175, "right": false, "left": true, "value": 1}, {"source": 74, "target": 209, "right": false, "left": true, "value": 1}, {"source": 74, "target": 148, "right": false, "left": true, "value": 1}, {"source": 75, "target": 143, "right": true, "left": false, "value": 1}, {"source": 75, "target": 88, "right": false, "left": true, "value": 1}, {"source": 75, "target": 93, "right": false, "left": true, "value": 1}, {"source": 75, "target": 127, "right": false, "left": true, "value": 1}, {"source": 76, "target": 94, "right": true, "left": false, "value": 1}, {"source": 77, "target": 147, "right": true, "left": false, "value": 1}, {"source": 77, "target": 164, "right": true, "left": false, "value": 1}, {"source": 77, "target": 155, "right": false, "left": true, "value": 1}, {"source": 78, "target": 80, "right": false, "left": true, "value": 1}, {"source": 78, "target": 194, "right": false, "left": true, "value": 1}, {"source": 79, "target": 176, "right": true, "left": false, "value": 1}, {"source": 79, "target": 147, "right": true, "left": false, "value": 1}, {"source": 81, "target": 113, "right": true, "left": false, "value": 1}, {"source": 81, "target": 181, "right": true, "left": false, "value": 1}, {"source": 82, "target": 189, "right": true, "left": true, "value": 1}, {"source": 83, "target": 218, "right": true, "left": false, "value": 1}, {"source": 83, "target": 122, "right": false, "left": true, "value": 1}, {"source": 84, "target": 228, "right": false, "left": true, "value": 1}, {"source": 84, "target": 198, "right": false, "left": true, "value": 1}, {"source": 84, "target": 172, "right": false, "left": true, "value": 1}, {"source": 84, "target": 216, "right": true, "left": true, "value": 1}, {"source": 84, "target": 186, "right": true, "left": true, "value": 1}, {"source": 86, "target": 184, "right": true, "left": false, "value": 1}, {"source": 87, "target": 97, "right": false, "left": true, "value": 1}, {"source": 87, "target": 174, "right": false, "left": true, "value": 1}, {"source": 87, "target": 175, "right": false, "left": true, "value": 1}, {"source": 87, "target": 209, "right": false, "left": true, "value": 1}, {"source": 89, "target": 113, "right": true, "left": false, "value": 1}, {"source": 89, "target": 159, "right": true, "left": false, "value": 1}, {"source": 90, "target": 128, "right": true, "left": false, "value": 1}, {"source": 90, "target": 113, "right": true, "left": false, "value": 1}, {"source": 91, "target": 111, "right": false, "left": true, "value": 1}, {"source": 92, "target": 137, "right": true, "left": false, "value": 1}, {"source": 92, "target": 110, "right": true, "left": false, "value": 1}, {"source": 93, "target": 113, "right": true, "left": false, "value": 1}, {"source": 93, "target": 143, "right": true, "left": false, "value": 1}, {"source": 94, "target": 225, "right": false, "left": true, "value": 1}, {"source": 94, "target": 99, "right": false, "left": true, "value": 1}, {"source": 94, "target": 133, "right": false, "left": true, "value": 1}, {"source": 94, "target": 230, "right": true, "left": true, "value": 1}, {"source": 94, "target": 235, "right": false, "left": true, "value": 1}, {"source": 94, "target": 110, "right": false, "left": true, "value": 1}, {"source": 94, "target": 211, "right": false, "left": true, "value": 1}, {"source": 94, "target": 243, "right": false, "left": true, "value": 1}, {"source": 94, "target": 182, "right": false, "left": true, "value": 1}, {"source": 94, "target": 246, "right": false, "left": true, "value": 1}, {"source": 95, "target": 113, "right": true, "left": false, "value": 1}, {"source": 95, "target": 178, "right": true, "left": false, "value": 1}, {"source": 95, "target": 220, "right": true, "left": false, "value": 1}, {"source": 96, "target": 204, "right": true, "left": false, "value": 1}, {"source": 97, "target": 113, "right": true, "left": false, "value": 1}, {"source": 98, "target": 137, "right": true, "left": false, "value": 1}, {"source": 98, "target": 110, "right": true, "left": false, "value": 1}, {"source": 99, "target": 230, "right": true, "left": false, "value": 1}, {"source": 101, "target": 220, "right": true, "left": false, "value": 1}, {"source": 101, "target": 181, "right": true, "left": false, "value": 1}, {"source": 101, "target": 176, "right": true, "left": false, "value": 1}, {"source": 102, "target": 231, "right": true, "left": false, "value": 1}, {"source": 103, "target": 112, "right": true, "left": false, "value": 1}, {"source": 103, "target": 113, "right": true, "left": false, "value": 1}, {"source": 103, "target": 126, "right": true, "left": false, "value": 1}, {"source": 103, "target": 151, "right": true, "left": false, "value": 1}, {"source": 104, "target": 218, "right": true, "left": false, "value": 1}, {"source": 104, "target": 156, "right": true, "left": false, "value": 1}, {"source": 105, "target": 113, "right": true, "left": false, "value": 1}, {"source": 105, "target": 190, "right": false, "left": true, "value": 1}, {"source": 106, "target": 218, "right": true, "left": false, "value": 1}, {"source": 107, "target": 176, "right": true, "left": false, "value": 1}, {"source": 108, "target": 153, "right": false, "left": true, "value": 1}, {"source": 109, "target": 156, "right": true, "left": false, "value": 1}, {"source": 112, "target": 160, "right": false, "left": true, "value": 1}, {"source": 112, "target": 113, "right": true, "left": false, "value": 1}, {"source": 112, "target": 178, "right": true, "left": false, "value": 1}, {"source": 112, "target": 179, "right": false, "left": true, "value": 1}, {"source": 112, "target": 150, "right": false, "left": true, "value": 1}, {"source": 112, "target": 151, "right": true, "left": false, "value": 1}, {"source": 112, "target": 125, "right": false, "left": true, "value": 1}, {"source": 112, "target": 126, "right": false, "left": true, "value": 1}, {"source": 113, "target": 136, "right": false, "left": true, "value": 1}, {"source": 113, "target": 137, "right": false, "left": true, "value": 1}, {"source": 113, "target": 150, "right": false, "left": true, "value": 1}, {"source": 113, "target": 151, "right": true, "left": true, "value": 1}, {"source": 113, "target": 159, "right": false, "left": true, "value": 1}, {"source": 113, "target": 160, "right": false, "left": true, "value": 1}, {"source": 113, "target": 163, "right": false, "left": true, "value": 1}, {"source": 113, "target": 165, "right": false, "left": true, "value": 1}, {"source": 113, "target": 168, "right": false, "left": true, "value": 1}, {"source": 113, "target": 169, "right": false, "left": true, "value": 1}, {"source": 113, "target": 173, "right": false, "left": true, "value": 1}, {"source": 113, "target": 179, "right": false, "left": true, "value": 1}, {"source": 113, "target": 180, "right": false, "left": true, "value": 1}, {"source": 113, "target": 181, "right": false, "left": true, "value": 1}, {"source": 113, "target": 196, "right": false, "left": true, "value": 1}, {"source": 113, "target": 197, "right": false, "left": true, "value": 1}, {"source": 113, "target": 199, "right": false, "left": true, "value": 1}, {"source": 113, "target": 217, "right": false, "left": true, "value": 1}, {"source": 113, "target": 220, "right": false, "left": true, "value": 1}, {"source": 113, "target": 227, "right": false, "left": true, "value": 1}, {"source": 113, "target": 229, "right": false, "left": true, "value": 1}, {"source": 113, "target": 232, "right": false, "left": true, "value": 1}, {"source": 113, "target": 238, "right": false, "left": true, "value": 1}, {"source": 113, "target": 239, "right": false, "left": true, "value": 1}, {"source": 113, "target": 240, "right": false, "left": true, "value": 1}, {"source": 113, "target": 116, "right": false, "left": true, "value": 1}, {"source": 113, "target": 117, "right": false, "left": true, "value": 1}, {"source": 113, "target": 123, "right": true, "left": true, "value": 1}, {"source": 113, "target": 124, "right": false, "left": true, "value": 1}, {"source": 113, "target": 125, "right": false, "left": true, "value": 1}, {"source": 113, "target": 126, "right": false, "left": true, "value": 1}, {"source": 114, "target": 148, "right": true, "left": false, "value": 1}, {"source": 115, "target": 243, "right": false, "left": true, "value": 1}, {"source": 116, "target": 136, "right": true, "left": false, "value": 1}, {"source": 116, "target": 237, "right": false, "left": true, "value": 1}, {"source": 116, "target": 159, "right": true, "left": false, "value": 1}, {"source": 117, "target": 184, "right": true, "left": false, "value": 1}, {"source": 117, "target": 173, "right": true, "left": false, "value": 1}, {"source": 117, "target": 158, "right": true, "left": false, "value": 1}, {"source": 119, "target": 221, "right": false, "left": true, "value": 1}, {"source": 120, "target": 136, "right": true, "left": false, "value": 1}, {"source": 120, "target": 239, "right": true, "left": false, "value": 1}, {"source": 121, "target": 218, "right": true, "left": false, "value": 1}, {"source": 123, "target": 161, "right": false, "left": true, "value": 1}, {"source": 123, "target": 171, "right": false, "left": true, "value": 1}, {"source": 123, "target": 142, "right": false, "left": true, "value": 1}, {"source": 123, "target": 214, "right": false, "left": true, "value": 1}, {"source": 123, "target": 184, "right": true, "left": true, "value": 1}, {"source": 124, "target": 161, "right": false, "left": true, "value": 1}, {"source": 124, "target": 162, "right": false, "left": true, "value": 1}, {"source": 124, "target": 142, "right": false, "left": true, "value": 1}, {"source": 124, "target": 145, "right": false, "left": true, "value": 1}, {"source": 124, "target": 184, "right": true, "left": false, "value": 1}, {"source": 125, "target": 151, "right": true, "left": false, "value": 1}, {"source": 126, "target": 151, "right": true, "left": false, "value": 1}, {"source": 126, "target": 188, "right": false, "left": true, "value": 1}, {"source": 128, "target": 134, "right": false, "left": true, "value": 1}, {"source": 129, "target": 227, "right": false, "left": true, "value": 1}, {"source": 129, "target": 223, "right": true, "left": false, "value": 1}, {"source": 130, "target": 219, "right": false, "left": true, "value": 1}, {"source": 131, "target": 215, "right": false, "left": true, "value": 1}, {"source": 131, "target": 147, "right": true, "left": false, "value": 1}, {"source": 131, "target": 167, "right": true, "left": false, "value": 1}, {"source": 135, "target": 184, "right": true, "left": false, "value": 1}, {"source": 135, "target": 223, "right": false, "left": true, "value": 1}, {"source": 136, "target": 169, "right": false, "left": true, "value": 1}, {"source": 136, "target": 237, "right": false, "left": true, "value": 1}, {"source": 136, "target": 151, "right": true, "left": false, "value": 1}, {"source": 137, "target": 192, "right": false, "left": true, "value": 1}, {"source": 137, "target": 243, "right": false, "left": true, "value": 1}, {"source": 139, "target": 204, "right": true, "left": false, "value": 1}, {"source": 139, "target": 173, "right": true, "left": false, "value": 1}, {"source": 140, "target": 218, "right": true, "left": false, "value": 1}, {"source": 142, "target": 161, "right": true, "left": false, "value": 1}, {"source": 143, "target": 222, "right": false, "left": true, "value": 1}, {"source": 144, "target": 147, "right": true, "left": false, "value": 1}, {"source": 145, "target": 147, "right": true, "left": false, "value": 1}, {"source": 146, "target": 170, "right": false, "left": true, "value": 1}, {"source": 147, "target": 227, "right": false, "left": true, "value": 1}, {"source": 147, "target": 176, "right": true, "left": true, "value": 1}, {"source": 148, "target": 210, "right": false, "left": true, "value": 1}, {"source": 150, "target": 151, "right": true, "left": false, "value": 1}, {"source": 151, "target": 159, "right": true, "left": true, "value": 1}, {"source": 151, "target": 165, "right": false, "left": true, "value": 1}, {"source": 151, "target": 168, "right": false, "left": true, "value": 1}, {"source": 151, "target": 179, "right": false, "left": true, "value": 1}, {"source": 151, "target": 181, "right": false, "left": true, "value": 1}, {"source": 151, "target": 196, "right": false, "left": true, "value": 1}, {"source": 151, "target": 217, "right": false, "left": true, "value": 1}, {"source": 151, "target": 229, "right": false, "left": true, "value": 1}, {"source": 151, "target": 238, "right": false, "left": true, "value": 1}, {"source": 154, "target": 164, "right": false, "left": true, "value": 1}, {"source": 154, "target": 250, "right": false, "left": true, "value": 1}, {"source": 154, "target": 205, "right": true, "left": false, "value": 1}, {"source": 154, "target": 208, "right": false, "left": true, "value": 1}, {"source": 156, "target": 233, "right": false, "left": true, "value": 1}, {"source": 158, "target": 204, "right": true, "left": true, "value": 1}, {"source": 158, "target": 173, "right": true, "left": true, "value": 1}, {"source": 158, "target": 190, "right": false, "left": true, "value": 1}, {"source": 159, "target": 199, "right": true, "left": true, "value": 1}, {"source": 162, "target": 171, "right": true, "left": false, "value": 1}, {"source": 162, "target": 214, "right": true, "left": false, "value": 1}, {"source": 164, "target": 205, "right": true, "left": false, "value": 1}, {"source": 164, "target": 208, "right": false, "left": true, "value": 1}, {"source": 165, "target": 232, "right": false, "left": true, "value": 1}, {"source": 167, "target": 221, "right": false, "left": true, "value": 1}, {"source": 167, "target": 215, "right": false, "left": true, "value": 1}, {"source": 169, "target": 183, "right": true, "left": false, "value": 1}, {"source": 171, "target": 244, "right": false, "left": true, "value": 1}, {"source": 171, "target": 219, "right": false, "left": true, "value": 1}, {"source": 172, "target": 216, "right": true, "left": false, "value": 1}, {"source": 173, "target": 204, "right": false, "left": true, "value": 1}, {"source": 174, "target": 175, "right": false, "left": true, "value": 1}, {"source": 176, "target": 193, "right": false, "left": true, "value": 1}, {"source": 177, "target": 218, "right": true, "left": false, "value": 1}, {"source": 178, "target": 197, "right": false, "left": true, "value": 1}, {"source": 178, "target": 188, "right": false, "left": true, "value": 1}, {"source": 180, "target": 181, "right": true, "left": false, "value": 1}, {"source": 182, "target": 230, "right": true, "left": false, "value": 1}, {"source": 183, "target": 237, "right": false, "left": true, "value": 1}, {"source": 184, "target": 248, "right": false, "left": true, "value": 1}, {"source": 184, "target": 214, "right": true, "left": true, "value": 1}, {"source": 186, "target": 216, "right": true, "left": false, "value": 1}, {"source": 190, "target": 204, "right": true, "left": false, "value": 1}, {"source": 191, "target": 209, "right": true, "left": false, "value": 1}, {"source": 195, "target": 207, "right": true, "left": false, "value": 1}, {"source": 201, "target": 205, "right": true, "left": false, "value": 1}, {"source": 203, "target": 218, "right": true, "left": false, "value": 1}, {"source": 205, "target": 242, "right": false, "left": true, "value": 1}, {"source": 214, "target": 234, "right": false, "left": true, "value": 1}, {"source": 215, "target": 222, "right": true, "left": false, "value": 1}, {"source": 216, "target": 228, "right": false, "left": true, "value": 1}, {"source": 216, "target": 240, "right": true, "left": true, "value": 1}, {"source": 218, "target": 226, "right": true, "left": true, "value": 1}, {"source": 224, "target": 245, "right": true, "left": false, "value": 1}, {"source": 228, "target": 240, "right": true, "left": false, "value": 1}, {"source": 230, "target": 235, "right": true, "left": false, "value": 1}, {"source": 230, "target": 246, "right": false, "left": true, "value": 1}, {"source": 234, "target": 247, "right": false, "left": true, "value": 1}, {"source": 247, "target": 249, "right": false, "left": true, "value": 1}]}