{"nodes": [{"asin": "B00GIRU5LS", "name": "Rectangular Glass Pendant Chandelier", "imUrl": "http://ecx.images-amazon.com/images/I/51WOLfbmH2L._SX342_.jpg", "price": 166.99, "numReviews": 1, "groups": [0], "averageRating": 5.0}, {"asin": "B000R39IQW", "name": "Royce Lighting RC2186/3ORB Essex Three-Light Chandelier Oil Rubbed Bronze with Opal Etched Globes", "imUrl": "http://ecx.images-amazon.com/images/I/31tEuZ24yRL._SX342_.jpg", "price": 25.38, "numReviews": 4, "groups": [1], "averageRating": 4.25}, {"asin": "B0000TE64C", "name": "Progress Lighting P4008-31 5-Light Chandelier, Textured Black", "imUrl": "http://ecx.images-amazon.com/images/I/41F6LsQ0jfL._SX342_.jpg", "price": 106.92, "numReviews": 11, "groups": [2], "averageRating": 4.454545454545454, "brand": "Progress Lighting"}, {"asin": "B0015N1C6C", "name": "Nuvo Lighting Moulan 6-Light Chandelier with Fluted Cream Bell Shades, Copper Bronze", "imUrl": "http://ecx.images-amazon.com/images/I/51c0BW5DTzL._SX342_.jpg", "price": 119.25, "numReviews": 9, "groups": [3], "averageRating": 4.666666666666667, "brand": "Nuvo Lighting"}, {"asin": "B000K2A09O", "name": "Sea Gull Lighting 3121-72 Traditional 5-Light Chandelier, Olde Iron", "imUrl": "http://ecx.images-amazon.com/images/I/41GkOVi1boL._SX342_.jpg", "price": 97.0, "numReviews": 6, "groups": [4], "averageRating": 4.5}, {"asin": "B007RT7JT2", "name": "Silly Gifts SY100772MC-110V Gypsy Small Multicolored 5 Arm Chandelier", "imUrl": "http://ecx.images-amazon.com/images/I/51tIlTVJOLL._SY300_.jpg", "price": 53.99, "numReviews": 10, "groups": [5], "averageRating": 4.1}, {"asin": "B005Q6KMIS", "name": "Modern Crystal chandelier with 15 Lights", "imUrl": "http://ecx.images-amazon.com/images/I/41v%2BRL6U6qL.jpg", "price": 213.5, "numReviews": 11, "groups": [6], "averageRating": 4.090909090909091}, {"asin": "B0052SV3JW", "name": "AF Lighting 617600 Contemporary Lighting Collection Chandelier, Brushed Nickel, 16-5/8-Inch W by 23-1/2-Inch H", "imUrl": "http://ecx.images-amazon.com/images/I/41nyO7NssZL._SY300_.jpg", "price": 96.38, "numReviews": 18, "groups": [7], "averageRating": 4.888888888888889, "brand": "AF Lighting"}, {"asin": "B00DXZ071Q", "name": "Indoor 4-light Chrome/crystal/metal Bubble Shade Chandelier", "imUrl": "http://ecx.images-amazon.com/images/I/51BsAHPtpRL._SX342_.jpg", "price": 160.73, "numReviews": 1, "groups": [8], "averageRating": 2.0}, {"asin": "B001U4V2A2", "name": "Royce Lighting RMC400/3-23 Westlake Incandescent 3-Light Mini Chandelier with White Alabaster Glass, Oil Rubbed Bronze", "imUrl": "http://ecx.images-amazon.com/images/I/41yUC-kNeBL._SX342_.jpg", "price": 61.22, "numReviews": 8, "groups": [9], "averageRating": 4.5}, {"asin": "B009P0GQKY", "name": "OK-5127h 20-Inch Classy Crystal Ceiling Lamp", "imUrl": "http://ecx.images-amazon.com/images/I/41q%2BjV4fW0L._SY300_.jpg", "price": 152.75, "numReviews": 3, "groups": [10], "averageRating": 4.333333333333333}, {"asin": "B0057MZLLO", "name": "LightInTheBox 1 Light Mini Crystal Pendant Chandelier with Solid Fixture in Chrome Finish", "imUrl": "http://ecx.images-amazon.com/images/I/510BLTFw-gL._SX342_.jpg", "price": 26.99, "numReviews": 25, "groups": [11], "averageRating": 3.8}, {"asin": "B00601VUNE", "name": "LightInTheBox Modern Chandelier with 5 lights (Aluminum Shade)", "imUrl": "http://ecx.images-amazon.com/images/I/51G%2B0GJncFL._SX342_.jpg", "price": 53.48, "numReviews": 2, "groups": [12], "averageRating": 2.0}, {"asin": "B000PRNMC6", "name": "Kenroy Home 90086ORB Wright 6-Light Oil-Rubbed Bronze Chandelier with Scavo-Glass Shades", "imUrl": "http://ecx.images-amazon.com/images/I/41Sz3LdMN8L._SX342_.jpg", "price": 340.2, "numReviews": 13, "groups": [13], "averageRating": 4.615384615384615, "brand": "Kenroy Home"}, {"asin": "B0083GJOYQ", "name": "CRYSTAL CHANDELIER CHANDELIERS LIGHTING WITH PINK COLOR CRYSTAL!", "imUrl": "http://ecx.images-amazon.com/images/I/51kZmyWmFHL._SX342_.jpg", "price": 141.55, "numReviews": 4, "groups": [14], "averageRating": 4.5}, {"asin": "B00F64UDQQ", "name": "Aged Copper Camilla Crystal Leaf Chandelier Pendant Light", "imUrl": "http://ecx.images-amazon.com/images/I/517AqQ5lmQL._SX342_.jpg", "price": 290.0, "numReviews": 1, "groups": [15], "averageRating": 4.0}, {"asin": "B005GNX5Z8", "name": "Progress Lighting P4621-09 Bravo Collection 3-Light Chandelier, Brushed Nickel", "imUrl": "http://ecx.images-amazon.com/images/I/41BJ82bbskL._SX342_.jpg", "price": 128.97, "numReviews": 1, "groups": [16], "averageRating": 5.0, "brand": "Progress Lighting"}, {"asin": "B00CBE7EA2", "name": "Wrought Iron Crystal Chandelier Chandeliers Lighting H27\" x W21\" SWAG PLUG IN-CHANDELIER W/ 14' FEET OF HANGING CHAIN AND WIRE!", "imUrl": "http://ecx.images-amazon.com/images/I/41WiFeNCkdL.jpg", "price": 133.0, "numReviews": 5, "groups": [17], "averageRating": 4.2}, {"asin": "B00601W1A0", "name": "LightInTheBox K9 Crystal Flush Mount with 6 lights", "imUrl": "http://ecx.images-amazon.com/images/I/512%2B8sABbSL._SX342_.jpg", "price": 123.99, "numReviews": 11, "groups": [18], "averageRating": 4.0}, {"asin": "B00E9BA1IW", "name": "Modern Chandelier Rain Drop Lighting Crystal Ball Fixture Pendant Ceiling Lamp, H39 X W25 X Depth 10, 3 Lights, Free Shipping", "imUrl": "http://ecx.images-amazon.com/images/I/51PpaNoVt5L._SX342_.jpg", "price": 149.0, "numReviews": 17, "groups": [19], "averageRating": 4.294117647058823}, {"asin": "B003V55UIS", "name": "Chandelier Lighting 12Lts With Swarovski Crystal Free Shipping! H27\" X W32\"", "imUrl": "http://ecx.images-amazon.com/images/I/416MYCP58NL.jpg", "price": 356.25, "numReviews": 6, "groups": [20], "averageRating": 4.166666666666667}, {"asin": "B005FKRHX8", "name": "LightInTheBox 11 Light Contemporary K9 Crystal Chandelier Lighting (Bulb Included), Chrome", "imUrl": "http://ecx.images-amazon.com/images/I/41e%2Bc2u0%2BJL._SX342_.jpg", "price": 170.0, "numReviews": 4, "groups": [21], "averageRating": 4.75, "brand": "LightInTheBox"}, {"asin": "B005XJ277W", "name": "Contracted Italian dining room Acryl chandelier bedroom lamp pendant lights Chandeliers", "imUrl": "http://ecx.images-amazon.com/images/I/414hpKQJ7QL.jpg", "price": 139.89, "numReviews": 12, "groups": [22], "averageRating": 3.4166666666666665}, {"asin": "B00CLTFD82", "name": "Modern Chandelier \"Rain Drop\" Chandeliers Lighting with Crystal Balls! W18\" H21\"", "imUrl": "http://ecx.images-amazon.com/images/I/51IGzhV4CHL._SX342_.jpg", "price": 214.7, "numReviews": 1, "groups": [23], "averageRating": 5.0}, {"asin": "B0091VGA7G", "name": "CHANDELIER LIGHTING W/ CRYSTAL PINK SHADES & HEARTS! H 17\" - PERFECT FOR KID'S AND GIRLS BEDROOM! W 17\"", "imUrl": "http://ecx.images-amazon.com/images/I/41F%2BcOhUutL.jpg", "price": 113.05, "numReviews": 6, "groups": [24], "averageRating": 4.833333333333333}, {"asin": "B000JD9QCQ", "name": "World Imports 81023-62 Bijoux Collection 3-Light Semi-Flush Convertible Chandelier, Weathered Bronze", "imUrl": "http://ecx.images-amazon.com/images/I/41Bk-B76bnL._SX342_.jpg", "price": 98.27, "numReviews": 14, "groups": [25], "averageRating": 3.642857142857143}, {"asin": "B007T43G24", "name": "French Empire Crystal Chandelier Lighting H50\" X W30\"", "imUrl": "http://ecx.images-amazon.com/images/I/41Bg43b0wxL._SX342_.jpg", "price": 521.55, "numReviews": 1, "groups": [26], "averageRating": 4.0}, {"asin": "B001BQGXSU", "name": "Progress Lighting P4391-09 5-Light Chandelier with Etched Alabaster Glass Shades and Center Column, Brushed Nickel", "imUrl": "http://ecx.images-amazon.com/images/I/41UvVdvOVZL._SX342_.jpg", "price": 155.43, "numReviews": 2, "groups": [27], "averageRating": 4.5, "brand": "Progress Lighting"}, {"asin": "B00408C6PU", "name": "New! Wrought Iron & Crystal Chandelier With Pink Shades! H27\" x W21\"", "imUrl": "http://ecx.images-amazon.com/images/I/41VTLFSjJSL.jpg", "price": 15.46, "numReviews": 1, "groups": [28], "averageRating": 4.0}, {"asin": "B0057N408I", "name": "LightInTheBox Contemporary 12 Light Crystal Flush Mount Chandelier with Chrome Finish", "imUrl": "http://ecx.images-amazon.com/images/I/41u0gSLN-cL._SX342_.jpg", "price": 127.59, "numReviews": 21, "groups": [29], "averageRating": 4.0476190476190474, "brand": "LightInTheBox"}, {"asin": "B004JJJ57M", "name": "Triarch 33293 5 Light Value Large Chandelier, Satin Nickel", "imUrl": "http://ecx.images-amazon.com/images/I/416ufKZfYyL._SY300_.jpg", "price": 126.0, "numReviews": 29, "groups": [30, 31], "averageRating": 4.896551724137931}, {"asin": "B009OAXKVS", "name": "Melissa Crystal Chandelier", "imUrl": "http://ecx.images-amazon.com/images/I/41dBu6%2BiTXL._SY300_.jpg", "price": 94.0, "numReviews": 1, "groups": [32], "averageRating": 4.0}, {"asin": "B0030WNH0A", "name": "Minka Lavery ML 3122 3 Light 1 Tier Mini Crystal Chandelier from the Mini Chande", "imUrl": "http://ecx.images-amazon.com/images/I/51dM-ZdfamL._SY445_.jpg", "price": 139.9, "numReviews": 22, "groups": [33], "averageRating": 3.0454545454545454, "brand": "Minka Lavery"}, {"asin": "B00190EA7O", "name": "Supernova 12 Light Chandelier", "imUrl": "http://ecx.images-amazon.com/images/I/41u4ug%2BM92L._SY300_.jpg", "price": 338.0, "numReviews": 2, "groups": [34], "averageRating": 5.0}, {"asin": "B005CKHCP4", "name": "Present Time Gypsy Chandelier 6 Arm White Shells with Plug", "imUrl": "http://ecx.images-amazon.com/images/I/41yTGix1DkL._SX300_.jpg", "price": 95.81, "numReviews": 1, "groups": [35], "averageRating": 1.0}, {"asin": "B007QULQ2I", "name": "LexMod Caboche Style Acrylic Crystal Chandelier", "imUrl": "http://ecx.images-amazon.com/images/I/51jyUoSgeaL._SY300_.jpg", "price": 419.27, "numReviews": 1, "groups": [36], "averageRating": 3.0, "salesRankCategory": "Home & Kitchen", "salesRank": 1227224}, {"asin": "B001U4SYSU", "name": "Royce Lighting RC700/5-23 Prescott 5-Light Chandelier with Sepia-Tinted Glass Shades, Oil-Rubbed Bronze", "imUrl": "http://ecx.images-amazon.com/images/I/41GkM73IATL._SY300_.jpg", "price": 61.06, "numReviews": 20, "groups": [37], "averageRating": 4.85}, {"asin": "B004J4SC7G", "name": "CRYSTAL CHANDELIER W/ SWAROVSKI CRYSTAL H38\" W37\"", "imUrl": "http://ecx.images-amazon.com/images/I/51oUzXt%2BjKL._SX342_.jpg", "price": 757.15, "numReviews": 2, "groups": [38], "averageRating": 3.5}, {"asin": "B005XITECO", "name": "Ion droplight decoration lighting lamps and lanterns dining room pendant lights", "imUrl": "http://ecx.images-amazon.com/images/I/41n38pL4CFL.jpg", "price": 419.27, "numReviews": 3, "groups": [39], "averageRating": 2.6666666666666665}, {"asin": "B004DY4JMY", "name": "AF Lighting Elements Supernova Chandelier", "imUrl": "http://ecx.images-amazon.com/images/I/519nHs3A31L._SY300_.jpg", "price": 518.0, "numReviews": 2, "groups": [40], "averageRating": 5.0, "brand": "AF Lighting"}, {"asin": "B000U5JBS2", "name": "Elk 8054/5 5-Light Chandelier In Deep Rust and Crystal Droplets", "imUrl": "http://ecx.images-amazon.com/images/I/51hT8d5%2BBcL._SX342_.jpg", "price": 558.0, "numReviews": 4, "groups": [41], "averageRating": 4.25, "brand": "Elk"}, {"asin": "B003V59LJW", "name": "Crystal Chandelier Chandeliers Lighting H25\" x W24\"", "imUrl": "http://ecx.images-amazon.com/images/I/410P78iAbnL.jpg", "price": 118.75, "numReviews": 53, "groups": [42], "averageRating": 4.60377358490566}, {"asin": "B0064LMO1W", "name": "MURANO VENETIAN STYLE CRYSTAL WALL SCONCE LIGHTING!", "imUrl": "http://ecx.images-amazon.com/images/I/41YtWmB9j6L._SX342_.jpg", "price": 96.53, "numReviews": 5, "groups": [43], "averageRating": 4.6}, {"asin": "B009QIICPM", "name": "Kathy Ireland Venezia Bronze 8-Light 26\" Wide Chandelier", "imUrl": "http://ecx.images-amazon.com/images/I/51PbPrCHEbL._SX342_.jpg", "price": 399.99, "numReviews": 1, "groups": [44], "averageRating": 2.0}, {"asin": "B005ZKFBLI", "name": "Handcrafted White Capiz Chandelier Light Shade - Fair Trade", "imUrl": "http://ecx.images-amazon.com/images/I/31v1p2roCpL._SY300_.jpg", "price": 54.0, "numReviews": 4, "groups": [45], "averageRating": 4.25, "salesRankCategory": "Home & Kitchen", "salesRank": 186529}, {"asin": "B00911XVZU", "name": "Modern Chandelier \"Rain Drop\" Chandeliers Lighting with Crystal Balls! H31-79\" X W48\" X D12\"", "imUrl": "http://ecx.images-amazon.com/images/I/41R%2B63hr23L._SX342_.jpg", "price": 297.0, "numReviews": 1, "groups": [46], "averageRating": 5.0}, {"asin": "B003V55UD8", "name": "AUTHENTIC ALL CRYSTAL CHANDELIER *FREE SHIPPING!* H38\" X W32\"", "imUrl": "http://ecx.images-amazon.com/images/I/51agLYTkltL._SX342_.jpg", "price": 261.25, "numReviews": 2, "groups": [47], "averageRating": 5.0}, {"asin": "B00BPUESOS", "name": "AUTHENTIC ALL CRYSTAL CHANDELIERS LIGHTING CHANDELIERS WITH CRYSTAL BALLS! H27\" X W24\"", "imUrl": "http://ecx.images-amazon.com/images/I/51hybCgFFQL._SX342_.jpg", "price": 94.05, "numReviews": 1, "groups": [48], "averageRating": 5.0}, {"asin": "B000BFZOZU", "name": "Maxim Lighting 2852OI Elegante 9-Light Chandelier, Oil Rubbed Bronze Finish", "imUrl": "http://ecx.images-amazon.com/images/I/51d5Bl%2B7bpL._SX300_.jpg", "price": 570.0, "numReviews": 1, "groups": [49], "averageRating": 5.0, "brand": "Maxim Lighting"}, {"asin": "B004RF2BN8", "name": "ELEGANT 5 LIGHT CRYSTAL CHANDELIER PENDANT LIGHTING FIXTURE LIGHT LAMP", "imUrl": "http://ecx.images-amazon.com/images/I/51zDVRpXWXL._SX342_.jpg", "price": 99.0, "numReviews": 5, "groups": [50], "averageRating": 4.2}, {"asin": "B005FKRIAU", "name": "LightInTheBox Stainless Steel 6-Light Chandelier with K9 Crystal ball Drop", "imUrl": "http://ecx.images-amazon.com/images/I/512%2B8sABbSL._SX342_.jpg", "price": 129.99, "numReviews": 3, "groups": [51], "averageRating": 4.666666666666667}, {"asin": "B006Y7YPKY", "name": "Quoizel UPTV5103BN Uptown Tribeca Living 3 Light Contemporary Downlight Chandelier", "imUrl": "http://ecx.images-amazon.com/images/I/31C2se74-yL._SY300_.jpg", "price": 259.14, "numReviews": 2, "groups": [52], "averageRating": 4.0, "brand": "Quoizel"}, {"asin": "B00601VZWU", "name": "LightInTheBox 6-light Floral Shape K9 Crystal Ceiling Light-Purple (0942-98004-C-6P)", "imUrl": "http://ecx.images-amazon.com/images/I/51iX-kKfkdL._SX342_.jpg", "price": 67.99, "numReviews": 5, "groups": [53], "averageRating": 3.8, "brand": "LightInTheBox"}, {"asin": "B007OWCBXG", "name": "Chandelier Light w/ Crystal Modern \"Rain Drop\" Chandeliers Linear Pendant", "imUrl": "http://ecx.images-amazon.com/images/I/51b-UR84PLL._SX342_.jpg", "price": 254.6, "numReviews": 1, "groups": [54], "averageRating": 5.0}, {"asin": "B004J3N86W", "name": "CHANDELIER LIGHTING W/ CRYSTAL PINK SHADES & HEARTS! H 17\" - PERFECT FOR KID'S AND GIRLS BEDROOM! W 17\"", "imUrl": "http://ecx.images-amazon.com/images/I/41CwCUTG2xL._SY300_.jpg", "price": 129.2, "numReviews": 5, "groups": [55], "averageRating": 4.0}, {"asin": "B00601W31C", "name": "LightInTheBox 8-light The style of palace Glass Chandelier, Crystal Ceiling Light Fixture for Living Room", "imUrl": "http://ecx.images-amazon.com/images/I/51Yuvbk-TNL._SX342_.jpg", "price": 234.99, "numReviews": 1, "groups": [56], "averageRating": 5.0}, {"asin": "B0018P1SVG", "name": "Hardware House 544452 Bristol 5-Light Chandelier, Brushed Nickel", "imUrl": "http://ecx.images-amazon.com/images/I/41GCdSuuH8L._SX342_.jpg", "price": 60.13, "numReviews": 128, "groups": [30], "averageRating": 4.40625, "brand": "Hardware House"}, {"asin": "B004084QFI", "name": "New! Wrought Iron Crystal Chandelier With Shades! H21\" x W22\"", "imUrl": "http://ecx.images-amazon.com/images/I/51RHEgYricL._SX342_.jpg", "price": 141.55, "numReviews": 2, "groups": [57], "averageRating": 3.5}, {"asin": "B004AYE5JE", "name": "Artcraft Lighting SC784 Scandia Oval Chandelier, Brushed Nickel with White Linen Shade", "imUrl": "http://ecx.images-amazon.com/images/I/31UJUK55SVL._SY300_.jpg", "price": 546.55, "numReviews": 2, "groups": [58], "averageRating": 5.0, "brand": "Artcraft Lighting"}, {"asin": "B00E9BSTKE", "name": "Modern Chandelier Rain Drop Lighting Crystal Ball Fixture Pendant Ceiling Lamp, H31 X W12, 3 Lights, Free Shipping", "imUrl": "http://ecx.images-amazon.com/images/I/41%2B0TqlgycL._SY445_.jpg", "price": 75.0, "numReviews": 1, "groups": [59], "averageRating": 4.0}, {"asin": "B00EV214H6", "name": "40\" Rectangular Glass Crystal Chandelier Pendant Light, Chrome Finish", "imUrl": "http://ecx.images-amazon.com/images/I/41pMzUgH9HL._SX342_.jpg", "price": 149.0, "numReviews": 2, "groups": [60], "averageRating": 4.0}, {"asin": "B0032Z708A", "name": "Nuvo Lighting 60/2404 Moulan  9-Light Two Tier Chandelier with Champagne Linen Glass, Copper Bronze", "imUrl": "http://ecx.images-amazon.com/images/I/41moLrZESFL._SX342_.jpg", "price": 138.0, "numReviews": 3, "groups": [61], "averageRating": 5.0}, {"asin": "B004H9CM8I", "name": "New! AUTHENTIC ALL CRYSTAL CHANDELIERS H25\" X W24\"", "imUrl": "http://ecx.images-amazon.com/images/I/41Jf5353gaL._SX342_.jpg", "price": 94.05, "numReviews": 85, "groups": [62], "averageRating": 4.776470588235294}, {"asin": "B005QWIYF0", "name": "LightInTheBox Acrylic Chandelier with 9 lights (Chrome Finish)", "imUrl": "http://ecx.images-amazon.com/images/I/41V2bF7aIlL._SY300_.jpg", "price": 249.99, "numReviews": 5, "groups": [63], "averageRating": 4.0, "salesRankCategory": "Home & Kitchen", "salesRank": 356310}, {"asin": "B001M86RVA", "name": "Boston Harbor F3-5C 5-Light Chandelier, Matte Black", "imUrl": "http://ecx.images-amazon.com/images/I/41J12mPLiBL._SY300_.jpg", "price": 101.99, "numReviews": 5, "groups": [64], "averageRating": 5.0, "brand": "Boston Harbor"}, {"asin": "B003V59LMY", "name": "Petite French Chandelier With Swarovski Crystal H30\" X W28\"", "imUrl": "http://ecx.images-amazon.com/images/I/514HP29F3TL._SX342_.jpg", "price": 356.25, "numReviews": 3, "groups": [65], "averageRating": 5.0}, {"asin": "B00E0DW5EM", "name": "Antique Bronze 4-light Round Crystal Chandelier", "imUrl": "http://ecx.images-amazon.com/images/I/41qJEL2d0CL._SX342_.jpg", "price": 176.0, "numReviews": 2, "groups": [66], "averageRating": 5.0}, {"asin": "B0013XZ1J8", "name": "Antique Gold with Clear Beads Swag Plug-In Chandelier", "imUrl": "http://ecx.images-amazon.com/images/I/41K01EMtNCL._SY445_.jpg", "price": 149.99, "numReviews": 1, "groups": [67], "averageRating": 5.0}, {"asin": "B004H98RLY", "name": "CRYSTAL CHANDELIER LIGHTING WITH PINK CRYSTAL HEARTS! H17\" X W17\"", "imUrl": "http://ecx.images-amazon.com/images/I/51TMJo-CPZL._SX342_.jpg", "price": 112.1, "numReviews": 5, "groups": [68], "averageRating": 3.4}, {"asin": "B005WGJSVE", "name": "White Shell Pendant Chandelier (Chrome Finish)", "imUrl": "http://ecx.images-amazon.com/images/I/41FTOeIAglL.jpg", "price": 67.19, "numReviews": 1, "groups": [69], "averageRating": 4.0}, {"asin": "B007RT7KBE", "name": "Silly Gifts SY100774FU-110V Gypsy Small Fuschia 6 Arm Chandelier", "imUrl": "http://ecx.images-amazon.com/images/I/51WEWCuDFgL._SY300_.jpg", "price": 99.0, "numReviews": 4, "groups": [70], "averageRating": 4.75}, {"asin": "B00815EYQC", "name": "MURANO VENETIAN STYLE ALL CRYSTAL CHANDELIER W/ CRYSTAL BALLS AND PINK SHADES!", "imUrl": "http://ecx.images-amazon.com/images/I/51jIMnC9rVL._SX342_.jpg", "price": 102.6, "numReviews": 2, "groups": [71], "averageRating": 4.5}, {"asin": "B002GHB9UU", "name": "Nuvo Lighting 60/3195 Empire 6-Light Chandelier with Alabaster Glass Shade, Brushed Nickel", "imUrl": "http://ecx.images-amazon.com/images/I/41ITzLfimBL._SX342_.jpg", "price": 207.67, "numReviews": 4, "groups": [72], "averageRating": 4.5}, {"asin": "B005IUBHUE", "name": "LightInTheBox Moddern Crystal Chandelier with 6 Lights", "imUrl": "http://ecx.images-amazon.com/images/I/51f32mHGYQL._SY300_.jpg", "price": 199.99, "numReviews": 4, "groups": [73], "averageRating": 2.75}, {"asin": "B000R3CLV6", "name": "Royce Lighting RMC800/3-12 Fairlawn Three-Light Mini Chandelier Brushed Steel with White Alabaster Globes", "imUrl": "http://ecx.images-amazon.com/images/I/31tMZYA6HRL._SX342_.jpg", "price": 45.57, "numReviews": 1, "groups": [74], "averageRating": 5.0}, {"asin": "B001EQJKIM", "name": "Thomas Lighting Pl8014-63L Tahoe Three-Light Energy Star Certified Chandelier, Painted Bronze", "imUrl": "http://ecx.images-amazon.com/images/I/31EsT1vtSTL._SY445_.jpg", "price": 62.31, "numReviews": 1, "groups": [75], "averageRating": 5.0}, {"asin": "B004J54698", "name": "French Empire Crystal Chandelier Lighting H30\" X W24\"", "imUrl": "http://ecx.images-amazon.com/images/I/413EZ5gijpL._SX342_.jpg", "price": 377.77, "numReviews": 22, "groups": [76], "averageRating": 4.5}, {"asin": "B00BS9WMMQ", "name": "Crystal Chandelier Chandeliers Lighting H25\" x W24\" SWAG PLUG IN-CHANDELIER W/ 14' FEET OF HANGING CHAIN AND WIRE!", "imUrl": "http://ecx.images-amazon.com/images/I/417IuLxhzmL.jpg", "price": 144.4, "numReviews": 2, "groups": [77], "averageRating": 4.5}, {"asin": "B0015MXQYE", "name": "Nuvo 60/378 3 Light Chandelier with Alabaster Glass Shades", "imUrl": "http://ecx.images-amazon.com/images/I/41GWVC6-ZqL._SX342_.jpg", "price": 109.99, "numReviews": 2, "groups": [78], "averageRating": 4.0, "brand": "Nuvo"}, {"asin": "B00447T1C8", "name": "Elk 4041/3 3-Light Chandelier In Antique White", "imUrl": "http://ecx.images-amazon.com/images/I/416aeqPEAtL._SY445_.jpg", "price": 166.0, "numReviews": 2, "groups": [79], "averageRating": 2.5, "brand": "Elk"}, {"asin": "B00F4E06JW", "name": "Modern Linear Rectangular Island Dining Room Crystal Chandelier", "imUrl": "http://ecx.images-amazon.com/images/I/51A0m5RddBL._SX342_.jpg", "price": 162.71, "numReviews": 1, "groups": [80], "averageRating": 5.0}, {"asin": "B00F64NF9S", "name": "Black Crystal Chandelier Pendant", "imUrl": "http://ecx.images-amazon.com/images/I/51mH3u-lz8L._SX342_.jpg", "price": 168.25, "numReviews": 1, "groups": [81], "averageRating": 5.0}, {"asin": "B002MHBD8W", "name": "World Imports 1943-90 Belle Marie Collection 3-Light Hanging Chandelier, Antique Gold", "imUrl": "http://ecx.images-amazon.com/images/I/410XK3eyWIL._SY445_.jpg", "price": 277.56, "numReviews": 3, "groups": [82], "averageRating": 4.666666666666667, "brand": "World Imports"}, {"asin": "B005QWIS92", "name": "LightInTheBox Mini White Shell Pendant Chandelier (Chrome Finish)", "imUrl": "http://ecx.images-amazon.com/images/I/41Li52kEfjL._SY300_.jpg", "price": 59.99, "numReviews": 14, "groups": [83], "averageRating": 4.142857142857143, "salesRankCategory": "Home & Kitchen", "salesRank": 121634}, {"asin": "B009OAXJ0K", "name": "Gertrude Crystal Chandelier", "imUrl": "http://ecx.images-amazon.com/images/I/41Vg14ivMwL._SY300_.jpg", "price": 127.73, "numReviews": 2, "groups": [84], "averageRating": 4.5}, {"asin": "B004086FD4", "name": "French Empire Crystal Chandelier Lighting Chandeliers H32\" X W25\"", "imUrl": "http://ecx.images-amazon.com/images/I/51UvRF4Cx2L._SY445_.jpg", "price": 282.15, "numReviews": 4, "groups": [85], "averageRating": 4.5}, {"asin": "B002WTC76W", "name": "Yosemite Home Decor 92239-3-6VB Bridalveil Chandelier with Sunset Alabaster Shades, 9-Light, Venetian Bronze", "imUrl": "http://ecx.images-amazon.com/images/I/41-9mWukyTL._SX342_.jpg", "price": 59.83, "numReviews": 2, "groups": [86], "averageRating": 4.0}, {"asin": "B000R39IP8", "name": "Royce Lighting RC17ES/3-23 Fulton Three-Light Chandelier Oil Rubbed Bronze with Sepia Tinted Globes", "imUrl": "http://ecx.images-amazon.com/images/I/41jCgJ4C2KL._SX342_.jpg", "price": 70.99, "numReviews": 2, "groups": [87], "averageRating": 3.0}, {"asin": "B00BLCRW5M", "name": "LightInTheBox Contemporary Glass Chandelier with 3 lights - Ball Shape Design (Chrome Finish)", "imUrl": "http://ecx.images-amazon.com/images/I/41gbk%2BigmmL._SX342_.jpg", "price": 105.99, "numReviews": 4, "groups": [88], "averageRating": 5.0}, {"asin": "B004AYE5IU", "name": "Artcraft Lighting SC781 Scandia Chandelier, Brushed Nickel with White Linen Shade", "imUrl": "http://ecx.images-amazon.com/images/I/31WPCcYXaVL._SY445_.jpg", "price": 242.09, "numReviews": 2, "groups": [58], "averageRating": 4.0}, {"asin": "B003V59LU6", "name": "Amethyst Purple Crystal Chandelier H25\" X W24\"", "imUrl": "http://ecx.images-amazon.com/images/I/51xkpSX-sAL._SX342_.jpg", "price": 141.55, "numReviews": 2, "groups": [89], "averageRating": 5.0}, {"asin": "B0089WVGC2", "name": "Bellora Crystal Wrought Iron Chandelier Chandeliers Lighting with Faceted Crystal Balls H 22\" W 20\"", "imUrl": "http://ecx.images-amazon.com/images/I/51Ct2hqDSPL._SX342_.jpg", "price": 141.55, "numReviews": 11, "groups": [90], "averageRating": 4.636363636363637}, {"asin": "B004J4MWCM", "name": "Empire Victorian Chandelier With Swarovski Crystal H25\" X W24\"", "imUrl": "http://ecx.images-amazon.com/images/I/417IuLxhzmL.jpg", "price": 175.75, "numReviews": 45, "groups": [91], "averageRating": 4.822222222222222}, {"asin": "B005Q6ILF4", "name": "Modern Crystal chandelier with 11 Lights", "imUrl": "http://ecx.images-amazon.com/images/I/51MNOrSCKmL._SX342_.jpg", "price": 142.48, "numReviews": 1, "groups": [92], "averageRating": 3.0}, {"asin": "B0042G10DE", "name": "Elegant Lighting 2527F8G/RC Tranquil 7-Inch High 2-Light Flush Mount, Gold Finish with Crystal (Clear) Royal Cut RC Crystal", "imUrl": "http://ecx.images-amazon.com/images/I/61vgnPhvt3L._SX300_.jpg", "price": 145.18, "numReviews": 4, "groups": [93], "averageRating": 5.0, "brand": "Elegant Lighting"}, {"asin": "B0042HN5CC", "name": "Elegant Lighting 1281D-S-R-CL/RC Mini 8-Inch High 1-Light Chandelier, Chrome Finish with Crystal (Clear) Royal Cut RC Crystal", "imUrl": "http://ecx.images-amazon.com/images/I/31dGhG22fqL._SY300_.jpg", "price": 87.5, "numReviews": 1, "groups": [94], "averageRating": 5.0, "brand": "Elegant Lighting"}, {"asin": "B006QEJERY", "name": "Kichler Lighting 43073NI Armida 3-Light Mini-Chandelier with Satin Etched White Glass, Brushed Nickel Finish", "imUrl": "http://ecx.images-amazon.com/images/I/41IrwhhQs4L._SX342_.jpg", "price": 153.45, "numReviews": 2, "groups": [95], "averageRating": 5.0, "brand": "Kichler Lighting"}, {"asin": "B005CW4ZNY", "name": "Authentic All Pink Crystal Chandelier Lighting Chandeliers , 18ht x19wd , 4 Lights", "imUrl": "http://ecx.images-amazon.com/images/I/51X4qYtdF5L._SX342_.jpg", "price": 99.99, "numReviews": 4, "groups": [96], "averageRating": 5.0}, {"asin": "B005XIO7NU", "name": "Contracted Italian restaurant glass chandelier bedroom lamp Dining room lights", "imUrl": "http://ecx.images-amazon.com/images/I/41nP%2BA5-40L.jpg", "price": 62.0, "numReviews": 3, "groups": [22], "averageRating": 3.0}, {"asin": "B00AU5T5Y2", "name": "Crystal Chandelier Lighting 28ht X 28wd 8 Lights Fixture Pendant Ceiling Lamp", "imUrl": "http://ecx.images-amazon.com/images/I/51%2Bwb8drvyL._SX342_.jpg", "price": 159.0, "numReviews": 67, "groups": [62, 97], "averageRating": 4.776119402985074}, {"asin": "B007OWCDAW", "name": "MODERN CHANDELIER \"RAIN DROP\" CHANDELIERS BRAND NEW!", "imUrl": "http://ecx.images-amazon.com/images/I/51Eqz0coxDL._SY445_.jpg", "price": 426.55, "numReviews": 5, "groups": [98], "averageRating": 5.0}, {"asin": "B008F9ZXF0", "name": "Kichler Lighting 43226OZ 9-Light Chandelier with White Scavo/Light Umber Glass, Olde Bronze Finish", "imUrl": "http://ecx.images-amazon.com/images/I/4157IMzGdZL._SX342_.jpg", "price": 300.0, "numReviews": 5, "groups": [61], "averageRating": 5.0, "brand": "Kichler Lighting"}, {"asin": "B006Y7YMDE", "name": "Quoizel UPCL5004BN Uptown Chelsea Loft 4 Light Contemporary Rod Hung Pendant Light Fixture", "imUrl": "http://ecx.images-amazon.com/images/I/31UKAfDumQL._SY300_.jpg", "price": 361.51, "numReviews": 3, "groups": [99], "averageRating": 4.666666666666667}, {"asin": "B0018OUG7Y", "name": "Hardware House 544890 Tuscany 18-1/2-Inch by 23-Inch Chandelier Textured Black", "imUrl": "http://ecx.images-amazon.com/images/I/31yV62KZi0L._SY445_.jpg", "price": 68.6, "numReviews": 24, "groups": [100], "averageRating": 4.708333333333333, "brand": "Hardware House"}, {"asin": "B005FKRJX6", "name": "LightInTheBox Modern Crystal chandelier with 9 Lights", "imUrl": "http://ecx.images-amazon.com/images/I/51NN%2BzBtJ9L._SX342_.jpg", "price": 169.0, "numReviews": 2, "groups": [101], "averageRating": 5.0, "brand": "LightInTheBox"}, {"asin": "B005QWISEM", "name": "LightInTheBox White Shell Pendant Chandelier (Chrome Finish)", "imUrl": "http://ecx.images-amazon.com/images/I/31Z6BIVFrDL._SY300_.jpg", "price": 66.99, "numReviews": 23, "groups": [102], "averageRating": 3.739130434782609, "brand": "LightInTheBox", "salesRankCategory": "Home & Kitchen", "salesRank": 247435}, {"asin": "B004086FAW", "name": "Chandelier Lighting Crystal Chandeliers H30 \"X W28\"", "imUrl": "http://ecx.images-amazon.com/images/I/51WkYb9OezL.jpg", "price": 356.25, "numReviews": 19, "groups": [103, 104], "averageRating": 4.0}, {"asin": "B000OXJYA0", "name": "Murray Feiss F1902/6MBZ Chateau 6-Light Chandelier, Mocha Bronze with Prismatic Glass Crystals", "imUrl": "http://ecx.images-amazon.com/images/I/51YRu1ohLvL._SX342_.jpg", "price": 640.0, "numReviews": 2, "groups": [105], "averageRating": 5.0, "brand": "Murray Feiss"}, {"asin": "B0012EA56C", "name": "Leila White Clear Swag Plug-in Chandelier", "imUrl": "http://ecx.images-amazon.com/images/I/41NrEtEIKDL._SY445_.jpg", "price": 149.99, "numReviews": 13, "groups": [106], "averageRating": 4.846153846153846}, {"asin": "B004J4L01G", "name": "Chandelier Lighting Crystal Chandeliers H27\" X W32\"", "imUrl": "http://ecx.images-amazon.com/images/I/41d9W0xs6PL.jpg", "price": 334.31, "numReviews": 61, "groups": [97, 103], "averageRating": 4.639344262295082}, {"asin": "B004J3GAHQ", "name": "CHANDELIER DRESSED W/SWAROVSKI CRYSTAL & PINK SHADES! H17\" X W17\"", "imUrl": "http://ecx.images-amazon.com/images/I/41BlOGsKtcL._SY300_.jpg", "price": 113.05, "numReviews": 1, "groups": [107], "averageRating": 5.0}, {"asin": "B00408DS0M", "name": "Chandelier Crystal Lighting Chandeliers H38\" X W37\"", "imUrl": "http://ecx.images-amazon.com/images/I/41rsj%2BqhCML.jpg", "price": 213.75, "numReviews": 1, "groups": [108], "averageRating": 3.0}, {"asin": "B0040V5FUU", "name": "Hardware House H10-4029 Dover Chandelier, Satin Nickel", "imUrl": "http://ecx.images-amazon.com/images/I/41S9nYCUl5L._SX342_.jpg", "price": 56.5, "numReviews": 21, "groups": [30], "averageRating": 4.428571428571429, "brand": "Hardware House"}, {"asin": "B001CAG74K", "name": "1731NI Dover 3LT Pendalette, Brushed Nickel Finish with Etched Seedy Glass", "imUrl": "http://ecx.images-amazon.com/images/I/31VjMEBOx7L._SX342_.jpg", "price": 128.0, "numReviews": 6, "groups": [109], "averageRating": 3.8333333333333335}, {"asin": "B00A4EHPIC", "name": "French Empire Crystal Chandelier Chandeliers Lighting H26\" X W23\"", "imUrl": "http://ecx.images-amazon.com/images/I/519pwqAqPOL._SX342_.jpg", "price": 331.55, "numReviews": 3, "groups": [76, 110], "averageRating": 4.666666666666667}, {"asin": "B00CIVH980", "name": "Modern Linear Rectangular Island Dining Room Crystal Chandelier", "imUrl": "http://ecx.images-amazon.com/images/I/41EgsD3IkVL._SX342_.jpg", "price": 168.49, "numReviews": 7, "groups": [111], "averageRating": 4.142857142857143}, {"asin": "B00601VZM0", "name": "LightInTheBox Modern Crystal chandelier with 11 Lights", "imUrl": "http://ecx.images-amazon.com/images/I/41e%2Bc2u0%2BJL._SX342_.jpg", "price": 142.48, "numReviews": 40, "groups": [112], "averageRating": 3.775}, {"asin": "B006476SEA", "name": "LightInTheBox K9 Crystal Chandelier with 6 Lights in Purple", "imUrl": "http://ecx.images-amazon.com/images/I/31scX--QJhL._SX342_.jpg", "price": 89.99, "numReviews": 1, "groups": [113], "averageRating": 2.0}, {"asin": "B004DNX3BI", "name": "Laura Ashley MX2015 Monique 3-Light Mini Chandelier, Coffee Black", "imUrl": "http://ecx.images-amazon.com/images/I/51XcXm88x5L._SY300_.jpg", "price": 139.9, "numReviews": 1, "groups": [114], "averageRating": 5.0}, {"asin": "B004WK0GVC", "name": "Good Earth Lighting G4859-DBZ-I Taos 5 Light Chandelier, Dark Bronze-Frosted White Glass", "imUrl": "http://ecx.images-amazon.com/images/I/41YYsRVYuzL._SY300_.jpg", "price": 144.99, "numReviews": 4, "groups": [115], "averageRating": 4.5, "brand": "Good Earth Lighting"}, {"asin": "B00GOLIUMO", "name": "Vivreal\u00ae Black Ceiling Pendant 2 Lights Lamps Lighting Chandelier Semi Flush Mount Modern", "imUrl": "http://ecx.images-amazon.com/images/I/51XBrPuusSL._SX342_.jpg", "price": 78.99, "numReviews": 1, "groups": [116], "averageRating": 5.0}, {"asin": "B00601W0C4", "name": "LightInTheBox K9 Crystal Chandelier with 6 Lights in Globe Shape", "imUrl": "http://ecx.images-amazon.com/images/I/51kvPkNIcOL._SX342_.jpg", "price": 60.0, "numReviews": 43, "groups": [117], "averageRating": 3.9069767441860463, "brand": "LightInTheBox"}, {"asin": "B005LHUM14", "name": "French Empire Crystal Semi Flush Chandelier Chandeliers Lighting H16\" X W24\"", "imUrl": "http://ecx.images-amazon.com/images/I/31yeFpYA0JL._SX342_.jpg", "price": 282.15, "numReviews": 3, "groups": [118], "averageRating": 5.0}, {"asin": "B000KKHSEG", "name": "BOSTON HARBOR 1571-3C 3 Light Chandelier, Brushed Nickel", "imUrl": "http://ecx.images-amazon.com/images/I/41gyV-UqMNL._SY300_.jpg", "price": 64.98, "numReviews": 1, "groups": [119], "averageRating": 5.0}, {"asin": "B000PGYN52", "name": "Trans Globe Lighting 12009 AW 5-Light Chandelier Light, Antique White", "imUrl": "http://ecx.images-amazon.com/images/I/41VcPkpy9pL._SY445_.jpg", "price": 124.0, "numReviews": 1, "groups": [120], "averageRating": 4.0}, {"asin": "B0012EDUH8", "name": "Leila Black Clear Swag Plug-in Chandelier", "imUrl": "http://ecx.images-amazon.com/images/I/41rq9Zhq5XL._SY300_.jpg", "price": 149.99, "numReviews": 5, "groups": [121], "averageRating": 4.2}, {"asin": "B005IUBH7C", "name": "LightInTheBox Semi Circular Wall light in Crystal Feature", "imUrl": "http://ecx.images-amazon.com/images/I/51mr4sZd92L._SX342_.jpg", "price": 69.98, "numReviews": 15, "groups": [122], "averageRating": 3.7333333333333334}, {"asin": "B007RT7JQK", "name": "Silly Gifts SY100773PI-110VP Gypsy Pink 6 Arm Chandelier with Plug", "imUrl": "http://ecx.images-amazon.com/images/I/41VcqnLeNTL._SX300_.jpg", "price": 199.0, "numReviews": 5, "groups": [123], "averageRating": 4.0, "brand": "Silly Gifts"}, {"asin": "B00CBELKB6", "name": "WHITE DRUM SHADE CRYSTAL CEILING CHANDELIER PENDANT LIGHT FIXTURE LIGHTING LAMP . SWAG PLUG IN-CHANDELIER W/ 14' FEET OF HANGING CHAIN AND WIRE!", "imUrl": "http://ecx.images-amazon.com/images/I/314HtUO4Q%2BL.jpg", "price": 119.7, "numReviews": 1, "groups": [124], "averageRating": 4.0}, {"asin": "B0000DI3S1", "name": "Kathy Ireland Chateau de Conde Five Light Chandelier", "imUrl": "http://ecx.images-amazon.com/images/I/4190HqLBioL._SX342_.jpg", "price": 299.99, "numReviews": 4, "groups": [125], "averageRating": 3.5}, {"asin": "B000R3BOJ6", "name": "Royce Lighting RLCH204/6-43 Outdoor 6-Light Chandelier with Beige Weather-Resistant Shades, Dark Wood", "imUrl": "http://ecx.images-amazon.com/images/I/41SaGIx2A2L._SY300_.jpg", "price": 30.0, "numReviews": 5, "groups": [126], "averageRating": 4.6}, {"asin": "B00027EWS2", "name": "Vicosa Collection Terra Cotta Bronze Finish Chandelier", "imUrl": "http://ecx.images-amazon.com/images/I/512ev8OAthL._SX342_.jpg", "price": 264.99, "numReviews": 6, "groups": [127], "averageRating": 4.833333333333333}, {"asin": "B001U4REZO", "name": "Royce Lighting RC700UP/5-23 Prescott 5-Light Chandelier with White Alabaster Glass, Oil Rubbed Bronze", "imUrl": "http://ecx.images-amazon.com/images/I/41h3VJjMKgL._SY300_.jpg", "price": 115.49, "numReviews": 1, "groups": [128], "averageRating": 4.0}, {"asin": "B005CX5XTI", "name": "All Jet Black Chandelier Lighting Crystal , 17wx13h , 4lts", "imUrl": "http://ecx.images-amazon.com/images/I/41sY00be2-L._SX342_.jpg", "price": 149.6, "numReviews": 16, "groups": [129], "averageRating": 4.0625}, {"asin": "B008L3X84S", "name": "Designers Fountain 96985-ORB Montego 5-Light Chandelier, Oil Rubbed Bronze", "imUrl": "http://ecx.images-amazon.com/images/I/4170M9n35AL._SX342_.jpg", "price": 131.19, "numReviews": 2, "groups": [130], "averageRating": 3.5, "brand": "Designers Fountain"}, {"asin": "B0018P1U9G", "name": "Hardware House 543645 Madrid 25-by-20-Inch 5-Light Chandelier, Antique Bronze", "imUrl": "http://ecx.images-amazon.com/images/I/418jUD1CvnL._SX342_.jpg", "price": 79.95, "numReviews": 33, "groups": [131], "averageRating": 4.363636363636363, "brand": "Hardware House"}, {"asin": "B0058GVP14", "name": "NEW ! MODERN CHANDELIER \"RAIN DROP\" CHANDELIERS H 100\" W 41\" (OVER 8FT TALL!)", "imUrl": "http://ecx.images-amazon.com/images/I/41FuV3-yELL._SX342_.jpg", "price": 947.15, "numReviews": 7, "groups": [132], "averageRating": 4.714285714285714}, {"asin": "B00B0DHZEK", "name": "Modern 4 Light Round Crystal Chandelier Pendant Ceiling Fixture, Chrome Finish", "imUrl": "http://ecx.images-amazon.com/images/I/516lJIg0RxL._SX342_.jpg", "price": 207.5, "numReviews": 3, "groups": [133], "averageRating": 5.0}, {"asin": "B008981RNE", "name": "Lighting EVER\u00ae Lampux Crystal Chandelier, Chrome Finish, Clear Crystal, Width 26in, Height 26in", "imUrl": "http://ecx.images-amazon.com/images/I/51z64oxOMtL._SX342_.jpg", "price": 151.7, "numReviews": 6, "groups": [134], "averageRating": 4.333333333333333, "brand": "Lighting EVER"}, {"asin": "B00CARUANI", "name": "Wrought Iron Crystal Chandelier Chandeliers Lighting H27\" x W21\" SWAG PLUG IN-CHANDELIER W/ 14' FEET OF HANGING CHAIN AND WIRE!", "imUrl": "http://ecx.images-amazon.com/images/I/41PS%2BlXcZHL.jpg", "price": 133.0, "numReviews": 2, "groups": [135], "averageRating": 4.5}, {"asin": "B004RNURDQ", "name": "Kichler Lighting 1927NI Bristol 9-Light Chandelier, Brushed Nickel with Satin-Etched Cased Opal Glass", "imUrl": "http://ecx.images-amazon.com/images/I/41oggC6Aw-L._SY300_.jpg", "price": 218.0, "numReviews": 3, "groups": [136], "averageRating": 5.0}, {"asin": "B004WFYLXQ", "name": "Elegant Lighting Rococo Chandelier, Crystal Clear", "imUrl": "http://ecx.images-amazon.com/images/I/51P7-ciUu7L._SY300_.jpg", "price": 125.42, "numReviews": 6, "groups": [137], "averageRating": 4.833333333333333}, {"asin": "B005VDR5N6", "name": "Thomas Lighting 190041217 Pittman Chandelier, Brushed Nickel", "imUrl": "http://ecx.images-amazon.com/images/I/41jGJS9RICL._SY300_.jpg", "price": 177.2, "numReviews": 1, "groups": [138], "averageRating": 4.0, "brand": "Thomas Lighting"}, {"asin": "B00647BDYU", "name": "LightInTheBox Crystal Chandelier with 18 lights (Chrome Finish)", "imUrl": "http://ecx.images-amazon.com/images/I/51xyL8tPqCL._SX342_.jpg", "price": 109.99, "numReviews": 5, "groups": [139], "averageRating": 4.0}, {"asin": "B001D70VFS", "name": "Minka Lavery 3134 5 Light 25.5\" Height 1 Tier Candle Style Crystal Chandelier", "imUrl": "http://ecx.images-amazon.com/images/I/51xb2s0CqoL._SY445_.jpg", "price": 284.0, "numReviews": 2, "groups": [140], "averageRating": 4.0, "brand": "Minka Lavery"}, {"asin": "B00335SEIO", "name": "Encircled Crystal Globe 12\" Wide Halogen Multi Light Pendant", "imUrl": "http://ecx.images-amazon.com/images/I/316G7A4-zlL._SY445_.jpg", "price": 299.99, "numReviews": 2, "groups": [141], "averageRating": 5.0}, {"asin": "B00842ZCPO", "name": "Crystal Chandelier Chandeliers With Large White Shade! H15\" x W15\"", "imUrl": "http://ecx.images-amazon.com/images/I/51oE%2B%2BbUVPL._SX342_.jpg", "price": 94.05, "numReviews": 31, "groups": [142], "averageRating": 4.548387096774194}, {"asin": "B00408C6XW", "name": "Crystal Pendant Lighting Chandelier Chandeliers H10.5\" x W6.5\"", "imUrl": "http://ecx.images-amazon.com/images/I/41mgdzThc3L.jpg", "price": 83.6, "numReviews": 1, "groups": [143], "averageRating": 2.0}, {"asin": "B0071K41PM", "name": "Progress Lighting P4440-09 Gather Collection 3-Light Chandelier, Brushed Nickel", "imUrl": "http://ecx.images-amazon.com/images/I/41WoEu-vIcL._SX342_.jpg", "price": 66.78, "numReviews": 7, "groups": [144], "averageRating": 4.571428571428571, "brand": "Progress Lighting"}, {"asin": "B000G6XIHA", "name": "Quoizel NA5103BN New England 3 Light Chandelier, Brushed Nickel and Acid Etched Glass Shade", "imUrl": "http://ecx.images-amazon.com/images/I/41qasaa4LYL._SX342_.jpg", "price": 379.98, "numReviews": 3, "groups": [145], "averageRating": 3.6666666666666665, "brand": "Quoizel"}, {"asin": "B000UAIH1E", "name": "Kenroy Home 91408BBZ Wynwood 12 Light Chandelier, Burnished Bronze Finish", "imUrl": "http://ecx.images-amazon.com/images/I/41dEHs9TzbL._SY300_.jpg", "price": 416.34, "numReviews": 1, "groups": [146], "averageRating": 4.0}, {"asin": "B0017PLSGW", "name": "Lite Source LS-19528PINK Sofie 3-Light Chandelier with Crystals and Mini Lamp Shades, Pink", "imUrl": "http://ecx.images-amazon.com/images/I/41toUhU0z2L._SY445_.jpg", "price": 240.0, "numReviews": 4, "groups": [147], "averageRating": 2.5, "brand": "Lite Source"}, {"asin": "B000RLIVWQ", "name": "Kenroy Home Belmont Outdoor Chandelier", "imUrl": "http://ecx.images-amazon.com/images/I/41iH2fE1qzL._SY445_.jpg", "price": 21.3, "numReviews": 5, "groups": [148], "averageRating": 4.4}, {"asin": "B00EK3F3UK", "name": "Elisa Chrome and Crystal Flushmount Chandelier", "imUrl": "http://ecx.images-amazon.com/images/I/51lGMjHpmPL._SX342_.jpg", "price": 120.99, "numReviews": 7, "groups": [149], "averageRating": 4.571428571428571}, {"asin": "B000KKHSF0", "name": "Boston Harbor A2242-5 3-Light Chandelier, Brush Nickel", "imUrl": "http://ecx.images-amazon.com/images/I/41O%2BC6grDcL._SY300_.jpg", "price": 64.97, "numReviews": 1, "groups": [150], "averageRating": 5.0}, {"asin": "B004J3MBLU", "name": "Modern Chandelier \"Rain Drop\" Chandeliers Lighting with Crystal Balls! W 36\" X H 90\"", "imUrl": "http://ecx.images-amazon.com/images/I/51LEa1lfn2L._SY300_.jpg", "price": 997.0, "numReviews": 1, "groups": [151], "averageRating": 5.0}, {"asin": "B005Q6DY6U", "name": "Modern Crystal chandelier with 9 Lights", "imUrl": "http://ecx.images-amazon.com/images/I/417GN%2BFRh7L.jpg", "price": 119.99, "numReviews": 4, "groups": [152], "averageRating": 4.25}, {"asin": "B009ATG1S2", "name": "Crystal Chandelier Chandeliers With Large White Shade & Balls ! H15\" x W15\"", "imUrl": "http://ecx.images-amazon.com/images/I/51Uygq1fZ6L._SX342_.jpg", "price": 117.8, "numReviews": 6, "groups": [153], "averageRating": 4.5}, {"asin": "B004J4S9T2", "name": "French Empire Crystal Chandelier Chandeliers Lighting H30\" X W24\"", "imUrl": "http://ecx.images-amazon.com/images/I/41L%2Bre9QVAL._SY300_.jpg", "price": 282.15, "numReviews": 5, "groups": [110], "averageRating": 3.6}, {"asin": "B00601WBR8", "name": "LightInTheBox Modern Chandelier with 5 Lights in Pink Shade", "imUrl": "http://ecx.images-amazon.com/images/I/41mlHdZ7D9L._SX342_.jpg", "price": 118.75, "numReviews": 1, "groups": [154], "averageRating": 2.0}, {"asin": "B00DW7EA3Q", "name": "Bellora Crystal White Wrought Iron Chandelier Chandeliers Lighting with Faceted Crystal Balls H 22\" W 20\"", "imUrl": "http://ecx.images-amazon.com/images/I/51OT%2Btg6e0L._SX342_.jpg", "price": 141.55, "numReviews": 2, "groups": [155], "averageRating": 5.0}, {"asin": "B005QWIT7I", "name": "LightInTheBox Chrome Finish Crystal Chandelier with 3 lights", "imUrl": "http://ecx.images-amazon.com/images/I/51Wu741RwxL._SY300_.jpg", "price": 109.99, "numReviews": 50, "groups": [156], "averageRating": 4.06}, {"asin": "B000P6BU76", "name": "Minka Lavery ML 1425 5 Light 23.5\" Height 1 Tier Chandelier from the Paradox Col", "imUrl": "http://ecx.images-amazon.com/images/I/41JR%2B8eW4ML._SX342_.jpg", "price": 229.9, "numReviews": 1, "groups": [157], "averageRating": 5.0, "brand": "Minka Lavery"}, {"asin": "B0038VD6Y0", "name": "Vaxcel USA CH35405AC Monrovia 5 Light Transitional Chandelier Lighting Fixture in Brass, Glass", "imUrl": "http://ecx.images-amazon.com/images/I/41S9n7UUpYL._SX342_.jpg", "price": 244.0, "numReviews": 3, "groups": [158], "averageRating": 3.3333333333333335, "brand": "Vaxcel"}, {"asin": "B008CCLJJE", "name": "LightInTheBox Elegant Crystal Chandelier with 4 Lights", "imUrl": "http://ecx.images-amazon.com/images/I/51QY2GfW7wL._SX342_.jpg", "price": 149.99, "numReviews": 38, "groups": [159], "averageRating": 3.710526315789474, "brand": "LightInTheBox"}, {"asin": "B00BQHBS0W", "name": "Hardware House Essex Series 5 Light Oil Rubbed Bronze 21 Inch by 18 Inch Chandelier Ceiling Lighting Fixture : 16-3590", "imUrl": "http://ecx.images-amazon.com/images/I/41Jv3e0-QUL._SY300_.jpg", "price": 57.79, "numReviews": 2, "groups": [160], "averageRating": 4.0, "brand": "Hardware House"}, {"asin": "B001G8UY5G", "name": "Maxim Lighting 10122WSOI Basix 3-Light Chandelier Down Light, Oil Rubbed Bronze with Wilshire Glass", "imUrl": "http://ecx.images-amazon.com/images/I/4170gMlLq7L._SX342_.jpg", "price": 105.99, "numReviews": 3, "groups": [161], "averageRating": 4.666666666666667, "brand": "Maxim Lighting"}, {"asin": "B002WTC6X6", "name": "Yosemite Home Decor 94636-6VB Sentinel Chandelier with Amber Scavo Shades, 6-Light, Venetian Bronze", "imUrl": "http://ecx.images-amazon.com/images/I/41KlP72Ye4L._SX300_.jpg", "price": 347.7, "numReviews": 1, "groups": [162], "averageRating": 1.0, "brand": "Yosemite Home Decor"}, {"asin": "B00CHOIA22", "name": "Ceiling Fixture with Black Linen Shade and Decorative Hanging Crystals", "imUrl": "http://ecx.images-amazon.com/images/I/41ivGRqYWAL._SX342_.jpg", "price": 149.98, "numReviews": 8, "groups": [163], "averageRating": 3.875}, {"asin": "B00BS9C0RI", "name": "New! AUTHENTIC ALL CRYSTAL CHANDELIERS H25\" X W24\" SWAG PLUG IN-CHANDELIER W/ 14' FEET OF HANGING CHAIN AND WIRE!", "imUrl": "http://ecx.images-amazon.com/images/I/41sb7UgLJSL.jpg", "price": 119.7, "numReviews": 7, "groups": [17], "averageRating": 5.0}, {"asin": "B000WQWW1C", "name": "Design House 504167 Bristol 5-Light Chandelier, 19.5-Inch by 22.5-Inch, Oil Rubbed Bronze", "imUrl": "http://ecx.images-amazon.com/images/I/41nzOX0QcAL._SX342_.jpg", "price": 165.19, "numReviews": 1, "groups": [164], "averageRating": 5.0, "brand": "Design House"}, {"asin": "B003V57DV0", "name": "MURANO VENETIAN STYLE ALL CRYSTAL CHNDELIER H25\" x W24\"", "imUrl": "http://ecx.images-amazon.com/images/I/413hmBtHaRL._SX342_.jpg", "price": 110.2, "numReviews": 1, "groups": [165], "averageRating": 5.0}, {"asin": "B00408DRD0", "name": "New! Murano Venetian Style All Crystal Chandelier H25\" x W24\"", "imUrl": "http://ecx.images-amazon.com/images/I/51ZXnbY3%2BFL._SX342_.jpg", "price": 166.25, "numReviews": 2, "groups": [166], "averageRating": 5.0}, {"asin": "B0069LLYOU", "name": "French Empire Crystal Chandelier Lighting H 30\" X W 17\"", "imUrl": "http://ecx.images-amazon.com/images/I/41-K2a3konL._SY445_.jpg", "price": 189.05, "numReviews": 1, "groups": [167], "averageRating": 5.0}, {"asin": "B007JK9OHE", "name": "ALL CRYSTAL CHANDELIER CHANDELIERS WITH BLACK SHADES!", "imUrl": "http://ecx.images-amazon.com/images/I/41Rj0vVQM3L._SX342_.jpg", "price": 102.6, "numReviews": 1, "groups": [168], "averageRating": 5.0}, {"asin": "B007VAGT9I", "name": "CHANDELIER CRYSTAL LIGHTING CHANDELIERS H38\" W37\"", "imUrl": "http://ecx.images-amazon.com/images/I/51oUzXt%2BjKL._SX342_.jpg", "price": 472.15, "numReviews": 5, "groups": [104], "averageRating": 4.2}, {"asin": "B00408FHWO", "name": "Modern Chandelier \"Rain Drop\" Chandeliers Lighting with Crystal Balls! H32\" X W18\"", "imUrl": "http://ecx.images-amazon.com/images/I/41I0H-PI2iL.jpg", "price": 218.5, "numReviews": 32, "groups": [169], "averageRating": 4.53125}, {"asin": "B004J5FOQ2", "name": "Modern Chandelier \"Rain Drop\" Chandeliers Lighting with Crystal Balls! H43\" W18\"", "imUrl": "http://ecx.images-amazon.com/images/I/515CaXJuh0L._SX342_.jpg", "price": 279.3, "numReviews": 2, "groups": [170], "averageRating": 5.0}, {"asin": "B007G7JQ4Q", "name": "Chandelier w/ Crystal Modern \"Rain Drop\" Chandeliers Billiard Pool Table Light Lighting With Crystal Balls", "imUrl": "http://ecx.images-amazon.com/images/I/51h%2BErO-QNL._SX342_.jpg", "price": 356.25, "numReviews": 2, "groups": [171], "averageRating": 4.5}, {"asin": "B004HWWSM0", "name": "Elk 8058/3 3-Light Chandelier In Deep Rust and Crystal Droplets", "imUrl": "http://ecx.images-amazon.com/images/I/513AsTBK38L._SX342_.jpg", "price": 178.0, "numReviews": 2, "groups": [172], "averageRating": 5.0, "brand": "Elk"}, {"asin": "B002VB3Y1S", "name": "Nuvo 60/139 2 Tier 9 Light Chandelier with Ecru Shades", "imUrl": "http://ecx.images-amazon.com/images/I/41aa%2BlCvECL._SX342_.jpg", "price": 229.99, "numReviews": 3, "groups": [173], "averageRating": 4.666666666666667, "brand": "Nuvo"}, {"asin": "B000E0SL3O", "name": "Maxim Lighting 11244SAOI 5 Light Symphony Chandelier, Oil Rubbed", "imUrl": "http://ecx.images-amazon.com/images/I/41ksM4Mig9L._SX342_.jpg", "price": 338.0, "numReviews": 4, "groups": [174], "averageRating": 4.25, "brand": "Maxim Lighting"}, {"asin": "B009OAXJ00", "name": "Roxanne Crystal Chandelier", "imUrl": "http://ecx.images-amazon.com/images/I/41cw%2BlcVFNL._SY300_.jpg", "price": 67.96, "numReviews": 16, "groups": [142], "averageRating": 3.4375}, {"asin": "B004DV6GDW", "name": "Triarch International 33244 Value Series 240 Collection 9-Light Chandelier, English Bronze with Antiqued Cognac Painted Glass", "imUrl": "http://ecx.images-amazon.com/images/I/410fCDukrEL._SY300_.jpg", "price": 296.91, "numReviews": 2, "groups": [175], "averageRating": 2.0, "brand": "Triarch International"}, {"asin": "B002VB75NG", "name": "Nuvo 60/1033 3 Tier 12 Light Chandelier with Champagne Glass", "imUrl": "http://ecx.images-amazon.com/images/I/51KFWX0bqBL._SY300_.jpg", "price": 136.66, "numReviews": 5, "groups": [176], "averageRating": 3.8}, {"asin": "B0000SWL4K", "name": "Kathy Ireland Ramas de Luces Bronze 30\" Wide Chandelier", "imUrl": "http://ecx.images-amazon.com/images/I/51Grwpx0OtL._SX342_.jpg", "price": 299.95, "numReviews": 2, "groups": [177], "averageRating": 4.5}, {"asin": "B004H9AOJM", "name": "CHANDELIER WROUGHT IRON CRYSTAL CHANDELIERS H14\" W11\"", "imUrl": "http://ecx.images-amazon.com/images/I/51e01nAozBL._SX342_.jpg", "price": 94.05, "numReviews": 9, "groups": [178], "averageRating": 4.888888888888889}, {"asin": "B003YLH3IY", "name": "Hardware House 10-0717 Bennington Chandelier, Antique Bronze", "imUrl": "http://ecx.images-amazon.com/images/I/41vmYDU8LmL._SY300_.jpg", "price": 123.94, "numReviews": 16, "groups": [3], "averageRating": 5.0, "brand": "Hardware House"}, {"asin": "B001G8FH3A", "name": "AF Lighting 4950-1H Crystal Teardrop One Light Mini Chandelier in Chrome", "imUrl": "http://ecx.images-amazon.com/images/I/418CMKMI-ML._SX342_.jpg", "price": 109.95, "numReviews": 21, "groups": [179], "averageRating": 4.190476190476191, "brand": "AF Lighting"}, {"asin": "B0058T7ED4", "name": "LightInTheBox 8 Light Contemporary Chandelier with Crystal Drops and Farbic Shade, Chrome", "imUrl": "http://ecx.images-amazon.com/images/I/41wT2xO0eEL._SX342_.jpg", "price": 213.75, "numReviews": 5, "groups": [180], "averageRating": 2.6}, {"asin": "B007V42GCI", "name": "Sea Gull lighting 31236-962 Five Light Chandelier", "imUrl": "http://ecx.images-amazon.com/images/I/41mLSet2eyL._SY300_.jpg", "price": 87.75, "numReviews": 1, "groups": [181], "averageRating": 4.0}, {"asin": "B00FRICEUO", "name": "FOUCAULT'S Wrought Iron Orb Crystal Chandelier Lighting Ht25 X Wd24 6 Lights Fixture Pendant Ceiling Lamp White", "imUrl": "http://ecx.images-amazon.com/images/I/51Zw%2BwP4M2L._SX342_.jpg", "price": 199.0, "numReviews": 2, "groups": [182], "averageRating": 5.0}, {"asin": "B00E9OD9LK", "name": "Melinda 3-light Antique Bronze/ Crystal Flush-mount Chandelier", "imUrl": "http://ecx.images-amazon.com/images/I/51Tr2EA97dL._SX342_.jpg", "price": 155.12, "numReviews": 1, "groups": [183], "averageRating": 4.0}, {"asin": "B004DNX2ZU", "name": "Laura Ashley PXC244 Daliya Capiz Pendant, Cream", "imUrl": "http://ecx.images-amazon.com/images/I/41ti9kdzvHL._SY300_.jpg", "price": 205.2, "numReviews": 3, "groups": [184], "averageRating": 4.333333333333333, "brand": "Laura Ashley"}, {"asin": "B0015MZHJQ", "name": "Nuvo Lighting Ballerina 5-Light Chandelier with Alabaster Glass Bell Shades, Brushed Nickel", "imUrl": "http://ecx.images-amazon.com/images/I/41HuXH1MWdL._SX342_.jpg", "price": 86.55, "numReviews": 6, "groups": [185], "averageRating": 4.833333333333333, "brand": "Nuvo Lighting"}, {"asin": "B00GIPKISU", "name": "Flush White Shade Drum Crystal Chandelier", "imUrl": "http://ecx.images-amazon.com/images/I/51F1UizmT2L._SX342_.jpg", "price": 143.99, "numReviews": 1, "groups": [186], "averageRating": 5.0}, {"asin": "B002YEY2OU", "name": "World Imports WI2620 21 Light Up Lighting Chandelier from the Olympus Tradition", "imUrl": "http://ecx.images-amazon.com/images/I/51u%2BoCMYdhL._SX342_.jpg", "price": 718.2, "numReviews": 1, "groups": [187], "averageRating": 5.0, "brand": "World Imports"}, {"asin": "B005EZC3SI", "name": "Dainolite Lighting LYN-18-6-PC 6 Light Lynda Mini Large Pendant", "imUrl": "http://ecx.images-amazon.com/images/I/51DHCcj1srL._SY300_.jpg", "price": 309.95, "numReviews": 2, "groups": [188], "averageRating": 3.5, "brand": "Dainolite Lighting"}, {"asin": "B00408DREY", "name": "Venetian Style Chandelier With Swarovski Crystal & Shades! H25\" x W24\"", "imUrl": "http://ecx.images-amazon.com/images/I/41ly55G3GpL.jpg", "price": 189.0, "numReviews": 2, "groups": [189], "averageRating": 5.0}, {"asin": "B002CZ7KKO", "name": "Progress Lighting P4001-09 4-Light North Park Chandelier, Brushed Nickel", "imUrl": "http://ecx.images-amazon.com/images/I/41cbG4IiboL._SX342_.jpg", "price": 263.79, "numReviews": 1, "groups": [190], "averageRating": 5.0, "brand": "Progress Lighting"}, {"asin": "B00ED9CA34", "name": "Vivreal\u00ae Modern Contemporary Vintage Retro Crystal Pendant Ceiling Lighting Light Chandelier Bedroom", "imUrl": "http://ecx.images-amazon.com/images/I/51sxr4gtGeL._SX342_.jpg", "price": 53.48, "numReviews": 2, "groups": [191], "averageRating": 4.5}, {"asin": "B001G8Z4KQ", "name": "Maxim Lighting 10125WSOI Basix 5-Light Chandelier Up Light, Oil Rubbed Bronze with Wilshire Glass", "imUrl": "http://ecx.images-amazon.com/images/I/51sjDB%2BtToL._SX342_.jpg", "price": 163.79, "numReviews": 4, "groups": [192], "averageRating": 2.5, "brand": "Maxim Lighting"}, {"asin": "B004J3N7GS", "name": "ALL CRYSTAL CHANDELIER CHANDELIERS WITH PINK SHADES H17\" X W17\"", "imUrl": "http://ecx.images-amazon.com/images/I/41BlOGsKtcL._SY300_.jpg", "price": 102.6, "numReviews": 28, "groups": [24], "averageRating": 4.285714285714286}, {"asin": "B003HFDU6G", "name": "AF Lighting 5693-6H Supernova Mini Chandelier", "imUrl": "http://ecx.images-amazon.com/images/I/51zOHmBoEUL._SX342_.jpg", "price": 218.0, "numReviews": 3, "groups": [34], "averageRating": 4.333333333333333, "brand": "AF Lighting"}, {"asin": "B005ALBN82", "name": "ET2 Lighting E23000-20PC Blossom Semi Flush Ceiling Light", "imUrl": "http://ecx.images-amazon.com/images/I/51T8KTUnCJL._SX342_.jpg", "price": 54.0, "numReviews": 4, "groups": [193], "averageRating": 3.75, "brand": "ET2 Lighting"}, {"asin": "B002MHA8OC", "name": "World Imports 1973-90 Belle Marie Collection 3-Light Flushmount Chandelier, Antique Gold", "imUrl": "http://ecx.images-amazon.com/images/I/51JUuZqdEDL._SX342_.jpg", "price": 242.67, "numReviews": 3, "groups": [194], "averageRating": 2.6666666666666665, "brand": "World Imports"}, {"asin": "B0015N50JM", "name": "Nuvo 60/380 5 Light Chandelier with Alabaster Glass", "imUrl": "http://ecx.images-amazon.com/images/I/41f9TM6RPUL._SX342_.jpg", "price": 165.99, "numReviews": 3, "groups": [195], "averageRating": 3.6666666666666665, "brand": "Nuvo"}, {"asin": "B005JYMHG2", "name": "Modern 7-Light Crystal Glass Flush Mounted Rain Chandelier", "imUrl": "http://ecx.images-amazon.com/images/I/61fYI09PxJL._SX342_.jpg", "price": 53.48, "numReviews": 2, "groups": [196], "averageRating": 5.0}, {"asin": "B006QEJG9A", "name": "Kichler Lighting 43074NI Armida 5-Light Chandelier with Satin Etched White Glass, Brushed Nickel Finish", "imUrl": "http://ecx.images-amazon.com/images/I/41W9FCAzVeL._SX342_.jpg", "price": 203.94, "numReviews": 3, "groups": [95], "averageRating": 4.666666666666667, "brand": "Kichler Lighting"}, {"asin": "B002NTUFV0", "name": "Kathy Ireland Devon 5-Light Antique White Crystal Chandelier", "imUrl": "http://ecx.images-amazon.com/images/I/41a3MPGDjPL._SY300_.jpg", "price": 349.99, "numReviews": 2, "groups": [197], "averageRating": 3.0}, {"asin": "B00BSAYV88", "name": "New! Wrought Iron Crystal Chandelier With Shades! H21\" x W22\" SWAG PLUG IN-CHANDELIER W/ 14' FEET OF HANGING CHAIN AND WIRE!", "imUrl": "http://ecx.images-amazon.com/images/I/41UaietqNzL.jpg", "price": 167.2, "numReviews": 1, "groups": [198], "averageRating": 5.0}, {"asin": "B00408DRXK", "name": "Chandelier U Drops Chandeliers Waterfall H36\" X W36\"", "imUrl": "http://ecx.images-amazon.com/images/I/51ASNZYE8ML._SX342_.jpg", "price": 662.15, "numReviews": 1, "groups": [199], "averageRating": 5.0}, {"asin": "B00DE83R0K", "name": "LightMakers MAXEMA 6 Light Chandelier in White", "imUrl": "http://ecx.images-amazon.com/images/I/31D98Wii0yL._SY300_.jpg", "price": 122.67, "numReviews": 1, "groups": [200], "averageRating": 5.0}, {"asin": "B0015N377O", "name": "Nuvo Lighting Ballerina 3-Light Chandelier with Alabaster Glass Bell Shades, Brushed Nickel", "imUrl": "http://ecx.images-amazon.com/images/I/41zkD2I%2B0tL._SX342_.jpg", "price": 75.55, "numReviews": 1, "groups": [201], "averageRating": 5.0, "brand": "Nuvo Lighting"}, {"asin": "B005F7M74K", "name": "Sputnik Chrome 9-bulb Chandelier Atom Multi Light Fixture Cool Mid-century Retro-modern Lighting Stylish Contemporary Atomic Style Unique Trendy Beautiful Glamorous Standard Base Lightbulb Italian Euro European Design Starburst Glass Globe Ball Overhead Lamp Space Age Mod Minimalist Art Modernist Eames Era Adjustable Pendant", "imUrl": "http://ecx.images-amazon.com/images/I/4199DQpeTOL._SX342_.jpg", "price": 274.94, "numReviews": 5, "groups": [202], "averageRating": 4.6}, {"asin": "B007AFBB24", "name": "New! Authentic All Crystal Chandelier Lighting Chandeliers with Pink Shades!", "imUrl": "http://ecx.images-amazon.com/images/I/41f9psWFjQL._SX342_.jpg", "price": 118.75, "numReviews": 3, "groups": [203], "averageRating": 5.0}, {"asin": "B000E8D6YU", "name": "Chateau Vieux Collection Antique White Five Light Chandelier", "imUrl": "http://ecx.images-amazon.com/images/I/511VVqCZmpL._SX342_.jpg", "price": 299.99, "numReviews": 3, "groups": [204], "averageRating": 3.3333333333333335}, {"asin": "B005IUBHP4", "name": "LightInTheBox Luxuriant Flush Mount with Crystal Shade", "imUrl": "http://ecx.images-amazon.com/images/I/51%2BkxLGc1JL._SX342_.jpg", "price": 109.99, "numReviews": 1, "groups": [205], "averageRating": 5.0}, {"asin": "B0071K44DQ", "name": "Progress Lighting P4441-09 Gather Collection 5-Light Chandelier, Brushed Nickel", "imUrl": "http://ecx.images-amazon.com/images/I/41-AccY42DL._SX342_.jpg", "price": 93.51, "numReviews": 9, "groups": [31], "averageRating": 4.222222222222222, "brand": "Progress Lighting"}, {"asin": "B000OWF5RM", "name": "World Imports Lighting 753-62 Berkeley Square 9-Light Chandelier, Weathered Bronze", "imUrl": "http://ecx.images-amazon.com/images/I/419TMCCF8SL._SX342_.jpg", "price": 293.13, "numReviews": 8, "groups": [206], "averageRating": 4.375, "brand": "World Imports Lighting"}], "links": [{"source": 0, "target": 19, "right": true, "left": false, "value": 1}, {"source": 1, "target": 36, "right": true, "left": false, "value": 1}, {"source": 2, "target": 4, "right": false, "left": true, "value": 1}, {"source": 3, "target": 101, "right": false, "left": true, "value": 1}, {"source": 3, "target": 166, "right": false, "left": true, "value": 1}, {"source": 3, "target": 135, "right": true, "left": false, "value": 1}, {"source": 3, "target": 184, "right": false, "left": true, "value": 1}, {"source": 3, "target": 187, "right": true, "left": true, "value": 1}, {"source": 3, "target": 61, "right": false, "left": true, "value": 1}, {"source": 5, "target": 161, "right": true, "left": false, "value": 1}, {"source": 6, "target": 33, "right": false, "left": true, "value": 1}, {"source": 6, "target": 12, "right": false, "left": true, "value": 1}, {"source": 6, "target": 177, "right": false, "left": true, "value": 1}, {"source": 6, "target": 21, "right": true, "left": false, "value": 1}, {"source": 6, "target": 214, "right": false, "left": true, "value": 1}, {"source": 6, "target": 156, "right": false, "left": true, "value": 1}, {"source": 6, "target": 93, "right": false, "left": true, "value": 1}, {"source": 7, "target": 56, "right": true, "left": false, "value": 1}, {"source": 8, "target": 137, "right": true, "left": false, "value": 1}, {"source": 8, "target": 66, "right": true, "left": false, "value": 1}, {"source": 8, "target": 164, "right": true, "left": false, "value": 1}, {"source": 9, "target": 56, "right": true, "left": false, "value": 1}, {"source": 9, "target": 75, "right": false, "left": true, "value": 1}, {"source": 9, "target": 112, "right": true, "left": false, "value": 1}, {"source": 9, "target": 87, "right": false, "left": true, "value": 1}, {"source": 10, "target": 146, "right": true, "left": false, "value": 1}, {"source": 10, "target": 164, "right": true, "left": false, "value": 1}, {"source": 10, "target": 116, "right": true, "left": false, "value": 1}, {"source": 11, "target": 121, "right": true, "left": false, "value": 1}, {"source": 11, "target": 18, "right": false, "left": true, "value": 1}, {"source": 11, "target": 161, "right": true, "left": false, "value": 1}, {"source": 11, "target": 204, "right": false, "left": true, "value": 1}, {"source": 12, "target": 105, "right": true, "left": false, "value": 1}, {"source": 12, "target": 116, "right": true, "left": false, "value": 1}, {"source": 12, "target": 121, "right": true, "left": false, "value": 1}, {"source": 13, "target": 167, "right": true, "left": false, "value": 1}, {"source": 14, "target": 99, "right": true, "left": false, "value": 1}, {"source": 15, "target": 161, "right": true, "left": false, "value": 1}, {"source": 15, "target": 91, "right": true, "left": false, "value": 1}, {"source": 16, "target": 56, "right": true, "left": false, "value": 1}, {"source": 17, "target": 169, "right": true, "left": true, "value": 1}, {"source": 17, "target": 139, "right": false, "left": true, "value": 1}, {"source": 17, "target": 77, "right": false, "left": true, "value": 1}, {"source": 18, "target": 121, "right": true, "left": false, "value": 1}, {"source": 18, "target": 50, "right": true, "left": false, "value": 1}, {"source": 19, "target": 161, "right": true, "left": false, "value": 1}, {"source": 19, "target": 102, "right": false, "left": true, "value": 1}, {"source": 19, "target": 45, "right": false, "left": true, "value": 1}, {"source": 19, "target": 156, "right": false, "left": true, "value": 1}, {"source": 19, "target": 177, "right": false, "left": true, "value": 1}, {"source": 19, "target": 115, "right": false, "left": true, "value": 1}, {"source": 19, "target": 116, "right": true, "left": false, "value": 1}, {"source": 19, "target": 214, "right": false, "left": true, "value": 1}, {"source": 19, "target": 121, "right": true, "left": false, "value": 1}, {"source": 19, "target": 60, "right": false, "left": true, "value": 1}, {"source": 20, "target": 37, "right": false, "left": true, "value": 1}, {"source": 20, "target": 92, "right": true, "left": false, "value": 1}, {"source": 20, "target": 109, "right": true, "left": false, "value": 1}, {"source": 21, "target": 161, "right": true, "left": false, "value": 1}, {"source": 21, "target": 104, "right": false, "left": true, "value": 1}, {"source": 21, "target": 116, "right": true, "left": false, "value": 1}, {"source": 21, "target": 93, "right": false, "left": true, "value": 1}, {"source": 22, "target": 98, "right": true, "left": true, "value": 1}, {"source": 22, "target": 38, "right": false, "left": true, "value": 1}, {"source": 22, "target": 58, "right": false, "left": true, "value": 1}, {"source": 22, "target": 189, "right": false, "left": true, "value": 1}, {"source": 22, "target": 63, "right": true, "left": false, "value": 1}, {"source": 23, "target": 176, "right": true, "left": false, "value": 1}, {"source": 24, "target": 97, "right": false, "left": true, "value": 1}, {"source": 24, "target": 68, "right": false, "left": true, "value": 1}, {"source": 24, "target": 71, "right": false, "left": true, "value": 1}, {"source": 24, "target": 202, "right": true, "left": true, "value": 1}, {"source": 24, "target": 110, "right": false, "left": true, "value": 1}, {"source": 24, "target": 54, "right": false, "left": true, "value": 1}, {"source": 24, "target": 215, "right": false, "left": true, "value": 1}, {"source": 25, "target": 205, "right": false, "left": true, "value": 1}, {"source": 26, "target": 114, "right": true, "left": false, "value": 1}, {"source": 26, "target": 76, "right": true, "left": false, "value": 1}, {"source": 27, "target": 194, "right": true, "left": false, "value": 1}, {"source": 28, "target": 202, "right": true, "left": false, "value": 1}, {"source": 29, "target": 121, "right": true, "left": false, "value": 1}, {"source": 29, "target": 145, "right": false, "left": true, "value": 1}, {"source": 29, "target": 161, "right": true, "left": false, "value": 1}, {"source": 30, "target": 162, "right": false, "left": true, "value": 1}, {"source": 30, "target": 199, "right": false, "left": true, "value": 1}, {"source": 30, "target": 72, "right": false, "left": true, "value": 1}, {"source": 30, "target": 142, "right": false, "left": true, "value": 1}, {"source": 30, "target": 112, "right": true, "left": true, "value": 1}, {"source": 30, "target": 113, "right": false, "left": true, "value": 1}, {"source": 30, "target": 208, "right": false, "left": true, "value": 1}, {"source": 30, "target": 56, "right": true, "left": true, "value": 1}, {"source": 30, "target": 218, "right": true, "left": true, "value": 1}, {"source": 31, "target": 182, "right": true, "left": false, "value": 1}, {"source": 32, "target": 118, "right": false, "left": true, "value": 1}, {"source": 33, "target": 203, "right": true, "left": true, "value": 1}, {"source": 33, "target": 116, "right": true, "left": false, "value": 1}, {"source": 33, "target": 39, "right": false, "left": true, "value": 1}, {"source": 34, "target": 41, "right": true, "left": false, "value": 1}, {"source": 35, "target": 38, "right": false, "left": true, "value": 1}, {"source": 36, "target": 170, "right": false, "left": true, "value": 1}, {"source": 36, "target": 132, "right": false, "left": true, "value": 1}, {"source": 39, "target": 203, "right": true, "left": false, "value": 1}, {"source": 40, "target": 48, "right": true, "left": false, "value": 1}, {"source": 40, "target": 179, "right": true, "left": false, "value": 1}, {"source": 41, "target": 99, "right": true, "left": false, "value": 1}, {"source": 41, "target": 171, "right": false, "left": true, "value": 1}, {"source": 41, "target": 172, "right": false, "left": true, "value": 1}, {"source": 41, "target": 144, "right": false, "left": true, "value": 1}, {"source": 41, "target": 90, "right": false, "left": true, "value": 1}, {"source": 42, "target": 62, "right": true, "left": false, "value": 1}, {"source": 43, "target": 185, "right": true, "left": false, "value": 1}, {"source": 44, "target": 193, "right": false, "left": true, "value": 1}, {"source": 45, "target": 176, "right": true, "left": false, "value": 1}, {"source": 46, "target": 99, "right": true, "left": false, "value": 1}, {"source": 46, "target": 109, "right": true, "left": false, "value": 1}, {"source": 46, "target": 175, "right": true, "left": false, "value": 1}, {"source": 47, "target": 62, "right": true, "left": false, "value": 1}, {"source": 49, "target": 62, "right": true, "left": false, "value": 1}, {"source": 50, "target": 217, "right": false, "left": true, "value": 1}, {"source": 51, "target": 102, "right": true, "left": false, "value": 1}, {"source": 52, "target": 121, "right": true, "left": false, "value": 1}, {"source": 52, "target": 116, "right": true, "left": false, "value": 1}, {"source": 53, "target": 178, "right": true, "left": false, "value": 1}, {"source": 54, "target": 202, "right": true, "left": false, "value": 1}, {"source": 54, "target": 71, "right": false, "left": true, "value": 1}, {"source": 55, "target": 161, "right": true, "left": false, "value": 1}, {"source": 55, "target": 219, "right": true, "left": false, "value": 1}, {"source": 56, "target": 194, "right": false, "left": true, "value": 1}, {"source": 56, "target": 72, "right": false, "left": true, "value": 1}, {"source": 56, "target": 218, "right": false, "left": true, "value": 1}, {"source": 56, "target": 140, "right": false, "left": true, "value": 1}, {"source": 56, "target": 112, "right": true, "left": true, "value": 1}, {"source": 56, "target": 149, "right": false, "left": true, "value": 1}, {"source": 56, "target": 213, "right": false, "left": true, "value": 1}, {"source": 56, "target": 119, "right": false, "left": true, "value": 1}, {"source": 56, "target": 154, "right": false, "left": true, "value": 1}, {"source": 56, "target": 123, "right": false, "left": true, "value": 1}, {"source": 56, "target": 190, "right": false, "left": true, "value": 1}, {"source": 57, "target": 186, "right": true, "left": false, "value": 1}, {"source": 58, "target": 89, "right": true, "left": true, "value": 1}, {"source": 59, "target": 161, "right": true, "left": false, "value": 1}, {"source": 61, "target": 101, "right": true, "left": true, "value": 1}, {"source": 61, "target": 150, "right": false, "left": true, "value": 1}, {"source": 61, "target": 184, "right": false, "left": true, "value": 1}, {"source": 61, "target": 187, "right": true, "left": false, "value": 1}, {"source": 62, "target": 99, "right": true, "left": true, "value": 1}, {"source": 62, "target": 198, "right": false, "left": true, "value": 1}, {"source": 62, "target": 169, "right": false, "left": true, "value": 1}, {"source": 62, "target": 171, "right": false, "left": true, "value": 1}, {"source": 62, "target": 92, "right": false, "left": true, "value": 1}, {"source": 64, "target": 103, "right": true, "left": false, "value": 1}, {"source": 65, "target": 106, "right": true, "left": false, "value": 1}, {"source": 65, "target": 109, "right": true, "left": false, "value": 1}, {"source": 66, "target": 192, "right": false, "left": true, "value": 1}, {"source": 67, "target": 108, "right": true, "left": false, "value": 1}, {"source": 69, "target": 105, "right": true, "left": false, "value": 1}, {"source": 69, "target": 83, "right": true, "left": false, "value": 1}, {"source": 70, "target": 97, "right": false, "left": true, "value": 1}, {"source": 70, "target": 127, "right": false, "left": true, "value": 1}, {"source": 71, "target": 202, "right": true, "left": false, "value": 1}, {"source": 71, "target": 110, "right": false, "left": true, "value": 1}, {"source": 72, "target": 194, "right": true, "left": false, "value": 1}, {"source": 73, "target": 133, "right": true, "left": false, "value": 1}, {"source": 74, "target": 112, "right": true, "left": false, "value": 1}, {"source": 76, "target": 173, "right": false, "left": true, "value": 1}, {"source": 76, "target": 143, "right": false, "left": true, "value": 1}, {"source": 76, "target": 114, "right": true, "left": true, "value": 1}, {"source": 76, "target": 85, "right": false, "left": true, "value": 1}, {"source": 76, "target": 158, "right": false, "left": true, "value": 1}, {"source": 76, "target": 94, "right": false, "left": true, "value": 1}, {"source": 77, "target": 169, "right": true, "left": false, "value": 1}, {"source": 78, "target": 103, "right": true, "left": false, "value": 1}, {"source": 79, "target": 186, "right": true, "left": false, "value": 1}, {"source": 80, "target": 115, "right": true, "left": false, "value": 1}, {"source": 81, "target": 91, "right": true, "left": false, "value": 1}, {"source": 82, "target": 205, "right": false, "left": true, "value": 1}, {"source": 83, "target": 193, "right": false, "left": true, "value": 1}, {"source": 84, "target": 146, "right": true, "left": false, "value": 1}, {"source": 84, "target": 164, "right": true, "left": false, "value": 1}, {"source": 85, "target": 114, "right": true, "left": false, "value": 1}, {"source": 85, "target": 158, "right": true, "left": false, "value": 1}, {"source": 86, "target": 187, "right": true, "left": false, "value": 1}, {"source": 87, "target": 135, "right": true, "left": false, "value": 1}, {"source": 88, "target": 121, "right": true, "left": false, "value": 1}, {"source": 90, "target": 99, "right": true, "left": false, "value": 1}, {"source": 91, "target": 160, "right": false, "left": true, "value": 1}, {"source": 91, "target": 186, "right": false, "left": true, "value": 1}, {"source": 92, "target": 99, "right": true, "left": false, "value": 1}, {"source": 92, "target": 198, "right": false, "left": true, "value": 1}, {"source": 92, "target": 109, "right": true, "left": false, "value": 1}, {"source": 92, "target": 174, "right": false, "left": true, "value": 1}, {"source": 93, "target": 121, "right": true, "left": false, "value": 1}, {"source": 93, "target": 116, "right": true, "left": false, "value": 1}, {"source": 94, "target": 161, "right": true, "left": false, "value": 1}, {"source": 94, "target": 122, "right": true, "left": false, "value": 1}, {"source": 95, "target": 188, "right": true, "left": false, "value": 1}, {"source": 96, "target": 208, "right": true, "left": true, "value": 1}, {"source": 99, "target": 106, "right": false, "left": true, "value": 1}, {"source": 99, "target": 138, "right": false, "left": true, "value": 1}, {"source": 99, "target": 171, "right": false, "left": true, "value": 1}, {"source": 99, "target": 109, "right": true, "left": true, "value": 1}, {"source": 99, "target": 124, "right": false, "left": true, "value": 1}, {"source": 99, "target": 141, "right": false, "left": true, "value": 1}, {"source": 99, "target": 172, "right": false, "left": true, "value": 1}, {"source": 99, "target": 219, "right": false, "left": true, "value": 1}, {"source": 99, "target": 191, "right": false, "left": true, "value": 1}, {"source": 100, "target": 176, "right": true, "left": false, "value": 1}, {"source": 100, "target": 155, "right": false, "left": true, "value": 1}, {"source": 100, "target": 136, "right": false, "left": true, "value": 1}, {"source": 104, "target": 116, "right": true, "left": false, "value": 1}, {"source": 105, "target": 193, "right": false, "left": true, "value": 1}, {"source": 106, "target": 109, "right": true, "left": true, "value": 1}, {"source": 106, "target": 175, "right": true, "left": true, "value": 1}, {"source": 107, "target": 109, "right": true, "left": false, "value": 1}, {"source": 108, "target": 125, "right": false, "left": true, "value": 1}, {"source": 109, "target": 138, "right": false, "left": true, "value": 1}, {"source": 109, "target": 172, "right": false, "left": true, "value": 1}, {"source": 109, "target": 111, "right": false, "left": true, "value": 1}, {"source": 109, "target": 211, "right": false, "left": true, "value": 1}, {"source": 109, "target": 189, "right": false, "left": true, "value": 1}, {"source": 109, "target": 158, "right": false, "left": true, "value": 1}, {"source": 110, "target": 202, "right": true, "left": false, "value": 1}, {"source": 112, "target": 213, "right": false, "left": true, "value": 1}, {"source": 114, "target": 122, "right": false, "left": true, "value": 1}, {"source": 114, "target": 158, "right": true, "left": true, "value": 1}, {"source": 115, "target": 161, "right": true, "left": false, "value": 1}, {"source": 116, "target": 161, "right": true, "left": false, "value": 1}, {"source": 116, "target": 136, "right": false, "left": true, "value": 1}, {"source": 116, "target": 214, "right": false, "left": true, "value": 1}, {"source": 116, "target": 121, "right": false, "left": true, "value": 1}, {"source": 116, "target": 156, "right": false, "left": true, "value": 1}, {"source": 117, "target": 121, "right": true, "left": false, "value": 1}, {"source": 120, "target": 161, "right": true, "left": false, "value": 1}, {"source": 121, "target": 161, "right": false, "left": true, "value": 1}, {"source": 121, "target": 197, "right": false, "left": true, "value": 1}, {"source": 121, "target": 200, "right": false, "left": true, "value": 1}, {"source": 121, "target": 203, "right": false, "left": true, "value": 1}, {"source": 121, "target": 204, "right": false, "left": true, "value": 1}, {"source": 121, "target": 207, "right": false, "left": true, "value": 1}, {"source": 121, "target": 176, "right": false, "left": true, "value": 1}, {"source": 121, "target": 126, "right": false, "left": true, "value": 1}, {"source": 123, "target": 154, "right": false, "left": true, "value": 1}, {"source": 124, "target": 212, "right": false, "left": true, "value": 1}, {"source": 126, "target": 161, "right": true, "left": false, "value": 1}, {"source": 128, "target": 210, "right": false, "left": true, "value": 1}, {"source": 129, "target": 209, "right": true, "left": false, "value": 1}, {"source": 130, "target": 152, "right": true, "left": false, "value": 1}, {"source": 131, "target": 181, "right": true, "left": false, "value": 1}, {"source": 134, "target": 187, "right": true, "left": false, "value": 1}, {"source": 135, "target": 187, "right": true, "left": false, "value": 1}, {"source": 135, "target": 163, "right": false, "left": true, "value": 1}, {"source": 136, "target": 155, "right": false, "left": true, "value": 1}, {"source": 137, "target": 146, "right": true, "left": false, "value": 1}, {"source": 143, "target": 161, "right": true, "left": false, "value": 1}, {"source": 146, "target": 161, "right": true, "left": false, "value": 1}, {"source": 146, "target": 195, "right": false, "left": true, "value": 1}, {"source": 146, "target": 164, "right": false, "left": true, "value": 1}, {"source": 146, "target": 168, "right": false, "left": true, "value": 1}, {"source": 146, "target": 182, "right": true, "left": true, "value": 1}, {"source": 146, "target": 157, "right": false, "left": true, "value": 1}, {"source": 147, "target": 186, "right": true, "left": false, "value": 1}, {"source": 148, "target": 154, "right": false, "left": true, "value": 1}, {"source": 150, "target": 184, "right": true, "left": false, "value": 1}, {"source": 151, "target": 202, "right": true, "left": false, "value": 1}, {"source": 153, "target": 161, "right": true, "left": false, "value": 1}, {"source": 154, "target": 218, "right": true, "left": false, "value": 1}, {"source": 157, "target": 161, "right": true, "left": false, "value": 1}, {"source": 157, "target": 164, "right": true, "left": false, "value": 1}, {"source": 158, "target": 173, "right": false, "left": true, "value": 1}, {"source": 159, "target": 215, "right": true, "left": false, "value": 1}, {"source": 161, "target": 164, "right": false, "left": true, "value": 1}, {"source": 161, "target": 176, "right": false, "left": true, "value": 1}, {"source": 161, "target": 182, "right": false, "left": true, "value": 1}, {"source": 161, "target": 188, "right": false, "left": true, "value": 1}, {"source": 161, "target": 192, "right": false, "left": true, "value": 1}, {"source": 161, "target": 195, "right": false, "left": true, "value": 1}, {"source": 161, "target": 200, "right": false, "left": true, "value": 1}, {"source": 161, "target": 217, "right": false, "left": true, "value": 1}, {"source": 164, "target": 197, "right": false, "left": true, "value": 1}, {"source": 164, "target": 200, "right": false, "left": true, "value": 1}, {"source": 165, "target": 187, "right": true, "left": false, "value": 1}, {"source": 175, "target": 211, "right": false, "left": true, "value": 1}, {"source": 180, "target": 219, "right": true, "left": false, "value": 1}, {"source": 183, "target": 187, "right": true, "left": false, "value": 1}, {"source": 185, "target": 219, "right": true, "left": false, "value": 1}, {"source": 187, "target": 201, "right": false, "left": true, "value": 1}, {"source": 187, "target": 206, "right": false, "left": true, "value": 1}, {"source": 194, "target": 213, "right": false, "left": true, "value": 1}, {"source": 196, "target": 219, "right": true, "left": false, "value": 1}, {"source": 202, "target": 215, "right": false, "left": true, "value": 1}, {"source": 209, "target": 216, "right": true, "left": false, "value": 1}]}