{"nodes": [{"asin": "B00FA4L42E", "name": "8 Ft. X 10 Ft. Heavy Duty 6 Oz. BLACK Poly Tarp 11-12 Mil Thick", "imUrl": "http://ecx.images-amazon.com/images/I/51RaC6Oyh6L._SX300_.jpg", "price": 25.09, "numReviews": 5, "groups": [0], "averageRating": 5.0}, {"asin": "B001D0WHSE", "name": "Kotap 10-ft x 15-ft General Purpose Blue Poly Tarp, Item: TRA-1015", "imUrl": "http://ecx.images-amazon.com/images/I/51raMYCfOcL._SY300_.jpg", "price": 7.94, "numReviews": 1, "groups": [1], "averageRating": 5.0, "brand": "Kotap"}, {"asin": "B0096M0DIW", "name": "Kotap 40-ft x 40-ft Heavy-Duty 12 by 12 Cross Weave 8-mil White Poly Tarp, Item: TRW-4040", "imUrl": "http://ecx.images-amazon.com/images/I/51b5S1j1dwL._SY300_.jpg", "price": 141.87, "numReviews": 1, "groups": [2], "averageRating": 2.0}, {"asin": "B0009Q39LW", "name": "7 Ft. X 10 Ft. Heavy Duty 6 Oz. White Tarp 11-12 Mil Thick", "imUrl": "http://ecx.images-amazon.com/images/I/21I56Q%2Bp14L.jpg", "price": 16.99, "numReviews": 5, "groups": [3], "averageRating": 3.0}, {"asin": "B000NPXIPG", "name": "TEKTON 6345 15-Foot by 30-Foot Sliver Tarp", "imUrl": "http://ecx.images-amazon.com/images/I/51md58oVQxL._SY300_.jpg", "price": 18.47, "numReviews": 8, "groups": [4], "averageRating": 3.375, "brand": "TEKTON"}, {"asin": "B0002Z3N9S", "name": "10' x 12' Dry Top Blue Full Size 7-mil Poly Tarp item #010121", "imUrl": "http://ecx.images-amazon.com/images/I/410XFCKXH0L._SX300_.jpg", "price": 6.8, "numReviews": 12, "groups": [5], "averageRating": 4.75}, {"asin": "B000W79FQG", "name": "P-Line Blue Poly Tarps 30' x 60'", "imUrl": "http://ecx.images-amazon.com/images/I/51Fmhcr6JjL._SY300_.jpg", "price": 65.79, "numReviews": 1, "groups": [6], "averageRating": 4.0, "brand": "P-Line"}, {"asin": "B0071EHQ5A", "name": "12' x 20' Brown Canvas Tarpaulin", "imUrl": "http://ecx.images-amazon.com/images/I/41X-PZx-FfL._SX300_.jpg", "price": 93.6, "numReviews": 2, "groups": [7], "averageRating": 3.0}, {"asin": "B0096LZW1G", "name": "Kotap 20-ft x 25-ft Heavy-Duty 12 by 12 Cross Weave 8-mil Reversible Green/Silver Poly Tarp, Item: TGS-2025", "imUrl": "http://ecx.images-amazon.com/images/I/51ExWgEFlLL._SY300_.jpg", "price": 52.94, "numReviews": 1, "groups": [8, 9], "averageRating": 4.0}, {"asin": "B0096M06IO", "name": "Kotap 20-ft x 20-ft Heavy-Duty 14 by 14 Cross Weave UV Blocking 10-mil Silver Poly Tarp, Item: TRS-2020", "imUrl": "http://ecx.images-amazon.com/images/I/51kReaOif8L._SY300_.jpg", "price": 57.13, "numReviews": 1, "groups": [10], "averageRating": 3.0}, {"asin": "B003YGSNBA", "name": "Camo 10' X 30' Tarp", "imUrl": "http://ecx.images-amazon.com/images/I/31U41fRlEFL._SY300_.jpg", "price": 46.99, "numReviews": 1, "groups": [11], "averageRating": 4.0}, {"asin": "B004HHS5F4", "name": "New 12'x22' Extra Heavy Duty Waterproof Tarp Black & White UV Treated Hay Cover / Hauling Canopy", "imUrl": "http://ecx.images-amazon.com/images/I/410TXqjubeL._SX300_.jpg", "price": 107.77, "numReviews": 4, "groups": [12], "averageRating": 4.25}, {"asin": "B0096M02MY", "name": "Kotap 10-ft x 16-ft Heavy-Duty 14 by 14 Cross Weave UV Blocking 10-mil Silver Poly Tarp, Item: TRS-1016", "imUrl": "http://ecx.images-amazon.com/images/I/51kReaOif8L._SY300_.jpg", "price": 25.45, "numReviews": 3, "groups": [13], "averageRating": 3.6666666666666665}, {"asin": "B00117OR96", "name": "P-line Blue Poly Tarps 20' X 40'", "imUrl": "http://ecx.images-amazon.com/images/I/31ilF1-40VL.jpg", "price": 19.95, "numReviews": 2, "groups": [14], "averageRating": 1.0}, {"asin": "B000NPT6VG", "name": "TEKTON 6292 6-Foot by 8-Foot Double Duty Tarp, Silver/Black", "imUrl": "http://ecx.images-amazon.com/images/I/51mCddhOYjL._SY300_.jpg", "price": 15.12, "numReviews": 28, "groups": [15], "averageRating": 4.25, "brand": "TEKTON"}, {"asin": "B0002Z3NQ6", "name": "12' x 24' Dry Top Blue Full Size 7-mil Poly Tarp item #012248", "imUrl": "http://ecx.images-amazon.com/images/I/410XFCKXH0L._SX300_.jpg", "price": 23.92, "numReviews": 3, "groups": [16, 17], "averageRating": 4.0}, {"asin": "B007FSF51Y", "name": "10' x 16' Brown Canvas Tarpaulin", "imUrl": "http://ecx.images-amazon.com/images/I/41X-PZx-FfL._SX300_.jpg", "price": 61.35, "numReviews": 1, "groups": [18], "averageRating": 4.0}, {"asin": "B0009Q59H4", "name": "6ft x 8ft Forest Green Tarp", "imUrl": "http://ecx.images-amazon.com/images/I/41T3ZYL3kXL._SX300_.jpg", "price": 8.59, "numReviews": 1, "groups": [19], "averageRating": 4.0}, {"asin": "B000NPT6XY", "name": "TEKTON 6323 10-Foot by 20-Foot Double Duty Tarp, Silver/Black", "imUrl": "http://ecx.images-amazon.com/images/I/51OF5laW2wL._SY300_.jpg", "price": 32.48, "numReviews": 2, "groups": [20], "averageRating": 5.0, "brand": "TEKTON"}, {"asin": "B00AWXC68E", "name": "New 6x12 Canvas Tarp Green with D-rings \"Natural Camo\"", "imUrl": "http://ecx.images-amazon.com/images/I/51baAV-K%2BtL._SX300_.jpg", "price": 77.77, "numReviews": 1, "groups": [21], "averageRating": 5.0}, {"asin": "B000NPR3KW", "name": "TEKTON 6317 10-Foot by 12-Foot Double Duty Tarp, Silver/Black", "imUrl": "http://ecx.images-amazon.com/images/I/51x02zDxQ2L._SY300_.jpg", "price": 12.0, "numReviews": 8, "groups": [22], "averageRating": 5.0, "brand": "TEKTON"}, {"asin": "B000AS2H7G", "name": "10' x 10' Camouflage Tarp", "imUrl": "http://ecx.images-amazon.com/images/I/317EAMVVCKL._SY300_.jpg", "price": 12.0, "numReviews": 2, "groups": [23], "averageRating": 3.5}, {"asin": "B0010Z5QK8", "name": "20' x 20' Dry Top Brown/Green Reversible Full Size 7-mil Poly Tarp item #120202", "imUrl": "http://ecx.images-amazon.com/images/I/410A29UutOL._SX300_.jpg", "price": 29.99, "numReviews": 12, "groups": [24], "averageRating": 3.25}, {"asin": "B0096M0BU2", "name": "Kotap 18-ft x 24-ft Heavy-Duty 12 by 12 Cross Weave 8-mil White Poly Tarp, Item: TRW-1824", "imUrl": "http://ecx.images-amazon.com/images/I/51b5S1j1dwL._SY300_.jpg", "price": 47.85, "numReviews": 1, "groups": [25], "averageRating": 5.0}, {"asin": "B0096LZOPK", "name": "Kotap 30-ft x 30-ft General Purpose Blue Poly Tarp, Item: TRA-3030", "imUrl": "http://ecx.images-amazon.com/images/I/51raMYCfOcL._SY300_.jpg", "price": 27.0, "numReviews": 4, "groups": [26], "averageRating": 4.5, "brand": "Kotap"}, {"asin": "B00E4O9B9E", "name": "EZ Leaf Hauler/Monahan Products EZ Tarp Tugger", "imUrl": "http://ecx.images-amazon.com/images/I/51HLDD8Mq6L._SX300_.jpg", "price": 17.05, "numReviews": 3, "groups": [27], "averageRating": 5.0, "salesRankCategory": "Patio, Lawn & Garden", "salesRank": 86823}, {"asin": "B000GBOKCW", "name": "Blue Poly Tarp 20 x 20", "imUrl": "http://ecx.images-amazon.com/images/I/41SZ82RMX4L.jpg", "price": 9.74, "numReviews": 6, "groups": [28], "averageRating": 4.0}, {"asin": "B004JYNWCQ", "name": "Gosport MFG BS1530 15-Foot x 30-Foot Heavy-Duty All Season Poly Tarp", "imUrl": "http://ecx.images-amazon.com/images/I/51MGYGdXTgL._SX300_.jpg", "price": 31.76, "numReviews": 1, "groups": [29], "averageRating": 5.0}, {"asin": "B0040A9F70", "name": "Heavy Duty Tarpaulin", "imUrl": "http://ecx.images-amazon.com/images/I/31iyEITZfOL._SX300_.jpg", "price": 14.16, "numReviews": 6, "groups": [30], "averageRating": 3.6666666666666665}, {"asin": "B000LGECH0", "name": "Kotap 16-ft x 20-ft General Purpose Blue Poly Tarp, Item: TRA-1620", "imUrl": "http://ecx.images-amazon.com/images/I/51raMYCfOcL._SY300_.jpg", "price": 21.03, "numReviews": 4, "groups": [31], "averageRating": 3.75, "brand": "Kotap"}, {"asin": "B0009Q5988", "name": "10 Ft. X 30 Ft. Heavy Duty 6 Oz. Silver Tarp 11-12 Mil Thick", "imUrl": "http://ecx.images-amazon.com/images/I/41VcRfQDgOL._SX300_.jpg", "price": 56.49, "numReviews": 5, "groups": [32], "averageRating": 4.0}, {"asin": "B00962F3XM", "name": "9' X 12' Blue Waterproof Poly Tarp 9x12 Tarpaulin for Camping Hiking Backpacking Tent Shelter Shade Canopy Etc.", "imUrl": "http://ecx.images-amazon.com/images/I/41XKc8ArVDL._SX300_.jpg", "price": 17.63, "numReviews": 11, "groups": [33], "averageRating": 4.818181818181818}, {"asin": "B006MY7BC8", "name": "Kotap 8-ft x 10-ft Reversible Brown/Green Poly Tarp, Item: TBG-0810", "imUrl": "http://ecx.images-amazon.com/images/I/51HwaTVlmYL._SY300_.jpg", "price": 11.06, "numReviews": 5, "groups": [34], "averageRating": 3.4, "brand": "Kotap"}, {"asin": "B00CXXXUMW", "name": "12' X 16' Olive Drab 16 Oz Canvas Tarpaulin", "imUrl": "http://ecx.images-amazon.com/images/I/21fq45Enb7L.jpg", "price": 84.95, "numReviews": 3, "groups": [35], "averageRating": 4.666666666666667}, {"asin": "B00GWOIXUM", "name": "6' x 12' White Canvas Tarpaulin", "imUrl": "http://ecx.images-amazon.com/images/I/41ua589TkIL._SX300_.jpg", "price": 35.95, "numReviews": 1, "groups": [36], "averageRating": 1.0}, {"asin": "B000NPT6W0", "name": "TEKTON 6310 10-Foot by 10-Foot Silver Tarp", "imUrl": "http://ecx.images-amazon.com/images/I/51uWRgI5HHL._SY300_.jpg", "price": 12.23, "numReviews": 9, "groups": [37], "averageRating": 3.111111111111111, "brand": "TEKTON"}, {"asin": "B005MRQI9S", "name": "10 Ft. X 10 Ft. Super Heavy Duty 8 Oz. Brown Tarp - 16 Mil Thick", "imUrl": "http://ecx.images-amazon.com/images/I/412sh-TL-LL._SX300_.jpg", "price": 25.09, "numReviews": 31, "groups": [38], "averageRating": 4.451612903225806}, {"asin": "B0096LZTBO", "name": "Kotap 20-ft x 30-ft Reversible Brown/Green Poly Tarp, Item: TBG-2030", "imUrl": "http://ecx.images-amazon.com/images/I/51HwaTVlmYL._SY300_.jpg", "price": 34.57, "numReviews": 4, "groups": [39, 40], "averageRating": 3.25}, {"asin": "B0057JCL2O", "name": "7x10 Shade Net White Netting Mesh Tarp", "imUrl": "http://ecx.images-amazon.com/images/I/51y5Q-UA1zL._SX300_.jpg", "price": 24.0, "numReviews": 1, "groups": [41], "averageRating": 5.0}, {"asin": "B00CMVGIOM", "name": "8' x 10' Olive Drab 21 oz Canvas Tarpaulin", "imUrl": "http://ecx.images-amazon.com/images/I/21fq45Enb7L.jpg", "price": 44.95, "numReviews": 6, "groups": [42], "averageRating": 4.0}, {"asin": "B0045NZARQ", "name": "Maxam\u00ae 20 X 20 All Purpose Blue Tarp", "imUrl": "http://ecx.images-amazon.com/images/I/41s694PBh3L._SY300_.jpg", "price": 21.99, "numReviews": 24, "groups": [28, 43], "averageRating": 3.7916666666666665}, {"asin": "B0085M1036", "name": "Kodiak Tarps Blue 16' x 20' Tarp Cover For Shade Motorcycles Cars or Pools", "imUrl": "http://ecx.images-amazon.com/images/I/51gHmdOxMML._SY300_.jpg", "price": 20.99, "numReviews": 2, "groups": [44], "averageRating": 2.5}, {"asin": "B0096M06J8", "name": "Kotap 16-ft x 30-ft Heavy-Duty 14 by 14 Cross Weave UV Blocking 10-mil Silver Poly Tarp, Item: TRS-1630", "imUrl": "http://ecx.images-amazon.com/images/I/51kReaOif8L._SY300_.jpg", "price": 62.8, "numReviews": 1, "groups": [45], "averageRating": 5.0}, {"asin": "B007FVMTBK", "name": "10' x 12' Tan Canvas Tarpaulin", "imUrl": "http://ecx.images-amazon.com/images/I/41tW2%2B63ksL._SX300_.jpg", "price": 59.95, "numReviews": 5, "groups": [46], "averageRating": 3.0}, {"asin": "B00FA4B5UA", "name": "12 Ft. X 20 Ft. Heavy Duty 6 Oz. BLACK Poly Tarp 11-12 Mil Thick", "imUrl": "http://ecx.images-amazon.com/images/I/51RaC6Oyh6L._SX300_.jpg", "price": 45.99, "numReviews": 2, "groups": [47], "averageRating": 5.0}, {"asin": "B0009Q703K", "name": "16 Ft. X 20 Ft. Super Heavy Duty 8 Oz. Brown Tarp - 16 Mil Thick", "imUrl": "http://ecx.images-amazon.com/images/I/41e1kgFSUnL._SX300_.jpg", "price": 84.99, "numReviews": 20, "groups": [48], "averageRating": 4.45}, {"asin": "B0009Q39Q2", "name": "18 Ft. X 24 Ft. Medium Duty 4.5 Oz. Forest Green Tarp - 9 Mil Thick", "imUrl": "http://ecx.images-amazon.com/images/I/41T3ZYL3kXL._SX300_.jpg", "price": 52.29, "numReviews": 1, "groups": [49], "averageRating": 1.0}, {"asin": "B0035RQLK8", "name": "10' x 15' Dry Top Heavy Duty White Full Size 10-mil Poly Tarp item #310153", "imUrl": "http://ecx.images-amazon.com/images/I/31HUdmW3lJL._SX300_.jpg", "price": 32.34, "numReviews": 38, "groups": [50], "averageRating": 4.684210526315789}, {"asin": "B008AWY236", "name": "Librett 9' x 12' Green Tarp - Extra Heavy, Multi-Purpose", "imUrl": "http://ecx.images-amazon.com/images/I/51srSPV0MCL._SY300_.jpg", "price": 13.95, "numReviews": 4, "groups": [51], "averageRating": 4.0}, {"asin": "B007FVOLM0", "name": "8' x 10' GOLD Canvas Tarpaulin", "imUrl": "http://ecx.images-amazon.com/images/I/41tW2%2B63ksL._SX300_.jpg", "price": 39.95, "numReviews": 4, "groups": [52], "averageRating": 4.75}, {"asin": "B00004Y5RQ", "name": "Dry Top 5X7 Heavy Duty Industrial Polyethylene Blue Tarp 5' x 7' 5 Mil (000573)", "imUrl": "http://ecx.images-amazon.com/images/I/41YWWYSEXYL._SX300_.jpg", "price": 6.54, "numReviews": 3, "groups": [53], "averageRating": 3.6666666666666665}, {"asin": "B000UMAWVK", "name": "P-Line Blue Poly Tarps 12' x 12'", "imUrl": "http://ecx.images-amazon.com/images/I/41XKc8ArVDL._SX300_.jpg", "price": 18.96, "numReviews": 6, "groups": [54], "averageRating": 2.8333333333333335, "brand": "P-Line"}, {"asin": "B004HHM5DW", "name": "New 12'x24' Extra Heavy Duty Waterproof Tarp Black & White 12x24 UV Treated Hay Cover / Hauling Canopy 12 by 24 foot", "imUrl": "http://ecx.images-amazon.com/images/I/41nLR%2BXxReL._SX300_.jpg", "price": 72.49, "numReviews": 3, "groups": [55], "averageRating": 4.666666666666667}, {"asin": "B0055UT5S8", "name": "20' x 30' Blue Cut Size 5-mil Poly Tarp item #820300", "imUrl": "http://ecx.images-amazon.com/images/I/41YGyFjZRvL._SX300_.jpg", "price": 29.95, "numReviews": 9, "groups": [56], "averageRating": 3.2222222222222223}, {"asin": "B000LF5PQ8", "name": "Kotap 20-ft x 25-ft General Purpose Blue Poly Tarp, Item: TRA-2025", "imUrl": "http://ecx.images-amazon.com/images/I/51raMYCfOcL._SY300_.jpg", "price": 14.32, "numReviews": 1, "groups": [8, 57], "averageRating": 5.0, "brand": "Kotap"}, {"asin": "B000NPT6VQ", "name": "TEKTON 6295 8-Foot by 10-Foot Silver Tarp", "imUrl": "http://ecx.images-amazon.com/images/I/5142w-KKSPL._SY300_.jpg", "price": 7.95, "numReviews": 5, "groups": [58], "averageRating": 3.8, "brand": "TEKTON"}, {"asin": "B000FH2RYK", "name": "8' x 10' Dry Top Brown/Green Reversible Full Size 7-mil Poly Tarp item #180104", "imUrl": "http://ecx.images-amazon.com/images/I/417T195TYJL._SX300_.jpg", "price": 7.49, "numReviews": 16, "groups": [59], "averageRating": 3.75}, {"asin": "B004HIGZAA", "name": "New 8'x10' Brown Canvas Canopy Tarp", "imUrl": "http://ecx.images-amazon.com/images/I/51%2BefzhT4HL._SX300_.jpg", "price": 77.53, "numReviews": 1, "groups": [60], "averageRating": 5.0}, {"asin": "B0035RQLHG", "name": "20' x 20' Dry Top Heavy Duty White Full Size 10-mil Poly Tarp item #320206", "imUrl": "http://ecx.images-amazon.com/images/I/31HUdmW3lJL._SX300_.jpg", "price": 49.68, "numReviews": 7, "groups": [61], "averageRating": 4.285714285714286}, {"asin": "B0045O4X3M", "name": "Maxam\u00ae 18 X 24 All Purpose Blue Tarp", "imUrl": "http://ecx.images-amazon.com/images/I/41s694PBh3L._SY300_.jpg", "price": 19.55, "numReviews": 1, "groups": [62], "averageRating": 1.0, "brand": "Maxam"}, {"asin": "B00461069Y", "name": "Black Mesh 6x8 Heavy Duty UV Screen Shade Canopy Patio Yard Tarp Sun Cover", "imUrl": "http://ecx.images-amazon.com/images/I/41k1uzvaRjL._SY300_.jpg", "price": 16.99, "numReviews": 1, "groups": [63], "averageRating": 5.0}, {"asin": "B005G0JRB2", "name": "12' x 18' Heavy Duty Silver Tarp Triple Layer Tarpaulin", "imUrl": "http://ecx.images-amazon.com/images/I/41aKrWf2ZdL._SY300_.jpg", "price": 39.99, "numReviews": 1, "groups": [64], "averageRating": 1.0}, {"asin": "B0009Q39NK", "name": "20 Ft. X 30 Ft. Heavy Duty 6 Oz. White Tarp 11-12 Mil Thick", "imUrl": "http://ecx.images-amazon.com/images/I/21I56Q%2Bp14L.jpg", "price": 109.95, "numReviews": 3, "groups": [65], "averageRating": 5.0}, {"asin": "B001D13QLA", "name": "Kotap 20-ft x 40-ft General Purpose Blue Poly Tarp, Item: TRA-2040", "imUrl": "http://ecx.images-amazon.com/images/I/51raMYCfOcL._SY300_.jpg", "price": 28.8, "numReviews": 2, "groups": [66], "averageRating": 1.5, "brand": "Kotap"}, {"asin": "B0085C6VW6", "name": "Kodiak Tarps Grey 6' x 8' Tarp Cover For Bikes Motorcycles Lawn Equipment", "imUrl": "http://ecx.images-amazon.com/images/I/51JJflhy2EL._SY300_.jpg", "price": 9.95, "numReviews": 2, "groups": [67], "averageRating": 5.0}, {"asin": "B0096LZVC6", "name": "Kotap 12-ft x 22-ft Heavy-Duty 12 by 12 Cross Weave 8-mil Reversible Green/Silver Poly Tarp, Item: TGS-1222", "imUrl": "http://ecx.images-amazon.com/images/I/51ExWgEFlLL._SY300_.jpg", "price": 31.95, "numReviews": 1, "groups": [68], "averageRating": 5.0}, {"asin": "B00075EYU0", "name": "6 x 12 73% Black Mesh Tarp, grommets approx. 18\" oc", "imUrl": "http://ecx.images-amazon.com/images/I/41ODP5Oy-iL.jpg", "price": 28.8, "numReviews": 3, "groups": [69], "averageRating": 3.3333333333333335}, {"asin": "B000NPPBR4", "name": "TEKTON 6375 20-Foot by 20-Foot Silver Tarp", "imUrl": "http://ecx.images-amazon.com/images/I/51wz1mnbqYL._SY300_.jpg", "price": 15.67, "numReviews": 10, "groups": [70], "averageRating": 3.0, "brand": "TEKTON"}, {"asin": "B00460Y6KU", "name": "Black Mesh 6x12 Heavy Duty UV Screen Shade Canopy Patio Yard Tarp Sun Cover", "imUrl": "http://ecx.images-amazon.com/images/I/41k1uzvaRjL._SY300_.jpg", "price": 24.99, "numReviews": 1, "groups": [71], "averageRating": 5.0}, {"asin": "B00460U87U", "name": "Blue 25x25 Heavy Duty UV Protected Treated Canopy Sun Shade Boat Cover Tarp", "imUrl": "http://ecx.images-amazon.com/images/I/41bIfYHs25L._SY300_.jpg", "price": 39.99, "numReviews": 2, "groups": [72], "averageRating": 3.0}, {"asin": "B0009Q702G", "name": "6 Ft. X 10 Ft. Heavy Duty 6 Oz. White Tarp 11-12 Mil Thick", "imUrl": "http://ecx.images-amazon.com/images/I/21I56Q%2Bp14L.jpg", "price": 9.0, "numReviews": 9, "groups": [73], "averageRating": 4.666666666666667}, {"asin": "B0042D6JYM", "name": "TEKTON 6291 6-Foot by 24-Foot Green/Brown Tarp", "imUrl": "http://ecx.images-amazon.com/images/I/51YSXYWsN0L._SY300_.jpg", "price": 20.11, "numReviews": 2, "groups": [74], "averageRating": 3.5, "brand": "TEKTON"}, {"asin": "B001BO1IO6", "name": "Bazic All Purpose Tarp All *5 x 7 Feet (One tarp)", "imUrl": "http://ecx.images-amazon.com/images/I/51eEFUzyspL._SY300_.jpg", "price": 5.78, "numReviews": 3, "groups": [75], "averageRating": 4.0}, {"asin": "B002IV6L98", "name": "Kotap 10-ft x 12-ft Heavy-Duty 12 by 12 Cross Weave 8-mil Reversible Green/Silver Poly Tarp, Item: TGS-1012", "imUrl": "http://ecx.images-amazon.com/images/I/51ExWgEFlLL._SY300_.jpg", "price": 13.99, "numReviews": 1, "groups": [76], "averageRating": 5.0, "brand": "Kotap"}, {"asin": "B0055UTBS2", "name": "30' x 60' Brown/Green Reversible Cut Size 5-mil Poly Tarp item #930603", "imUrl": "http://ecx.images-amazon.com/images/I/41RJVbnJwRL._SX300_.jpg", "price": 88.7, "numReviews": 19, "groups": [77], "averageRating": 2.0}, {"asin": "B00B1JK0Y0", "name": "20' X 20' Premium Blue Multi-Purpose 6-mil Waterproof Poly Tarp Cover 20x20 Tent Shelter Camping Tarpaulin Rip-Smart", "imUrl": "http://ecx.images-amazon.com/images/I/612TZLYn3eL._SY300_.jpg", "price": 18.76, "numReviews": 2, "groups": [78], "averageRating": 4.5}, {"asin": "B0000AXR0W", "name": "Multi-purpose Waterproof Blue Poly Tarp Tarpaulin Cover 20' X 20'", "imUrl": "http://ecx.images-amazon.com/images/I/31SBDFM75WL.jpg", "price": 23.95, "numReviews": 1, "groups": [79], "averageRating": 3.0}, {"asin": "B000FH2RWW", "name": "16' x 20' Dry Top Blue Full Size 7-mil Poly Tarp item #016208", "imUrl": "http://ecx.images-amazon.com/images/I/410XFCKXH0L._SX300_.jpg", "price": 14.25, "numReviews": 9, "groups": [80], "averageRating": 3.888888888888889}, {"asin": "B0042D6K3M", "name": "TEKTON 6386 20-Foot by 40-Foot Green/Brown Tarp", "imUrl": "http://ecx.images-amazon.com/images/I/51S2UNhv9nL._SY300_.jpg", "price": 51.69, "numReviews": 4, "groups": [81], "averageRating": 3.5, "brand": "TEKTON"}, {"asin": "B0096LZMDE", "name": "Kotap 12-ft x 22-ft General Purpose Blue Poly Tarp, Item: TRA-1222", "imUrl": "http://ecx.images-amazon.com/images/I/51raMYCfOcL._SY300_.jpg", "price": 16.95, "numReviews": 1, "groups": [82], "averageRating": 3.0, "brand": "Kotap"}, {"asin": "B000FH5UW6", "name": "6' x 8' Dry Top Brown/Green Reversible Full Size 7-mil Poly Tarp item #100686", "imUrl": "http://ecx.images-amazon.com/images/I/41pF-AeX6nL._SX300_.jpg", "price": 9.43, "numReviews": 19, "groups": [83], "averageRating": 4.157894736842105}, {"asin": "B0002Z3NBG", "name": "16' x 20' Dry Top Brown/Green Reversible Full Size 7-mil Poly Tarp item #116205", "imUrl": "http://ecx.images-amazon.com/images/I/41pF-AeX6nL._SX300_.jpg", "price": 22.99, "numReviews": 15, "groups": [84], "averageRating": 3.7333333333333334}, {"asin": "B0035RQLKI", "name": "18' x 24' Dry Top Heavy Duty White Full Size 10-mil Poly Tarp item #318241", "imUrl": "http://ecx.images-amazon.com/images/I/31SXQGcsjgL._SX300_.jpg", "price": 48.65, "numReviews": 39, "groups": [85], "averageRating": 4.641025641025641}, {"asin": "B00BMPDZ9U", "name": "Roughneck 3.4-Oz. Heavy-Duty Woodpile Tarp - Brown/Green, 6ft. x 24ft.", "imUrl": "http://ecx.images-amazon.com/images/I/51UB0nB7mWL._SY300_.jpg", "price": 29.49, "numReviews": 2, "groups": [74], "averageRating": 4.0}, {"asin": "B000NPT6YS", "name": "TEKTON 6332 12-Foot by 16-Foot Double Duty Tarp, Silver/Black", "imUrl": "http://ecx.images-amazon.com/images/I/51qMRFZeMCL._SY300_.jpg", "price": 32.09, "numReviews": 3, "groups": [86], "averageRating": 5.0, "brand": "TEKTON"}, {"asin": "B004BUE3F8", "name": "20X25 Blue Tarp Tarpaulin Canopy Tent, Boat. RV or Pool Cover", "imUrl": "http://ecx.images-amazon.com/images/I/41v0jI9NbAL._SY300_.jpg", "price": 26.0, "numReviews": 54, "groups": [57], "averageRating": 2.9814814814814814}, {"asin": "B007FVDFEU", "name": "12' x 20' White Canvas Tarpaulin", "imUrl": "http://ecx.images-amazon.com/images/I/41ua589TkIL._SX300_.jpg", "price": 93.6, "numReviews": 2, "groups": [87], "averageRating": 5.0}, {"asin": "B002CX944G", "name": "Gray 9 X 12 Feet Cover Tarp / Canopy Water/Mildew Proof", "imUrl": "http://ecx.images-amazon.com/images/I/41aKrWf2ZdL._SY300_.jpg", "price": 6.99, "numReviews": 1, "groups": [88], "averageRating": 5.0}, {"asin": "B0049HQJJG", "name": "Kotap 12-ft x 14-ft General Purpose Blue Poly Tarp, Item: TRA-1214", "imUrl": "http://ecx.images-amazon.com/images/I/51raMYCfOcL._SY300_.jpg", "price": 12.4, "numReviews": 5, "groups": [89], "averageRating": 3.2, "brand": "Kotap"}, {"asin": "B000656WBU", "name": "6 x 8 73% Black Mesh Tarp, grommets approx. 18\" oc", "imUrl": "http://ecx.images-amazon.com/images/I/41ODP5Oy-iL.jpg", "price": 32.1, "numReviews": 2, "groups": [90], "averageRating": 5.0}, {"asin": "B004HKIU9M", "name": "Koch T433043 Mesh Tarp, 8 by 10 Feet, Black", "imUrl": "http://ecx.images-amazon.com/images/I/519uKwsPYRL._SX300_.jpg", "price": 29.03, "numReviews": 21, "groups": [91], "averageRating": 4.476190476190476}, {"asin": "B000GBTGX0", "name": "Kotap 30-ft x 60-ft General Purpose Blue Poly Tarp, Item: TRA-3060", "imUrl": "http://ecx.images-amazon.com/images/I/51raMYCfOcL._SY300_.jpg", "price": 54.0, "numReviews": 2, "groups": [92], "averageRating": 3.0, "brand": "Kotap"}, {"asin": "B001OBY0FK", "name": "12 Ft. X 16 Ft. Heavy Duty 6 Oz. White Tarp 11-12 Mil Thick", "imUrl": "http://ecx.images-amazon.com/images/I/21xtQqAaGjL._SY300_.jpg", "price": 42.49, "numReviews": 1, "groups": [93], "averageRating": 5.0}, {"asin": "B0085LFI26", "name": "Kodiak Tarps Grey 16' x 20 Tarp Cover For Shade Motorcycles Cars or Pools", "imUrl": "http://ecx.images-amazon.com/images/I/51MQd3WVMHL._SY300_.jpg", "price": 23.95, "numReviews": 6, "groups": [94], "averageRating": 3.6666666666666665}, {"asin": "B002X8JDMS", "name": "18 Ft. X 24 Ft. Super Heavy Duty 8 Oz. Brown Tarp - 16 Mil Thick", "imUrl": "http://ecx.images-amazon.com/images/I/41e1kgFSUnL._SX300_.jpg", "price": 101.99, "numReviews": 9, "groups": [95], "averageRating": 4.555555555555555}, {"asin": "B0085M10DQ", "name": "Kodiak Tarps Blue 20' x 40' Tarp Cover For Shade Motorcycles Cars or Pools", "imUrl": "http://ecx.images-amazon.com/images/I/51USy-1ewJL._SY300_.jpg", "price": 39.88, "numReviews": 7, "groups": [96], "averageRating": 4.0}, {"asin": "B000NPR3LG", "name": "TEKTON 6320 10-Foot by 15-Foot Silver Tarp", "imUrl": "http://ecx.images-amazon.com/images/I/51t6UFp9D2L._SY300_.jpg", "price": 9.56, "numReviews": 3, "groups": [97], "averageRating": 4.333333333333333, "brand": "TEKTON"}, {"asin": "B0053KC5Z0", "name": "Grizzly Tarps GTRP68 6-Feet X 8-Feet Blue Multi-Purpose 6ml Waterproof Poly Tarp Cover with Tent Shelter Camping Tarpaulin by Grizzly Tarps", "imUrl": "http://ecx.images-amazon.com/images/I/61n-c7zUw9L._SY300_.jpg", "price": 7.12, "numReviews": 40, "groups": [98], "averageRating": 3.75}, {"asin": "B007FTSGLO", "name": "10' x 12' White Canvas Tarpaulin", "imUrl": "http://ecx.images-amazon.com/images/I/41ua589TkIL._SX300_.jpg", "price": 59.95, "numReviews": 8, "groups": [99], "averageRating": 4.0}, {"asin": "B006MY7B46", "name": "Kotap 6-ft x 8-ft Reversible Brown/Green Poly Tarp, Item: TBG-0608", "imUrl": "http://ecx.images-amazon.com/images/I/51HwaTVlmYL._SY300_.jpg", "price": 6.81, "numReviews": 2, "groups": [100], "averageRating": 2.5, "brand": "Kotap"}, {"asin": "B0045GRF4O", "name": "10 Ft. X 20 Ft. Heavy Duty 6 Oz. Silver Tarp 11-12 Mil Thick", "imUrl": "http://ecx.images-amazon.com/images/I/41VcRfQDgOL._SX300_.jpg", "price": 39.99, "numReviews": 2, "groups": [101], "averageRating": 3.5}, {"asin": "B0002Z3NRA", "name": "20' x 30' Dry Top Heavy Duty Silver/Brown Reversible Full Size 10-mil Poly Tarp item #220308", "imUrl": "http://ecx.images-amazon.com/images/I/418Y785A1ML._SX300_.jpg", "price": 91.0, "numReviews": 254, "groups": [102], "averageRating": 3.779527559055118}, {"asin": "B000FH5UVC", "name": "12' x 16' Dry Top Heavy Duty White Full Size 10-mil Poly Tarp item #312164", "imUrl": "http://ecx.images-amazon.com/images/I/31TW6EAR05L._SX300_.jpg", "price": 36.94, "numReviews": 39, "groups": [50], "averageRating": 4.3076923076923075}, {"asin": "B002X88DJC", "name": "12 Ft. x 25 Ft. Super Heavy Duty 8 OZ. Brown Tarp - 16 Mil Thick", "imUrl": "http://ecx.images-amazon.com/images/I/41e1kgFSUnL._SX300_.jpg", "price": 72.49, "numReviews": 28, "groups": [95, 103, 104], "averageRating": 4.642857142857143}, {"asin": "B0002Z3NCK", "name": "26' x 40' Dry Top Brown/Green Reversible Full Size 7-mil Poly Tarp item #126402", "imUrl": "http://ecx.images-amazon.com/images/I/417T195TYJL._SX300_.jpg", "price": 88.68, "numReviews": 2, "groups": [105], "averageRating": 3.5}, {"asin": "B00117SJLI", "name": "P-line Blue Poly Tarps 10' X 20'", "imUrl": "http://ecx.images-amazon.com/images/I/61VtDbHUi-L._SY300_.jpg", "price": 16.89, "numReviews": 1, "groups": [106], "averageRating": 3.0}, {"asin": "B001AQKY2W", "name": "Super Heavy Duty Silver Tarps 20' x 30'", "imUrl": "http://ecx.images-amazon.com/images/I/31fVIqWnrLL._SX300_.jpg", "price": 41.89, "numReviews": 1, "groups": [107], "averageRating": 1.0}, {"asin": "B0055UT998", "name": "10' x 20' Brown/Green Reversible Cut Size 5-mil Poly Tarp item #910209", "imUrl": "http://ecx.images-amazon.com/images/I/41RJVbnJwRL._SX300_.jpg", "price": 17.55, "numReviews": 19, "groups": [108], "averageRating": 2.0}, {"asin": "B0096LZT8C", "name": "Kotap 20-ft x 40-ft Reversible Brown/Green Poly Tarp, Item: TBG-2040", "imUrl": "http://ecx.images-amazon.com/images/I/51HwaTVlmYL._SY300_.jpg", "price": 39.72, "numReviews": 6, "groups": [81], "averageRating": 3.1666666666666665}, {"asin": "B002GQCYXM", "name": "24' x 24' Silver Triple Layer Tarp Heavy Duty Tarpaulin", "imUrl": "http://ecx.images-amazon.com/images/I/41aKrWf2ZdL._SY300_.jpg", "price": 70.99, "numReviews": 4, "groups": [109], "averageRating": 3.0}, {"asin": "B0096M0CNI", "name": "Kotap 30-ft x 50-ft Heavy-Duty 12 by 12 Cross Weave 8-mil White Poly Tarp, Item: TRW-3050", "imUrl": "http://ecx.images-amazon.com/images/I/51b5S1j1dwL._SY300_.jpg", "price": 124.5, "numReviews": 2, "groups": [110], "averageRating": 3.0}, {"asin": "B0009Q28PU", "name": "12 Ft. x 20 Ft. Super Heavy Duty 8 Oz. Brown Tarp - 16 Mil Thick", "imUrl": "http://ecx.images-amazon.com/images/I/41e1kgFSUnL._SX300_.jpg", "price": 63.49, "numReviews": 28, "groups": [103], "averageRating": 4.5}, {"asin": "B00460Y3X0", "name": "Blue 24x24 Heavy Duty UV Protected Treated Canopy Sun Shade Boat Cover Tarp", "imUrl": "http://ecx.images-amazon.com/images/I/41bIfYHs25L._SY300_.jpg", "price": 42.99, "numReviews": 1, "groups": [111], "averageRating": 4.0}, {"asin": "B003GLS1H4", "name": "Kotap 12-ft x 16-ft Heavy-Duty 12 by 12 Cross Weave 8-mil Reversible Green/Silver Poly Tarp, Item: TGS-1216", "imUrl": "http://ecx.images-amazon.com/images/I/51ExWgEFlLL._SY300_.jpg", "price": 21.99, "numReviews": 1, "groups": [112], "averageRating": 5.0, "brand": "Kotap"}, {"asin": "B0096M0BW0", "name": "Kotap 20-ft x 25-ft Heavy-Duty 12 by 12 Cross Weave 8-mil White Poly Tarp, Item: TRW-2025", "imUrl": "http://ecx.images-amazon.com/images/I/51b5S1j1dwL._SY300_.jpg", "price": 53.71, "numReviews": 1, "groups": [9], "averageRating": 5.0}, {"asin": "B004HHGZKG", "name": "New 30'x40' Extra Heavy Duty Waterproof 30x40 Tarp Black & White UV Treated Hay Cover / Hauling Canopy 30 by 40 foot", "imUrl": "http://ecx.images-amazon.com/images/I/51FCWagAblL._SX300_.jpg", "price": 303.33, "numReviews": 1, "groups": [113], "averageRating": 4.0}, {"asin": "B004DDZDD4", "name": "12X20 Silver Tarp Tarpaulin Canopy Tent, Boat. RV or Pool Cover", "imUrl": "http://ecx.images-amazon.com/images/I/21Lo-cXJaKL.jpg", "price": 37.99, "numReviews": 12, "groups": [114], "averageRating": 2.25}, {"asin": "B0037UOZHO", "name": "TEKTON 6340 12-Foot by 24-Foot Silver Tarp", "imUrl": "http://ecx.images-amazon.com/images/I/51l5fHCyHLL._SY300_.jpg", "price": 14.3, "numReviews": 13, "groups": [16], "averageRating": 2.923076923076923, "brand": "TEKTON"}, {"asin": "B0010WALQA", "name": "12' x 24' Dry Top Heavy Duty Silver/Brown Reversible Full Size 10-mil Poly Tarp item #212242", "imUrl": "http://ecx.images-amazon.com/images/I/41M%2B39r9ndL._SX300_.jpg", "price": 37.72, "numReviews": 44, "groups": [104, 115], "averageRating": 3.409090909090909}, {"asin": "B0056HHAD2", "name": "White Poly Tarp 10'x15'", "imUrl": "http://ecx.images-amazon.com/images/I/41jX3GEBknL._SY300_.jpg", "price": 19.99, "numReviews": 1, "groups": [116], "averageRating": 4.0}, {"asin": "B005H437W2", "name": "8 x 14 73% Desert Tan Mesh Tarp, grommets approx. 18\" oc", "imUrl": "http://ecx.images-amazon.com/images/I/21U7lWz8RZL.jpg", "price": 44.8, "numReviews": 1, "groups": [117], "averageRating": 1.0}, {"asin": "B007FSDOV2", "name": "10' x 12' Brown Canvas Tarpaulin", "imUrl": "http://ecx.images-amazon.com/images/I/41X-PZx-FfL._SX300_.jpg", "price": 59.95, "numReviews": 4, "groups": [99], "averageRating": 3.25}, {"asin": "B0096M0A7Q", "name": "Kotap 12-ft x 12-ft Heavy-Duty 12 by 12 Cross Weave 8-mil White Poly Tarp, Item: TRW-1212", "imUrl": "http://ecx.images-amazon.com/images/I/51b5S1j1dwL._SY300_.jpg", "price": 22.24, "numReviews": 1, "groups": [118], "averageRating": 5.0}, {"asin": "B0009Q39EO", "name": "16 Ft. X 20 Ft. Heavy Duty 6 Oz. Silver Tarp 11-12 Mil Thick", "imUrl": "http://ecx.images-amazon.com/images/I/41VcRfQDgOL._SX300_.jpg", "price": 59.99, "numReviews": 1, "groups": [119], "averageRating": 5.0}, {"asin": "B001G1BG5K", "name": "8' X 10' Canvas Tarp", "imUrl": "http://ecx.images-amazon.com/images/I/21oOXTC8u2L.jpg", "price": 39.95, "numReviews": 30, "groups": [42, 52], "averageRating": 4.6}, {"asin": "B004BUE3TY", "name": "20X35 Blue Tarp Tarpaulin Canopy Tent, Boat. RV or Pool Cover", "imUrl": "http://ecx.images-amazon.com/images/I/41v0jI9NbAL._SY300_.jpg", "price": 49.8, "numReviews": 54, "groups": [120], "averageRating": 2.9814814814814814}, {"asin": "B0009Q592O", "name": "8ft x 10ft Orange Tarp", "imUrl": "http://ecx.images-amazon.com/images/I/31AVMNP5AFL._SY300_.jpg", "price": 10.99, "numReviews": 2, "groups": [121], "averageRating": 5.0}, {"asin": "B00HZ4KJVY", "name": "8' x 12' Brown Canvas Tarpaulin", "imUrl": "http://ecx.images-amazon.com/images/I/41X-PZx-FfL._SX300_.jpg", "price": 49.95, "numReviews": 2, "groups": [122], "averageRating": 2.0}, {"asin": "B0037UUN48", "name": "TEKTON 6337 12-Foot by 20-Foot Double Duty Tarp, Silver/Black", "imUrl": "http://ecx.images-amazon.com/images/I/51hDJeNWghL._SY300_.jpg", "price": 20.32, "numReviews": 5, "groups": [123], "averageRating": 3.4, "brand": "TEKTON"}, {"asin": "B000FH4IKG", "name": "40' x 60' Dry Top Heavy Duty Silver/Brown Reversible Full Size 10-mil Poly Tarp item #240603", "imUrl": "http://ecx.images-amazon.com/images/I/418Y785A1ML._SX300_.jpg", "price": 267.73, "numReviews": 3, "groups": [124], "averageRating": 4.666666666666667}, {"asin": "B004I811BM", "name": "BlueDri 15' X 15' Blue Multi-Purpose 6-mil Waterproof Poly Tarp Cover 15x15 Tent Shelter Camping Tarpaulin by Grizzly Tarps.", "imUrl": "http://ecx.images-amazon.com/images/I/41XKc8ArVDL._SX300_.jpg", "price": 19.95, "numReviews": 36, "groups": [125], "averageRating": 4.055555555555555, "brand": "BlueDri"}, {"asin": "B000FH4IJW", "name": "30' x 60' Dry Top Brown/Green Reversible Full Size 7-mil Poly Tarp item #130607", "imUrl": "http://ecx.images-amazon.com/images/I/417T195TYJL._SX300_.jpg", "price": 102.0, "numReviews": 1, "groups": [126], "averageRating": 1.0}, {"asin": "B0015YHG9S", "name": "Kotap 9-ft x 12-ft Heavy-Duty 12 by 12 Cross Weave 8-mil Reversible Green/Silver Poly Tarp, Item: TGS-0912", "imUrl": "http://ecx.images-amazon.com/images/I/51ExWgEFlLL._SY300_.jpg", "price": 17.04, "numReviews": 3, "groups": [127], "averageRating": 4.333333333333333}, {"asin": "B00FHXG9EG", "name": "MP Heavy Duty Shade Net Tarp, 6 x 12-Feet", "imUrl": "http://ecx.images-amazon.com/images/I/71p1XJfb8nL._SY300_.jpg", "price": 36.74, "numReviews": 1, "groups": [128], "averageRating": 5.0, "salesRankCategory": "Sports & Outdoors", "salesRank": 144420}, {"asin": "B004HHPTRG", "name": "New 12'x18' Extra Heavy Duty Waterproof Tarp Black & White 12x18 UV Treated Hay Cover / Hauling Canopy 12 by 18 foot", "imUrl": "http://ecx.images-amazon.com/images/I/410TXqjubeL._SX300_.jpg", "price": 37.75, "numReviews": 1, "groups": [129], "averageRating": 5.0}, {"asin": "B0096LZUKY", "name": "Kotap 12-ft x 12-ft Heavy-Duty 12 by 12 Cross Weave 8-mil Reversible Green/Silver Poly Tarp, Item: TGS-1212", "imUrl": "http://ecx.images-amazon.com/images/I/51ExWgEFlLL._SY300_.jpg", "price": 17.45, "numReviews": 2, "groups": [130], "averageRating": 3.0}, {"asin": "B002IV6JSQ", "name": "Kotap 20-ft x 30-ft Heavy-Duty 12 by 12 Cross Weave 8-mil Reversible Green/Silver Poly Tarp, Item: TGS-2030", "imUrl": "http://ecx.images-amazon.com/images/I/51ExWgEFlLL._SY300_.jpg", "price": 59.86, "numReviews": 2, "groups": [131], "averageRating": 3.0, "brand": "Kotap"}, {"asin": "B007FDZUZK", "name": "8' x 10' Green Canvas Tarpaulin", "imUrl": "http://ecx.images-amazon.com/images/I/412Tui-0xJL._SX300_.jpg", "price": 39.95, "numReviews": 1, "groups": [132], "averageRating": 2.0}, {"asin": "B001IMOCK8", "name": "10 Ft X 12 Ft Orange Tarp - 3.3 Oz.", "imUrl": "http://ecx.images-amazon.com/images/I/31ZiIhPyVgL._SY300_.jpg", "price": 13.49, "numReviews": 1, "groups": [133], "averageRating": 5.0}, {"asin": "B00545I60W", "name": "Kotap 12-ft x 12-ft General Purpose Blue Poly Tarp, Item: TRA-1212", "imUrl": "http://ecx.images-amazon.com/images/I/51raMYCfOcL._SY300_.jpg", "price": 6.43, "numReviews": 4, "groups": [134], "averageRating": 5.0, "brand": "Kotap"}, {"asin": "B0002Z3NP2", "name": "Dry Top 12163 12-by-16-Foot 5-Mil Tarp, Blue", "imUrl": "http://ecx.images-amazon.com/images/I/410XFCKXH0L._SX300_.jpg", "price": 9.6, "numReviews": 15, "groups": [135], "averageRating": 4.2}, {"asin": "B00075FF58", "name": "6 x 12 73% Desert Tan Mesh Tarp, grommets approx. 18\" oc", "imUrl": "http://ecx.images-amazon.com/images/I/21U7lWz8RZL.jpg", "price": 28.8, "numReviews": 1, "groups": [136], "averageRating": 5.0}, {"asin": "B005JSYEZ0", "name": "Grizzly Tarps GTRP1216 12-Feet X 16-Feet Blue Multi-Purpose 6ml Waterproof Poly Tarp Cover with Tent Shelter Camping Tarpaulin by Grizzly Tarps", "imUrl": "http://ecx.images-amazon.com/images/I/61IZ0Y2705L._SY300_.jpg", "price": 16.49, "numReviews": 30, "groups": [137], "averageRating": 4.233333333333333, "brand": "Grizzly Tarps"}, {"asin": "B0085M100E", "name": "Kodiak Tarps Blue 10' x 40' Tarp Cover For Shade Motorcycles Cars or Pools", "imUrl": "http://ecx.images-amazon.com/images/I/51gHmdOxMML._SY300_.jpg", "price": 21.99, "numReviews": 1, "groups": [138], "averageRating": 5.0}, {"asin": "B0002Z3NR0", "name": "20' x 30' Dry Top Brown/Green Reversible Full Size 7-mil Poly Tarp item #120301", "imUrl": "http://ecx.images-amazon.com/images/I/41pF-AeX6nL._SX300_.jpg", "price": 33.69, "numReviews": 6, "groups": [139], "averageRating": 2.1666666666666665}, {"asin": "B0096LZKQ8", "name": "Kotap 10-ft x 10-ft General Purpose Blue Poly Tarp, Item: TRA-1010", "imUrl": "http://ecx.images-amazon.com/images/I/51raMYCfOcL._SY300_.jpg", "price": 5.95, "numReviews": 1, "groups": [140], "averageRating": 3.0, "brand": "Kotap"}, {"asin": "B00C5HL66I", "name": "9' x 12' Heavy Duty Polyethylene Camo Tarp", "imUrl": "http://ecx.images-amazon.com/images/I/41ulTujpOiL._SX300_.jpg", "price": 10.8, "numReviews": 1, "groups": [141], "averageRating": 3.0}, {"asin": "B006MY7CJU", "name": "Kotap 6-ft x 8-ft Heavy-Duty 12 by 12 Cross Weave 8-mil Reversible Green/Silver Poly Tarp, Item: TGS-0608", "imUrl": "http://ecx.images-amazon.com/images/I/51ExWgEFlLL._SY300_.jpg", "price": 6.99, "numReviews": 1, "groups": [142], "averageRating": 3.0, "brand": "Kotap"}, {"asin": "B0010YZ4HE", "name": "10' x 20' Dry Top Heavy Duty Silver/Brown Reversible Full Size 10-mil Poly Tarp item #210200", "imUrl": "http://ecx.images-amazon.com/images/I/41M%2B39r9ndL._SX300_.jpg", "price": 26.99, "numReviews": 33, "groups": [143], "averageRating": 3.5454545454545454}, {"asin": "B002YJDY9O", "name": "20 Ft. X 40 Ft. Super Heavy Duty 8 Oz. Brown Tarp - 16 Mil Thick", "imUrl": "http://ecx.images-amazon.com/images/I/41e1kgFSUnL._SX300_.jpg", "price": 186.99, "numReviews": 8, "groups": [144], "averageRating": 3.625}, {"asin": "B004HHGA1U", "name": "New 30'x60' Extra Heavy Duty Waterproof Tarp Black & White UV Treated Hay Cover / Hauling Canopy", "imUrl": "http://ecx.images-amazon.com/images/I/51FCWagAblL._SX300_.jpg", "price": 393.33, "numReviews": 1, "groups": [145], "averageRating": 5.0}, {"asin": "B000FH2RZE", "name": "40' x 60' Dry Top Brown/Green Reversible Full Size 7-mil Poly Tarp item #140606", "imUrl": "http://ecx.images-amazon.com/images/I/417T195TYJL._SX300_.jpg", "price": 189.08, "numReviews": 1, "groups": [146], "averageRating": 1.0}, {"asin": "B0096M012U", "name": "Kotap 8-ft x 12-ft Heavy-Duty 14 by 14 Cross Weave UV Blocking 10-mil Silver Poly Tarp, Item: TRS-0812", "imUrl": "http://ecx.images-amazon.com/images/I/51kReaOif8L._SY300_.jpg", "price": 19.99, "numReviews": 1, "groups": [147], "averageRating": 3.0}, {"asin": "B00004RB5H", "name": "Kotap 20-ft x 30-ft General Purpose Blue Poly Tarp, Item: TRA-2030", "imUrl": "http://ecx.images-amazon.com/images/I/51raMYCfOcL._SY300_.jpg", "price": 22.66, "numReviews": 2, "groups": [39], "averageRating": 3.5, "brand": "Kotap"}, {"asin": "B0096LZSJ2", "name": "Kotap 12-ft x 25-ft Reversible Brown/Green Poly Tarp, Item: TBG-1225", "imUrl": "http://ecx.images-amazon.com/images/I/51HwaTVlmYL._SY300_.jpg", "price": 20.95, "numReviews": 1, "groups": [148], "averageRating": 3.0}, {"asin": "B0055UT9WA", "name": "12' x 16' Brown/Green Reversible Cut Size 5-mil Poly Tarp item #912166", "imUrl": "http://ecx.images-amazon.com/images/I/41RJVbnJwRL._SX300_.jpg", "price": 17.23, "numReviews": 19, "groups": [149], "averageRating": 2.0}, {"asin": "B0096LZVEE", "name": "Kotap 15-ft x 25-ft Heavy-Duty 12 by 12 Cross Weave 8-mil Reversible Green/Silver Poly Tarp, Item: TGS-1525", "imUrl": "http://ecx.images-amazon.com/images/I/51ExWgEFlLL._SY300_.jpg", "price": 42.59, "numReviews": 2, "groups": [150], "averageRating": 5.0}, {"asin": "B0009Q28GE", "name": "12 Ft. X 12 Ft. Heavy Duty 6 Oz. Silver Tarp 11-12 Mil Thick", "imUrl": "http://ecx.images-amazon.com/images/I/41VcRfQDgOL._SX300_.jpg", "price": 29.99, "numReviews": 3, "groups": [151], "averageRating": 5.0}, {"asin": "B0096M0B0C", "name": "Kotap 14-ft x 16-ft Heavy-Duty 12 by 12 Cross Weave 8-mil White Poly Tarp, Item: TRW-1416", "imUrl": "http://ecx.images-amazon.com/images/I/51b5S1j1dwL._SY300_.jpg", "price": 27.45, "numReviews": 2, "groups": [152], "averageRating": 1.0}, {"asin": "B0009Q39PS", "name": "16 Ft. X 20 Ft. Forest Green Tarp - 4.5 Oz.", "imUrl": "http://ecx.images-amazon.com/images/I/41T3ZYL3kXL._SX300_.jpg", "price": 42.49, "numReviews": 3, "groups": [153], "averageRating": 5.0}, {"asin": "B0045GREZY", "name": "10 Ft. X 16 Ft. Heavy Duty 6 Oz. Silver Tarp 11-12 Mil Thick", "imUrl": "http://ecx.images-amazon.com/images/I/41VcRfQDgOL._SX300_.jpg", "price": 28.49, "numReviews": 4, "groups": [13], "averageRating": 4.75}, {"asin": "B00460FT9C", "name": "Blue 6x6 Heavy Duty UV Protected Treated Canopy Sun Shade Boat Cover Tarp", "imUrl": "http://ecx.images-amazon.com/images/I/41bIfYHs25L._SY300_.jpg", "price": 2.29, "numReviews": 1, "groups": [154], "averageRating": 1.0}, {"asin": "B004W3C0TA", "name": "15X25 Green / Black Tarp Tarpaulin Canopy Tent, Boat. RV or Pool Cover", "imUrl": "http://ecx.images-amazon.com/images/I/21FnSQ7VHdL.jpg", "price": 42.65, "numReviews": 11, "groups": [155], "averageRating": 2.272727272727273}, {"asin": "B007FTPHNY", "name": "6' x 8' White Canvas Tarpaulin", "imUrl": "http://ecx.images-amazon.com/images/I/41ua589TkIL._SX300_.jpg", "price": 32.95, "numReviews": 7, "groups": [156], "averageRating": 3.857142857142857}, {"asin": "B000NQ16W2", "name": "TEKTON 6385 20-Foot by 40-Foot Silver Tarp", "imUrl": "http://ecx.images-amazon.com/images/I/51SK9U7m4DL._SY300_.jpg", "price": 52.34, "numReviews": 6, "groups": [157], "averageRating": 3.0, "brand": "TEKTON"}, {"asin": "B0010YZ4MO", "name": "26' x 40' Dry Top Heavy Duty Silver/Brown Reversible Full Size 10-mil Poly Tarp item #226409", "imUrl": "http://ecx.images-amazon.com/images/I/41M%2B39r9ndL._SX300_.jpg", "price": 150.9, "numReviews": 5, "groups": [158], "averageRating": 5.0}, {"asin": "B0002Z3NCA", "name": "18' x 24' Dry Top Brown/Green Reversible Full Size 7-mil Poly Tarp item #118247", "imUrl": "http://ecx.images-amazon.com/images/I/417T195TYJL._SX300_.jpg", "price": 31.65, "numReviews": 8, "groups": [159], "averageRating": 3.625}, {"asin": "B004VCNUNW", "name": "New Heavy Dark Green 6x8 12 / 18 oz Canvas Tarp Outdoor Industrial Cover Property Security", "imUrl": "http://ecx.images-amazon.com/images/I/41My9XD6Q4L._SY300_.jpg", "price": 42.33, "numReviews": 2, "groups": [160], "averageRating": 4.0}, {"asin": "B0002Z3NQQ", "name": "20' x 30' Dry Top Blue Full Size 7-mil Poly Tarp item #020304", "imUrl": "http://ecx.images-amazon.com/images/I/410XFCKXH0L._SX300_.jpg", "price": 32.81, "numReviews": 5, "groups": [161], "averageRating": 3.2}, {"asin": "B0002Z3NBQ", "name": "16' x 20' Dry Top Heavy Duty Silver/Brown Reversible Full Size 10-mil Poly Tarp item #216202", "imUrl": "http://ecx.images-amazon.com/images/I/418Y785A1ML._SX300_.jpg", "price": 33.84, "numReviews": 254, "groups": [162], "averageRating": 3.779527559055118}, {"asin": "B004HUE3MU", "name": "MEDIUM SIZED BLUE 6 x 8 FOOT POLY RAIN COVER TARP", "imUrl": "http://ecx.images-amazon.com/images/I/51ZTF%2BNIr9L._SX300_.jpg", "price": 6.4, "numReviews": 1, "groups": [163], "averageRating": 4.0}, {"asin": "B0064MZW4W", "name": "Kotap 25-ft x 40-ft General Purpose Blue Poly Tarp, Item: TRA-2540", "imUrl": "http://ecx.images-amazon.com/images/I/51raMYCfOcL._SY300_.jpg", "price": 38.68, "numReviews": 3, "groups": [40, 164], "averageRating": 4.666666666666667, "brand": "Kotap"}, {"asin": "B0009Q28QY", "name": "20 X 30 Super Heavy Duty 8 Oz. Brown Tarp - 16 Mil Thick", "imUrl": "http://ecx.images-amazon.com/images/I/41e1kgFSUnL._SX300_.jpg", "price": 141.49, "numReviews": 15, "groups": [165], "averageRating": 4.266666666666667}, {"asin": "B0055UT4G6", "name": "15' x 30' Blue Cut Size 5-mil Poly Tarp item #815306", "imUrl": "http://ecx.images-amazon.com/images/I/41YGyFjZRvL._SX300_.jpg", "price": 26.99, "numReviews": 9, "groups": [4], "averageRating": 3.2222222222222223}, {"asin": "B0042D6K28", "name": "TEKTON 6376 20-Foot by 20-Foot Green/Brown Tarp", "imUrl": "http://ecx.images-amazon.com/images/I/51P35pfVT0L._SY300_.jpg", "price": 31.16, "numReviews": 2, "groups": [166], "averageRating": 3.0, "brand": "TEKTON"}, {"asin": "B0009Q39KI", "name": "6 Ft. X 20 Ft. Heavy Duty 6 Oz. White Tarp 11-12 Mil Thick", "imUrl": "http://ecx.images-amazon.com/images/I/21WY2W2VMNL._SY300_.jpg", "price": 29.99, "numReviews": 5, "groups": [167], "averageRating": 3.8}, {"asin": "B00GM1SIA0", "name": "Extra Heavy Duty Silver Tarp Canopy Reinforced Tarpaulin w/ Extra Grip Eyelets (20' X 40')", "imUrl": "http://ecx.images-amazon.com/images/I/5154tIcObfL._SX300_.jpg", "price": 99.99, "numReviews": 11, "groups": [168], "averageRating": 4.090909090909091}, {"asin": "B0009Q39M6", "name": "7 Ft. X 20 Ft. Heavy Duty 6 Oz. White Tarp 11-12 Mil Thick", "imUrl": "http://ecx.images-amazon.com/images/I/21WY2W2VMNL._SY300_.jpg", "price": 9.99, "numReviews": 3, "groups": [169], "averageRating": 5.0}, {"asin": "B0096M0BWU", "name": "Kotap 20-ft x 40-ft Heavy-Duty 12 by 12 Cross Weave 8-mil White Poly Tarp, Item: TRW-2040", "imUrl": "http://ecx.images-amazon.com/images/I/51b5S1j1dwL._SY300_.jpg", "price": 84.89, "numReviews": 3, "groups": [157], "averageRating": 5.0}, {"asin": "B00460DXG8", "name": "Kotap 10-ft x 12-ft General Purpose Blue Poly Tarp, Item: TRA-1012", "imUrl": "http://ecx.images-amazon.com/images/I/51raMYCfOcL._SY300_.jpg", "price": 5.21, "numReviews": 4, "groups": [170], "averageRating": 4.0, "brand": "Kotap"}, {"asin": "B00DHL5AGI", "name": "Kotap 14-ft x 16-ft General Purpose Blue Poly Tarp, Item: TRA-1416", "imUrl": "http://ecx.images-amazon.com/images/I/51raMYCfOcL._SY300_.jpg", "price": 14.95, "numReviews": 1, "groups": [171], "averageRating": 4.0}, {"asin": "B002IR1VH4", "name": "Kotap 40-ft x 60-ft General Purpose Blue Poly Tarp, Item: TRA-4060", "imUrl": "http://ecx.images-amazon.com/images/I/51raMYCfOcL._SY300_.jpg", "price": 96.18, "numReviews": 1, "groups": [172], "averageRating": 2.0, "brand": "Kotap"}, {"asin": "B0009Q28ZA", "name": "10 Ft. X 40 Ft. Heavy Duty 6 Oz. White Tarp 11-12 Mil Thick", "imUrl": "http://ecx.images-amazon.com/images/I/21I56Q%2Bp14L.jpg", "price": 74.99, "numReviews": 2, "groups": [138], "averageRating": 5.0}, {"asin": "B004I8794A", "name": "16' X 20' Blue Multi-Purpose 6-mil Waterproof Poly Tarp Shade Cover 16x20 Tarpaulin by Grizzly Tarps", "imUrl": "http://ecx.images-amazon.com/images/I/61xkaqHcftL._SY300_.jpg", "price": 17.95, "numReviews": 69, "groups": [43, 137], "averageRating": 3.8550724637681157, "brand": "Grizzly Tarps"}, {"asin": "B000KL7D04", "name": "Canvas Tarp, 10' x 20' 10 Oz", "imUrl": "http://ecx.images-amazon.com/images/I/5146xCbrgwL._SY300_.jpg", "price": 94.99, "numReviews": 3, "groups": [173], "averageRating": 4.0}, {"asin": "B000FH7NJ4", "name": "12' x 24' Dry Top Brown/Green Reversible Full Size 7-mil Poly Tarp item #112245", "imUrl": "http://ecx.images-amazon.com/images/I/417T195TYJL._SX300_.jpg", "price": 21.51, "numReviews": 17, "groups": [17, 115], "averageRating": 3.235294117647059}, {"asin": "B0015YFJEM", "name": "6' x 8' 10 oz Canvas Tarpaulin", "imUrl": "http://ecx.images-amazon.com/images/I/21oOXTC8u2L.jpg", "price": 32.95, "numReviews": 17, "groups": [174], "averageRating": 4.0588235294117645}, {"asin": "B0096LZSLA", "name": "Kotap 20-ft x 20-ft Reversible Brown/Green Poly Tarp, Item: TBG-2020", "imUrl": "http://ecx.images-amazon.com/images/I/51HwaTVlmYL._SY300_.jpg", "price": 26.91, "numReviews": 2, "groups": [166], "averageRating": 4.0}, {"asin": "B0009Q28KU", "name": "25 Ft. X 25 Ft. Blue Tarp - 2.9 Oz.", "imUrl": "http://ecx.images-amazon.com/images/I/21vqZD0LqTL.jpg", "price": 49.99, "numReviews": 1, "groups": [72], "averageRating": 4.0}, {"asin": "B0009Q39O4", "name": "9ft x 12ft Forest Green Tarp", "imUrl": "http://ecx.images-amazon.com/images/I/2188VoHPq5L.jpg", "price": 9.5, "numReviews": 1, "groups": [175], "averageRating": 5.0}, {"asin": "B0042D6K1O", "name": "TEKTON 6351 16-Foot by 20-Foot Green/Brown Tarp", "imUrl": "http://ecx.images-amazon.com/images/I/51OU%2BxIy78L._SY300_.jpg", "price": 26.85, "numReviews": 3, "groups": [176], "averageRating": 4.333333333333333, "brand": "TEKTON"}, {"asin": "B005SRVZOU", "name": "Heavy Duty Tarpaulin Size: 18' x 24'", "imUrl": "http://ecx.images-amazon.com/images/I/31f2qOyeipL._SY300_.jpg", "price": 54.32, "numReviews": 1, "groups": [177], "averageRating": 5.0}, {"asin": "B00BNI99O6", "name": "Heavy Duty Brown / Blue Tarp 12 ft x 16 ft (3.6 m x 4.8 m) - Maximum Weather Protection", "imUrl": "http://ecx.images-amazon.com/images/I/51I%2BbBj7V3L._SX300_.jpg", "price": 29.95, "numReviews": 1, "groups": [178], "averageRating": 4.0}, {"asin": "B0002Z3NPC", "name": "12' x 16' Dry Top Brown/Green Reversible Full Size 7-mil Poly Tarp item #112160", "imUrl": "http://ecx.images-amazon.com/images/I/417T195TYJL._SX300_.jpg", "price": 11.92, "numReviews": 25, "groups": [179], "averageRating": 3.8}, {"asin": "B000XBKGXW", "name": "Kotap 30-ft x 40-ft General Purpose Blue Poly Tarp, Item: TRA-3040", "imUrl": "http://ecx.images-amazon.com/images/I/51raMYCfOcL._SY300_.jpg", "price": 26.0, "numReviews": 7, "groups": [26, 164], "averageRating": 4.571428571428571, "brand": "Kotap"}, {"asin": "B00992YTTI", "name": "10' x 16' Olive Drab Canvas Tarpaulin", "imUrl": "http://ecx.images-amazon.com/images/I/21fq45Enb7L.jpg", "price": 84.95, "numReviews": 2, "groups": [180], "averageRating": 3.0}, {"asin": "B00B3D89HY", "name": "12' x 12' Thermal Silver/Blue Tarp UV Treated 10440", "imUrl": "http://ecx.images-amazon.com/images/I/513V7e-iMrL._SX300_.jpg", "price": 27.77, "numReviews": 1, "groups": [181], "averageRating": 5.0}, {"asin": "B00460IJM6", "name": "White 12x24 Heavy Duty UV Protected Treated Canopy Sun Shade Boat Cover Tarp", "imUrl": "http://ecx.images-amazon.com/images/I/31MRzkMADaL._SY300_.jpg", "price": 49.99, "numReviews": 2, "groups": [182], "averageRating": 4.0}, {"asin": "B006MY7C2M", "name": "Kotap 12-ft x 16-ft Reversible Brown/Green Poly Tarp, Item: TBG-1216", "imUrl": "http://ecx.images-amazon.com/images/I/51HwaTVlmYL._SY300_.jpg", "price": 19.99, "numReviews": 3, "groups": [183], "averageRating": 3.0}, {"asin": "B007FSC30U", "name": "6' x 8' Brown Canvas Tarpaulin", "imUrl": "http://ecx.images-amazon.com/images/I/41X-PZx-FfL._SX300_.jpg", "price": 32.95, "numReviews": 8, "groups": [184], "averageRating": 4.25}, {"asin": "B0010Z5QP8", "name": "25' x 33' Dry Top Heavy Duty Silver/Brown Reversible Full Size 10-mil Poly Tarp item #225334", "imUrl": "http://ecx.images-amazon.com/images/I/41M%2B39r9ndL._SX300_.jpg", "price": 94.99, "numReviews": 2, "groups": [185], "averageRating": 2.5}, {"asin": "B0085M0Z6E", "name": "Kodiak Tarps Blue 10' x 30' Tarp Cover For Shade Motorcycles Cars or Pools", "imUrl": "http://ecx.images-amazon.com/images/I/51bsxzialLL._SY300_.jpg", "price": 11.79, "numReviews": 3, "groups": [186], "averageRating": 4.0}, {"asin": "B0042D6KDW", "name": "TEKTON 6440 6-Foot by 8-Foot Camouflage Tarp", "imUrl": "http://ecx.images-amazon.com/images/I/51sn%2B4H3ROL._SY300_.jpg", "price": 14.99, "numReviews": 4, "groups": [187], "averageRating": 4.0, "brand": "TEKTON"}, {"asin": "B002BKFK3E", "name": "14' x 48' Heavy Duty Vinyl Tarp - 16 oz. - 20 Mil - Black - ReUsed Billboards!", "imUrl": "http://ecx.images-amazon.com/images/I/31MJLFdb4rL.jpg", "price": 86.35, "numReviews": 5, "groups": [188], "averageRating": 4.4}, {"asin": "B001J3SG8U", "name": "Dize Heavy-Duty Yard Tarp - 9ft. x 9ft., Model# HG0909", "imUrl": "http://ecx.images-amazon.com/images/I/51xYY3PmbnL._SY300_.jpg", "price": 20.48, "numReviews": 3, "groups": [189], "averageRating": 4.0}, {"asin": "B0045O4X46", "name": "Maxam 12 X 16 All Purpose Blue Tarp", "imUrl": "http://ecx.images-amazon.com/images/I/41s694PBh3L._SY300_.jpg", "price": 17.14, "numReviews": 4, "groups": [190], "averageRating": 4.0, "brand": "Maxam"}], "links": [{"source": 0, "target": 14, "right": true, "left": false, "value": 1}, {"source": 1, "target": 179, "right": true, "left": false, "value": 1}, {"source": 2, "target": 110, "right": true, "left": false, "value": 1}, {"source": 3, "target": 70, "right": false, "left": true, "value": 1}, {"source": 3, "target": 38, "right": false, "left": true, "value": 1}, {"source": 4, "target": 42, "right": true, "left": false, "value": 1}, {"source": 4, "target": 27, "right": false, "left": true, "value": 1}, {"source": 4, "target": 173, "right": true, "left": true, "value": 1}, {"source": 5, "target": 145, "right": false, "left": true, "value": 1}, {"source": 5, "target": 179, "right": false, "left": true, "value": 1}, {"source": 5, "target": 20, "right": false, "left": true, "value": 1}, {"source": 5, "target": 31, "right": false, "left": true, "value": 1}, {"source": 6, "target": 91, "right": true, "left": false, "value": 1}, {"source": 7, "target": 184, "right": false, "left": true, "value": 1}, {"source": 7, "target": 124, "right": true, "left": false, "value": 1}, {"source": 7, "target": 86, "right": true, "left": false, "value": 1}, {"source": 7, "target": 111, "right": true, "left": false, "value": 1}, {"source": 8, "target": 114, "right": true, "left": true, "value": 1}, {"source": 8, "target": 174, "right": false, "left": true, "value": 1}, {"source": 8, "target": 85, "right": false, "left": true, "value": 1}, {"source": 8, "target": 54, "right": true, "left": true, "value": 1}, {"source": 9, "target": 58, "right": true, "left": false, "value": 1}, {"source": 10, "target": 30, "right": true, "left": false, "value": 1}, {"source": 11, "target": 52, "right": true, "left": false, "value": 1}, {"source": 11, "target": 134, "right": false, "left": true, "value": 1}, {"source": 12, "target": 160, "right": true, "left": true, "value": 1}, {"source": 13, "target": 178, "right": true, "left": false, "value": 1}, {"source": 13, "target": 171, "right": true, "left": false, "value": 1}, {"source": 14, "target": 97, "right": true, "left": false, "value": 1}, {"source": 14, "target": 64, "right": false, "left": true, "value": 1}, {"source": 14, "target": 170, "right": false, "left": true, "value": 1}, {"source": 14, "target": 202, "right": false, "left": true, "value": 1}, {"source": 14, "target": 80, "right": false, "left": true, "value": 1}, {"source": 14, "target": 87, "right": false, "left": true, "value": 1}, {"source": 14, "target": 55, "right": false, "left": true, "value": 1}, {"source": 14, "target": 90, "right": false, "left": true, "value": 1}, {"source": 14, "target": 60, "right": false, "left": true, "value": 1}, {"source": 15, "target": 185, "right": true, "left": true, "value": 1}, {"source": 15, "target": 117, "right": true, "left": true, "value": 1}, {"source": 15, "target": 118, "right": true, "left": false, "value": 1}, {"source": 15, "target": 103, "right": true, "left": false, "value": 1}, {"source": 16, "target": 121, "right": true, "left": false, "value": 1}, {"source": 16, "target": 195, "right": true, "left": false, "value": 1}, {"source": 17, "target": 97, "right": true, "left": false, "value": 1}, {"source": 18, "target": 20, "right": true, "left": false, "value": 1}, {"source": 19, "target": 34, "right": true, "left": false, "value": 1}, {"source": 21, "target": 35, "right": true, "left": false, "value": 1}, {"source": 21, "target": 36, "right": true, "left": false, "value": 1}, {"source": 22, "target": 40, "right": true, "left": false, "value": 1}, {"source": 22, "target": 174, "right": true, "left": false, "value": 1}, {"source": 23, "target": 82, "right": true, "left": false, "value": 1}, {"source": 24, "target": 194, "right": true, "left": true, "value": 1}, {"source": 24, "target": 37, "right": true, "left": false, "value": 1}, {"source": 24, "target": 171, "right": true, "left": false, "value": 1}, {"source": 24, "target": 54, "right": false, "left": true, "value": 1}, {"source": 24, "target": 153, "right": false, "left": true, "value": 1}, {"source": 25, "target": 204, "right": false, "left": true, "value": 1}, {"source": 26, "target": 40, "right": true, "left": true, "value": 1}, {"source": 26, "target": 75, "right": false, "left": true, "value": 1}, {"source": 26, "target": 187, "right": true, "left": false, "value": 1}, {"source": 28, "target": 102, "right": true, "left": false, "value": 1}, {"source": 29, "target": 169, "right": true, "left": false, "value": 1}, {"source": 29, "target": 77, "right": true, "left": false, "value": 1}, {"source": 29, "target": 183, "right": true, "left": false, "value": 1}, {"source": 32, "target": 56, "right": true, "left": false, "value": 1}, {"source": 32, "target": 99, "right": false, "left": true, "value": 1}, {"source": 33, "target": 195, "right": true, "left": false, "value": 1}, {"source": 35, "target": 145, "right": false, "left": true, "value": 1}, {"source": 35, "target": 36, "right": true, "left": false, "value": 1}, {"source": 37, "target": 101, "right": true, "left": false, "value": 1}, {"source": 37, "target": 40, "right": true, "left": false, "value": 1}, {"source": 37, "target": 136, "right": false, "left": true, "value": 1}, {"source": 37, "target": 74, "right": false, "left": true, "value": 1}, {"source": 37, "target": 171, "right": true, "left": true, "value": 1}, {"source": 37, "target": 168, "right": false, "left": true, "value": 1}, {"source": 37, "target": 144, "right": false, "left": true, "value": 1}, {"source": 37, "target": 53, "right": false, "left": true, "value": 1}, {"source": 37, "target": 153, "right": true, "left": true, "value": 1}, {"source": 37, "target": 187, "right": false, "left": true, "value": 1}, {"source": 39, "target": 49, "right": false, "left": true, "value": 1}, {"source": 39, "target": 137, "right": false, "left": true, "value": 1}, {"source": 39, "target": 124, "right": true, "left": true, "value": 1}, {"source": 40, "target": 67, "right": false, "left": true, "value": 1}, {"source": 40, "target": 58, "right": false, "left": true, "value": 1}, {"source": 40, "target": 75, "right": false, "left": true, "value": 1}, {"source": 40, "target": 76, "right": false, "left": true, "value": 1}, {"source": 40, "target": 183, "right": true, "left": true, "value": 1}, {"source": 40, "target": 187, "right": false, "left": true, "value": 1}, {"source": 40, "target": 188, "right": false, "left": true, "value": 1}, {"source": 41, "target": 183, "right": true, "left": false, "value": 1}, {"source": 43, "target": 121, "right": true, "left": false, "value": 1}, {"source": 44, "target": 128, "right": true, "left": false, "value": 1}, {"source": 44, "target": 156, "right": true, "left": false, "value": 1}, {"source": 45, "target": 111, "right": true, "left": false, "value": 1}, {"source": 46, "target": 166, "right": true, "left": false, "value": 1}, {"source": 47, "target": 96, "right": false, "left": true, "value": 1}, {"source": 47, "target": 92, "right": false, "left": true, "value": 1}, {"source": 47, "target": 102, "right": true, "left": true, "value": 1}, {"source": 47, "target": 119, "right": false, "left": true, "value": 1}, {"source": 48, "target": 152, "right": false, "left": true, "value": 1}, {"source": 48, "target": 146, "right": false, "left": true, "value": 1}, {"source": 48, "target": 189, "right": false, "left": true, "value": 1}, {"source": 49, "target": 199, "right": false, "left": true, "value": 1}, {"source": 49, "target": 124, "right": true, "left": true, "value": 1}, {"source": 50, "target": 72, "right": true, "left": false, "value": 1}, {"source": 51, "target": 139, "right": true, "left": false, "value": 1}, {"source": 51, "target": 196, "right": false, "left": true, "value": 1}, {"source": 52, "target": 118, "right": true, "left": false, "value": 1}, {"source": 52, "target": 103, "right": true, "left": false, "value": 1}, {"source": 54, "target": 85, "right": true, "left": true, "value": 1}, {"source": 57, "target": 124, "right": true, "left": false, "value": 1}, {"source": 58, "target": 67, "right": false, "left": true, "value": 1}, {"source": 59, "target": 166, "right": true, "left": false, "value": 1}, {"source": 59, "target": 118, "right": true, "left": false, "value": 1}, {"source": 59, "target": 183, "right": true, "left": false, "value": 1}, {"source": 60, "target": 89, "right": false, "left": true, "value": 1}, {"source": 61, "target": 102, "right": true, "left": false, "value": 1}, {"source": 62, "target": 172, "right": true, "left": false, "value": 1}, {"source": 62, "target": 101, "right": true, "left": false, "value": 1}, {"source": 63, "target": 194, "right": true, "left": false, "value": 1}, {"source": 63, "target": 178, "right": true, "left": false, "value": 1}, {"source": 63, "target": 171, "right": true, "left": false, "value": 1}, {"source": 63, "target": 95, "right": false, "left": true, "value": 1}, {"source": 65, "target": 185, "right": true, "left": false, "value": 1}, {"source": 65, "target": 118, "right": true, "left": false, "value": 1}, {"source": 65, "target": 79, "right": false, "left": true, "value": 1}, {"source": 66, "target": 68, "right": true, "left": false, "value": 1}, {"source": 66, "target": 133, "right": true, "left": false, "value": 1}, {"source": 69, "target": 112, "right": false, "left": true, "value": 1}, {"source": 69, "target": 171, "right": true, "left": false, "value": 1}, {"source": 69, "target": 188, "right": true, "left": true, "value": 1}, {"source": 69, "target": 109, "right": false, "left": true, "value": 1}, {"source": 70, "target": 175, "right": false, "left": true, "value": 1}, {"source": 71, "target": 83, "right": true, "left": true, "value": 1}, {"source": 72, "target": 97, "right": true, "left": false, "value": 1}, {"source": 73, "target": 135, "right": true, "left": false, "value": 1}, {"source": 74, "target": 144, "right": true, "left": false, "value": 1}, {"source": 74, "target": 194, "right": true, "left": false, "value": 1}, {"source": 74, "target": 131, "right": true, "left": false, "value": 1}, {"source": 75, "target": 142, "right": true, "left": false, "value": 1}, {"source": 75, "target": 183, "right": true, "left": false, "value": 1}, {"source": 76, "target": 183, "right": true, "left": false, "value": 1}, {"source": 77, "target": 81, "right": true, "left": false, "value": 1}, {"source": 77, "target": 169, "right": true, "left": false, "value": 1}, {"source": 77, "target": 183, "right": true, "left": false, "value": 1}, {"source": 78, "target": 104, "right": false, "left": true, "value": 1}, {"source": 78, "target": 178, "right": true, "left": false, "value": 1}, {"source": 78, "target": 164, "right": false, "left": true, "value": 1}, {"source": 78, "target": 108, "right": true, "left": true, "value": 1}, {"source": 80, "target": 170, "right": false, "left": true, "value": 1}, {"source": 80, "target": 99, "right": false, "left": true, "value": 1}, {"source": 80, "target": 147, "right": false, "left": true, "value": 1}, {"source": 81, "target": 193, "right": true, "left": false, "value": 1}, {"source": 81, "target": 166, "right": false, "left": true, "value": 1}, {"source": 81, "target": 169, "right": true, "left": false, "value": 1}, {"source": 81, "target": 183, "right": true, "left": false, "value": 1}, {"source": 81, "target": 190, "right": false, "left": true, "value": 1}, {"source": 81, "target": 159, "right": false, "left": true, "value": 1}, {"source": 82, "target": 166, "right": false, "left": true, "value": 1}, {"source": 82, "target": 102, "right": true, "left": false, "value": 1}, {"source": 82, "target": 94, "right": false, "left": true, "value": 1}, {"source": 82, "target": 191, "right": false, "left": true, "value": 1}, {"source": 84, "target": 128, "right": false, "left": true, "value": 1}, {"source": 84, "target": 169, "right": true, "left": false, "value": 1}, {"source": 84, "target": 193, "right": true, "left": false, "value": 1}, {"source": 85, "target": 171, "right": true, "left": false, "value": 1}, {"source": 86, "target": 98, "right": true, "left": false, "value": 1}, {"source": 86, "target": 111, "right": true, "left": false, "value": 1}, {"source": 88, "target": 142, "right": true, "left": false, "value": 1}, {"source": 91, "target": 181, "right": true, "left": false, "value": 1}, {"source": 92, "target": 102, "right": true, "left": false, "value": 1}, {"source": 93, "target": 183, "right": true, "left": false, "value": 1}, {"source": 94, "target": 191, "right": false, "left": true, "value": 1}, {"source": 94, "target": 103, "right": true, "left": true, "value": 1}, {"source": 95, "target": 183, "right": true, "left": false, "value": 1}, {"source": 95, "target": 164, "right": true, "left": false, "value": 1}, {"source": 97, "target": 161, "right": false, "left": true, "value": 1}, {"source": 98, "target": 184, "right": false, "left": true, "value": 1}, {"source": 98, "target": 121, "right": true, "left": true, "value": 1}, {"source": 98, "target": 163, "right": false, "left": true, "value": 1}, {"source": 100, "target": 148, "right": true, "left": false, "value": 1}, {"source": 101, "target": 165, "right": false, "left": true, "value": 1}, {"source": 101, "target": 136, "right": false, "left": true, "value": 1}, {"source": 101, "target": 106, "right": false, "left": true, "value": 1}, {"source": 101, "target": 172, "right": false, "left": true, "value": 1}, {"source": 101, "target": 144, "right": false, "left": true, "value": 1}, {"source": 102, "target": 205, "right": false, "left": true, "value": 1}, {"source": 102, "target": 158, "right": false, "left": true, "value": 1}, {"source": 103, "target": 162, "right": false, "left": true, "value": 1}, {"source": 103, "target": 197, "right": false, "left": true, "value": 1}, {"source": 103, "target": 203, "right": false, "left": true, "value": 1}, {"source": 103, "target": 111, "right": true, "left": true, "value": 1}, {"source": 103, "target": 118, "right": true, "left": true, "value": 1}, {"source": 103, "target": 156, "right": false, "left": true, "value": 1}, {"source": 104, "target": 194, "right": true, "left": false, "value": 1}, {"source": 104, "target": 165, "right": true, "left": false, "value": 1}, {"source": 105, "target": 107, "right": true, "left": false, "value": 1}, {"source": 107, "target": 148, "right": true, "left": false, "value": 1}, {"source": 108, "target": 178, "right": true, "left": false, "value": 1}, {"source": 110, "target": 194, "right": true, "left": false, "value": 1}, {"source": 111, "target": 116, "right": false, "left": true, "value": 1}, {"source": 113, "target": 193, "right": true, "left": false, "value": 1}, {"source": 113, "target": 158, "right": true, "left": false, "value": 1}, {"source": 115, "target": 150, "right": true, "left": false, "value": 1}, {"source": 117, "target": 185, "right": true, "left": false, "value": 1}, {"source": 117, "target": 118, "right": true, "left": false, "value": 1}, {"source": 118, "target": 185, "right": true, "left": true, "value": 1}, {"source": 118, "target": 154, "right": false, "left": true, "value": 1}, {"source": 120, "target": 141, "right": false, "left": true, "value": 1}, {"source": 121, "target": 127, "right": false, "left": true, "value": 1}, {"source": 122, "target": 139, "right": true, "left": false, "value": 1}, {"source": 122, "target": 135, "right": true, "left": false, "value": 1}, {"source": 123, "target": 169, "right": true, "left": false, "value": 1}, {"source": 124, "target": 137, "right": false, "left": true, "value": 1}, {"source": 124, "target": 184, "right": false, "left": true, "value": 1}, {"source": 125, "target": 183, "right": true, "left": false, "value": 1}, {"source": 126, "target": 138, "right": false, "left": true, "value": 1}, {"source": 129, "target": 165, "right": true, "left": false, "value": 1}, {"source": 130, "target": 180, "right": false, "left": true, "value": 1}, {"source": 130, "target": 142, "right": true, "left": false, "value": 1}, {"source": 132, "target": 135, "right": true, "left": false, "value": 1}, {"source": 135, "target": 139, "right": true, "left": false, "value": 1}, {"source": 135, "target": 157, "right": true, "left": false, "value": 1}, {"source": 136, "target": 168, "right": false, "left": true, "value": 1}, {"source": 139, "target": 179, "right": false, "left": true, "value": 1}, {"source": 139, "target": 157, "right": false, "left": true, "value": 1}, {"source": 140, "target": 180, "right": false, "left": true, "value": 1}, {"source": 140, "target": 142, "right": true, "left": false, "value": 1}, {"source": 142, "target": 198, "right": false, "left": true, "value": 1}, {"source": 142, "target": 205, "right": false, "left": true, "value": 1}, {"source": 142, "target": 183, "right": true, "left": true, "value": 1}, {"source": 143, "target": 201, "right": false, "left": true, "value": 1}, {"source": 143, "target": 182, "right": true, "left": true, "value": 1}, {"source": 149, "target": 178, "right": true, "left": false, "value": 1}, {"source": 149, "target": 165, "right": true, "left": false, "value": 1}, {"source": 151, "target": 181, "right": false, "left": true, "value": 1}, {"source": 153, "target": 171, "right": true, "left": false, "value": 1}, {"source": 154, "target": 185, "right": true, "left": false, "value": 1}, {"source": 155, "target": 193, "right": true, "left": false, "value": 1}, {"source": 156, "target": 162, "right": false, "left": true, "value": 1}, {"source": 163, "target": 186, "right": true, "left": false, "value": 1}, {"source": 163, "target": 167, "right": false, "left": true, "value": 1}, {"source": 164, "target": 178, "right": true, "left": true, "value": 1}, {"source": 165, "target": 200, "right": false, "left": true, "value": 1}, {"source": 167, "target": 199, "right": true, "left": false, "value": 1}, {"source": 169, "target": 190, "right": false, "left": true, "value": 1}, {"source": 171, "target": 194, "right": true, "left": true, "value": 1}, {"source": 171, "target": 183, "right": true, "left": false, "value": 1}, {"source": 171, "target": 188, "right": false, "left": true, "value": 1}, {"source": 174, "target": 187, "right": true, "left": true, "value": 1}, {"source": 174, "target": 190, "right": false, "left": true, "value": 1}, {"source": 175, "target": 177, "right": false, "left": true, "value": 1}, {"source": 176, "target": 178, "right": true, "left": false, "value": 1}, {"source": 183, "target": 185, "right": false, "left": true, "value": 1}, {"source": 186, "target": 199, "right": true, "left": false, "value": 1}, {"source": 192, "target": 193, "right": true, "left": false, "value": 1}, {"source": 193, "target": 205, "right": false, "left": true, "value": 1}]}