{"nodes": [{"asin": "B000IWG3TC", "name": "Selkirk Metalbestos 8UT-48 8-Inch X 48-Inch Stainless Steel Insulated Chimney Pipe", "imUrl": "http://ecx.images-amazon.com/images/I/51lXIp0vhML._SY300_.jpg", "price": 191.12, "numReviews": 3, "groups": [0], "averageRating": 4.333333333333333, "brand": "Selkirk Metalbestos"}, {"asin": "B001OC4D3I", "name": "Hart Cooley F216 12x25 (51330) R6.0 Metalized Jacket Insulated Flexible Air Duct with 2Ply Black Polyester Core 12\" x 25'", "imUrl": "http://ecx.images-amazon.com/images/I/31kzhBBsVzL.jpg", "price": 59.92, "numReviews": 1, "groups": [1], "averageRating": 5.0}, {"asin": "B0085UZFE8", "name": "Speedi-Products SM-26A90 07 7-Inch 26-Gauge 90-Degree Round Adjustable Elbow", "imUrl": "http://ecx.images-amazon.com/images/I/51KDTquKsZL._SY300_.jpg", "price": 5.23, "numReviews": 1, "groups": [2], "averageRating": 5.0}, {"asin": "B002UMFURE", "name": "Li Building Mif12x300 Mobile Home Flex Duct, 12\" X 25'", "imUrl": "http://ecx.images-amazon.com/images/I/51Rl57mNGWL._SY300_.jpg", "price": 59.99, "numReviews": 1, "groups": [3], "averageRating": 5.0}, {"asin": "B0049H997K", "name": "Dundas Jafine BPC625R6 Insulated Flexible Duct with Black Jacket, 6-Inches by 25-Feet", "imUrl": "http://ecx.images-amazon.com/images/I/41gi1cl9HKL._SX300_.jpg", "price": 46.76, "numReviews": 4, "groups": [4], "averageRating": 4.25, "brand": "Dundas Jafine"}, {"asin": "B0085KZNV8", "name": "Speedi-Products EX-HPG 06 6-Inch Diameter Heavy Duty Paintable Galv Hood", "imUrl": "http://ecx.images-amazon.com/images/I/41OiXXkpZgL._SX300_.jpg", "price": 17.17, "numReviews": 1, "groups": [5], "averageRating": 5.0}, {"asin": "B00DCES1TI", "name": "VenTech VTD625 6'' inch Aluminum Duct for Ventilation Ducting", "imUrl": "http://ecx.images-amazon.com/images/I/516ytnvmkML._SY300_.jpg", "price": 17.95, "numReviews": 18, "groups": [6], "averageRating": 4.111111111111111}, {"asin": "B008JFBN9A", "name": "Rectorseal LD 3.5\" 12' WALL DUCT KIT IV 92 Ivory", "imUrl": "http://ecx.images-amazon.com/images/I/41Fv54p5-DL._SY300_.jpg", "price": 63.97, "numReviews": 2, "groups": [7], "averageRating": 4.5, "brand": "Rectorseal"}, {"asin": "B000DZKS8Q", "name": "Selkirk Metalbestos 6T-LB 6-Inch Stainless Steel Locking Band", "imUrl": "http://ecx.images-amazon.com/images/I/31ye5WokUwL._SY300_.jpg", "price": 9.93, "numReviews": 4, "groups": [8], "averageRating": 3.25, "brand": "Selkirk Metalbestos"}, {"asin": "B0085KZPT8", "name": "Speedi-Products WDC08 8-Inch Diameter Stainless Steel Wind Directional Cap with Adapter", "imUrl": "http://ecx.images-amazon.com/images/I/41QmACoQOnL._SX300_.jpg", "price": 130.0, "numReviews": 4, "groups": [9], "averageRating": 4.0}, {"asin": "B001UFDUHO", "name": "Lambro Ind. 378 Range Hood Roof Vent Kit", "imUrl": "http://ecx.images-amazon.com/images/I/21kXhN49fUL._SY300_.jpg", "price": 65.63, "numReviews": 3, "groups": [10], "averageRating": 3.6666666666666665, "brand": "Lambro"}, {"asin": "B001RDKD74", "name": "6'' DVL Oval-to-Round Adapter - 8670", "imUrl": "http://ecx.images-amazon.com/images/I/41KeIcll8uL._SY300_.jpg", "price": 96.59, "numReviews": 1, "groups": [11], "averageRating": 5.0}, {"asin": "B000UFXXHM", "name": "Selkirk 266086 Double Wall Adjustable Smoke Pipe", "imUrl": "http://ecx.images-amazon.com/images/I/31HvyL1EjoL._SY300_.jpg", "price": 29.63, "numReviews": 3, "groups": [12], "averageRating": 5.0, "brand": "Selkirk"}, {"asin": "B00F6BL11U", "name": "VenTech DF4 4\" Duct Fan 100 CFM", "imUrl": "http://ecx.images-amazon.com/images/I/41MsrsgswZL._SY300_.jpg", "price": 22.95, "numReviews": 8, "groups": [13], "averageRating": 3.5}, {"asin": "B000LNIBTS", "name": "Field Controls #b34tj06b 6\" Auto Draft Regulator", "imUrl": "http://ecx.images-amazon.com/images/I/41-rTmVKlYL._SY300_.jpg", "price": 21.38, "numReviews": 5, "groups": [14], "averageRating": 4.0, "brand": "Field Controls"}, {"asin": "B000YYKNWM", "name": "DURAVENT\" STOVE PIPE DAMPER 6\"", "imUrl": "http://ecx.images-amazon.com/images/I/411oP11iZdL._SY300_.jpg", "price": 21.52, "numReviews": 6, "groups": [15], "averageRating": 4.0}, {"asin": "B002VFEB7K", "name": "Oval To 8\" Round Heat-fab 22-ga Welded Black Stovepipe Straight Boot For Vermont Castings Stoves", "imUrl": "http://ecx.images-amazon.com/images/I/31PTB6Hnn2L._SX300_.jpg", "price": 39.68, "numReviews": 3, "groups": [16], "averageRating": 4.333333333333333, "salesRankCategory": "Kitchen & Dining", "salesRank": 163741}, {"asin": "B000KKMB7U", "name": "Gray Metal 6x8-612 Adjustable Stove Pipe Reducer/increaser, 24 Gauge", "imUrl": "http://ecx.images-amazon.com/images/I/41JObfPJE7L._SY300_.jpg", "price": 13.18, "numReviews": 1, "groups": [17], "averageRating": 5.0, "brand": "Gray Metal"}, {"asin": "B0014CPEAY", "name": "4'' x 6 5/8'' DuraVent DirectVent Pro Aluminum Square Horizontal Termination Cap - 46DVA-HC", "imUrl": "http://ecx.images-amazon.com/images/I/411DwXJUFkL._SY300_.jpg", "price": 172.33, "numReviews": 3, "groups": [18], "averageRating": 4.666666666666667, "salesRankCategory": "Home & Kitchen", "salesRank": 588835}, {"asin": "B000FJP8B2", "name": "10-INCH 110VAC 650CFM In-Line Duct Booster Fan", "imUrl": "http://ecx.images-amazon.com/images/I/41HZQ414AAL._SY300_.jpg", "price": 45.06, "numReviews": 7, "groups": [19], "averageRating": 4.428571428571429}, {"asin": "B0002YTD7A", "name": "Imperial #bm0079 8x6 Black 24ga Reducer", "imUrl": "http://ecx.images-amazon.com/images/I/41pI5S0WpyL._SY300_.jpg", "price": 10.64, "numReviews": 5, "groups": [20], "averageRating": 5.0, "brand": "Imperial", "salesRankCategory": "Home & Kitchen", "salesRank": 471571}, {"asin": "B000DZFTE4", "name": "Lambro Ind. 1050 Flat Elbow", "imUrl": "http://ecx.images-amazon.com/images/I/41b1d9gcGdL._SY300_.jpg", "price": 9.14, "numReviews": 2, "groups": [21], "averageRating": 5.0, "brand": "Lambro"}, {"asin": "B0085UZCJQ", "name": "Speedi-Products FDSC-07 7-Inch Diameter Flex and Sheet Metal Duct Splice Connector Collar", "imUrl": "http://ecx.images-amazon.com/images/I/51g6-caFhmL._SX300_.jpg", "price": 18.51, "numReviews": 2, "groups": [22], "averageRating": 5.0}, {"asin": "B0002YVIHI", "name": "Selkirk Metalbestos 6T-WB Stainless Steel Wall Band", "imUrl": "http://ecx.images-amazon.com/images/I/31ybzpUvRbL._SY300_.jpg", "price": 23.4, "numReviews": 5, "groups": [23], "averageRating": 4.0, "brand": "Selkirk Metalbestos"}, {"asin": "B000DZKYHQ", "name": "SELKIRK CORP 243006 3x6 Pellet Stove Pipe", "imUrl": "http://ecx.images-amazon.com/images/I/410hNIRA-hL._SY300_.jpg", "price": 14.85, "numReviews": 1, "groups": [24], "averageRating": 5.0}, {"asin": "B0085UZDDG", "name": "Speedi-Products FDSC-08 8-Inch Diameter Flex and Sheet Metal Duct Splice Connector Collar", "imUrl": "http://ecx.images-amazon.com/images/I/51g6-caFhmL._SX300_.jpg", "price": 10.97, "numReviews": 1, "groups": [25], "averageRating": 2.0}, {"asin": "B0002IGCNO", "name": "4\" X 25' Insulated Flex Duct", "imUrl": "http://ecx.images-amazon.com/images/I/51gh4QIiS3L._SX300_.jpg", "price": 44.65, "numReviews": 1, "groups": [26], "averageRating": 2.0}, {"asin": "B0085UZF8E", "name": "Speedi-Products SM-26A90 06 6-Inch 26-Gauge 90-Degree Round Adjustable Elbow", "imUrl": "http://ecx.images-amazon.com/images/I/51KDTquKsZL._SY300_.jpg", "price": 6.85, "numReviews": 3, "groups": [27], "averageRating": 4.666666666666667}, {"asin": "B000K6GAS0", "name": "Dura Plus Chimney Section, 6\" x 12\"", "imUrl": "http://ecx.images-amazon.com/images/I/41WfEKIejZL._SY300_.jpg", "price": 46.02, "numReviews": 1, "groups": [28], "averageRating": 5.0}, {"asin": "B000DZHCVM", "name": "SELKIRK CORP 200420 Universal Roof Support Kit", "imUrl": "http://ecx.images-amazon.com/images/I/31dx73aD-ZL._SY300_.jpg", "price": 41.5, "numReviews": 1, "groups": [29], "averageRating": 5.0}, {"asin": "B000GXF7KO", "name": "Fantech DBF 110 Dryer Booster Fan 4\" Duct 167 CFM", "imUrl": "http://ecx.images-amazon.com/images/I/313eCjZFzLL.jpg", "price": 173.0, "numReviews": 60, "groups": [30], "averageRating": 4.5, "brand": "Fantech"}, {"asin": "B001D0J322", "name": "Transition 3 1/4\" x 14\" to 8\"", "imUrl": "http://ecx.images-amazon.com/images/I/51M8vY35MAL._SX300_.jpg", "price": 26.64, "numReviews": 2, "groups": [31], "averageRating": 5.0}, {"asin": "B000KKO0PG", "name": "DuraVent DuraPlus Basic Chimney Kit - Vertical Installation", "imUrl": "http://ecx.images-amazon.com/images/I/41lv929yNfL._SY300_.jpg", "price": 208.36, "numReviews": 4, "groups": [32], "averageRating": 4.75, "salesRankCategory": "Home Improvement", "salesRank": 62377}, {"asin": "B000H5SKWS", "name": "Deflect-o Svhaw6/8 \"plastic\" Wall Cap Damper 6\" - White", "imUrl": "http://ecx.images-amazon.com/images/I/31CcMl-Nl9L._SY300_.jpg", "price": 16.99, "numReviews": 4, "groups": [33], "averageRating": 4.0}, {"asin": "B0002YVIJG", "name": "Selkirk Metalbestos 8T-IT Insulated Tee with Plug Stainless", "imUrl": "http://ecx.images-amazon.com/images/I/41npDBU6lGL._SY300_.jpg", "price": 163.38, "numReviews": 1, "groups": [34], "averageRating": 4.0, "brand": "Selkirk Metalbestos"}, {"asin": "B0015615HA", "name": "NuTone 636AL Aluminum Roof Cap for Ventilation Fans", "imUrl": "http://ecx.images-amazon.com/images/I/41E7Lkq9UQL._SX300_.jpg", "price": 27.48, "numReviews": 1, "groups": [35], "averageRating": 5.0}, {"asin": "B001KZDYHU", "name": "Ductsmart 25ft Dryer Duct Vent Cleaning System", "imUrl": "http://ecx.images-amazon.com/images/I/410qHAnpv9L._SY300_.jpg", "price": 49.95, "numReviews": 4, "groups": [36], "averageRating": 3.0}, {"asin": "B0085KZOA8", "name": "Speedi-Products EX-WCHD 04 4-Inch Diameter Heavy Duty Wall Cap, Gray", "imUrl": "http://ecx.images-amazon.com/images/I/41Ih4-J5VVL._SX300_.jpg", "price": 14.68, "numReviews": 4, "groups": [37], "averageRating": 4.75}, {"asin": "B00009V2QA", "name": "350G Plastic Wall Cap (5\")", "imUrl": "http://ecx.images-amazon.com/images/I/41o7eSnpm2L._SY300_.jpg", "price": 12.92, "numReviews": 4, "groups": [38], "averageRating": 4.75, "salesRankCategory": "Electronics", "salesRank": 91069}, {"asin": "B000N4PAB2", "name": "Selkirk Pellet Stove Pipe Adapter, 3\" x 8\"", "imUrl": "http://ecx.images-amazon.com/images/I/21ZIQwalVcL.jpg", "price": 33.85, "numReviews": 1, "groups": [39], "averageRating": 5.0, "brand": "Selkirk"}, {"asin": "B00AA2WGFK", "name": "4-in Hvac Duct Manual Volume Damper with Sleeve", "imUrl": "http://ecx.images-amazon.com/images/I/41phIRvBshL._SX300_.jpg", "price": 9.95, "numReviews": 1, "groups": [40], "averageRating": 3.0}, {"asin": "B000DZKYZ8", "name": "Imperial Mfg Group BM0179 Adjustable Flue Stop", "imUrl": "http://ecx.images-amazon.com/images/I/51X8MGPIPzL._SY300_.jpg", "price": 9.88, "numReviews": 2, "groups": [41], "averageRating": 4.0, "salesRankCategory": "Home & Kitchen", "salesRank": 131972}, {"asin": "B001HWCX2I", "name": "Deflect-o Aluminum, Increaser/reducer (dirb43)", "imUrl": "http://ecx.images-amazon.com/images/I/31VhLOlvaEL._SX300_.jpg", "price": 2.86, "numReviews": 2, "groups": [42], "averageRating": 4.0}, {"asin": "B0085KZODA", "name": "Speedi-Products EX-WCHD 05 5-Inch Diameter Heavy Duty Wall Cap, Gray", "imUrl": "http://ecx.images-amazon.com/images/I/41Ih4-J5VVL._SX300_.jpg", "price": 15.92, "numReviews": 6, "groups": [43], "averageRating": 4.5}, {"asin": "B00AADBBB4", "name": "6 Stovepipe Reclaim / Radiator Rings / Bands, improve efficiency, Collars capture heat from 8\" Dia stove pipe.", "imUrl": "http://ecx.images-amazon.com/images/I/412%2BjFXrBzL._SY300_.jpg", "price": 37.0, "numReviews": 1, "groups": [44], "averageRating": 4.0}, {"asin": "B0002IGCLQ", "name": "Deflecto A068/4 6-Inch Diameter by 8-Feet Semi-Rigid Flexible Aluminum Duct", "imUrl": "http://ecx.images-amazon.com/images/I/41WPW6KFG6L._SX300_.jpg", "price": 15.01, "numReviews": 10, "groups": [6], "averageRating": 4.2, "brand": "Deflecto"}, {"asin": "B000DZKZKW", "name": "Hy-c Scss913 Chimney Cover Cap 9x13\" Ss", "imUrl": "http://ecx.images-amazon.com/images/I/71CSJQZGF1L._SX300_.gif", "price": 50.99, "numReviews": 5, "groups": [45], "averageRating": 4.6}, {"asin": "B00467A9IG", "name": "Selkirk Metalbestos 6UT-18 6-Inch X 18-Inch Stainless Steel Insulated Chimney Pipe", "imUrl": "http://ecx.images-amazon.com/images/I/51lXIp0vhML._SY300_.jpg", "price": 52.91, "numReviews": 2, "groups": [46], "averageRating": 4.0, "brand": "Selkirk Metalbestos"}, {"asin": "B0085UZRGY", "name": "Speedi-Products FD-12R8 06 6-Inch Diameter by 12-Feet Length R8 Insulated Flexible Duct with Metalized Jacket", "imUrl": "http://ecx.images-amazon.com/images/I/514GIl-lInL._SX300_.jpg", "price": 6.85, "numReviews": 3, "groups": [47], "averageRating": 4.0}, {"asin": "B0085UZDZO", "name": "Speedi-Products AC-BD 06 6-Inch Diameter Galvanized Back Draft Prevention Damper", "imUrl": "http://ecx.images-amazon.com/images/I/51EL6KK-l3L._SX300_.jpg", "price": 19.27, "numReviews": 2, "groups": [48], "averageRating": 3.5}, {"asin": "B000BQPX7S", "name": "SELKIRK CORP 243060 3x5 Pellet Stove Pipe", "imUrl": "http://ecx.images-amazon.com/images/I/31tfSp7XRJL._SY300_.jpg", "price": 34.69, "numReviews": 1, "groups": [49], "averageRating": 5.0}, {"asin": "B008NY6P36", "name": "iPower GLDUCT25C Ventilation Ducting Fan with Pair of Clamps, 6-Inch", "imUrl": "http://ecx.images-amazon.com/images/I/5139MLHSyHL._SX300_.jpg", "price": 18.9, "numReviews": 4, "groups": [50], "averageRating": 4.25, "brand": "iPower", "salesRankCategory": "Patio, Lawn & Garden", "salesRank": 93966}, {"asin": "B0015RZU8Y", "name": "Fantech FC4 4\" Duct Stabilizing Mounting Clamp", "imUrl": "http://ecx.images-amazon.com/images/I/31FzwalizHL.jpg", "price": 49.99, "numReviews": 1, "groups": [51], "averageRating": 4.0, "brand": "Fantech", "salesRankCategory": "Industrial & Scientific", "salesRank": 61200}, {"asin": "B00AFFFI7A", "name": "Midwest Ducts Rectangular Duct Volume Damper - 12\" x 8\"", "imUrl": "http://ecx.images-amazon.com/images/I/417QmKZtNWL._SX300_.jpg", "price": 4.48, "numReviews": 1, "groups": [52], "averageRating": 5.0}, {"asin": "B000GXCQQW", "name": "Fantech HS 6W Louvered Shutter 6\" Round Duct", "imUrl": "http://ecx.images-amazon.com/images/I/31kTZouquTL.jpg", "price": 11.5, "numReviews": 6, "groups": [53], "averageRating": 3.5, "brand": "Fantech"}, {"asin": "B0085V054W", "name": "Speedi-Products SM-W3106 EB 10-Inch Width by 3.25-Inch Length to 6-Inch Width Stack End Boot", "imUrl": "http://ecx.images-amazon.com/images/I/41fWSQMV7AL._SX300_.jpg", "price": 19.85, "numReviews": 2, "groups": [54], "averageRating": 5.0}, {"asin": "B0085UZX7M", "name": "Speedi-Products SM-RDP 43 4-Inch by 3-Inch Round Galvanized Plain Reducer", "imUrl": "http://ecx.images-amazon.com/images/I/41qNcSSgbFL._SX300_.jpg", "price": 8.4, "numReviews": 2, "groups": [55], "averageRating": 5.0}, {"asin": "B0009SS14A", "name": "Selkirk Metalbestos 6T-IT Insulated Tee with Plug Stainless", "imUrl": "http://ecx.images-amazon.com/images/I/41npDBU6lGL._SY300_.jpg", "price": 125.94, "numReviews": 4, "groups": [56], "averageRating": 3.25, "brand": "Selkirk Metalbestos"}, {"asin": "B0085UZWPU", "name": "Speedi-Products SM-RH3106 NB 3.25-Inch W by 10-Inch Length to 6-Inch Stack Range Hood 90-Degree Boot", "imUrl": "http://ecx.images-amazon.com/images/I/41rAKJ0PzwL._SX300_.jpg", "price": 12.06, "numReviews": 2, "groups": [57], "averageRating": 5.0}, {"asin": "B000BQSX5W", "name": "Selkirk Metalbestos 258240 8-Inch DSP Chimney Pipe Adapter", "imUrl": "http://ecx.images-amazon.com/images/I/41eTQHF6OmL._SY300_.jpg", "price": 30.29, "numReviews": 2, "groups": [0, 58], "averageRating": 5.0, "brand": "Selkirk Metalbestos"}, {"asin": "B0085UYS9G", "name": "Speedi-Collar SC-08D 8-Inch Diameter Take Off Start Collar with Damper for Hvac Duct Work Connections", "imUrl": "http://ecx.images-amazon.com/images/I/51zRjiUMonL._SX300_.jpg", "price": 13.35, "numReviews": 4, "groups": [59], "averageRating": 4.0}, {"asin": "B000BODU9S", "name": "Selkirk Metalbestos 266012 6-Inch X 12-Inch Black Matte Double Wall Smoke Pipe", "imUrl": "http://ecx.images-amazon.com/images/I/31KX5Hp3vbL._SY300_.jpg", "price": 20.35, "numReviews": 3, "groups": [60], "averageRating": 4.666666666666667, "brand": "Selkirk Metalbestos"}, {"asin": "B003JV66X2", "name": "Quietflex 6\" R8.0 Metalized Insulated Flex Duct - 25' Box", "imUrl": "http://ecx.images-amazon.com/images/I/31kzhBBsVzL.jpg", "price": 43.21, "numReviews": 2, "groups": [61], "averageRating": 3.0}, {"asin": "B00310YOGM", "name": "6\" DIAM FLUSH MOUNT LUVRD HOOD", "imUrl": "http://ecx.images-amazon.com/images/I/11ieNuZeJoL.jpg", "price": 6.45, "numReviews": 1, "groups": [62], "averageRating": 3.0}, {"asin": "B00AWEUW6G", "name": "Finally a Dryer Duct Cleaning Kit that Works!", "imUrl": "http://ecx.images-amazon.com/images/I/41Vd2tao0xL._SX300_.jpg", "price": 30.83, "numReviews": 17, "groups": [63], "averageRating": 4.705882352941177}, {"asin": "B006FLSB40", "name": "InfraStop 48\" X 50' White Double Bubble Reflective Foil Insulation", "imUrl": "http://ecx.images-amazon.com/images/I/31AiBLLev3L._SY300_.jpg", "price": 75.0, "numReviews": 1, "groups": [64], "averageRating": 5.0}, {"asin": "B003K0E74C", "name": "Simpson Duravent 9048BN 6\" Square Ceiling Support Box 24\"", "imUrl": "http://ecx.images-amazon.com/images/I/319zMO6Nb8L._SY300_.jpg", "price": 71.06, "numReviews": 2, "groups": [65], "averageRating": 4.0}, {"asin": "B0085UYSYG", "name": "Speedi-Collar SC-12D 12-Inch Diameter Take Off Start Collar with Damper for Hvac Duct Work Connections", "imUrl": "http://ecx.images-amazon.com/images/I/51sLw6vTrTL._SY300_.jpg", "price": 20.98, "numReviews": 1, "groups": [66], "averageRating": 5.0}, {"asin": "B00B79OH0C", "name": "12 to 8 Duct Reducer-Ductwork-Heating Duct-Air Duct-Ventilation Fittings", "imUrl": "http://ecx.images-amazon.com/images/I/31FTr8oBe4L.jpg", "price": 16.69, "numReviews": 1, "groups": [67], "averageRating": 4.0}, {"asin": "B0009X8MGC", "name": "Selkirk Metalbestos 8T-RBK 8-Inch Stainless Steel Roof Brace Kit", "imUrl": "http://ecx.images-amazon.com/images/I/315bb0cYOTL._SY300_.jpg", "price": 58.97, "numReviews": 4, "groups": [68], "averageRating": 2.5, "brand": "Selkirk Metalbestos"}, {"asin": "B004QPJOFM", "name": "HVAC Duct Wrap Insulation (R-Value=8)", "imUrl": "http://ecx.images-amazon.com/images/I/41fom2vA3dL._SY300_.jpg", "price": 169.99, "numReviews": 1, "groups": [69], "averageRating": 5.0}, {"asin": "B0085UZQOC", "name": "Speedi-Products FD-25R8 12 12-Inch Diameter by 25-Feet Length R8 Insulated Flexible Duct with Metalized Jacket", "imUrl": "http://ecx.images-amazon.com/images/I/514GIl-lInL._SX300_.jpg", "price": 95.18, "numReviews": 1, "groups": [70], "averageRating": 5.0}, {"asin": "B0085UZWRI", "name": "Speedi-Products SM-RH3106 SB 3.25-Inch W by 10-Inch Length to 6-Inch Stack Range Hood Straight Boot", "imUrl": "http://ecx.images-amazon.com/images/I/51tSWoTWS9L._SY300_.jpg", "price": 12.06, "numReviews": 7, "groups": [71], "averageRating": 3.7142857142857144}, {"asin": "B000KZ56X6", "name": "Simpson Duravent 46DVA-HC 4x7\" Direct Vent Horizontal Termination Cap", "imUrl": "http://ecx.images-amazon.com/images/I/411DwXJUFkL._SY300_.jpg", "price": 128.67, "numReviews": 1, "groups": [72], "averageRating": 5.0}, {"asin": "B006KYYYKM", "name": "Speedi-Products SM-RSV 6 6-Inch Diameter Plastic Round Soffit Vent", "imUrl": "http://ecx.images-amazon.com/images/I/41XYSb5ymUL._SX300_.jpg", "price": 10.97, "numReviews": 4, "groups": [73], "averageRating": 4.0}, {"asin": "B0049H9970", "name": "Dundas Jafine BPC425R6 Insulated Flexible Duct with Black Jacket, 4-Inches by 25-Feet", "imUrl": "http://ecx.images-amazon.com/images/I/41gi1cl9HKL._SX300_.jpg", "price": 44.6, "numReviews": 5, "groups": [74], "averageRating": 3.8, "brand": "Dundas Jafine"}, {"asin": "B002BHVWCA", "name": "Dundas Jafine SEVZW Soffit Exhaust Vents Fits 4-Inch, 5-Inch and 6-Inch Duct", "imUrl": "http://ecx.images-amazon.com/images/I/51Kx223Lk%2BL._SY300_.jpg", "price": 6.29, "numReviews": 28, "groups": [75], "averageRating": 3.9642857142857144, "brand": "Dundas Jafine"}, {"asin": "B006KZ0HSE", "name": "Speedi-Products EX-DFRP 04 4-Inch Diameter Round Adjustable Plastic Diffuser, White", "imUrl": "http://ecx.images-amazon.com/images/I/41QoEztfL9L._SY300_.jpg", "price": 12.99, "numReviews": 4, "groups": [76], "averageRating": 3.5}, {"asin": "B00481HY2Y", "name": "Continental Fan Manufacturing BDD200 N/A Spring Loaded Backdraft Damper for 8\" Ducting", "imUrl": "http://ecx.images-amazon.com/images/I/21pK8B0RrBL.jpg", "price": 18.51, "numReviews": 2, "groups": [77], "averageRating": 3.0}, {"asin": "B0007N73F0", "name": "Suncourt Inductor 12\" DB212 MAX BOOST 800CFM", "imUrl": "http://ecx.images-amazon.com/images/I/51trLG5f1iL._SY300_.jpg", "price": 58.41, "numReviews": 1, "groups": [78], "averageRating": 2.0, "brand": "Suncourt"}, {"asin": "B0076P008O", "name": "6\" X 25' Insulated Flex Duct", "imUrl": "http://ecx.images-amazon.com/images/I/51zpjR2B2qL._SY300_.jpg", "price": 51.95, "numReviews": 1, "groups": [79], "averageRating": 5.0}, {"asin": "B00AERP47S", "name": "Midwest Ducts Rectangular Ductwork Volume Damper - 14 x 8 Inches", "imUrl": "http://ecx.images-amazon.com/images/I/417QmKZtNWL._SX300_.jpg", "price": 4.74, "numReviews": 2, "groups": [80], "averageRating": 5.0}, {"asin": "B0009SS18Q", "name": "Selkirk Metalbestos 256240 6-Inch DSP Chimney Pipe Adapter", "imUrl": "http://ecx.images-amazon.com/images/I/41T4zh04VdL._SY300_.jpg", "price": 25.3, "numReviews": 10, "groups": [58, 81], "averageRating": 4.8, "brand": "Selkirk Metalbestos"}, {"asin": "B000LF5V76", "name": "TAPER REDUCER 8X6 GALV", "imUrl": "http://ecx.images-amazon.com/images/I/41JC23a1CsL._SY300_.jpg", "price": 9.38, "numReviews": 3, "groups": [82], "averageRating": 5.0, "salesRankCategory": "Patio, Lawn & Garden", "salesRank": 180735}, {"asin": "B0085UZPPC", "name": "Speedi-Products FD-25R6 12 12-Inch Diameter by 25-Feet Length R6 Insulated Flexible Duct with Metalized Jacket", "imUrl": "http://ecx.images-amazon.com/images/I/514GIl-lInL._SX300_.jpg", "price": 71.38, "numReviews": 1, "groups": [83], "averageRating": 4.0}, {"asin": "B002Q4U1A2", "name": "Air King BDD6R 6-Inch Round Back Draft Damper", "imUrl": "http://ecx.images-amazon.com/images/I/51keQw1w5xL._SY300_.jpg", "price": 26.92, "numReviews": 13, "groups": [48], "averageRating": 3.6153846153846154}, {"asin": "B000KA4O7U", "name": "Pellet Stove Chimney Adapter, 6\"", "imUrl": "http://ecx.images-amazon.com/images/I/41i5ehPtK2L._SY300_.jpg", "price": 47.25, "numReviews": 4, "groups": [39], "averageRating": 5.0}, {"asin": "B000JTK2N2", "name": "Selkirk 266210 Stove Pipe Adapter", "imUrl": "http://ecx.images-amazon.com/images/I/41Kf2iVMQpL._SY300_.jpg", "price": 20.7, "numReviews": 1, "groups": [84], "averageRating": 5.0, "brand": "Selkirk"}, {"asin": "B008D7MLJ0", "name": "Round Undereve / Soffit Bathroom Fan Vent", "imUrl": "http://ecx.images-amazon.com/images/I/41XJaErJWfL._SY300_.jpg", "price": 15.3, "numReviews": 1, "groups": [85], "averageRating": 2.0}, {"asin": "B0002YVUOO", "name": "Solar Attic Fan - Thermostat ( for Natural Light Brand Fans Only)", "imUrl": "http://ecx.images-amazon.com/images/I/31ubq4iZzxL.jpg", "price": 16.22, "numReviews": 37, "groups": [86], "averageRating": 4.783783783783784, "brand": "Natural Light"}, {"asin": "B00BOQ2ATS", "name": "6 Stovepipe Heat Reclaimer / Radiator Rings, 3.6\" Dia pellet / corn stove pipe", "imUrl": "http://ecx.images-amazon.com/images/I/41pUJtCLJ-L._SY300_.jpg", "price": 28.0, "numReviews": 1, "groups": [87], "averageRating": 5.0}, {"asin": "B0002YVF0S", "name": "Selkirk Metalbestos 6T-RSP 6-Inch Stainless Steel Roof Support Package", "imUrl": "http://ecx.images-amazon.com/images/I/41CV0Vx-I-L._SY300_.jpg", "price": 71.66, "numReviews": 2, "groups": [88], "averageRating": 5.0, "brand": "Selkirk Metalbestos"}, {"asin": "B000BVMZAQ", "name": "Selkirk Metalbestos 266036 6-Inch X 36-Inch Black Matte Double Wall Smoke Pipe", "imUrl": "http://ecx.images-amazon.com/images/I/31uJUBe3phL._SY300_.jpg", "price": 49.97, "numReviews": 2, "groups": [89], "averageRating": 4.5, "brand": "Selkirk Metalbestos"}, {"asin": "B000BQWWDG", "name": "LAMBRO INDUSTRIES 306 ALUMINUM FLEXIBLE DUCT - 6\"", "imUrl": "http://ecx.images-amazon.com/images/I/41wufLHmP%2BL._SY300_.jpg", "price": 8.31, "numReviews": 2, "groups": [90], "averageRating": 5.0}, {"asin": "B000BQ7X12", "name": "Imperial #bm0075 6x5 Black 24ga Reducer", "imUrl": "http://ecx.images-amazon.com/images/I/415YXigmAyL._SY300_.jpg", "price": 13.56, "numReviews": 1, "groups": [91], "averageRating": 5.0, "brand": "Imperial"}, {"asin": "B000W09SPG", "name": "ADJUSTABLE FLUE STOP", "imUrl": "http://ecx.images-amazon.com/images/I/41y8Sj3zGjL._SY300_.jpg", "price": 4.16, "numReviews": 9, "groups": [92], "averageRating": 2.4444444444444446}, {"asin": "B000LNLQ4A", "name": "Selkirk Metalbestos 206622 6-Inch Complete Stove Thru Wall Kit", "imUrl": "http://ecx.images-amazon.com/images/I/51o7DG%2BTi3L._SY300_.jpg", "price": 308.44, "numReviews": 9, "groups": [93], "averageRating": 4.0, "brand": "Selkirk Metalbestos", "salesRankCategory": "Home Improvement", "salesRank": 166488}, {"asin": "B001O6ABRQ", "name": "Diversitech 625-AF6 6\" Round Duct Fan - 240 CFM", "imUrl": "http://ecx.images-amazon.com/images/I/41xEYZbOyFL._SY300_.jpg", "price": 24.41, "numReviews": 22, "groups": [94], "averageRating": 4.409090909090909, "brand": "Diversitech"}, {"asin": "B000NMJO8O", "name": "Fasco A225 115 Volt 3200 RPM Furnace Draft Inducer Blower", "imUrl": "http://ecx.images-amazon.com/images/I/41Nv9Spl3CL._SX300_.jpg", "price": 128.67, "numReviews": 28, "groups": [95], "averageRating": 4.607142857142857, "brand": "Fasco"}, {"asin": "B0026GPDU8", "name": "8-Inch Diameter Normally Open Electronic HVAC Air Duct Damper with Power Supply", "imUrl": "http://ecx.images-amazon.com/images/I/31VQHCBTTPL.jpg", "price": 71.95, "numReviews": 1, "groups": [96], "averageRating": 5.0}, {"asin": "B008JFIN02", "name": "Rectorseal LD 4.5\" 12' WALL DUCT KIT WH 122 White", "imUrl": "http://ecx.images-amazon.com/images/I/41Fv54p5-DL._SY300_.jpg", "price": 71.73, "numReviews": 3, "groups": [7], "averageRating": 5.0, "brand": "Rectorseal"}, {"asin": "B000F5UF1Y", "name": "Lambro Industries 3-1/4X10x24 Alu Duct 101L Aluminum Ducts", "imUrl": "http://ecx.images-amazon.com/images/I/41eEAmGrlIL._SY300_.jpg", "price": 6.31, "numReviews": 1, "groups": [97], "averageRating": 3.0, "brand": "Lambro"}, {"asin": "B000FCIOLU", "name": "SELKIRK CORP 284875 Type L Pellet Kit, 3-4-Inch", "imUrl": "http://ecx.images-amazon.com/images/I/31CMILfO0QL._SY300_.jpg", "price": 256.93, "numReviews": 3, "groups": [98], "averageRating": 4.333333333333333}, {"asin": "B0085UZG1A", "name": "Speedi-Products SM-26A90 10 10-Inch 26-Gauge 90-Degree Round Adjustable Elbow", "imUrl": "http://ecx.images-amazon.com/images/I/51KDTquKsZL._SY300_.jpg", "price": 35.49, "numReviews": 1, "groups": [99], "averageRating": 5.0}, {"asin": "B001N1EEXE", "name": "Selkirk 243803 Pellet Exit Stove Pipe Cap, 3\"", "imUrl": "http://ecx.images-amazon.com/images/I/21drdsIb79L.jpg", "price": 31.99, "numReviews": 1, "groups": [100], "averageRating": 4.0, "salesRankCategory": "Electronics", "salesRank": 268131}, {"asin": "B00B79OG1W", "name": "10 to 8 Duct Reducer-Ductwork-Heating Duct-Air Duct-Ventilation Fittings", "imUrl": "http://ecx.images-amazon.com/images/I/31FTr8oBe4L.jpg", "price": 14.95, "numReviews": 1, "groups": [101], "averageRating": 3.0}, {"asin": "B009OKBPL0", "name": "SELKIRK CORP 200240 Universal Roof Brace Kit", "imUrl": "http://ecx.images-amazon.com/images/I/314LTSkEt1L._SY300_.jpg", "price": 58.27, "numReviews": 1, "groups": [102], "averageRating": 5.0}, {"asin": "B0085KZOQW", "name": "Speedi-Products EX-WCHD 06 6-Inch Diameter Heavy Duty Wall Cap, Gray", "imUrl": "http://ecx.images-amazon.com/images/I/41Ih4-J5VVL._SX300_.jpg", "price": 19.99, "numReviews": 4, "groups": [103], "averageRating": 4.0}, {"asin": "B0085UZDUY", "name": "Speedi-Products AC-BD 08 8-Inch Diameter Galvanized Back Draft Prevention Damper", "imUrl": "http://ecx.images-amazon.com/images/I/51EL6KK-l3L._SX300_.jpg", "price": 18.51, "numReviews": 4, "groups": [104], "averageRating": 4.5}, {"asin": "B0085V07FO", "name": "Speedi-Products SM-WS 12336 12-Inch Width by 3.25-Inch Height by 36-Inch Length Width stack Duct", "imUrl": "http://ecx.images-amazon.com/images/I/31ytAukyXFL._SX300_.jpg", "price": 23.91, "numReviews": 2, "groups": [105], "averageRating": 2.0}, {"asin": "B0009STIDI", "name": "Selkirk Metalbestos 8T-SC 8-Inch Stainless Steel Storm Collar", "imUrl": "http://ecx.images-amazon.com/images/I/31gXUVKE3lL._SY300_.jpg", "price": 15.39, "numReviews": 3, "groups": [106], "averageRating": 4.333333333333333, "brand": "Selkirk Metalbestos"}, {"asin": "B000IWJEEI", "name": "Selkirk Metalbestos 6UT-24 6-Inch X 24-Inch Stainless Steel Insulated Chimney Pipe", "imUrl": "http://ecx.images-amazon.com/images/I/51jwHIdV9vL._SY300_.jpg", "price": 66.0, "numReviews": 1, "groups": [107], "averageRating": 5.0, "brand": "Selkirk Metalbestos"}, {"asin": "B006FLRL3W", "name": "InfraStop 48\" X 25' White Double Bubble Reflective Foil Insulation", "imUrl": "http://ecx.images-amazon.com/images/I/310OMa5EJHL._SY300_.jpg", "price": 42.0, "numReviews": 1, "groups": [108], "averageRating": 5.0}, {"asin": "B00155W96C", "name": "Broan 413 3-1/4\" x 10\" to 8\" Round Duct Transition, NA", "imUrl": "http://ecx.images-amazon.com/images/I/31XFzNy97UL._SY300_.jpg", "price": 17.05, "numReviews": 1, "groups": [31], "averageRating": 4.0}, {"asin": "B003XJEILM", "name": "SELKIRK CORP 244520 Wall Bracket/Support", "imUrl": "http://ecx.images-amazon.com/images/I/41Sc6mXAyWL._SY300_.jpg", "price": 15.75, "numReviews": 1, "groups": [109], "averageRating": 5.0}, {"asin": "B0009SQG3I", "name": "Selkirk Metalbestos 6T-PCK Pitched Ceiling Support Kit Stainless", "imUrl": "http://ecx.images-amazon.com/images/I/41Af-AUxGkL._SY300_.jpg", "price": 183.55, "numReviews": 9, "groups": [110], "averageRating": 4.666666666666667, "brand": "Selkirk Metalbestos", "salesRankCategory": "Home Improvement", "salesRank": 192390}, {"asin": "B0085V07PO", "name": "Speedi-Products SM-RWVD 7 Wall Vent Hood with Spring Damper, 7-Inch", "imUrl": "http://ecx.images-amazon.com/images/I/41emwGeFWoL._SX300_.jpg", "price": 45.6, "numReviews": 1, "groups": [111], "averageRating": 4.0}, {"asin": "B00B065M3I", "name": "C-Box HVAC Plenum Ceiling Box 10 x 10 x 8 Round-Connects to Vent Register Diffuser", "imUrl": "http://ecx.images-amazon.com/images/I/31RfP7dzwUL.jpg", "price": 18.8, "numReviews": 1, "groups": [112], "averageRating": 5.0}, {"asin": "B0002YVIKK", "name": "Selkirk Metalbestos 8T-FSP 8-Inch Black Matte Finish Support Package", "imUrl": "http://ecx.images-amazon.com/images/I/31TTCda5ffL._SY300_.jpg", "price": 57.78, "numReviews": 1, "groups": [113], "averageRating": 5.0, "brand": "Selkirk Metalbestos"}, {"asin": "B000WKV21Y", "name": "Duct Reducer", "imUrl": "http://ecx.images-amazon.com/images/I/41jSojHCizL._SY300_.jpg", "price": 7.38, "numReviews": 4, "groups": [114], "averageRating": 4.75}, {"asin": "B003JV1PPG", "name": "Quietflex 8\" R8.0 Metalized Insulated Flex Duct - 25' Box", "imUrl": "http://ecx.images-amazon.com/images/I/31kzhBBsVzL.jpg", "price": 67.44, "numReviews": 1, "groups": [115], "averageRating": 5.0, "brand": "Quietflex"}, {"asin": "B002RRIKT2", "name": "Rutland 3412 Chimney Fire Suppressent", "imUrl": "http://ecx.images-amazon.com/images/I/41FqDydqY%2BL._SX300_.jpg", "price": 27.95, "numReviews": 25, "groups": [116], "averageRating": 4.72}, {"asin": "B00719C4JI", "name": "6 Stovepipe heat Reclaimer / Radiator Rings / Bands, fuel efficient Collars capture heat from 6\" Dia stove pipe.", "imUrl": "http://ecx.images-amazon.com/images/I/412u8sX2tLL._SY300_.jpg", "price": 35.0, "numReviews": 1, "groups": [117], "averageRating": 5.0}, {"asin": "B003ORJXMW", "name": "HVAC Duct Elbow Prevents Kinked Air Duct", "imUrl": "http://ecx.images-amazon.com/images/I/51OYNLw-CqL._SX300_.jpg", "price": 28.98, "numReviews": 4, "groups": [118], "averageRating": 4.75, "salesRankCategory": "Patio, Lawn & Garden", "salesRank": 89067}, {"asin": "B0009SNY2E", "name": "Selkirk Metalbestos 6T-AF6 6-Inch Stainless Steel Adjustable Flashing", "imUrl": "http://ecx.images-amazon.com/images/I/31nPpFFbnNL._SY300_.jpg", "price": 41.5, "numReviews": 5, "groups": [119], "averageRating": 3.4, "brand": "Selkirk Metalbestos"}, {"asin": "B000IWJEDY", "name": "Selkirk Metalbestos 6UT-48 6-Inch X 48-Inch Stainless Steel Insulated Chimney Pipe", "imUrl": "http://ecx.images-amazon.com/images/I/51lXIp0vhML._SY300_.jpg", "price": 171.49, "numReviews": 2, "groups": [120], "averageRating": 2.0, "brand": "Selkirk Metalbestos"}, {"asin": "B003JUZR0Q", "name": "Quietflex 5\" R6.0 Metalized Insulated Flex Duct - 25' Box", "imUrl": "http://ecx.images-amazon.com/images/I/31kzhBBsVzL.jpg", "price": 28.55, "numReviews": 3, "groups": [121], "averageRating": 5.0, "brand": "Quietflex"}, {"asin": "B0002HTFIE", "name": "In-Line Duct Air Booster Fan 4\" Suncourt Inc.", "imUrl": "http://ecx.images-amazon.com/images/I/51cRyoi4YBL._SY300_.jpg", "price": 22.95, "numReviews": 14, "groups": [122], "averageRating": 3.2857142857142856}, {"asin": "B000I19DVS", "name": "Selkirk Metalbestos 8UT-36 8-Inch X 36-Inch Stainless Steel Insulated Chimney Pipe", "imUrl": "http://ecx.images-amazon.com/images/I/515e5XnnQiL._SY300_.jpg", "price": 139.72, "numReviews": 3, "groups": [123], "averageRating": 4.666666666666667, "brand": "Selkirk Metalbestos"}, {"asin": "B0085UZCMI", "name": "Speedi-Products FDSC-06 6-Inch Diameter Flex and Sheet Metal Duct Splice Connector Collar", "imUrl": "http://ecx.images-amazon.com/images/I/41l%2BluHt8fL._SX300_.jpg", "price": 10.11, "numReviews": 2, "groups": [124], "averageRating": 4.5}, {"asin": "B000VYFGAO", "name": "Selkirk Metalbestos 6UT-36 6-Inch X 36-Inch Stainless Steel Insulated Chimney Pipe", "imUrl": "http://ecx.images-amazon.com/images/I/41CA2vQ9vYL._SY300_.jpg", "price": 121.26, "numReviews": 3, "groups": [125], "averageRating": 4.333333333333333, "brand": "Selkirk Metalbestos"}, {"asin": "B0009XB4EO", "name": "Selkirk 208036 8\"x36\" Stainless Steel Pipe/lock Band", "imUrl": "http://ecx.images-amazon.com/images/I/31TNgsnK66L._SY300_.jpg", "price": 125.67, "numReviews": 3, "groups": [126], "averageRating": 3.6666666666666665, "brand": "Selkirk"}, {"asin": "B000BQNB22", "name": "SELKIRK CORP 243215 45DEG Pellet Elbow, 3-Inch", "imUrl": "http://ecx.images-amazon.com/images/I/41eelQsH16L._SY300_.jpg", "price": 26.92, "numReviews": 1, "groups": [127], "averageRating": 5.0}, {"asin": "B002FYG102", "name": "Barometric Damper", "imUrl": "http://ecx.images-amazon.com/images/I/41qSLTDepIL._SY300_.jpg", "price": 44.51, "numReviews": 1, "groups": [128], "averageRating": 5.0}, {"asin": "B00AFF34RG", "name": "Midwest Ducts 405A Aluminum Pipe Reducer - 6\" X 4\"", "imUrl": "http://ecx.images-amazon.com/images/I/31%2BfyDRITiL.jpg", "price": 11.97, "numReviews": 1, "groups": [129], "averageRating": 4.0}, {"asin": "B0009STIEC", "name": "Selkirk Metalbestos 6T-IWT 6-Inch Stainless Steel Insulated Wall Thimble", "imUrl": "http://ecx.images-amazon.com/images/I/41%2BHp2CX6TL._SY300_.jpg", "price": 28.5, "numReviews": 9, "groups": [130], "averageRating": 3.888888888888889, "brand": "Selkirk Metalbestos"}, {"asin": "B003YFADW8", "name": "LEDwholesalers GYO2402 6-Inch 240 CFM Air Duct Inline Hydroponic Booster Fan", "imUrl": "http://ecx.images-amazon.com/images/I/412lOF3oWYL._SY300_.jpg", "price": 31.79, "numReviews": 255, "groups": [131], "averageRating": 3.976470588235294, "brand": "LEDwholesalers", "salesRankCategory": "Patio, Lawn & Garden", "salesRank": 2776}, {"asin": "B0085UYS50", "name": "Speedi-Collar SC-10D 10-Inch Diameter Take Off Start Collar with Damper for Hvac Duct Work Connections", "imUrl": "http://ecx.images-amazon.com/images/I/51sLw6vTrTL._SY300_.jpg", "price": 19.33, "numReviews": 1, "groups": [132], "averageRating": 4.0}, {"asin": "B000BQMQRS", "name": "Selkirk #187706 6\" Wall Thimble", "imUrl": "http://ecx.images-amazon.com/images/I/41TrNVtXmxL._SY300_.jpg", "price": 19.36, "numReviews": 2, "groups": [133], "averageRating": 3.0, "brand": "Selkirk"}, {"asin": "B0062RMYWW", "name": "Battic Door 4 Inch Diameter Back Draft Damper", "imUrl": "http://ecx.images-amazon.com/images/I/31fx9G-gYnL.jpg", "price": 35.88, "numReviews": 1, "groups": [134], "averageRating": 5.0}, {"asin": "B0000AXFP3", "name": "Tjernlund Duct Booster Fan - 150 CFM, 120 Volt", "imUrl": "http://ecx.images-amazon.com/images/I/31f5eHrjhCL._SY300_.jpg", "price": 48.0, "numReviews": 3, "groups": [135], "averageRating": 3.6666666666666665}, {"asin": "B000LDBKIW", "name": "Broan RVK1A 4\" Diameter Roof Ducting Kit", "imUrl": "http://ecx.images-amazon.com/images/I/41MbYj89-zL._SY300_.jpg", "price": 19.17, "numReviews": 10, "groups": [136], "averageRating": 4.5}, {"asin": "B005XNNMD6", "name": "Fantech FC 4 Mounting Clamps 4\" Duct", "imUrl": "http://ecx.images-amazon.com/images/I/419Ws8aaoVL._SY300_.jpg", "price": 174.85, "numReviews": 2, "groups": [137], "averageRating": 5.0}, {"asin": "B002Q4U1HA", "name": "Air King PWC10R 10-Inch Round Professional Hood Wall Cap", "imUrl": "http://ecx.images-amazon.com/images/I/41wcKJNuvoL._SX300_.jpg", "price": 35.49, "numReviews": 38, "groups": [138], "averageRating": 3.8947368421052633}, {"asin": "B0085UYS8W", "name": "Speedi-Collar SC-06D 6-Inch Diameter Take Off Start Collar with Damper for Hvac Duct Work Connections", "imUrl": "http://ecx.images-amazon.com/images/I/51zRjiUMonL._SX300_.jpg", "price": 19.44, "numReviews": 3, "groups": [139], "averageRating": 4.333333333333333}, {"asin": "B000BODW6E", "name": "Selkirk Metalbestos 6T-SC 6-Inch Stainless Steel Storm Collar", "imUrl": "http://ecx.images-amazon.com/images/I/31J4uBYEEuL._SY300_.jpg", "price": 12.62, "numReviews": 9, "groups": [8], "averageRating": 3.2222222222222223, "brand": "Selkirk Metalbestos"}, {"asin": "B0011Z5ZNK", "name": "DuraVent DuraPlus Extended Roof Bracket", "imUrl": "http://ecx.images-amazon.com/images/I/41RmRMr14RL._SY300_.jpg", "price": 64.16, "numReviews": 6, "groups": [140], "averageRating": 4.833333333333333}, {"asin": "B000IWJEES", "name": "Selkirk Metalbestos 6UT-12 6-Inch X 12-Inch Stainless Steel Insulated Chimney Pipe", "imUrl": "http://ecx.images-amazon.com/images/I/51bwM%2BARInL._SY300_.jpg", "price": 46.08, "numReviews": 1, "groups": [141], "averageRating": 5.0, "brand": "Selkirk Metalbestos"}, {"asin": "B005XU3QCQ", "name": "Deflecto Irb43 4-Inch to 3-Inch Reducer, Plastic", "imUrl": "http://ecx.images-amazon.com/images/I/315kfAM2DTL._SY300_.jpg", "price": 1.14, "numReviews": 2, "groups": [142], "averageRating": 4.0, "brand": "Deflecto"}, {"asin": "B0085UZDXG", "name": "Speedi-Products AC-BD 07 7-Inch Diameter Galvanized Back Draft Prevention Damper", "imUrl": "http://ecx.images-amazon.com/images/I/51EL6KK-l3L._SX300_.jpg", "price": 18.51, "numReviews": 15, "groups": [143], "averageRating": 4.866666666666666}, {"asin": "B000H5R3QC", "name": "Imperial #bm0353 Almond Adjustable Flue Stop", "imUrl": "http://ecx.images-amazon.com/images/I/312WJW5PG7L._SY300_.jpg", "price": 5.34, "numReviews": 14, "groups": [144], "averageRating": 4.785714285714286}, {"asin": "B001GMFDNU", "name": "3\" PelletVent Horiz Cap", "imUrl": "http://ecx.images-amazon.com/images/I/31wW8ca9BkL._SY300_.jpg", "price": 50.58, "numReviews": 1, "groups": [145], "averageRating": 5.0}, {"asin": "B007EJVHKC", "name": "Pay Per Foot Aluminum Dryer Duct - 6\" Choose From 1'to 25'long Aluminum Foil Duct Hose with 2 Clamps", "imUrl": "http://ecx.images-amazon.com/images/I/41FnZv9q6KL.jpg", "price": 1.29, "numReviews": 1, "groups": [146], "averageRating": 5.0}, {"asin": "B0085UZDYA", "name": "Speedi-Products AC-BD 05 5-Inch Diameter Galvanized Back Draft Prevention Damper", "imUrl": "http://ecx.images-amazon.com/images/I/51EL6KK-l3L._SX300_.jpg", "price": 15.81, "numReviews": 2, "groups": [147], "averageRating": 4.0}, {"asin": "B00B6EJULO", "name": "Single Wall Galvanized Metal Duct Reducer 6\" to 4\" / 6\" x 4\"", "imUrl": "http://ecx.images-amazon.com/images/I/51%2BwvKhl4mL._SY300_.jpg", "price": 11.99, "numReviews": 1, "groups": [148], "averageRating": 5.0}, {"asin": "B000DZDTIM", "name": "Field Controls B34tj05b Draft Control", "imUrl": "http://ecx.images-amazon.com/images/I/41vC5DSHDjL._SY300_.jpg", "price": 21.05, "numReviews": 2, "groups": [149], "averageRating": 2.0, "brand": "Field Controls"}, {"asin": "B00155UESC", "name": "Aluminum Wall Cap for 7\" Round", "imUrl": "http://ecx.images-amazon.com/images/I/31WMQvZuCdL._SY300_.jpg", "price": 45.6, "numReviews": 8, "groups": [150], "averageRating": 4.0}, {"asin": "B00331WREK", "name": "Deflecto Insulating Sleeve", "imUrl": "http://ecx.images-amazon.com/images/I/21MS9F1heFL.jpg", "price": 18.51, "numReviews": 1, "groups": [151], "averageRating": 5.0}, {"asin": "B008PIM322", "name": "iPower 6 inch 8 feet Non-insulated Ducting Aluminum Foil Vent with 2 Clamps", "imUrl": "http://ecx.images-amazon.com/images/I/5139MLHSyHL._SX300_.jpg", "price": 33.94, "numReviews": 2, "groups": [152], "averageRating": 5.0}, {"asin": "B000JO5X1S", "name": "Corn Stove Vent Kit, 3\"", "imUrl": "http://ecx.images-amazon.com/images/I/41q963e1UaL._SY300_.jpg", "price": 51.35, "numReviews": 1, "groups": [153], "averageRating": 4.0}, {"asin": "B0089XVWT8", "name": "Tamarack TTi-CBD4 Cape Backdraft Damper 4\"", "imUrl": "http://ecx.images-amazon.com/images/I/41oGgHdWJ9L._SY300_.jpg", "price": 29.99, "numReviews": 5, "groups": [154], "averageRating": 3.8}, {"asin": "B0085V06YQ", "name": "Speedi-Products SM-WS 10336 10-Inch Width by 3.25-Inch Height by 36-Inch Length Width stack Duct", "imUrl": "http://ecx.images-amazon.com/images/I/31ytAukyXFL._SX300_.jpg", "price": 16.26, "numReviews": 2, "groups": [155], "averageRating": 1.0}, {"asin": "B000LF7Y6C", "name": "Stovepipe Reducer Increaser, 9\" x 6\"", "imUrl": "http://ecx.images-amazon.com/images/I/31n6Zga67bL.jpg", "price": 10.66, "numReviews": 1, "groups": [156], "averageRating": 4.0}, {"asin": "B0032YYIMC", "name": "Suncourt Centrax TF104-CRD 4\" In-Line Centrifugal Fan", "imUrl": "http://ecx.images-amazon.com/images/I/31v2r0iBjVL.jpg", "price": 152.95, "numReviews": 6, "groups": [157], "averageRating": 4.833333333333333, "brand": "Suncourt"}, {"asin": "B004USSCC6", "name": "US Sunlight Corp 9915TR 1,900sq/ft Ventilating Solar Attic Fan", "imUrl": "http://ecx.images-amazon.com/images/I/41%2BEA8D%2ByoL._SY300_.jpg", "price": 514.51, "numReviews": 2, "groups": [158], "averageRating": 3.0}, {"asin": "B0085UZWSM", "name": "Speedi-Products SM-RH3107 SB 3.25-Inch W by 10-Inch Length to 7-Inch Stack Range Hood Straight Boot", "imUrl": "http://ecx.images-amazon.com/images/I/51tSWoTWS9L._SY300_.jpg", "price": 12.06, "numReviews": 2, "groups": [71], "averageRating": 5.0}, {"asin": "B0030LJNW2", "name": "Imperial Mfg Group BM0026 Adjustable Flue Stop", "imUrl": "http://ecx.images-amazon.com/images/I/51ucBj9DgfL._SY300_.jpg", "price": 5.09, "numReviews": 8, "groups": [92], "averageRating": 4.375, "brand": "Imperial Mfg"}, {"asin": "B006UWGHEU", "name": "FlexRight - Flexible Duct Elbow", "imUrl": "http://ecx.images-amazon.com/images/I/31q6YRL7CxL._SX300_.jpg", "price": 28.98, "numReviews": 3, "groups": [159], "averageRating": 4.333333333333333}, {"asin": "B0009SQGEC", "name": "Selkirk Metalbestos 6T-JS Firestop and Joint Shield Stainless", "imUrl": "http://ecx.images-amazon.com/images/I/41lj9-Vp-yL._SY300_.jpg", "price": 14.44, "numReviews": 1, "groups": [160], "averageRating": 3.0, "brand": "Selkirk Metalbestos"}, {"asin": "B001PO3OFS", "name": "NuTone FY6 6\" x 6\" x 6\" Y Adapter, NA", "imUrl": "http://ecx.images-amazon.com/images/I/31HLbULcPmL.jpg", "price": 35.0, "numReviews": 1, "groups": [161], "averageRating": 5.0}, {"asin": "B001G2LLHC", "name": "Dundas Jafine MFX88X Semi-Rigid Aluminum Duct", "imUrl": "http://ecx.images-amazon.com/images/I/414xFy6pFSL._SY300_.jpg", "price": 19.33, "numReviews": 2, "groups": [162], "averageRating": 3.0, "brand": "Dundas Jafine"}, {"asin": "B000MWJMJQ", "name": "Fasco A171 1/25 HP 115 Volt 3450 RPM Intercity Furnace Flue Exhaust Venter Blower", "imUrl": "http://ecx.images-amazon.com/images/I/41DkZL5AVgL._SY300_.jpg", "price": 165.0, "numReviews": 13, "groups": [163], "averageRating": 4.923076923076923, "brand": "Fasco"}, {"asin": "B0032JUFBK", "name": "Ideal-Air Silver/Silver Ducting 8in x 25ft", "imUrl": "http://ecx.images-amazon.com/images/I/41clLSLQuwL._SX300_.jpg", "price": 31.65, "numReviews": 5, "groups": [164], "averageRating": 4.0, "brand": "Ideal-Air"}, {"asin": "B000VZK4G4", "name": "6\" Diameter Supurr-Louvered Hood Vent", "imUrl": "http://ecx.images-amazon.com/images/I/41lM9BRMjiL._SY300_.jpg", "price": 2.92, "numReviews": 2, "groups": [33], "averageRating": 4.5}, {"asin": "B000KKO1CS", "name": "Pellet Stove Vent Kit", "imUrl": "http://ecx.images-amazon.com/images/I/51WwdSZHlBL._SY300_.jpg", "price": 279.99, "numReviews": 1, "groups": [165], "averageRating": 5.0}, {"asin": "B000DZKYGC", "name": "SELKIRK CORP 243086 3x12 Adjustable Pellet Pipe", "imUrl": "http://ecx.images-amazon.com/images/I/41sCFFSu8YL._SY300_.jpg", "price": 18.5, "numReviews": 1, "groups": [166], "averageRating": 5.0}, {"asin": "B001R63WJW", "name": "Air King E-22A 7-Inch Round Collar with Back Draft Damper", "imUrl": "http://ecx.images-amazon.com/images/I/417cidoHB8L._SY300_.jpg", "price": 7.39, "numReviews": 4, "groups": [167], "averageRating": 2.5, "brand": "Air King"}, {"asin": "B006KYZXBQ", "name": "Speedi-Products EX-DFRP 06 6-Inch Diameter Round Adjustable Plastic Diffuser, White", "imUrl": "http://ecx.images-amazon.com/images/I/41QoEztfL9L._SY300_.jpg", "price": 14.99, "numReviews": 5, "groups": [168], "averageRating": 3.6}, {"asin": "B008JFDZN2", "name": "Rectorseal 3.5\" 12' WALL DUCT KIT WH 92 White", "imUrl": "http://ecx.images-amazon.com/images/I/41Fv54p5-DL._SY300_.jpg", "price": 63.99, "numReviews": 4, "groups": [7], "averageRating": 4.5, "brand": "Rectorseal"}, {"asin": "B005LQ886G", "name": "Air King AKIFD4 4 in Insulated Flexible Ducting Duct", "imUrl": "http://ecx.images-amazon.com/images/I/51zZaPpZCkL._SY300_.jpg", "price": 39.09, "numReviews": 1, "groups": [169], "averageRating": 5.0}, {"asin": "B0085UZWQ4", "name": "Speedi-Products SM-RH3107 EB 3.25-Inch W by 10-Inch Length to 7-Inch Stack Range Hood End Boot", "imUrl": "http://ecx.images-amazon.com/images/I/41krDERvqcL._SX300_.jpg", "price": 10.16, "numReviews": 1, "groups": [170], "averageRating": 5.0}, {"asin": "B0002YVF26", "name": "Selkirk Metalbestos 6T-DSAC 6-Inch Black Matte Dripless Smoke Pipe Apapter with Coup", "imUrl": "http://ecx.images-amazon.com/images/I/318KQYzNaeL._SY300_.jpg", "price": 43.03, "numReviews": 4, "groups": [81], "averageRating": 4.25, "brand": "Selkirk Metalbestos"}, {"asin": "B000MWJML4", "name": "Fasco A173 1/18 HP 115 Volt 3450 RPM Intercity Heil / Tempstar Furnace Flue Exhaust Venter Blower", "imUrl": "http://ecx.images-amazon.com/images/I/41%2B9sgliCOL._SY300_.jpg", "price": 194.59, "numReviews": 36, "groups": [163], "averageRating": 4.222222222222222, "brand": "Fasco"}, {"asin": "B003JVA0RA", "name": "Hart Cooley F216 6x25 (51325) R6.0 Metalized Jacket Insulated Flexible Air Duct with 2Ply Black Polyester Core 6\" x 25'", "imUrl": "http://ecx.images-amazon.com/images/I/31kzhBBsVzL.jpg", "price": 56.8, "numReviews": 1, "groups": [171], "averageRating": 1.0}, {"asin": "B0085V0452", "name": "Speedi-Products SP-DFS 06 6-Inch Diameter Black Decorative Flue Stop", "imUrl": "http://ecx.images-amazon.com/images/I/31OBmAmV9XL._SX300_.jpg", "price": 11.15, "numReviews": 5, "groups": [92, 144], "averageRating": 4.6}, {"asin": "B000NANNOM", "name": "Fasco A196 1/25 HP 115 Volt 3200 RPM Trane Furnace Draft Inducer Blower", "imUrl": "http://ecx.images-amazon.com/images/I/41ppWGF3ybL._SY300_.jpg", "price": 92.15, "numReviews": 11, "groups": [95], "averageRating": 4.7272727272727275, "brand": "Fasco"}, {"asin": "B00AMSVD4M", "name": "6-in Hvac Duct Manual Volume Damper with Sleeve", "imUrl": "http://ecx.images-amazon.com/images/I/41phIRvBshL._SX300_.jpg", "price": 14.99, "numReviews": 1, "groups": [172], "averageRating": 5.0}, {"asin": "B0009SQGI8", "name": "Selkirk Metalbestos 6T-WSK Wall Support Package", "imUrl": "http://ecx.images-amazon.com/images/I/31RU%2BZfoxYL._SY300_.jpg", "price": 43.49, "numReviews": 3, "groups": [173], "averageRating": 3.3333333333333335, "brand": "Selkirk Metalbestos"}, {"asin": "B000BQONV0", "name": "SELKIRK CORP 243024 3x24 Pellet Stove Pipe", "imUrl": "http://ecx.images-amazon.com/images/I/319u0UDJ%2BkL._SY300_.jpg", "price": 24.33, "numReviews": 4, "groups": [49, 174], "averageRating": 5.0}, {"asin": "B0022NH3CQ", "name": "Reflectix SPW0602508 6-Inch by 25-Feet Spiral Pipe Wrap", "imUrl": "http://ecx.images-amazon.com/images/I/61HTbr8WSyL._SX300_.jpg", "price": 10.17, "numReviews": 7, "groups": [175], "averageRating": 4.428571428571429, "brand": "Reflectix"}, {"asin": "B00164550Y", "name": "Hy-c #scadj-l Black Multi Chim Cover", "imUrl": "http://ecx.images-amazon.com/images/I/41B9XGR7lqL._SY300_.jpg", "price": 47.3, "numReviews": 4, "groups": [176], "averageRating": 4.75}, {"asin": "B000LNPDA8", "name": "Leg Kit Chimney Cap", "imUrl": "http://ecx.images-amazon.com/images/I/31168yydH2L._SY300_.jpg", "price": 7.52, "numReviews": 21, "groups": [177], "averageRating": 3.9047619047619047, "salesRankCategory": "Home Improvement", "salesRank": 82797}, {"asin": "B000KA15KY", "name": "Pellet Stove Pipe Adapter", "imUrl": "http://ecx.images-amazon.com/images/I/411Te3BficL._SY300_.jpg", "price": 16.21, "numReviews": 2, "groups": [178], "averageRating": 5.0}, {"asin": "B000LO7FPS", "name": "Broan T460 3-1/4\" x 14\" to 7\" Round Duct Transition, NA", "imUrl": "http://ecx.images-amazon.com/images/I/31C4VJducrL._SY300_.jpg", "price": 17.65, "numReviews": 4, "groups": [179], "averageRating": 4.25, "brand": "Broan", "salesRankCategory": "Home & Kitchen", "salesRank": 421138}, {"asin": "B004F8A008", "name": "10' Dryer Duct Brush", "imUrl": "http://ecx.images-amazon.com/images/I/31j-J6PeMsL._SY300_.jpg", "price": 8.45, "numReviews": 30, "groups": [180], "averageRating": 3.6666666666666665, "salesRankCategory": "Home & Kitchen", "salesRank": 48453}, {"asin": "B000DZH7QC", "name": "Lambro 351G/351GR 6-Inch Plastic Wall Cap", "imUrl": "http://ecx.images-amazon.com/images/I/31TLke8LCCL._SY300_.jpg", "price": 14.99, "numReviews": 8, "groups": [103], "averageRating": 4.125, "brand": "Lambro"}, {"asin": "B000BO76IO", "name": "Selkirk INC 266024 Double Wall Smoke Pipe 6\"x24\"", "imUrl": "http://ecx.images-amazon.com/images/I/31EACMXE6BL._SY300_.jpg", "price": 41.05, "numReviews": 1, "groups": [89], "averageRating": 5.0, "brand": "Selkirk"}, {"asin": "B003P2WP8A", "name": "Dundas Jafine BPCK ProClean Dryer Lint Removal Kit", "imUrl": "http://ecx.images-amazon.com/images/I/41gc2NG-szL._SY300_.jpg", "price": 19.09, "numReviews": 14, "groups": [181], "averageRating": 3.0, "brand": "Dundas Jafine"}, {"asin": "B001O6ECJE", "name": "Diversitech 625-AF12 12\" Round Duct Fan - 975 CFM", "imUrl": "http://ecx.images-amazon.com/images/I/41xEYZbOyFL._SY300_.jpg", "price": 66.38, "numReviews": 1, "groups": [182], "averageRating": 5.0}, {"asin": "B008JFHF5G", "name": "Rectorseal LD 4.5\" 12' WALL DUCT KIT WH 122 Ivory", "imUrl": "http://ecx.images-amazon.com/images/I/41Fv54p5-DL._SY300_.jpg", "price": 77.95, "numReviews": 2, "groups": [183], "averageRating": 5.0, "brand": "Rectorseal"}, {"asin": "B000KKM9BI", "name": "Selkirk Metalbestos 206400 Anchor Plate 6\" #6T-AP", "imUrl": "http://ecx.images-amazon.com/images/I/41XCJ1R01bL._SY300_.jpg", "price": 30.72, "numReviews": 1, "groups": [184], "averageRating": 5.0, "brand": "Selkirk"}, {"asin": "B000OB13CE", "name": "36 each: Rutland Creosote Remover (97S)", "imUrl": "http://ecx.images-amazon.com/images/I/61rOS8G8hDL._SY300_.jpg", "price": 66.5, "numReviews": 9, "groups": [185], "averageRating": 4.444444444444445, "brand": "Rutland"}, {"asin": "B00B79OCFC", "name": "10 to 6 Duct Reducer-Ductwork-Heating Duct-Air Duct-Ventilation Fittings", "imUrl": "http://ecx.images-amazon.com/images/I/31FTr8oBe4L.jpg", "price": 13.0, "numReviews": 1, "groups": [186], "averageRating": 5.0}, {"asin": "B0085UZDA4", "name": "Speedi-Products AC-BD 04 4-Inch Diameter Galvanized Back Draft Prevention Damper", "imUrl": "http://ecx.images-amazon.com/images/I/51EL6KK-l3L._SX300_.jpg", "price": 19.27, "numReviews": 2, "groups": [187], "averageRating": 5.0}, {"asin": "B001O6ECRG", "name": "Diversitech 625-AF8 8\" Round Duct Fan - 420 CFM", "imUrl": "http://ecx.images-amazon.com/images/I/41xEYZbOyFL._SY300_.jpg", "price": 42.99, "numReviews": 6, "groups": [188], "averageRating": 4.333333333333333, "brand": "Diversitech"}, {"asin": "B001RUEK0I", "name": "Dundas Jafine DF6WZW Multipurpose Round Diffuser", "imUrl": "http://ecx.images-amazon.com/images/I/411dSOIHHcL._SY300_.jpg", "price": 17.07, "numReviews": 1, "groups": [189], "averageRating": 3.0, "brand": "Dundas Jafine"}, {"asin": "B001E6LBDY", "name": "Broan 843BL 6\" Round Duct Black Wall Cap with Damper", "imUrl": "http://ecx.images-amazon.com/images/I/31X3CPTMOtL.jpg", "price": 36.16, "numReviews": 14, "groups": [190], "averageRating": 4.214285714285714}, {"asin": "B000BPMSGI", "name": "SELKIRK CORP 243012 3x12 Pellet Stove Pipe", "imUrl": "http://ecx.images-amazon.com/images/I/31NmCkjSqiL._SY300_.jpg", "price": 13.36, "numReviews": 1, "groups": [174], "averageRating": 5.0}, {"asin": "B0009SQG42", "name": "Selkirk #208621 8\" Pitched Ceiling Kit", "imUrl": "http://ecx.images-amazon.com/images/I/415PRJRPf8L._SY300_.jpg", "price": 240.75, "numReviews": 1, "groups": [191], "averageRating": 5.0, "brand": "Selkirk"}, {"asin": "B000BQMV0A", "name": "Reflectix DW1202504 Spiral Duct Wrap", "imUrl": "http://ecx.images-amazon.com/images/I/61kvF729WFL._SY300_.jpg", "price": 14.78, "numReviews": 13, "groups": [175], "averageRating": 4.615384615384615, "brand": "Reflectix"}, {"asin": "B004J73TAS", "name": "Suncourt Inc. DB204-CRD 4 Inch In-Line Duct Fan with Cord", "imUrl": "http://ecx.images-amazon.com/images/I/41VPtvq8jgL.jpg", "price": 34.92, "numReviews": 5, "groups": [13], "averageRating": 3.4, "brand": "Suncourt"}, {"asin": "B002EC01XS", "name": "High Velocity Inline Duct Fan-6\"", "imUrl": "http://ecx.images-amazon.com/images/I/41wRw5JqKRL._SX300_.jpg", "price": 89.95, "numReviews": 23, "groups": [192], "averageRating": 4.173913043478261}, {"asin": "B000RF3TC4", "name": "SELKIRK CORP 206148 6x48 Stainless Steel Pipe/Lock Band", "imUrl": "http://ecx.images-amazon.com/images/I/31qwGY19XTL._SY300_.jpg", "price": 109.31, "numReviews": 17, "groups": [193], "averageRating": 3.4705882352941178, "salesRankCategory": "Home Improvement", "salesRank": 97665}, {"asin": "B0085V0880", "name": "Speedi-Products WDC06 6-Inch Diameter Stainless Steel Wind Directional Cap with Adapter", "imUrl": "http://ecx.images-amazon.com/images/I/41QmACoQOnL._SX300_.jpg", "price": 122.0, "numReviews": 4, "groups": [9], "averageRating": 3.25}, {"asin": "B000BO5BJA", "name": "6\" ALU Duct Connector", "imUrl": "http://ecx.images-amazon.com/images/I/41948WS3AAL._SX300_.jpg", "price": 1.2, "numReviews": 2, "groups": [194], "averageRating": 5.0}, {"asin": "B000KKO2AE", "name": "Lambro Industries 308 7-Inch x 8-Foot Aluminum Semi-Rigid Duct", "imUrl": "http://ecx.images-amazon.com/images/I/41O8sbCv1HL._SY300_.jpg", "price": 18.96, "numReviews": 4, "groups": [195], "averageRating": 4.75, "brand": "Lambro"}, {"asin": "B004UHQXTQ", "name": "Broan Duct Collar", "imUrl": "http://ecx.images-amazon.com/images/I/51imddYGIWL._SY300_.jpg", "price": 6.29, "numReviews": 3, "groups": [136], "averageRating": 5.0}, {"asin": "B000H5T4K0", "name": "Chimney Cap (sc913)", "imUrl": "http://ecx.images-amazon.com/images/I/71brJdc4gEL._SX300_.gif", "price": 29.42, "numReviews": 1, "groups": [196], "averageRating": 1.0}, {"asin": "B00A41OUMY", "name": "6\" x 25' Hart & Cooley R-6.0 Flexible Insulated Air Duct Connector (Flex)", "imUrl": "http://ecx.images-amazon.com/images/I/51jQyoSmsPL._SX300_.jpg", "price": 34.95, "numReviews": 2, "groups": [197], "averageRating": 5.0}, {"asin": "B0044UQO8Y", "name": "SELKIRK LOCKING BAND - 208450 (Pack of 4)", "imUrl": "http://ecx.images-amazon.com/images/I/21suV-ppRFL._SY300_.jpg", "price": 32.98, "numReviews": 1, "groups": [198], "averageRating": 5.0}, {"asin": "B00B79OAOK", "name": "6 to 4 Duct Reducer-Ductwork-Heating Duct-Air Duct-Ventilation Fittings", "imUrl": "http://ecx.images-amazon.com/images/I/31FTr8oBe4L.jpg", "price": 15.95, "numReviews": 4, "groups": [148], "averageRating": 5.0}], "links": [{"source": 0, "target": 34, "right": false, "left": true, "value": 1}, {"source": 0, "target": 59, "right": true, "left": true, "value": 1}, {"source": 0, "target": 131, "right": false, "left": true, "value": 1}, {"source": 0, "target": 110, "right": false, "left": true, "value": 1}, {"source": 1, "target": 3, "right": false, "left": true, "value": 1}, {"source": 2, "target": 156, "right": true, "left": false, "value": 1}, {"source": 2, "target": 215, "right": true, "left": false, "value": 1}, {"source": 3, "target": 84, "right": true, "left": false, "value": 1}, {"source": 3, "target": 71, "right": false, "left": true, "value": 1}, {"source": 4, "target": 75, "right": false, "left": true, "value": 1}, {"source": 4, "target": 48, "right": false, "left": true, "value": 1}, {"source": 4, "target": 183, "right": false, "left": true, "value": 1}, {"source": 4, "target": 120, "right": false, "left": true, "value": 1}, {"source": 4, "target": 218, "right": false, "left": true, "value": 1}, {"source": 4, "target": 62, "right": false, "left": true, "value": 1}, {"source": 5, "target": 107, "right": true, "left": false, "value": 1}, {"source": 5, "target": 195, "right": true, "left": false, "value": 1}, {"source": 6, "target": 93, "right": false, "left": true, "value": 1}, {"source": 6, "target": 45, "right": true, "left": true, "value": 1}, {"source": 7, "target": 178, "right": true, "left": true, "value": 1}, {"source": 7, "target": 100, "right": true, "left": true, "value": 1}, {"source": 8, "target": 145, "right": true, "left": true, "value": 1}, {"source": 8, "target": 59, "right": false, "left": true, "value": 1}, {"source": 8, "target": 181, "right": true, "left": false, "value": 1}, {"source": 9, "target": 213, "right": true, "left": true, "value": 1}, {"source": 10, "target": 72, "right": true, "left": false, "value": 1}, {"source": 10, "target": 45, "right": true, "left": false, "value": 1}, {"source": 11, "target": 16, "right": true, "left": false, "value": 1}, {"source": 12, "target": 92, "right": true, "left": false, "value": 1}, {"source": 12, "target": 61, "right": false, "left": true, "value": 1}, {"source": 13, "target": 210, "right": true, "left": true, "value": 1}, {"source": 13, "target": 127, "right": false, "left": true, "value": 1}, {"source": 14, "target": 155, "right": false, "left": true, "value": 1}, {"source": 14, "target": 133, "right": false, "left": true, "value": 1}, {"source": 14, "target": 15, "right": true, "left": false, "value": 1}, {"source": 17, "target": 20, "right": true, "left": false, "value": 1}, {"source": 18, "target": 73, "right": false, "left": true, "value": 1}, {"source": 19, "target": 79, "right": false, "left": true, "value": 1}, {"source": 20, "target": 94, "right": false, "left": true, "value": 1}, {"source": 21, "target": 101, "right": true, "left": false, "value": 1}, {"source": 22, "target": 156, "right": true, "left": false, "value": 1}, {"source": 22, "target": 149, "right": true, "left": false, "value": 1}, {"source": 22, "target": 215, "right": true, "left": false, "value": 1}, {"source": 23, "target": 168, "right": false, "left": true, "value": 1}, {"source": 23, "target": 57, "right": false, "left": true, "value": 1}, {"source": 23, "target": 114, "right": false, "left": true, "value": 1}, {"source": 23, "target": 135, "right": true, "left": false, "value": 1}, {"source": 24, "target": 50, "right": true, "left": false, "value": 1}, {"source": 25, "target": 129, "right": true, "left": false, "value": 1}, {"source": 25, "target": 105, "right": false, "left": true, "value": 1}, {"source": 26, "target": 80, "right": true, "left": false, "value": 1}, {"source": 26, "target": 75, "right": true, "left": false, "value": 1}, {"source": 27, "target": 45, "right": true, "left": false, "value": 1}, {"source": 28, "target": 146, "right": true, "left": false, "value": 1}, {"source": 29, "target": 124, "right": true, "left": false, "value": 1}, {"source": 30, "target": 163, "right": false, "left": true, "value": 1}, {"source": 31, "target": 113, "right": true, "left": true, "value": 1}, {"source": 31, "target": 193, "right": true, "left": false, "value": 1}, {"source": 32, "target": 66, "right": false, "left": true, "value": 1}, {"source": 33, "target": 173, "right": true, "left": true, "value": 1}, {"source": 33, "target": 54, "right": false, "left": true, "value": 1}, {"source": 33, "target": 63, "right": false, "left": true, "value": 1}, {"source": 34, "target": 59, "right": true, "left": false, "value": 1}, {"source": 35, "target": 216, "right": true, "left": false, "value": 1}, {"source": 35, "target": 141, "right": true, "left": false, "value": 1}, {"source": 36, "target": 64, "right": true, "left": false, "value": 1}, {"source": 37, "target": 195, "right": true, "left": false, "value": 1}, {"source": 38, "target": 195, "right": true, "left": false, "value": 1}, {"source": 39, "target": 86, "right": true, "left": true, "value": 1}, {"source": 40, "target": 186, "right": true, "left": false, "value": 1}, {"source": 41, "target": 166, "right": false, "left": true, "value": 1}, {"source": 42, "target": 56, "right": true, "left": false, "value": 1}, {"source": 42, "target": 148, "right": true, "left": false, "value": 1}, {"source": 43, "target": 107, "right": true, "left": false, "value": 1}, {"source": 44, "target": 122, "right": true, "left": false, "value": 1}, {"source": 45, "target": 165, "right": false, "left": true, "value": 1}, {"source": 45, "target": 72, "right": false, "left": true, "value": 1}, {"source": 45, "target": 55, "right": false, "left": true, "value": 1}, {"source": 45, "target": 152, "right": false, "left": true, "value": 1}, {"source": 45, "target": 93, "right": false, "left": true, "value": 1}, {"source": 46, "target": 190, "right": false, "left": true, "value": 1}, {"source": 47, "target": 145, "right": true, "left": false, "value": 1}, {"source": 47, "target": 115, "right": true, "left": false, "value": 1}, {"source": 47, "target": 212, "right": true, "left": false, "value": 1}, {"source": 47, "target": 147, "right": false, "left": true, "value": 1}, {"source": 48, "target": 209, "right": true, "left": false, "value": 1}, {"source": 49, "target": 153, "right": false, "left": true, "value": 1}, {"source": 49, "target": 85, "right": true, "left": true, "value": 1}, {"source": 50, "target": 192, "right": true, "left": false, "value": 1}, {"source": 50, "target": 188, "right": true, "left": true, "value": 1}, {"source": 51, "target": 158, "right": false, "left": true, "value": 1}, {"source": 52, "target": 142, "right": false, "left": true, "value": 1}, {"source": 53, "target": 81, "right": true, "left": false, "value": 1}, {"source": 54, "target": 173, "right": true, "left": false, "value": 1}, {"source": 55, "target": 72, "right": true, "left": false, "value": 1}, {"source": 55, "target": 161, "right": false, "left": true, "value": 1}, {"source": 55, "target": 58, "right": false, "left": true, "value": 1}, {"source": 56, "target": 148, "right": true, "left": false, "value": 1}, {"source": 57, "target": 96, "right": true, "left": false, "value": 1}, {"source": 57, "target": 181, "right": false, "left": true, "value": 1}, {"source": 58, "target": 72, "right": true, "left": false, "value": 1}, {"source": 59, "target": 82, "right": true, "left": true, "value": 1}, {"source": 59, "target": 118, "right": false, "left": true, "value": 1}, {"source": 59, "target": 219, "right": false, "left": true, "value": 1}, {"source": 60, "target": 144, "right": false, "left": true, "value": 1}, {"source": 60, "target": 68, "right": false, "left": true, "value": 1}, {"source": 61, "target": 196, "right": true, "left": false, "value": 1}, {"source": 62, "target": 214, "right": true, "left": false, "value": 1}, {"source": 63, "target": 173, "right": true, "left": false, "value": 1}, {"source": 64, "target": 194, "right": true, "left": false, "value": 1}, {"source": 65, "target": 112, "right": false, "left": true, "value": 1}, {"source": 67, "target": 137, "right": true, "left": false, "value": 1}, {"source": 69, "target": 106, "right": false, "left": true, "value": 1}, {"source": 69, "target": 146, "right": false, "left": true, "value": 1}, {"source": 70, "target": 209, "right": true, "left": false, "value": 1}, {"source": 70, "target": 189, "right": true, "left": false, "value": 1}, {"source": 72, "target": 165, "right": true, "left": true, "value": 1}, {"source": 74, "target": 76, "right": true, "left": false, "value": 1}, {"source": 75, "target": 179, "right": false, "left": true, "value": 1}, {"source": 75, "target": 157, "right": false, "left": true, "value": 1}, {"source": 76, "target": 88, "right": false, "left": true, "value": 1}, {"source": 77, "target": 205, "right": false, "left": true, "value": 1}, {"source": 78, "target": 108, "right": true, "left": false, "value": 1}, {"source": 79, "target": 198, "right": false, "left": true, "value": 1}, {"source": 82, "target": 135, "right": false, "left": true, "value": 1}, {"source": 82, "target": 138, "right": false, "left": true, "value": 1}, {"source": 82, "target": 212, "right": true, "left": false, "value": 1}, {"source": 82, "target": 181, "right": true, "left": true, "value": 1}, {"source": 82, "target": 87, "right": false, "left": true, "value": 1}, {"source": 82, "target": 91, "right": false, "left": true, "value": 1}, {"source": 82, "target": 92, "right": false, "left": true, "value": 1}, {"source": 83, "target": 162, "right": false, "left": true, "value": 1}, {"source": 83, "target": 94, "right": false, "left": true, "value": 1}, {"source": 89, "target": 164, "right": false, "left": true, "value": 1}, {"source": 90, "target": 122, "right": true, "left": false, "value": 1}, {"source": 91, "target": 115, "right": true, "left": false, "value": 1}, {"source": 91, "target": 124, "right": true, "left": false, "value": 1}, {"source": 92, "target": 196, "right": true, "left": true, "value": 1}, {"source": 95, "target": 184, "right": true, "left": true, "value": 1}, {"source": 95, "target": 166, "right": true, "left": true, "value": 1}, {"source": 97, "target": 136, "right": true, "left": false, "value": 1}, {"source": 98, "target": 185, "right": true, "left": true, "value": 1}, {"source": 99, "target": 172, "right": true, "left": false, "value": 1}, {"source": 100, "target": 178, "right": true, "left": true, "value": 1}, {"source": 100, "target": 199, "right": false, "left": true, "value": 1}, {"source": 101, "target": 113, "right": true, "left": false, "value": 1}, {"source": 102, "target": 174, "right": false, "left": true, "value": 1}, {"source": 103, "target": 143, "right": true, "left": false, "value": 1}, {"source": 104, "target": 188, "right": true, "left": false, "value": 1}, {"source": 106, "target": 212, "right": true, "left": false, "value": 1}, {"source": 107, "target": 195, "right": true, "left": true, "value": 1}, {"source": 107, "target": 206, "right": false, "left": true, "value": 1}, {"source": 109, "target": 161, "right": true, "left": false, "value": 1}, {"source": 110, "target": 145, "right": true, "left": false, "value": 1}, {"source": 110, "target": 131, "right": false, "left": true, "value": 1}, {"source": 110, "target": 208, "right": false, "left": true, "value": 1}, {"source": 111, "target": 145, "right": true, "left": false, "value": 1}, {"source": 111, "target": 147, "right": false, "left": true, "value": 1}, {"source": 115, "target": 125, "right": false, "left": true, "value": 1}, {"source": 116, "target": 156, "right": true, "left": false, "value": 1}, {"source": 116, "target": 149, "right": true, "left": false, "value": 1}, {"source": 116, "target": 215, "right": true, "left": false, "value": 1}, {"source": 117, "target": 172, "right": true, "left": false, "value": 1}, {"source": 119, "target": 154, "right": true, "left": false, "value": 1}, {"source": 120, "target": 214, "right": true, "left": false, "value": 1}, {"source": 121, "target": 201, "right": false, "left": true, "value": 1}, {"source": 123, "target": 167, "right": false, "left": true, "value": 1}, {"source": 124, "target": 145, "right": true, "left": false, "value": 1}, {"source": 125, "target": 145, "right": true, "left": false, "value": 1}, {"source": 125, "target": 130, "right": true, "left": false, "value": 1}, {"source": 125, "target": 212, "right": true, "left": false, "value": 1}, {"source": 126, "target": 209, "right": true, "left": false, "value": 1}, {"source": 127, "target": 136, "right": true, "left": false, "value": 1}, {"source": 128, "target": 131, "right": true, "left": false, "value": 1}, {"source": 129, "target": 214, "right": true, "left": false, "value": 1}, {"source": 130, "target": 200, "right": false, "left": true, "value": 1}, {"source": 130, "target": 145, "right": true, "left": false, "value": 1}, {"source": 130, "target": 147, "right": false, "left": true, "value": 1}, {"source": 130, "target": 212, "right": true, "left": false, "value": 1}, {"source": 132, "target": 174, "right": false, "left": true, "value": 1}, {"source": 134, "target": 154, "right": true, "left": false, "value": 1}, {"source": 135, "target": 187, "right": false, "left": true, "value": 1}, {"source": 135, "target": 138, "right": false, "left": true, "value": 1}, {"source": 136, "target": 169, "right": false, "left": true, "value": 1}, {"source": 136, "target": 140, "right": false, "left": true, "value": 1}, {"source": 136, "target": 204, "right": false, "left": true, "value": 1}, {"source": 136, "target": 211, "right": false, "left": true, "value": 1}, {"source": 136, "target": 158, "right": false, "left": true, "value": 1}, {"source": 139, "target": 160, "right": true, "left": false, "value": 1}, {"source": 141, "target": 216, "right": true, "left": true, "value": 1}, {"source": 143, "target": 172, "right": true, "left": false, "value": 1}, {"source": 144, "target": 186, "right": true, "left": false, "value": 1}, {"source": 149, "target": 203, "right": false, "left": true, "value": 1}, {"source": 149, "target": 176, "right": false, "left": true, "value": 1}, {"source": 149, "target": 215, "right": false, "left": true, "value": 1}, {"source": 150, "target": 184, "right": true, "left": true, "value": 1}, {"source": 150, "target": 166, "right": true, "left": false, "value": 1}, {"source": 151, "target": 159, "right": false, "left": true, "value": 1}, {"source": 154, "target": 202, "right": true, "left": false, "value": 1}, {"source": 154, "target": 220, "right": true, "left": true, "value": 1}, {"source": 157, "target": 209, "right": true, "left": false, "value": 1}, {"source": 159, "target": 192, "right": true, "left": false, "value": 1}, {"source": 165, "target": 180, "right": false, "left": true, "value": 1}, {"source": 165, "target": 215, "right": true, "left": false, "value": 1}, {"source": 166, "target": 184, "right": true, "left": true, "value": 1}, {"source": 170, "target": 172, "right": true, "left": false, "value": 1}, {"source": 171, "target": 182, "right": true, "left": true, "value": 1}, {"source": 175, "target": 207, "right": true, "left": false, "value": 1}, {"source": 177, "target": 205, "right": false, "left": true, "value": 1}, {"source": 178, "target": 199, "right": false, "left": true, "value": 1}, {"source": 183, "target": 218, "right": false, "left": true, "value": 1}, {"source": 188, "target": 207, "right": true, "left": true, "value": 1}, {"source": 189, "target": 209, "right": true, "left": true, "value": 1}, {"source": 191, "target": 217, "right": false, "left": true, "value": 1}, {"source": 194, "target": 197, "right": false, "left": true, "value": 1}, {"source": 196, "target": 212, "right": true, "left": false, "value": 1}]}