{"nodes": [{"asin": "B000256OEY", "name": "Bayco SL-520 13-Watt Fluorescent Work Light", "imUrl": "http://ecx.images-amazon.com/images/I/31Fdd2GwISL._SY445_.jpg", "price": 21.93, "numReviews": 5, "groups": [0], "averageRating": 4.4, "brand": "Bayco"}, {"asin": "B0009J6CUY", "name": "AMERICAN FLUOR CORP 234SLESW Performance Utility Light Fluorescent Worklite, 48-Inch", "imUrl": "http://ecx.images-amazon.com/images/I/31pyEU8J%2BzL._SY300_.jpg", "price": 21.2, "numReviews": 11, "groups": [1], "averageRating": 3.090909090909091, "brand": "AMERICAN FLUOR CORP"}, {"asin": "B007RTA26E", "name": "Bayco SL-2250C 500-Watt Convertible Tripod Halogen Work Light in Molded Case", "imUrl": "http://ecx.images-amazon.com/images/I/41K21NfaMEL._SY300_.jpg", "price": 39.97, "numReviews": 4, "groups": [2], "averageRating": 4.0}, {"asin": "B000E8X4FG", "name": "Designers Edge L-21 Rough Service Work Light Replacement T-3 Bulbs with Hard Case, 250-Watt, 6-Pack (Colors may Vary)", "imUrl": "http://ecx.images-amazon.com/images/I/51iUZbLI31L._SX342_.jpg", "price": 19.37, "numReviews": 11, "groups": [3], "averageRating": 4.454545454545454, "brand": "Designers Edge"}, {"asin": "B000MHPFJW", "name": "78 LED Work Light - Quick Charge - Cordless", "imUrl": "http://ecx.images-amazon.com/images/I/416ZiSmm1tL._SX342_.jpg", "price": 36.99, "numReviews": 20, "groups": [4], "averageRating": 3.0}, {"asin": "B0009H5CRK", "name": "Milwaukee 49-24-0155 Compact 12-Volt and 14.4-Volt Flashlight, No Battery", "imUrl": "http://ecx.images-amazon.com/images/I/41J15GC8RGL._SY300_.jpg", "price": 14.99, "numReviews": 13, "groups": [5], "averageRating": 4.923076923076923}, {"asin": "B00DD9O3CG", "name": "Designers Edge L1320 Eco-Zone 24-LED Rechargeable Indoor/Outdoor High Intensity Portable Work Light with 3-Feet Cord", "imUrl": "http://ecx.images-amazon.com/images/I/41jvehWsnzL._SY300_.jpg", "price": 69.95, "numReviews": 3, "groups": [6], "averageRating": 4.333333333333333, "brand": "Designers Edge"}, {"asin": "B006J6YKQY", "name": "Squidbrite LED Alkaline Work Light", "imUrl": "http://ecx.images-amazon.com/images/I/41BbTRURDWL._SX300_.jpg", "price": 27.61, "numReviews": 3, "groups": [7], "averageRating": 3.6666666666666665}, {"asin": "B004IK9IAG", "name": "Voltec 08-00211 1000-Watt Halogen Tripod Worklight, 6-Foot, Yellow & Black", "imUrl": "http://ecx.images-amazon.com/images/I/31eiC26MjaL._SY300_.jpg", "price": 49.97, "numReviews": 2, "groups": [8], "averageRating": 2.5, "brand": "Voltec"}, {"asin": "B003YXYCNG", "name": "Designers Edge L-180 48-Inch Fluorescent Shop Light with Pull Chain", "imUrl": "http://ecx.images-amazon.com/images/I/21vGayq-jFL._SX300_.jpg", "price": 54.0, "numReviews": 5, "groups": [9], "averageRating": 3.8}, {"asin": "B004LKRPB2", "name": "Alert Stamping 920LS 20 LED Cord Reel task Light", "imUrl": "http://ecx.images-amazon.com/images/I/41gvDCVxIGL._SX300_.jpg", "price": 39.1, "numReviews": 2, "groups": [10], "averageRating": 3.0, "brand": "Alert Stamping"}, {"asin": "B002MUAGLE", "name": "Milwaukee 2735-20 M18 LED Worklight", "imUrl": "http://ecx.images-amazon.com/images/I/41bs9lneltL._SY300_.jpg", "price": 50.99, "numReviews": 43, "groups": [11], "averageRating": 4.441860465116279, "brand": "Milwaukee"}, {"asin": "B001AH8MFW", "name": "Designers Edge L-19 Professional 1200-Watt Twin-Head Adjustable Work Light with Telescoping Tripod Stand, Halogen", "imUrl": "http://ecx.images-amazon.com/images/I/413XBjrgxBL._SY300_.jpg", "price": 50.0, "numReviews": 7, "groups": [12], "averageRating": 3.2857142857142856, "brand": "Designers Edge"}, {"asin": "B008DXYNLS", "name": "Neiko Cordless 150 SMD LED Work Light, Rechargable Lithium-Ion Battery", "imUrl": "http://ecx.images-amazon.com/images/I/41aQohe1VgL._SX342_.jpg", "price": 63.98, "numReviews": 9, "groups": [13], "averageRating": 4.0, "brand": "Neiko"}, {"asin": "B004LKRPAS", "name": "Alert Stamping RTL-30 30 LED Screw in Module for Trouble Light", "imUrl": "http://ecx.images-amazon.com/images/I/41On2jfcVsL._SX300_.jpg", "price": 12.7, "numReviews": 14, "groups": [14], "averageRating": 4.214285714285714, "brand": "Alert Stamping", "salesRankCategory": "Home Improvement", "salesRank": 158150}, {"asin": "B00FLNKVYQ", "name": "ATD Tools (80351) 15W LED Underhood Light with 25' Cord", "imUrl": "http://ecx.images-amazon.com/images/I/31HEM8ndc6L._SX300_.jpg", "price": 96.78, "numReviews": 6, "groups": [15], "averageRating": 5.0, "brand": "ATD Tools"}, {"asin": "B000256RA0", "name": "Bayco SL-1006 Professional 1,000-Watt Halogen Light Tower", "imUrl": "http://ecx.images-amazon.com/images/I/41TDV4D6T9L._SY445_.jpg", "price": 72.05, "numReviews": 6, "groups": [16], "averageRating": 3.6666666666666665, "brand": "Bayco"}, {"asin": "B000HHQ94C", "name": "Woods 0151 18/2-Gauge SPT-2 Clamp Lamp with 8.5-Inch Reflector, 150-Watt, 6-Foot Cord", "imUrl": "http://ecx.images-amazon.com/images/I/41zyyuZNwNL._SY300_.jpg", "price": 10.61, "numReviews": 149, "groups": [17], "averageRating": 3.9060402684563758, "brand": "Woods"}, {"asin": "B0072CK8E2", "name": "Designers Edge L1313 108-LED Rechargeable Portable Super Bright LED Worklight, Green", "imUrl": "http://ecx.images-amazon.com/images/I/41AB0mMK1OL._SY300_.jpg", "price": 42.72, "numReviews": 80, "groups": [18], "averageRating": 3.875, "brand": "Designers Edge"}, {"asin": "B007CNRZI8", "name": "Bayco SLR-2120 LED Rechargeable Under Hood Work Light", "imUrl": "http://ecx.images-amazon.com/images/I/41KmB2%2BqvHL._SY300_.jpg", "price": 101.29, "numReviews": 17, "groups": [19], "averageRating": 4.0588235294117645, "brand": "Bayco"}, {"asin": "B00DYAKY6S", "name": "36 LED Cordless Work Light with 1-Watt Flashlight - Magnetic Swivel Stand & Hanging Hook", "imUrl": "http://ecx.images-amazon.com/images/I/412UJhjuJOL._SX342_.jpg", "price": 13.95, "numReviews": 3, "groups": [20], "averageRating": 2.3333333333333335}, {"asin": "B000TBQBPS", "name": "Tooluxe 40279L 130-LED Rechargeable Cordless Work Light with Stand", "imUrl": "http://ecx.images-amazon.com/images/I/51tOpRvaJiL._SY300_.jpg", "price": 69.99, "numReviews": 23, "groups": [21], "averageRating": 3.739130434782609, "brand": "Tooluxe"}, {"asin": "B0048BPXXQ", "name": "Regent PQS2504IN1 4 in 1 Halogen Portable Clamp Work Light", "imUrl": "http://ecx.images-amazon.com/images/I/41C%2BdZHnJ7L._SX300_.jpg", "price": 17.76, "numReviews": 4, "groups": [22], "averageRating": 3.0, "brand": "Regent"}, {"asin": "B001F6W68W", "name": "Bayco NSR-2492 Night Stick Worklight and Flashlight", "imUrl": "http://ecx.images-amazon.com/images/I/31zGBp9l8SL._SY300_.jpg", "price": 38.2, "numReviews": 10, "groups": [23], "averageRating": 3.7, "brand": "Bayco"}, {"asin": "B00DZWCYVS", "name": "iGaging ZoomFlex HIGH INTENSITY CREE LED ZOOM LIGHT 300 Lumens w/ FLEXIBLE ADJUSTABLE MAGNETIC BASE and Universal Mounting Plate", "imUrl": "http://ecx.images-amazon.com/images/I/41%2BTiaYDAPL._SX342_.jpg", "price": 26.5, "numReviews": 4, "groups": [24], "averageRating": 4.75, "salesRankCategory": "Industrial & Scientific", "salesRank": 9901}, {"asin": "B0045F5GR8", "name": "ProTech Plus Twin T8 Tube 30 Watt Fluorescent Light w / Lighted LED End Plug-Tripod Stand-25 ft. 16/3 SJTOW Cord w/ Lighted LED End Plug-Dual Switched 26\" Body-UL/CUL Approved", "imUrl": "http://ecx.images-amazon.com/images/I/318TkT9j14L._SY445_.jpg", "price": 119.99, "numReviews": 3, "groups": [25], "averageRating": 3.3333333333333335}, {"asin": "B0007OWCU0", "name": "Bayco SL-1005 1000-Watt Convertible Tripod Tower Halogen Work Light", "imUrl": "http://ecx.images-amazon.com/images/I/21gIrhgpouL._SY300_.jpg", "price": 44.49, "numReviews": 1, "groups": [26], "averageRating": 4.0, "brand": "Bayco"}, {"asin": "B004UMIWJA", "name": "IIT 93230 - 24 LED Hanging Work Light", "imUrl": "http://ecx.images-amazon.com/images/I/41HM7e64e6L._SX342_.jpg", "price": 5.99, "numReviews": 4, "groups": [27], "averageRating": 3.5, "brand": "IIT"}, {"asin": "B0072CK8H4", "name": "Designers Edge L1312 Eco-Zone 5-LED Portable Work Light, Green, 120-Volt", "imUrl": "http://ecx.images-amazon.com/images/I/41KAV53pp8L._SY300_.jpg", "price": 48.35, "numReviews": 69, "groups": [28], "averageRating": 3.8405797101449277, "brand": "Designers Edge"}, {"asin": "B007F7U7CC", "name": "Globe Electric 60506 500-watt Portable Work Light", "imUrl": "http://ecx.images-amazon.com/images/I/51n9cI8RRzL._SY300_.jpg", "price": 11.97, "numReviews": 1, "groups": [29], "averageRating": 3.0}, {"asin": "B005FQTG4U", "name": "iGAGING MAG & LIGHT SUPER BRIGHT MAGNETIC WORKBENCH LIGHT", "imUrl": "http://ecx.images-amazon.com/images/I/61sT%2BDAOvkL._SY300_.jpg", "price": 13.99, "numReviews": 3, "groups": [30], "averageRating": 5.0}, {"asin": "B0058WKB0E", "name": "Bayco SL-2125 25 Foot Cord Corded LED Work Light with Magnetic Hook for Hand-Free Lighting", "imUrl": "http://ecx.images-amazon.com/images/I/31qy8Bp0BAL._SY300_.jpg", "price": 42.41, "numReviews": 3, "groups": [31, 32], "averageRating": 5.0, "brand": "Bayco"}, {"asin": "B00125Z4FI", "name": "Power On Board Bright Bar Led Rechargeable Work Light WLB26MCP", "imUrl": "http://ecx.images-amazon.com/images/I/41ocNKdxHSL._SX342_.jpg", "price": 41.99, "numReviews": 8, "groups": [33], "averageRating": 4.0}, {"asin": "B004L5GLSU", "name": "Eco-Zone Portable Worklight", "imUrl": "http://ecx.images-amazon.com/images/I/41Fg3HKrbPL._SX342_.jpg", "price": 38.56, "numReviews": 1, "groups": [34], "averageRating": 3.0}, {"asin": "B000TR58HE", "name": "Designers Edge L-2004 65-Watt Fluorescent Portable Worklight", "imUrl": "http://ecx.images-amazon.com/images/I/41VlZZ3C7uL._SY300_.jpg", "price": 59.95, "numReviews": 13, "groups": [35], "averageRating": 4.0, "brand": "Designers Edge"}, {"asin": "B0016J7VJ2", "name": "Gyros MAGNALite XL Cordless/Rechargeable 26 LED Work Light/Lamp 7.2v with Magnetized Bottom", "imUrl": "http://ecx.images-amazon.com/images/I/312iVh1dIWL._SX342_.jpg", "price": 48.01, "numReviews": 8, "groups": [36], "averageRating": 4.0}, {"asin": "B00GRQSO3G", "name": "7W Rechargeable LED Work Light with Hook and Magnet - Portable Cordless Work Lamp - Shockproof Skid Resistant- RWL-03", "imUrl": "http://ecx.images-amazon.com/images/I/41FJWO3yqqL._SY300_.jpg", "price": 36.99, "numReviews": 1, "groups": [37], "averageRating": 1.0}, {"asin": "B00076Q0JC", "name": "Designers Edge L-18 Home Light One-Light 500-Watt Halogen Portable Work Light", "imUrl": "http://ecx.images-amazon.com/images/I/51TB0X4PTRL._SX342_.jpg", "price": 19.99, "numReviews": 16, "groups": [38], "averageRating": 3.75}, {"asin": "B00076ENFU", "name": "Wobble Light WL175MH Self-Righting 175-Watt Metal Halide Work Light, Yellow", "imUrl": "http://ecx.images-amazon.com/images/I/31voDO2LyPL._SY445_.jpg", "price": 249.99, "numReviews": 3, "groups": [39], "averageRating": 3.3333333333333335, "brand": "Wobble Light"}, {"asin": "B001DJ6CMW", "name": "Designers Edge L-2005  Industrial 130-Watt(600-Watt Equivalent) Twin-Head Adjustable Work Light with Telescoping Tripod Stand, Fluorescent", "imUrl": "http://ecx.images-amazon.com/images/I/41J0OcqTwNL._SY300_.jpg", "price": 122.38, "numReviews": 8, "groups": [40], "averageRating": 2.375, "brand": "Designers Edge"}, {"asin": "B000256R9Q", "name": "Bayco SL-825 13-Watt Fluorescent Work Light with 40-Feet Cord Reel", "imUrl": "http://ecx.images-amazon.com/images/I/41KX070BC5L._SY300_.jpg", "price": 59.4, "numReviews": 34, "groups": [41, 42], "averageRating": 4.0588235294117645, "brand": "Bayco"}, {"asin": "B007RKKEI4", "name": "Bayco FL-407PDQ Professional Series Metal Shield Incandescent Utility Light with 18 Gauge Cord and Tool Tap", "imUrl": "http://ecx.images-amazon.com/images/I/31JIoVxyv0L._SY300_.jpg", "price": 11.97, "numReviews": 6, "groups": [43], "averageRating": 4.666666666666667}, {"asin": "B004QPH53U", "name": "63 LED Cordless Rechargeable Work Light", "imUrl": "http://ecx.images-amazon.com/images/I/41GRYaXT5xL._SX300_.jpg", "price": 24.95, "numReviews": 5, "groups": [44], "averageRating": 3.4}, {"asin": "B004ZMUHBG", "name": "Voltec 08-00210 500-Watt Portable Halogen Worklight, 6-Foot, Yellow & Black", "imUrl": "http://ecx.images-amazon.com/images/I/31V9LcWPKEL._SY300_.jpg", "price": 48.31, "numReviews": 2, "groups": [45], "averageRating": 4.0}, {"asin": "B000I2MVJI", "name": "Wobble Light  111203 27-Inch 85 watt Fluorescent Work Light, Yellow", "imUrl": "http://ecx.images-amazon.com/images/I/314HGWTT1JL._SY300_.jpg", "price": 123.46, "numReviews": 19, "groups": [46], "averageRating": 4.315789473684211, "brand": "Wobble Light"}, {"asin": "B00005A1KM", "name": "Wobble Light  WL500H Self-Righting 500-Watt Halogen Work Light", "imUrl": "http://ecx.images-amazon.com/images/I/31voDO2LyPL._SY445_.jpg", "price": 209.99, "numReviews": 10, "groups": [46], "averageRating": 3.9, "brand": "Wobble Light"}, {"asin": "B004Q04KJ2", "name": "Bayco BAR-2030B2 Hands-Free Rechargeable Dual-Power Level LED Work Light", "imUrl": "http://ecx.images-amazon.com/images/I/31uSf8yDFbL._SY300_.jpg", "price": 39.94, "numReviews": 5, "groups": [47], "averageRating": 3.4, "brand": "Bayco"}, {"asin": "B001U04MKI", "name": "Stanley SB0109 SquidBrite Work Light", "imUrl": "http://ecx.images-amazon.com/images/I/41mlT4ZgCfL._SY300_.jpg", "price": 32.5, "numReviews": 55, "groups": [48], "averageRating": 4.418181818181818, "brand": "Stanley"}, {"asin": "B000E8UZGC", "name": "Designers Edge L-23 Rough Service Work Light Replacement T-3 Bulbs with Hard Case, 500-Watt, 6-Pack", "imUrl": "http://ecx.images-amazon.com/images/I/51cIJta8wCL._SX342_.jpg", "price": 16.46, "numReviews": 11, "groups": [49, 50], "averageRating": 3.272727272727273, "brand": "Designers Edge"}, {"asin": "B000E8X4G0", "name": "Designers Edge E-233 Deluxe Incandescent Trouble Light", "imUrl": "http://ecx.images-amazon.com/images/I/412BCNVbHhL._SX342_.jpg", "price": 8.88, "numReviews": 5, "groups": [51], "averageRating": 3.0, "brand": "Designers Edge"}, {"asin": "B002ACP0K6", "name": "Alert Stamping 5000A-30GT-CB 50-LED Reel Light with Outlet", "imUrl": "http://ecx.images-amazon.com/images/I/41ifxp9hTWL._SX342_.jpg", "price": 87.3, "numReviews": 15, "groups": [41, 42], "averageRating": 4.2, "brand": "Alert Stamping"}, {"asin": "B000HJD8KI", "name": "Designers Edge L-10 500-Watt Adjustable Work Light with Telescoping Tripod Stand, Halogen", "imUrl": "http://ecx.images-amazon.com/images/I/31aPuuqreRL._SY445_.jpg", "price": 30.09, "numReviews": 3, "groups": [45], "averageRating": 2.0, "brand": "Designers Edge"}, {"asin": "B000MRC7P2", "name": "Bayco SL-676 OSHA 13-Watt Fluorescent Work Light", "imUrl": "http://ecx.images-amazon.com/images/I/31qHsvMz2tL._SX342_.jpg", "price": 30.86, "numReviews": 1, "groups": [52], "averageRating": 5.0, "brand": "Bayco"}, {"asin": "B00113LOXM", "name": "Bayco SL-976 26-Watt Double-Brite Pro Grade Fluorescent Work Light with Tool Tap", "imUrl": "http://ecx.images-amazon.com/images/I/31VfUxdNcTL._SY445_.jpg", "price": 36.49, "numReviews": 5, "groups": [53], "averageRating": 3.6, "brand": "Bayco"}, {"asin": "B002EEP4V0", "name": "Milwaukee 49-24-0146 M12 12-Volt LED Work Light", "imUrl": "http://ecx.images-amazon.com/images/I/41kJ5ZGTr3L._SY300_.jpg", "price": 40.53, "numReviews": 55, "groups": [54], "averageRating": 4.327272727272727, "brand": "Milwaukee"}, {"asin": "B001VXU29O", "name": "Bayco SL-1022 500-Watt Single Head Convertible Tripod Halogen Work Light", "imUrl": "http://ecx.images-amazon.com/images/I/41hwYYrcFBL.jpg", "price": 29.0, "numReviews": 1, "groups": [55], "averageRating": 4.0, "brand": "Bayco"}, {"asin": "B0009F8V02", "name": "Milwaukee MLW49-24-0185 V28 Lithium-Ion Work Light", "imUrl": "http://ecx.images-amazon.com/images/I/41QQ8E5883L._SY300_.jpg", "price": 35.25, "numReviews": 29, "groups": [56], "averageRating": 4.310344827586207, "brand": "Milwaukee"}, {"asin": "B002IVTLLS", "name": "Alert Stamping TLP-25GM-CB Incandescent Trouble Light with 25-Feet Cold Weather Cord", "imUrl": "http://ecx.images-amazon.com/images/I/41lL7bQJW7L._SX342_.jpg", "price": 30.0, "numReviews": 22, "groups": [43], "averageRating": 4.7727272727272725, "brand": "Alert Stamping"}, {"asin": "B0042U7UZC", "name": "Alert QXL-6G 26W Fluorescent Trouble Light", "imUrl": "http://ecx.images-amazon.com/images/I/418N9rwGNGL._SX342_.jpg", "price": 30.48, "numReviews": 2, "groups": [57], "averageRating": 5.0, "brand": "Alert"}, {"asin": "B004IXSWTQ", "name": "Bayco SLR-2134 Professional Series 30 LED Dual Function Rechargeable Work Light", "imUrl": "http://ecx.images-amazon.com/images/I/31ZobGrVYxL._SY300_.jpg", "price": 34.02, "numReviews": 15, "groups": [58], "averageRating": 4.266666666666667, "brand": "Bayco"}, {"asin": "B004HGFV1G", "name": "Alert Stamping 5050LL 55 LED Work Light Reel", "imUrl": "http://ecx.images-amazon.com/images/I/41mndG1o3oL._SX300_.jpg", "price": 56.92, "numReviews": 4, "groups": [59], "averageRating": 4.0, "brand": "Alert Stamping"}, {"asin": "B007F7U7A4", "name": "Globe Electric 60555 150-Watt Portable Work Light with Heavy Duty Clamp", "imUrl": "http://ecx.images-amazon.com/images/I/41GBvOSdWAL._SX342_.jpg", "price": 24.96, "numReviews": 2, "groups": [60], "averageRating": 2.5, "brand": "Globe Electric"}, {"asin": "B007RKKEHA", "name": "Bayco SL-300 8.5 Inch Clamp Light with Aluminum Reflector", "imUrl": "http://ecx.images-amazon.com/images/I/41GDTn2U52L._SY300_.jpg", "price": 9.42, "numReviews": 121, "groups": [61], "averageRating": 4.140495867768595}, {"asin": "B00GYIWSOS", "name": "Kobalt Hypercoil Work Light #63453", "imUrl": "http://ecx.images-amazon.com/images/I/41f1EEDFSoL._SY300_.jpg", "price": 11.95, "numReviews": 26, "groups": [62], "averageRating": 4.538461538461538, "brand": "Kobalt"}, {"asin": "B00827K2J2", "name": "Blazer CWL235 Magnetic Work Light", "imUrl": "http://ecx.images-amazon.com/images/I/51LxloUm7OL._SY300_.jpg", "price": 18.99, "numReviews": 4, "groups": [63], "averageRating": 4.5}, {"asin": "B001VY1FAS", "name": "Bayco SL-1082 1500-Watt Convertible Tripod Tower Halogen Work Light", "imUrl": "http://ecx.images-amazon.com/images/I/21zF0dit3aL.jpg", "price": 128.74, "numReviews": 4, "groups": [64], "averageRating": 2.0, "brand": "Bayco"}, {"asin": "B0034RZWVS", "name": "Designers Edge L-2006 Ecozone 65-Watt Fluorescent Portable 360-Degree Worklight", "imUrl": "http://ecx.images-amazon.com/images/I/31hLU379iFL._SY300_.jpg", "price": 42.09, "numReviews": 14, "groups": [65], "averageRating": 3.857142857142857, "brand": "Designers Edge"}, {"asin": "B00525MWB8", "name": "ElumX TDR60 Rechargeable 60 LED Work Light/Task Light", "imUrl": "http://ecx.images-amazon.com/images/I/41CHToHWQTL._SY300_.jpg", "price": 29.88, "numReviews": 2, "groups": [66], "averageRating": 4.0}, {"asin": "B000RUJK5E", "name": "Alert Stamping LET50-15G 50LED Corded Light with Outlet", "imUrl": "http://ecx.images-amazon.com/images/I/41OhOzKQz1L._SX342_.jpg", "price": 30.63, "numReviews": 7, "groups": [67], "averageRating": 3.7142857142857144, "brand": "Alert Stamping"}, {"asin": "B007F7U8NA", "name": "Globe Electric 65518 1000-Watt Halogen Twin Head 2 in 1 Work Light", "imUrl": "http://ecx.images-amazon.com/images/I/41E0fTnnIHL._SX342_.jpg", "price": 59.99, "numReviews": 2, "groups": [68], "averageRating": 3.5, "brand": "Globe Electric"}, {"asin": "B007RKKFH4", "name": "Bayco BA-2116 6 Foot Cord Corded LED Work Light with Magnetic Hook for Hand-Free Lighting", "imUrl": "http://ecx.images-amazon.com/images/I/41%2BT5A4YboL._SY300_.jpg", "price": 27.97, "numReviews": 4, "groups": [31], "averageRating": 2.75}, {"asin": "B007424XIM", "name": "Mossy Oak 28 LED Handheld or Hanging Work Light w/ Magnet and Hook", "imUrl": "http://ecx.images-amazon.com/images/I/41tdUEpRBdL._SX300_.jpg", "price": 6.95, "numReviews": 10, "groups": [69], "averageRating": 3.7, "brand": "Mossy Oak"}, {"asin": "B00076Q0FG", "name": "Designers Edge E-244 Incandescent Clamp Light, 6-Foot Cord", "imUrl": "http://ecx.images-amazon.com/images/I/41QFL%2BzA1LL._SX342_.jpg", "price": 10.61, "numReviews": 9, "groups": [70], "averageRating": 4.222222222222222}, {"asin": "B004BDNKQ8", "name": "Bayco SLR-2166 Rechargeable LED Worklight, Yellow", "imUrl": "http://ecx.images-amazon.com/images/I/31L3wDsCuML._SY300_.jpg", "price": 37.3, "numReviews": 178, "groups": [71], "averageRating": 4.415730337078652, "brand": "Bayco"}, {"asin": "B0033WGV82", "name": "Dorcy 41-4225 Rechargeable Broad Beam LED Work Light with AC Charger and Swivel Hook, 400-Lumens, Yellow Finish", "imUrl": "http://ecx.images-amazon.com/images/I/31VrpMOfaAL._SY300_.jpg", "price": 43.99, "numReviews": 18, "groups": [72], "averageRating": 3.3333333333333335, "brand": "Dorcy"}, {"asin": "B000692ENG", "name": "Coleman Cable 05327 Work Lamp with Metal Guard and 25-Foot Cord with On/Off Switch", "imUrl": "http://ecx.images-amazon.com/images/I/41SB5UoiUNL._SY300_.jpg", "price": 24.81, "numReviews": 4, "groups": [73], "averageRating": 3.5, "brand": "Coleman Cable"}, {"asin": "B001DSXCSK", "name": "Magtite Base Work Light", "imUrl": "http://ecx.images-amazon.com/images/I/51viQazfj5L._SY300_.jpg", "price": 34.99, "numReviews": 22, "groups": [74], "averageRating": 4.5}, {"asin": "B00IE1M2T4", "name": "PowerSmith PWL1120B 20-watt 1500 Lumen LED Work Light", "imUrl": "http://ecx.images-amazon.com/images/I/41U3KJXGzuL._SY300_.jpg", "price": 49.97, "numReviews": 1, "groups": [75], "averageRating": 5.0}, {"asin": "B000256R28", "name": "Bayco SL-935 13-Watt Fluorescent Spot/Work Light with 25-Foot Cord", "imUrl": "http://ecx.images-amazon.com/images/I/3187FoDhdRL._SY445_.jpg", "price": 21.59, "numReviews": 8, "groups": [76], "averageRating": 3.75, "brand": "Bayco"}, {"asin": "B009GLIQ1Y", "name": "Neiko Rechargeable Cordless 150 LED Work Light With Single Light Stand", "imUrl": "http://ecx.images-amazon.com/images/I/41wJJ8BIZ%2BL._SX300_.jpg", "price": 104.58, "numReviews": 1, "groups": [77], "averageRating": 4.0}, {"asin": "B00DRA2D4Q", "name": "WorkBright FL-16R COB LED Rechargeable Work Light", "imUrl": "http://ecx.images-amazon.com/images/I/41hoa3k5LrL._SY300_.jpg", "price": 86.75, "numReviews": 6, "groups": [78], "averageRating": 5.0, "brand": "WorkBright"}, {"asin": "B000683PVM", "name": "Coleman Cable 05427 Work Lamp with Metal Guard and 25-Foot Cord with On/Off Switch", "imUrl": "http://ecx.images-amazon.com/images/I/41FUZnlcvuL._SY300_.jpg", "price": 11.43, "numReviews": 2, "groups": [79], "averageRating": 5.0, "brand": "Coleman Cable"}, {"asin": "B0055SWWSA", "name": "Might-D-Light LED130C, LED Rechargeable Folding Camo Worklight", "imUrl": "http://ecx.images-amazon.com/images/I/51-sepSdbLL._SY300_.jpg", "price": 38.97, "numReviews": 6, "groups": [80], "averageRating": 4.333333333333333}, {"asin": "B00EO88QMS", "name": "Techno Earth\u00ae Portable Ultra Bright Cordless Rechargeable Led Flood Spot Work Light Lamp 10w Water Resistant Yellow", "imUrl": "http://ecx.images-amazon.com/images/I/41NvOM1BW5L._SY300_.jpg", "price": 49.95, "numReviews": 12, "groups": [81], "averageRating": 4.833333333333333, "salesRankCategory": "Industrial & Scientific", "salesRank": 12328}, {"asin": "B009AJDAXQ", "name": "NEW! Titan 27-LED Compact Work Light, Portable Light, Flashlight Handheld with Magnet and Hook", "imUrl": "http://ecx.images-amazon.com/images/I/41YHfBE2bML._SX300_.jpg", "price": 7.99, "numReviews": 4, "groups": [82], "averageRating": 4.0}, {"asin": "B000FW7UH4", "name": "Bayco SL-1002 Halogen Project Work Light", "imUrl": "http://ecx.images-amazon.com/images/I/51xAvDtJrxL._SY445_.jpg", "price": 10.93, "numReviews": 50, "groups": [83], "averageRating": 3.74, "brand": "Bayco"}, {"asin": "B00525MUKQ", "name": "ElumX TDR30 Rechargeable 30 LED Work Light/Task Light", "imUrl": "http://ecx.images-amazon.com/images/I/41jhFWq0fFL._SY300_.jpg", "price": 24.49, "numReviews": 1, "groups": [84], "averageRating": 1.0}, {"asin": "B001SEBOI4", "name": "Rechargeable High Output LED Area & Work Light", "imUrl": "http://ecx.images-amazon.com/images/I/51ruRqNndoL._SY300_.jpg", "price": 39.97, "numReviews": 1, "groups": [85], "averageRating": 5.0}, {"asin": "B002UD5J6K", "name": "All-Pro LED110, 60 LED plug-in worklight with 15 ft. power cord.", "imUrl": "http://ecx.images-amazon.com/images/I/31RLjM8TqrL._SY445_.jpg", "price": 27.38, "numReviews": 21, "groups": [32], "averageRating": 3.4285714285714284}, {"asin": "B000256R2I", "name": "Bayco SL-908 26-Watt Double-Brite Pro Grade Fluorescent Work Light with 6-Foot Cord", "imUrl": "http://ecx.images-amazon.com/images/I/31TEC967P4L._SY445_.jpg", "price": 26.49, "numReviews": 35, "groups": [86], "averageRating": 4.0285714285714285, "brand": "Bayco"}, {"asin": "B004CLS0WI", "name": "All Pro Worklights TQS1200QDR 1200 Watt Cooper Lighting Quartz Halogen Stand Worklight with Quick Disconnect", "imUrl": "http://ecx.images-amazon.com/images/I/41cjtk7xDyL._SY300_.jpg", "price": 68.21, "numReviews": 6, "groups": [87], "averageRating": 3.1666666666666665, "brand": "All Pro"}, {"asin": "B00076ENGE", "name": "Wobble Light WL400MH Self-Righting 400 Watt Metal Halide Work Light,  Yellow", "imUrl": "http://ecx.images-amazon.com/images/I/31RkU2lBwZL._SY445_.jpg", "price": 269.0, "numReviews": 23, "groups": [46], "averageRating": 3.5652173913043477, "brand": "Wobble Light"}, {"asin": "B005LVHTPM", "name": "12 Volt Magnetic Flood Light 12V Magnet Halogen Car Garage Light (Hanging Handel and Swivel)", "imUrl": "http://ecx.images-amazon.com/images/I/31rl6Id7jpL.jpg", "price": 17.99, "numReviews": 1, "groups": [88], "averageRating": 5.0}, {"asin": "B0094GVG0Y", "name": "Might-D-Light LED125C, LED Compact Folding Camo Worklight", "imUrl": "http://ecx.images-amazon.com/images/I/51EdiFjKzUL._SX300_.jpg", "price": 19.58, "numReviews": 7, "groups": [89], "averageRating": 4.285714285714286, "salesRankCategory": "Home Improvement", "salesRank": 115096}, {"asin": "B000E8UZEO", "name": "Designers Edge L-878-4N1 250-Watt 4-in-1 Halogen Combo Portable Worklight, Red", "imUrl": "http://ecx.images-amazon.com/images/I/416DC495Q5L._SY445_.jpg", "price": 24.32, "numReviews": 2, "groups": [90], "averageRating": 4.0, "brand": "Designers Edge"}, {"asin": "B001E294K0", "name": "12 Volt Work Light", "imUrl": "http://ecx.images-amazon.com/images/I/21sMXVpqHAL.jpg", "price": 10.79, "numReviews": 3, "groups": [91], "averageRating": 3.0}, {"asin": "B006V7TBCO", "name": "KC HiLiTES 9926 Rechargeable LED Work Light Flashlight", "imUrl": "http://ecx.images-amazon.com/images/I/41-bdgmsYEL._SY300_.jpg", "price": 58.76, "numReviews": 2, "groups": [92], "averageRating": 4.5}, {"asin": "B002T4AEGK", "name": "Might-D-Light LED130, LED Rechargeable Gray Folding Worklight", "imUrl": "http://ecx.images-amazon.com/images/I/514XZhrcIYL._SY300_.jpg", "price": 29.99, "numReviews": 244, "groups": [93], "averageRating": 4.299180327868853}, {"asin": "B003CP3S68", "name": "Designers Edge L1301 180-LED Rechargeable Portable Super Bright LED Worklight, Green", "imUrl": "http://ecx.images-amazon.com/images/I/41DfGqGmOoL._SY300_.jpg", "price": 43.11, "numReviews": 9, "groups": [94], "averageRating": 4.444444444444445}, {"asin": "B00CJ3795U", "name": "TerraLUX Workstar 50 Led Rechargeable Work Light 200 Lumens, Black TLW-50", "imUrl": "http://ecx.images-amazon.com/images/I/31KiynEFlLL._SY300_.jpg", "price": 23.99, "numReviews": 2, "groups": [95], "averageRating": 3.5, "brand": "TerraLUX"}, {"asin": "B00004SQJT", "name": "Coleman Cable 07776 Two-Light 1000-Watt Quartz Halogen Light with Tripod", "imUrl": "http://ecx.images-amazon.com/images/I/319rWUKDAoL._SY445_.jpg", "price": 70.34, "numReviews": 15, "groups": [96], "averageRating": 4.0}, {"asin": "B001U3V38Y", "name": "Designers Edge L-5203 1000-Watt Double Bulb Halogen 160-Degree Wide Angle Surround Portable Worklight, Green", "imUrl": "http://ecx.images-amazon.com/images/I/51G2bsAik0L._SX300_.jpg", "price": 65.0, "numReviews": 17, "groups": [97], "averageRating": 4.411764705882353, "brand": "Designers Edge"}, {"asin": "B003QGA86G", "name": "Stalwart 75-7180 Hawk Fluorescent Work Light with Stand", "imUrl": "http://ecx.images-amazon.com/images/I/3131FUdjJUL._SY300_.jpg", "price": 27.2, "numReviews": 2, "groups": [98], "averageRating": 2.0}, {"asin": "B000256R2S", "name": "Bayco SL-975 26-Watt Double-Brite Pro Grade Fluorescent Work Light with 25-Foot Cord", "imUrl": "http://ecx.images-amazon.com/images/I/31l93xNoxzL._SX342_.jpg", "price": 28.19, "numReviews": 40, "groups": [99], "averageRating": 4.25, "brand": "Bayco"}, {"asin": "B009GLIQS2", "name": "2-Pack Neiko Rechargeable Cordless 150 LED Work Light With Dual Light Stand", "imUrl": "http://ecx.images-amazon.com/images/I/41KUDfxfzZL._SX300_.jpg", "price": 157.06, "numReviews": 1, "groups": [100], "averageRating": 4.0}, {"asin": "B004IK9IDS", "name": "Voltec 08-00616 1400-Watt Halogen Pro Worklight, 7-Foot, Blue & Yellow", "imUrl": "http://ecx.images-amazon.com/images/I/31d6pMPo0PL._SY300_.jpg", "price": 84.99, "numReviews": 1, "groups": [101], "averageRating": 2.0}, {"asin": "B0072CK57C", "name": "Designers Edge L1306 108-LED Portable Bright LED Workshop Lighting, Green", "imUrl": "http://ecx.images-amazon.com/images/I/417eljcPUfL._SY300_.jpg", "price": 26.97, "numReviews": 80, "groups": [102], "averageRating": 3.875, "brand": "Designers Edge"}, {"asin": "B005XG48Q8", "name": "Flare Alert LED Lighting 903G LED Mini Work Light with Flashlight", "imUrl": "http://ecx.images-amazon.com/images/I/31wWFJbdWiL._SY300_.jpg", "price": 17.05, "numReviews": 2, "groups": [103], "averageRating": 4.5}, {"asin": "B00113OVKU", "name": "Bayco SLR-2236C4 Rechargeable 36-LED Cordless Work Light", "imUrl": "http://ecx.images-amazon.com/images/I/31YtNPv5qQL._SY445_.jpg", "price": 41.44, "numReviews": 5, "groups": [104], "averageRating": 3.4}, {"asin": "B0027IS5DC", "name": "Black & Decker WLF013BD 25-LED Worklight with Pivoting Head", "imUrl": "http://ecx.images-amazon.com/images/I/51mlV8wgCuL._SX342_.jpg", "price": 19.99, "numReviews": 2, "groups": [85], "averageRating": 1.5}, {"asin": "B005GDFFIS", "name": "Morris Products 73040 Combo LED Exit Emergency Light, Standard Type, Red LED Color, White Housing", "imUrl": "http://ecx.images-amazon.com/images/I/41mEmTQchJL._SX342_.jpg", "price": 30.67, "numReviews": 22, "groups": [105], "averageRating": 4.545454545454546, "brand": "Morris Products", "salesRankCategory": "Industrial & Scientific", "salesRank": 352}, {"asin": "B0072CK7CK", "name": "Designers Edge L1318 3200-Lumen 120-Volt Portable LED Worklight, Green, 40-Watt", "imUrl": "http://ecx.images-amazon.com/images/I/41-nR9sxnSL._SY300_.jpg", "price": 71.98, "numReviews": 7, "groups": [106], "averageRating": 4.428571428571429}, {"asin": "B0000BYEJV", "name": "All-Pro TQS1000QD, 1000W Quartz Halogen Stand Worklight With Quick Disconnect", "imUrl": "http://ecx.images-amazon.com/images/I/31gfFgmsRJL._SY300_.jpg", "price": 43.04, "numReviews": 16, "groups": [107], "averageRating": 2.9375}, {"asin": "B009BAC4J0", "name": "ATD Tools 80360 Saber-II 60-SMD LED Cordless Rechargeable Work Light", "imUrl": "http://ecx.images-amazon.com/images/I/31%2BjRXSZy%2BL._SX300_.jpg", "price": 50.25, "numReviews": 10, "groups": [108], "averageRating": 4.8, "brand": "ATD Tools"}, {"asin": "B0065JCJYU", "name": "3-in-1 Emergency Light", "imUrl": "http://ecx.images-amazon.com/images/I/31XNAdAmBLL._SY445_.jpg", "price": 11.25, "numReviews": 37, "groups": [109], "averageRating": 4.1891891891891895}, {"asin": "B0096CGXOA", "name": "ATR 27 LED Super Bright Work Light With Magnet and Hook (Pack of 3 of BLUE/ORANGE/YELLOW)", "imUrl": "http://ecx.images-amazon.com/images/I/41khTh8GXcL._SX342_.jpg", "price": 8.99, "numReviews": 1, "groups": [110], "averageRating": 5.0}, {"asin": "B00004SQJ9", "name": "Coleman Cable 05922 5-1/2\" Heavy Duty Reflector Clamp Light - 18/2 SPT and 6' Cord", "imUrl": "http://ecx.images-amazon.com/images/I/41UGpS-73fL._SY300_.jpg", "price": 8.77, "numReviews": 1, "groups": [111], "averageRating": 4.0}, {"asin": "B0038OPP5U", "name": "Designers Edge L33 Portable Halogen Work Light with Switch, Orange, 500-Watt", "imUrl": "http://ecx.images-amazon.com/images/I/51-QRx6dxSL._SY300_.jpg", "price": 14.99, "numReviews": 17, "groups": [83], "averageRating": 4.0, "brand": "Designers Edge"}, {"asin": "B008FP97CO", "name": "45 LED Portable Work Light with Tripod", "imUrl": "http://ecx.images-amazon.com/images/I/317l2hFR2SL._SY300_.jpg", "price": 49.64, "numReviews": 2, "groups": [112], "averageRating": 2.5}, {"asin": "B00158KOES", "name": "Single Light Stand for 130 LED Cordless Rechargeable Work Light", "imUrl": "http://ecx.images-amazon.com/images/I/418BYe5NskL._SY300_.jpg", "price": 36.32, "numReviews": 2, "groups": [113], "averageRating": 4.0}, {"asin": "B001E69PQE", "name": "TerraLUX TLW-80 WorkStar80 LED Cordless and Rechargable Work Light", "imUrl": "http://ecx.images-amazon.com/images/I/313GgLh2%2B5L._SY300_.jpg", "price": 36.99, "numReviews": 17, "groups": [114], "averageRating": 3.6470588235294117}, {"asin": "B003CVR4TO", "name": "Designers Edge L1198 50,000 Hour Super Bright LED Work Light, Yellow", "imUrl": "http://ecx.images-amazon.com/images/I/31hVusNgNFL._SY300_.jpg", "price": 4.87, "numReviews": 1, "groups": [115], "averageRating": 4.0, "brand": "Designers Edge"}, {"asin": "B003EEM9JE", "name": "Westinghouse 13915 24 LED Worklight, Black/Red", "imUrl": "http://ecx.images-amazon.com/images/I/415cuvpyLTL._SY300_.jpg", "price": 14.11, "numReviews": 2, "groups": [116], "averageRating": 5.0}, {"asin": "B008JJU888", "name": "Prime Wire CL050515B Reflector Clamp Lamp with 15-Feet 18/2 SPT-2 Cord, 8.5-Inch", "imUrl": "http://ecx.images-amazon.com/images/I/411FNgo5%2BAL._SY300_.jpg", "price": 14.99, "numReviews": 4, "groups": [117], "averageRating": 3.5, "brand": "Prime Wire"}, {"asin": "B0015KXRKO", "name": "Woods 0200 18/2-Gauge SJTW Trouble Light with Plastic Guard, Orange, 75-Watt, 15-Foot", "imUrl": "http://ecx.images-amazon.com/images/I/41I4FYM8KWL._SY300_.jpg", "price": 14.37, "numReviews": 1, "groups": [118], "averageRating": 5.0, "brand": "Woods"}, {"asin": "B00FQJLFD6", "name": "Milspec Direct Power Tech LED Twin Work Light with Tripod - 6600 Lumens Output", "imUrl": "http://ecx.images-amazon.com/images/I/41NmVsPKmnL._SY445_.jpg", "price": 199.99, "numReviews": 7, "groups": [119], "averageRating": 4.142857142857143}, {"asin": "B00113LOYQ", "name": "Bayco SLR-2266C4 66-LED Rechargeable Cordless Work Light, Black", "imUrl": "http://ecx.images-amazon.com/images/I/31dKTpQ5%2BaL._SY445_.jpg", "price": 36.73, "numReviews": 9, "groups": [120], "averageRating": 3.888888888888889, "brand": "Bayco"}, {"asin": "B00HX526CU", "name": "Cliplight 28 LED Powerful Work Light & 5 LED Flashlight, Pivoting, Magnetic & Clip - 160 Lumens, Camping, Hunting, Fishing, Hiking, Backpacking, Car Repair, Emergency", "imUrl": "http://ecx.images-amazon.com/images/I/41Py8wmBBkL._SY300_.jpg", "price": 15.94, "numReviews": 20, "groups": [121], "averageRating": 4.75, "brand": "Cliplight"}, {"asin": "B000HMBOOC", "name": "Ace FL-JTW163-6X26 Fluorescent Work Light 26W", "imUrl": "http://ecx.images-amazon.com/images/I/41S7zyuMM4L._SY300_.jpg", "price": 31.39, "numReviews": 4, "groups": [122], "averageRating": 4.25}, {"asin": "B007RKKEHU", "name": "Bayco SL-301B4 8.5 Inch Clamp Light with Aluminum Reflector with Grip-Tite Super Clamp", "imUrl": "http://ecx.images-amazon.com/images/I/419xn4EAzTL._SX300_.jpg", "price": 17.61, "numReviews": 12, "groups": [123], "averageRating": 4.0}, {"asin": "B000E8SWOO", "name": "Designers Edge L-22 Rough Service Work Light Replacement T-3 Bulbs with Hard Case, 300-Watt, 6-Pack", "imUrl": "http://ecx.images-amazon.com/images/I/51KCkAZzLFL._SX342_.jpg", "price": 15.85, "numReviews": 11, "groups": [3, 49], "averageRating": 4.636363636363637, "brand": "Designers Edge"}, {"asin": "B001E67FU2", "name": "TerraLUX TLW-30 WorkStar30 LED Cordless and Rechargable Work Light", "imUrl": "http://ecx.images-amazon.com/images/I/315KPqCOcvL._SX300_.jpg", "price": 36.99, "numReviews": 7, "groups": [124], "averageRating": 4.142857142857143}, {"asin": "B0042TH1IO", "name": "Pacific Lighting Solutions WL500SPTB2-TV Master Tradesman Halogen Work-Light with Tripod, 500W", "imUrl": "http://ecx.images-amazon.com/images/I/31SsHA-vrjL._SY300_.jpg", "price": 24.99, "numReviews": 2, "groups": [125], "averageRating": 4.0, "brand": "Pacific Lighting Solutions", "salesRankCategory": "Home Improvement", "salesRank": 377004}, {"asin": "B002RL5FTG", "name": "Rockler 24'' Snake Arm Shop Light", "imUrl": "http://ecx.images-amazon.com/images/I/41KKP0jzKzL._SY300_.jpg", "price": 54.99, "numReviews": 22, "groups": [126], "averageRating": 4.7272727272727275, "brand": "Rockler"}, {"asin": "B000CG8ZNG", "name": "Alert 13RF30GR 13 Watt Flourescent Reel Work Light with 30 ft.-16/3 Retractable Cord and Outlet", "imUrl": "http://ecx.images-amazon.com/images/I/31way4yAGIL.jpg", "price": 54.95, "numReviews": 3, "groups": [127], "averageRating": 4.0, "brand": "Alert"}, {"asin": "B00076Q0FQ", "name": "Designers Edge E245 150-Watt Incandescent Clamp Light with 6-Foot Cord", "imUrl": "http://ecx.images-amazon.com/images/I/41B88PBW38L._SX342_.jpg", "price": 13.88, "numReviews": 19, "groups": [128], "averageRating": 4.052631578947368}, {"asin": "B00CWKT9CG", "name": "128 LED Super Bright Work Light Under Hood Telescopic Mount Truck Rechargeable", "imUrl": "http://ecx.images-amazon.com/images/I/414ldeohOwL._SY300_.jpg", "price": 104.1, "numReviews": 2, "groups": [129], "averageRating": 4.0}, {"asin": "B0007OWCXW", "name": "Bayco SL-827 OSHA 13-Watt Fluorescent Work Light on 50-Foot Metal Reel", "imUrl": "http://ecx.images-amazon.com/images/I/41bGfPDJ7eL._SX342_.jpg", "price": 59.99, "numReviews": 7, "groups": [41], "averageRating": 5.0, "brand": "Bayco"}, {"asin": "B003T0GB8I", "name": "Hang-A-Light HL400PS 400w Pulse Start Metal Halide 24-Inch Tall Temporary Work Light, Yellow", "imUrl": "http://ecx.images-amazon.com/images/I/41jTE6AcKoL._SY445_.jpg", "price": 129.99, "numReviews": 7, "groups": [130], "averageRating": 4.714285714285714}, {"asin": "B003BGPNCK", "name": "Northern Industrial Halogen Tripod Light - 1000 Watt, Twin Head", "imUrl": "http://ecx.images-amazon.com/images/I/31GBw5f0bfL._SX342_.jpg", "price": 40.83, "numReviews": 1, "groups": [131], "averageRating": 2.0}, {"asin": "B003DROFDU", "name": "21 Led Work Light with Flexible Neck & Magnetic Base #9100", "imUrl": "http://ecx.images-amazon.com/images/I/41ry70WJsJL._SX300_.jpg", "price": 19.95, "numReviews": 2, "groups": [132], "averageRating": 4.5}, {"asin": "B00ECVAM0Q", "name": "3 Pack 27 LED Compact Work Light Flashlight Camping lamp Handheld with Magnet and Hook (Yellow)", "imUrl": "http://ecx.images-amazon.com/images/I/51c0WChV7cL._SX342_.jpg", "price": 11.99, "numReviews": 5, "groups": [133], "averageRating": 4.6}, {"asin": "B004I0CX8A", "name": "78 LED Cordless Work Light Garage Shop Worklight Lamp", "imUrl": "http://ecx.images-amazon.com/images/I/51%2B57WpwlHL._SX342_.jpg", "price": 29.99, "numReviews": 5, "groups": [134], "averageRating": 2.6}, {"asin": "B000256RAA", "name": "Bayco SL-512 12-Volt 13-Watt Fluorescent Work Light", "imUrl": "http://ecx.images-amazon.com/images/I/41WC2JHA6PL._SY445_.jpg", "price": 17.99, "numReviews": 21, "groups": [0, 86], "averageRating": 4.238095238095238, "brand": "Bayco"}, {"asin": "B0007UV9VM", "name": "3 Pack Coleman Cable 05932 8-1/2\" Heavy Duty Reflector Clamp Light - 18/2 SPT and 6' Cord", "imUrl": "http://ecx.images-amazon.com/images/I/51zdWYGQC8L._SY300_.jpg", "price": 16.3, "numReviews": 1, "groups": [135], "averageRating": 2.0}, {"asin": "B005PPXOVW", "name": "Craftsman Cordless Rechargeable Work Light with 35 LED Lights", "imUrl": "http://ecx.images-amazon.com/images/I/31X7rfYvdkL._SY300_.jpg", "price": 27.88, "numReviews": 14, "groups": [136], "averageRating": 4.071428571428571, "brand": "Craftsman"}, {"asin": "B0061XFPPA", "name": "Ullman Devices RT-48LT Rotating LED Magnetic Work Light", "imUrl": "http://ecx.images-amazon.com/images/I/41j5Qt6SAwL._SY300_.jpg", "price": 25.6, "numReviews": 41, "groups": [137], "averageRating": 4.682926829268292, "brand": "Ullman Devices"}, {"asin": "B0085FHAX2", "name": "Bell and Howell 24 LED Worklight with Hook and Magnet", "imUrl": "http://ecx.images-amazon.com/images/I/51gp57uNLqL._SY300_.jpg", "price": 10.99, "numReviews": 2, "groups": [138], "averageRating": 5.0}, {"asin": "B009KY5PKC", "name": "Panasonic BF-AF10B-DA Hands Free LED Neck Light", "imUrl": "http://ecx.images-amazon.com/images/I/31YYcFDo4vL._SY300_.jpg", "price": 7.65, "numReviews": 2, "groups": [139], "averageRating": 5.0, "brand": "Panasonic"}, {"asin": "B002UD5J74", "name": "All-Pro LED120, LED Rechargeable Worklight", "imUrl": "http://ecx.images-amazon.com/images/I/31auuaMA0yL._SY445_.jpg", "price": 35.13, "numReviews": 9, "groups": [140], "averageRating": 4.666666666666667}, {"asin": "B005XG48KY", "name": "Flare Alert LED Lighting 902G 45 Lumen LED Mini Work Light", "imUrl": "http://ecx.images-amazon.com/images/I/41fdfK8CLcL._SY300_.jpg", "price": 15.09, "numReviews": 1, "groups": [141], "averageRating": 5.0}, {"asin": "B00028992A", "name": "Coleman Cable 5857 Polar/Solar 16/3 SJEO 25-Feet Trouble Light with Metal Guard and Outlet", "imUrl": "http://ecx.images-amazon.com/images/I/41VhDsEq4gL._SY445_.jpg", "price": 24.5, "numReviews": 22, "groups": [43], "averageRating": 4.545454545454546, "brand": "Coleman Cable"}, {"asin": "B000KKNE3U", "name": "Woods 0681 18/3-Gauge SJTW Trouble Light with Metal Guard & Outlet, Orange, 75-Watt, 25-Foot", "imUrl": "http://ecx.images-amazon.com/images/I/41608-53JnL._SY300_.jpg", "price": 13.99, "numReviews": 1, "groups": [142], "averageRating": 5.0, "brand": "Woods"}, {"asin": "B000L45EYW", "name": "Fluorescent Work Light - 55 Watt", "imUrl": "http://ecx.images-amazon.com/images/I/41E7Q6J54KL._SX300_.jpg", "price": 95.99, "numReviews": 1, "groups": [143], "averageRating": 5.0}, {"asin": "B000KKJTA2", "name": "Power Zone Pz-1002 Portable Halogen Worklight, 500 Watts, 120 Volt", "imUrl": "http://ecx.images-amazon.com/images/I/51RK9hiE-2L._SX342_.jpg", "price": 20.19, "numReviews": 13, "groups": [144], "averageRating": 3.923076923076923, "brand": "Power Zone"}, {"asin": "B000O3IEME", "name": "Alert Stamping HTL-50M-CB Heavy Duty Trouble Light with 50-Feet Cord", "imUrl": "http://ecx.images-amazon.com/images/I/41ZjEhzETnL._SX342_.jpg", "price": 31.44, "numReviews": 1, "groups": [145], "averageRating": 5.0, "brand": "Alert Stamping"}, {"asin": "B009KY5PGG", "name": "LED Neck Light", "imUrl": "http://ecx.images-amazon.com/images/I/31PrSMYmKXL._SX342_.jpg", "price": 13.95, "numReviews": 2, "groups": [146], "averageRating": 4.5, "salesRankCategory": "Industrial & Scientific", "salesRank": 124629}, {"asin": "B00113LOXW", "name": "Bayco SL-926 26-Watt Double-Brite Pro Grade Fluorescent Work Light with Tool Tap", "imUrl": "http://ecx.images-amazon.com/images/I/31VfUxdNcTL._SY445_.jpg", "price": 37.99, "numReviews": 3, "groups": [53], "averageRating": 4.0}, {"asin": "B006ZB9BYE", "name": "Rechargeable 40 Watt LED Work Light with Magnetic Base", "imUrl": "http://ecx.images-amazon.com/images/I/21o0MJdXjYL._SY300_.jpg", "price": 24.98, "numReviews": 1, "groups": [147], "averageRating": 5.0}, {"asin": "B0039UE9EG", "name": "Amerelle 71134CC Slimline Power Failure Lite", "imUrl": "http://ecx.images-amazon.com/images/I/31VUtg6vk-L._SX342_.jpg", "price": 9.95, "numReviews": 236, "groups": [148], "averageRating": 4.516949152542373}, {"asin": "B004BRFEAY", "name": "Bayco SL-851 Professional Series Metal Shield Incandescent Utility Light on 50 Foot Metal Reel", "imUrl": "http://ecx.images-amazon.com/images/I/41iY7VhQpCL._SY300_.jpg", "price": 58.94, "numReviews": 12, "groups": [149], "averageRating": 4.333333333333333, "brand": "Bayco"}, {"asin": "B004D7U4IO", "name": "GreatLite 32754 3AA 24 LED Shop Light, Red and Black", "imUrl": "http://ecx.images-amazon.com/images/I/41IS6E-I1-L._SY300_.jpg", "price": 12.58, "numReviews": 4, "groups": [150], "averageRating": 4.25}, {"asin": "B00AYNQQNS", "name": "Capri Tools 60-LED SMD Cordless Lithium-Ion Rechargeable Work Light", "imUrl": "http://ecx.images-amazon.com/images/I/312EQNWjcnL._SY300_.jpg", "price": 45.48, "numReviews": 9, "groups": [71], "averageRating": 4.888888888888889}, {"asin": "B000HJBDYG", "name": "Designers Edge L855 Portable Halogen Clamp Lamp Work Light, Orange, 35-Watt", "imUrl": "http://ecx.images-amazon.com/images/I/31v6vUxI%2BGL._SY300_.jpg", "price": 22.11, "numReviews": 2, "groups": [151], "averageRating": 1.0, "brand": "Designers Edge"}, {"asin": "B003WKZW4O", "name": "Voltec 08-00208 16/3 SJT 26-Watt Fluorescent Angle Light, 6-Foot, Yellow", "imUrl": "http://ecx.images-amazon.com/images/I/41BUILjNiZL._SY300_.jpg", "price": 29.99, "numReviews": 1, "groups": [152], "averageRating": 4.0}, {"asin": "B0017XMUN4", "name": "Bayco SL-651 13-Watt Fluorescent Work Light on 20-Foot Retractable Reel", "imUrl": "http://ecx.images-amazon.com/images/I/41E0TSjNpDL._SY300_.jpg", "price": 35.99, "numReviews": 3, "groups": [153], "averageRating": 2.6666666666666665, "brand": "Bayco"}, {"asin": "B0045EBIVM", "name": "ProTech Plus 26 Watt Fluorescent Angle Light & Lighted LED End Plug- 25 ft. SJTOW Cord-UL/CUL Approved", "imUrl": "http://ecx.images-amazon.com/images/I/41ZBq0ZbrQL._SX342_.jpg", "price": 31.39, "numReviews": 11, "groups": [154], "averageRating": 4.090909090909091}, {"asin": "B0026KP4LC", "name": "12V Work Light", "imUrl": "http://ecx.images-amazon.com/images/I/21Gk2-yW0GL.jpg", "price": 9.95, "numReviews": 1, "groups": [155], "averageRating": 1.0}, {"asin": "B00H5XXEAS", "name": "Kobalt Hypercoil Work Light", "imUrl": "http://ecx.images-amazon.com/images/I/41u5sttwOdL._SX342_.jpg", "price": 17.49, "numReviews": 1, "groups": [62], "averageRating": 5.0, "brand": "Kobalt"}, {"asin": "B001AT6LWQ", "name": "Woods 0309 Replacement Metal Guard for Trouble Lights, Chrome", "imUrl": "http://ecx.images-amazon.com/images/I/417pnjGx0hL._SY300_.jpg", "price": 10.53, "numReviews": 3, "groups": [156], "averageRating": 3.6666666666666665, "brand": "Woods"}, {"asin": "B000NPPBYM", "name": "TEKTON 7476 Compact 27-LED Worklight Set, 2-Piece", "imUrl": "http://ecx.images-amazon.com/images/I/41orpF8gAVL._SX300_.jpg", "price": 7.5, "numReviews": 133, "groups": [157], "averageRating": 4.511278195488722, "brand": "TEKTON"}, {"asin": "B000I7VPPO", "name": "DEWALT DC022 Combination 38-Watt Fluorescent Worklight and 7.2-Volt to 18-Volt Dual-Port Pod-Style Battery Charger with GFCI Protection", "imUrl": "http://ecx.images-amazon.com/images/I/41WPqXYXC3L._SY300_.jpg", "price": 99.01, "numReviews": 24, "groups": [158], "averageRating": 4.083333333333333}, {"asin": "B0013OSX92", "name": "Hawk TA7175 12V Trouble Light For Car", "imUrl": "http://ecx.images-amazon.com/images/I/41COpDYGMyL._SY300_.jpg", "price": 13.19, "numReviews": 2, "groups": [159], "averageRating": 5.0}, {"asin": "B0023QRKFW", "name": "Alert Stamping SF1415 15Watt Fluorescent Light", "imUrl": "http://ecx.images-amazon.com/images/I/318r42w6bJL._SX342_.jpg", "price": 27.2, "numReviews": 5, "groups": [160], "averageRating": 3.8, "brand": "Alert Stamping"}, {"asin": "B000RTG012", "name": "Snap-on 92161 75-Watt Cordless Heavy Duty Drop Light", "imUrl": "http://ecx.images-amazon.com/images/I/51GcQgNCaVL._SY300_.jpg", "price": 12.92, "numReviews": 57, "groups": [161], "averageRating": 4.385964912280702}, {"asin": "B0053YBK9I", "name": "Might-D-Light LED125, LED Compact Folding Black Worklight", "imUrl": "http://ecx.images-amazon.com/images/I/41ewgG%2BEklL._SX300_.jpg", "price": 23.35, "numReviews": 37, "groups": [162], "averageRating": 4.648648648648648, "salesRankCategory": "Home Improvement", "salesRank": 94055}, {"asin": "B0084V8FZY", "name": "Vibe 20 LED Work Light With Flexible Tripod Arms and Powerful Long-Life LED Lights!", "imUrl": "http://ecx.images-amazon.com/images/I/41XR2CWhnEL._SX300_.jpg", "price": 9.99, "numReviews": 4, "groups": [163], "averageRating": 2.0, "brand": "Vibe"}, {"asin": "B0038M95DU", "name": "MAXCRAFT 60191 27-LED Compact Worklight", "imUrl": "http://ecx.images-amazon.com/images/I/41lOohaiBDL._SY300_.jpg", "price": 7.25, "numReviews": 124, "groups": [164], "averageRating": 4.145161290322581, "brand": "MAXCRAFT"}, {"asin": "B000F9307Q", "name": "Bayco SLR-9000CPDQ 13-Watt Rechargeable Cordless Work Light", "imUrl": "http://ecx.images-amazon.com/images/I/31BKJK19KTL._SY445_.jpg", "price": 48.79, "numReviews": 2, "groups": [165], "averageRating": 2.5}, {"asin": "B004IK9ICE", "name": "Voltec 08-00610 250-Watt Heavy Duty Halogen Tripod Clamp Light, 3-Foot, Yellow", "imUrl": "http://ecx.images-amazon.com/images/I/41VVduZcYZL._SY300_.jpg", "price": 18.97, "numReviews": 2, "groups": [166], "averageRating": 4.0, "brand": "Voltec"}, {"asin": "B0007OWCTQ", "name": "Bayco SL-1003 Professional 500-Watt Halogen Work Light", "imUrl": "http://ecx.images-amazon.com/images/I/41nPY-7sLuL._SY445_.jpg", "price": 26.78, "numReviews": 3, "groups": [167], "averageRating": 1.6666666666666667, "brand": "Bayco"}, {"asin": "B002OLBAHU", "name": "Designers Edge L860 Portable Halogen Work Light, Orange, 250-Watt", "imUrl": "http://ecx.images-amazon.com/images/I/51YYDdI6CTL._SY300_.jpg", "price": 12.57, "numReviews": 1, "groups": [168], "averageRating": 4.0, "brand": "Designers Edge"}, {"asin": "B000256R3C", "name": "Bayco SL-920C Fluorescent Work Light and Extension Cord Bonus Pack", "imUrl": "http://ecx.images-amazon.com/images/I/51T64Z04C7L._SY445_.jpg", "price": 37.28, "numReviews": 2, "groups": [169], "averageRating": 5.0, "brand": "Bayco"}, {"asin": "B007JL8Y1A", "name": "OEM 25990 40-LED Corded Worklight", "imUrl": "http://ecx.images-amazon.com/images/I/41XZah5vkuL._SY300_.jpg", "price": 44.01, "numReviews": 1, "groups": [67], "averageRating": 5.0}, {"asin": "B003UVB4UQ", "name": "Designers Edge L-5502  Industrial 1400-Watt Twin-Head Adjustable Work Light with Telescoping Tripod Stand, Halogen", "imUrl": "http://ecx.images-amazon.com/images/I/31wozBNzE0L._SY300_.jpg", "price": 81.95, "numReviews": 14, "groups": [170], "averageRating": 3.4285714285714284, "brand": "Designers Edge"}, {"asin": "B000256R14", "name": "Bayco Pro Series Trouble Light with Metal Guard, 25-Foot Cord #SL-425", "imUrl": "http://ecx.images-amazon.com/images/I/319YxePR54L._SY300_.jpg", "price": 12.95, "numReviews": 1, "groups": [171], "averageRating": 5.0, "brand": "Bayco"}, {"asin": "B00317O4UQ", "name": "Peak PKC0TR 30 LED Rechargeable Worklight", "imUrl": "http://ecx.images-amazon.com/images/I/31GNXhgXgeL._SY300_.jpg", "price": 31.71, "numReviews": 6, "groups": [172], "averageRating": 4.0, "brand": "Peak"}, {"asin": "B005I19A4I", "name": "Designers Edge L1925 Rechargeable LED Handheld Work Light, Green, 72-LED", "imUrl": "http://ecx.images-amazon.com/images/I/31hY5FvD9oL._SY300_.jpg", "price": 32.9, "numReviews": 24, "groups": [173], "averageRating": 3.7916666666666665, "brand": "Designers Edge"}, {"asin": "B0083IK5WO", "name": "Anytime Tools X-BRIGHT 14 LED Light 3-D Flexible Magnetic Base Bench Shop Work Machine Tool Blue Flashlight", "imUrl": "http://ecx.images-amazon.com/images/I/31lga54FQ8L._SX342_.jpg", "price": 19.95, "numReviews": 15, "groups": [174], "averageRating": 4.0, "salesRankCategory": "Automotive", "salesRank": 138754}, {"asin": "B000E8UZH6", "name": "Designers Edge L-1797PR Promo Trouble Light", "imUrl": "http://ecx.images-amazon.com/images/I/41QMYSNXGML._SY445_.jpg", "price": 15.09, "numReviews": 1, "groups": [175], "averageRating": 2.0, "brand": "Designers Edge"}, {"asin": "B0089EXJ7K", "name": "VIBE VE-3024-ORG 24-LED Hanging Worklight w/Built-in Hook & Magnetic Back (Orange)", "imUrl": "http://ecx.images-amazon.com/images/I/31beyet70gL.jpg", "price": 3.54, "numReviews": 1, "groups": [176], "averageRating": 5.0}, {"asin": "B001G1GRXQ", "name": "DEWALT DC020 Cordless/Corded Worklight", "imUrl": "http://ecx.images-amazon.com/images/I/511ms9TaD0L._SY300_.jpg", "price": 99.99, "numReviews": 34, "groups": [177], "averageRating": 3.911764705882353, "brand": "DEWALT"}, {"asin": "B005OCRR0A", "name": "27 LED Super Bright Compact Work/utility Light w/ Hook and Magnet", "imUrl": "http://ecx.images-amazon.com/images/I/31hZu09jx4L._SX342_.jpg", "price": 6.27, "numReviews": 1, "groups": [178], "averageRating": 3.0}, {"asin": "B003Y3VAYA", "name": "Ullman Devices (ULLRT2LT) Rotating Magnetic LED Work Light", "imUrl": "http://ecx.images-amazon.com/images/I/41XJBPyWgcL._SX342_.jpg", "price": 20.69, "numReviews": 55, "groups": [179], "averageRating": 4.6, "brand": "Ullman"}, {"asin": "B005FWUYNG", "name": "Gyros 58-21836 MAGNALite Pocket Pro Cordless/Rechargeable 18 LED Work Light/ Lamp with Magnetized Bottom, 3.6-Volt Lithium Battery", "imUrl": "http://ecx.images-amazon.com/images/I/31K8jvJLxrL._SY300_.jpg", "price": 29.04, "numReviews": 1, "groups": [180], "averageRating": 5.0, "brand": "Gyros"}, {"asin": "B008PQ9CPA", "name": "Delta 25-870 Magnetic Work Light", "imUrl": "http://ecx.images-amazon.com/images/I/31j9htssfZL._SY300_.jpg", "price": 39.15, "numReviews": 1, "groups": [181], "averageRating": 4.0}, {"asin": "B001ATCBI4", "name": "Alert 5000A30G Reel Light", "imUrl": "http://ecx.images-amazon.com/images/I/41lFgqryg4L._SX342_.jpg", "price": 53.82, "numReviews": 6, "groups": [182], "averageRating": 4.166666666666667, "brand": "Alert"}, {"asin": "B00IE1M3F2", "name": "PowerSmith PWL2140T Two-Head 40-watt 3000 Lumen LED Work Light with Tripod", "imUrl": "http://ecx.images-amazon.com/images/I/31ECrs%2BSR3L._SY300_.jpg", "price": 119.97, "numReviews": 2, "groups": [119], "averageRating": 4.0}, {"asin": "B003G7QS3M", "name": "Fluorescent Work Light with 25Ft. Cord - OSHA Approved - SL676, by Bayco Lighting - - Bayco Lighting - SL676", "imUrl": "http://ecx.images-amazon.com/images/I/21fdjaByyiL.jpg", "price": 38.04, "numReviews": 1, "groups": [183], "averageRating": 5.0}, {"asin": "B0063TBJGG", "name": "iGaging MAG & LIGHT SUPER BRIGHT MAGNETIC WORKBENCH LIGHT", "imUrl": "http://ecx.images-amazon.com/images/I/310cgtdAjaL._SX342_.jpg", "price": 24.95, "numReviews": 1, "groups": [184], "averageRating": 4.0}, {"asin": "B000JN6ZYS", "name": "Neiko 40291 Super Bright Rechargeable 60 and 9 LED Cordless Work Light", "imUrl": "http://ecx.images-amazon.com/images/I/41r6NlFQaWL._SY300_.jpg", "price": 22.0, "numReviews": 35, "groups": [185], "averageRating": 3.7714285714285714, "brand": "Neiko"}, {"asin": "B001D0WB80", "name": "Woods 0691 16/3-Gauge SJTW Trouble Light with Metal Guard & Outlet, Orange, 75-Watt, 25-Foot", "imUrl": "http://ecx.images-amazon.com/images/I/41P6BSBCINL._SY300_.jpg", "price": 16.95, "numReviews": 1, "groups": [186], "averageRating": 5.0, "brand": "Woods"}, {"asin": "B002HWRSBS", "name": "US Wire TL525 16/3 25-Foot SJTW Orange Trouble Light with Metal Cage", "imUrl": "http://ecx.images-amazon.com/images/I/31goYFgoItL.jpg", "price": 23.89, "numReviews": 9, "groups": [187], "averageRating": 4.444444444444445}, {"asin": "B005I19A70", "name": "Designers Edge L1196 Handheld Super Bright LED Task Light with 14-inch Flexible Neck, Chrome", "imUrl": "http://ecx.images-amazon.com/images/I/31B9UauzkML._SY300_.jpg", "price": 7.95, "numReviews": 4, "groups": [188], "averageRating": 4.5, "brand": "Designers Edge"}, {"asin": "B000256R1E", "name": "Bayco SL-507 13-Watt Fluorescent Work Light", "imUrl": "http://ecx.images-amazon.com/images/I/31HNV4AFEYL._SY445_.jpg", "price": 19.95, "numReviews": 6, "groups": [189], "averageRating": 4.666666666666667, "brand": "Bayco"}, {"asin": "B001F0QLDE", "name": "Milwaukee 49-24-0171 18 Volt Worklight", "imUrl": "http://ecx.images-amazon.com/images/I/41rle9wy4RL._SY300_.jpg", "price": 48.29, "numReviews": 42, "groups": [11], "averageRating": 4.333333333333333, "brand": "Milwaukee"}, {"asin": "B000E8X4E2", "name": "Designers Edge L-5302 Pro-Series Two-Light 1200-Watt Halogen 2-N-1 Work Light with Tripod", "imUrl": "http://ecx.images-amazon.com/images/I/41KKMDY1P2L._SY300_.jpg", "price": 87.81, "numReviews": 3, "groups": [190], "averageRating": 2.3333333333333335, "brand": "Designers Edge"}, {"asin": "B005G2SEC8", "name": "Bayco SL-864 60 LED Work Light on Metal Reel with 50 Foot Cord", "imUrl": "http://ecx.images-amazon.com/images/I/31DHNpqFwcL._SY300_.jpg", "price": 66.82, "numReviews": 19, "groups": [42], "averageRating": 4.421052631578948, "brand": "Bayco"}, {"asin": "B000E8OTSC", "name": "Designers Edge E-237 Incandescent Plastic Reflector Trouble Light", "imUrl": "http://ecx.images-amazon.com/images/I/41fTVIXO98L._SX342_.jpg", "price": 7.85, "numReviews": 1, "groups": [191], "averageRating": 4.0, "brand": "Designers Edge"}, {"asin": "B000KKNE2Q", "name": "Woods 0201 18/2-Gauge SJTW Trouble Light with Plastic Guard, Orange, 75-Watt, 25-Foot", "imUrl": "http://ecx.images-amazon.com/images/I/41hktOtjO5L._SY300_.jpg", "price": 10.48, "numReviews": 1, "groups": [192], "averageRating": 5.0, "brand": "Woods"}, {"asin": "B00068FTL6", "name": "Designers Edge L-15 Work Light Replacement T-3 Bulbs with Hard Case, 500-Watt, 6-Pack", "imUrl": "http://ecx.images-amazon.com/images/I/51cp44s8QdL._SX342_.jpg", "price": 11.94, "numReviews": 33, "groups": [50], "averageRating": 4.2727272727272725, "brand": "Designers Edge"}, {"asin": "B00078HZ9E", "name": "Cooper/Regent PQS45 Portable Deluxe Work Light 500-Watt", "imUrl": "http://ecx.images-amazon.com/images/I/41NYrGwhNsL._SY300_.jpg", "price": 20.47, "numReviews": 3, "groups": [193], "averageRating": 2.0, "brand": "Cooper/Regent"}, {"asin": "B00DYVHKGE", "name": "BuyDirect2You Rechargeable LED Work Light", "imUrl": "http://ecx.images-amazon.com/images/I/31YsevbM1PL._SY300_.jpg", "price": 18.88, "numReviews": 46, "groups": [194], "averageRating": 4.608695652173913}, {"asin": "B0007WJJFS", "name": "Designers Edge L13 1000-Watt Telescope Work Light with Telescoping Tripod Stand, 120-Volt", "imUrl": "http://ecx.images-amazon.com/images/I/31m276nwkML._SY300_.jpg", "price": 48.34, "numReviews": 10, "groups": [195], "averageRating": 3.9, "brand": "Designers Edge"}, {"asin": "B0009QSRYQ", "name": "12 Volt Magnetic Halogen Work Light", "imUrl": "http://ecx.images-amazon.com/images/I/512J8GHZQNL._SX342_.jpg", "price": 11.99, "numReviews": 7, "groups": [196], "averageRating": 3.0}, {"asin": "B002N2HD5I", "name": "60 LED Saber Li-ION Cordless, Rechargeable Worklight ATD-80236", "imUrl": "http://ecx.images-amazon.com/images/I/11EtbnXz%2BxL.jpg", "price": 69.91, "numReviews": 9, "groups": [197], "averageRating": 4.888888888888889}, {"asin": "B0016J1ECW", "name": "Gyros 58-23672 MAGNALite Pro Cordless/Rechargeable 36 LED Work Light/Lamp 7.2-Volt Lithium Battery with Magnetized Bottom", "imUrl": "http://ecx.images-amazon.com/images/I/31oEv-GeGhL._SY300_.jpg", "price": 44.99, "numReviews": 19, "groups": [198], "averageRating": 4.368421052631579, "brand": "Gyros"}, {"asin": "B00D1OZECQ", "name": "Alert Stamping RTL-10S 400 Lumen LED Trouble Light Replacement", "imUrl": "http://ecx.images-amazon.com/images/I/41vD5sfBg1L._SX300_.jpg", "price": 28.95, "numReviews": 4, "groups": [199], "averageRating": 4.5, "brand": "Alert Stamping"}, {"asin": "B006O9XFRQ", "name": "Gyros 58-23337 MAGNALite Retrax2 33 LED Cordless/Rechargeable Work Light/Lamp with Magnetized Bottom, 7.2-Volt Lithium Battery", "imUrl": "http://ecx.images-amazon.com/images/I/41RltnlX%2BSL._SY300_.jpg", "price": 43.95, "numReviews": 7, "groups": [200], "averageRating": 4.285714285714286, "brand": "Gyros"}, {"asin": "B00076Q0MY", "name": "Designers Edge L-845 One-Light Halogen Portable Worklight", "imUrl": "http://ecx.images-amazon.com/images/I/310319MP7HL._SY445_.jpg", "price": 11.69, "numReviews": 4, "groups": [201], "averageRating": 3.75, "brand": "Designers Edge"}, {"asin": "B00D0U9D4G", "name": "Two Head Emergency Light with Battery Back-up", "imUrl": "http://ecx.images-amazon.com/images/I/21IiZIq4AUL.jpg", "price": 22.99, "numReviews": 2, "groups": [202], "averageRating": 4.0}, {"asin": "B004ODSLUA", "name": "iGAGING MAG&LIGHT SUPER BRIGHT MAGNETIC WORKBENCH LIGHT", "imUrl": "http://ecx.images-amazon.com/images/I/411-QlpD2dL._SY300_.jpg", "price": 27.95, "numReviews": 14, "groups": [203], "averageRating": 4.571428571428571}, {"asin": "B000F955I8", "name": "Bayco SLR-9010 13-Watt Rechargeable Fluorescent Work Light with Quick Charger and Spare Battery", "imUrl": "http://ecx.images-amazon.com/images/I/411NTT56KCL._SX342_.jpg", "price": 65.25, "numReviews": 3, "groups": [204], "averageRating": 1.3333333333333333}, {"asin": "B00CZDZ6CC", "name": "BES 48 LED Cordless Worklight (Rechargeable)", "imUrl": "http://ecx.images-amazon.com/images/I/41qK4PUlEQL._SX342_.jpg", "price": 37.94, "numReviews": 1, "groups": [205], "averageRating": 3.0}, {"asin": "B004T24PU6", "name": "Cylindrical Rechargeable Work Light; 60 Bright White LEDs; AC Charger and Car Charger", "imUrl": "http://ecx.images-amazon.com/images/I/31xjtPUHGsL._SY300_.jpg", "price": 36.99, "numReviews": 5, "groups": [206], "averageRating": 4.4}, {"asin": "B000F955HO", "name": "Bayco SL-8908 26-Watt Fluorescent Work Light with Tool Tap on 50-Foot Reel", "imUrl": "http://ecx.images-amazon.com/images/I/41QWFXVRCRL._SX342_.jpg", "price": 90.05, "numReviews": 6, "groups": [207], "averageRating": 4.166666666666667}, {"asin": "B001U04MHG", "name": "Stanley BF0109 BarFlex Work Light", "imUrl": "http://ecx.images-amazon.com/images/I/31hE2TBzPsL._SY300_.jpg", "price": 34.99, "numReviews": 86, "groups": [208], "averageRating": 4.104651162790698, "brand": "Stanley"}, {"asin": "B001E69AGE", "name": "TerraLUX TMM-2 FlexNeck Worklight Clamp", "imUrl": "http://ecx.images-amazon.com/images/I/31IhyD8ataL._SX300_.jpg", "price": 15.86, "numReviews": 5, "groups": [209], "averageRating": 2.6}], "links": [{"source": 0, "target": 204, "right": false, "left": true, "value": 1}, {"source": 0, "target": 78, "right": true, "left": false, "value": 1}, {"source": 0, "target": 143, "right": true, "left": true, "value": 1}, {"source": 0, "target": 182, "right": false, "left": true, "value": 1}, {"source": 0, "target": 89, "right": true, "left": false, "value": 1}, {"source": 1, "target": 9, "right": false, "left": true, "value": 1}, {"source": 2, "target": 16, "right": true, "left": false, "value": 1}, {"source": 3, "target": 48, "right": true, "left": false, "value": 1}, {"source": 3, "target": 210, "right": false, "left": true, "value": 1}, {"source": 3, "target": 130, "right": true, "left": true, "value": 1}, {"source": 3, "target": 181, "right": false, "left": true, "value": 1}, {"source": 4, "target": 200, "right": true, "left": false, "value": 1}, {"source": 4, "target": 73, "right": true, "left": false, "value": 1}, {"source": 4, "target": 97, "right": true, "left": false, "value": 1}, {"source": 5, "target": 205, "right": true, "left": false, "value": 1}, {"source": 6, "target": 97, "right": true, "left": false, "value": 1}, {"source": 6, "target": 18, "right": true, "left": false, "value": 1}, {"source": 6, "target": 83, "right": true, "left": false, "value": 1}, {"source": 6, "target": 33, "right": false, "left": true, "value": 1}, {"source": 7, "target": 47, "right": true, "left": false, "value": 1}, {"source": 8, "target": 16, "right": true, "left": false, "value": 1}, {"source": 8, "target": 12, "right": true, "left": false, "value": 1}, {"source": 8, "target": 213, "right": true, "left": false, "value": 1}, {"source": 10, "target": 40, "right": true, "left": false, "value": 1}, {"source": 10, "target": 137, "right": true, "left": false, "value": 1}, {"source": 10, "target": 207, "right": true, "left": false, "value": 1}, {"source": 11, "target": 205, "right": true, "left": true, "value": 1}, {"source": 11, "target": 54, "right": false, "left": true, "value": 1}, {"source": 12, "target": 65, "right": false, "left": true, "value": 1}, {"source": 12, "target": 206, "right": false, "left": true, "value": 1}, {"source": 12, "target": 213, "right": true, "left": false, "value": 1}, {"source": 12, "target": 184, "right": true, "left": false, "value": 1}, {"source": 13, "target": 104, "right": false, "left": true, "value": 1}, {"source": 13, "target": 223, "right": false, "left": true, "value": 1}, {"source": 13, "target": 119, "right": false, "left": true, "value": 1}, {"source": 13, "target": 79, "right": false, "left": true, "value": 1}, {"source": 14, "target": 217, "right": false, "left": true, "value": 1}, {"source": 15, "target": 19, "right": false, "left": true, "value": 1}, {"source": 16, "target": 65, "right": false, "left": true, "value": 1}, {"source": 16, "target": 210, "right": true, "left": false, "value": 1}, {"source": 16, "target": 213, "right": true, "left": false, "value": 1}, {"source": 16, "target": 184, "right": true, "left": false, "value": 1}, {"source": 16, "target": 26, "right": false, "left": true, "value": 1}, {"source": 17, "target": 135, "right": false, "left": true, "value": 1}, {"source": 17, "target": 72, "right": false, "left": true, "value": 1}, {"source": 17, "target": 144, "right": false, "left": true, "value": 1}, {"source": 17, "target": 116, "right": false, "left": true, "value": 1}, {"source": 17, "target": 123, "right": false, "left": true, "value": 1}, {"source": 17, "target": 62, "right": false, "left": true, "value": 1}, {"source": 18, "target": 33, "right": false, "left": true, "value": 1}, {"source": 18, "target": 34, "right": false, "left": true, "value": 1}, {"source": 18, "target": 97, "right": false, "left": true, "value": 1}, {"source": 18, "target": 98, "right": false, "left": true, "value": 1}, {"source": 18, "target": 170, "right": true, "left": false, "value": 1}, {"source": 18, "target": 21, "right": false, "left": true, "value": 1}, {"source": 18, "target": 28, "right": false, "left": true, "value": 1}, {"source": 19, "target": 136, "right": false, "left": true, "value": 1}, {"source": 20, "target": 177, "right": true, "left": false, "value": 1}, {"source": 20, "target": 170, "right": true, "left": false, "value": 1}, {"source": 21, "target": 97, "right": true, "left": false, "value": 1}, {"source": 21, "target": 104, "right": false, "left": true, "value": 1}, {"source": 21, "target": 106, "right": true, "left": false, "value": 1}, {"source": 21, "target": 79, "right": false, "left": true, "value": 1}, {"source": 22, "target": 219, "right": true, "left": false, "value": 1}, {"source": 22, "target": 85, "right": true, "left": false, "value": 1}, {"source": 22, "target": 94, "right": true, "left": false, "value": 1}, {"source": 23, "target": 73, "right": true, "left": false, "value": 1}, {"source": 24, "target": 221, "right": false, "left": true, "value": 1}, {"source": 24, "target": 76, "right": false, "left": true, "value": 1}, {"source": 24, "target": 133, "right": false, "left": true, "value": 1}, {"source": 24, "target": 199, "right": false, "left": true, "value": 1}, {"source": 25, "target": 103, "right": true, "left": false, "value": 1}, {"source": 26, "target": 48, "right": true, "left": false, "value": 1}, {"source": 26, "target": 139, "right": false, "left": true, "value": 1}, {"source": 26, "target": 213, "right": true, "left": false, "value": 1}, {"source": 27, "target": 177, "right": true, "left": false, "value": 1}, {"source": 27, "target": 170, "right": true, "left": false, "value": 1}, {"source": 28, "target": 97, "right": true, "left": false, "value": 1}, {"source": 29, "target": 85, "right": true, "left": false, "value": 1}, {"source": 30, "target": 193, "right": true, "left": false, "value": 1}, {"source": 31, "target": 88, "right": true, "left": true, "value": 1}, {"source": 31, "target": 73, "right": false, "left": true, "value": 1}, {"source": 31, "target": 70, "right": true, "left": true, "value": 1}, {"source": 31, "target": 103, "right": true, "left": false, "value": 1}, {"source": 32, "target": 73, "right": true, "left": false, "value": 1}, {"source": 32, "target": 226, "right": true, "left": false, "value": 1}, {"source": 33, "target": 106, "right": true, "left": false, "value": 1}, {"source": 34, "target": 66, "right": false, "left": true, "value": 1}, {"source": 34, "target": 106, "right": true, "left": false, "value": 1}, {"source": 34, "target": 111, "right": false, "left": true, "value": 1}, {"source": 34, "target": 153, "right": false, "left": true, "value": 1}, {"source": 35, "target": 216, "right": true, "left": false, "value": 1}, {"source": 35, "target": 73, "right": true, "left": false, "value": 1}, {"source": 36, "target": 73, "right": true, "left": false, "value": 1}, {"source": 37, "target": 210, "right": true, "left": false, "value": 1}, {"source": 37, "target": 117, "right": true, "left": false, "value": 1}, {"source": 38, "target": 91, "right": true, "left": false, "value": 1}, {"source": 39, "target": 125, "right": true, "left": false, "value": 1}, {"source": 40, "target": 160, "right": false, "left": true, "value": 1}, {"source": 40, "target": 225, "right": false, "left": true, "value": 1}, {"source": 40, "target": 165, "right": false, "left": true, "value": 1}, {"source": 40, "target": 134, "right": false, "left": true, "value": 1}, {"source": 40, "target": 137, "right": true, "left": true, "value": 1}, {"source": 40, "target": 207, "right": true, "left": true, "value": 1}, {"source": 40, "target": 50, "right": true, "left": true, "value": 1}, {"source": 40, "target": 52, "right": false, "left": true, "value": 1}, {"source": 40, "target": 60, "right": false, "left": true, "value": 1}, {"source": 41, "target": 185, "right": false, "left": true, "value": 1}, {"source": 41, "target": 202, "right": false, "left": true, "value": 1}, {"source": 41, "target": 49, "right": false, "left": true, "value": 1}, {"source": 41, "target": 151, "right": true, "left": true, "value": 1}, {"source": 41, "target": 57, "right": true, "left": true, "value": 1}, {"source": 42, "target": 97, "right": true, "left": false, "value": 1}, {"source": 42, "target": 226, "right": true, "left": false, "value": 1}, {"source": 42, "target": 212, "right": true, "left": false, "value": 1}, {"source": 43, "target": 51, "right": true, "left": true, "value": 1}, {"source": 43, "target": 132, "right": true, "left": false, "value": 1}, {"source": 43, "target": 213, "right": true, "left": false, "value": 1}, {"source": 43, "target": 55, "right": false, "left": true, "value": 1}, {"source": 44, "target": 138, "right": false, "left": true, "value": 1}, {"source": 44, "target": 91, "right": true, "left": true, "value": 1}, {"source": 44, "target": 45, "right": true, "left": true, "value": 1}, {"source": 45, "target": 91, "right": true, "left": true, "value": 1}, {"source": 46, "target": 73, "right": true, "left": false, "value": 1}, {"source": 46, "target": 126, "right": true, "left": false, "value": 1}, {"source": 47, "target": 176, "right": false, "left": true, "value": 1}, {"source": 48, "target": 210, "right": true, "left": true, "value": 1}, {"source": 48, "target": 130, "right": true, "left": true, "value": 1}, {"source": 49, "target": 202, "right": true, "left": false, "value": 1}, {"source": 49, "target": 75, "right": false, "left": true, "value": 1}, {"source": 49, "target": 169, "right": false, "left": true, "value": 1}, {"source": 49, "target": 81, "right": false, "left": true, "value": 1}, {"source": 49, "target": 151, "right": true, "left": false, "value": 1}, {"source": 49, "target": 57, "right": true, "left": false, "value": 1}, {"source": 50, "target": 225, "right": false, "left": true, "value": 1}, {"source": 50, "target": 196, "right": false, "left": true, "value": 1}, {"source": 50, "target": 134, "right": false, "left": true, "value": 1}, {"source": 50, "target": 137, "right": true, "left": true, "value": 1}, {"source": 50, "target": 207, "right": true, "left": true, "value": 1}, {"source": 50, "target": 60, "right": false, "left": true, "value": 1}, {"source": 51, "target": 117, "right": true, "left": false, "value": 1}, {"source": 51, "target": 85, "right": true, "left": false, "value": 1}, {"source": 52, "target": 73, "right": true, "left": false, "value": 1}, {"source": 53, "target": 89, "right": true, "left": false, "value": 1}, {"source": 53, "target": 157, "right": true, "left": true, "value": 1}, {"source": 53, "target": 103, "right": true, "left": false, "value": 1}, {"source": 56, "target": 205, "right": true, "left": false, "value": 1}, {"source": 57, "target": 201, "right": false, "left": true, "value": 1}, {"source": 57, "target": 75, "right": false, "left": true, "value": 1}, {"source": 57, "target": 202, "right": false, "left": true, "value": 1}, {"source": 57, "target": 174, "right": true, "left": false, "value": 1}, {"source": 57, "target": 208, "right": false, "left": true, "value": 1}, {"source": 57, "target": 151, "right": true, "left": true, "value": 1}, {"source": 57, "target": 152, "right": false, "left": true, "value": 1}, {"source": 57, "target": 185, "right": false, "left": true, "value": 1}, {"source": 57, "target": 155, "right": false, "left": true, "value": 1}, {"source": 57, "target": 124, "right": false, "left": true, "value": 1}, {"source": 58, "target": 89, "right": true, "left": false, "value": 1}, {"source": 58, "target": 73, "right": true, "left": false, "value": 1}, {"source": 58, "target": 103, "right": true, "left": false, "value": 1}, {"source": 59, "target": 97, "right": true, "left": false, "value": 1}, {"source": 60, "target": 137, "right": true, "left": false, "value": 1}, {"source": 60, "target": 207, "right": true, "left": false, "value": 1}, {"source": 61, "target": 179, "right": true, "left": false, "value": 1}, {"source": 61, "target": 94, "right": true, "left": false, "value": 1}, {"source": 61, "target": 219, "right": true, "left": false, "value": 1}, {"source": 62, "target": 129, "right": false, "left": true, "value": 1}, {"source": 62, "target": 163, "right": false, "left": true, "value": 1}, {"source": 62, "target": 72, "right": false, "left": true, "value": 1}, {"source": 62, "target": 144, "right": false, "left": true, "value": 1}, {"source": 62, "target": 116, "right": false, "left": true, "value": 1}, {"source": 62, "target": 123, "right": false, "left": true, "value": 1}, {"source": 63, "target": 168, "right": true, "left": true, "value": 1}, {"source": 64, "target": 214, "right": false, "left": true, "value": 1}, {"source": 65, "target": 184, "right": true, "left": false, "value": 1}, {"source": 66, "target": 106, "right": true, "left": false, "value": 1}, {"source": 67, "target": 73, "right": true, "left": false, "value": 1}, {"source": 67, "target": 106, "right": true, "left": false, "value": 1}, {"source": 67, "target": 226, "right": true, "left": false, "value": 1}, {"source": 67, "target": 97, "right": true, "left": false, "value": 1}, {"source": 68, "target": 88, "right": true, "left": false, "value": 1}, {"source": 68, "target": 183, "right": true, "left": true, "value": 1}, {"source": 68, "target": 103, "right": true, "left": false, "value": 1}, {"source": 69, "target": 184, "right": true, "left": false, "value": 1}, {"source": 69, "target": 210, "right": true, "left": false, "value": 1}, {"source": 69, "target": 213, "right": true, "left": false, "value": 1}, {"source": 70, "target": 88, "right": true, "left": false, "value": 1}, {"source": 71, "target": 177, "right": true, "left": false, "value": 1}, {"source": 71, "target": 170, "right": true, "left": false, "value": 1}, {"source": 73, "target": 131, "right": false, "left": true, "value": 1}, {"source": 73, "target": 136, "right": false, "left": true, "value": 1}, {"source": 73, "target": 142, "right": false, "left": true, "value": 1}, {"source": 73, "target": 145, "right": false, "left": true, "value": 1}, {"source": 73, "target": 149, "right": false, "left": true, "value": 1}, {"source": 73, "target": 158, "right": false, "left": true, "value": 1}, {"source": 73, "target": 161, "right": false, "left": true, "value": 1}, {"source": 73, "target": 162, "right": true, "left": true, "value": 1}, {"source": 73, "target": 173, "right": false, "left": true, "value": 1}, {"source": 73, "target": 178, "right": false, "left": true, "value": 1}, {"source": 73, "target": 183, "right": false, "left": true, "value": 1}, {"source": 73, "target": 187, "right": false, "left": true, "value": 1}, {"source": 73, "target": 194, "right": false, "left": true, "value": 1}, {"source": 73, "target": 200, "right": false, "left": true, "value": 1}, {"source": 73, "target": 74, "right": false, "left": true, "value": 1}, {"source": 73, "target": 207, "right": false, "left": true, "value": 1}, {"source": 73, "target": 82, "right": false, "left": true, "value": 1}, {"source": 73, "target": 212, "right": false, "left": true, "value": 1}, {"source": 73, "target": 215, "right": false, "left": true, "value": 1}, {"source": 73, "target": 88, "right": false, "left": true, "value": 1}, {"source": 73, "target": 216, "right": false, "left": true, "value": 1}, {"source": 73, "target": 222, "right": false, "left": true, "value": 1}, {"source": 73, "target": 224, "right": false, "left": true, "value": 1}, {"source": 73, "target": 97, "right": false, "left": true, "value": 1}, {"source": 73, "target": 226, "right": false, "left": true, "value": 1}, {"source": 73, "target": 99, "right": false, "left": true, "value": 1}, {"source": 73, "target": 227, "right": false, "left": true, "value": 1}, {"source": 73, "target": 108, "right": false, "left": true, "value": 1}, {"source": 73, "target": 120, "right": false, "left": true, "value": 1}, {"source": 74, "target": 216, "right": true, "left": false, "value": 1}, {"source": 74, "target": 226, "right": true, "left": false, "value": 1}, {"source": 75, "target": 202, "right": true, "left": false, "value": 1}, {"source": 75, "target": 124, "right": true, "left": false, "value": 1}, {"source": 76, "target": 195, "right": false, "left": true, "value": 1}, {"source": 77, "target": 197, "right": false, "left": true, "value": 1}, {"source": 77, "target": 83, "right": true, "left": false, "value": 1}, {"source": 77, "target": 125, "right": true, "left": false, "value": 1}, {"source": 78, "target": 89, "right": true, "left": false, "value": 1}, {"source": 78, "target": 204, "right": false, "left": true, "value": 1}, {"source": 78, "target": 143, "right": true, "left": false, "value": 1}, {"source": 79, "target": 104, "right": true, "left": false, "value": 1}, {"source": 80, "target": 83, "right": true, "left": false, "value": 1}, {"source": 81, "target": 151, "right": true, "left": false, "value": 1}, {"source": 82, "target": 93, "right": true, "left": false, "value": 1}, {"source": 84, "target": 177, "right": true, "left": false, "value": 1}, {"source": 84, "target": 170, "right": true, "left": false, "value": 1}, {"source": 85, "target": 100, "right": false, "left": true, "value": 1}, {"source": 85, "target": 106, "right": false, "left": true, "value": 1}, {"source": 85, "target": 180, "right": false, "left": true, "value": 1}, {"source": 85, "target": 117, "right": true, "left": true, "value": 1}, {"source": 85, "target": 181, "right": false, "left": true, "value": 1}, {"source": 85, "target": 211, "right": false, "left": true, "value": 1}, {"source": 85, "target": 154, "right": false, "left": true, "value": 1}, {"source": 86, "target": 97, "right": true, "left": false, "value": 1}, {"source": 87, "target": 109, "right": true, "left": true, "value": 1}, {"source": 88, "target": 161, "right": false, "left": true, "value": 1}, {"source": 88, "target": 149, "right": false, "left": true, "value": 1}, {"source": 88, "target": 183, "right": false, "left": true, "value": 1}, {"source": 88, "target": 89, "right": false, "left": true, "value": 1}, {"source": 88, "target": 187, "right": false, "left": true, "value": 1}, {"source": 89, "target": 128, "right": false, "left": true, "value": 1}, {"source": 89, "target": 164, "right": false, "left": true, "value": 1}, {"source": 89, "target": 166, "right": false, "left": true, "value": 1}, {"source": 89, "target": 204, "right": false, "left": true, "value": 1}, {"source": 89, "target": 173, "right": false, "left": true, "value": 1}, {"source": 89, "target": 143, "right": true, "left": true, "value": 1}, {"source": 89, "target": 151, "right": true, "left": false, "value": 1}, {"source": 89, "target": 153, "right": false, "left": true, "value": 1}, {"source": 89, "target": 157, "right": false, "left": true, "value": 1}, {"source": 90, "target": 184, "right": true, "left": false, "value": 1}, {"source": 90, "target": 213, "right": true, "left": false, "value": 1}, {"source": 91, "target": 138, "right": true, "left": false, "value": 1}, {"source": 92, "target": 214, "right": true, "left": false, "value": 1}, {"source": 94, "target": 163, "right": false, "left": true, "value": 1}, {"source": 94, "target": 179, "right": false, "left": true, "value": 1}, {"source": 94, "target": 117, "right": true, "left": false, "value": 1}, {"source": 94, "target": 181, "right": false, "left": true, "value": 1}, {"source": 94, "target": 219, "right": true, "left": false, "value": 1}, {"source": 95, "target": 143, "right": true, "left": false, "value": 1}, {"source": 96, "target": 194, "right": false, "left": true, "value": 1}, {"source": 96, "target": 108, "right": false, "left": true, "value": 1}, {"source": 97, "target": 170, "right": false, "left": true, "value": 1}, {"source": 97, "target": 175, "right": true, "left": false, "value": 1}, {"source": 97, "target": 194, "right": false, "left": true, "value": 1}, {"source": 97, "target": 200, "right": false, "left": true, "value": 1}, {"source": 97, "target": 212, "right": false, "left": true, "value": 1}, {"source": 97, "target": 215, "right": false, "left": true, "value": 1}, {"source": 97, "target": 216, "right": false, "left": true, "value": 1}, {"source": 97, "target": 223, "right": false, "left": true, "value": 1}, {"source": 97, "target": 224, "right": false, "left": true, "value": 1}, {"source": 97, "target": 98, "right": false, "left": true, "value": 1}, {"source": 97, "target": 226, "right": false, "left": true, "value": 1}, {"source": 97, "target": 104, "right": false, "left": true, "value": 1}, {"source": 97, "target": 106, "right": false, "left": true, "value": 1}, {"source": 97, "target": 108, "right": false, "left": true, "value": 1}, {"source": 97, "target": 109, "right": false, "left": true, "value": 1}, {"source": 97, "target": 118, "right": false, "left": true, "value": 1}, {"source": 98, "target": 106, "right": true, "left": false, "value": 1}, {"source": 100, "target": 213, "right": true, "left": false, "value": 1}, {"source": 100, "target": 210, "right": true, "left": false, "value": 1}, {"source": 101, "target": 206, "right": false, "left": true, "value": 1}, {"source": 101, "target": 111, "right": false, "left": true, "value": 1}, {"source": 101, "target": 210, "right": true, "left": false, "value": 1}, {"source": 101, "target": 180, "right": false, "left": true, "value": 1}, {"source": 101, "target": 117, "right": true, "left": false, "value": 1}, {"source": 102, "target": 177, "right": true, "left": false, "value": 1}, {"source": 102, "target": 173, "right": true, "left": false, "value": 1}, {"source": 103, "target": 128, "right": false, "left": true, "value": 1}, {"source": 103, "target": 166, "right": false, "left": true, "value": 1}, {"source": 103, "target": 198, "right": false, "left": true, "value": 1}, {"source": 103, "target": 173, "right": false, "left": true, "value": 1}, {"source": 103, "target": 142, "right": false, "left": true, "value": 1}, {"source": 103, "target": 143, "right": false, "left": true, "value": 1}, {"source": 103, "target": 189, "right": false, "left": true, "value": 1}, {"source": 103, "target": 182, "right": false, "left": true, "value": 1}, {"source": 103, "target": 151, "right": false, "left": true, "value": 1}, {"source": 103, "target": 157, "right": false, "left": true, "value": 1}, {"source": 104, "target": 125, "right": true, "left": false, "value": 1}, {"source": 105, "target": 184, "right": true, "left": false, "value": 1}, {"source": 106, "target": 109, "right": false, "left": true, "value": 1}, {"source": 106, "target": 119, "right": false, "left": true, "value": 1}, {"source": 106, "target": 118, "right": false, "left": true, "value": 1}, {"source": 106, "target": 153, "right": false, "left": true, "value": 1}, {"source": 107, "target": 150, "right": false, "left": true, "value": 1}, {"source": 110, "target": 220, "right": false, "left": true, "value": 1}, {"source": 112, "target": 184, "right": true, "left": false, "value": 1}, {"source": 112, "target": 213, "right": true, "left": false, "value": 1}, {"source": 113, "target": 215, "right": false, "left": true, "value": 1}, {"source": 114, "target": 159, "right": true, "left": false, "value": 1}, {"source": 115, "target": 141, "right": true, "left": false, "value": 1}, {"source": 117, "target": 180, "right": false, "left": true, "value": 1}, {"source": 117, "target": 181, "right": false, "left": true, "value": 1}, {"source": 117, "target": 211, "right": false, "left": true, "value": 1}, {"source": 117, "target": 154, "right": false, "left": true, "value": 1}, {"source": 117, "target": 219, "right": false, "left": true, "value": 1}, {"source": 120, "target": 226, "right": true, "left": false, "value": 1}, {"source": 121, "target": 170, "right": true, "left": false, "value": 1}, {"source": 122, "target": 177, "right": true, "left": false, "value": 1}, {"source": 122, "target": 170, "right": true, "left": false, "value": 1}, {"source": 124, "target": 174, "right": true, "left": false, "value": 1}, {"source": 124, "target": 208, "right": false, "left": true, "value": 1}, {"source": 124, "target": 209, "right": false, "left": true, "value": 1}, {"source": 124, "target": 151, "right": true, "left": false, "value": 1}, {"source": 124, "target": 152, "right": false, "left": true, "value": 1}, {"source": 125, "target": 197, "right": true, "left": true, "value": 1}, {"source": 127, "target": 170, "right": true, "left": false, "value": 1}, {"source": 128, "target": 170, "right": true, "left": false, "value": 1}, {"source": 128, "target": 174, "right": true, "left": false, "value": 1}, {"source": 129, "target": 144, "right": false, "left": true, "value": 1}, {"source": 131, "target": 186, "right": true, "left": false, "value": 1}, {"source": 131, "target": 170, "right": true, "left": false, "value": 1}, {"source": 133, "target": 195, "right": false, "left": true, "value": 1}, {"source": 134, "target": 137, "right": true, "left": false, "value": 1}, {"source": 134, "target": 165, "right": true, "left": false, "value": 1}, {"source": 137, "target": 207, "right": true, "left": false, "value": 1}, {"source": 139, "target": 184, "right": true, "left": false, "value": 1}, {"source": 139, "target": 213, "right": true, "left": false, "value": 1}, {"source": 140, "target": 193, "right": true, "left": false, "value": 1}, {"source": 140, "target": 170, "right": true, "left": false, "value": 1}, {"source": 140, "target": 188, "right": true, "left": false, "value": 1}, {"source": 141, "target": 170, "right": true, "left": false, "value": 1}, {"source": 142, "target": 170, "right": true, "left": false, "value": 1}, {"source": 142, "target": 226, "right": true, "left": false, "value": 1}, {"source": 143, "target": 167, "right": false, "left": true, "value": 1}, {"source": 143, "target": 172, "right": false, "left": true, "value": 1}, {"source": 145, "target": 226, "right": true, "left": false, "value": 1}, {"source": 145, "target": 149, "right": false, "left": true, "value": 1}, {"source": 146, "target": 193, "right": false, "left": true, "value": 1}, {"source": 147, "target": 170, "right": true, "left": false, "value": 1}, {"source": 148, "target": 156, "right": true, "left": false, "value": 1}, {"source": 151, "target": 185, "right": false, "left": true, "value": 1}, {"source": 151, "target": 166, "right": false, "left": true, "value": 1}, {"source": 151, "target": 202, "right": false, "left": true, "value": 1}, {"source": 151, "target": 174, "right": true, "left": false, "value": 1}, {"source": 151, "target": 208, "right": false, "left": true, "value": 1}, {"source": 151, "target": 152, "right": false, "left": true, "value": 1}, {"source": 152, "target": 201, "right": true, "left": false, "value": 1}, {"source": 152, "target": 202, "right": false, "left": true, "value": 1}, {"source": 152, "target": 209, "right": false, "left": true, "value": 1}, {"source": 154, "target": 210, "right": true, "left": false, "value": 1}, {"source": 158, "target": 226, "right": true, "left": false, "value": 1}, {"source": 160, "target": 196, "right": false, "left": true, "value": 1}, {"source": 161, "target": 170, "right": true, "left": false, "value": 1}, {"source": 163, "target": 219, "right": true, "left": false, "value": 1}, {"source": 165, "target": 207, "right": true, "left": false, "value": 1}, {"source": 166, "target": 174, "right": true, "left": false, "value": 1}, {"source": 170, "target": 192, "right": false, "left": true, "value": 1}, {"source": 170, "target": 212, "right": false, "left": true, "value": 1}, {"source": 170, "target": 190, "right": false, "left": true, "value": 1}, {"source": 171, "target": 191, "right": true, "left": false, "value": 1}, {"source": 174, "target": 185, "right": false, "left": true, "value": 1}, {"source": 174, "target": 209, "right": false, "left": true, "value": 1}, {"source": 174, "target": 182, "right": false, "left": true, "value": 1}, {"source": 177, "target": 192, "right": false, "left": true, "value": 1}, {"source": 177, "target": 190, "right": false, "left": true, "value": 1}, {"source": 178, "target": 222, "right": false, "left": true, "value": 1}, {"source": 179, "target": 219, "right": true, "left": false, "value": 1}, {"source": 184, "target": 206, "right": false, "left": true, "value": 1}, {"source": 184, "target": 210, "right": true, "left": false, "value": 1}, {"source": 184, "target": 213, "right": false, "left": true, "value": 1}, {"source": 188, "target": 203, "right": false, "left": true, "value": 1}, {"source": 188, "target": 221, "right": false, "left": true, "value": 1}, {"source": 200, "target": 212, "right": true, "left": false, "value": 1}, {"source": 207, "target": 225, "right": false, "left": true, "value": 1}, {"source": 208, "target": 209, "right": true, "left": false, "value": 1}, {"source": 210, "target": 211, "right": false, "left": true, "value": 1}, {"source": 210, "target": 219, "right": false, "left": true, "value": 1}, {"source": 212, "target": 224, "right": false, "left": true, "value": 1}, {"source": 216, "target": 226, "right": true, "left": false, "value": 1}, {"source": 216, "target": 218, "right": false, "left": true, "value": 1}]}