{"children": [{"names": "Tools & Home Improvement", "count": 49520, "children": [{"names": "Power & Hand Tools", "count": 17930, "children": [{"names": "Hand Tools", "count": 7523, "children": [{"names": "Wrenches", "count": 1639, "children": [{"names": "Socket Wrenches", "count": 434, "url": "tools-home-improvement--power-hand-tools--hand-tools--wrenches--socket-wrenches.json"}, {"names": "Hex Keys", "count": 380, "url": "tools-home-improvement--power-hand-tools--hand-tools--wrenches--hex-keys.json"}, {"names": "Combination Wrenches", "count": 484, "url": "tools-home-improvement--power-hand-tools--hand-tools--wrenches--combination-wrenches.json"}, {"names": "Adjustable Wrenches", "count": 341, "url": "tools-home-improvement--power-hand-tools--hand-tools--wrenches--adjustable-wrenches.json"}]}, {"names": "Hammers", "count": 253, "url": "tools-home-improvement--power-hand-tools--hand-tools--hammers.json"}, {"names": "Sockets & Socket Sets", "count": 537, "children": [{"names": "Drive Sockets", "count": 335, "url": "tools-home-improvement--power-hand-tools--hand-tools--sockets-socket-sets--drive-sockets.json"}, {"names": "Individual Sockets", "count": 202, "url": "tools-home-improvement--power-hand-tools--hand-tools--sockets-socket-sets--individual-sockets.json"}]}, {"names": "Strippers", "count": 252, "url": "tools-home-improvement--power-hand-tools--hand-tools--strippers.json"}, {"names": "Crimpers", "count": 316, "url": "tools-home-improvement--power-hand-tools--hand-tools--crimpers.json"}, {"names": "Chisels", "count": 293, "url": "tools-home-improvement--power-hand-tools--hand-tools--chisels.json"}, {"names": "Sharpening Stones", "count": 387, "url": "tools-home-improvement--power-hand-tools--hand-tools--sharpening-stones.json"}, {"names": "Multitools & Accessories", "count": 480, "url": "tools-home-improvement--power-hand-tools--hand-tools--multitools-accessories--multitools.json"}, {"names": "Clamps", "count": 296, "url": "tools-home-improvement--power-hand-tools--hand-tools--clamps--bar-pipe-clamps.json"}, {"names": "Masonry Tools", "count": 257, "url": "tools-home-improvement--power-hand-tools--hand-tools--masonry-tools.json"}, {"names": "Pliers", "count": 227, "url": "tools-home-improvement--power-hand-tools--hand-tools--pliers--needle-nose-pliers.json"}, {"names": "Handsaws", "count": 289, "url": "tools-home-improvement--power-hand-tools--hand-tools--handsaws.json"}, {"names": "Tool Sets", "count": 248, "url": "tools-home-improvement--power-hand-tools--hand-tools--tool-sets.json"}, {"names": "Screwdrivers", "count": 486, "url": "tools-home-improvement--power-hand-tools--hand-tools--screwdrivers.json"}, {"names": "Flashlights", "count": 274, "url": "tools-home-improvement--power-hand-tools--hand-tools--flashlights--headlamps.json"}, {"names": "Knives", "count": 979, "children": [{"names": "Utility Knives", "count": 479, "url": "tools-home-improvement--power-hand-tools--hand-tools--knives--utility-knives.json"}, {"names": "Pocket Knives & Folding Knives", "count": 500, "url": "tools-home-improvement--power-hand-tools--hand-tools--knives--pocket-knives-folding-knives.json"}]}, {"names": "Punches", "count": 310, "url": "tools-home-improvement--power-hand-tools--hand-tools--punches.json"}]}, {"names": "Power Tools", "count": 1928, "children": [{"names": "Grinders", "count": 451, "url": "tools-home-improvement--power-hand-tools--power-tools--grinders.json"}, {"names": "Saws", "count": 223, "url": "tools-home-improvement--power-hand-tools--power-tools--saws--circular-saws.json"}, {"names": "Nailers & Staplers", "count": 503, "children": [{"names": "Air-Powered Nailers", "count": 229, "url": "tools-home-improvement--power-hand-tools--power-tools--nailers-staplers--air-powered-nailers.json"}, {"names": "Nailers", "count": 274, "url": "tools-home-improvement--power-hand-tools--power-tools--nailers-staplers--nailers.json"}]}, {"names": "Sanders", "count": 224, "url": "tools-home-improvement--power-hand-tools--power-tools--sanders.json"}, {"names": "Air Compressors", "count": 255, "url": "tools-home-improvement--power-hand-tools--power-tools--air-compressors.json"}, {"names": "Combo Kits", "count": 272, "url": "tools-home-improvement--power-hand-tools--power-tools--combo-kits.json"}]}, {"names": "Power Tool Accessories", "count": 5648, "children": [{"names": "Battery Packs & Chargers", "count": 488, "children": [{"names": "Charger & Converters", "count": 212, "url": "tools-home-improvement--power-hand-tools--power-tool-accessories--battery-packs-chargers--charger-converters.json"}, {"names": "Battery Packs", "count": 276, "url": "tools-home-improvement--power-hand-tools--power-tool-accessories--battery-packs-chargers--battery-packs.json"}]}, {"names": "Saw Blades & Accessories", "count": 1056, "children": [{"names": "Blades", "count": 831, "children": [{"names": "Band Saw Blades", "count": 324, "url": "tools-home-improvement--power-hand-tools--power-tool-accessories--saw-blades-accessories--blades--band-saw-blades.json"}, {"names": "Reciprocating Saw Blades", "count": 263, "url": "tools-home-improvement--power-hand-tools--power-tool-accessories--saw-blades-accessories--blades--reciprocating-saw-blades.json"}, {"names": "Circular Saw Blades", "count": 244, "url": "tools-home-improvement--power-hand-tools--power-tool-accessories--saw-blades-accessories--blades--circular-saw-blades.json"}]}, {"names": "Accessories", "count": 225, "url": "tools-home-improvement--power-hand-tools--power-tool-accessories--saw-blades-accessories--accessories.json"}]}, {"names": "Router Accessories", "count": 534, "children": [{"names": "Straight, Spiral & Trim Bits", "count": 209, "url": "tools-home-improvement--power-hand-tools--power-tool-accessories--router-accessories--router-bits--straight-spiral-trim-bits--straight.json"}, {"names": "Edge Treatment & Grooving Bits", "count": 325, "url": "tools-home-improvement--power-hand-tools--power-tool-accessories--router-accessories--router-bits--edge-treatment-grooving-bits.json"}]}, {"names": "Drill Accessories", "count": 928, "children": [{"names": "Hole Saws", "count": 212, "url": "tools-home-improvement--power-hand-tools--power-tool-accessories--drill-accessories--hole-saws.json"}, {"names": "Drill Bits", "count": 716, "children": [{"names": "Forstner Drill Bits", "count": 245, "url": "tools-home-improvement--power-hand-tools--power-tool-accessories--drill-accessories--drill-bits--forstner-drill-bits.json"}, {"names": "Twist Drill Bits", "count": 471, "url": "tools-home-improvement--power-hand-tools--power-tool-accessories--drill-accessories--drill-bits--twist-drill-bits--jobber-drill-bits.json"}]}]}, {"names": "Rotary Tool Accessories", "count": 439, "url": "tools-home-improvement--power-hand-tools--power-tool-accessories--rotary-tool-accessories.json"}, {"names": "Vacuum & Dust Collector Accessories", "count": 466, "url": "tools-home-improvement--power-hand-tools--power-tool-accessories--vacuum-dust-collector-accessories.json"}, {"names": "Stands & Mobile Bases", "count": 238, "url": "tools-home-improvement--power-hand-tools--power-tool-accessories--stands-mobile-bases.json"}, {"names": "Fastening Tool Accessories", "count": 820, "children": [{"names": "Collated Fasteners", "count": 614, "children": [{"names": "Collated Nails", "count": 344, "url": "tools-home-improvement--power-hand-tools--power-tool-accessories--fastening-tool-accessories--collated-fasteners--collated-nails.json"}, {"names": "Staples", "count": 270, "url": "tools-home-improvement--power-hand-tools--power-tool-accessories--fastening-tool-accessories--collated-fasteners--staples.json"}]}, {"names": "Screwdriver Bits", "count": 206, "url": "tools-home-improvement--power-hand-tools--power-tool-accessories--fastening-tool-accessories--screwdriver-bits.json"}]}, {"names": "Jig Accessories", "count": 322, "url": "tools-home-improvement--power-hand-tools--power-tool-accessories--jig-accessories.json"}, {"names": "Air Tool Accessories", "count": 357, "url": "tools-home-improvement--power-hand-tools--power-tool-accessories--air-tool-accessories--air-compressor-accessories.json"}]}, {"names": "Welding & Soldering", "count": 981, "children": [{"names": "Welding & Soldering Accessories", "count": 740, "children": [{"names": "Soldering Accessories", "count": 491, "url": "tools-home-improvement--power-hand-tools--welding-soldering--welding-soldering-accessories--soldering-accessories.json"}, {"names": "Welding Accessories", "count": 249, "url": "tools-home-improvement--power-hand-tools--welding-soldering--welding-soldering-accessories--welding-accessories.json"}]}, {"names": "Soldering Equipment", "count": 241, "url": "tools-home-improvement--power-hand-tools--welding-soldering--soldering-equipment--soldering-guns-irons.json"}]}, {"names": "Tool Organizers", "count": 750, "children": [{"names": "Tool Bags", "count": 476, "url": "tools-home-improvement--power-hand-tools--tool-organizers--tool-bags.json"}, {"names": "Tool Boxes", "count": 274, "url": "tools-home-improvement--power-hand-tools--tool-organizers--tool-boxes.json"}]}, {"names": "Measuring & Layout Tools", "count": 1100, "children": [{"names": "Tape Measures", "count": 436, "url": "tools-home-improvement--power-hand-tools--measuring-layout-tools--tape-measures.json"}, {"names": "Levels", "count": 462, "url": "tools-home-improvement--power-hand-tools--measuring-layout-tools--levels.json"}, {"names": "Carpentry Squares", "count": 202, "url": "tools-home-improvement--power-hand-tools--measuring-layout-tools--carpentry-squares.json"}]}]}, {"names": "Kitchen & Bath Fixtures", "count": 3284, "children": [{"names": "Bathroom Fixtures", "count": 2549, "children": [{"names": "Bathtub Faucets & Showerheads", "count": 1269, "children": [{"names": "Bathtub & Shower Systems", "count": 359, "url": "tools-home-improvement--kitchen-bath-fixtures--bathroom-fixtures--bathtub-faucets-showerheads--bathtub-shower-systems.json"}, {"names": "Showerheads", "count": 910, "children": [{"names": "Handheld Showerheads", "count": 410, "url": "tools-home-improvement--kitchen-bath-fixtures--bathroom-fixtures--bathtub-faucets-showerheads--showerheads--handheld-showerheads.json"}, {"names": "Fixed Showerheads", "count": 500, "url": "tools-home-improvement--kitchen-bath-fixtures--bathroom-fixtures--bathtub-faucets-showerheads--showerheads--fixed-showerheads.json"}]}]}, {"names": "Bathroom Sinks", "count": 457, "url": "tools-home-improvement--kitchen-bath-fixtures--bathroom-fixtures--bathroom-sinks--vessel-sinks.json"}, {"names": "Toilets & Toilet Parts", "count": 466, "children": [{"names": "Toilets", "count": 203, "url": "tools-home-improvement--kitchen-bath-fixtures--bathroom-fixtures--toilets-toilet-parts--toilets.json"}, {"names": "Toilet Seats", "count": 263, "url": "tools-home-improvement--kitchen-bath-fixtures--bathroom-fixtures--toilets-toilet-parts--toilet-seats.json"}]}, {"names": "Bathroom Sink Faucets", "count": 357, "url": "tools-home-improvement--kitchen-bath-fixtures--bathroom-fixtures--bathroom-sink-faucets.json"}]}, {"names": "Kitchen Fixtures", "count": 735, "children": [{"names": "Kitchen Faucets", "count": 439, "url": "tools-home-improvement--kitchen-bath-fixtures--kitchen-fixtures--kitchen-faucets.json"}, {"names": "Kitchen Sink Accessories", "count": 296, "url": "tools-home-improvement--kitchen-bath-fixtures--kitchen-fixtures--kitchen-sink-accessories.json"}]}]}, {"names": "Building Supplies", "count": 3770, "children": [{"names": "Job Site Lighting", "count": 228, "url": "tools-home-improvement--building-supplies--job-site-lighting.json"}, {"names": "Heating & Cooling", "count": 2266, "children": [{"names": "Ducting", "count": 221, "url": "tools-home-improvement--building-supplies--heating-cooling--ducting.json"}, {"names": "Heaters & Accessories", "count": 240, "url": "tools-home-improvement--building-supplies--heating-cooling--heaters-accessories.json"}, {"names": "Ventilation Fans", "count": 451, "url": "tools-home-improvement--building-supplies--heating-cooling--ventilation-fans.json"}, {"names": "Furnace Parts & Accessories", "count": 295, "url": "tools-home-improvement--building-supplies--heating-cooling--furnace-parts-accessories.json"}, {"names": "Weatherproofing", "count": 333, "url": "tools-home-improvement--building-supplies--heating-cooling--weatherproofing.json"}, {"names": "Registers, Grilles & Vents", "count": 230, "url": "tools-home-improvement--building-supplies--heating-cooling--registers-grilles-vents.json"}, {"names": "Thermostats & Accessories", "count": 496, "url": "tools-home-improvement--building-supplies--heating-cooling--thermostats-accessories.json"}]}, {"names": "Building Materials", "count": 808, "children": [{"names": "Raw Building Materials", "count": 247, "url": "tools-home-improvement--building-supplies--building-materials--raw-building-materials.json"}, {"names": "Doors", "count": 244, "url": "tools-home-improvement--building-supplies--building-materials--doors--garage-doors-openers-parts--keypads-remotes.json"}, {"names": "Roofing", "count": 317, "url": "tools-home-improvement--building-supplies--building-materials--roofing.json"}]}, {"names": "Ladders", "count": 468, "url": "tools-home-improvement--building-supplies--ladders.json"}]}, {"names": "Electrical", "count": 6133, "children": [{"names": "Light Bulbs", "count": 1989, "children": [{"names": "LED Bulbs", "count": 329, "url": "tools-home-improvement--electrical--light-bulbs--led-bulbs.json"}, {"names": "Incandescent Bulbs", "count": 402, "url": "tools-home-improvement--electrical--light-bulbs--incandescent-bulbs.json"}, {"names": "Halogen Bulbs", "count": 452, "url": "tools-home-improvement--electrical--light-bulbs--halogen-bulbs.json"}, {"names": "Compact Fluorescent Bulbs", "count": 433, "url": "tools-home-improvement--electrical--light-bulbs--compact-fluorescent-bulbs.json"}, {"names": "Fluorescent Tubes", "count": 373, "url": "tools-home-improvement--electrical--light-bulbs--fluorescent-tubes.json"}]}, {"names": "Testers", "count": 475, "children": [{"names": "Multi Testers", "count": 248, "url": "tools-home-improvement--electrical--testers--multi-testers.json"}, {"names": "Voltage Testers", "count": 227, "url": "tools-home-improvement--electrical--testers--voltage-testers.json"}]}, {"names": "Breakers, Load Centers & Fuses", "count": 319, "url": "tools-home-improvement--electrical--breakers-load-centers-fuses--circuit-breakers.json"}, {"names": "Electric Motors", "count": 380, "url": "tools-home-improvement--electrical--electric-motors.json"}, {"names": "Door Chimes & Bells", "count": 259, "url": "tools-home-improvement--electrical--door-chimes-bells--push-buttons.json"}, {"names": "Switches", "count": 1093, "children": [{"names": "Light Switches", "count": 385, "url": "tools-home-improvement--electrical--switches--wall-switches--light-switches.json"}, {"names": "Timer Switches", "count": 227, "url": "tools-home-improvement--electrical--switches--wall-switches--timer-switches.json"}, {"names": "Dimmer Switches", "count": 481, "url": "tools-home-improvement--electrical--switches--wall-switches--dimmer-switches.json"}]}, {"names": "Cords, Adapters & Multi-Outlets", "count": 203, "url": "tools-home-improvement--electrical--cords-adapters-multi-outlets--extension-cords.json"}, {"names": "Wall Plates & Accessories", "count": 363, "url": "tools-home-improvement--electrical--wall-plates-accessories.json"}, {"names": "Recessed Lighting", "count": 255, "url": "tools-home-improvement--electrical--recessed-lighting.json"}, {"names": "Electrical Wire", "count": 208, "url": "tools-home-improvement--electrical--electrical-wire.json"}, {"names": "Light Sockets", "count": 368, "url": "tools-home-improvement--electrical--light-sockets.json"}, {"names": "Plugs", "count": 221, "url": "tools-home-improvement--electrical--plugs.json"}]}, {"names": "Painting Supplies & Wall Treatments", "count": 2753, "children": [{"names": "Prep Materials", "count": 337, "url": "tools-home-improvement--painting-supplies-wall-treatments--prep-materials.json"}, {"names": "Wallpaper Borders", "count": 215, "url": "tools-home-improvement--painting-supplies-wall-treatments--wallpaper-borders.json"}, {"names": "Wallpaper", "count": 207, "url": "tools-home-improvement--painting-supplies-wall-treatments--wallpaper.json"}, {"names": "Paint Rollers", "count": 301, "url": "tools-home-improvement--painting-supplies-wall-treatments--paint-rollers.json"}, {"names": "Wall Stickers & Murals", "count": 426, "url": "tools-home-improvement--painting-supplies-wall-treatments--wall-stickers-murals.json"}, {"names": "Paint, Stain & Solvents", "count": 686, "children": [{"names": "Stain", "count": 331, "url": "tools-home-improvement--painting-supplies-wall-treatments--paint-stain-solvents--stain.json"}, {"names": "Spray Paint", "count": 355, "url": "tools-home-improvement--painting-supplies-wall-treatments--paint-stain-solvents--spray-paint.json"}]}, {"names": "Paintbrushes", "count": 220, "url": "tools-home-improvement--painting-supplies-wall-treatments--paintbrushes.json"}, {"names": "Paint Sprayers", "count": 361, "url": "tools-home-improvement--painting-supplies-wall-treatments--paint-sprayers.json"}]}, {"names": "Hardware", "count": 5826, "children": [{"names": "Cabinet Hardware", "count": 1353, "children": [{"names": "Drawer Slides", "count": 271, "url": "tools-home-improvement--hardware--cabinet-hardware--drawer-slides.json"}, {"names": "Pulls", "count": 300, "url": "tools-home-improvement--hardware--cabinet-hardware--pulls.json"}, {"names": "Hinges", "count": 428, "url": "tools-home-improvement--hardware--cabinet-hardware--hinges.json"}, {"names": "Knobs", "count": 354, "url": "tools-home-improvement--hardware--cabinet-hardware--knobs.json"}]}, {"names": "Nails, Screws & Fasteners", "count": 286, "url": "tools-home-improvement--hardware--nails-screws-fasteners--picture-hangers.json"}, {"names": "Door Hardware & Locks", "count": 1915, "children": [{"names": "Doorknobs", "count": 467, "url": "tools-home-improvement--hardware--door-hardware-locks--doorknobs.json"}, {"names": "Hinges", "count": 319, "url": "tools-home-improvement--hardware--door-hardware-locks--hinges.json"}, {"names": "Door Levers", "count": 292, "url": "tools-home-improvement--hardware--door-hardware-locks--door-levers.json"}, {"names": "Screen Door Hardware", "count": 305, "url": "tools-home-improvement--hardware--door-hardware-locks--screen-door-hardware.json"}, {"names": "Dead Bolts", "count": 274, "url": "tools-home-improvement--hardware--door-hardware-locks--dead-bolts.json"}, {"names": "Handlesets", "count": 258, "url": "tools-home-improvement--hardware--door-hardware-locks--handlesets.json"}]}, {"names": "Mailboxes", "count": 354, "url": "tools-home-improvement--hardware--mailboxes.json"}, {"names": "Gate Hardware", "count": 233, "url": "tools-home-improvement--hardware--gate-hardware.json"}, {"names": "Furniture Hardware", "count": 262, "url": "tools-home-improvement--hardware--furniture-hardware--furniture-pads.json"}, {"names": "Padlocks & Hasps", "count": 280, "url": "tools-home-improvement--hardware--padlocks-hasps--keyed-padlocks.json"}, {"names": "Shelf Brackets & Supports", "count": 207, "url": "tools-home-improvement--hardware--shelf-brackets-supports.json"}, {"names": "Tarps & Tie-Downs", "count": 542, "children": [{"names": "Tarps", "count": 206, "url": "tools-home-improvement--hardware--tarps-tie-downs--tarps.json"}, {"names": "Rope", "count": 336, "url": "tools-home-improvement--hardware--tarps-tie-downs--rope.json"}]}, {"names": "Bathroom Hardware", "count": 394, "url": "tools-home-improvement--hardware--bathroom-hardware--towel-bars.json"}]}, {"names": "Rough Plumbing", "count": 1034, "children": [{"names": "Water Pumps & Accessories", "count": 288, "url": "tools-home-improvement--rough-plumbing--water-pumps-accessories--sump-pumps.json"}, {"names": "Pipes, Pipe Fittings & Accessories", "count": 475, "url": "tools-home-improvement--rough-plumbing--pipes-pipe-fittings-accessories--pipe-fittings.json"}, {"names": "Water Heaters & Parts", "count": 271, "url": "tools-home-improvement--rough-plumbing--water-heaters-parts--water-heaters.json"}]}, {"names": "Lighting & Ceiling Fans", "count": 5414, "children": [{"names": "Novelty Lighting", "count": 206, "url": "tools-home-improvement--lighting-ceiling-fans--novelty-lighting--paper-lanterns.json"}, {"names": "Wall Lights", "count": 1295, "children": [{"names": "Night Lights", "count": 307, "url": "tools-home-improvement--lighting-ceiling-fans--wall-lights--night-lights.json"}, {"names": "Vanity Lights", "count": 229, "url": "tools-home-improvement--lighting-ceiling-fans--wall-lights--vanity-lights.json"}, {"names": "Under-Cabinet Lights", "count": 344, "url": "tools-home-improvement--lighting-ceiling-fans--wall-lights--under-cabinet-lights.json"}, {"names": "Wall Lamps & Sconces", "count": 415, "url": "tools-home-improvement--lighting-ceiling-fans--wall-lights--wall-lamps-sconces.json"}]}, {"names": "Ceiling Lights", "count": 472, "children": [{"names": "Close To Ceiling Lights", "count": 252, "url": "tools-home-improvement--lighting-ceiling-fans--ceiling-lights--close-to-ceiling-lights.json"}, {"names": "Chandeliers", "count": 220, "url": "tools-home-improvement--lighting-ceiling-fans--ceiling-lights--chandeliers.json"}]}, {"names": "Lamps & Shades", "count": 1560, "children": [{"names": "Floor Lamps", "count": 362, "url": "tools-home-improvement--lighting-ceiling-fans--lamps-shades--floor-lamps.json"}, {"names": "Lamp Shades", "count": 500, "url": "tools-home-improvement--lighting-ceiling-fans--lamps-shades--lamp-shades.json"}, {"names": "Desk Lamps", "count": 261, "url": "tools-home-improvement--lighting-ceiling-fans--lamps-shades--desk-lamps.json"}, {"names": "Table Lamps", "count": 437, "url": "tools-home-improvement--lighting-ceiling-fans--lamps-shades--table-lamps.json"}]}, {"names": "Outdoor Lighting", "count": 1280, "children": [{"names": "Porch & Patio Lights", "count": 500, "url": "tools-home-improvement--lighting-ceiling-fans--outdoor-lighting--porch-patio-lights.json"}, {"names": "Landscape Lighting", "count": 356, "url": "tools-home-improvement--lighting-ceiling-fans--outdoor-lighting--landscape-lighting--path-lights.json"}, {"names": "Flood & Security Lights", "count": 424, "url": "tools-home-improvement--lighting-ceiling-fans--outdoor-lighting--flood-security-lights.json"}]}, {"names": "Lighting Accessories", "count": 217, "url": "tools-home-improvement--lighting-ceiling-fans--lighting-accessories.json"}, {"names": "Ceiling Fans & Accessories", "count": 384, "url": "tools-home-improvement--lighting-ceiling-fans--ceiling-fans-accessories--ceiling-fans.json"}]}, {"names": "Safety & Security", "count": 2958, "children": [{"names": "Safes", "count": 276, "url": "tools-home-improvement--safety-security--safes.json"}, {"names": "Personal Protective Equipment", "count": 2235, "children": [{"names": "Hand & Arm Protection", "count": 464, "url": "tools-home-improvement--safety-security--personal-protective-equipment--hand-arm-protection.json"}, {"names": "Eye Protection", "count": 432, "url": "tools-home-improvement--safety-security--personal-protective-equipment--eye-protection.json"}, {"names": "Ergonomic Supports", "count": 217, "url": "tools-home-improvement--safety-security--personal-protective-equipment--ergonomic-supports.json"}, {"names": "Respiratory Protection", "count": 225, "url": "tools-home-improvement--safety-security--personal-protective-equipment--respiratory-protection.json"}, {"names": "Head Protection", "count": 496, "children": [{"names": "Welding Helmets", "count": 261, "url": "tools-home-improvement--safety-security--personal-protective-equipment--head-protection--welding-helmets.json"}, {"names": "Hard Hats", "count": 235, "url": "tools-home-improvement--safety-security--personal-protective-equipment--head-protection--hard-hats.json"}]}, {"names": "Protective Workwear", "count": 401, "url": "tools-home-improvement--safety-security--personal-protective-equipment--protective-workwear.json"}]}, {"names": "Fire Safety", "count": 447, "url": "tools-home-improvement--safety-security--fire-safety.json"}]}, {"names": "Storage & Home Organization", "count": 418, "url": "tools-home-improvement--storage-home-organization.json"}]}, {"names": "Electronics", "count": 63925, "children": [{"names": "Computers & Accessories", "count": 21172, "children": [{"names": "Data Storage", "count": 1620, "children": [{"names": "USB Flash Drives", "count": 397, "url": "electronics--computers-accessories--data-storage--usb-flash-drives.json"}, {"names": "Internal Solid State Drives", "count": 273, "url": "electronics--computers-accessories--data-storage--internal-solid-state-drives.json"}, {"names": "External Hard Drives", "count": 357, "url": "electronics--computers-accessories--data-storage--external-hard-drives.json"}, {"names": "Internal Hard Drives", "count": 236, "url": "electronics--computers-accessories--data-storage--internal-hard-drives.json"}, {"names": "Network Attached Storage", "count": 357, "url": "electronics--computers-accessories--data-storage--network-attached-storage.json"}]}, {"names": "Cables & Accessories", "count": 7425, "children": [{"names": "Keyboard & Mice Accessories", "count": 358, "url": "electronics--computers-accessories--cables-accessories--keyboard-mice-accessories.json"}, {"names": "Memory Cards", "count": 1176, "children": [{"names": "CompactFlash Cards", "count": 380, "url": "electronics--computers-accessories--cables-accessories--memory-cards--compactflash-cards.json"}, {"names": "Micro SD Cards", "count": 296, "url": "electronics--computers-accessories--cables-accessories--memory-cards--micro-sd-cards.json"}, {"names": "SD & SDHC Cards", "count": 500, "url": "electronics--computers-accessories--cables-accessories--memory-cards--sd-sdhc-cards.json"}]}, {"names": "Cables & Interconnects", "count": 1593, "children": [{"names": "SATA Cables", "count": 465, "url": "electronics--computers-accessories--cables-accessories--cables-interconnects--sata-cables.json"}, {"names": "Ethernet Cables", "count": 494, "url": "electronics--computers-accessories--cables-accessories--cables-interconnects--ethernet-cables.json"}, {"names": "USB Cables", "count": 397, "url": "electronics--computers-accessories--cables-accessories--cables-interconnects--usb-cables.json"}, {"names": "Firewire Cables", "count": 237, "url": "electronics--computers-accessories--cables-accessories--cables-interconnects--firewire-cables.json"}]}, {"names": "Surge Protectors", "count": 312, "url": "electronics--computers-accessories--cables-accessories--surge-protectors.json"}, {"names": "Hard Drive Enclosures", "count": 473, "url": "electronics--computers-accessories--cables-accessories--hard-drive-enclosures.json"}, {"names": "Mice", "count": 321, "url": "electronics--computers-accessories--cables-accessories--mice.json"}, {"names": "Input Devices", "count": 212, "url": "electronics--computers-accessories--cables-accessories--input-devices--graphics-tablets.json"}, {"names": "Memory Card Readers", "count": 313, "url": "electronics--computers-accessories--cables-accessories--memory-card-readers.json"}, {"names": "Hard Drive Bags", "count": 203, "url": "electronics--computers-accessories--cables-accessories--hard-drive-bags.json"}, {"names": "Uninterrupted Power Supply (UPS)", "count": 215, "url": "electronics--computers-accessories--cables-accessories--uninterrupted-power-supply-ups.json"}, {"names": "Keyboards", "count": 392, "url": "electronics--computers-accessories--cables-accessories--keyboards.json"}, {"names": "Headsets & Microphones", "count": 220, "url": "electronics--computers-accessories--cables-accessories--headsets-microphones--pc-headsets.json"}, {"names": "Keyboard & Mouse Combos", "count": 500, "url": "electronics--computers-accessories--cables-accessories--keyboard-mouse-combos.json"}, {"names": "Cleaning & Repair", "count": 203, "url": "electronics--computers-accessories--cables-accessories--cleaning-repair.json"}, {"names": "Computer Cable Adapters", "count": 246, "url": "electronics--computers-accessories--cables-accessories--computer-cable-adapters.json"}, {"names": "Video Projector Accessories", "count": 280, "url": "electronics--computers-accessories--cables-accessories--video-projector-accessories.json"}, {"names": "Computer Speakers", "count": 408, "url": "electronics--computers-accessories--cables-accessories--computer-speakers.json"}]}, {"names": "Laptop & Netbook Computer Accessories", "count": 2721, "children": [{"names": "Bags & Cases", "count": 866, "children": [{"names": "Sleeves & Slipcases", "count": 213, "url": "electronics--computers-accessories--laptop-netbook-computer-accessories--bags-cases--sleeves-slipcases.json"}, {"names": "Backpacks", "count": 215, "url": "electronics--computers-accessories--laptop-netbook-computer-accessories--bags-cases--backpacks.json"}, {"names": "Messenger Bags", "count": 205, "url": "electronics--computers-accessories--laptop-netbook-computer-accessories--bags-cases--messenger-bags.json"}, {"names": "Folio Cases", "count": 233, "url": "electronics--computers-accessories--laptop-netbook-computer-accessories--bags-cases--folio-cases.json"}]}, {"names": "Screen Protectors", "count": 288, "url": "electronics--computers-accessories--laptop-netbook-computer-accessories--screen-protectors.json"}, {"names": "Batteries", "count": 349, "url": "electronics--computers-accessories--laptop-netbook-computer-accessories--batteries.json"}, {"names": "Chargers & Adapters", "count": 233, "url": "electronics--computers-accessories--laptop-netbook-computer-accessories--chargers-adapters.json"}, {"names": "Replacement Screens", "count": 294, "url": "electronics--computers-accessories--laptop-netbook-computer-accessories--replacement-screens.json"}, {"names": "Skins & Decals", "count": 393, "url": "electronics--computers-accessories--laptop-netbook-computer-accessories--skins-decals.json"}, {"names": "Docking Stations", "count": 298, "url": "electronics--computers-accessories--laptop-netbook-computer-accessories--docking-stations.json"}]}, {"names": "External Components", "count": 667, "children": [{"names": "Optical Drives", "count": 282, "url": "electronics--computers-accessories--external-components--optical-drives--dvd-drives.json"}, {"names": "KVM Switches", "count": 385, "url": "electronics--computers-accessories--external-components--kvm-switches.json"}]}, {"names": "Touch Screen Tablet Accessories", "count": 1718, "children": [{"names": "Screen Protectors", "count": 321, "url": "electronics--computers-accessories--touch-screen-tablet-accessories--screen-protectors.json"}, {"names": "Skins & Decals", "count": 227, "url": "electronics--computers-accessories--touch-screen-tablet-accessories--skins-decals.json"}, {"names": "Chargers & Adapters", "count": 243, "url": "electronics--computers-accessories--touch-screen-tablet-accessories--chargers-adapters.json"}, {"names": "Bundles", "count": 392, "url": "electronics--computers-accessories--touch-screen-tablet-accessories--bundles.json"}, {"names": "Cases & Sleeves", "count": 306, "url": "electronics--computers-accessories--touch-screen-tablet-accessories--cases-sleeves--cases.json"}, {"names": "Stands", "count": 229, "url": "electronics--computers-accessories--touch-screen-tablet-accessories--stands.json"}]}, {"names": "Networking Products", "count": 1684, "children": [{"names": "Switches", "count": 216, "url": "electronics--computers-accessories--networking-products--switches.json"}, {"names": "Network Antennas", "count": 202, "url": "electronics--computers-accessories--networking-products--network-antennas.json"}, {"names": "Hubs", "count": 272, "url": "electronics--computers-accessories--networking-products--hubs.json"}, {"names": "Wireless Access Points", "count": 305, "url": "electronics--computers-accessories--networking-products--wireless-access-points.json"}, {"names": "Network Adapters", "count": 370, "url": "electronics--computers-accessories--networking-products--network-adapters--usb-network-adapters.json"}, {"names": "Modems", "count": 319, "url": "electronics--computers-accessories--networking-products--modems.json"}]}, {"names": "Computer Components", "count": 3357, "children": [{"names": "Internal Optical Drives", "count": 444, "url": "electronics--computers-accessories--computer-components--internal-optical-drives.json"}, {"names": "Motherboards", "count": 273, "url": "electronics--computers-accessories--computer-components--motherboards.json"}, {"names": "Network Cards", "count": 250, "url": "electronics--computers-accessories--computer-components--network-cards.json"}, {"names": "Fans & Cooling", "count": 1112, "children": [{"names": "CPU Cooling Fans", "count": 409, "url": "electronics--computers-accessories--computer-components--fans-cooling--cpu-cooling-fans.json"}, {"names": "Case Fans", "count": 449, "url": "electronics--computers-accessories--computer-components--fans-cooling--case-fans.json"}, {"names": "Heatsinks", "count": 254, "url": "electronics--computers-accessories--computer-components--fans-cooling--heatsinks.json"}]}, {"names": "Memory", "count": 467, "url": "electronics--computers-accessories--computer-components--memory.json"}, {"names": "CPU Processors", "count": 217, "url": "electronics--computers-accessories--computer-components--cpu-processors.json"}, {"names": "Power Supplies", "count": 347, "url": "electronics--computers-accessories--computer-components--power-supplies.json"}, {"names": "Graphics Cards", "count": 247, "url": "electronics--computers-accessories--computer-components--graphics-cards.json"}]}, {"names": "Webcams", "count": 473, "url": "electronics--computers-accessories--webcams.json"}, {"names": "Monitors", "count": 210, "url": "electronics--computers-accessories--monitors.json"}, {"names": "Routers", "count": 352, "url": "electronics--computers-accessories--routers.json"}, {"names": "Video Projectors", "count": 253, "url": "electronics--computers-accessories--video-projectors.json"}, {"names": "Tablets", "count": 208, "url": "electronics--computers-accessories--tablets.json"}, {"names": "Desktops", "count": 484, "url": "electronics--computers-accessories--desktops.json"}]}, {"names": "Camera & Photo", "count": 16240, "children": [{"names": "Bags & Cases", "count": 1105, "children": [{"names": "Camera Cases", "count": 470, "url": "electronics--camera-photo--bags-cases--camera-cases.json"}, {"names": "Bag & Case Accessories", "count": 424, "url": "electronics--camera-photo--bags-cases--bag-case-accessories.json"}, {"names": "Binocular, Camera & Camcorder Straps", "count": 211, "url": "electronics--camera-photo--bags-cases--binocular-camera-camcorder-straps.json"}]}, {"names": "Binoculars & Scopes", "count": 739, "children": [{"names": "Binoculars", "count": 500, "url": "electronics--camera-photo--binoculars-scopes--binoculars.json"}, {"names": "Telescopes", "count": 239, "url": "electronics--camera-photo--binoculars-scopes--telescopes.json"}]}, {"names": "Digital Cameras", "count": 1081, "children": [{"names": "Point & Shoot Digital Cameras", "count": 269, "url": "electronics--camera-photo--digital-cameras--point-shoot-digital-cameras.json"}, {"names": "Point & Shoot Digital Camera Bundles", "count": 238, "url": "electronics--camera-photo--digital-cameras--point-shoot-digital-camera-bundles.json"}, {"names": "Digital SLR Camera Bundles", "count": 361, "url": "electronics--camera-photo--digital-cameras--digital-slr-camera-bundles.json"}, {"names": "Digital SLR Cameras", "count": 213, "url": "electronics--camera-photo--digital-cameras--digital-slr-cameras.json"}]}, {"names": "Accessories", "count": 7234, "children": [{"names": "Digital Camera Accessories", "count": 1235, "children": [{"names": "Accessory Kits", "count": 251, "url": "electronics--camera-photo--accessories--digital-camera-accessories--accessory-kits.json"}, {"names": "Screen Protector Foils", "count": 207, "url": "electronics--camera-photo--accessories--digital-camera-accessories--screen-protector-foils.json"}, {"names": "Shutter Release Cords", "count": 368, "url": "electronics--camera-photo--accessories--digital-camera-accessories--shutter-release-cords.json"}, {"names": "Battery Grips", "count": 409, "url": "electronics--camera-photo--accessories--digital-camera-accessories--battery-grips.json"}]}, {"names": "Tripod & Monopod Accessories", "count": 204, "url": "electronics--camera-photo--accessories--tripod-monopod-accessories.json"}, {"names": "Remote Controls", "count": 218, "url": "electronics--camera-photo--accessories--remote-controls.json"}, {"names": "Telescope & Microscope Accessories", "count": 215, "url": "electronics--camera-photo--accessories--telescope-microscope-accessories.json"}, {"names": "Flash Accessories", "count": 311, "url": "electronics--camera-photo--accessories--flash-accessories--diffusers.json"}, {"names": "Batteries & Chargers", "count": 1809, "children": [{"names": "Batteries", "count": 723, "children": [{"names": "Camera Batteries", "count": 474, "url": "electronics--camera-photo--accessories--batteries-chargers--batteries--camera-batteries.json"}, {"names": "Camcorder Batteries", "count": 249, "url": "electronics--camera-photo--accessories--batteries-chargers--batteries--camcorder-batteries.json"}]}, {"names": "Battery Chargers", "count": 627, "children": [{"names": "Camcorder", "count": 359, "url": "electronics--camera-photo--accessories--batteries-chargers--battery-chargers--camcorder.json"}, {"names": "Camera", "count": 268, "url": "electronics--camera-photo--accessories--batteries-chargers--battery-chargers--camera.json"}]}, {"names": "Adapters", "count": 459, "url": "electronics--camera-photo--accessories--batteries-chargers--adapters.json"}]}, {"names": "Professional Video Accessories", "count": 575, "children": [{"names": "Microphones", "count": 217, "url": "electronics--camera-photo--accessories--professional-video-accessories--microphones.json"}, {"names": "Stabilizers", "count": 358, "url": "electronics--camera-photo--accessories--professional-video-accessories--stabilizers.json"}]}, {"names": "Lens Accessories", "count": 890, "children": [{"names": "Adapters & Converters", "count": 285, "url": "electronics--camera-photo--accessories--lens-accessories--adapters-converters.json"}, {"names": "Lens Hoods", "count": 336, "url": "electronics--camera-photo--accessories--lens-accessories--lens-hoods.json"}, {"names": "Lens Caps", "count": 269, "url": "electronics--camera-photo--accessories--lens-accessories--lens-caps.json"}]}, {"names": "Cables & Cords", "count": 213, "url": "electronics--camera-photo--accessories--cables-cords.json"}, {"names": "Filters & Accessories", "count": 1175, "children": [{"names": "Polarizing Filters", "count": 348, "url": "electronics--camera-photo--accessories--filters-accessories--polarizing-filters.json"}, {"names": "Skylight & UV Filters", "count": 459, "url": "electronics--camera-photo--accessories--filters-accessories--skylight-uv-filters.json"}, {"names": "Neutral Density Filters", "count": 368, "url": "electronics--camera-photo--accessories--filters-accessories--neutral-density-filters.json"}]}, {"names": "Cleaning Equipment", "count": 389, "url": "electronics--camera-photo--accessories--cleaning-equipment.json"}]}, {"names": "Flashes", "count": 304, "url": "electronics--camera-photo--flashes.json"}, {"names": "Lighting & Studio", "count": 2078, "children": [{"names": "Photo Studio", "count": 813, "children": [{"names": "Backgrounds", "count": 331, "url": "electronics--camera-photo--lighting-studio--photo-studio--backgrounds.json"}, {"names": "Storage & Presentation Materials", "count": 482, "url": "electronics--camera-photo--lighting-studio--photo-studio--storage-presentation-materials--digital-picture-frames.json"}]}, {"names": "Lighting", "count": 1265, "children": [{"names": "Lighting Controls & Modifiers", "count": 1007, "children": [{"names": "Umbrellas", "count": 316, "url": "electronics--camera-photo--lighting-studio--lighting--lighting-controls-modifiers--umbrellas.json"}, {"names": "Reflectors", "count": 250, "url": "electronics--camera-photo--lighting-studio--lighting--lighting-controls-modifiers--reflectors.json"}, {"names": "Soft Boxes", "count": 441, "url": "electronics--camera-photo--lighting-studio--lighting--lighting-controls-modifiers--soft-boxes.json"}]}, {"names": "Booms & Stands", "count": 258, "url": "electronics--camera-photo--lighting-studio--lighting--booms-stands.json"}]}]}, {"names": "Lenses", "count": 261, "url": "electronics--camera-photo--lenses--camera-lenses.json"}, {"names": "Tripods & Monopods", "count": 1002, "children": [{"names": "Monopods", "count": 260, "url": "electronics--camera-photo--tripods-monopods--monopods.json"}, {"names": "Complete Tripods", "count": 422, "url": "electronics--camera-photo--tripods-monopods--complete-tripods.json"}, {"names": "Tripod Heads", "count": 320, "url": "electronics--camera-photo--tripods-monopods--tripod-heads.json"}]}, {"names": "Video Surveillance", "count": 1367, "children": [{"names": "Surveillance Cameras", "count": 1055, "children": [{"names": "Bullet Cameras", "count": 457, "url": "electronics--camera-photo--video-surveillance--surveillance-cameras--bullet-cameras.json"}, {"names": "Dome Cameras", "count": 370, "url": "electronics--camera-photo--video-surveillance--surveillance-cameras--dome-cameras.json"}, {"names": "Hidden Cameras", "count": 228, "url": "electronics--camera-photo--video-surveillance--surveillance-cameras--hidden-cameras.json"}]}, {"names": "Surveillance Systems", "count": 312, "url": "electronics--camera-photo--video-surveillance--surveillance-systems.json"}]}, {"names": "Video", "count": 248, "url": "electronics--camera-photo--video--camcorders.json"}, {"names": "Underwater Photography", "count": 235, "url": "electronics--camera-photo--underwater-photography--housings.json"}, {"names": "Film Photography", "count": 586, "children": [{"names": "Film Cameras", "count": 217, "url": "electronics--camera-photo--film-photography--film-cameras--instant-cameras.json"}, {"names": "Film", "count": 369, "url": "electronics--camera-photo--film-photography--film.json"}]}]}, {"names": "Security & Surveillance", "count": 1178, "children": [{"names": "Accessories", "count": 433, "url": "electronics--security-surveillance--accessories.json"}, {"names": "Surveillance Video Equipment", "count": 284, "url": "electronics--security-surveillance--surveillance-video-equipment.json"}, {"names": "Home Security Systems", "count": 461, "url": "electronics--security-surveillance--home-security-systems.json"}]}, {"names": "Portable Audio & Video", "count": 4754, "children": [{"names": "CB & Two-Way Radios", "count": 1168, "children": [{"names": "Two-Way Radios", "count": 393, "url": "electronics--portable-audio-video--cb-two-way-radios--two-way-radios.json"}, {"names": "Accessories", "count": 775, "children": [{"names": "Headsets & Microphones", "count": 461, "url": "electronics--portable-audio-video--cb-two-way-radios--accessories--headsets-microphones.json"}, {"names": "Batteries", "count": 314, "url": "electronics--portable-audio-video--cb-two-way-radios--accessories--batteries.json"}]}]}, {"names": "MP3 Players & Accessories", "count": 2281, "children": [{"names": "MP3 Player Accessories", "count": 1943, "children": [{"names": "Speaker Systems", "count": 266, "url": "electronics--portable-audio-video--mp3-players-accessories--mp3-player-accessories--speaker-systems.json"}, {"names": "Armbands", "count": 415, "url": "electronics--portable-audio-video--mp3-players-accessories--mp3-player-accessories--armbands.json"}, {"names": "Cases", "count": 274, "url": "electronics--portable-audio-video--mp3-players-accessories--mp3-player-accessories--cases.json"}, {"names": "Screen Protectors", "count": 264, "url": "electronics--portable-audio-video--mp3-players-accessories--mp3-player-accessories--screen-protectors.json"}, {"names": "FM Transmitters", "count": 216, "url": "electronics--portable-audio-video--mp3-players-accessories--mp3-player-accessories--fm-transmitters.json"}, {"names": "Batteries", "count": 219, "url": "electronics--portable-audio-video--mp3-players-accessories--mp3-player-accessories--batteries.json"}, {"names": "Docking Stations", "count": 289, "url": "electronics--portable-audio-video--mp3-players-accessories--mp3-player-accessories--docking-stations.json"}]}, {"names": "MP3 Players", "count": 338, "url": "electronics--portable-audio-video--mp3-players-accessories--mp3-players.json"}]}, {"names": "Portable CD Players", "count": 281, "url": "electronics--portable-audio-video--portable-cd-players.json"}, {"names": "Digital Voice Recorders", "count": 469, "url": "electronics--portable-audio-video--digital-voice-recorders.json"}, {"names": "Boomboxes", "count": 300, "url": "electronics--portable-audio-video--boomboxes.json"}, {"names": "Radios", "count": 255, "url": "electronics--portable-audio-video--radios--shortwave-radios.json"}]}, {"names": "Accessories & Supplies", "count": 10223, "children": [{"names": "Audio & Video Accessories", "count": 7709, "children": [{"names": "Distribution", "count": 584, "children": [{"names": "Wall Plates & Connectors", "count": 210, "url": "electronics--accessories-supplies--audio-video-accessories--distribution--wall-plates-connectors.json"}, {"names": "Selector Switch Boxes", "count": 374, "url": "electronics--accessories-supplies--audio-video-accessories--distribution--selector-switch-boxes.json"}]}, {"names": "Video Converters", "count": 436, "url": "electronics--accessories-supplies--audio-video-accessories--video-converters.json"}, {"names": "Headphones", "count": 261, "url": "electronics--accessories-supplies--audio-video-accessories--headphones.json"}, {"names": "3D Glasses", "count": 246, "url": "electronics--accessories-supplies--audio-video-accessories--3d-glasses.json"}, {"names": "Cleaning & Repair", "count": 412, "url": "electronics--accessories-supplies--audio-video-accessories--cleaning-repair.json"}, {"names": "Media Storage & Organization", "count": 910, "children": [{"names": "Disc Storage Wallets", "count": 348, "url": "electronics--accessories-supplies--audio-video-accessories--media-storage-organization--disc-storage-wallets.json"}, {"names": "DVD Cases", "count": 258, "url": "electronics--accessories-supplies--audio-video-accessories--media-storage-organization--dvd-cases.json"}, {"names": "Disc Jewel Cases", "count": 304, "url": "electronics--accessories-supplies--audio-video-accessories--media-storage-organization--disc-jewel-cases.json"}]}, {"names": "Satellite TV Equipment", "count": 255, "url": "electronics--accessories-supplies--audio-video-accessories--satellite-tv-equipment.json"}, {"names": "Remote Controls", "count": 254, "url": "electronics--accessories-supplies--audio-video-accessories--remote-controls--tv-remote-controls.json"}, {"names": "Headphone Accessories", "count": 535, "children": [{"names": "Earpads", "count": 262, "url": "electronics--accessories-supplies--audio-video-accessories--headphone-accessories--earpads.json"}, {"names": "Extension Cords", "count": 273, "url": "electronics--accessories-supplies--audio-video-accessories--headphone-accessories--extension-cords.json"}]}, {"names": "Cables & Interconnects", "count": 2611, "children": [{"names": "Video Cables", "count": 1033, "children": [{"names": "DVI Cables", "count": 268, "url": "electronics--accessories-supplies--audio-video-accessories--cables-interconnects--video-cables--dvi-cables.json"}, {"names": "HDMI Cables", "count": 431, "url": "electronics--accessories-supplies--audio-video-accessories--cables-interconnects--video-cables--hdmi-cables.json"}, {"names": "F-Pin-Coaxial Tip", "count": 334, "url": "electronics--accessories-supplies--audio-video-accessories--cables-interconnects--video-cables--f-pin-coaxial-tip.json"}]}, {"names": "Audio Cables", "count": 1330, "children": [{"names": "RCA Cables", "count": 203, "url": "electronics--accessories-supplies--audio-video-accessories--cables-interconnects--audio-cables--rca-cables.json"}, {"names": "Speaker Cables", "count": 235, "url": "electronics--accessories-supplies--audio-video-accessories--cables-interconnects--audio-cables--speaker-cables.json"}, {"names": "Fiber Optic Cables", "count": 392, "url": "electronics--accessories-supplies--audio-video-accessories--cables-interconnects--audio-cables--fiber-optic-cables.json"}, {"names": "Stereo Jack Cables", "count": 500, "url": "electronics--accessories-supplies--audio-video-accessories--cables-interconnects--audio-cables--stereo-jack-cables.json"}]}, {"names": "Power Cables", "count": 248, "url": "electronics--accessories-supplies--audio-video-accessories--cables-interconnects--power-cables.json"}]}, {"names": "TV Accessories & Parts", "count": 360, "url": "electronics--accessories-supplies--audio-video-accessories--tv-accessories-parts--tv-ceiling-wall-mounts.json"}, {"names": "Connectors & Adapters", "count": 368, "url": "electronics--accessories-supplies--audio-video-accessories--connectors-adapters.json"}, {"names": "Antennas", "count": 477, "url": "electronics--accessories-supplies--audio-video-accessories--antennas--tv-antennas.json"}]}, {"names": "Batteries, Chargers & Accessories", "count": 654, "children": [{"names": "Power Converters", "count": 424, "url": "electronics--accessories-supplies--batteries-chargers-accessories--power-converters.json"}, {"names": "AC Adapters", "count": 230, "url": "electronics--accessories-supplies--batteries-chargers-accessories--ac-adapters.json"}]}, {"names": "Blank Media", "count": 595, "children": [{"names": "CD-R Discs", "count": 310, "url": "electronics--accessories-supplies--blank-media--cd-r-discs.json"}, {"names": "DVD-R Discs", "count": 285, "url": "electronics--accessories-supplies--blank-media--dvd-r-discs.json"}]}, {"names": "Cord Management", "count": 269, "url": "electronics--accessories-supplies--cord-management.json"}, {"names": "Telephone Accessories", "count": 762, "children": [{"names": "Headsets", "count": 263, "url": "electronics--accessories-supplies--telephone-accessories--headsets.json"}, {"names": "Handset Cords", "count": 229, "url": "electronics--accessories-supplies--telephone-accessories--handset-cords.json"}, {"names": "Batteries", "count": 270, "url": "electronics--accessories-supplies--telephone-accessories--batteries.json"}]}, {"names": "Mounts", "count": 234, "url": "electronics--accessories-supplies--mounts--projector-mounts.json"}]}, {"names": "Car & Vehicle Electronics", "count": 3670, "children": [{"names": "Car Electronics", "count": 2585, "children": [{"names": "Car Safety & Security", "count": 218, "url": "electronics--car-vehicle-electronics--car-electronics--car-safety-security.json"}, {"names": "Car Video", "count": 413, "url": "electronics--car-vehicle-electronics--car-electronics--car-video--in-dash-dvd-video-receivers.json"}, {"names": "Car Audio", "count": 1954, "children": [{"names": "Car Stereo Receivers", "count": 255, "url": "electronics--car-vehicle-electronics--car-electronics--car-audio--car-stereo-receivers.json"}, {"names": "Speakers", "count": 207, "url": "electronics--car-vehicle-electronics--car-electronics--car-audio--speakers--coaxial-speakers.json"}, {"names": "Amplifiers", "count": 656, "children": [{"names": "Multichannel Amplifiers", "count": 293, "url": "electronics--car-vehicle-electronics--car-electronics--car-audio--amplifiers--multichannel-amplifiers.json"}, {"names": "Mono Amplifiers", "count": 363, "url": "electronics--car-vehicle-electronics--car-electronics--car-audio--amplifiers--mono-amplifiers.json"}]}, {"names": "Subwoofers", "count": 549, "children": [{"names": "Component Subwoofers", "count": 223, "url": "electronics--car-vehicle-electronics--car-electronics--car-audio--subwoofers--component-subwoofers.json"}, {"names": "Subwoofer Boxes and Enclosures", "count": 326, "url": "electronics--car-vehicle-electronics--car-electronics--car-audio--subwoofers--subwoofer-boxes-and-enclosures.json"}]}, {"names": "Satellite Radio", "count": 287, "url": "electronics--car-vehicle-electronics--car-electronics--car-audio--satellite-radio.json"}]}]}, {"names": "Vehicle Electronics Accessories", "count": 1085, "children": [{"names": "Radar Detectors", "count": 322, "url": "electronics--car-vehicle-electronics--vehicle-electronics-accessories--radar-detectors.json"}, {"names": "Audio & Video Accessories", "count": 763, "children": [{"names": "Antennas", "count": 500, "url": "electronics--car-vehicle-electronics--vehicle-electronics-accessories--audio-video-accessories--antennas.json"}, {"names": "Auxiliary Input Adapters", "count": 263, "url": "electronics--car-vehicle-electronics--vehicle-electronics-accessories--audio-video-accessories--auxiliary-input-adapters.json"}]}]}]}, {"names": "Television & Video", "count": 1689, "children": [{"names": "Blu-ray Players & Recorders", "count": 439, "url": "electronics--television-video--blu-ray-players-recorders.json"}, {"names": "DVD Players & Recorders", "count": 331, "url": "electronics--television-video--dvd-players-recorders--dvd-players.json"}, {"names": "Televisions", "count": 433, "children": [{"names": "LCD TVs", "count": 229, "url": "electronics--television-video--televisions--lcd-tvs.json"}, {"names": "LED TVs", "count": 204, "url": "electronics--television-video--televisions--led-tvs.json"}]}, {"names": "Home Theater Systems", "count": 231, "url": "electronics--television-video--home-theater-systems.json"}, {"names": "Satellite Television", "count": 255, "url": "electronics--television-video--satellite-television.json"}]}, {"names": "Home Audio", "count": 2487, "children": [{"names": "Stereo Components", "count": 2263, "children": [{"names": "Turntables", "count": 338, "url": "electronics--home-audio--stereo-components--turntables.json"}, {"names": "Speakers", "count": 1394, "children": [{"names": "Speaker Systems", "count": 492, "url": "electronics--home-audio--stereo-components--speakers--speaker-systems.json"}, {"names": "Soundbar Speakers", "count": 240, "url": "electronics--home-audio--stereo-components--speakers--soundbar-speakers.json"}, {"names": "Subwoofers", "count": 421, "url": "electronics--home-audio--stereo-components--speakers--subwoofers.json"}, {"names": "Bookshelf Speakers", "count": 241, "url": "electronics--home-audio--stereo-components--speakers--bookshelf-speakers.json"}]}, {"names": "Receivers & Amplifiers", "count": 531, "children": [{"names": "Component Receivers", "count": 222, "url": "electronics--home-audio--stereo-components--receivers-amplifiers--component-receivers.json"}, {"names": "Component Amplifiers", "count": 309, "url": "electronics--home-audio--stereo-components--receivers-amplifiers--component-amplifiers.json"}]}]}, {"names": "Compact Stereos", "count": 224, "url": "electronics--home-audio--compact-stereos.json"}]}, {"names": "GPS & Navigation", "count": 1782, "children": [{"names": "GPS System Accessories", "count": 1247, "children": [{"names": "Vehicle Mounts", "count": 488, "url": "electronics--gps-navigation--gps-system-accessories--vehicle-mounts.json"}, {"names": "Cases", "count": 432, "url": "electronics--gps-navigation--gps-system-accessories--cases.json"}, {"names": "Chargers & Cables", "count": 327, "url": "electronics--gps-navigation--gps-system-accessories--chargers-cables.json"}]}, {"names": "Vehicle GPS", "count": 270, "url": "electronics--gps-navigation--vehicle-gps.json"}, {"names": "Sports & Handheld GPS", "count": 265, "url": "electronics--gps-navigation--sports-handheld-gps--handheld-gps-units.json"}]}, {"names": "Electronics Warranties", "count": 484, "url": "electronics--electronics-warranties.json"}, {"names": "eBook Readers & Accessories", "count": 246, "url": "electronics--ebook-readers-accessories--covers.json"}]}, {"names": "Musical Instruments", "count": 15189, "children": [{"names": "Instrument Accessories", "count": 7372, "children": [{"names": "Guitar & Bass Accessories", "count": 4770, "children": [{"names": "Electric Guitar Parts", "count": 342, "url": "musical-instruments--instrument-accessories--guitar-bass-accessories--electric-guitar-parts--pickups-pickup-covers.json"}, {"names": "Amplifier Accessories", "count": 483, "url": "musical-instruments--instrument-accessories--guitar-bass-accessories--amplifier-accessories.json"}, {"names": "Strings", "count": 1152, "children": [{"names": "Bass Guitar Strings", "count": 276, "url": "musical-instruments--instrument-accessories--guitar-bass-accessories--strings--bass-guitar-strings.json"}, {"names": "Electric Guitar Strings", "count": 482, "url": "musical-instruments--instrument-accessories--guitar-bass-accessories--strings--electric-guitar-strings.json"}, {"names": "Acoustic Guitar Strings", "count": 394, "url": "musical-instruments--instrument-accessories--guitar-bass-accessories--strings--acoustic-guitar-strings.json"}]}, {"names": "Acoustic & Classical Guitar Parts", "count": 472, "url": "musical-instruments--instrument-accessories--guitar-bass-accessories--acoustic-classical-guitar-parts.json"}, {"names": "Straps & Strap Locks", "count": 477, "url": "musical-instruments--instrument-accessories--guitar-bass-accessories--straps-strap-locks.json"}, {"names": "Tuners", "count": 225, "url": "musical-instruments--instrument-accessories--guitar-bass-accessories--tuners.json"}, {"names": "Stands", "count": 337, "url": "musical-instruments--instrument-accessories--guitar-bass-accessories--stands.json"}, {"names": "Picks & Pick Holders", "count": 395, "url": "musical-instruments--instrument-accessories--guitar-bass-accessories--picks-pick-holders.json"}, {"names": "Bags & Cases", "count": 640, "children": [{"names": "Electric Guitar Bags & Cases", "count": 268, "url": "musical-instruments--instrument-accessories--guitar-bass-accessories--bags-cases--electric-guitar-bags-cases.json"}, {"names": "Acoustic & Classical Guitar Bags & Cases", "count": 372, "url": "musical-instruments--instrument-accessories--guitar-bass-accessories--bags-cases--acoustic-classical-guitar-bags-cases.json"}]}, {"names": "Capos", "count": 247, "url": "musical-instruments--instrument-accessories--guitar-bass-accessories--capos.json"}]}, {"names": "Drum & Percussion Accessories", "count": 873, "children": [{"names": "Drum Set Accessories", "count": 304, "url": "musical-instruments--instrument-accessories--drum-percussion-accessories--drum-set-accessories--drumheads.json"}, {"names": "Bags, Cases & Covers", "count": 326, "url": "musical-instruments--instrument-accessories--drum-percussion-accessories--bags-cases-covers.json"}, {"names": "Drumsticks, Mallets & Brushes", "count": 243, "url": "musical-instruments--instrument-accessories--drum-percussion-accessories--drumsticks-mallets-brushes--drumsticks.json"}]}, {"names": "General Accessories", "count": 349, "url": "musical-instruments--instrument-accessories--general-accessories--sheet-music-stands.json"}, {"names": "Brass Accessories", "count": 280, "url": "musical-instruments--instrument-accessories--brass-accessories.json"}, {"names": "Keyboard Accessories", "count": 239, "url": "musical-instruments--instrument-accessories--keyboard-accessories.json"}, {"names": "Orchestral Strings Accessories", "count": 861, "children": [{"names": "Strings", "count": 327, "url": "musical-instruments--instrument-accessories--orchestral-strings-accessories--strings.json"}, {"names": "Shoulder & Chin Rests", "count": 282, "url": "musical-instruments--instrument-accessories--orchestral-strings-accessories--shoulder-chin-rests.json"}, {"names": "Bows", "count": 252, "url": "musical-instruments--instrument-accessories--orchestral-strings-accessories--bows.json"}]}]}, {"names": "Bass Guitars", "count": 205, "url": "musical-instruments--bass-guitars.json"}, {"names": "Band & Orchestra", "count": 499, "children": [{"names": "Brass", "count": 203, "url": "musical-instruments--band-orchestra--brass.json"}, {"names": "Orchestral Strings", "count": 296, "url": "musical-instruments--band-orchestra--orchestral-strings.json"}]}, {"names": "Live Sound & Stage", "count": 1395, "children": [{"names": "Lighting Equipment & Accessories", "count": 290, "url": "musical-instruments--live-sound-stage--lighting-equipment-accessories.json"}, {"names": "Stage & Studio Cables", "count": 893, "children": [{"names": "Instrument Cables", "count": 484, "url": "musical-instruments--live-sound-stage--stage-studio-cables--instrument-cables.json"}, {"names": "Microphone Cables", "count": 409, "url": "musical-instruments--live-sound-stage--stage-studio-cables--microphone-cables.json"}]}, {"names": "Monitors, Speakers & Subwoofers", "count": 212, "url": "musical-instruments--live-sound-stage--monitors-speakers-subwoofers.json"}]}, {"names": "Drums & Percussion", "count": 1049, "children": [{"names": "Hand Percussion", "count": 241, "url": "musical-instruments--drums-percussion--hand-percussion--folk-world.json"}, {"names": "Folk & World Hand Drums", "count": 500, "url": "musical-instruments--drums-percussion--folk-world-hand-drums.json"}, {"names": "Drum Sets & Set Components", "count": 308, "url": "musical-instruments--drums-percussion--drum-sets-set-components--cymbals.json"}]}, {"names": "Amplifiers & Effects", "count": 444, "url": "musical-instruments--amplifiers-effects--guitar-bass-amplifiers--electric-guitar-amplifiers.json"}, {"names": "DJ, Electronic Music & Karaoke", "count": 574, "children": [{"names": "Karaoke Equipment", "count": 300, "url": "musical-instruments--dj-electronic-music-karaoke--karaoke-equipment.json"}, {"names": "DJ Equipment", "count": 274, "url": "musical-instruments--dj-electronic-music-karaoke--dj-equipment--accessories--bags-cases.json"}]}, {"names": "Guitars", "count": 1091, "children": [{"names": "Electric Guitars", "count": 476, "url": "musical-instruments--guitars--electric-guitars--solid-body.json"}, {"names": "Acoustic Guitars", "count": 277, "url": "musical-instruments--guitars--acoustic-guitars--steel-string-acoustics.json"}, {"names": "Acoustic-Electric Guitars", "count": 338, "url": "musical-instruments--guitars--acoustic-electric-guitars.json"}]}, {"names": "Microphones & Accessories", "count": 1681, "children": [{"names": "Microphones", "count": 1132, "children": [{"names": "Condenser Microphones", "count": 417, "url": "musical-instruments--microphones-accessories--microphones--condenser-microphones.json"}, {"names": "Wireless Microphones", "count": 404, "url": "musical-instruments--microphones-accessories--microphones--wireless-microphones--microphone-systems.json"}, {"names": "Dynamic Microphones", "count": 311, "url": "musical-instruments--microphones-accessories--microphones--dynamic-microphones.json"}]}, {"names": "Accessories", "count": 549, "children": [{"names": "Mic Stands", "count": 345, "url": "musical-instruments--microphones-accessories--accessories--mic-stands.json"}, {"names": "Windsreens & Pop Filters", "count": 204, "url": "musical-instruments--microphones-accessories--accessories--windsreens-pop-filters.json"}]}]}, {"names": "Studio Recording Equipment", "count": 537, "children": [{"names": "Computer Recording", "count": 291, "url": "musical-instruments--studio-recording-equipment--computer-recording--audio-interfaces.json"}, {"names": "Signal Processors", "count": 246, "url": "musical-instruments--studio-recording-equipment--signal-processors.json"}]}, {"names": "Keyboards", "count": 342, "url": "musical-instruments--keyboards--electronic-keyboards.json"}]}, {"names": "Cell Phones & Accessories", "count": 7743, "children": [{"names": "Cases", "count": 961, "children": [{"names": "Basic Cases", "count": 281, "url": "cell-phones-accessories--cases--basic-cases.json"}, {"names": "Holsters & Clips", "count": 245, "url": "cell-phones-accessories--cases--holsters-clips.json"}, {"names": "Armbands", "count": 435, "url": "cell-phones-accessories--cases--armbands.json"}]}, {"names": "Cell Phones", "count": 562, "children": [{"names": "No-Contract Cell Phones", "count": 237, "url": "cell-phones-accessories--cell-phones--no-contract-cell-phones.json"}, {"names": "Unlocked Cell Phones", "count": 325, "url": "cell-phones-accessories--cell-phones--unlocked-cell-phones.json"}]}, {"names": "Accessories", "count": 6220, "children": [{"names": "Signal Boosters", "count": 378, "url": "cell-phones-accessories--accessories--signal-boosters.json"}, {"names": "Data Cables", "count": 420, "url": "cell-phones-accessories--accessories--data-cables.json"}, {"names": "Batteries", "count": 1013, "children": [{"names": "Battery Charger Cases", "count": 244, "url": "cell-phones-accessories--accessories--batteries--battery-charger-cases.json"}, {"names": "Internal Batteries", "count": 302, "url": "cell-phones-accessories--accessories--batteries--internal-batteries.json"}, {"names": "External Battery Packs", "count": 467, "url": "cell-phones-accessories--accessories--batteries--external-battery-packs.json"}]}, {"names": "Replacement Parts", "count": 500, "url": "cell-phones-accessories--accessories--replacement-parts.json"}, {"names": "Audio Adapters", "count": 217, "url": "cell-phones-accessories--accessories--audio-adapters.json"}, {"names": "SIM Cards & Tools", "count": 390, "url": "cell-phones-accessories--accessories--sim-cards-tools.json"}, {"names": "Screen Protectors", "count": 411, "url": "cell-phones-accessories--accessories--screen-protectors.json"}, {"names": "Headsets", "count": 726, "children": [{"names": "Wired Headsets", "count": 292, "url": "cell-phones-accessories--accessories--headsets--wired-headsets.json"}, {"names": "Bluetooth Headsets", "count": 434, "url": "cell-phones-accessories--accessories--headsets--bluetooth-headsets.json"}]}, {"names": "Chargers", "count": 747, "children": [{"names": "Travel Chargers", "count": 426, "url": "cell-phones-accessories--accessories--chargers--travel-chargers.json"}, {"names": "Car Chargers", "count": 321, "url": "cell-phones-accessories--accessories--chargers--car-chargers.json"}]}, {"names": "Bluetooth Speakers", "count": 387, "url": "cell-phones-accessories--accessories--bluetooth-speakers.json"}, {"names": "Accessory Kits", "count": 263, "url": "cell-phones-accessories--accessories--accessory-kits.json"}, {"names": "Phone Charms", "count": 387, "url": "cell-phones-accessories--accessories--phone-charms.json"}, {"names": "Car Accessories", "count": 381, "url": "cell-phones-accessories--accessories--car-accessories--car-cradles-mounts--car-mounts.json"}]}]}, {"names": "Automotive", "count": 973, "children": [{"names": "Tools & Equipment", "count": 309, "url": "automotive--tools-equipment--jump-starters-battery-chargers-portable-power--power-inverters.json"}, {"names": "Interior Accessories", "count": 447, "url": "automotive--interior-accessories--antitheft--keyless-entry-systems.json"}, {"names": "Replacement Parts", "count": 217, "url": "automotive--replacement-parts--batteries-accessories--batteries.json"}]}], "names": "Amazon", "count": 137350}